Message,XPath,XML Tag,Type,MinOccurs,MaxOccurs
pacs.007.001.14,/Document,Document,Document,1,1
pacs.007.001.14,/Document/FIToFIPmtRvsl,FIToFIPmtRvsl,FIToFIPaymentReversalV14,1,1
pacs.007.001.14,/Document/FIToFIPmtRvsl/GrpHdr,GrpHdr,GroupHeader127,1,1
pacs.007.001.14,/Document/FIToFIPmtRvsl/GrpHdr/MsgId,MsgId,Max35Text,1,1
pacs.007.001.14,/Document/FIToFIPmtRvsl/GrpHdr/CreDtTm,CreDtTm,ISODateTime,1,1
pacs.007.001.14,/Document/FIToFIPmtRvsl/GrpHdr/Authstn,Authstn,Authorisation1Choice,0,2
pacs.007.001.14,/Document/FIToFIPmtRvsl/GrpHdr/Authstn/Cd,Cd,Authorisation1Code,1,1
pacs.007.001.14,/Document/FIToFIPmtRvsl/GrpHdr/Authstn/Prtry,Prtry,Max128Text,1,1
pacs.007.001.14,/Document/FIToFIPmtRvsl/GrpHdr/BtchBookg,BtchBookg,BatchBookingIndicator,0,1
pacs.007.001.14,/Document/FIToFIPmtRvsl/GrpHdr/NbOfTxs,NbOfTxs,Max15NumericText,1,1
pacs.007.001.14,/Document/FIToFIPmtRvsl/GrpHdr/CtrlSum,CtrlSum,DecimalNumber,0,1
pacs.007.001.14,/Document/FIToFIPmtRvsl/GrpHdr/GrpRvsl,GrpRvsl,TrueFalseIndicator,0,1
pacs.007.001.14,/Document/FIToFIPmtRvsl/GrpHdr/TtlRvsdIntrBkSttlmAmt,TtlRvsdIntrBkSttlmAmt,ActiveCurrencyAndAmount,0,1
pacs.007.001.14,/Document/FIToFIPmtRvsl/GrpHdr/IntrBkSttlmDt,IntrBkSttlmDt,ISODate,0,1
pacs.007.001.14,/Document/FIToFIPmtRvsl/GrpHdr/SttlmInf,SttlmInf,SettlementInstruction15,1,1
pacs.007.001.14,/Document/FIToFIPmtRvsl/GrpHdr/SttlmInf/SttlmMtd,SttlmMtd,SettlementMethod1Code,1,1
pacs.007.001.14,/Document/FIToFIPmtRvsl/GrpHdr/SttlmInf/SttlmAcct,SttlmAcct,CashAccount40,0,1
pacs.007.001.14,/Document/FIToFIPmtRvsl/GrpHdr/SttlmInf/SttlmAcct/Id,Id,AccountIdentification4Choice,0,1
pacs.007.001.14,/Document/FIToFIPmtRvsl/GrpHdr/SttlmInf/SttlmAcct/Id/IBAN,IBAN,IBAN2007Identifier,1,1
pacs.007.001.14,/Document/FIToFIPmtRvsl/GrpHdr/SttlmInf/SttlmAcct/Id/Othr,Othr,GenericAccountIdentification1,1,1
pacs.007.001.14,/Document/FIToFIPmtRvsl/GrpHdr/SttlmInf/SttlmAcct/Id/Othr/Id,Id,Max34Text,1,1
pacs.007.001.14,/Document/FIToFIPmtRvsl/GrpHdr/SttlmInf/SttlmAcct/Id/Othr/SchmeNm,SchmeNm,AccountSchemeName1Choice,0,1
pacs.007.001.14,/Document/FIToFIPmtRvsl/GrpHdr/SttlmInf/SttlmAcct/Id/Othr/SchmeNm/Cd,Cd,ExternalAccountIdentification1Code,1,1
pacs.007.001.14,/Document/FIToFIPmtRvsl/GrpHdr/SttlmInf/SttlmAcct/Id/Othr/SchmeNm/Prtry,Prtry,Max35Text,1,1
pacs.007.001.14,/Document/FIToFIPmtRvsl/GrpHdr/SttlmInf/SttlmAcct/Id/Othr/Issr,Issr,Max35Text,0,1
pacs.007.001.14,/Document/FIToFIPmtRvsl/GrpHdr/SttlmInf/SttlmAcct/Tp,Tp,CashAccountType2Choice,0,1
pacs.007.001.14,/Document/FIToFIPmtRvsl/GrpHdr/SttlmInf/SttlmAcct/Tp/Cd,Cd,ExternalCashAccountType1Code,1,1
pacs.007.001.14,/Document/FIToFIPmtRvsl/GrpHdr/SttlmInf/SttlmAcct/Tp/Prtry,Prtry,Max35Text,1,1
pacs.007.001.14,/Document/FIToFIPmtRvsl/GrpHdr/SttlmInf/SttlmAcct/Ccy,Ccy,ActiveOrHistoricCurrencyCode,0,1
pacs.007.001.14,/Document/FIToFIPmtRvsl/GrpHdr/SttlmInf/SttlmAcct/Nm,Nm,Max70Text,0,1
pacs.007.001.14,/Document/FIToFIPmtRvsl/GrpHdr/SttlmInf/SttlmAcct/Prxy,Prxy,ProxyAccountIdentification1,0,1
pacs.007.001.14,/Document/FIToFIPmtRvsl/GrpHdr/SttlmInf/SttlmAcct/Prxy/Tp,Tp,ProxyAccountType1Choice,0,1
pacs.007.001.14,/Document/FIToFIPmtRvsl/GrpHdr/SttlmInf/SttlmAcct/Prxy/Tp/Cd,Cd,ExternalProxyAccountType1Code,1,1
pacs.007.001.14,/Document/FIToFIPmtRvsl/GrpHdr/SttlmInf/SttlmAcct/Prxy/Tp/Prtry,Prtry,Max35Text,1,1
pacs.007.001.14,/Document/FIToFIPmtRvsl/GrpHdr/SttlmInf/SttlmAcct/Prxy/Id,Id,Max2048Text,1,1
pacs.007.001.14,/Document/FIToFIPmtRvsl/GrpHdr/SttlmInf/ClrSys,ClrSys,ClearingSystemIdentification3Choice,0,1
pacs.007.001.14,/Document/FIToFIPmtRvsl/GrpHdr/SttlmInf/ClrSys/Cd,Cd,ExternalCashClearingSystem1Code,1,1
pacs.007.001.14,/Document/FIToFIPmtRvsl/GrpHdr/SttlmInf/ClrSys/Prtry,Prtry,Max35Text,1,1
pacs.007.001.14,/Document/FIToFIPmtRvsl/GrpHdr/SttlmInf/InstgRmbrsmntAgt,InstgRmbrsmntAgt,BranchAndFinancialInstitutionIdentification8,0,1
pacs.007.001.14,/Document/FIToFIPmtRvsl/GrpHdr/SttlmInf/InstgRmbrsmntAgt/FinInstnId,FinInstnId,FinancialInstitutionIdentification23,1,1
pacs.007.001.14,/Document/FIToFIPmtRvsl/GrpHdr/SttlmInf/InstgRmbrsmntAgt/FinInstnId/BICFI,BICFI,BICFIDec2014Identifier,0,1
pacs.007.001.14,/Document/FIToFIPmtRvsl/GrpHdr/SttlmInf/InstgRmbrsmntAgt/FinInstnId/ClrSysMmbId,ClrSysMmbId,ClearingSystemMemberIdentification2,0,1
pacs.007.001.14,/Document/FIToFIPmtRvsl/GrpHdr/SttlmInf/InstgRmbrsmntAgt/FinInstnId/ClrSysMmbId/ClrSysId,ClrSysId,ClearingSystemIdentification2Choice,0,1
pacs.007.001.14,/Document/FIToFIPmtRvsl/GrpHdr/SttlmInf/InstgRmbrsmntAgt/FinInstnId/ClrSysMmbId/ClrSysId/Cd,Cd,ExternalClearingSystemIdentification1Code,1,1
pacs.007.001.14,/Document/FIToFIPmtRvsl/GrpHdr/SttlmInf/InstgRmbrsmntAgt/FinInstnId/ClrSysMmbId/ClrSysId/Prtry,Prtry,Max35Text,1,1
pacs.007.001.14,/Document/FIToFIPmtRvsl/GrpHdr/SttlmInf/InstgRmbrsmntAgt/FinInstnId/ClrSysMmbId/MmbId,MmbId,Max35Text,1,1
pacs.007.001.14,/Document/FIToFIPmtRvsl/GrpHdr/SttlmInf/InstgRmbrsmntAgt/FinInstnId/LEI,LEI,LEIIdentifier,0,1
pacs.007.001.14,/Document/FIToFIPmtRvsl/GrpHdr/SttlmInf/InstgRmbrsmntAgt/FinInstnId/Nm,Nm,Max140Text,0,1
pacs.007.001.14,/Document/FIToFIPmtRvsl/GrpHdr/SttlmInf/InstgRmbrsmntAgt/FinInstnId/PstlAdr,PstlAdr,PostalAddress27,0,1
pacs.007.001.14,/Document/FIToFIPmtRvsl/GrpHdr/SttlmInf/InstgRmbrsmntAgt/FinInstnId/PstlAdr/AdrTp,AdrTp,AddressType3Choice,0,1
pacs.007.001.14,/Document/FIToFIPmtRvsl/GrpHdr/SttlmInf/InstgRmbrsmntAgt/FinInstnId/PstlAdr/AdrTp/Cd,Cd,AddressType2Code,1,1
pacs.007.001.14,/Document/FIToFIPmtRvsl/GrpHdr/SttlmInf/InstgRmbrsmntAgt/FinInstnId/PstlAdr/AdrTp/Prtry,Prtry,GenericIdentification30,1,1
pacs.007.001.14,/Document/FIToFIPmtRvsl/GrpHdr/SttlmInf/InstgRmbrsmntAgt/FinInstnId/PstlAdr/AdrTp/Prtry/Id,Id,Exact4AlphaNumericText,1,1
pacs.007.001.14,/Document/FIToFIPmtRvsl/GrpHdr/SttlmInf/InstgRmbrsmntAgt/FinInstnId/PstlAdr/AdrTp/Prtry/Issr,Issr,Max35Text,1,1
pacs.007.001.14,/Document/FIToFIPmtRvsl/GrpHdr/SttlmInf/InstgRmbrsmntAgt/FinInstnId/PstlAdr/AdrTp/Prtry/SchmeNm,SchmeNm,Max35Text,0,1
pacs.007.001.14,/Document/FIToFIPmtRvsl/GrpHdr/SttlmInf/InstgRmbrsmntAgt/FinInstnId/PstlAdr/CareOf,CareOf,Max140Text,0,1
pacs.007.001.14,/Document/FIToFIPmtRvsl/GrpHdr/SttlmInf/InstgRmbrsmntAgt/FinInstnId/PstlAdr/Dept,Dept,Max70Text,0,1
pacs.007.001.14,/Document/FIToFIPmtRvsl/GrpHdr/SttlmInf/InstgRmbrsmntAgt/FinInstnId/PstlAdr/SubDept,SubDept,Max70Text,0,1
pacs.007.001.14,/Document/FIToFIPmtRvsl/GrpHdr/SttlmInf/InstgRmbrsmntAgt/FinInstnId/PstlAdr/StrtNm,StrtNm,Max140Text,0,1
pacs.007.001.14,/Document/FIToFIPmtRvsl/GrpHdr/SttlmInf/InstgRmbrsmntAgt/FinInstnId/PstlAdr/BldgNb,BldgNb,Max16Text,0,1
pacs.007.001.14,/Document/FIToFIPmtRvsl/GrpHdr/SttlmInf/InstgRmbrsmntAgt/FinInstnId/PstlAdr/BldgNm,BldgNm,Max140Text,0,1
pacs.007.001.14,/Document/FIToFIPmtRvsl/GrpHdr/SttlmInf/InstgRmbrsmntAgt/FinInstnId/PstlAdr/Flr,Flr,Max70Text,0,1
pacs.007.001.14,/Document/FIToFIPmtRvsl/GrpHdr/SttlmInf/InstgRmbrsmntAgt/FinInstnId/PstlAdr/UnitNb,UnitNb,Max16Text,0,1
pacs.007.001.14,/Document/FIToFIPmtRvsl/GrpHdr/SttlmInf/InstgRmbrsmntAgt/FinInstnId/PstlAdr/PstBx,PstBx,Max16Text,0,1
pacs.007.001.14,/Document/FIToFIPmtRvsl/GrpHdr/SttlmInf/InstgRmbrsmntAgt/FinInstnId/PstlAdr/Room,Room,Max70Text,0,1
pacs.007.001.14,/Document/FIToFIPmtRvsl/GrpHdr/SttlmInf/InstgRmbrsmntAgt/FinInstnId/PstlAdr/PstCd,PstCd,Max16Text,0,1
pacs.007.001.14,/Document/FIToFIPmtRvsl/GrpHdr/SttlmInf/InstgRmbrsmntAgt/FinInstnId/PstlAdr/TwnNm,TwnNm,Max140Text,0,1
pacs.007.001.14,/Document/FIToFIPmtRvsl/GrpHdr/SttlmInf/InstgRmbrsmntAgt/FinInstnId/PstlAdr/TwnLctnNm,TwnLctnNm,Max140Text,0,1
pacs.007.001.14,/Document/FIToFIPmtRvsl/GrpHdr/SttlmInf/InstgRmbrsmntAgt/FinInstnId/PstlAdr/DstrctNm,DstrctNm,Max140Text,0,1
pacs.007.001.14,/Document/FIToFIPmtRvsl/GrpHdr/SttlmInf/InstgRmbrsmntAgt/FinInstnId/PstlAdr/CtrySubDvsn,CtrySubDvsn,Max35Text,0,1
pacs.007.001.14,/Document/FIToFIPmtRvsl/GrpHdr/SttlmInf/InstgRmbrsmntAgt/FinInstnId/PstlAdr/Ctry,Ctry,CountryCode,0,1
pacs.007.001.14,/Document/FIToFIPmtRvsl/GrpHdr/SttlmInf/InstgRmbrsmntAgt/FinInstnId/PstlAdr/AdrLine,AdrLine,Max70Text,0,7
pacs.007.001.14,/Document/FIToFIPmtRvsl/GrpHdr/SttlmInf/InstgRmbrsmntAgt/FinInstnId/Othr,Othr,GenericFinancialIdentification1,0,1
pacs.007.001.14,/Document/FIToFIPmtRvsl/GrpHdr/SttlmInf/InstgRmbrsmntAgt/FinInstnId/Othr/Id,Id,Max35Text,1,1
pacs.007.001.14,/Document/FIToFIPmtRvsl/GrpHdr/SttlmInf/InstgRmbrsmntAgt/FinInstnId/Othr/SchmeNm,SchmeNm,FinancialIdentificationSchemeName1Choice,0,1
pacs.007.001.14,/Document/FIToFIPmtRvsl/GrpHdr/SttlmInf/InstgRmbrsmntAgt/FinInstnId/Othr/SchmeNm/Cd,Cd,ExternalFinancialInstitutionIdentification1Code,1,1
pacs.007.001.14,/Document/FIToFIPmtRvsl/GrpHdr/SttlmInf/InstgRmbrsmntAgt/FinInstnId/Othr/SchmeNm/Prtry,Prtry,Max35Text,1,1
pacs.007.001.14,/Document/FIToFIPmtRvsl/GrpHdr/SttlmInf/InstgRmbrsmntAgt/FinInstnId/Othr/Issr,Issr,Max35Text,0,1
pacs.007.001.14,/Document/FIToFIPmtRvsl/GrpHdr/SttlmInf/InstgRmbrsmntAgt/BrnchId,BrnchId,BranchData5,0,1
pacs.007.001.14,/Document/FIToFIPmtRvsl/GrpHdr/SttlmInf/InstgRmbrsmntAgt/BrnchId/Id,Id,Max35Text,0,1
pacs.007.001.14,/Document/FIToFIPmtRvsl/GrpHdr/SttlmInf/InstgRmbrsmntAgt/BrnchId/LEI,LEI,LEIIdentifier,0,1
pacs.007.001.14,/Document/FIToFIPmtRvsl/GrpHdr/SttlmInf/InstgRmbrsmntAgt/BrnchId/Nm,Nm,Max140Text,0,1
pacs.007.001.14,/Document/FIToFIPmtRvsl/GrpHdr/SttlmInf/InstgRmbrsmntAgt/BrnchId/PstlAdr,PstlAdr,PostalAddress27,0,1
pacs.007.001.14,/Document/FIToFIPmtRvsl/GrpHdr/SttlmInf/InstgRmbrsmntAgt/BrnchId/PstlAdr/AdrTp,AdrTp,AddressType3Choice,0,1
pacs.007.001.14,/Document/FIToFIPmtRvsl/GrpHdr/SttlmInf/InstgRmbrsmntAgt/BrnchId/PstlAdr/AdrTp/Cd,Cd,AddressType2Code,1,1
pacs.007.001.14,/Document/FIToFIPmtRvsl/GrpHdr/SttlmInf/InstgRmbrsmntAgt/BrnchId/PstlAdr/AdrTp/Prtry,Prtry,GenericIdentification30,1,1
pacs.007.001.14,/Document/FIToFIPmtRvsl/GrpHdr/SttlmInf/InstgRmbrsmntAgt/BrnchId/PstlAdr/AdrTp/Prtry/Id,Id,Exact4AlphaNumericText,1,1
pacs.007.001.14,/Document/FIToFIPmtRvsl/GrpHdr/SttlmInf/InstgRmbrsmntAgt/BrnchId/PstlAdr/AdrTp/Prtry/Issr,Issr,Max35Text,1,1
pacs.007.001.14,/Document/FIToFIPmtRvsl/GrpHdr/SttlmInf/InstgRmbrsmntAgt/BrnchId/PstlAdr/AdrTp/Prtry/SchmeNm,SchmeNm,Max35Text,0,1
pacs.007.001.14,/Document/FIToFIPmtRvsl/GrpHdr/SttlmInf/InstgRmbrsmntAgt/BrnchId/PstlAdr/CareOf,CareOf,Max140Text,0,1
pacs.007.001.14,/Document/FIToFIPmtRvsl/GrpHdr/SttlmInf/InstgRmbrsmntAgt/BrnchId/PstlAdr/Dept,Dept,Max70Text,0,1
pacs.007.001.14,/Document/FIToFIPmtRvsl/GrpHdr/SttlmInf/InstgRmbrsmntAgt/BrnchId/PstlAdr/SubDept,SubDept,Max70Text,0,1
pacs.007.001.14,/Document/FIToFIPmtRvsl/GrpHdr/SttlmInf/InstgRmbrsmntAgt/BrnchId/PstlAdr/StrtNm,StrtNm,Max140Text,0,1
pacs.007.001.14,/Document/FIToFIPmtRvsl/GrpHdr/SttlmInf/InstgRmbrsmntAgt/BrnchId/PstlAdr/BldgNb,BldgNb,Max16Text,0,1
pacs.007.001.14,/Document/FIToFIPmtRvsl/GrpHdr/SttlmInf/InstgRmbrsmntAgt/BrnchId/PstlAdr/BldgNm,BldgNm,Max140Text,0,1
pacs.007.001.14,/Document/FIToFIPmtRvsl/GrpHdr/SttlmInf/InstgRmbrsmntAgt/BrnchId/PstlAdr/Flr,Flr,Max70Text,0,1
pacs.007.001.14,/Document/FIToFIPmtRvsl/GrpHdr/SttlmInf/InstgRmbrsmntAgt/BrnchId/PstlAdr/UnitNb,UnitNb,Max16Text,0,1
pacs.007.001.14,/Document/FIToFIPmtRvsl/GrpHdr/SttlmInf/InstgRmbrsmntAgt/BrnchId/PstlAdr/PstBx,PstBx,Max16Text,0,1
pacs.007.001.14,/Document/FIToFIPmtRvsl/GrpHdr/SttlmInf/InstgRmbrsmntAgt/BrnchId/PstlAdr/Room,Room,Max70Text,0,1
pacs.007.001.14,/Document/FIToFIPmtRvsl/GrpHdr/SttlmInf/InstgRmbrsmntAgt/BrnchId/PstlAdr/PstCd,PstCd,Max16Text,0,1
pacs.007.001.14,/Document/FIToFIPmtRvsl/GrpHdr/SttlmInf/InstgRmbrsmntAgt/BrnchId/PstlAdr/TwnNm,TwnNm,Max140Text,0,1
pacs.007.001.14,/Document/FIToFIPmtRvsl/GrpHdr/SttlmInf/InstgRmbrsmntAgt/BrnchId/PstlAdr/TwnLctnNm,TwnLctnNm,Max140Text,0,1
pacs.007.001.14,/Document/FIToFIPmtRvsl/GrpHdr/SttlmInf/InstgRmbrsmntAgt/BrnchId/PstlAdr/DstrctNm,DstrctNm,Max140Text,0,1
pacs.007.001.14,/Document/FIToFIPmtRvsl/GrpHdr/SttlmInf/InstgRmbrsmntAgt/BrnchId/PstlAdr/CtrySubDvsn,CtrySubDvsn,Max35Text,0,1
pacs.007.001.14,/Document/FIToFIPmtRvsl/GrpHdr/SttlmInf/InstgRmbrsmntAgt/BrnchId/PstlAdr/Ctry,Ctry,CountryCode,0,1
pacs.007.001.14,/Document/FIToFIPmtRvsl/GrpHdr/SttlmInf/InstgRmbrsmntAgt/BrnchId/PstlAdr/AdrLine,AdrLine,Max70Text,0,7
pacs.007.001.14,/Document/FIToFIPmtRvsl/GrpHdr/SttlmInf/InstgRmbrsmntAgtAcct,InstgRmbrsmntAgtAcct,CashAccount40,0,1
pacs.007.001.14,/Document/FIToFIPmtRvsl/GrpHdr/SttlmInf/InstgRmbrsmntAgtAcct/Id,Id,AccountIdentification4Choice,0,1
pacs.007.001.14,/Document/FIToFIPmtRvsl/GrpHdr/SttlmInf/InstgRmbrsmntAgtAcct/Id/IBAN,IBAN,IBAN2007Identifier,1,1
pacs.007.001.14,/Document/FIToFIPmtRvsl/GrpHdr/SttlmInf/InstgRmbrsmntAgtAcct/Id/Othr,Othr,GenericAccountIdentification1,1,1
pacs.007.001.14,/Document/FIToFIPmtRvsl/GrpHdr/SttlmInf/InstgRmbrsmntAgtAcct/Id/Othr/Id,Id,Max34Text,1,1
pacs.007.001.14,/Document/FIToFIPmtRvsl/GrpHdr/SttlmInf/InstgRmbrsmntAgtAcct/Id/Othr/SchmeNm,SchmeNm,AccountSchemeName1Choice,0,1
pacs.007.001.14,/Document/FIToFIPmtRvsl/GrpHdr/SttlmInf/InstgRmbrsmntAgtAcct/Id/Othr/SchmeNm/Cd,Cd,ExternalAccountIdentification1Code,1,1
pacs.007.001.14,/Document/FIToFIPmtRvsl/GrpHdr/SttlmInf/InstgRmbrsmntAgtAcct/Id/Othr/SchmeNm/Prtry,Prtry,Max35Text,1,1
pacs.007.001.14,/Document/FIToFIPmtRvsl/GrpHdr/SttlmInf/InstgRmbrsmntAgtAcct/Id/Othr/Issr,Issr,Max35Text,0,1
pacs.007.001.14,/Document/FIToFIPmtRvsl/GrpHdr/SttlmInf/InstgRmbrsmntAgtAcct/Tp,Tp,CashAccountType2Choice,0,1
pacs.007.001.14,/Document/FIToFIPmtRvsl/GrpHdr/SttlmInf/InstgRmbrsmntAgtAcct/Tp/Cd,Cd,ExternalCashAccountType1Code,1,1
pacs.007.001.14,/Document/FIToFIPmtRvsl/GrpHdr/SttlmInf/InstgRmbrsmntAgtAcct/Tp/Prtry,Prtry,Max35Text,1,1
pacs.007.001.14,/Document/FIToFIPmtRvsl/GrpHdr/SttlmInf/InstgRmbrsmntAgtAcct/Ccy,Ccy,ActiveOrHistoricCurrencyCode,0,1
pacs.007.001.14,/Document/FIToFIPmtRvsl/GrpHdr/SttlmInf/InstgRmbrsmntAgtAcct/Nm,Nm,Max70Text,0,1
pacs.007.001.14,/Document/FIToFIPmtRvsl/GrpHdr/SttlmInf/InstgRmbrsmntAgtAcct/Prxy,Prxy,ProxyAccountIdentification1,0,1
pacs.007.001.14,/Document/FIToFIPmtRvsl/GrpHdr/SttlmInf/InstgRmbrsmntAgtAcct/Prxy/Tp,Tp,ProxyAccountType1Choice,0,1
pacs.007.001.14,/Document/FIToFIPmtRvsl/GrpHdr/SttlmInf/InstgRmbrsmntAgtAcct/Prxy/Tp/Cd,Cd,ExternalProxyAccountType1Code,1,1
pacs.007.001.14,/Document/FIToFIPmtRvsl/GrpHdr/SttlmInf/InstgRmbrsmntAgtAcct/Prxy/Tp/Prtry,Prtry,Max35Text,1,1
pacs.007.001.14,/Document/FIToFIPmtRvsl/GrpHdr/SttlmInf/InstgRmbrsmntAgtAcct/Prxy/Id,Id,Max2048Text,1,1
pacs.007.001.14,/Document/FIToFIPmtRvsl/GrpHdr/SttlmInf/InstdRmbrsmntAgt,InstdRmbrsmntAgt,BranchAndFinancialInstitutionIdentification8,0,1
pacs.007.001.14,/Document/FIToFIPmtRvsl/GrpHdr/SttlmInf/InstdRmbrsmntAgt/FinInstnId,FinInstnId,FinancialInstitutionIdentification23,1,1
pacs.007.001.14,/Document/FIToFIPmtRvsl/GrpHdr/SttlmInf/InstdRmbrsmntAgt/FinInstnId/BICFI,BICFI,BICFIDec2014Identifier,0,1
pacs.007.001.14,/Document/FIToFIPmtRvsl/GrpHdr/SttlmInf/InstdRmbrsmntAgt/FinInstnId/ClrSysMmbId,ClrSysMmbId,ClearingSystemMemberIdentification2,0,1
pacs.007.001.14,/Document/FIToFIPmtRvsl/GrpHdr/SttlmInf/InstdRmbrsmntAgt/FinInstnId/ClrSysMmbId/ClrSysId,ClrSysId,ClearingSystemIdentification2Choice,0,1
pacs.007.001.14,/Document/FIToFIPmtRvsl/GrpHdr/SttlmInf/InstdRmbrsmntAgt/FinInstnId/ClrSysMmbId/ClrSysId/Cd,Cd,ExternalClearingSystemIdentification1Code,1,1
pacs.007.001.14,/Document/FIToFIPmtRvsl/GrpHdr/SttlmInf/InstdRmbrsmntAgt/FinInstnId/ClrSysMmbId/ClrSysId/Prtry,Prtry,Max35Text,1,1
pacs.007.001.14,/Document/FIToFIPmtRvsl/GrpHdr/SttlmInf/InstdRmbrsmntAgt/FinInstnId/ClrSysMmbId/MmbId,MmbId,Max35Text,1,1
pacs.007.001.14,/Document/FIToFIPmtRvsl/GrpHdr/SttlmInf/InstdRmbrsmntAgt/FinInstnId/LEI,LEI,LEIIdentifier,0,1
pacs.007.001.14,/Document/FIToFIPmtRvsl/GrpHdr/SttlmInf/InstdRmbrsmntAgt/FinInstnId/Nm,Nm,Max140Text,0,1
pacs.007.001.14,/Document/FIToFIPmtRvsl/GrpHdr/SttlmInf/InstdRmbrsmntAgt/FinInstnId/PstlAdr,PstlAdr,PostalAddress27,0,1
pacs.007.001.14,/Document/FIToFIPmtRvsl/GrpHdr/SttlmInf/InstdRmbrsmntAgt/FinInstnId/PstlAdr/AdrTp,AdrTp,AddressType3Choice,0,1
pacs.007.001.14,/Document/FIToFIPmtRvsl/GrpHdr/SttlmInf/InstdRmbrsmntAgt/FinInstnId/PstlAdr/AdrTp/Cd,Cd,AddressType2Code,1,1
pacs.007.001.14,/Document/FIToFIPmtRvsl/GrpHdr/SttlmInf/InstdRmbrsmntAgt/FinInstnId/PstlAdr/AdrTp/Prtry,Prtry,GenericIdentification30,1,1
pacs.007.001.14,/Document/FIToFIPmtRvsl/GrpHdr/SttlmInf/InstdRmbrsmntAgt/FinInstnId/PstlAdr/AdrTp/Prtry/Id,Id,Exact4AlphaNumericText,1,1
pacs.007.001.14,/Document/FIToFIPmtRvsl/GrpHdr/SttlmInf/InstdRmbrsmntAgt/FinInstnId/PstlAdr/AdrTp/Prtry/Issr,Issr,Max35Text,1,1
pacs.007.001.14,/Document/FIToFIPmtRvsl/GrpHdr/SttlmInf/InstdRmbrsmntAgt/FinInstnId/PstlAdr/AdrTp/Prtry/SchmeNm,SchmeNm,Max35Text,0,1
pacs.007.001.14,/Document/FIToFIPmtRvsl/GrpHdr/SttlmInf/InstdRmbrsmntAgt/FinInstnId/PstlAdr/CareOf,CareOf,Max140Text,0,1
pacs.007.001.14,/Document/FIToFIPmtRvsl/GrpHdr/SttlmInf/InstdRmbrsmntAgt/FinInstnId/PstlAdr/Dept,Dept,Max70Text,0,1
pacs.007.001.14,/Document/FIToFIPmtRvsl/GrpHdr/SttlmInf/InstdRmbrsmntAgt/FinInstnId/PstlAdr/SubDept,SubDept,Max70Text,0,1
pacs.007.001.14,/Document/FIToFIPmtRvsl/GrpHdr/SttlmInf/InstdRmbrsmntAgt/FinInstnId/PstlAdr/StrtNm,StrtNm,Max140Text,0,1
pacs.007.001.14,/Document/FIToFIPmtRvsl/GrpHdr/SttlmInf/InstdRmbrsmntAgt/FinInstnId/PstlAdr/BldgNb,BldgNb,Max16Text,0,1
pacs.007.001.14,/Document/FIToFIPmtRvsl/GrpHdr/SttlmInf/InstdRmbrsmntAgt/FinInstnId/PstlAdr/BldgNm,BldgNm,Max140Text,0,1
pacs.007.001.14,/Document/FIToFIPmtRvsl/GrpHdr/SttlmInf/InstdRmbrsmntAgt/FinInstnId/PstlAdr/Flr,Flr,Max70Text,0,1
pacs.007.001.14,/Document/FIToFIPmtRvsl/GrpHdr/SttlmInf/InstdRmbrsmntAgt/FinInstnId/PstlAdr/UnitNb,UnitNb,Max16Text,0,1
pacs.007.001.14,/Document/FIToFIPmtRvsl/GrpHdr/SttlmInf/InstdRmbrsmntAgt/FinInstnId/PstlAdr/PstBx,PstBx,Max16Text,0,1
pacs.007.001.14,/Document/FIToFIPmtRvsl/GrpHdr/SttlmInf/InstdRmbrsmntAgt/FinInstnId/PstlAdr/Room,Room,Max70Text,0,1
pacs.007.001.14,/Document/FIToFIPmtRvsl/GrpHdr/SttlmInf/InstdRmbrsmntAgt/FinInstnId/PstlAdr/PstCd,PstCd,Max16Text,0,1
pacs.007.001.14,/Document/FIToFIPmtRvsl/GrpHdr/SttlmInf/InstdRmbrsmntAgt/FinInstnId/PstlAdr/TwnNm,TwnNm,Max140Text,0,1
pacs.007.001.14,/Document/FIToFIPmtRvsl/GrpHdr/SttlmInf/InstdRmbrsmntAgt/FinInstnId/PstlAdr/TwnLctnNm,TwnLctnNm,Max140Text,0,1
pacs.007.001.14,/Document/FIToFIPmtRvsl/GrpHdr/SttlmInf/InstdRmbrsmntAgt/FinInstnId/PstlAdr/DstrctNm,DstrctNm,Max140Text,0,1
pacs.007.001.14,/Document/FIToFIPmtRvsl/GrpHdr/SttlmInf/InstdRmbrsmntAgt/FinInstnId/PstlAdr/CtrySubDvsn,CtrySubDvsn,Max35Text,0,1
pacs.007.001.14,/Document/FIToFIPmtRvsl/GrpHdr/SttlmInf/InstdRmbrsmntAgt/FinInstnId/PstlAdr/Ctry,Ctry,CountryCode,0,1
pacs.007.001.14,/Document/FIToFIPmtRvsl/GrpHdr/SttlmInf/InstdRmbrsmntAgt/FinInstnId/PstlAdr/AdrLine,AdrLine,Max70Text,0,7
pacs.007.001.14,/Document/FIToFIPmtRvsl/GrpHdr/SttlmInf/InstdRmbrsmntAgt/FinInstnId/Othr,Othr,GenericFinancialIdentification1,0,1
pacs.007.001.14,/Document/FIToFIPmtRvsl/GrpHdr/SttlmInf/InstdRmbrsmntAgt/FinInstnId/Othr/Id,Id,Max35Text,1,1
pacs.007.001.14,/Document/FIToFIPmtRvsl/GrpHdr/SttlmInf/InstdRmbrsmntAgt/FinInstnId/Othr/SchmeNm,SchmeNm,FinancialIdentificationSchemeName1Choice,0,1
pacs.007.001.14,/Document/FIToFIPmtRvsl/GrpHdr/SttlmInf/InstdRmbrsmntAgt/FinInstnId/Othr/SchmeNm/Cd,Cd,ExternalFinancialInstitutionIdentification1Code,1,1
pacs.007.001.14,/Document/FIToFIPmtRvsl/GrpHdr/SttlmInf/InstdRmbrsmntAgt/FinInstnId/Othr/SchmeNm/Prtry,Prtry,Max35Text,1,1
pacs.007.001.14,/Document/FIToFIPmtRvsl/GrpHdr/SttlmInf/InstdRmbrsmntAgt/FinInstnId/Othr/Issr,Issr,Max35Text,0,1
pacs.007.001.14,/Document/FIToFIPmtRvsl/GrpHdr/SttlmInf/InstdRmbrsmntAgt/BrnchId,BrnchId,BranchData5,0,1
pacs.007.001.14,/Document/FIToFIPmtRvsl/GrpHdr/SttlmInf/InstdRmbrsmntAgt/BrnchId/Id,Id,Max35Text,0,1
pacs.007.001.14,/Document/FIToFIPmtRvsl/GrpHdr/SttlmInf/InstdRmbrsmntAgt/BrnchId/LEI,LEI,LEIIdentifier,0,1
pacs.007.001.14,/Document/FIToFIPmtRvsl/GrpHdr/SttlmInf/InstdRmbrsmntAgt/BrnchId/Nm,Nm,Max140Text,0,1
pacs.007.001.14,/Document/FIToFIPmtRvsl/GrpHdr/SttlmInf/InstdRmbrsmntAgt/BrnchId/PstlAdr,PstlAdr,PostalAddress27,0,1
pacs.007.001.14,/Document/FIToFIPmtRvsl/GrpHdr/SttlmInf/InstdRmbrsmntAgt/BrnchId/PstlAdr/AdrTp,AdrTp,AddressType3Choice,0,1
pacs.007.001.14,/Document/FIToFIPmtRvsl/GrpHdr/SttlmInf/InstdRmbrsmntAgt/BrnchId/PstlAdr/AdrTp/Cd,Cd,AddressType2Code,1,1
pacs.007.001.14,/Document/FIToFIPmtRvsl/GrpHdr/SttlmInf/InstdRmbrsmntAgt/BrnchId/PstlAdr/AdrTp/Prtry,Prtry,GenericIdentification30,1,1
pacs.007.001.14,/Document/FIToFIPmtRvsl/GrpHdr/SttlmInf/InstdRmbrsmntAgt/BrnchId/PstlAdr/AdrTp/Prtry/Id,Id,Exact4AlphaNumericText,1,1
pacs.007.001.14,/Document/FIToFIPmtRvsl/GrpHdr/SttlmInf/InstdRmbrsmntAgt/BrnchId/PstlAdr/AdrTp/Prtry/Issr,Issr,Max35Text,1,1
pacs.007.001.14,/Document/FIToFIPmtRvsl/GrpHdr/SttlmInf/InstdRmbrsmntAgt/BrnchId/PstlAdr/AdrTp/Prtry/SchmeNm,SchmeNm,Max35Text,0,1
pacs.007.001.14,/Document/FIToFIPmtRvsl/GrpHdr/SttlmInf/InstdRmbrsmntAgt/BrnchId/PstlAdr/CareOf,CareOf,Max140Text,0,1
pacs.007.001.14,/Document/FIToFIPmtRvsl/GrpHdr/SttlmInf/InstdRmbrsmntAgt/BrnchId/PstlAdr/Dept,Dept,Max70Text,0,1
pacs.007.001.14,/Document/FIToFIPmtRvsl/GrpHdr/SttlmInf/InstdRmbrsmntAgt/BrnchId/PstlAdr/SubDept,SubDept,Max70Text,0,1
pacs.007.001.14,/Document/FIToFIPmtRvsl/GrpHdr/SttlmInf/InstdRmbrsmntAgt/BrnchId/PstlAdr/StrtNm,StrtNm,Max140Text,0,1
pacs.007.001.14,/Document/FIToFIPmtRvsl/GrpHdr/SttlmInf/InstdRmbrsmntAgt/BrnchId/PstlAdr/BldgNb,BldgNb,Max16Text,0,1
pacs.007.001.14,/Document/FIToFIPmtRvsl/GrpHdr/SttlmInf/InstdRmbrsmntAgt/BrnchId/PstlAdr/BldgNm,BldgNm,Max140Text,0,1
pacs.007.001.14,/Document/FIToFIPmtRvsl/GrpHdr/SttlmInf/InstdRmbrsmntAgt/BrnchId/PstlAdr/Flr,Flr,Max70Text,0,1
pacs.007.001.14,/Document/FIToFIPmtRvsl/GrpHdr/SttlmInf/InstdRmbrsmntAgt/BrnchId/PstlAdr/UnitNb,UnitNb,Max16Text,0,1
pacs.007.001.14,/Document/FIToFIPmtRvsl/GrpHdr/SttlmInf/InstdRmbrsmntAgt/BrnchId/PstlAdr/PstBx,PstBx,Max16Text,0,1
pacs.007.001.14,/Document/FIToFIPmtRvsl/GrpHdr/SttlmInf/InstdRmbrsmntAgt/BrnchId/PstlAdr/Room,Room,Max70Text,0,1
pacs.007.001.14,/Document/FIToFIPmtRvsl/GrpHdr/SttlmInf/InstdRmbrsmntAgt/BrnchId/PstlAdr/PstCd,PstCd,Max16Text,0,1
pacs.007.001.14,/Document/FIToFIPmtRvsl/GrpHdr/SttlmInf/InstdRmbrsmntAgt/BrnchId/PstlAdr/TwnNm,TwnNm,Max140Text,0,1
pacs.007.001.14,/Document/FIToFIPmtRvsl/GrpHdr/SttlmInf/InstdRmbrsmntAgt/BrnchId/PstlAdr/TwnLctnNm,TwnLctnNm,Max140Text,0,1
pacs.007.001.14,/Document/FIToFIPmtRvsl/GrpHdr/SttlmInf/InstdRmbrsmntAgt/BrnchId/PstlAdr/DstrctNm,DstrctNm,Max140Text,0,1
pacs.007.001.14,/Document/FIToFIPmtRvsl/GrpHdr/SttlmInf/InstdRmbrsmntAgt/BrnchId/PstlAdr/CtrySubDvsn,CtrySubDvsn,Max35Text,0,1
pacs.007.001.14,/Document/FIToFIPmtRvsl/GrpHdr/SttlmInf/InstdRmbrsmntAgt/BrnchId/PstlAdr/Ctry,Ctry,CountryCode,0,1
pacs.007.001.14,/Document/FIToFIPmtRvsl/GrpHdr/SttlmInf/InstdRmbrsmntAgt/BrnchId/PstlAdr/AdrLine,AdrLine,Max70Text,0,7
pacs.007.001.14,/Document/FIToFIPmtRvsl/GrpHdr/SttlmInf/InstdRmbrsmntAgtAcct,InstdRmbrsmntAgtAcct,CashAccount40,0,1
pacs.007.001.14,/Document/FIToFIPmtRvsl/GrpHdr/SttlmInf/InstdRmbrsmntAgtAcct/Id,Id,AccountIdentification4Choice,0,1
pacs.007.001.14,/Document/FIToFIPmtRvsl/GrpHdr/SttlmInf/InstdRmbrsmntAgtAcct/Id/IBAN,IBAN,IBAN2007Identifier,1,1
pacs.007.001.14,/Document/FIToFIPmtRvsl/GrpHdr/SttlmInf/InstdRmbrsmntAgtAcct/Id/Othr,Othr,GenericAccountIdentification1,1,1
pacs.007.001.14,/Document/FIToFIPmtRvsl/GrpHdr/SttlmInf/InstdRmbrsmntAgtAcct/Id/Othr/Id,Id,Max34Text,1,1
pacs.007.001.14,/Document/FIToFIPmtRvsl/GrpHdr/SttlmInf/InstdRmbrsmntAgtAcct/Id/Othr/SchmeNm,SchmeNm,AccountSchemeName1Choice,0,1
pacs.007.001.14,/Document/FIToFIPmtRvsl/GrpHdr/SttlmInf/InstdRmbrsmntAgtAcct/Id/Othr/SchmeNm/Cd,Cd,ExternalAccountIdentification1Code,1,1
pacs.007.001.14,/Document/FIToFIPmtRvsl/GrpHdr/SttlmInf/InstdRmbrsmntAgtAcct/Id/Othr/SchmeNm/Prtry,Prtry,Max35Text,1,1
pacs.007.001.14,/Document/FIToFIPmtRvsl/GrpHdr/SttlmInf/InstdRmbrsmntAgtAcct/Id/Othr/Issr,Issr,Max35Text,0,1
pacs.007.001.14,/Document/FIToFIPmtRvsl/GrpHdr/SttlmInf/InstdRmbrsmntAgtAcct/Tp,Tp,CashAccountType2Choice,0,1
pacs.007.001.14,/Document/FIToFIPmtRvsl/GrpHdr/SttlmInf/InstdRmbrsmntAgtAcct/Tp/Cd,Cd,ExternalCashAccountType1Code,1,1
pacs.007.001.14,/Document/FIToFIPmtRvsl/GrpHdr/SttlmInf/InstdRmbrsmntAgtAcct/Tp/Prtry,Prtry,Max35Text,1,1
pacs.007.001.14,/Document/FIToFIPmtRvsl/GrpHdr/SttlmInf/InstdRmbrsmntAgtAcct/Ccy,Ccy,ActiveOrHistoricCurrencyCode,0,1
pacs.007.001.14,/Document/FIToFIPmtRvsl/GrpHdr/SttlmInf/InstdRmbrsmntAgtAcct/Nm,Nm,Max70Text,0,1
pacs.007.001.14,/Document/FIToFIPmtRvsl/GrpHdr/SttlmInf/InstdRmbrsmntAgtAcct/Prxy,Prxy,ProxyAccountIdentification1,0,1
pacs.007.001.14,/Document/FIToFIPmtRvsl/GrpHdr/SttlmInf/InstdRmbrsmntAgtAcct/Prxy/Tp,Tp,ProxyAccountType1Choice,0,1
pacs.007.001.14,/Document/FIToFIPmtRvsl/GrpHdr/SttlmInf/InstdRmbrsmntAgtAcct/Prxy/Tp/Cd,Cd,ExternalProxyAccountType1Code,1,1
pacs.007.001.14,/Document/FIToFIPmtRvsl/GrpHdr/SttlmInf/InstdRmbrsmntAgtAcct/Prxy/Tp/Prtry,Prtry,Max35Text,1,1
pacs.007.001.14,/Document/FIToFIPmtRvsl/GrpHdr/SttlmInf/InstdRmbrsmntAgtAcct/Prxy/Id,Id,Max2048Text,1,1
pacs.007.001.14,/Document/FIToFIPmtRvsl/GrpHdr/SttlmInf/ThrdRmbrsmntAgt,ThrdRmbrsmntAgt,BranchAndFinancialInstitutionIdentification8,0,1
pacs.007.001.14,/Document/FIToFIPmtRvsl/GrpHdr/SttlmInf/ThrdRmbrsmntAgt/FinInstnId,FinInstnId,FinancialInstitutionIdentification23,1,1
pacs.007.001.14,/Document/FIToFIPmtRvsl/GrpHdr/SttlmInf/ThrdRmbrsmntAgt/FinInstnId/BICFI,BICFI,BICFIDec2014Identifier,0,1
pacs.007.001.14,/Document/FIToFIPmtRvsl/GrpHdr/SttlmInf/ThrdRmbrsmntAgt/FinInstnId/ClrSysMmbId,ClrSysMmbId,ClearingSystemMemberIdentification2,0,1
pacs.007.001.14,/Document/FIToFIPmtRvsl/GrpHdr/SttlmInf/ThrdRmbrsmntAgt/FinInstnId/ClrSysMmbId/ClrSysId,ClrSysId,ClearingSystemIdentification2Choice,0,1
pacs.007.001.14,/Document/FIToFIPmtRvsl/GrpHdr/SttlmInf/ThrdRmbrsmntAgt/FinInstnId/ClrSysMmbId/ClrSysId/Cd,Cd,ExternalClearingSystemIdentification1Code,1,1
pacs.007.001.14,/Document/FIToFIPmtRvsl/GrpHdr/SttlmInf/ThrdRmbrsmntAgt/FinInstnId/ClrSysMmbId/ClrSysId/Prtry,Prtry,Max35Text,1,1
pacs.007.001.14,/Document/FIToFIPmtRvsl/GrpHdr/SttlmInf/ThrdRmbrsmntAgt/FinInstnId/ClrSysMmbId/MmbId,MmbId,Max35Text,1,1
pacs.007.001.14,/Document/FIToFIPmtRvsl/GrpHdr/SttlmInf/ThrdRmbrsmntAgt/FinInstnId/LEI,LEI,LEIIdentifier,0,1
pacs.007.001.14,/Document/FIToFIPmtRvsl/GrpHdr/SttlmInf/ThrdRmbrsmntAgt/FinInstnId/Nm,Nm,Max140Text,0,1
pacs.007.001.14,/Document/FIToFIPmtRvsl/GrpHdr/SttlmInf/ThrdRmbrsmntAgt/FinInstnId/PstlAdr,PstlAdr,PostalAddress27,0,1
pacs.007.001.14,/Document/FIToFIPmtRvsl/GrpHdr/SttlmInf/ThrdRmbrsmntAgt/FinInstnId/PstlAdr/AdrTp,AdrTp,AddressType3Choice,0,1
pacs.007.001.14,/Document/FIToFIPmtRvsl/GrpHdr/SttlmInf/ThrdRmbrsmntAgt/FinInstnId/PstlAdr/AdrTp/Cd,Cd,AddressType2Code,1,1
pacs.007.001.14,/Document/FIToFIPmtRvsl/GrpHdr/SttlmInf/ThrdRmbrsmntAgt/FinInstnId/PstlAdr/AdrTp/Prtry,Prtry,GenericIdentification30,1,1
pacs.007.001.14,/Document/FIToFIPmtRvsl/GrpHdr/SttlmInf/ThrdRmbrsmntAgt/FinInstnId/PstlAdr/AdrTp/Prtry/Id,Id,Exact4AlphaNumericText,1,1
pacs.007.001.14,/Document/FIToFIPmtRvsl/GrpHdr/SttlmInf/ThrdRmbrsmntAgt/FinInstnId/PstlAdr/AdrTp/Prtry/Issr,Issr,Max35Text,1,1
pacs.007.001.14,/Document/FIToFIPmtRvsl/GrpHdr/SttlmInf/ThrdRmbrsmntAgt/FinInstnId/PstlAdr/AdrTp/Prtry/SchmeNm,SchmeNm,Max35Text,0,1
pacs.007.001.14,/Document/FIToFIPmtRvsl/GrpHdr/SttlmInf/ThrdRmbrsmntAgt/FinInstnId/PstlAdr/CareOf,CareOf,Max140Text,0,1
pacs.007.001.14,/Document/FIToFIPmtRvsl/GrpHdr/SttlmInf/ThrdRmbrsmntAgt/FinInstnId/PstlAdr/Dept,Dept,Max70Text,0,1
pacs.007.001.14,/Document/FIToFIPmtRvsl/GrpHdr/SttlmInf/ThrdRmbrsmntAgt/FinInstnId/PstlAdr/SubDept,SubDept,Max70Text,0,1
pacs.007.001.14,/Document/FIToFIPmtRvsl/GrpHdr/SttlmInf/ThrdRmbrsmntAgt/FinInstnId/PstlAdr/StrtNm,StrtNm,Max140Text,0,1
pacs.007.001.14,/Document/FIToFIPmtRvsl/GrpHdr/SttlmInf/ThrdRmbrsmntAgt/FinInstnId/PstlAdr/BldgNb,BldgNb,Max16Text,0,1
pacs.007.001.14,/Document/FIToFIPmtRvsl/GrpHdr/SttlmInf/ThrdRmbrsmntAgt/FinInstnId/PstlAdr/BldgNm,BldgNm,Max140Text,0,1
pacs.007.001.14,/Document/FIToFIPmtRvsl/GrpHdr/SttlmInf/ThrdRmbrsmntAgt/FinInstnId/PstlAdr/Flr,Flr,Max70Text,0,1
pacs.007.001.14,/Document/FIToFIPmtRvsl/GrpHdr/SttlmInf/ThrdRmbrsmntAgt/FinInstnId/PstlAdr/UnitNb,UnitNb,Max16Text,0,1
pacs.007.001.14,/Document/FIToFIPmtRvsl/GrpHdr/SttlmInf/ThrdRmbrsmntAgt/FinInstnId/PstlAdr/PstBx,PstBx,Max16Text,0,1
pacs.007.001.14,/Document/FIToFIPmtRvsl/GrpHdr/SttlmInf/ThrdRmbrsmntAgt/FinInstnId/PstlAdr/Room,Room,Max70Text,0,1
pacs.007.001.14,/Document/FIToFIPmtRvsl/GrpHdr/SttlmInf/ThrdRmbrsmntAgt/FinInstnId/PstlAdr/PstCd,PstCd,Max16Text,0,1
pacs.007.001.14,/Document/FIToFIPmtRvsl/GrpHdr/SttlmInf/ThrdRmbrsmntAgt/FinInstnId/PstlAdr/TwnNm,TwnNm,Max140Text,0,1
pacs.007.001.14,/Document/FIToFIPmtRvsl/GrpHdr/SttlmInf/ThrdRmbrsmntAgt/FinInstnId/PstlAdr/TwnLctnNm,TwnLctnNm,Max140Text,0,1
pacs.007.001.14,/Document/FIToFIPmtRvsl/GrpHdr/SttlmInf/ThrdRmbrsmntAgt/FinInstnId/PstlAdr/DstrctNm,DstrctNm,Max140Text,0,1
pacs.007.001.14,/Document/FIToFIPmtRvsl/GrpHdr/SttlmInf/ThrdRmbrsmntAgt/FinInstnId/PstlAdr/CtrySubDvsn,CtrySubDvsn,Max35Text,0,1
pacs.007.001.14,/Document/FIToFIPmtRvsl/GrpHdr/SttlmInf/ThrdRmbrsmntAgt/FinInstnId/PstlAdr/Ctry,Ctry,CountryCode,0,1
pacs.007.001.14,/Document/FIToFIPmtRvsl/GrpHdr/SttlmInf/ThrdRmbrsmntAgt/FinInstnId/PstlAdr/AdrLine,AdrLine,Max70Text,0,7
pacs.007.001.14,/Document/FIToFIPmtRvsl/GrpHdr/SttlmInf/ThrdRmbrsmntAgt/FinInstnId/Othr,Othr,GenericFinancialIdentification1,0,1
pacs.007.001.14,/Document/FIToFIPmtRvsl/GrpHdr/SttlmInf/ThrdRmbrsmntAgt/FinInstnId/Othr/Id,Id,Max35Text,1,1
pacs.007.001.14,/Document/FIToFIPmtRvsl/GrpHdr/SttlmInf/ThrdRmbrsmntAgt/FinInstnId/Othr/SchmeNm,SchmeNm,FinancialIdentificationSchemeName1Choice,0,1
pacs.007.001.14,/Document/FIToFIPmtRvsl/GrpHdr/SttlmInf/ThrdRmbrsmntAgt/FinInstnId/Othr/SchmeNm/Cd,Cd,ExternalFinancialInstitutionIdentification1Code,1,1
pacs.007.001.14,/Document/FIToFIPmtRvsl/GrpHdr/SttlmInf/ThrdRmbrsmntAgt/FinInstnId/Othr/SchmeNm/Prtry,Prtry,Max35Text,1,1
pacs.007.001.14,/Document/FIToFIPmtRvsl/GrpHdr/SttlmInf/ThrdRmbrsmntAgt/FinInstnId/Othr/Issr,Issr,Max35Text,0,1
pacs.007.001.14,/Document/FIToFIPmtRvsl/GrpHdr/SttlmInf/ThrdRmbrsmntAgt/BrnchId,BrnchId,BranchData5,0,1
pacs.007.001.14,/Document/FIToFIPmtRvsl/GrpHdr/SttlmInf/ThrdRmbrsmntAgt/BrnchId/Id,Id,Max35Text,0,1
pacs.007.001.14,/Document/FIToFIPmtRvsl/GrpHdr/SttlmInf/ThrdRmbrsmntAgt/BrnchId/LEI,LEI,LEIIdentifier,0,1
pacs.007.001.14,/Document/FIToFIPmtRvsl/GrpHdr/SttlmInf/ThrdRmbrsmntAgt/BrnchId/Nm,Nm,Max140Text,0,1
pacs.007.001.14,/Document/FIToFIPmtRvsl/GrpHdr/SttlmInf/ThrdRmbrsmntAgt/BrnchId/PstlAdr,PstlAdr,PostalAddress27,0,1
pacs.007.001.14,/Document/FIToFIPmtRvsl/GrpHdr/SttlmInf/ThrdRmbrsmntAgt/BrnchId/PstlAdr/AdrTp,AdrTp,AddressType3Choice,0,1
pacs.007.001.14,/Document/FIToFIPmtRvsl/GrpHdr/SttlmInf/ThrdRmbrsmntAgt/BrnchId/PstlAdr/AdrTp/Cd,Cd,AddressType2Code,1,1
pacs.007.001.14,/Document/FIToFIPmtRvsl/GrpHdr/SttlmInf/ThrdRmbrsmntAgt/BrnchId/PstlAdr/AdrTp/Prtry,Prtry,GenericIdentification30,1,1
pacs.007.001.14,/Document/FIToFIPmtRvsl/GrpHdr/SttlmInf/ThrdRmbrsmntAgt/BrnchId/PstlAdr/AdrTp/Prtry/Id,Id,Exact4AlphaNumericText,1,1
pacs.007.001.14,/Document/FIToFIPmtRvsl/GrpHdr/SttlmInf/ThrdRmbrsmntAgt/BrnchId/PstlAdr/AdrTp/Prtry/Issr,Issr,Max35Text,1,1
pacs.007.001.14,/Document/FIToFIPmtRvsl/GrpHdr/SttlmInf/ThrdRmbrsmntAgt/BrnchId/PstlAdr/AdrTp/Prtry/SchmeNm,SchmeNm,Max35Text,0,1
pacs.007.001.14,/Document/FIToFIPmtRvsl/GrpHdr/SttlmInf/ThrdRmbrsmntAgt/BrnchId/PstlAdr/CareOf,CareOf,Max140Text,0,1
pacs.007.001.14,/Document/FIToFIPmtRvsl/GrpHdr/SttlmInf/ThrdRmbrsmntAgt/BrnchId/PstlAdr/Dept,Dept,Max70Text,0,1
pacs.007.001.14,/Document/FIToFIPmtRvsl/GrpHdr/SttlmInf/ThrdRmbrsmntAgt/BrnchId/PstlAdr/SubDept,SubDept,Max70Text,0,1
pacs.007.001.14,/Document/FIToFIPmtRvsl/GrpHdr/SttlmInf/ThrdRmbrsmntAgt/BrnchId/PstlAdr/StrtNm,StrtNm,Max140Text,0,1
pacs.007.001.14,/Document/FIToFIPmtRvsl/GrpHdr/SttlmInf/ThrdRmbrsmntAgt/BrnchId/PstlAdr/BldgNb,BldgNb,Max16Text,0,1
pacs.007.001.14,/Document/FIToFIPmtRvsl/GrpHdr/SttlmInf/ThrdRmbrsmntAgt/BrnchId/PstlAdr/BldgNm,BldgNm,Max140Text,0,1
pacs.007.001.14,/Document/FIToFIPmtRvsl/GrpHdr/SttlmInf/ThrdRmbrsmntAgt/BrnchId/PstlAdr/Flr,Flr,Max70Text,0,1
pacs.007.001.14,/Document/FIToFIPmtRvsl/GrpHdr/SttlmInf/ThrdRmbrsmntAgt/BrnchId/PstlAdr/UnitNb,UnitNb,Max16Text,0,1
pacs.007.001.14,/Document/FIToFIPmtRvsl/GrpHdr/SttlmInf/ThrdRmbrsmntAgt/BrnchId/PstlAdr/PstBx,PstBx,Max16Text,0,1
pacs.007.001.14,/Document/FIToFIPmtRvsl/GrpHdr/SttlmInf/ThrdRmbrsmntAgt/BrnchId/PstlAdr/Room,Room,Max70Text,0,1
pacs.007.001.14,/Document/FIToFIPmtRvsl/GrpHdr/SttlmInf/ThrdRmbrsmntAgt/BrnchId/PstlAdr/PstCd,PstCd,Max16Text,0,1
pacs.007.001.14,/Document/FIToFIPmtRvsl/GrpHdr/SttlmInf/ThrdRmbrsmntAgt/BrnchId/PstlAdr/TwnNm,TwnNm,Max140Text,0,1
pacs.007.001.14,/Document/FIToFIPmtRvsl/GrpHdr/SttlmInf/ThrdRmbrsmntAgt/BrnchId/PstlAdr/TwnLctnNm,TwnLctnNm,Max140Text,0,1
pacs.007.001.14,/Document/FIToFIPmtRvsl/GrpHdr/SttlmInf/ThrdRmbrsmntAgt/BrnchId/PstlAdr/DstrctNm,DstrctNm,Max140Text,0,1
pacs.007.001.14,/Document/FIToFIPmtRvsl/GrpHdr/SttlmInf/ThrdRmbrsmntAgt/BrnchId/PstlAdr/CtrySubDvsn,CtrySubDvsn,Max35Text,0,1
pacs.007.001.14,/Document/FIToFIPmtRvsl/GrpHdr/SttlmInf/ThrdRmbrsmntAgt/BrnchId/PstlAdr/Ctry,Ctry,CountryCode,0,1
pacs.007.001.14,/Document/FIToFIPmtRvsl/GrpHdr/SttlmInf/ThrdRmbrsmntAgt/BrnchId/PstlAdr/AdrLine,AdrLine,Max70Text,0,7
pacs.007.001.14,/Document/FIToFIPmtRvsl/GrpHdr/SttlmInf/ThrdRmbrsmntAgtAcct,ThrdRmbrsmntAgtAcct,CashAccount40,0,1
pacs.007.001.14,/Document/FIToFIPmtRvsl/GrpHdr/SttlmInf/ThrdRmbrsmntAgtAcct/Id,Id,AccountIdentification4Choice,0,1
pacs.007.001.14,/Document/FIToFIPmtRvsl/GrpHdr/SttlmInf/ThrdRmbrsmntAgtAcct/Id/IBAN,IBAN,IBAN2007Identifier,1,1
pacs.007.001.14,/Document/FIToFIPmtRvsl/GrpHdr/SttlmInf/ThrdRmbrsmntAgtAcct/Id/Othr,Othr,GenericAccountIdentification1,1,1
pacs.007.001.14,/Document/FIToFIPmtRvsl/GrpHdr/SttlmInf/ThrdRmbrsmntAgtAcct/Id/Othr/Id,Id,Max34Text,1,1
pacs.007.001.14,/Document/FIToFIPmtRvsl/GrpHdr/SttlmInf/ThrdRmbrsmntAgtAcct/Id/Othr/SchmeNm,SchmeNm,AccountSchemeName1Choice,0,1
pacs.007.001.14,/Document/FIToFIPmtRvsl/GrpHdr/SttlmInf/ThrdRmbrsmntAgtAcct/Id/Othr/SchmeNm/Cd,Cd,ExternalAccountIdentification1Code,1,1
pacs.007.001.14,/Document/FIToFIPmtRvsl/GrpHdr/SttlmInf/ThrdRmbrsmntAgtAcct/Id/Othr/SchmeNm/Prtry,Prtry,Max35Text,1,1
pacs.007.001.14,/Document/FIToFIPmtRvsl/GrpHdr/SttlmInf/ThrdRmbrsmntAgtAcct/Id/Othr/Issr,Issr,Max35Text,0,1
pacs.007.001.14,/Document/FIToFIPmtRvsl/GrpHdr/SttlmInf/ThrdRmbrsmntAgtAcct/Tp,Tp,CashAccountType2Choice,0,1
pacs.007.001.14,/Document/FIToFIPmtRvsl/GrpHdr/SttlmInf/ThrdRmbrsmntAgtAcct/Tp/Cd,Cd,ExternalCashAccountType1Code,1,1
pacs.007.001.14,/Document/FIToFIPmtRvsl/GrpHdr/SttlmInf/ThrdRmbrsmntAgtAcct/Tp/Prtry,Prtry,Max35Text,1,1
pacs.007.001.14,/Document/FIToFIPmtRvsl/GrpHdr/SttlmInf/ThrdRmbrsmntAgtAcct/Ccy,Ccy,ActiveOrHistoricCurrencyCode,0,1
pacs.007.001.14,/Document/FIToFIPmtRvsl/GrpHdr/SttlmInf/ThrdRmbrsmntAgtAcct/Nm,Nm,Max70Text,0,1
pacs.007.001.14,/Document/FIToFIPmtRvsl/GrpHdr/SttlmInf/ThrdRmbrsmntAgtAcct/Prxy,Prxy,ProxyAccountIdentification1,0,1
pacs.007.001.14,/Document/FIToFIPmtRvsl/GrpHdr/SttlmInf/ThrdRmbrsmntAgtAcct/Prxy/Tp,Tp,ProxyAccountType1Choice,0,1
pacs.007.001.14,/Document/FIToFIPmtRvsl/GrpHdr/SttlmInf/ThrdRmbrsmntAgtAcct/Prxy/Tp/Cd,Cd,ExternalProxyAccountType1Code,1,1
pacs.007.001.14,/Document/FIToFIPmtRvsl/GrpHdr/SttlmInf/ThrdRmbrsmntAgtAcct/Prxy/Tp/Prtry,Prtry,Max35Text,1,1
pacs.007.001.14,/Document/FIToFIPmtRvsl/GrpHdr/SttlmInf/ThrdRmbrsmntAgtAcct/Prxy/Id,Id,Max2048Text,1,1
pacs.007.001.14,/Document/FIToFIPmtRvsl/GrpHdr/InstgAgt,InstgAgt,BranchAndFinancialInstitutionIdentification8,0,1
pacs.007.001.14,/Document/FIToFIPmtRvsl/GrpHdr/InstgAgt/FinInstnId,FinInstnId,FinancialInstitutionIdentification23,1,1
pacs.007.001.14,/Document/FIToFIPmtRvsl/GrpHdr/InstgAgt/FinInstnId/BICFI,BICFI,BICFIDec2014Identifier,0,1
pacs.007.001.14,/Document/FIToFIPmtRvsl/GrpHdr/InstgAgt/FinInstnId/ClrSysMmbId,ClrSysMmbId,ClearingSystemMemberIdentification2,0,1
pacs.007.001.14,/Document/FIToFIPmtRvsl/GrpHdr/InstgAgt/FinInstnId/ClrSysMmbId/ClrSysId,ClrSysId,ClearingSystemIdentification2Choice,0,1
pacs.007.001.14,/Document/FIToFIPmtRvsl/GrpHdr/InstgAgt/FinInstnId/ClrSysMmbId/ClrSysId/Cd,Cd,ExternalClearingSystemIdentification1Code,1,1
pacs.007.001.14,/Document/FIToFIPmtRvsl/GrpHdr/InstgAgt/FinInstnId/ClrSysMmbId/ClrSysId/Prtry,Prtry,Max35Text,1,1
pacs.007.001.14,/Document/FIToFIPmtRvsl/GrpHdr/InstgAgt/FinInstnId/ClrSysMmbId/MmbId,MmbId,Max35Text,1,1
pacs.007.001.14,/Document/FIToFIPmtRvsl/GrpHdr/InstgAgt/FinInstnId/LEI,LEI,LEIIdentifier,0,1
pacs.007.001.14,/Document/FIToFIPmtRvsl/GrpHdr/InstgAgt/FinInstnId/Nm,Nm,Max140Text,0,1
pacs.007.001.14,/Document/FIToFIPmtRvsl/GrpHdr/InstgAgt/FinInstnId/PstlAdr,PstlAdr,PostalAddress27,0,1
pacs.007.001.14,/Document/FIToFIPmtRvsl/GrpHdr/InstgAgt/FinInstnId/PstlAdr/AdrTp,AdrTp,AddressType3Choice,0,1
pacs.007.001.14,/Document/FIToFIPmtRvsl/GrpHdr/InstgAgt/FinInstnId/PstlAdr/AdrTp/Cd,Cd,AddressType2Code,1,1
pacs.007.001.14,/Document/FIToFIPmtRvsl/GrpHdr/InstgAgt/FinInstnId/PstlAdr/AdrTp/Prtry,Prtry,GenericIdentification30,1,1
pacs.007.001.14,/Document/FIToFIPmtRvsl/GrpHdr/InstgAgt/FinInstnId/PstlAdr/AdrTp/Prtry/Id,Id,Exact4AlphaNumericText,1,1
pacs.007.001.14,/Document/FIToFIPmtRvsl/GrpHdr/InstgAgt/FinInstnId/PstlAdr/AdrTp/Prtry/Issr,Issr,Max35Text,1,1
pacs.007.001.14,/Document/FIToFIPmtRvsl/GrpHdr/InstgAgt/FinInstnId/PstlAdr/AdrTp/Prtry/SchmeNm,SchmeNm,Max35Text,0,1
pacs.007.001.14,/Document/FIToFIPmtRvsl/GrpHdr/InstgAgt/FinInstnId/PstlAdr/CareOf,CareOf,Max140Text,0,1
pacs.007.001.14,/Document/FIToFIPmtRvsl/GrpHdr/InstgAgt/FinInstnId/PstlAdr/Dept,Dept,Max70Text,0,1
pacs.007.001.14,/Document/FIToFIPmtRvsl/GrpHdr/InstgAgt/FinInstnId/PstlAdr/SubDept,SubDept,Max70Text,0,1
pacs.007.001.14,/Document/FIToFIPmtRvsl/GrpHdr/InstgAgt/FinInstnId/PstlAdr/StrtNm,StrtNm,Max140Text,0,1
pacs.007.001.14,/Document/FIToFIPmtRvsl/GrpHdr/InstgAgt/FinInstnId/PstlAdr/BldgNb,BldgNb,Max16Text,0,1
pacs.007.001.14,/Document/FIToFIPmtRvsl/GrpHdr/InstgAgt/FinInstnId/PstlAdr/BldgNm,BldgNm,Max140Text,0,1
pacs.007.001.14,/Document/FIToFIPmtRvsl/GrpHdr/InstgAgt/FinInstnId/PstlAdr/Flr,Flr,Max70Text,0,1
pacs.007.001.14,/Document/FIToFIPmtRvsl/GrpHdr/InstgAgt/FinInstnId/PstlAdr/UnitNb,UnitNb,Max16Text,0,1
pacs.007.001.14,/Document/FIToFIPmtRvsl/GrpHdr/InstgAgt/FinInstnId/PstlAdr/PstBx,PstBx,Max16Text,0,1
pacs.007.001.14,/Document/FIToFIPmtRvsl/GrpHdr/InstgAgt/FinInstnId/PstlAdr/Room,Room,Max70Text,0,1
pacs.007.001.14,/Document/FIToFIPmtRvsl/GrpHdr/InstgAgt/FinInstnId/PstlAdr/PstCd,PstCd,Max16Text,0,1
pacs.007.001.14,/Document/FIToFIPmtRvsl/GrpHdr/InstgAgt/FinInstnId/PstlAdr/TwnNm,TwnNm,Max140Text,0,1
pacs.007.001.14,/Document/FIToFIPmtRvsl/GrpHdr/InstgAgt/FinInstnId/PstlAdr/TwnLctnNm,TwnLctnNm,Max140Text,0,1
pacs.007.001.14,/Document/FIToFIPmtRvsl/GrpHdr/InstgAgt/FinInstnId/PstlAdr/DstrctNm,DstrctNm,Max140Text,0,1
pacs.007.001.14,/Document/FIToFIPmtRvsl/GrpHdr/InstgAgt/FinInstnId/PstlAdr/CtrySubDvsn,CtrySubDvsn,Max35Text,0,1
pacs.007.001.14,/Document/FIToFIPmtRvsl/GrpHdr/InstgAgt/FinInstnId/PstlAdr/Ctry,Ctry,CountryCode,0,1
pacs.007.001.14,/Document/FIToFIPmtRvsl/GrpHdr/InstgAgt/FinInstnId/PstlAdr/AdrLine,AdrLine,Max70Text,0,7
pacs.007.001.14,/Document/FIToFIPmtRvsl/GrpHdr/InstgAgt/FinInstnId/Othr,Othr,GenericFinancialIdentification1,0,1
pacs.007.001.14,/Document/FIToFIPmtRvsl/GrpHdr/InstgAgt/FinInstnId/Othr/Id,Id,Max35Text,1,1
pacs.007.001.14,/Document/FIToFIPmtRvsl/GrpHdr/InstgAgt/FinInstnId/Othr/SchmeNm,SchmeNm,FinancialIdentificationSchemeName1Choice,0,1
pacs.007.001.14,/Document/FIToFIPmtRvsl/GrpHdr/InstgAgt/FinInstnId/Othr/SchmeNm/Cd,Cd,ExternalFinancialInstitutionIdentification1Code,1,1
pacs.007.001.14,/Document/FIToFIPmtRvsl/GrpHdr/InstgAgt/FinInstnId/Othr/SchmeNm/Prtry,Prtry,Max35Text,1,1
pacs.007.001.14,/Document/FIToFIPmtRvsl/GrpHdr/InstgAgt/FinInstnId/Othr/Issr,Issr,Max35Text,0,1
pacs.007.001.14,/Document/FIToFIPmtRvsl/GrpHdr/InstgAgt/BrnchId,BrnchId,BranchData5,0,1
pacs.007.001.14,/Document/FIToFIPmtRvsl/GrpHdr/InstgAgt/BrnchId/Id,Id,Max35Text,0,1
pacs.007.001.14,/Document/FIToFIPmtRvsl/GrpHdr/InstgAgt/BrnchId/LEI,LEI,LEIIdentifier,0,1
pacs.007.001.14,/Document/FIToFIPmtRvsl/GrpHdr/InstgAgt/BrnchId/Nm,Nm,Max140Text,0,1
pacs.007.001.14,/Document/FIToFIPmtRvsl/GrpHdr/InstgAgt/BrnchId/PstlAdr,PstlAdr,PostalAddress27,0,1
pacs.007.001.14,/Document/FIToFIPmtRvsl/GrpHdr/InstgAgt/BrnchId/PstlAdr/AdrTp,AdrTp,AddressType3Choice,0,1
pacs.007.001.14,/Document/FIToFIPmtRvsl/GrpHdr/InstgAgt/BrnchId/PstlAdr/AdrTp/Cd,Cd,AddressType2Code,1,1
pacs.007.001.14,/Document/FIToFIPmtRvsl/GrpHdr/InstgAgt/BrnchId/PstlAdr/AdrTp/Prtry,Prtry,GenericIdentification30,1,1
pacs.007.001.14,/Document/FIToFIPmtRvsl/GrpHdr/InstgAgt/BrnchId/PstlAdr/AdrTp/Prtry/Id,Id,Exact4AlphaNumericText,1,1
pacs.007.001.14,/Document/FIToFIPmtRvsl/GrpHdr/InstgAgt/BrnchId/PstlAdr/AdrTp/Prtry/Issr,Issr,Max35Text,1,1
pacs.007.001.14,/Document/FIToFIPmtRvsl/GrpHdr/InstgAgt/BrnchId/PstlAdr/AdrTp/Prtry/SchmeNm,SchmeNm,Max35Text,0,1
pacs.007.001.14,/Document/FIToFIPmtRvsl/GrpHdr/InstgAgt/BrnchId/PstlAdr/CareOf,CareOf,Max140Text,0,1
pacs.007.001.14,/Document/FIToFIPmtRvsl/GrpHdr/InstgAgt/BrnchId/PstlAdr/Dept,Dept,Max70Text,0,1
pacs.007.001.14,/Document/FIToFIPmtRvsl/GrpHdr/InstgAgt/BrnchId/PstlAdr/SubDept,SubDept,Max70Text,0,1
pacs.007.001.14,/Document/FIToFIPmtRvsl/GrpHdr/InstgAgt/BrnchId/PstlAdr/StrtNm,StrtNm,Max140Text,0,1
pacs.007.001.14,/Document/FIToFIPmtRvsl/GrpHdr/InstgAgt/BrnchId/PstlAdr/BldgNb,BldgNb,Max16Text,0,1
pacs.007.001.14,/Document/FIToFIPmtRvsl/GrpHdr/InstgAgt/BrnchId/PstlAdr/BldgNm,BldgNm,Max140Text,0,1
pacs.007.001.14,/Document/FIToFIPmtRvsl/GrpHdr/InstgAgt/BrnchId/PstlAdr/Flr,Flr,Max70Text,0,1
pacs.007.001.14,/Document/FIToFIPmtRvsl/GrpHdr/InstgAgt/BrnchId/PstlAdr/UnitNb,UnitNb,Max16Text,0,1
pacs.007.001.14,/Document/FIToFIPmtRvsl/GrpHdr/InstgAgt/BrnchId/PstlAdr/PstBx,PstBx,Max16Text,0,1
pacs.007.001.14,/Document/FIToFIPmtRvsl/GrpHdr/InstgAgt/BrnchId/PstlAdr/Room,Room,Max70Text,0,1
pacs.007.001.14,/Document/FIToFIPmtRvsl/GrpHdr/InstgAgt/BrnchId/PstlAdr/PstCd,PstCd,Max16Text,0,1
pacs.007.001.14,/Document/FIToFIPmtRvsl/GrpHdr/InstgAgt/BrnchId/PstlAdr/TwnNm,TwnNm,Max140Text,0,1
pacs.007.001.14,/Document/FIToFIPmtRvsl/GrpHdr/InstgAgt/BrnchId/PstlAdr/TwnLctnNm,TwnLctnNm,Max140Text,0,1
pacs.007.001.14,/Document/FIToFIPmtRvsl/GrpHdr/InstgAgt/BrnchId/PstlAdr/DstrctNm,DstrctNm,Max140Text,0,1
pacs.007.001.14,/Document/FIToFIPmtRvsl/GrpHdr/InstgAgt/BrnchId/PstlAdr/CtrySubDvsn,CtrySubDvsn,Max35Text,0,1
pacs.007.001.14,/Document/FIToFIPmtRvsl/GrpHdr/InstgAgt/BrnchId/PstlAdr/Ctry,Ctry,CountryCode,0,1
pacs.007.001.14,/Document/FIToFIPmtRvsl/GrpHdr/InstgAgt/BrnchId/PstlAdr/AdrLine,AdrLine,Max70Text,0,7
pacs.007.001.14,/Document/FIToFIPmtRvsl/GrpHdr/InstdAgt,InstdAgt,BranchAndFinancialInstitutionIdentification8,0,1
pacs.007.001.14,/Document/FIToFIPmtRvsl/GrpHdr/InstdAgt/FinInstnId,FinInstnId,FinancialInstitutionIdentification23,1,1
pacs.007.001.14,/Document/FIToFIPmtRvsl/GrpHdr/InstdAgt/FinInstnId/BICFI,BICFI,BICFIDec2014Identifier,0,1
pacs.007.001.14,/Document/FIToFIPmtRvsl/GrpHdr/InstdAgt/FinInstnId/ClrSysMmbId,ClrSysMmbId,ClearingSystemMemberIdentification2,0,1
pacs.007.001.14,/Document/FIToFIPmtRvsl/GrpHdr/InstdAgt/FinInstnId/ClrSysMmbId/ClrSysId,ClrSysId,ClearingSystemIdentification2Choice,0,1
pacs.007.001.14,/Document/FIToFIPmtRvsl/GrpHdr/InstdAgt/FinInstnId/ClrSysMmbId/ClrSysId/Cd,Cd,ExternalClearingSystemIdentification1Code,1,1
pacs.007.001.14,/Document/FIToFIPmtRvsl/GrpHdr/InstdAgt/FinInstnId/ClrSysMmbId/ClrSysId/Prtry,Prtry,Max35Text,1,1
pacs.007.001.14,/Document/FIToFIPmtRvsl/GrpHdr/InstdAgt/FinInstnId/ClrSysMmbId/MmbId,MmbId,Max35Text,1,1
pacs.007.001.14,/Document/FIToFIPmtRvsl/GrpHdr/InstdAgt/FinInstnId/LEI,LEI,LEIIdentifier,0,1
pacs.007.001.14,/Document/FIToFIPmtRvsl/GrpHdr/InstdAgt/FinInstnId/Nm,Nm,Max140Text,0,1
pacs.007.001.14,/Document/FIToFIPmtRvsl/GrpHdr/InstdAgt/FinInstnId/PstlAdr,PstlAdr,PostalAddress27,0,1
pacs.007.001.14,/Document/FIToFIPmtRvsl/GrpHdr/InstdAgt/FinInstnId/PstlAdr/AdrTp,AdrTp,AddressType3Choice,0,1
pacs.007.001.14,/Document/FIToFIPmtRvsl/GrpHdr/InstdAgt/FinInstnId/PstlAdr/AdrTp/Cd,Cd,AddressType2Code,1,1
pacs.007.001.14,/Document/FIToFIPmtRvsl/GrpHdr/InstdAgt/FinInstnId/PstlAdr/AdrTp/Prtry,Prtry,GenericIdentification30,1,1
pacs.007.001.14,/Document/FIToFIPmtRvsl/GrpHdr/InstdAgt/FinInstnId/PstlAdr/AdrTp/Prtry/Id,Id,Exact4AlphaNumericText,1,1
pacs.007.001.14,/Document/FIToFIPmtRvsl/GrpHdr/InstdAgt/FinInstnId/PstlAdr/AdrTp/Prtry/Issr,Issr,Max35Text,1,1
pacs.007.001.14,/Document/FIToFIPmtRvsl/GrpHdr/InstdAgt/FinInstnId/PstlAdr/AdrTp/Prtry/SchmeNm,SchmeNm,Max35Text,0,1
pacs.007.001.14,/Document/FIToFIPmtRvsl/GrpHdr/InstdAgt/FinInstnId/PstlAdr/CareOf,CareOf,Max140Text,0,1
pacs.007.001.14,/Document/FIToFIPmtRvsl/GrpHdr/InstdAgt/FinInstnId/PstlAdr/Dept,Dept,Max70Text,0,1
pacs.007.001.14,/Document/FIToFIPmtRvsl/GrpHdr/InstdAgt/FinInstnId/PstlAdr/SubDept,SubDept,Max70Text,0,1
pacs.007.001.14,/Document/FIToFIPmtRvsl/GrpHdr/InstdAgt/FinInstnId/PstlAdr/StrtNm,StrtNm,Max140Text,0,1
pacs.007.001.14,/Document/FIToFIPmtRvsl/GrpHdr/InstdAgt/FinInstnId/PstlAdr/BldgNb,BldgNb,Max16Text,0,1
pacs.007.001.14,/Document/FIToFIPmtRvsl/GrpHdr/InstdAgt/FinInstnId/PstlAdr/BldgNm,BldgNm,Max140Text,0,1
pacs.007.001.14,/Document/FIToFIPmtRvsl/GrpHdr/InstdAgt/FinInstnId/PstlAdr/Flr,Flr,Max70Text,0,1
pacs.007.001.14,/Document/FIToFIPmtRvsl/GrpHdr/InstdAgt/FinInstnId/PstlAdr/UnitNb,UnitNb,Max16Text,0,1
pacs.007.001.14,/Document/FIToFIPmtRvsl/GrpHdr/InstdAgt/FinInstnId/PstlAdr/PstBx,PstBx,Max16Text,0,1
pacs.007.001.14,/Document/FIToFIPmtRvsl/GrpHdr/InstdAgt/FinInstnId/PstlAdr/Room,Room,Max70Text,0,1
pacs.007.001.14,/Document/FIToFIPmtRvsl/GrpHdr/InstdAgt/FinInstnId/PstlAdr/PstCd,PstCd,Max16Text,0,1
pacs.007.001.14,/Document/FIToFIPmtRvsl/GrpHdr/InstdAgt/FinInstnId/PstlAdr/TwnNm,TwnNm,Max140Text,0,1
pacs.007.001.14,/Document/FIToFIPmtRvsl/GrpHdr/InstdAgt/FinInstnId/PstlAdr/TwnLctnNm,TwnLctnNm,Max140Text,0,1
pacs.007.001.14,/Document/FIToFIPmtRvsl/GrpHdr/InstdAgt/FinInstnId/PstlAdr/DstrctNm,DstrctNm,Max140Text,0,1
pacs.007.001.14,/Document/FIToFIPmtRvsl/GrpHdr/InstdAgt/FinInstnId/PstlAdr/CtrySubDvsn,CtrySubDvsn,Max35Text,0,1
pacs.007.001.14,/Document/FIToFIPmtRvsl/GrpHdr/InstdAgt/FinInstnId/PstlAdr/Ctry,Ctry,CountryCode,0,1
pacs.007.001.14,/Document/FIToFIPmtRvsl/GrpHdr/InstdAgt/FinInstnId/PstlAdr/AdrLine,AdrLine,Max70Text,0,7
pacs.007.001.14,/Document/FIToFIPmtRvsl/GrpHdr/InstdAgt/FinInstnId/Othr,Othr,GenericFinancialIdentification1,0,1
pacs.007.001.14,/Document/FIToFIPmtRvsl/GrpHdr/InstdAgt/FinInstnId/Othr/Id,Id,Max35Text,1,1
pacs.007.001.14,/Document/FIToFIPmtRvsl/GrpHdr/InstdAgt/FinInstnId/Othr/SchmeNm,SchmeNm,FinancialIdentificationSchemeName1Choice,0,1
pacs.007.001.14,/Document/FIToFIPmtRvsl/GrpHdr/InstdAgt/FinInstnId/Othr/SchmeNm/Cd,Cd,ExternalFinancialInstitutionIdentification1Code,1,1
pacs.007.001.14,/Document/FIToFIPmtRvsl/GrpHdr/InstdAgt/FinInstnId/Othr/SchmeNm/Prtry,Prtry,Max35Text,1,1
pacs.007.001.14,/Document/FIToFIPmtRvsl/GrpHdr/InstdAgt/FinInstnId/Othr/Issr,Issr,Max35Text,0,1
pacs.007.001.14,/Document/FIToFIPmtRvsl/GrpHdr/InstdAgt/BrnchId,BrnchId,BranchData5,0,1
pacs.007.001.14,/Document/FIToFIPmtRvsl/GrpHdr/InstdAgt/BrnchId/Id,Id,Max35Text,0,1
pacs.007.001.14,/Document/FIToFIPmtRvsl/GrpHdr/InstdAgt/BrnchId/LEI,LEI,LEIIdentifier,0,1
pacs.007.001.14,/Document/FIToFIPmtRvsl/GrpHdr/InstdAgt/BrnchId/Nm,Nm,Max140Text,0,1
pacs.007.001.14,/Document/FIToFIPmtRvsl/GrpHdr/InstdAgt/BrnchId/PstlAdr,PstlAdr,PostalAddress27,0,1
pacs.007.001.14,/Document/FIToFIPmtRvsl/GrpHdr/InstdAgt/BrnchId/PstlAdr/AdrTp,AdrTp,AddressType3Choice,0,1
pacs.007.001.14,/Document/FIToFIPmtRvsl/GrpHdr/InstdAgt/BrnchId/PstlAdr/AdrTp/Cd,Cd,AddressType2Code,1,1
pacs.007.001.14,/Document/FIToFIPmtRvsl/GrpHdr/InstdAgt/BrnchId/PstlAdr/AdrTp/Prtry,Prtry,GenericIdentification30,1,1
pacs.007.001.14,/Document/FIToFIPmtRvsl/GrpHdr/InstdAgt/BrnchId/PstlAdr/AdrTp/Prtry/Id,Id,Exact4AlphaNumericText,1,1
pacs.007.001.14,/Document/FIToFIPmtRvsl/GrpHdr/InstdAgt/BrnchId/PstlAdr/AdrTp/Prtry/Issr,Issr,Max35Text,1,1
pacs.007.001.14,/Document/FIToFIPmtRvsl/GrpHdr/InstdAgt/BrnchId/PstlAdr/AdrTp/Prtry/SchmeNm,SchmeNm,Max35Text,0,1
pacs.007.001.14,/Document/FIToFIPmtRvsl/GrpHdr/InstdAgt/BrnchId/PstlAdr/CareOf,CareOf,Max140Text,0,1
pacs.007.001.14,/Document/FIToFIPmtRvsl/GrpHdr/InstdAgt/BrnchId/PstlAdr/Dept,Dept,Max70Text,0,1
pacs.007.001.14,/Document/FIToFIPmtRvsl/GrpHdr/InstdAgt/BrnchId/PstlAdr/SubDept,SubDept,Max70Text,0,1
pacs.007.001.14,/Document/FIToFIPmtRvsl/GrpHdr/InstdAgt/BrnchId/PstlAdr/StrtNm,StrtNm,Max140Text,0,1
pacs.007.001.14,/Document/FIToFIPmtRvsl/GrpHdr/InstdAgt/BrnchId/PstlAdr/BldgNb,BldgNb,Max16Text,0,1
pacs.007.001.14,/Document/FIToFIPmtRvsl/GrpHdr/InstdAgt/BrnchId/PstlAdr/BldgNm,BldgNm,Max140Text,0,1
pacs.007.001.14,/Document/FIToFIPmtRvsl/GrpHdr/InstdAgt/BrnchId/PstlAdr/Flr,Flr,Max70Text,0,1
pacs.007.001.14,/Document/FIToFIPmtRvsl/GrpHdr/InstdAgt/BrnchId/PstlAdr/UnitNb,UnitNb,Max16Text,0,1
pacs.007.001.14,/Document/FIToFIPmtRvsl/GrpHdr/InstdAgt/BrnchId/PstlAdr/PstBx,PstBx,Max16Text,0,1
pacs.007.001.14,/Document/FIToFIPmtRvsl/GrpHdr/InstdAgt/BrnchId/PstlAdr/Room,Room,Max70Text,0,1
pacs.007.001.14,/Document/FIToFIPmtRvsl/GrpHdr/InstdAgt/BrnchId/PstlAdr/PstCd,PstCd,Max16Text,0,1
pacs.007.001.14,/Document/FIToFIPmtRvsl/GrpHdr/InstdAgt/BrnchId/PstlAdr/TwnNm,TwnNm,Max140Text,0,1
pacs.007.001.14,/Document/FIToFIPmtRvsl/GrpHdr/InstdAgt/BrnchId/PstlAdr/TwnLctnNm,TwnLctnNm,Max140Text,0,1
pacs.007.001.14,/Document/FIToFIPmtRvsl/GrpHdr/InstdAgt/BrnchId/PstlAdr/DstrctNm,DstrctNm,Max140Text,0,1
pacs.007.001.14,/Document/FIToFIPmtRvsl/GrpHdr/InstdAgt/BrnchId/PstlAdr/CtrySubDvsn,CtrySubDvsn,Max35Text,0,1
pacs.007.001.14,/Document/FIToFIPmtRvsl/GrpHdr/InstdAgt/BrnchId/PstlAdr/Ctry,Ctry,CountryCode,0,1
pacs.007.001.14,/Document/FIToFIPmtRvsl/GrpHdr/InstdAgt/BrnchId/PstlAdr/AdrLine,AdrLine,Max70Text,0,7
pacs.007.001.14,/Document/FIToFIPmtRvsl/OrgnlGrpInf,OrgnlGrpInf,OriginalGroupHeader20,0,1
pacs.007.001.14,/Document/FIToFIPmtRvsl/OrgnlGrpInf/OrgnlMsgId,OrgnlMsgId,Max35Text,1,1
pacs.007.001.14,/Document/FIToFIPmtRvsl/OrgnlGrpInf/OrgnlMsgNmId,OrgnlMsgNmId,Max35Text,1,1
pacs.007.001.14,/Document/FIToFIPmtRvsl/OrgnlGrpInf/OrgnlCreDtTm,OrgnlCreDtTm,ISODateTime,0,1
pacs.007.001.14,/Document/FIToFIPmtRvsl/OrgnlGrpInf/RvslRsnInf,RvslRsnInf,PaymentReversalReason10,0,
pacs.007.001.14,/Document/FIToFIPmtRvsl/OrgnlGrpInf/RvslRsnInf/Orgtr,Orgtr,PartyIdentification272,0,1
pacs.007.001.14,/Document/FIToFIPmtRvsl/OrgnlGrpInf/RvslRsnInf/Orgtr/Nm,Nm,Max140Text,0,1
pacs.007.001.14,/Document/FIToFIPmtRvsl/OrgnlGrpInf/RvslRsnInf/Orgtr/PstlAdr,PstlAdr,PostalAddress27,0,1
pacs.007.001.14,/Document/FIToFIPmtRvsl/OrgnlGrpInf/RvslRsnInf/Orgtr/PstlAdr/AdrTp,AdrTp,AddressType3Choice,0,1
pacs.007.001.14,/Document/FIToFIPmtRvsl/OrgnlGrpInf/RvslRsnInf/Orgtr/PstlAdr/AdrTp/Cd,Cd,AddressType2Code,1,1
pacs.007.001.14,/Document/FIToFIPmtRvsl/OrgnlGrpInf/RvslRsnInf/Orgtr/PstlAdr/AdrTp/Prtry,Prtry,GenericIdentification30,1,1
pacs.007.001.14,/Document/FIToFIPmtRvsl/OrgnlGrpInf/RvslRsnInf/Orgtr/PstlAdr/AdrTp/Prtry/Id,Id,Exact4AlphaNumericText,1,1
pacs.007.001.14,/Document/FIToFIPmtRvsl/OrgnlGrpInf/RvslRsnInf/Orgtr/PstlAdr/AdrTp/Prtry/Issr,Issr,Max35Text,1,1
pacs.007.001.14,/Document/FIToFIPmtRvsl/OrgnlGrpInf/RvslRsnInf/Orgtr/PstlAdr/AdrTp/Prtry/SchmeNm,SchmeNm,Max35Text,0,1
pacs.007.001.14,/Document/FIToFIPmtRvsl/OrgnlGrpInf/RvslRsnInf/Orgtr/PstlAdr/CareOf,CareOf,Max140Text,0,1
pacs.007.001.14,/Document/FIToFIPmtRvsl/OrgnlGrpInf/RvslRsnInf/Orgtr/PstlAdr/Dept,Dept,Max70Text,0,1
pacs.007.001.14,/Document/FIToFIPmtRvsl/OrgnlGrpInf/RvslRsnInf/Orgtr/PstlAdr/SubDept,SubDept,Max70Text,0,1
pacs.007.001.14,/Document/FIToFIPmtRvsl/OrgnlGrpInf/RvslRsnInf/Orgtr/PstlAdr/StrtNm,StrtNm,Max140Text,0,1
pacs.007.001.14,/Document/FIToFIPmtRvsl/OrgnlGrpInf/RvslRsnInf/Orgtr/PstlAdr/BldgNb,BldgNb,Max16Text,0,1
pacs.007.001.14,/Document/FIToFIPmtRvsl/OrgnlGrpInf/RvslRsnInf/Orgtr/PstlAdr/BldgNm,BldgNm,Max140Text,0,1
pacs.007.001.14,/Document/FIToFIPmtRvsl/OrgnlGrpInf/RvslRsnInf/Orgtr/PstlAdr/Flr,Flr,Max70Text,0,1
pacs.007.001.14,/Document/FIToFIPmtRvsl/OrgnlGrpInf/RvslRsnInf/Orgtr/PstlAdr/UnitNb,UnitNb,Max16Text,0,1
pacs.007.001.14,/Document/FIToFIPmtRvsl/OrgnlGrpInf/RvslRsnInf/Orgtr/PstlAdr/PstBx,PstBx,Max16Text,0,1
pacs.007.001.14,/Document/FIToFIPmtRvsl/OrgnlGrpInf/RvslRsnInf/Orgtr/PstlAdr/Room,Room,Max70Text,0,1
pacs.007.001.14,/Document/FIToFIPmtRvsl/OrgnlGrpInf/RvslRsnInf/Orgtr/PstlAdr/PstCd,PstCd,Max16Text,0,1
pacs.007.001.14,/Document/FIToFIPmtRvsl/OrgnlGrpInf/RvslRsnInf/Orgtr/PstlAdr/TwnNm,TwnNm,Max140Text,0,1
pacs.007.001.14,/Document/FIToFIPmtRvsl/OrgnlGrpInf/RvslRsnInf/Orgtr/PstlAdr/TwnLctnNm,TwnLctnNm,Max140Text,0,1
pacs.007.001.14,/Document/FIToFIPmtRvsl/OrgnlGrpInf/RvslRsnInf/Orgtr/PstlAdr/DstrctNm,DstrctNm,Max140Text,0,1
pacs.007.001.14,/Document/FIToFIPmtRvsl/OrgnlGrpInf/RvslRsnInf/Orgtr/PstlAdr/CtrySubDvsn,CtrySubDvsn,Max35Text,0,1
pacs.007.001.14,/Document/FIToFIPmtRvsl/OrgnlGrpInf/RvslRsnInf/Orgtr/PstlAdr/Ctry,Ctry,CountryCode,0,1
pacs.007.001.14,/Document/FIToFIPmtRvsl/OrgnlGrpInf/RvslRsnInf/Orgtr/PstlAdr/AdrLine,AdrLine,Max70Text,0,7
pacs.007.001.14,/Document/FIToFIPmtRvsl/OrgnlGrpInf/RvslRsnInf/Orgtr/Id,Id,Party52Choice,0,1
pacs.007.001.14,/Document/FIToFIPmtRvsl/OrgnlGrpInf/RvslRsnInf/Orgtr/Id/OrgId,OrgId,OrganisationIdentification39,1,1
pacs.007.001.14,/Document/FIToFIPmtRvsl/OrgnlGrpInf/RvslRsnInf/Orgtr/Id/OrgId/AnyBIC,AnyBIC,AnyBICDec2014Identifier,0,1
pacs.007.001.14,/Document/FIToFIPmtRvsl/OrgnlGrpInf/RvslRsnInf/Orgtr/Id/OrgId/LEI,LEI,LEIIdentifier,0,1
pacs.007.001.14,/Document/FIToFIPmtRvsl/OrgnlGrpInf/RvslRsnInf/Orgtr/Id/OrgId/Othr,Othr,GenericOrganisationIdentification3,0,
pacs.007.001.14,/Document/FIToFIPmtRvsl/OrgnlGrpInf/RvslRsnInf/Orgtr/Id/OrgId/Othr/Id,Id,Max256Text,1,1
pacs.007.001.14,/Document/FIToFIPmtRvsl/OrgnlGrpInf/RvslRsnInf/Orgtr/Id/OrgId/Othr/SchmeNm,SchmeNm,OrganisationIdentificationSchemeName1Choice,0,1
pacs.007.001.14,/Document/FIToFIPmtRvsl/OrgnlGrpInf/RvslRsnInf/Orgtr/Id/OrgId/Othr/SchmeNm/Cd,Cd,ExternalOrganisationIdentification1Code,1,1
pacs.007.001.14,/Document/FIToFIPmtRvsl/OrgnlGrpInf/RvslRsnInf/Orgtr/Id/OrgId/Othr/SchmeNm/Prtry,Prtry,Max35Text,1,1
pacs.007.001.14,/Document/FIToFIPmtRvsl/OrgnlGrpInf/RvslRsnInf/Orgtr/Id/OrgId/Othr/Issr,Issr,Max35Text,0,1
pacs.007.001.14,/Document/FIToFIPmtRvsl/OrgnlGrpInf/RvslRsnInf/Orgtr/Id/PrvtId,PrvtId,PersonIdentification18,1,1
pacs.007.001.14,/Document/FIToFIPmtRvsl/OrgnlGrpInf/RvslRsnInf/Orgtr/Id/PrvtId/DtAndPlcOfBirth,DtAndPlcOfBirth,DateAndPlaceOfBirth1,0,1
pacs.007.001.14,/Document/FIToFIPmtRvsl/OrgnlGrpInf/RvslRsnInf/Orgtr/Id/PrvtId/DtAndPlcOfBirth/BirthDt,BirthDt,ISODate,1,1
pacs.007.001.14,/Document/FIToFIPmtRvsl/OrgnlGrpInf/RvslRsnInf/Orgtr/Id/PrvtId/DtAndPlcOfBirth/PrvcOfBirth,PrvcOfBirth,Max35Text,0,1
pacs.007.001.14,/Document/FIToFIPmtRvsl/OrgnlGrpInf/RvslRsnInf/Orgtr/Id/PrvtId/DtAndPlcOfBirth/CityOfBirth,CityOfBirth,Max35Text,1,1
pacs.007.001.14,/Document/FIToFIPmtRvsl/OrgnlGrpInf/RvslRsnInf/Orgtr/Id/PrvtId/DtAndPlcOfBirth/CtryOfBirth,CtryOfBirth,CountryCode,1,1
pacs.007.001.14,/Document/FIToFIPmtRvsl/OrgnlGrpInf/RvslRsnInf/Orgtr/Id/PrvtId/Othr,Othr,GenericPersonIdentification2,0,
pacs.007.001.14,/Document/FIToFIPmtRvsl/OrgnlGrpInf/RvslRsnInf/Orgtr/Id/PrvtId/Othr/Id,Id,Max256Text,1,1
pacs.007.001.14,/Document/FIToFIPmtRvsl/OrgnlGrpInf/RvslRsnInf/Orgtr/Id/PrvtId/Othr/SchmeNm,SchmeNm,PersonIdentificationSchemeName1Choice,0,1
pacs.007.001.14,/Document/FIToFIPmtRvsl/OrgnlGrpInf/RvslRsnInf/Orgtr/Id/PrvtId/Othr/SchmeNm/Cd,Cd,ExternalPersonIdentification1Code,1,1
pacs.007.001.14,/Document/FIToFIPmtRvsl/OrgnlGrpInf/RvslRsnInf/Orgtr/Id/PrvtId/Othr/SchmeNm/Prtry,Prtry,Max35Text,1,1
pacs.007.001.14,/Document/FIToFIPmtRvsl/OrgnlGrpInf/RvslRsnInf/Orgtr/Id/PrvtId/Othr/Issr,Issr,Max35Text,0,1
pacs.007.001.14,/Document/FIToFIPmtRvsl/OrgnlGrpInf/RvslRsnInf/Orgtr/CtryOfRes,CtryOfRes,CountryCode,0,1
pacs.007.001.14,/Document/FIToFIPmtRvsl/OrgnlGrpInf/RvslRsnInf/Orgtr/CtctDtls,CtctDtls,Contact13,0,1
pacs.007.001.14,/Document/FIToFIPmtRvsl/OrgnlGrpInf/RvslRsnInf/Orgtr/CtctDtls/NmPrfx,NmPrfx,NamePrefix2Code,0,1
pacs.007.001.14,/Document/FIToFIPmtRvsl/OrgnlGrpInf/RvslRsnInf/Orgtr/CtctDtls/Nm,Nm,Max140Text,0,1
pacs.007.001.14,/Document/FIToFIPmtRvsl/OrgnlGrpInf/RvslRsnInf/Orgtr/CtctDtls/PhneNb,PhneNb,PhoneNumber,0,1
pacs.007.001.14,/Document/FIToFIPmtRvsl/OrgnlGrpInf/RvslRsnInf/Orgtr/CtctDtls/MobNb,MobNb,PhoneNumber,0,1
pacs.007.001.14,/Document/FIToFIPmtRvsl/OrgnlGrpInf/RvslRsnInf/Orgtr/CtctDtls/FaxNb,FaxNb,PhoneNumber,0,1
pacs.007.001.14,/Document/FIToFIPmtRvsl/OrgnlGrpInf/RvslRsnInf/Orgtr/CtctDtls/URLAdr,URLAdr,Max2048Text,0,1
pacs.007.001.14,/Document/FIToFIPmtRvsl/OrgnlGrpInf/RvslRsnInf/Orgtr/CtctDtls/EmailAdr,EmailAdr,Max256Text,0,1
pacs.007.001.14,/Document/FIToFIPmtRvsl/OrgnlGrpInf/RvslRsnInf/Orgtr/CtctDtls/EmailPurp,EmailPurp,Max35Text,0,1
pacs.007.001.14,/Document/FIToFIPmtRvsl/OrgnlGrpInf/RvslRsnInf/Orgtr/CtctDtls/JobTitl,JobTitl,Max35Text,0,1
pacs.007.001.14,/Document/FIToFIPmtRvsl/OrgnlGrpInf/RvslRsnInf/Orgtr/CtctDtls/Rspnsblty,Rspnsblty,Max35Text,0,1
pacs.007.001.14,/Document/FIToFIPmtRvsl/OrgnlGrpInf/RvslRsnInf/Orgtr/CtctDtls/Dept,Dept,Max70Text,0,1
pacs.007.001.14,/Document/FIToFIPmtRvsl/OrgnlGrpInf/RvslRsnInf/Orgtr/CtctDtls/Othr,Othr,OtherContact1,0,
pacs.007.001.14,/Document/FIToFIPmtRvsl/OrgnlGrpInf/RvslRsnInf/Orgtr/CtctDtls/Othr/ChanlTp,ChanlTp,Max4Text,1,1
pacs.007.001.14,/Document/FIToFIPmtRvsl/OrgnlGrpInf/RvslRsnInf/Orgtr/CtctDtls/Othr/Id,Id,Max128Text,0,1
pacs.007.001.14,/Document/FIToFIPmtRvsl/OrgnlGrpInf/RvslRsnInf/Orgtr/CtctDtls/PrefrdMtd,PrefrdMtd,PreferredContactMethod2Code,0,1
pacs.007.001.14,/Document/FIToFIPmtRvsl/OrgnlGrpInf/RvslRsnInf/Rsn,Rsn,ReversalReason4Choice,0,1
pacs.007.001.14,/Document/FIToFIPmtRvsl/OrgnlGrpInf/RvslRsnInf/Rsn/Cd,Cd,ExternalReversalReason1Code,1,1
pacs.007.001.14,/Document/FIToFIPmtRvsl/OrgnlGrpInf/RvslRsnInf/Rsn/Prtry,Prtry,Max35Text,1,1
pacs.007.001.14,/Document/FIToFIPmtRvsl/OrgnlGrpInf/RvslRsnInf/AddtlInf,AddtlInf,Max105Text,0,
pacs.007.001.14,/Document/FIToFIPmtRvsl/TxInf,TxInf,PaymentTransaction182,0,
pacs.007.001.14,/Document/FIToFIPmtRvsl/TxInf/RvslId,RvslId,Max35Text,0,1
pacs.007.001.14,/Document/FIToFIPmtRvsl/TxInf/OrgnlGrpInf,OrgnlGrpInf,OriginalGroupInformation33,0,1
pacs.007.001.14,/Document/FIToFIPmtRvsl/TxInf/OrgnlGrpInf/OrgnlMsgId,OrgnlMsgId,Max35Text,1,1
pacs.007.001.14,/Document/FIToFIPmtRvsl/TxInf/OrgnlGrpInf/OrgnlMsgNmId,OrgnlMsgNmId,Max35Text,1,1
pacs.007.001.14,/Document/FIToFIPmtRvsl/TxInf/OrgnlGrpInf/OrgnlCreDtTm,OrgnlCreDtTm,ISODateTime,0,1
pacs.007.001.14,/Document/FIToFIPmtRvsl/TxInf/OrgnlInstrId,OrgnlInstrId,Max35Text,0,1
pacs.007.001.14,/Document/FIToFIPmtRvsl/TxInf/OrgnlEndToEndId,OrgnlEndToEndId,Max35Text,0,1
pacs.007.001.14,/Document/FIToFIPmtRvsl/TxInf/OrgnlTxId,OrgnlTxId,Max35Text,0,1
pacs.007.001.14,/Document/FIToFIPmtRvsl/TxInf/OrgnlUETR,OrgnlUETR,UUIDv4Identifier,0,1
pacs.007.001.14,/Document/FIToFIPmtRvsl/TxInf/OrgnlClrSysRef,OrgnlClrSysRef,Max35Text,0,1
pacs.007.001.14,/Document/FIToFIPmtRvsl/TxInf/OrgnlIntrBkSttlmAmt,OrgnlIntrBkSttlmAmt,ActiveOrHistoricCurrencyAndAmount,0,1
pacs.007.001.14,/Document/FIToFIPmtRvsl/TxInf/RvsdIntrBkSttlmAmt,RvsdIntrBkSttlmAmt,ActiveCurrencyAndAmount,1,1
pacs.007.001.14,/Document/FIToFIPmtRvsl/TxInf/IntrBkSttlmDt,IntrBkSttlmDt,ISODate,0,1
pacs.007.001.14,/Document/FIToFIPmtRvsl/TxInf/SttlmPrty,SttlmPrty,Priority3Code,0,1
pacs.007.001.14,/Document/FIToFIPmtRvsl/TxInf/SttlmTmIndctn,SttlmTmIndctn,SettlementDateTimeIndication1,0,1
pacs.007.001.14,/Document/FIToFIPmtRvsl/TxInf/SttlmTmIndctn/DbtDtTm,DbtDtTm,ISODateTime,0,1
pacs.007.001.14,/Document/FIToFIPmtRvsl/TxInf/SttlmTmIndctn/CdtDtTm,CdtDtTm,ISODateTime,0,1
pacs.007.001.14,/Document/FIToFIPmtRvsl/TxInf/RvsdInstdAmt,RvsdInstdAmt,ActiveOrHistoricCurrencyAndAmount,0,1
pacs.007.001.14,/Document/FIToFIPmtRvsl/TxInf/XchgRate,XchgRate,BaseOneRate,0,1
pacs.007.001.14,/Document/FIToFIPmtRvsl/TxInf/CompstnAmt,CompstnAmt,ActiveOrHistoricCurrencyAndAmount,0,1
pacs.007.001.14,/Document/FIToFIPmtRvsl/TxInf/ChrgBr,ChrgBr,ChargeBearerType1Code,0,1
pacs.007.001.14,/Document/FIToFIPmtRvsl/TxInf/ChrgsInf,ChrgsInf,Charges16,0,
pacs.007.001.14,/Document/FIToFIPmtRvsl/TxInf/ChrgsInf/Amt,Amt,ActiveOrHistoricCurrencyAndAmount,1,1
pacs.007.001.14,/Document/FIToFIPmtRvsl/TxInf/ChrgsInf/Agt,Agt,BranchAndFinancialInstitutionIdentification8,1,1
pacs.007.001.14,/Document/FIToFIPmtRvsl/TxInf/ChrgsInf/Agt/FinInstnId,FinInstnId,FinancialInstitutionIdentification23,1,1
pacs.007.001.14,/Document/FIToFIPmtRvsl/TxInf/ChrgsInf/Agt/FinInstnId/BICFI,BICFI,BICFIDec2014Identifier,0,1
pacs.007.001.14,/Document/FIToFIPmtRvsl/TxInf/ChrgsInf/Agt/FinInstnId/ClrSysMmbId,ClrSysMmbId,ClearingSystemMemberIdentification2,0,1
pacs.007.001.14,/Document/FIToFIPmtRvsl/TxInf/ChrgsInf/Agt/FinInstnId/ClrSysMmbId/ClrSysId,ClrSysId,ClearingSystemIdentification2Choice,0,1
pacs.007.001.14,/Document/FIToFIPmtRvsl/TxInf/ChrgsInf/Agt/FinInstnId/ClrSysMmbId/ClrSysId/Cd,Cd,ExternalClearingSystemIdentification1Code,1,1
pacs.007.001.14,/Document/FIToFIPmtRvsl/TxInf/ChrgsInf/Agt/FinInstnId/ClrSysMmbId/ClrSysId/Prtry,Prtry,Max35Text,1,1
pacs.007.001.14,/Document/FIToFIPmtRvsl/TxInf/ChrgsInf/Agt/FinInstnId/ClrSysMmbId/MmbId,MmbId,Max35Text,1,1
pacs.007.001.14,/Document/FIToFIPmtRvsl/TxInf/ChrgsInf/Agt/FinInstnId/LEI,LEI,LEIIdentifier,0,1
pacs.007.001.14,/Document/FIToFIPmtRvsl/TxInf/ChrgsInf/Agt/FinInstnId/Nm,Nm,Max140Text,0,1
pacs.007.001.14,/Document/FIToFIPmtRvsl/TxInf/ChrgsInf/Agt/FinInstnId/PstlAdr,PstlAdr,PostalAddress27,0,1
pacs.007.001.14,/Document/FIToFIPmtRvsl/TxInf/ChrgsInf/Agt/FinInstnId/PstlAdr/AdrTp,AdrTp,AddressType3Choice,0,1
pacs.007.001.14,/Document/FIToFIPmtRvsl/TxInf/ChrgsInf/Agt/FinInstnId/PstlAdr/AdrTp/Cd,Cd,AddressType2Code,1,1
pacs.007.001.14,/Document/FIToFIPmtRvsl/TxInf/ChrgsInf/Agt/FinInstnId/PstlAdr/AdrTp/Prtry,Prtry,GenericIdentification30,1,1
pacs.007.001.14,/Document/FIToFIPmtRvsl/TxInf/ChrgsInf/Agt/FinInstnId/PstlAdr/AdrTp/Prtry/Id,Id,Exact4AlphaNumericText,1,1
pacs.007.001.14,/Document/FIToFIPmtRvsl/TxInf/ChrgsInf/Agt/FinInstnId/PstlAdr/AdrTp/Prtry/Issr,Issr,Max35Text,1,1
pacs.007.001.14,/Document/FIToFIPmtRvsl/TxInf/ChrgsInf/Agt/FinInstnId/PstlAdr/AdrTp/Prtry/SchmeNm,SchmeNm,Max35Text,0,1
pacs.007.001.14,/Document/FIToFIPmtRvsl/TxInf/ChrgsInf/Agt/FinInstnId/PstlAdr/CareOf,CareOf,Max140Text,0,1
pacs.007.001.14,/Document/FIToFIPmtRvsl/TxInf/ChrgsInf/Agt/FinInstnId/PstlAdr/Dept,Dept,Max70Text,0,1
pacs.007.001.14,/Document/FIToFIPmtRvsl/TxInf/ChrgsInf/Agt/FinInstnId/PstlAdr/SubDept,SubDept,Max70Text,0,1
pacs.007.001.14,/Document/FIToFIPmtRvsl/TxInf/ChrgsInf/Agt/FinInstnId/PstlAdr/StrtNm,StrtNm,Max140Text,0,1
pacs.007.001.14,/Document/FIToFIPmtRvsl/TxInf/ChrgsInf/Agt/FinInstnId/PstlAdr/BldgNb,BldgNb,Max16Text,0,1
pacs.007.001.14,/Document/FIToFIPmtRvsl/TxInf/ChrgsInf/Agt/FinInstnId/PstlAdr/BldgNm,BldgNm,Max140Text,0,1
pacs.007.001.14,/Document/FIToFIPmtRvsl/TxInf/ChrgsInf/Agt/FinInstnId/PstlAdr/Flr,Flr,Max70Text,0,1
pacs.007.001.14,/Document/FIToFIPmtRvsl/TxInf/ChrgsInf/Agt/FinInstnId/PstlAdr/UnitNb,UnitNb,Max16Text,0,1
pacs.007.001.14,/Document/FIToFIPmtRvsl/TxInf/ChrgsInf/Agt/FinInstnId/PstlAdr/PstBx,PstBx,Max16Text,0,1
pacs.007.001.14,/Document/FIToFIPmtRvsl/TxInf/ChrgsInf/Agt/FinInstnId/PstlAdr/Room,Room,Max70Text,0,1
pacs.007.001.14,/Document/FIToFIPmtRvsl/TxInf/ChrgsInf/Agt/FinInstnId/PstlAdr/PstCd,PstCd,Max16Text,0,1
pacs.007.001.14,/Document/FIToFIPmtRvsl/TxInf/ChrgsInf/Agt/FinInstnId/PstlAdr/TwnNm,TwnNm,Max140Text,0,1
pacs.007.001.14,/Document/FIToFIPmtRvsl/TxInf/ChrgsInf/Agt/FinInstnId/PstlAdr/TwnLctnNm,TwnLctnNm,Max140Text,0,1
pacs.007.001.14,/Document/FIToFIPmtRvsl/TxInf/ChrgsInf/Agt/FinInstnId/PstlAdr/DstrctNm,DstrctNm,Max140Text,0,1
pacs.007.001.14,/Document/FIToFIPmtRvsl/TxInf/ChrgsInf/Agt/FinInstnId/PstlAdr/CtrySubDvsn,CtrySubDvsn,Max35Text,0,1
pacs.007.001.14,/Document/FIToFIPmtRvsl/TxInf/ChrgsInf/Agt/FinInstnId/PstlAdr/Ctry,Ctry,CountryCode,0,1
pacs.007.001.14,/Document/FIToFIPmtRvsl/TxInf/ChrgsInf/Agt/FinInstnId/PstlAdr/AdrLine,AdrLine,Max70Text,0,7
pacs.007.001.14,/Document/FIToFIPmtRvsl/TxInf/ChrgsInf/Agt/FinInstnId/Othr,Othr,GenericFinancialIdentification1,0,1
pacs.007.001.14,/Document/FIToFIPmtRvsl/TxInf/ChrgsInf/Agt/FinInstnId/Othr/Id,Id,Max35Text,1,1
pacs.007.001.14,/Document/FIToFIPmtRvsl/TxInf/ChrgsInf/Agt/FinInstnId/Othr/SchmeNm,SchmeNm,FinancialIdentificationSchemeName1Choice,0,1
pacs.007.001.14,/Document/FIToFIPmtRvsl/TxInf/ChrgsInf/Agt/FinInstnId/Othr/SchmeNm/Cd,Cd,ExternalFinancialInstitutionIdentification1Code,1,1
pacs.007.001.14,/Document/FIToFIPmtRvsl/TxInf/ChrgsInf/Agt/FinInstnId/Othr/SchmeNm/Prtry,Prtry,Max35Text,1,1
pacs.007.001.14,/Document/FIToFIPmtRvsl/TxInf/ChrgsInf/Agt/FinInstnId/Othr/Issr,Issr,Max35Text,0,1
pacs.007.001.14,/Document/FIToFIPmtRvsl/TxInf/ChrgsInf/Agt/BrnchId,BrnchId,BranchData5,0,1
pacs.007.001.14,/Document/FIToFIPmtRvsl/TxInf/ChrgsInf/Agt/BrnchId/Id,Id,Max35Text,0,1
pacs.007.001.14,/Document/FIToFIPmtRvsl/TxInf/ChrgsInf/Agt/BrnchId/LEI,LEI,LEIIdentifier,0,1
pacs.007.001.14,/Document/FIToFIPmtRvsl/TxInf/ChrgsInf/Agt/BrnchId/Nm,Nm,Max140Text,0,1
pacs.007.001.14,/Document/FIToFIPmtRvsl/TxInf/ChrgsInf/Agt/BrnchId/PstlAdr,PstlAdr,PostalAddress27,0,1
pacs.007.001.14,/Document/FIToFIPmtRvsl/TxInf/ChrgsInf/Agt/BrnchId/PstlAdr/AdrTp,AdrTp,AddressType3Choice,0,1
pacs.007.001.14,/Document/FIToFIPmtRvsl/TxInf/ChrgsInf/Agt/BrnchId/PstlAdr/AdrTp/Cd,Cd,AddressType2Code,1,1
pacs.007.001.14,/Document/FIToFIPmtRvsl/TxInf/ChrgsInf/Agt/BrnchId/PstlAdr/AdrTp/Prtry,Prtry,GenericIdentification30,1,1
pacs.007.001.14,/Document/FIToFIPmtRvsl/TxInf/ChrgsInf/Agt/BrnchId/PstlAdr/AdrTp/Prtry/Id,Id,Exact4AlphaNumericText,1,1
pacs.007.001.14,/Document/FIToFIPmtRvsl/TxInf/ChrgsInf/Agt/BrnchId/PstlAdr/AdrTp/Prtry/Issr,Issr,Max35Text,1,1
pacs.007.001.14,/Document/FIToFIPmtRvsl/TxInf/ChrgsInf/Agt/BrnchId/PstlAdr/AdrTp/Prtry/SchmeNm,SchmeNm,Max35Text,0,1
pacs.007.001.14,/Document/FIToFIPmtRvsl/TxInf/ChrgsInf/Agt/BrnchId/PstlAdr/CareOf,CareOf,Max140Text,0,1
pacs.007.001.14,/Document/FIToFIPmtRvsl/TxInf/ChrgsInf/Agt/BrnchId/PstlAdr/Dept,Dept,Max70Text,0,1
pacs.007.001.14,/Document/FIToFIPmtRvsl/TxInf/ChrgsInf/Agt/BrnchId/PstlAdr/SubDept,SubDept,Max70Text,0,1
pacs.007.001.14,/Document/FIToFIPmtRvsl/TxInf/ChrgsInf/Agt/BrnchId/PstlAdr/StrtNm,StrtNm,Max140Text,0,1
pacs.007.001.14,/Document/FIToFIPmtRvsl/TxInf/ChrgsInf/Agt/BrnchId/PstlAdr/BldgNb,BldgNb,Max16Text,0,1
pacs.007.001.14,/Document/FIToFIPmtRvsl/TxInf/ChrgsInf/Agt/BrnchId/PstlAdr/BldgNm,BldgNm,Max140Text,0,1
pacs.007.001.14,/Document/FIToFIPmtRvsl/TxInf/ChrgsInf/Agt/BrnchId/PstlAdr/Flr,Flr,Max70Text,0,1
pacs.007.001.14,/Document/FIToFIPmtRvsl/TxInf/ChrgsInf/Agt/BrnchId/PstlAdr/UnitNb,UnitNb,Max16Text,0,1
pacs.007.001.14,/Document/FIToFIPmtRvsl/TxInf/ChrgsInf/Agt/BrnchId/PstlAdr/PstBx,PstBx,Max16Text,0,1
pacs.007.001.14,/Document/FIToFIPmtRvsl/TxInf/ChrgsInf/Agt/BrnchId/PstlAdr/Room,Room,Max70Text,0,1
pacs.007.001.14,/Document/FIToFIPmtRvsl/TxInf/ChrgsInf/Agt/BrnchId/PstlAdr/PstCd,PstCd,Max16Text,0,1
pacs.007.001.14,/Document/FIToFIPmtRvsl/TxInf/ChrgsInf/Agt/BrnchId/PstlAdr/TwnNm,TwnNm,Max140Text,0,1
pacs.007.001.14,/Document/FIToFIPmtRvsl/TxInf/ChrgsInf/Agt/BrnchId/PstlAdr/TwnLctnNm,TwnLctnNm,Max140Text,0,1
pacs.007.001.14,/Document/FIToFIPmtRvsl/TxInf/ChrgsInf/Agt/BrnchId/PstlAdr/DstrctNm,DstrctNm,Max140Text,0,1
pacs.007.001.14,/Document/FIToFIPmtRvsl/TxInf/ChrgsInf/Agt/BrnchId/PstlAdr/CtrySubDvsn,CtrySubDvsn,Max35Text,0,1
pacs.007.001.14,/Document/FIToFIPmtRvsl/TxInf/ChrgsInf/Agt/BrnchId/PstlAdr/Ctry,Ctry,CountryCode,0,1
pacs.007.001.14,/Document/FIToFIPmtRvsl/TxInf/ChrgsInf/Agt/BrnchId/PstlAdr/AdrLine,AdrLine,Max70Text,0,7
pacs.007.001.14,/Document/FIToFIPmtRvsl/TxInf/ChrgsInf/Tp,Tp,ChargeType3Choice,0,1
pacs.007.001.14,/Document/FIToFIPmtRvsl/TxInf/ChrgsInf/Tp/Cd,Cd,ExternalChargeType1Code,1,1
pacs.007.001.14,/Document/FIToFIPmtRvsl/TxInf/ChrgsInf/Tp/Prtry,Prtry,GenericIdentification3,1,1
pacs.007.001.14,/Document/FIToFIPmtRvsl/TxInf/ChrgsInf/Tp/Prtry/Id,Id,Max35Text,1,1
pacs.007.001.14,/Document/FIToFIPmtRvsl/TxInf/ChrgsInf/Tp/Prtry/Issr,Issr,Max35Text,0,1
pacs.007.001.14,/Document/FIToFIPmtRvsl/TxInf/InstgAgt,InstgAgt,BranchAndFinancialInstitutionIdentification8,0,1
pacs.007.001.14,/Document/FIToFIPmtRvsl/TxInf/InstgAgt/FinInstnId,FinInstnId,FinancialInstitutionIdentification23,1,1
pacs.007.001.14,/Document/FIToFIPmtRvsl/TxInf/InstgAgt/FinInstnId/BICFI,BICFI,BICFIDec2014Identifier,0,1
pacs.007.001.14,/Document/FIToFIPmtRvsl/TxInf/InstgAgt/FinInstnId/ClrSysMmbId,ClrSysMmbId,ClearingSystemMemberIdentification2,0,1
pacs.007.001.14,/Document/FIToFIPmtRvsl/TxInf/InstgAgt/FinInstnId/ClrSysMmbId/ClrSysId,ClrSysId,ClearingSystemIdentification2Choice,0,1
pacs.007.001.14,/Document/FIToFIPmtRvsl/TxInf/InstgAgt/FinInstnId/ClrSysMmbId/ClrSysId/Cd,Cd,ExternalClearingSystemIdentification1Code,1,1
pacs.007.001.14,/Document/FIToFIPmtRvsl/TxInf/InstgAgt/FinInstnId/ClrSysMmbId/ClrSysId/Prtry,Prtry,Max35Text,1,1
pacs.007.001.14,/Document/FIToFIPmtRvsl/TxInf/InstgAgt/FinInstnId/ClrSysMmbId/MmbId,MmbId,Max35Text,1,1
pacs.007.001.14,/Document/FIToFIPmtRvsl/TxInf/InstgAgt/FinInstnId/LEI,LEI,LEIIdentifier,0,1
pacs.007.001.14,/Document/FIToFIPmtRvsl/TxInf/InstgAgt/FinInstnId/Nm,Nm,Max140Text,0,1
pacs.007.001.14,/Document/FIToFIPmtRvsl/TxInf/InstgAgt/FinInstnId/PstlAdr,PstlAdr,PostalAddress27,0,1
pacs.007.001.14,/Document/FIToFIPmtRvsl/TxInf/InstgAgt/FinInstnId/PstlAdr/AdrTp,AdrTp,AddressType3Choice,0,1
pacs.007.001.14,/Document/FIToFIPmtRvsl/TxInf/InstgAgt/FinInstnId/PstlAdr/AdrTp/Cd,Cd,AddressType2Code,1,1
pacs.007.001.14,/Document/FIToFIPmtRvsl/TxInf/InstgAgt/FinInstnId/PstlAdr/AdrTp/Prtry,Prtry,GenericIdentification30,1,1
pacs.007.001.14,/Document/FIToFIPmtRvsl/TxInf/InstgAgt/FinInstnId/PstlAdr/AdrTp/Prtry/Id,Id,Exact4AlphaNumericText,1,1
pacs.007.001.14,/Document/FIToFIPmtRvsl/TxInf/InstgAgt/FinInstnId/PstlAdr/AdrTp/Prtry/Issr,Issr,Max35Text,1,1
pacs.007.001.14,/Document/FIToFIPmtRvsl/TxInf/InstgAgt/FinInstnId/PstlAdr/AdrTp/Prtry/SchmeNm,SchmeNm,Max35Text,0,1
pacs.007.001.14,/Document/FIToFIPmtRvsl/TxInf/InstgAgt/FinInstnId/PstlAdr/CareOf,CareOf,Max140Text,0,1
pacs.007.001.14,/Document/FIToFIPmtRvsl/TxInf/InstgAgt/FinInstnId/PstlAdr/Dept,Dept,Max70Text,0,1
pacs.007.001.14,/Document/FIToFIPmtRvsl/TxInf/InstgAgt/FinInstnId/PstlAdr/SubDept,SubDept,Max70Text,0,1
pacs.007.001.14,/Document/FIToFIPmtRvsl/TxInf/InstgAgt/FinInstnId/PstlAdr/StrtNm,StrtNm,Max140Text,0,1
pacs.007.001.14,/Document/FIToFIPmtRvsl/TxInf/InstgAgt/FinInstnId/PstlAdr/BldgNb,BldgNb,Max16Text,0,1
pacs.007.001.14,/Document/FIToFIPmtRvsl/TxInf/InstgAgt/FinInstnId/PstlAdr/BldgNm,BldgNm,Max140Text,0,1
pacs.007.001.14,/Document/FIToFIPmtRvsl/TxInf/InstgAgt/FinInstnId/PstlAdr/Flr,Flr,Max70Text,0,1
pacs.007.001.14,/Document/FIToFIPmtRvsl/TxInf/InstgAgt/FinInstnId/PstlAdr/UnitNb,UnitNb,Max16Text,0,1
pacs.007.001.14,/Document/FIToFIPmtRvsl/TxInf/InstgAgt/FinInstnId/PstlAdr/PstBx,PstBx,Max16Text,0,1
pacs.007.001.14,/Document/FIToFIPmtRvsl/TxInf/InstgAgt/FinInstnId/PstlAdr/Room,Room,Max70Text,0,1
pacs.007.001.14,/Document/FIToFIPmtRvsl/TxInf/InstgAgt/FinInstnId/PstlAdr/PstCd,PstCd,Max16Text,0,1
pacs.007.001.14,/Document/FIToFIPmtRvsl/TxInf/InstgAgt/FinInstnId/PstlAdr/TwnNm,TwnNm,Max140Text,0,1
pacs.007.001.14,/Document/FIToFIPmtRvsl/TxInf/InstgAgt/FinInstnId/PstlAdr/TwnLctnNm,TwnLctnNm,Max140Text,0,1
pacs.007.001.14,/Document/FIToFIPmtRvsl/TxInf/InstgAgt/FinInstnId/PstlAdr/DstrctNm,DstrctNm,Max140Text,0,1
pacs.007.001.14,/Document/FIToFIPmtRvsl/TxInf/InstgAgt/FinInstnId/PstlAdr/CtrySubDvsn,CtrySubDvsn,Max35Text,0,1
pacs.007.001.14,/Document/FIToFIPmtRvsl/TxInf/InstgAgt/FinInstnId/PstlAdr/Ctry,Ctry,CountryCode,0,1
pacs.007.001.14,/Document/FIToFIPmtRvsl/TxInf/InstgAgt/FinInstnId/PstlAdr/AdrLine,AdrLine,Max70Text,0,7
pacs.007.001.14,/Document/FIToFIPmtRvsl/TxInf/InstgAgt/FinInstnId/Othr,Othr,GenericFinancialIdentification1,0,1
pacs.007.001.14,/Document/FIToFIPmtRvsl/TxInf/InstgAgt/FinInstnId/Othr/Id,Id,Max35Text,1,1
pacs.007.001.14,/Document/FIToFIPmtRvsl/TxInf/InstgAgt/FinInstnId/Othr/SchmeNm,SchmeNm,FinancialIdentificationSchemeName1Choice,0,1
pacs.007.001.14,/Document/FIToFIPmtRvsl/TxInf/InstgAgt/FinInstnId/Othr/SchmeNm/Cd,Cd,ExternalFinancialInstitutionIdentification1Code,1,1
pacs.007.001.14,/Document/FIToFIPmtRvsl/TxInf/InstgAgt/FinInstnId/Othr/SchmeNm/Prtry,Prtry,Max35Text,1,1
pacs.007.001.14,/Document/FIToFIPmtRvsl/TxInf/InstgAgt/FinInstnId/Othr/Issr,Issr,Max35Text,0,1
pacs.007.001.14,/Document/FIToFIPmtRvsl/TxInf/InstgAgt/BrnchId,BrnchId,BranchData5,0,1
pacs.007.001.14,/Document/FIToFIPmtRvsl/TxInf/InstgAgt/BrnchId/Id,Id,Max35Text,0,1
pacs.007.001.14,/Document/FIToFIPmtRvsl/TxInf/InstgAgt/BrnchId/LEI,LEI,LEIIdentifier,0,1
pacs.007.001.14,/Document/FIToFIPmtRvsl/TxInf/InstgAgt/BrnchId/Nm,Nm,Max140Text,0,1
pacs.007.001.14,/Document/FIToFIPmtRvsl/TxInf/InstgAgt/BrnchId/PstlAdr,PstlAdr,PostalAddress27,0,1
pacs.007.001.14,/Document/FIToFIPmtRvsl/TxInf/InstgAgt/BrnchId/PstlAdr/AdrTp,AdrTp,AddressType3Choice,0,1
pacs.007.001.14,/Document/FIToFIPmtRvsl/TxInf/InstgAgt/BrnchId/PstlAdr/AdrTp/Cd,Cd,AddressType2Code,1,1
pacs.007.001.14,/Document/FIToFIPmtRvsl/TxInf/InstgAgt/BrnchId/PstlAdr/AdrTp/Prtry,Prtry,GenericIdentification30,1,1
pacs.007.001.14,/Document/FIToFIPmtRvsl/TxInf/InstgAgt/BrnchId/PstlAdr/AdrTp/Prtry/Id,Id,Exact4AlphaNumericText,1,1
pacs.007.001.14,/Document/FIToFIPmtRvsl/TxInf/InstgAgt/BrnchId/PstlAdr/AdrTp/Prtry/Issr,Issr,Max35Text,1,1
pacs.007.001.14,/Document/FIToFIPmtRvsl/TxInf/InstgAgt/BrnchId/PstlAdr/AdrTp/Prtry/SchmeNm,SchmeNm,Max35Text,0,1
pacs.007.001.14,/Document/FIToFIPmtRvsl/TxInf/InstgAgt/BrnchId/PstlAdr/CareOf,CareOf,Max140Text,0,1
pacs.007.001.14,/Document/FIToFIPmtRvsl/TxInf/InstgAgt/BrnchId/PstlAdr/Dept,Dept,Max70Text,0,1
pacs.007.001.14,/Document/FIToFIPmtRvsl/TxInf/InstgAgt/BrnchId/PstlAdr/SubDept,SubDept,Max70Text,0,1
pacs.007.001.14,/Document/FIToFIPmtRvsl/TxInf/InstgAgt/BrnchId/PstlAdr/StrtNm,StrtNm,Max140Text,0,1
pacs.007.001.14,/Document/FIToFIPmtRvsl/TxInf/InstgAgt/BrnchId/PstlAdr/BldgNb,BldgNb,Max16Text,0,1
pacs.007.001.14,/Document/FIToFIPmtRvsl/TxInf/InstgAgt/BrnchId/PstlAdr/BldgNm,BldgNm,Max140Text,0,1
pacs.007.001.14,/Document/FIToFIPmtRvsl/TxInf/InstgAgt/BrnchId/PstlAdr/Flr,Flr,Max70Text,0,1
pacs.007.001.14,/Document/FIToFIPmtRvsl/TxInf/InstgAgt/BrnchId/PstlAdr/UnitNb,UnitNb,Max16Text,0,1
pacs.007.001.14,/Document/FIToFIPmtRvsl/TxInf/InstgAgt/BrnchId/PstlAdr/PstBx,PstBx,Max16Text,0,1
pacs.007.001.14,/Document/FIToFIPmtRvsl/TxInf/InstgAgt/BrnchId/PstlAdr/Room,Room,Max70Text,0,1
pacs.007.001.14,/Document/FIToFIPmtRvsl/TxInf/InstgAgt/BrnchId/PstlAdr/PstCd,PstCd,Max16Text,0,1
pacs.007.001.14,/Document/FIToFIPmtRvsl/TxInf/InstgAgt/BrnchId/PstlAdr/TwnNm,TwnNm,Max140Text,0,1
pacs.007.001.14,/Document/FIToFIPmtRvsl/TxInf/InstgAgt/BrnchId/PstlAdr/TwnLctnNm,TwnLctnNm,Max140Text,0,1
pacs.007.001.14,/Document/FIToFIPmtRvsl/TxInf/InstgAgt/BrnchId/PstlAdr/DstrctNm,DstrctNm,Max140Text,0,1
pacs.007.001.14,/Document/FIToFIPmtRvsl/TxInf/InstgAgt/BrnchId/PstlAdr/CtrySubDvsn,CtrySubDvsn,Max35Text,0,1
pacs.007.001.14,/Document/FIToFIPmtRvsl/TxInf/InstgAgt/BrnchId/PstlAdr/Ctry,Ctry,CountryCode,0,1
pacs.007.001.14,/Document/FIToFIPmtRvsl/TxInf/InstgAgt/BrnchId/PstlAdr/AdrLine,AdrLine,Max70Text,0,7
pacs.007.001.14,/Document/FIToFIPmtRvsl/TxInf/InstdAgt,InstdAgt,BranchAndFinancialInstitutionIdentification8,0,1
pacs.007.001.14,/Document/FIToFIPmtRvsl/TxInf/InstdAgt/FinInstnId,FinInstnId,FinancialInstitutionIdentification23,1,1
pacs.007.001.14,/Document/FIToFIPmtRvsl/TxInf/InstdAgt/FinInstnId/BICFI,BICFI,BICFIDec2014Identifier,0,1
pacs.007.001.14,/Document/FIToFIPmtRvsl/TxInf/InstdAgt/FinInstnId/ClrSysMmbId,ClrSysMmbId,ClearingSystemMemberIdentification2,0,1
pacs.007.001.14,/Document/FIToFIPmtRvsl/TxInf/InstdAgt/FinInstnId/ClrSysMmbId/ClrSysId,ClrSysId,ClearingSystemIdentification2Choice,0,1
pacs.007.001.14,/Document/FIToFIPmtRvsl/TxInf/InstdAgt/FinInstnId/ClrSysMmbId/ClrSysId/Cd,Cd,ExternalClearingSystemIdentification1Code,1,1
pacs.007.001.14,/Document/FIToFIPmtRvsl/TxInf/InstdAgt/FinInstnId/ClrSysMmbId/ClrSysId/Prtry,Prtry,Max35Text,1,1
pacs.007.001.14,/Document/FIToFIPmtRvsl/TxInf/InstdAgt/FinInstnId/ClrSysMmbId/MmbId,MmbId,Max35Text,1,1
pacs.007.001.14,/Document/FIToFIPmtRvsl/TxInf/InstdAgt/FinInstnId/LEI,LEI,LEIIdentifier,0,1
pacs.007.001.14,/Document/FIToFIPmtRvsl/TxInf/InstdAgt/FinInstnId/Nm,Nm,Max140Text,0,1
pacs.007.001.14,/Document/FIToFIPmtRvsl/TxInf/InstdAgt/FinInstnId/PstlAdr,PstlAdr,PostalAddress27,0,1
pacs.007.001.14,/Document/FIToFIPmtRvsl/TxInf/InstdAgt/FinInstnId/PstlAdr/AdrTp,AdrTp,AddressType3Choice,0,1
pacs.007.001.14,/Document/FIToFIPmtRvsl/TxInf/InstdAgt/FinInstnId/PstlAdr/AdrTp/Cd,Cd,AddressType2Code,1,1
pacs.007.001.14,/Document/FIToFIPmtRvsl/TxInf/InstdAgt/FinInstnId/PstlAdr/AdrTp/Prtry,Prtry,GenericIdentification30,1,1
pacs.007.001.14,/Document/FIToFIPmtRvsl/TxInf/InstdAgt/FinInstnId/PstlAdr/AdrTp/Prtry/Id,Id,Exact4AlphaNumericText,1,1
pacs.007.001.14,/Document/FIToFIPmtRvsl/TxInf/InstdAgt/FinInstnId/PstlAdr/AdrTp/Prtry/Issr,Issr,Max35Text,1,1
pacs.007.001.14,/Document/FIToFIPmtRvsl/TxInf/InstdAgt/FinInstnId/PstlAdr/AdrTp/Prtry/SchmeNm,SchmeNm,Max35Text,0,1
pacs.007.001.14,/Document/FIToFIPmtRvsl/TxInf/InstdAgt/FinInstnId/PstlAdr/CareOf,CareOf,Max140Text,0,1
pacs.007.001.14,/Document/FIToFIPmtRvsl/TxInf/InstdAgt/FinInstnId/PstlAdr/Dept,Dept,Max70Text,0,1
pacs.007.001.14,/Document/FIToFIPmtRvsl/TxInf/InstdAgt/FinInstnId/PstlAdr/SubDept,SubDept,Max70Text,0,1
pacs.007.001.14,/Document/FIToFIPmtRvsl/TxInf/InstdAgt/FinInstnId/PstlAdr/StrtNm,StrtNm,Max140Text,0,1
pacs.007.001.14,/Document/FIToFIPmtRvsl/TxInf/InstdAgt/FinInstnId/PstlAdr/BldgNb,BldgNb,Max16Text,0,1
pacs.007.001.14,/Document/FIToFIPmtRvsl/TxInf/InstdAgt/FinInstnId/PstlAdr/BldgNm,BldgNm,Max140Text,0,1
pacs.007.001.14,/Document/FIToFIPmtRvsl/TxInf/InstdAgt/FinInstnId/PstlAdr/Flr,Flr,Max70Text,0,1
pacs.007.001.14,/Document/FIToFIPmtRvsl/TxInf/InstdAgt/FinInstnId/PstlAdr/UnitNb,UnitNb,Max16Text,0,1
pacs.007.001.14,/Document/FIToFIPmtRvsl/TxInf/InstdAgt/FinInstnId/PstlAdr/PstBx,PstBx,Max16Text,0,1
pacs.007.001.14,/Document/FIToFIPmtRvsl/TxInf/InstdAgt/FinInstnId/PstlAdr/Room,Room,Max70Text,0,1
pacs.007.001.14,/Document/FIToFIPmtRvsl/TxInf/InstdAgt/FinInstnId/PstlAdr/PstCd,PstCd,Max16Text,0,1
pacs.007.001.14,/Document/FIToFIPmtRvsl/TxInf/InstdAgt/FinInstnId/PstlAdr/TwnNm,TwnNm,Max140Text,0,1
pacs.007.001.14,/Document/FIToFIPmtRvsl/TxInf/InstdAgt/FinInstnId/PstlAdr/TwnLctnNm,TwnLctnNm,Max140Text,0,1
pacs.007.001.14,/Document/FIToFIPmtRvsl/TxInf/InstdAgt/FinInstnId/PstlAdr/DstrctNm,DstrctNm,Max140Text,0,1
pacs.007.001.14,/Document/FIToFIPmtRvsl/TxInf/InstdAgt/FinInstnId/PstlAdr/CtrySubDvsn,CtrySubDvsn,Max35Text,0,1
pacs.007.001.14,/Document/FIToFIPmtRvsl/TxInf/InstdAgt/FinInstnId/PstlAdr/Ctry,Ctry,CountryCode,0,1
pacs.007.001.14,/Document/FIToFIPmtRvsl/TxInf/InstdAgt/FinInstnId/PstlAdr/AdrLine,AdrLine,Max70Text,0,7
pacs.007.001.14,/Document/FIToFIPmtRvsl/TxInf/InstdAgt/FinInstnId/Othr,Othr,GenericFinancialIdentification1,0,1
pacs.007.001.14,/Document/FIToFIPmtRvsl/TxInf/InstdAgt/FinInstnId/Othr/Id,Id,Max35Text,1,1
pacs.007.001.14,/Document/FIToFIPmtRvsl/TxInf/InstdAgt/FinInstnId/Othr/SchmeNm,SchmeNm,FinancialIdentificationSchemeName1Choice,0,1
pacs.007.001.14,/Document/FIToFIPmtRvsl/TxInf/InstdAgt/FinInstnId/Othr/SchmeNm/Cd,Cd,ExternalFinancialInstitutionIdentification1Code,1,1
pacs.007.001.14,/Document/FIToFIPmtRvsl/TxInf/InstdAgt/FinInstnId/Othr/SchmeNm/Prtry,Prtry,Max35Text,1,1
pacs.007.001.14,/Document/FIToFIPmtRvsl/TxInf/InstdAgt/FinInstnId/Othr/Issr,Issr,Max35Text,0,1
pacs.007.001.14,/Document/FIToFIPmtRvsl/TxInf/InstdAgt/BrnchId,BrnchId,BranchData5,0,1
pacs.007.001.14,/Document/FIToFIPmtRvsl/TxInf/InstdAgt/BrnchId/Id,Id,Max35Text,0,1
pacs.007.001.14,/Document/FIToFIPmtRvsl/TxInf/InstdAgt/BrnchId/LEI,LEI,LEIIdentifier,0,1
pacs.007.001.14,/Document/FIToFIPmtRvsl/TxInf/InstdAgt/BrnchId/Nm,Nm,Max140Text,0,1
pacs.007.001.14,/Document/FIToFIPmtRvsl/TxInf/InstdAgt/BrnchId/PstlAdr,PstlAdr,PostalAddress27,0,1
pacs.007.001.14,/Document/FIToFIPmtRvsl/TxInf/InstdAgt/BrnchId/PstlAdr/AdrTp,AdrTp,AddressType3Choice,0,1
pacs.007.001.14,/Document/FIToFIPmtRvsl/TxInf/InstdAgt/BrnchId/PstlAdr/AdrTp/Cd,Cd,AddressType2Code,1,1
pacs.007.001.14,/Document/FIToFIPmtRvsl/TxInf/InstdAgt/BrnchId/PstlAdr/AdrTp/Prtry,Prtry,GenericIdentification30,1,1
pacs.007.001.14,/Document/FIToFIPmtRvsl/TxInf/InstdAgt/BrnchId/PstlAdr/AdrTp/Prtry/Id,Id,Exact4AlphaNumericText,1,1
pacs.007.001.14,/Document/FIToFIPmtRvsl/TxInf/InstdAgt/BrnchId/PstlAdr/AdrTp/Prtry/Issr,Issr,Max35Text,1,1
pacs.007.001.14,/Document/FIToFIPmtRvsl/TxInf/InstdAgt/BrnchId/PstlAdr/AdrTp/Prtry/SchmeNm,SchmeNm,Max35Text,0,1
pacs.007.001.14,/Document/FIToFIPmtRvsl/TxInf/InstdAgt/BrnchId/PstlAdr/CareOf,CareOf,Max140Text,0,1
pacs.007.001.14,/Document/FIToFIPmtRvsl/TxInf/InstdAgt/BrnchId/PstlAdr/Dept,Dept,Max70Text,0,1
pacs.007.001.14,/Document/FIToFIPmtRvsl/TxInf/InstdAgt/BrnchId/PstlAdr/SubDept,SubDept,Max70Text,0,1
pacs.007.001.14,/Document/FIToFIPmtRvsl/TxInf/InstdAgt/BrnchId/PstlAdr/StrtNm,StrtNm,Max140Text,0,1
pacs.007.001.14,/Document/FIToFIPmtRvsl/TxInf/InstdAgt/BrnchId/PstlAdr/BldgNb,BldgNb,Max16Text,0,1
pacs.007.001.14,/Document/FIToFIPmtRvsl/TxInf/InstdAgt/BrnchId/PstlAdr/BldgNm,BldgNm,Max140Text,0,1
pacs.007.001.14,/Document/FIToFIPmtRvsl/TxInf/InstdAgt/BrnchId/PstlAdr/Flr,Flr,Max70Text,0,1
pacs.007.001.14,/Document/FIToFIPmtRvsl/TxInf/InstdAgt/BrnchId/PstlAdr/UnitNb,UnitNb,Max16Text,0,1
pacs.007.001.14,/Document/FIToFIPmtRvsl/TxInf/InstdAgt/BrnchId/PstlAdr/PstBx,PstBx,Max16Text,0,1
pacs.007.001.14,/Document/FIToFIPmtRvsl/TxInf/InstdAgt/BrnchId/PstlAdr/Room,Room,Max70Text,0,1
pacs.007.001.14,/Document/FIToFIPmtRvsl/TxInf/InstdAgt/BrnchId/PstlAdr/PstCd,PstCd,Max16Text,0,1
pacs.007.001.14,/Document/FIToFIPmtRvsl/TxInf/InstdAgt/BrnchId/PstlAdr/TwnNm,TwnNm,Max140Text,0,1
pacs.007.001.14,/Document/FIToFIPmtRvsl/TxInf/InstdAgt/BrnchId/PstlAdr/TwnLctnNm,TwnLctnNm,Max140Text,0,1
pacs.007.001.14,/Document/FIToFIPmtRvsl/TxInf/InstdAgt/BrnchId/PstlAdr/DstrctNm,DstrctNm,Max140Text,0,1
pacs.007.001.14,/Document/FIToFIPmtRvsl/TxInf/InstdAgt/BrnchId/PstlAdr/CtrySubDvsn,CtrySubDvsn,Max35Text,0,1
pacs.007.001.14,/Document/FIToFIPmtRvsl/TxInf/InstdAgt/BrnchId/PstlAdr/Ctry,Ctry,CountryCode,0,1
pacs.007.001.14,/Document/FIToFIPmtRvsl/TxInf/InstdAgt/BrnchId/PstlAdr/AdrLine,AdrLine,Max70Text,0,7
pacs.007.001.14,/Document/FIToFIPmtRvsl/TxInf/RvslRsnInf,RvslRsnInf,PaymentReversalReason10,0,
pacs.007.001.14,/Document/FIToFIPmtRvsl/TxInf/RvslRsnInf/Orgtr,Orgtr,PartyIdentification272,0,1
pacs.007.001.14,/Document/FIToFIPmtRvsl/TxInf/RvslRsnInf/Orgtr/Nm,Nm,Max140Text,0,1
pacs.007.001.14,/Document/FIToFIPmtRvsl/TxInf/RvslRsnInf/Orgtr/PstlAdr,PstlAdr,PostalAddress27,0,1
pacs.007.001.14,/Document/FIToFIPmtRvsl/TxInf/RvslRsnInf/Orgtr/PstlAdr/AdrTp,AdrTp,AddressType3Choice,0,1
pacs.007.001.14,/Document/FIToFIPmtRvsl/TxInf/RvslRsnInf/Orgtr/PstlAdr/AdrTp/Cd,Cd,AddressType2Code,1,1
pacs.007.001.14,/Document/FIToFIPmtRvsl/TxInf/RvslRsnInf/Orgtr/PstlAdr/AdrTp/Prtry,Prtry,GenericIdentification30,1,1
pacs.007.001.14,/Document/FIToFIPmtRvsl/TxInf/RvslRsnInf/Orgtr/PstlAdr/AdrTp/Prtry/Id,Id,Exact4AlphaNumericText,1,1
pacs.007.001.14,/Document/FIToFIPmtRvsl/TxInf/RvslRsnInf/Orgtr/PstlAdr/AdrTp/Prtry/Issr,Issr,Max35Text,1,1
pacs.007.001.14,/Document/FIToFIPmtRvsl/TxInf/RvslRsnInf/Orgtr/PstlAdr/AdrTp/Prtry/SchmeNm,SchmeNm,Max35Text,0,1
pacs.007.001.14,/Document/FIToFIPmtRvsl/TxInf/RvslRsnInf/Orgtr/PstlAdr/CareOf,CareOf,Max140Text,0,1
pacs.007.001.14,/Document/FIToFIPmtRvsl/TxInf/RvslRsnInf/Orgtr/PstlAdr/Dept,Dept,Max70Text,0,1
pacs.007.001.14,/Document/FIToFIPmtRvsl/TxInf/RvslRsnInf/Orgtr/PstlAdr/SubDept,SubDept,Max70Text,0,1
pacs.007.001.14,/Document/FIToFIPmtRvsl/TxInf/RvslRsnInf/Orgtr/PstlAdr/StrtNm,StrtNm,Max140Text,0,1
pacs.007.001.14,/Document/FIToFIPmtRvsl/TxInf/RvslRsnInf/Orgtr/PstlAdr/BldgNb,BldgNb,Max16Text,0,1
pacs.007.001.14,/Document/FIToFIPmtRvsl/TxInf/RvslRsnInf/Orgtr/PstlAdr/BldgNm,BldgNm,Max140Text,0,1
pacs.007.001.14,/Document/FIToFIPmtRvsl/TxInf/RvslRsnInf/Orgtr/PstlAdr/Flr,Flr,Max70Text,0,1
pacs.007.001.14,/Document/FIToFIPmtRvsl/TxInf/RvslRsnInf/Orgtr/PstlAdr/UnitNb,UnitNb,Max16Text,0,1
pacs.007.001.14,/Document/FIToFIPmtRvsl/TxInf/RvslRsnInf/Orgtr/PstlAdr/PstBx,PstBx,Max16Text,0,1
pacs.007.001.14,/Document/FIToFIPmtRvsl/TxInf/RvslRsnInf/Orgtr/PstlAdr/Room,Room,Max70Text,0,1
pacs.007.001.14,/Document/FIToFIPmtRvsl/TxInf/RvslRsnInf/Orgtr/PstlAdr/PstCd,PstCd,Max16Text,0,1
pacs.007.001.14,/Document/FIToFIPmtRvsl/TxInf/RvslRsnInf/Orgtr/PstlAdr/TwnNm,TwnNm,Max140Text,0,1
pacs.007.001.14,/Document/FIToFIPmtRvsl/TxInf/RvslRsnInf/Orgtr/PstlAdr/TwnLctnNm,TwnLctnNm,Max140Text,0,1
pacs.007.001.14,/Document/FIToFIPmtRvsl/TxInf/RvslRsnInf/Orgtr/PstlAdr/DstrctNm,DstrctNm,Max140Text,0,1
pacs.007.001.14,/Document/FIToFIPmtRvsl/TxInf/RvslRsnInf/Orgtr/PstlAdr/CtrySubDvsn,CtrySubDvsn,Max35Text,0,1
pacs.007.001.14,/Document/FIToFIPmtRvsl/TxInf/RvslRsnInf/Orgtr/PstlAdr/Ctry,Ctry,CountryCode,0,1
pacs.007.001.14,/Document/FIToFIPmtRvsl/TxInf/RvslRsnInf/Orgtr/PstlAdr/AdrLine,AdrLine,Max70Text,0,7
pacs.007.001.14,/Document/FIToFIPmtRvsl/TxInf/RvslRsnInf/Orgtr/Id,Id,Party52Choice,0,1
pacs.007.001.14,/Document/FIToFIPmtRvsl/TxInf/RvslRsnInf/Orgtr/Id/OrgId,OrgId,OrganisationIdentification39,1,1
pacs.007.001.14,/Document/FIToFIPmtRvsl/TxInf/RvslRsnInf/Orgtr/Id/OrgId/AnyBIC,AnyBIC,AnyBICDec2014Identifier,0,1
pacs.007.001.14,/Document/FIToFIPmtRvsl/TxInf/RvslRsnInf/Orgtr/Id/OrgId/LEI,LEI,LEIIdentifier,0,1
pacs.007.001.14,/Document/FIToFIPmtRvsl/TxInf/RvslRsnInf/Orgtr/Id/OrgId/Othr,Othr,GenericOrganisationIdentification3,0,
pacs.007.001.14,/Document/FIToFIPmtRvsl/TxInf/RvslRsnInf/Orgtr/Id/OrgId/Othr/Id,Id,Max256Text,1,1
pacs.007.001.14,/Document/FIToFIPmtRvsl/TxInf/RvslRsnInf/Orgtr/Id/OrgId/Othr/SchmeNm,SchmeNm,OrganisationIdentificationSchemeName1Choice,0,1
pacs.007.001.14,/Document/FIToFIPmtRvsl/TxInf/RvslRsnInf/Orgtr/Id/OrgId/Othr/SchmeNm/Cd,Cd,ExternalOrganisationIdentification1Code,1,1
pacs.007.001.14,/Document/FIToFIPmtRvsl/TxInf/RvslRsnInf/Orgtr/Id/OrgId/Othr/SchmeNm/Prtry,Prtry,Max35Text,1,1
pacs.007.001.14,/Document/FIToFIPmtRvsl/TxInf/RvslRsnInf/Orgtr/Id/OrgId/Othr/Issr,Issr,Max35Text,0,1
pacs.007.001.14,/Document/FIToFIPmtRvsl/TxInf/RvslRsnInf/Orgtr/Id/PrvtId,PrvtId,PersonIdentification18,1,1
pacs.007.001.14,/Document/FIToFIPmtRvsl/TxInf/RvslRsnInf/Orgtr/Id/PrvtId/DtAndPlcOfBirth,DtAndPlcOfBirth,DateAndPlaceOfBirth1,0,1
pacs.007.001.14,/Document/FIToFIPmtRvsl/TxInf/RvslRsnInf/Orgtr/Id/PrvtId/DtAndPlcOfBirth/BirthDt,BirthDt,ISODate,1,1
pacs.007.001.14,/Document/FIToFIPmtRvsl/TxInf/RvslRsnInf/Orgtr/Id/PrvtId/DtAndPlcOfBirth/PrvcOfBirth,PrvcOfBirth,Max35Text,0,1
pacs.007.001.14,/Document/FIToFIPmtRvsl/TxInf/RvslRsnInf/Orgtr/Id/PrvtId/DtAndPlcOfBirth/CityOfBirth,CityOfBirth,Max35Text,1,1
pacs.007.001.14,/Document/FIToFIPmtRvsl/TxInf/RvslRsnInf/Orgtr/Id/PrvtId/DtAndPlcOfBirth/CtryOfBirth,CtryOfBirth,CountryCode,1,1
pacs.007.001.14,/Document/FIToFIPmtRvsl/TxInf/RvslRsnInf/Orgtr/Id/PrvtId/Othr,Othr,GenericPersonIdentification2,0,
pacs.007.001.14,/Document/FIToFIPmtRvsl/TxInf/RvslRsnInf/Orgtr/Id/PrvtId/Othr/Id,Id,Max256Text,1,1
pacs.007.001.14,/Document/FIToFIPmtRvsl/TxInf/RvslRsnInf/Orgtr/Id/PrvtId/Othr/SchmeNm,SchmeNm,PersonIdentificationSchemeName1Choice,0,1
pacs.007.001.14,/Document/FIToFIPmtRvsl/TxInf/RvslRsnInf/Orgtr/Id/PrvtId/Othr/SchmeNm/Cd,Cd,ExternalPersonIdentification1Code,1,1
pacs.007.001.14,/Document/FIToFIPmtRvsl/TxInf/RvslRsnInf/Orgtr/Id/PrvtId/Othr/SchmeNm/Prtry,Prtry,Max35Text,1,1
pacs.007.001.14,/Document/FIToFIPmtRvsl/TxInf/RvslRsnInf/Orgtr/Id/PrvtId/Othr/Issr,Issr,Max35Text,0,1
pacs.007.001.14,/Document/FIToFIPmtRvsl/TxInf/RvslRsnInf/Orgtr/CtryOfRes,CtryOfRes,CountryCode,0,1
pacs.007.001.14,/Document/FIToFIPmtRvsl/TxInf/RvslRsnInf/Orgtr/CtctDtls,CtctDtls,Contact13,0,1
pacs.007.001.14,/Document/FIToFIPmtRvsl/TxInf/RvslRsnInf/Orgtr/CtctDtls/NmPrfx,NmPrfx,NamePrefix2Code,0,1
pacs.007.001.14,/Document/FIToFIPmtRvsl/TxInf/RvslRsnInf/Orgtr/CtctDtls/Nm,Nm,Max140Text,0,1
pacs.007.001.14,/Document/FIToFIPmtRvsl/TxInf/RvslRsnInf/Orgtr/CtctDtls/PhneNb,PhneNb,PhoneNumber,0,1
pacs.007.001.14,/Document/FIToFIPmtRvsl/TxInf/RvslRsnInf/Orgtr/CtctDtls/MobNb,MobNb,PhoneNumber,0,1
pacs.007.001.14,/Document/FIToFIPmtRvsl/TxInf/RvslRsnInf/Orgtr/CtctDtls/FaxNb,FaxNb,PhoneNumber,0,1
pacs.007.001.14,/Document/FIToFIPmtRvsl/TxInf/RvslRsnInf/Orgtr/CtctDtls/URLAdr,URLAdr,Max2048Text,0,1
pacs.007.001.14,/Document/FIToFIPmtRvsl/TxInf/RvslRsnInf/Orgtr/CtctDtls/EmailAdr,EmailAdr,Max256Text,0,1
pacs.007.001.14,/Document/FIToFIPmtRvsl/TxInf/RvslRsnInf/Orgtr/CtctDtls/EmailPurp,EmailPurp,Max35Text,0,1
pacs.007.001.14,/Document/FIToFIPmtRvsl/TxInf/RvslRsnInf/Orgtr/CtctDtls/JobTitl,JobTitl,Max35Text,0,1
pacs.007.001.14,/Document/FIToFIPmtRvsl/TxInf/RvslRsnInf/Orgtr/CtctDtls/Rspnsblty,Rspnsblty,Max35Text,0,1
pacs.007.001.14,/Document/FIToFIPmtRvsl/TxInf/RvslRsnInf/Orgtr/CtctDtls/Dept,Dept,Max70Text,0,1
pacs.007.001.14,/Document/FIToFIPmtRvsl/TxInf/RvslRsnInf/Orgtr/CtctDtls/Othr,Othr,OtherContact1,0,
pacs.007.001.14,/Document/FIToFIPmtRvsl/TxInf/RvslRsnInf/Orgtr/CtctDtls/Othr/ChanlTp,ChanlTp,Max4Text,1,1
pacs.007.001.14,/Document/FIToFIPmtRvsl/TxInf/RvslRsnInf/Orgtr/CtctDtls/Othr/Id,Id,Max128Text,0,1
pacs.007.001.14,/Document/FIToFIPmtRvsl/TxInf/RvslRsnInf/Orgtr/CtctDtls/PrefrdMtd,PrefrdMtd,PreferredContactMethod2Code,0,1
pacs.007.001.14,/Document/FIToFIPmtRvsl/TxInf/RvslRsnInf/Rsn,Rsn,ReversalReason4Choice,0,1
pacs.007.001.14,/Document/FIToFIPmtRvsl/TxInf/RvslRsnInf/Rsn/Cd,Cd,ExternalReversalReason1Code,1,1
pacs.007.001.14,/Document/FIToFIPmtRvsl/TxInf/RvslRsnInf/Rsn/Prtry,Prtry,Max35Text,1,1
pacs.007.001.14,/Document/FIToFIPmtRvsl/TxInf/RvslRsnInf/AddtlInf,AddtlInf,Max105Text,0,
pacs.007.001.14,/Document/FIToFIPmtRvsl/TxInf/OrgnlTxRef,OrgnlTxRef,OriginalTransactionReference47,0,1
pacs.007.001.14,/Document/FIToFIPmtRvsl/TxInf/OrgnlTxRef/IntrBkSttlmAmt,IntrBkSttlmAmt,ActiveOrHistoricCurrencyAndAmount,0,1
pacs.007.001.14,/Document/FIToFIPmtRvsl/TxInf/OrgnlTxRef/Amt,Amt,AmountType4Choice,0,1
pacs.007.001.14,/Document/FIToFIPmtRvsl/TxInf/OrgnlTxRef/Amt/InstdAmt,InstdAmt,ActiveOrHistoricCurrencyAndAmount,1,1
pacs.007.001.14,/Document/FIToFIPmtRvsl/TxInf/OrgnlTxRef/Amt/EqvtAmt,EqvtAmt,EquivalentAmount2,1,1
pacs.007.001.14,/Document/FIToFIPmtRvsl/TxInf/OrgnlTxRef/Amt/EqvtAmt/Amt,Amt,ActiveOrHistoricCurrencyAndAmount,1,1
pacs.007.001.14,/Document/FIToFIPmtRvsl/TxInf/OrgnlTxRef/Amt/EqvtAmt/CcyOfTrf,CcyOfTrf,ActiveOrHistoricCurrencyCode,1,1
pacs.007.001.14,/Document/FIToFIPmtRvsl/TxInf/OrgnlTxRef/IntrBkSttlmDt,IntrBkSttlmDt,ISODate,0,1
pacs.007.001.14,/Document/FIToFIPmtRvsl/TxInf/OrgnlTxRef/ReqdColltnDt,ReqdColltnDt,ISODate,0,1
pacs.007.001.14,/Document/FIToFIPmtRvsl/TxInf/OrgnlTxRef/ReqdExctnDt,ReqdExctnDt,DateAndDateTime2Choice,0,1
pacs.007.001.14,/Document/FIToFIPmtRvsl/TxInf/OrgnlTxRef/ReqdExctnDt/Dt,Dt,ISODate,1,1
pacs.007.001.14,/Document/FIToFIPmtRvsl/TxInf/OrgnlTxRef/ReqdExctnDt/DtTm,DtTm,ISODateTime,1,1
pacs.007.001.14,/Document/FIToFIPmtRvsl/TxInf/OrgnlTxRef/CdtrSchmeId,CdtrSchmeId,PartyIdentification272,0,1
pacs.007.001.14,/Document/FIToFIPmtRvsl/TxInf/OrgnlTxRef/CdtrSchmeId/Nm,Nm,Max140Text,0,1
pacs.007.001.14,/Document/FIToFIPmtRvsl/TxInf/OrgnlTxRef/CdtrSchmeId/PstlAdr,PstlAdr,PostalAddress27,0,1
pacs.007.001.14,/Document/FIToFIPmtRvsl/TxInf/OrgnlTxRef/CdtrSchmeId/PstlAdr/AdrTp,AdrTp,AddressType3Choice,0,1
pacs.007.001.14,/Document/FIToFIPmtRvsl/TxInf/OrgnlTxRef/CdtrSchmeId/PstlAdr/AdrTp/Cd,Cd,AddressType2Code,1,1
pacs.007.001.14,/Document/FIToFIPmtRvsl/TxInf/OrgnlTxRef/CdtrSchmeId/PstlAdr/AdrTp/Prtry,Prtry,GenericIdentification30,1,1
pacs.007.001.14,/Document/FIToFIPmtRvsl/TxInf/OrgnlTxRef/CdtrSchmeId/PstlAdr/AdrTp/Prtry/Id,Id,Exact4AlphaNumericText,1,1
pacs.007.001.14,/Document/FIToFIPmtRvsl/TxInf/OrgnlTxRef/CdtrSchmeId/PstlAdr/AdrTp/Prtry/Issr,Issr,Max35Text,1,1
pacs.007.001.14,/Document/FIToFIPmtRvsl/TxInf/OrgnlTxRef/CdtrSchmeId/PstlAdr/AdrTp/Prtry/SchmeNm,SchmeNm,Max35Text,0,1
pacs.007.001.14,/Document/FIToFIPmtRvsl/TxInf/OrgnlTxRef/CdtrSchmeId/PstlAdr/CareOf,CareOf,Max140Text,0,1
pacs.007.001.14,/Document/FIToFIPmtRvsl/TxInf/OrgnlTxRef/CdtrSchmeId/PstlAdr/Dept,Dept,Max70Text,0,1
pacs.007.001.14,/Document/FIToFIPmtRvsl/TxInf/OrgnlTxRef/CdtrSchmeId/PstlAdr/SubDept,SubDept,Max70Text,0,1
pacs.007.001.14,/Document/FIToFIPmtRvsl/TxInf/OrgnlTxRef/CdtrSchmeId/PstlAdr/StrtNm,StrtNm,Max140Text,0,1
pacs.007.001.14,/Document/FIToFIPmtRvsl/TxInf/OrgnlTxRef/CdtrSchmeId/PstlAdr/BldgNb,BldgNb,Max16Text,0,1
pacs.007.001.14,/Document/FIToFIPmtRvsl/TxInf/OrgnlTxRef/CdtrSchmeId/PstlAdr/BldgNm,BldgNm,Max140Text,0,1
pacs.007.001.14,/Document/FIToFIPmtRvsl/TxInf/OrgnlTxRef/CdtrSchmeId/PstlAdr/Flr,Flr,Max70Text,0,1
pacs.007.001.14,/Document/FIToFIPmtRvsl/TxInf/OrgnlTxRef/CdtrSchmeId/PstlAdr/UnitNb,UnitNb,Max16Text,0,1
pacs.007.001.14,/Document/FIToFIPmtRvsl/TxInf/OrgnlTxRef/CdtrSchmeId/PstlAdr/PstBx,PstBx,Max16Text,0,1
pacs.007.001.14,/Document/FIToFIPmtRvsl/TxInf/OrgnlTxRef/CdtrSchmeId/PstlAdr/Room,Room,Max70Text,0,1
pacs.007.001.14,/Document/FIToFIPmtRvsl/TxInf/OrgnlTxRef/CdtrSchmeId/PstlAdr/PstCd,PstCd,Max16Text,0,1
pacs.007.001.14,/Document/FIToFIPmtRvsl/TxInf/OrgnlTxRef/CdtrSchmeId/PstlAdr/TwnNm,TwnNm,Max140Text,0,1
pacs.007.001.14,/Document/FIToFIPmtRvsl/TxInf/OrgnlTxRef/CdtrSchmeId/PstlAdr/TwnLctnNm,TwnLctnNm,Max140Text,0,1
pacs.007.001.14,/Document/FIToFIPmtRvsl/TxInf/OrgnlTxRef/CdtrSchmeId/PstlAdr/DstrctNm,DstrctNm,Max140Text,0,1
pacs.007.001.14,/Document/FIToFIPmtRvsl/TxInf/OrgnlTxRef/CdtrSchmeId/PstlAdr/CtrySubDvsn,CtrySubDvsn,Max35Text,0,1
pacs.007.001.14,/Document/FIToFIPmtRvsl/TxInf/OrgnlTxRef/CdtrSchmeId/PstlAdr/Ctry,Ctry,CountryCode,0,1
pacs.007.001.14,/Document/FIToFIPmtRvsl/TxInf/OrgnlTxRef/CdtrSchmeId/PstlAdr/AdrLine,AdrLine,Max70Text,0,7
pacs.007.001.14,/Document/FIToFIPmtRvsl/TxInf/OrgnlTxRef/CdtrSchmeId/Id,Id,Party52Choice,0,1
pacs.007.001.14,/Document/FIToFIPmtRvsl/TxInf/OrgnlTxRef/CdtrSchmeId/Id/OrgId,OrgId,OrganisationIdentification39,1,1
pacs.007.001.14,/Document/FIToFIPmtRvsl/TxInf/OrgnlTxRef/CdtrSchmeId/Id/OrgId/AnyBIC,AnyBIC,AnyBICDec2014Identifier,0,1
pacs.007.001.14,/Document/FIToFIPmtRvsl/TxInf/OrgnlTxRef/CdtrSchmeId/Id/OrgId/LEI,LEI,LEIIdentifier,0,1
pacs.007.001.14,/Document/FIToFIPmtRvsl/TxInf/OrgnlTxRef/CdtrSchmeId/Id/OrgId/Othr,Othr,GenericOrganisationIdentification3,0,
pacs.007.001.14,/Document/FIToFIPmtRvsl/TxInf/OrgnlTxRef/CdtrSchmeId/Id/OrgId/Othr/Id,Id,Max256Text,1,1
pacs.007.001.14,/Document/FIToFIPmtRvsl/TxInf/OrgnlTxRef/CdtrSchmeId/Id/OrgId/Othr/SchmeNm,SchmeNm,OrganisationIdentificationSchemeName1Choice,0,1
pacs.007.001.14,/Document/FIToFIPmtRvsl/TxInf/OrgnlTxRef/CdtrSchmeId/Id/OrgId/Othr/SchmeNm/Cd,Cd,ExternalOrganisationIdentification1Code,1,1
pacs.007.001.14,/Document/FIToFIPmtRvsl/TxInf/OrgnlTxRef/CdtrSchmeId/Id/OrgId/Othr/SchmeNm/Prtry,Prtry,Max35Text,1,1
pacs.007.001.14,/Document/FIToFIPmtRvsl/TxInf/OrgnlTxRef/CdtrSchmeId/Id/OrgId/Othr/Issr,Issr,Max35Text,0,1
pacs.007.001.14,/Document/FIToFIPmtRvsl/TxInf/OrgnlTxRef/CdtrSchmeId/Id/PrvtId,PrvtId,PersonIdentification18,1,1
pacs.007.001.14,/Document/FIToFIPmtRvsl/TxInf/OrgnlTxRef/CdtrSchmeId/Id/PrvtId/DtAndPlcOfBirth,DtAndPlcOfBirth,DateAndPlaceOfBirth1,0,1
pacs.007.001.14,/Document/FIToFIPmtRvsl/TxInf/OrgnlTxRef/CdtrSchmeId/Id/PrvtId/DtAndPlcOfBirth/BirthDt,BirthDt,ISODate,1,1
pacs.007.001.14,/Document/FIToFIPmtRvsl/TxInf/OrgnlTxRef/CdtrSchmeId/Id/PrvtId/DtAndPlcOfBirth/PrvcOfBirth,PrvcOfBirth,Max35Text,0,1
pacs.007.001.14,/Document/FIToFIPmtRvsl/TxInf/OrgnlTxRef/CdtrSchmeId/Id/PrvtId/DtAndPlcOfBirth/CityOfBirth,CityOfBirth,Max35Text,1,1
pacs.007.001.14,/Document/FIToFIPmtRvsl/TxInf/OrgnlTxRef/CdtrSchmeId/Id/PrvtId/DtAndPlcOfBirth/CtryOfBirth,CtryOfBirth,CountryCode,1,1
pacs.007.001.14,/Document/FIToFIPmtRvsl/TxInf/OrgnlTxRef/CdtrSchmeId/Id/PrvtId/Othr,Othr,GenericPersonIdentification2,0,
pacs.007.001.14,/Document/FIToFIPmtRvsl/TxInf/OrgnlTxRef/CdtrSchmeId/Id/PrvtId/Othr/Id,Id,Max256Text,1,1
pacs.007.001.14,/Document/FIToFIPmtRvsl/TxInf/OrgnlTxRef/CdtrSchmeId/Id/PrvtId/Othr/SchmeNm,SchmeNm,PersonIdentificationSchemeName1Choice,0,1
pacs.007.001.14,/Document/FIToFIPmtRvsl/TxInf/OrgnlTxRef/CdtrSchmeId/Id/PrvtId/Othr/SchmeNm/Cd,Cd,ExternalPersonIdentification1Code,1,1
pacs.007.001.14,/Document/FIToFIPmtRvsl/TxInf/OrgnlTxRef/CdtrSchmeId/Id/PrvtId/Othr/SchmeNm/Prtry,Prtry,Max35Text,1,1
pacs.007.001.14,/Document/FIToFIPmtRvsl/TxInf/OrgnlTxRef/CdtrSchmeId/Id/PrvtId/Othr/Issr,Issr,Max35Text,0,1
pacs.007.001.14,/Document/FIToFIPmtRvsl/TxInf/OrgnlTxRef/CdtrSchmeId/CtryOfRes,CtryOfRes,CountryCode,0,1
pacs.007.001.14,/Document/FIToFIPmtRvsl/TxInf/OrgnlTxRef/CdtrSchmeId/CtctDtls,CtctDtls,Contact13,0,1
pacs.007.001.14,/Document/FIToFIPmtRvsl/TxInf/OrgnlTxRef/CdtrSchmeId/CtctDtls/NmPrfx,NmPrfx,NamePrefix2Code,0,1
pacs.007.001.14,/Document/FIToFIPmtRvsl/TxInf/OrgnlTxRef/CdtrSchmeId/CtctDtls/Nm,Nm,Max140Text,0,1
pacs.007.001.14,/Document/FIToFIPmtRvsl/TxInf/OrgnlTxRef/CdtrSchmeId/CtctDtls/PhneNb,PhneNb,PhoneNumber,0,1
pacs.007.001.14,/Document/FIToFIPmtRvsl/TxInf/OrgnlTxRef/CdtrSchmeId/CtctDtls/MobNb,MobNb,PhoneNumber,0,1
pacs.007.001.14,/Document/FIToFIPmtRvsl/TxInf/OrgnlTxRef/CdtrSchmeId/CtctDtls/FaxNb,FaxNb,PhoneNumber,0,1
pacs.007.001.14,/Document/FIToFIPmtRvsl/TxInf/OrgnlTxRef/CdtrSchmeId/CtctDtls/URLAdr,URLAdr,Max2048Text,0,1
pacs.007.001.14,/Document/FIToFIPmtRvsl/TxInf/OrgnlTxRef/CdtrSchmeId/CtctDtls/EmailAdr,EmailAdr,Max256Text,0,1
pacs.007.001.14,/Document/FIToFIPmtRvsl/TxInf/OrgnlTxRef/CdtrSchmeId/CtctDtls/EmailPurp,EmailPurp,Max35Text,0,1
pacs.007.001.14,/Document/FIToFIPmtRvsl/TxInf/OrgnlTxRef/CdtrSchmeId/CtctDtls/JobTitl,JobTitl,Max35Text,0,1
pacs.007.001.14,/Document/FIToFIPmtRvsl/TxInf/OrgnlTxRef/CdtrSchmeId/CtctDtls/Rspnsblty,Rspnsblty,Max35Text,0,1
pacs.007.001.14,/Document/FIToFIPmtRvsl/TxInf/OrgnlTxRef/CdtrSchmeId/CtctDtls/Dept,Dept,Max70Text,0,1
pacs.007.001.14,/Document/FIToFIPmtRvsl/TxInf/OrgnlTxRef/CdtrSchmeId/CtctDtls/Othr,Othr,OtherContact1,0,
pacs.007.001.14,/Document/FIToFIPmtRvsl/TxInf/OrgnlTxRef/CdtrSchmeId/CtctDtls/Othr/ChanlTp,ChanlTp,Max4Text,1,1
pacs.007.001.14,/Document/FIToFIPmtRvsl/TxInf/OrgnlTxRef/CdtrSchmeId/CtctDtls/Othr/Id,Id,Max128Text,0,1
pacs.007.001.14,/Document/FIToFIPmtRvsl/TxInf/OrgnlTxRef/CdtrSchmeId/CtctDtls/PrefrdMtd,PrefrdMtd,PreferredContactMethod2Code,0,1
pacs.007.001.14,/Document/FIToFIPmtRvsl/TxInf/OrgnlTxRef/SttlmInf,SttlmInf,SettlementInstruction15,0,1
pacs.007.001.14,/Document/FIToFIPmtRvsl/TxInf/OrgnlTxRef/SttlmInf/SttlmMtd,SttlmMtd,SettlementMethod1Code,1,1
pacs.007.001.14,/Document/FIToFIPmtRvsl/TxInf/OrgnlTxRef/SttlmInf/SttlmAcct,SttlmAcct,CashAccount40,0,1
pacs.007.001.14,/Document/FIToFIPmtRvsl/TxInf/OrgnlTxRef/SttlmInf/SttlmAcct/Id,Id,AccountIdentification4Choice,0,1
pacs.007.001.14,/Document/FIToFIPmtRvsl/TxInf/OrgnlTxRef/SttlmInf/SttlmAcct/Id/IBAN,IBAN,IBAN2007Identifier,1,1
pacs.007.001.14,/Document/FIToFIPmtRvsl/TxInf/OrgnlTxRef/SttlmInf/SttlmAcct/Id/Othr,Othr,GenericAccountIdentification1,1,1
pacs.007.001.14,/Document/FIToFIPmtRvsl/TxInf/OrgnlTxRef/SttlmInf/SttlmAcct/Id/Othr/Id,Id,Max34Text,1,1
pacs.007.001.14,/Document/FIToFIPmtRvsl/TxInf/OrgnlTxRef/SttlmInf/SttlmAcct/Id/Othr/SchmeNm,SchmeNm,AccountSchemeName1Choice,0,1
pacs.007.001.14,/Document/FIToFIPmtRvsl/TxInf/OrgnlTxRef/SttlmInf/SttlmAcct/Id/Othr/SchmeNm/Cd,Cd,ExternalAccountIdentification1Code,1,1
pacs.007.001.14,/Document/FIToFIPmtRvsl/TxInf/OrgnlTxRef/SttlmInf/SttlmAcct/Id/Othr/SchmeNm/Prtry,Prtry,Max35Text,1,1
pacs.007.001.14,/Document/FIToFIPmtRvsl/TxInf/OrgnlTxRef/SttlmInf/SttlmAcct/Id/Othr/Issr,Issr,Max35Text,0,1
pacs.007.001.14,/Document/FIToFIPmtRvsl/TxInf/OrgnlTxRef/SttlmInf/SttlmAcct/Tp,Tp,CashAccountType2Choice,0,1
pacs.007.001.14,/Document/FIToFIPmtRvsl/TxInf/OrgnlTxRef/SttlmInf/SttlmAcct/Tp/Cd,Cd,ExternalCashAccountType1Code,1,1
pacs.007.001.14,/Document/FIToFIPmtRvsl/TxInf/OrgnlTxRef/SttlmInf/SttlmAcct/Tp/Prtry,Prtry,Max35Text,1,1
pacs.007.001.14,/Document/FIToFIPmtRvsl/TxInf/OrgnlTxRef/SttlmInf/SttlmAcct/Ccy,Ccy,ActiveOrHistoricCurrencyCode,0,1
pacs.007.001.14,/Document/FIToFIPmtRvsl/TxInf/OrgnlTxRef/SttlmInf/SttlmAcct/Nm,Nm,Max70Text,0,1
pacs.007.001.14,/Document/FIToFIPmtRvsl/TxInf/OrgnlTxRef/SttlmInf/SttlmAcct/Prxy,Prxy,ProxyAccountIdentification1,0,1
pacs.007.001.14,/Document/FIToFIPmtRvsl/TxInf/OrgnlTxRef/SttlmInf/SttlmAcct/Prxy/Tp,Tp,ProxyAccountType1Choice,0,1
pacs.007.001.14,/Document/FIToFIPmtRvsl/TxInf/OrgnlTxRef/SttlmInf/SttlmAcct/Prxy/Tp/Cd,Cd,ExternalProxyAccountType1Code,1,1
pacs.007.001.14,/Document/FIToFIPmtRvsl/TxInf/OrgnlTxRef/SttlmInf/SttlmAcct/Prxy/Tp/Prtry,Prtry,Max35Text,1,1
pacs.007.001.14,/Document/FIToFIPmtRvsl/TxInf/OrgnlTxRef/SttlmInf/SttlmAcct/Prxy/Id,Id,Max2048Text,1,1
pacs.007.001.14,/Document/FIToFIPmtRvsl/TxInf/OrgnlTxRef/SttlmInf/ClrSys,ClrSys,ClearingSystemIdentification3Choice,0,1
pacs.007.001.14,/Document/FIToFIPmtRvsl/TxInf/OrgnlTxRef/SttlmInf/ClrSys/Cd,Cd,ExternalCashClearingSystem1Code,1,1
pacs.007.001.14,/Document/FIToFIPmtRvsl/TxInf/OrgnlTxRef/SttlmInf/ClrSys/Prtry,Prtry,Max35Text,1,1
pacs.007.001.14,/Document/FIToFIPmtRvsl/TxInf/OrgnlTxRef/SttlmInf/InstgRmbrsmntAgt,InstgRmbrsmntAgt,BranchAndFinancialInstitutionIdentification8,0,1
pacs.007.001.14,/Document/FIToFIPmtRvsl/TxInf/OrgnlTxRef/SttlmInf/InstgRmbrsmntAgt/FinInstnId,FinInstnId,FinancialInstitutionIdentification23,1,1
pacs.007.001.14,/Document/FIToFIPmtRvsl/TxInf/OrgnlTxRef/SttlmInf/InstgRmbrsmntAgt/FinInstnId/BICFI,BICFI,BICFIDec2014Identifier,0,1
pacs.007.001.14,/Document/FIToFIPmtRvsl/TxInf/OrgnlTxRef/SttlmInf/InstgRmbrsmntAgt/FinInstnId/ClrSysMmbId,ClrSysMmbId,ClearingSystemMemberIdentification2,0,1
pacs.007.001.14,/Document/FIToFIPmtRvsl/TxInf/OrgnlTxRef/SttlmInf/InstgRmbrsmntAgt/FinInstnId/ClrSysMmbId/ClrSysId,ClrSysId,ClearingSystemIdentification2Choice,0,1
pacs.007.001.14,/Document/FIToFIPmtRvsl/TxInf/OrgnlTxRef/SttlmInf/InstgRmbrsmntAgt/FinInstnId/ClrSysMmbId/ClrSysId/Cd,Cd,ExternalClearingSystemIdentification1Code,1,1
pacs.007.001.14,/Document/FIToFIPmtRvsl/TxInf/OrgnlTxRef/SttlmInf/InstgRmbrsmntAgt/FinInstnId/ClrSysMmbId/ClrSysId/Prtry,Prtry,Max35Text,1,1
pacs.007.001.14,/Document/FIToFIPmtRvsl/TxInf/OrgnlTxRef/SttlmInf/InstgRmbrsmntAgt/FinInstnId/ClrSysMmbId/MmbId,MmbId,Max35Text,1,1
pacs.007.001.14,/Document/FIToFIPmtRvsl/TxInf/OrgnlTxRef/SttlmInf/InstgRmbrsmntAgt/FinInstnId/LEI,LEI,LEIIdentifier,0,1
pacs.007.001.14,/Document/FIToFIPmtRvsl/TxInf/OrgnlTxRef/SttlmInf/InstgRmbrsmntAgt/FinInstnId/Nm,Nm,Max140Text,0,1
pacs.007.001.14,/Document/FIToFIPmtRvsl/TxInf/OrgnlTxRef/SttlmInf/InstgRmbrsmntAgt/FinInstnId/PstlAdr,PstlAdr,PostalAddress27,0,1
pacs.007.001.14,/Document/FIToFIPmtRvsl/TxInf/OrgnlTxRef/SttlmInf/InstgRmbrsmntAgt/FinInstnId/PstlAdr/AdrTp,AdrTp,AddressType3Choice,0,1
pacs.007.001.14,/Document/FIToFIPmtRvsl/TxInf/OrgnlTxRef/SttlmInf/InstgRmbrsmntAgt/FinInstnId/PstlAdr/AdrTp/Cd,Cd,AddressType2Code,1,1
pacs.007.001.14,/Document/FIToFIPmtRvsl/TxInf/OrgnlTxRef/SttlmInf/InstgRmbrsmntAgt/FinInstnId/PstlAdr/AdrTp/Prtry,Prtry,GenericIdentification30,1,1
pacs.007.001.14,/Document/FIToFIPmtRvsl/TxInf/OrgnlTxRef/SttlmInf/InstgRmbrsmntAgt/FinInstnId/PstlAdr/AdrTp/Prtry/Id,Id,Exact4AlphaNumericText,1,1
pacs.007.001.14,/Document/FIToFIPmtRvsl/TxInf/OrgnlTxRef/SttlmInf/InstgRmbrsmntAgt/FinInstnId/PstlAdr/AdrTp/Prtry/Issr,Issr,Max35Text,1,1
pacs.007.001.14,/Document/FIToFIPmtRvsl/TxInf/OrgnlTxRef/SttlmInf/InstgRmbrsmntAgt/FinInstnId/PstlAdr/AdrTp/Prtry/SchmeNm,SchmeNm,Max35Text,0,1
pacs.007.001.14,/Document/FIToFIPmtRvsl/TxInf/OrgnlTxRef/SttlmInf/InstgRmbrsmntAgt/FinInstnId/PstlAdr/CareOf,CareOf,Max140Text,0,1
pacs.007.001.14,/Document/FIToFIPmtRvsl/TxInf/OrgnlTxRef/SttlmInf/InstgRmbrsmntAgt/FinInstnId/PstlAdr/Dept,Dept,Max70Text,0,1
pacs.007.001.14,/Document/FIToFIPmtRvsl/TxInf/OrgnlTxRef/SttlmInf/InstgRmbrsmntAgt/FinInstnId/PstlAdr/SubDept,SubDept,Max70Text,0,1
pacs.007.001.14,/Document/FIToFIPmtRvsl/TxInf/OrgnlTxRef/SttlmInf/InstgRmbrsmntAgt/FinInstnId/PstlAdr/StrtNm,StrtNm,Max140Text,0,1
pacs.007.001.14,/Document/FIToFIPmtRvsl/TxInf/OrgnlTxRef/SttlmInf/InstgRmbrsmntAgt/FinInstnId/PstlAdr/BldgNb,BldgNb,Max16Text,0,1
pacs.007.001.14,/Document/FIToFIPmtRvsl/TxInf/OrgnlTxRef/SttlmInf/InstgRmbrsmntAgt/FinInstnId/PstlAdr/BldgNm,BldgNm,Max140Text,0,1
pacs.007.001.14,/Document/FIToFIPmtRvsl/TxInf/OrgnlTxRef/SttlmInf/InstgRmbrsmntAgt/FinInstnId/PstlAdr/Flr,Flr,Max70Text,0,1
pacs.007.001.14,/Document/FIToFIPmtRvsl/TxInf/OrgnlTxRef/SttlmInf/InstgRmbrsmntAgt/FinInstnId/PstlAdr/UnitNb,UnitNb,Max16Text,0,1
pacs.007.001.14,/Document/FIToFIPmtRvsl/TxInf/OrgnlTxRef/SttlmInf/InstgRmbrsmntAgt/FinInstnId/PstlAdr/PstBx,PstBx,Max16Text,0,1
pacs.007.001.14,/Document/FIToFIPmtRvsl/TxInf/OrgnlTxRef/SttlmInf/InstgRmbrsmntAgt/FinInstnId/PstlAdr/Room,Room,Max70Text,0,1
pacs.007.001.14,/Document/FIToFIPmtRvsl/TxInf/OrgnlTxRef/SttlmInf/InstgRmbrsmntAgt/FinInstnId/PstlAdr/PstCd,PstCd,Max16Text,0,1
pacs.007.001.14,/Document/FIToFIPmtRvsl/TxInf/OrgnlTxRef/SttlmInf/InstgRmbrsmntAgt/FinInstnId/PstlAdr/TwnNm,TwnNm,Max140Text,0,1
pacs.007.001.14,/Document/FIToFIPmtRvsl/TxInf/OrgnlTxRef/SttlmInf/InstgRmbrsmntAgt/FinInstnId/PstlAdr/TwnLctnNm,TwnLctnNm,Max140Text,0,1
pacs.007.001.14,/Document/FIToFIPmtRvsl/TxInf/OrgnlTxRef/SttlmInf/InstgRmbrsmntAgt/FinInstnId/PstlAdr/DstrctNm,DstrctNm,Max140Text,0,1
pacs.007.001.14,/Document/FIToFIPmtRvsl/TxInf/OrgnlTxRef/SttlmInf/InstgRmbrsmntAgt/FinInstnId/PstlAdr/CtrySubDvsn,CtrySubDvsn,Max35Text,0,1
pacs.007.001.14,/Document/FIToFIPmtRvsl/TxInf/OrgnlTxRef/SttlmInf/InstgRmbrsmntAgt/FinInstnId/PstlAdr/Ctry,Ctry,CountryCode,0,1
pacs.007.001.14,/Document/FIToFIPmtRvsl/TxInf/OrgnlTxRef/SttlmInf/InstgRmbrsmntAgt/FinInstnId/PstlAdr/AdrLine,AdrLine,Max70Text,0,7
pacs.007.001.14,/Document/FIToFIPmtRvsl/TxInf/OrgnlTxRef/SttlmInf/InstgRmbrsmntAgt/FinInstnId/Othr,Othr,GenericFinancialIdentification1,0,1
pacs.007.001.14,/Document/FIToFIPmtRvsl/TxInf/OrgnlTxRef/SttlmInf/InstgRmbrsmntAgt/FinInstnId/Othr/Id,Id,Max35Text,1,1
pacs.007.001.14,/Document/FIToFIPmtRvsl/TxInf/OrgnlTxRef/SttlmInf/InstgRmbrsmntAgt/FinInstnId/Othr/SchmeNm,SchmeNm,FinancialIdentificationSchemeName1Choice,0,1
pacs.007.001.14,/Document/FIToFIPmtRvsl/TxInf/OrgnlTxRef/SttlmInf/InstgRmbrsmntAgt/FinInstnId/Othr/SchmeNm/Cd,Cd,ExternalFinancialInstitutionIdentification1Code,1,1
pacs.007.001.14,/Document/FIToFIPmtRvsl/TxInf/OrgnlTxRef/SttlmInf/InstgRmbrsmntAgt/FinInstnId/Othr/SchmeNm/Prtry,Prtry,Max35Text,1,1
pacs.007.001.14,/Document/FIToFIPmtRvsl/TxInf/OrgnlTxRef/SttlmInf/InstgRmbrsmntAgt/FinInstnId/Othr/Issr,Issr,Max35Text,0,1
pacs.007.001.14,/Document/FIToFIPmtRvsl/TxInf/OrgnlTxRef/SttlmInf/InstgRmbrsmntAgt/BrnchId,BrnchId,BranchData5,0,1
pacs.007.001.14,/Document/FIToFIPmtRvsl/TxInf/OrgnlTxRef/SttlmInf/InstgRmbrsmntAgt/BrnchId/Id,Id,Max35Text,0,1
pacs.007.001.14,/Document/FIToFIPmtRvsl/TxInf/OrgnlTxRef/SttlmInf/InstgRmbrsmntAgt/BrnchId/LEI,LEI,LEIIdentifier,0,1
pacs.007.001.14,/Document/FIToFIPmtRvsl/TxInf/OrgnlTxRef/SttlmInf/InstgRmbrsmntAgt/BrnchId/Nm,Nm,Max140Text,0,1
pacs.007.001.14,/Document/FIToFIPmtRvsl/TxInf/OrgnlTxRef/SttlmInf/InstgRmbrsmntAgt/BrnchId/PstlAdr,PstlAdr,PostalAddress27,0,1
pacs.007.001.14,/Document/FIToFIPmtRvsl/TxInf/OrgnlTxRef/SttlmInf/InstgRmbrsmntAgt/BrnchId/PstlAdr/AdrTp,AdrTp,AddressType3Choice,0,1
pacs.007.001.14,/Document/FIToFIPmtRvsl/TxInf/OrgnlTxRef/SttlmInf/InstgRmbrsmntAgt/BrnchId/PstlAdr/AdrTp/Cd,Cd,AddressType2Code,1,1
pacs.007.001.14,/Document/FIToFIPmtRvsl/TxInf/OrgnlTxRef/SttlmInf/InstgRmbrsmntAgt/BrnchId/PstlAdr/AdrTp/Prtry,Prtry,GenericIdentification30,1,1
pacs.007.001.14,/Document/FIToFIPmtRvsl/TxInf/OrgnlTxRef/SttlmInf/InstgRmbrsmntAgt/BrnchId/PstlAdr/AdrTp/Prtry/Id,Id,Exact4AlphaNumericText,1,1
pacs.007.001.14,/Document/FIToFIPmtRvsl/TxInf/OrgnlTxRef/SttlmInf/InstgRmbrsmntAgt/BrnchId/PstlAdr/AdrTp/Prtry/Issr,Issr,Max35Text,1,1
pacs.007.001.14,/Document/FIToFIPmtRvsl/TxInf/OrgnlTxRef/SttlmInf/InstgRmbrsmntAgt/BrnchId/PstlAdr/AdrTp/Prtry/SchmeNm,SchmeNm,Max35Text,0,1
pacs.007.001.14,/Document/FIToFIPmtRvsl/TxInf/OrgnlTxRef/SttlmInf/InstgRmbrsmntAgt/BrnchId/PstlAdr/CareOf,CareOf,Max140Text,0,1
pacs.007.001.14,/Document/FIToFIPmtRvsl/TxInf/OrgnlTxRef/SttlmInf/InstgRmbrsmntAgt/BrnchId/PstlAdr/Dept,Dept,Max70Text,0,1
pacs.007.001.14,/Document/FIToFIPmtRvsl/TxInf/OrgnlTxRef/SttlmInf/InstgRmbrsmntAgt/BrnchId/PstlAdr/SubDept,SubDept,Max70Text,0,1
pacs.007.001.14,/Document/FIToFIPmtRvsl/TxInf/OrgnlTxRef/SttlmInf/InstgRmbrsmntAgt/BrnchId/PstlAdr/StrtNm,StrtNm,Max140Text,0,1
pacs.007.001.14,/Document/FIToFIPmtRvsl/TxInf/OrgnlTxRef/SttlmInf/InstgRmbrsmntAgt/BrnchId/PstlAdr/BldgNb,BldgNb,Max16Text,0,1
pacs.007.001.14,/Document/FIToFIPmtRvsl/TxInf/OrgnlTxRef/SttlmInf/InstgRmbrsmntAgt/BrnchId/PstlAdr/BldgNm,BldgNm,Max140Text,0,1
pacs.007.001.14,/Document/FIToFIPmtRvsl/TxInf/OrgnlTxRef/SttlmInf/InstgRmbrsmntAgt/BrnchId/PstlAdr/Flr,Flr,Max70Text,0,1
pacs.007.001.14,/Document/FIToFIPmtRvsl/TxInf/OrgnlTxRef/SttlmInf/InstgRmbrsmntAgt/BrnchId/PstlAdr/UnitNb,UnitNb,Max16Text,0,1
pacs.007.001.14,/Document/FIToFIPmtRvsl/TxInf/OrgnlTxRef/SttlmInf/InstgRmbrsmntAgt/BrnchId/PstlAdr/PstBx,PstBx,Max16Text,0,1
pacs.007.001.14,/Document/FIToFIPmtRvsl/TxInf/OrgnlTxRef/SttlmInf/InstgRmbrsmntAgt/BrnchId/PstlAdr/Room,Room,Max70Text,0,1
pacs.007.001.14,/Document/FIToFIPmtRvsl/TxInf/OrgnlTxRef/SttlmInf/InstgRmbrsmntAgt/BrnchId/PstlAdr/PstCd,PstCd,Max16Text,0,1
pacs.007.001.14,/Document/FIToFIPmtRvsl/TxInf/OrgnlTxRef/SttlmInf/InstgRmbrsmntAgt/BrnchId/PstlAdr/TwnNm,TwnNm,Max140Text,0,1
pacs.007.001.14,/Document/FIToFIPmtRvsl/TxInf/OrgnlTxRef/SttlmInf/InstgRmbrsmntAgt/BrnchId/PstlAdr/TwnLctnNm,TwnLctnNm,Max140Text,0,1
pacs.007.001.14,/Document/FIToFIPmtRvsl/TxInf/OrgnlTxRef/SttlmInf/InstgRmbrsmntAgt/BrnchId/PstlAdr/DstrctNm,DstrctNm,Max140Text,0,1
pacs.007.001.14,/Document/FIToFIPmtRvsl/TxInf/OrgnlTxRef/SttlmInf/InstgRmbrsmntAgt/BrnchId/PstlAdr/CtrySubDvsn,CtrySubDvsn,Max35Text,0,1
pacs.007.001.14,/Document/FIToFIPmtRvsl/TxInf/OrgnlTxRef/SttlmInf/InstgRmbrsmntAgt/BrnchId/PstlAdr/Ctry,Ctry,CountryCode,0,1
pacs.007.001.14,/Document/FIToFIPmtRvsl/TxInf/OrgnlTxRef/SttlmInf/InstgRmbrsmntAgt/BrnchId/PstlAdr/AdrLine,AdrLine,Max70Text,0,7
pacs.007.001.14,/Document/FIToFIPmtRvsl/TxInf/OrgnlTxRef/SttlmInf/InstgRmbrsmntAgtAcct,InstgRmbrsmntAgtAcct,CashAccount40,0,1
pacs.007.001.14,/Document/FIToFIPmtRvsl/TxInf/OrgnlTxRef/SttlmInf/InstgRmbrsmntAgtAcct/Id,Id,AccountIdentification4Choice,0,1
pacs.007.001.14,/Document/FIToFIPmtRvsl/TxInf/OrgnlTxRef/SttlmInf/InstgRmbrsmntAgtAcct/Id/IBAN,IBAN,IBAN2007Identifier,1,1
pacs.007.001.14,/Document/FIToFIPmtRvsl/TxInf/OrgnlTxRef/SttlmInf/InstgRmbrsmntAgtAcct/Id/Othr,Othr,GenericAccountIdentification1,1,1
pacs.007.001.14,/Document/FIToFIPmtRvsl/TxInf/OrgnlTxRef/SttlmInf/InstgRmbrsmntAgtAcct/Id/Othr/Id,Id,Max34Text,1,1
pacs.007.001.14,/Document/FIToFIPmtRvsl/TxInf/OrgnlTxRef/SttlmInf/InstgRmbrsmntAgtAcct/Id/Othr/SchmeNm,SchmeNm,AccountSchemeName1Choice,0,1
pacs.007.001.14,/Document/FIToFIPmtRvsl/TxInf/OrgnlTxRef/SttlmInf/InstgRmbrsmntAgtAcct/Id/Othr/SchmeNm/Cd,Cd,ExternalAccountIdentification1Code,1,1
pacs.007.001.14,/Document/FIToFIPmtRvsl/TxInf/OrgnlTxRef/SttlmInf/InstgRmbrsmntAgtAcct/Id/Othr/SchmeNm/Prtry,Prtry,Max35Text,1,1
pacs.007.001.14,/Document/FIToFIPmtRvsl/TxInf/OrgnlTxRef/SttlmInf/InstgRmbrsmntAgtAcct/Id/Othr/Issr,Issr,Max35Text,0,1
pacs.007.001.14,/Document/FIToFIPmtRvsl/TxInf/OrgnlTxRef/SttlmInf/InstgRmbrsmntAgtAcct/Tp,Tp,CashAccountType2Choice,0,1
pacs.007.001.14,/Document/FIToFIPmtRvsl/TxInf/OrgnlTxRef/SttlmInf/InstgRmbrsmntAgtAcct/Tp/Cd,Cd,ExternalCashAccountType1Code,1,1
pacs.007.001.14,/Document/FIToFIPmtRvsl/TxInf/OrgnlTxRef/SttlmInf/InstgRmbrsmntAgtAcct/Tp/Prtry,Prtry,Max35Text,1,1
pacs.007.001.14,/Document/FIToFIPmtRvsl/TxInf/OrgnlTxRef/SttlmInf/InstgRmbrsmntAgtAcct/Ccy,Ccy,ActiveOrHistoricCurrencyCode,0,1
pacs.007.001.14,/Document/FIToFIPmtRvsl/TxInf/OrgnlTxRef/SttlmInf/InstgRmbrsmntAgtAcct/Nm,Nm,Max70Text,0,1
pacs.007.001.14,/Document/FIToFIPmtRvsl/TxInf/OrgnlTxRef/SttlmInf/InstgRmbrsmntAgtAcct/Prxy,Prxy,ProxyAccountIdentification1,0,1
pacs.007.001.14,/Document/FIToFIPmtRvsl/TxInf/OrgnlTxRef/SttlmInf/InstgRmbrsmntAgtAcct/Prxy/Tp,Tp,ProxyAccountType1Choice,0,1
pacs.007.001.14,/Document/FIToFIPmtRvsl/TxInf/OrgnlTxRef/SttlmInf/InstgRmbrsmntAgtAcct/Prxy/Tp/Cd,Cd,ExternalProxyAccountType1Code,1,1
pacs.007.001.14,/Document/FIToFIPmtRvsl/TxInf/OrgnlTxRef/SttlmInf/InstgRmbrsmntAgtAcct/Prxy/Tp/Prtry,Prtry,Max35Text,1,1
pacs.007.001.14,/Document/FIToFIPmtRvsl/TxInf/OrgnlTxRef/SttlmInf/InstgRmbrsmntAgtAcct/Prxy/Id,Id,Max2048Text,1,1
pacs.007.001.14,/Document/FIToFIPmtRvsl/TxInf/OrgnlTxRef/SttlmInf/InstdRmbrsmntAgt,InstdRmbrsmntAgt,BranchAndFinancialInstitutionIdentification8,0,1
pacs.007.001.14,/Document/FIToFIPmtRvsl/TxInf/OrgnlTxRef/SttlmInf/InstdRmbrsmntAgt/FinInstnId,FinInstnId,FinancialInstitutionIdentification23,1,1
pacs.007.001.14,/Document/FIToFIPmtRvsl/TxInf/OrgnlTxRef/SttlmInf/InstdRmbrsmntAgt/FinInstnId/BICFI,BICFI,BICFIDec2014Identifier,0,1
pacs.007.001.14,/Document/FIToFIPmtRvsl/TxInf/OrgnlTxRef/SttlmInf/InstdRmbrsmntAgt/FinInstnId/ClrSysMmbId,ClrSysMmbId,ClearingSystemMemberIdentification2,0,1
pacs.007.001.14,/Document/FIToFIPmtRvsl/TxInf/OrgnlTxRef/SttlmInf/InstdRmbrsmntAgt/FinInstnId/ClrSysMmbId/ClrSysId,ClrSysId,ClearingSystemIdentification2Choice,0,1
pacs.007.001.14,/Document/FIToFIPmtRvsl/TxInf/OrgnlTxRef/SttlmInf/InstdRmbrsmntAgt/FinInstnId/ClrSysMmbId/ClrSysId/Cd,Cd,ExternalClearingSystemIdentification1Code,1,1
pacs.007.001.14,/Document/FIToFIPmtRvsl/TxInf/OrgnlTxRef/SttlmInf/InstdRmbrsmntAgt/FinInstnId/ClrSysMmbId/ClrSysId/Prtry,Prtry,Max35Text,1,1
pacs.007.001.14,/Document/FIToFIPmtRvsl/TxInf/OrgnlTxRef/SttlmInf/InstdRmbrsmntAgt/FinInstnId/ClrSysMmbId/MmbId,MmbId,Max35Text,1,1
pacs.007.001.14,/Document/FIToFIPmtRvsl/TxInf/OrgnlTxRef/SttlmInf/InstdRmbrsmntAgt/FinInstnId/LEI,LEI,LEIIdentifier,0,1
pacs.007.001.14,/Document/FIToFIPmtRvsl/TxInf/OrgnlTxRef/SttlmInf/InstdRmbrsmntAgt/FinInstnId/Nm,Nm,Max140Text,0,1
pacs.007.001.14,/Document/FIToFIPmtRvsl/TxInf/OrgnlTxRef/SttlmInf/InstdRmbrsmntAgt/FinInstnId/PstlAdr,PstlAdr,PostalAddress27,0,1
pacs.007.001.14,/Document/FIToFIPmtRvsl/TxInf/OrgnlTxRef/SttlmInf/InstdRmbrsmntAgt/FinInstnId/PstlAdr/AdrTp,AdrTp,AddressType3Choice,0,1
pacs.007.001.14,/Document/FIToFIPmtRvsl/TxInf/OrgnlTxRef/SttlmInf/InstdRmbrsmntAgt/FinInstnId/PstlAdr/AdrTp/Cd,Cd,AddressType2Code,1,1
pacs.007.001.14,/Document/FIToFIPmtRvsl/TxInf/OrgnlTxRef/SttlmInf/InstdRmbrsmntAgt/FinInstnId/PstlAdr/AdrTp/Prtry,Prtry,GenericIdentification30,1,1
pacs.007.001.14,/Document/FIToFIPmtRvsl/TxInf/OrgnlTxRef/SttlmInf/InstdRmbrsmntAgt/FinInstnId/PstlAdr/AdrTp/Prtry/Id,Id,Exact4AlphaNumericText,1,1
pacs.007.001.14,/Document/FIToFIPmtRvsl/TxInf/OrgnlTxRef/SttlmInf/InstdRmbrsmntAgt/FinInstnId/PstlAdr/AdrTp/Prtry/Issr,Issr,Max35Text,1,1
pacs.007.001.14,/Document/FIToFIPmtRvsl/TxInf/OrgnlTxRef/SttlmInf/InstdRmbrsmntAgt/FinInstnId/PstlAdr/AdrTp/Prtry/SchmeNm,SchmeNm,Max35Text,0,1
pacs.007.001.14,/Document/FIToFIPmtRvsl/TxInf/OrgnlTxRef/SttlmInf/InstdRmbrsmntAgt/FinInstnId/PstlAdr/CareOf,CareOf,Max140Text,0,1
pacs.007.001.14,/Document/FIToFIPmtRvsl/TxInf/OrgnlTxRef/SttlmInf/InstdRmbrsmntAgt/FinInstnId/PstlAdr/Dept,Dept,Max70Text,0,1
pacs.007.001.14,/Document/FIToFIPmtRvsl/TxInf/OrgnlTxRef/SttlmInf/InstdRmbrsmntAgt/FinInstnId/PstlAdr/SubDept,SubDept,Max70Text,0,1
pacs.007.001.14,/Document/FIToFIPmtRvsl/TxInf/OrgnlTxRef/SttlmInf/InstdRmbrsmntAgt/FinInstnId/PstlAdr/StrtNm,StrtNm,Max140Text,0,1
pacs.007.001.14,/Document/FIToFIPmtRvsl/TxInf/OrgnlTxRef/SttlmInf/InstdRmbrsmntAgt/FinInstnId/PstlAdr/BldgNb,BldgNb,Max16Text,0,1
pacs.007.001.14,/Document/FIToFIPmtRvsl/TxInf/OrgnlTxRef/SttlmInf/InstdRmbrsmntAgt/FinInstnId/PstlAdr/BldgNm,BldgNm,Max140Text,0,1
pacs.007.001.14,/Document/FIToFIPmtRvsl/TxInf/OrgnlTxRef/SttlmInf/InstdRmbrsmntAgt/FinInstnId/PstlAdr/Flr,Flr,Max70Text,0,1
pacs.007.001.14,/Document/FIToFIPmtRvsl/TxInf/OrgnlTxRef/SttlmInf/InstdRmbrsmntAgt/FinInstnId/PstlAdr/UnitNb,UnitNb,Max16Text,0,1
pacs.007.001.14,/Document/FIToFIPmtRvsl/TxInf/OrgnlTxRef/SttlmInf/InstdRmbrsmntAgt/FinInstnId/PstlAdr/PstBx,PstBx,Max16Text,0,1
pacs.007.001.14,/Document/FIToFIPmtRvsl/TxInf/OrgnlTxRef/SttlmInf/InstdRmbrsmntAgt/FinInstnId/PstlAdr/Room,Room,Max70Text,0,1
pacs.007.001.14,/Document/FIToFIPmtRvsl/TxInf/OrgnlTxRef/SttlmInf/InstdRmbrsmntAgt/FinInstnId/PstlAdr/PstCd,PstCd,Max16Text,0,1
pacs.007.001.14,/Document/FIToFIPmtRvsl/TxInf/OrgnlTxRef/SttlmInf/InstdRmbrsmntAgt/FinInstnId/PstlAdr/TwnNm,TwnNm,Max140Text,0,1
pacs.007.001.14,/Document/FIToFIPmtRvsl/TxInf/OrgnlTxRef/SttlmInf/InstdRmbrsmntAgt/FinInstnId/PstlAdr/TwnLctnNm,TwnLctnNm,Max140Text,0,1
pacs.007.001.14,/Document/FIToFIPmtRvsl/TxInf/OrgnlTxRef/SttlmInf/InstdRmbrsmntAgt/FinInstnId/PstlAdr/DstrctNm,DstrctNm,Max140Text,0,1
pacs.007.001.14,/Document/FIToFIPmtRvsl/TxInf/OrgnlTxRef/SttlmInf/InstdRmbrsmntAgt/FinInstnId/PstlAdr/CtrySubDvsn,CtrySubDvsn,Max35Text,0,1
pacs.007.001.14,/Document/FIToFIPmtRvsl/TxInf/OrgnlTxRef/SttlmInf/InstdRmbrsmntAgt/FinInstnId/PstlAdr/Ctry,Ctry,CountryCode,0,1
pacs.007.001.14,/Document/FIToFIPmtRvsl/TxInf/OrgnlTxRef/SttlmInf/InstdRmbrsmntAgt/FinInstnId/PstlAdr/AdrLine,AdrLine,Max70Text,0,7
pacs.007.001.14,/Document/FIToFIPmtRvsl/TxInf/OrgnlTxRef/SttlmInf/InstdRmbrsmntAgt/FinInstnId/Othr,Othr,GenericFinancialIdentification1,0,1
pacs.007.001.14,/Document/FIToFIPmtRvsl/TxInf/OrgnlTxRef/SttlmInf/InstdRmbrsmntAgt/FinInstnId/Othr/Id,Id,Max35Text,1,1
pacs.007.001.14,/Document/FIToFIPmtRvsl/TxInf/OrgnlTxRef/SttlmInf/InstdRmbrsmntAgt/FinInstnId/Othr/SchmeNm,SchmeNm,FinancialIdentificationSchemeName1Choice,0,1
pacs.007.001.14,/Document/FIToFIPmtRvsl/TxInf/OrgnlTxRef/SttlmInf/InstdRmbrsmntAgt/FinInstnId/Othr/SchmeNm/Cd,Cd,ExternalFinancialInstitutionIdentification1Code,1,1
pacs.007.001.14,/Document/FIToFIPmtRvsl/TxInf/OrgnlTxRef/SttlmInf/InstdRmbrsmntAgt/FinInstnId/Othr/SchmeNm/Prtry,Prtry,Max35Text,1,1
pacs.007.001.14,/Document/FIToFIPmtRvsl/TxInf/OrgnlTxRef/SttlmInf/InstdRmbrsmntAgt/FinInstnId/Othr/Issr,Issr,Max35Text,0,1
pacs.007.001.14,/Document/FIToFIPmtRvsl/TxInf/OrgnlTxRef/SttlmInf/InstdRmbrsmntAgt/BrnchId,BrnchId,BranchData5,0,1
pacs.007.001.14,/Document/FIToFIPmtRvsl/TxInf/OrgnlTxRef/SttlmInf/InstdRmbrsmntAgt/BrnchId/Id,Id,Max35Text,0,1
pacs.007.001.14,/Document/FIToFIPmtRvsl/TxInf/OrgnlTxRef/SttlmInf/InstdRmbrsmntAgt/BrnchId/LEI,LEI,LEIIdentifier,0,1
pacs.007.001.14,/Document/FIToFIPmtRvsl/TxInf/OrgnlTxRef/SttlmInf/InstdRmbrsmntAgt/BrnchId/Nm,Nm,Max140Text,0,1
pacs.007.001.14,/Document/FIToFIPmtRvsl/TxInf/OrgnlTxRef/SttlmInf/InstdRmbrsmntAgt/BrnchId/PstlAdr,PstlAdr,PostalAddress27,0,1
pacs.007.001.14,/Document/FIToFIPmtRvsl/TxInf/OrgnlTxRef/SttlmInf/InstdRmbrsmntAgt/BrnchId/PstlAdr/AdrTp,AdrTp,AddressType3Choice,0,1
pacs.007.001.14,/Document/FIToFIPmtRvsl/TxInf/OrgnlTxRef/SttlmInf/InstdRmbrsmntAgt/BrnchId/PstlAdr/AdrTp/Cd,Cd,AddressType2Code,1,1
pacs.007.001.14,/Document/FIToFIPmtRvsl/TxInf/OrgnlTxRef/SttlmInf/InstdRmbrsmntAgt/BrnchId/PstlAdr/AdrTp/Prtry,Prtry,GenericIdentification30,1,1
pacs.007.001.14,/Document/FIToFIPmtRvsl/TxInf/OrgnlTxRef/SttlmInf/InstdRmbrsmntAgt/BrnchId/PstlAdr/AdrTp/Prtry/Id,Id,Exact4AlphaNumericText,1,1
pacs.007.001.14,/Document/FIToFIPmtRvsl/TxInf/OrgnlTxRef/SttlmInf/InstdRmbrsmntAgt/BrnchId/PstlAdr/AdrTp/Prtry/Issr,Issr,Max35Text,1,1
pacs.007.001.14,/Document/FIToFIPmtRvsl/TxInf/OrgnlTxRef/SttlmInf/InstdRmbrsmntAgt/BrnchId/PstlAdr/AdrTp/Prtry/SchmeNm,SchmeNm,Max35Text,0,1
pacs.007.001.14,/Document/FIToFIPmtRvsl/TxInf/OrgnlTxRef/SttlmInf/InstdRmbrsmntAgt/BrnchId/PstlAdr/CareOf,CareOf,Max140Text,0,1
pacs.007.001.14,/Document/FIToFIPmtRvsl/TxInf/OrgnlTxRef/SttlmInf/InstdRmbrsmntAgt/BrnchId/PstlAdr/Dept,Dept,Max70Text,0,1
pacs.007.001.14,/Document/FIToFIPmtRvsl/TxInf/OrgnlTxRef/SttlmInf/InstdRmbrsmntAgt/BrnchId/PstlAdr/SubDept,SubDept,Max70Text,0,1
pacs.007.001.14,/Document/FIToFIPmtRvsl/TxInf/OrgnlTxRef/SttlmInf/InstdRmbrsmntAgt/BrnchId/PstlAdr/StrtNm,StrtNm,Max140Text,0,1
pacs.007.001.14,/Document/FIToFIPmtRvsl/TxInf/OrgnlTxRef/SttlmInf/InstdRmbrsmntAgt/BrnchId/PstlAdr/BldgNb,BldgNb,Max16Text,0,1
pacs.007.001.14,/Document/FIToFIPmtRvsl/TxInf/OrgnlTxRef/SttlmInf/InstdRmbrsmntAgt/BrnchId/PstlAdr/BldgNm,BldgNm,Max140Text,0,1
pacs.007.001.14,/Document/FIToFIPmtRvsl/TxInf/OrgnlTxRef/SttlmInf/InstdRmbrsmntAgt/BrnchId/PstlAdr/Flr,Flr,Max70Text,0,1
pacs.007.001.14,/Document/FIToFIPmtRvsl/TxInf/OrgnlTxRef/SttlmInf/InstdRmbrsmntAgt/BrnchId/PstlAdr/UnitNb,UnitNb,Max16Text,0,1
pacs.007.001.14,/Document/FIToFIPmtRvsl/TxInf/OrgnlTxRef/SttlmInf/InstdRmbrsmntAgt/BrnchId/PstlAdr/PstBx,PstBx,Max16Text,0,1
pacs.007.001.14,/Document/FIToFIPmtRvsl/TxInf/OrgnlTxRef/SttlmInf/InstdRmbrsmntAgt/BrnchId/PstlAdr/Room,Room,Max70Text,0,1
pacs.007.001.14,/Document/FIToFIPmtRvsl/TxInf/OrgnlTxRef/SttlmInf/InstdRmbrsmntAgt/BrnchId/PstlAdr/PstCd,PstCd,Max16Text,0,1
pacs.007.001.14,/Document/FIToFIPmtRvsl/TxInf/OrgnlTxRef/SttlmInf/InstdRmbrsmntAgt/BrnchId/PstlAdr/TwnNm,TwnNm,Max140Text,0,1
pacs.007.001.14,/Document/FIToFIPmtRvsl/TxInf/OrgnlTxRef/SttlmInf/InstdRmbrsmntAgt/BrnchId/PstlAdr/TwnLctnNm,TwnLctnNm,Max140Text,0,1
pacs.007.001.14,/Document/FIToFIPmtRvsl/TxInf/OrgnlTxRef/SttlmInf/InstdRmbrsmntAgt/BrnchId/PstlAdr/DstrctNm,DstrctNm,Max140Text,0,1
pacs.007.001.14,/Document/FIToFIPmtRvsl/TxInf/OrgnlTxRef/SttlmInf/InstdRmbrsmntAgt/BrnchId/PstlAdr/CtrySubDvsn,CtrySubDvsn,Max35Text,0,1
pacs.007.001.14,/Document/FIToFIPmtRvsl/TxInf/OrgnlTxRef/SttlmInf/InstdRmbrsmntAgt/BrnchId/PstlAdr/Ctry,Ctry,CountryCode,0,1
pacs.007.001.14,/Document/FIToFIPmtRvsl/TxInf/OrgnlTxRef/SttlmInf/InstdRmbrsmntAgt/BrnchId/PstlAdr/AdrLine,AdrLine,Max70Text,0,7
pacs.007.001.14,/Document/FIToFIPmtRvsl/TxInf/OrgnlTxRef/SttlmInf/InstdRmbrsmntAgtAcct,InstdRmbrsmntAgtAcct,CashAccount40,0,1
pacs.007.001.14,/Document/FIToFIPmtRvsl/TxInf/OrgnlTxRef/SttlmInf/InstdRmbrsmntAgtAcct/Id,Id,AccountIdentification4Choice,0,1
pacs.007.001.14,/Document/FIToFIPmtRvsl/TxInf/OrgnlTxRef/SttlmInf/InstdRmbrsmntAgtAcct/Id/IBAN,IBAN,IBAN2007Identifier,1,1
pacs.007.001.14,/Document/FIToFIPmtRvsl/TxInf/OrgnlTxRef/SttlmInf/InstdRmbrsmntAgtAcct/Id/Othr,Othr,GenericAccountIdentification1,1,1
pacs.007.001.14,/Document/FIToFIPmtRvsl/TxInf/OrgnlTxRef/SttlmInf/InstdRmbrsmntAgtAcct/Id/Othr/Id,Id,Max34Text,1,1
pacs.007.001.14,/Document/FIToFIPmtRvsl/TxInf/OrgnlTxRef/SttlmInf/InstdRmbrsmntAgtAcct/Id/Othr/SchmeNm,SchmeNm,AccountSchemeName1Choice,0,1
pacs.007.001.14,/Document/FIToFIPmtRvsl/TxInf/OrgnlTxRef/SttlmInf/InstdRmbrsmntAgtAcct/Id/Othr/SchmeNm/Cd,Cd,ExternalAccountIdentification1Code,1,1
pacs.007.001.14,/Document/FIToFIPmtRvsl/TxInf/OrgnlTxRef/SttlmInf/InstdRmbrsmntAgtAcct/Id/Othr/SchmeNm/Prtry,Prtry,Max35Text,1,1
pacs.007.001.14,/Document/FIToFIPmtRvsl/TxInf/OrgnlTxRef/SttlmInf/InstdRmbrsmntAgtAcct/Id/Othr/Issr,Issr,Max35Text,0,1
pacs.007.001.14,/Document/FIToFIPmtRvsl/TxInf/OrgnlTxRef/SttlmInf/InstdRmbrsmntAgtAcct/Tp,Tp,CashAccountType2Choice,0,1
pacs.007.001.14,/Document/FIToFIPmtRvsl/TxInf/OrgnlTxRef/SttlmInf/InstdRmbrsmntAgtAcct/Tp/Cd,Cd,ExternalCashAccountType1Code,1,1
pacs.007.001.14,/Document/FIToFIPmtRvsl/TxInf/OrgnlTxRef/SttlmInf/InstdRmbrsmntAgtAcct/Tp/Prtry,Prtry,Max35Text,1,1
pacs.007.001.14,/Document/FIToFIPmtRvsl/TxInf/OrgnlTxRef/SttlmInf/InstdRmbrsmntAgtAcct/Ccy,Ccy,ActiveOrHistoricCurrencyCode,0,1
pacs.007.001.14,/Document/FIToFIPmtRvsl/TxInf/OrgnlTxRef/SttlmInf/InstdRmbrsmntAgtAcct/Nm,Nm,Max70Text,0,1
pacs.007.001.14,/Document/FIToFIPmtRvsl/TxInf/OrgnlTxRef/SttlmInf/InstdRmbrsmntAgtAcct/Prxy,Prxy,ProxyAccountIdentification1,0,1
pacs.007.001.14,/Document/FIToFIPmtRvsl/TxInf/OrgnlTxRef/SttlmInf/InstdRmbrsmntAgtAcct/Prxy/Tp,Tp,ProxyAccountType1Choice,0,1
pacs.007.001.14,/Document/FIToFIPmtRvsl/TxInf/OrgnlTxRef/SttlmInf/InstdRmbrsmntAgtAcct/Prxy/Tp/Cd,Cd,ExternalProxyAccountType1Code,1,1
pacs.007.001.14,/Document/FIToFIPmtRvsl/TxInf/OrgnlTxRef/SttlmInf/InstdRmbrsmntAgtAcct/Prxy/Tp/Prtry,Prtry,Max35Text,1,1
pacs.007.001.14,/Document/FIToFIPmtRvsl/TxInf/OrgnlTxRef/SttlmInf/InstdRmbrsmntAgtAcct/Prxy/Id,Id,Max2048Text,1,1
pacs.007.001.14,/Document/FIToFIPmtRvsl/TxInf/OrgnlTxRef/SttlmInf/ThrdRmbrsmntAgt,ThrdRmbrsmntAgt,BranchAndFinancialInstitutionIdentification8,0,1
pacs.007.001.14,/Document/FIToFIPmtRvsl/TxInf/OrgnlTxRef/SttlmInf/ThrdRmbrsmntAgt/FinInstnId,FinInstnId,FinancialInstitutionIdentification23,1,1
pacs.007.001.14,/Document/FIToFIPmtRvsl/TxInf/OrgnlTxRef/SttlmInf/ThrdRmbrsmntAgt/FinInstnId/BICFI,BICFI,BICFIDec2014Identifier,0,1
pacs.007.001.14,/Document/FIToFIPmtRvsl/TxInf/OrgnlTxRef/SttlmInf/ThrdRmbrsmntAgt/FinInstnId/ClrSysMmbId,ClrSysMmbId,ClearingSystemMemberIdentification2,0,1
pacs.007.001.14,/Document/FIToFIPmtRvsl/TxInf/OrgnlTxRef/SttlmInf/ThrdRmbrsmntAgt/FinInstnId/ClrSysMmbId/ClrSysId,ClrSysId,ClearingSystemIdentification2Choice,0,1
pacs.007.001.14,/Document/FIToFIPmtRvsl/TxInf/OrgnlTxRef/SttlmInf/ThrdRmbrsmntAgt/FinInstnId/ClrSysMmbId/ClrSysId/Cd,Cd,ExternalClearingSystemIdentification1Code,1,1
pacs.007.001.14,/Document/FIToFIPmtRvsl/TxInf/OrgnlTxRef/SttlmInf/ThrdRmbrsmntAgt/FinInstnId/ClrSysMmbId/ClrSysId/Prtry,Prtry,Max35Text,1,1
pacs.007.001.14,/Document/FIToFIPmtRvsl/TxInf/OrgnlTxRef/SttlmInf/ThrdRmbrsmntAgt/FinInstnId/ClrSysMmbId/MmbId,MmbId,Max35Text,1,1
pacs.007.001.14,/Document/FIToFIPmtRvsl/TxInf/OrgnlTxRef/SttlmInf/ThrdRmbrsmntAgt/FinInstnId/LEI,LEI,LEIIdentifier,0,1
pacs.007.001.14,/Document/FIToFIPmtRvsl/TxInf/OrgnlTxRef/SttlmInf/ThrdRmbrsmntAgt/FinInstnId/Nm,Nm,Max140Text,0,1
pacs.007.001.14,/Document/FIToFIPmtRvsl/TxInf/OrgnlTxRef/SttlmInf/ThrdRmbrsmntAgt/FinInstnId/PstlAdr,PstlAdr,PostalAddress27,0,1
pacs.007.001.14,/Document/FIToFIPmtRvsl/TxInf/OrgnlTxRef/SttlmInf/ThrdRmbrsmntAgt/FinInstnId/PstlAdr/AdrTp,AdrTp,AddressType3Choice,0,1
pacs.007.001.14,/Document/FIToFIPmtRvsl/TxInf/OrgnlTxRef/SttlmInf/ThrdRmbrsmntAgt/FinInstnId/PstlAdr/AdrTp/Cd,Cd,AddressType2Code,1,1
pacs.007.001.14,/Document/FIToFIPmtRvsl/TxInf/OrgnlTxRef/SttlmInf/ThrdRmbrsmntAgt/FinInstnId/PstlAdr/AdrTp/Prtry,Prtry,GenericIdentification30,1,1
pacs.007.001.14,/Document/FIToFIPmtRvsl/TxInf/OrgnlTxRef/SttlmInf/ThrdRmbrsmntAgt/FinInstnId/PstlAdr/AdrTp/Prtry/Id,Id,Exact4AlphaNumericText,1,1
pacs.007.001.14,/Document/FIToFIPmtRvsl/TxInf/OrgnlTxRef/SttlmInf/ThrdRmbrsmntAgt/FinInstnId/PstlAdr/AdrTp/Prtry/Issr,Issr,Max35Text,1,1
pacs.007.001.14,/Document/FIToFIPmtRvsl/TxInf/OrgnlTxRef/SttlmInf/ThrdRmbrsmntAgt/FinInstnId/PstlAdr/AdrTp/Prtry/SchmeNm,SchmeNm,Max35Text,0,1
pacs.007.001.14,/Document/FIToFIPmtRvsl/TxInf/OrgnlTxRef/SttlmInf/ThrdRmbrsmntAgt/FinInstnId/PstlAdr/CareOf,CareOf,Max140Text,0,1
pacs.007.001.14,/Document/FIToFIPmtRvsl/TxInf/OrgnlTxRef/SttlmInf/ThrdRmbrsmntAgt/FinInstnId/PstlAdr/Dept,Dept,Max70Text,0,1
pacs.007.001.14,/Document/FIToFIPmtRvsl/TxInf/OrgnlTxRef/SttlmInf/ThrdRmbrsmntAgt/FinInstnId/PstlAdr/SubDept,SubDept,Max70Text,0,1
pacs.007.001.14,/Document/FIToFIPmtRvsl/TxInf/OrgnlTxRef/SttlmInf/ThrdRmbrsmntAgt/FinInstnId/PstlAdr/StrtNm,StrtNm,Max140Text,0,1
pacs.007.001.14,/Document/FIToFIPmtRvsl/TxInf/OrgnlTxRef/SttlmInf/ThrdRmbrsmntAgt/FinInstnId/PstlAdr/BldgNb,BldgNb,Max16Text,0,1
pacs.007.001.14,/Document/FIToFIPmtRvsl/TxInf/OrgnlTxRef/SttlmInf/ThrdRmbrsmntAgt/FinInstnId/PstlAdr/BldgNm,BldgNm,Max140Text,0,1
pacs.007.001.14,/Document/FIToFIPmtRvsl/TxInf/OrgnlTxRef/SttlmInf/ThrdRmbrsmntAgt/FinInstnId/PstlAdr/Flr,Flr,Max70Text,0,1
pacs.007.001.14,/Document/FIToFIPmtRvsl/TxInf/OrgnlTxRef/SttlmInf/ThrdRmbrsmntAgt/FinInstnId/PstlAdr/UnitNb,UnitNb,Max16Text,0,1
pacs.007.001.14,/Document/FIToFIPmtRvsl/TxInf/OrgnlTxRef/SttlmInf/ThrdRmbrsmntAgt/FinInstnId/PstlAdr/PstBx,PstBx,Max16Text,0,1
pacs.007.001.14,/Document/FIToFIPmtRvsl/TxInf/OrgnlTxRef/SttlmInf/ThrdRmbrsmntAgt/FinInstnId/PstlAdr/Room,Room,Max70Text,0,1
pacs.007.001.14,/Document/FIToFIPmtRvsl/TxInf/OrgnlTxRef/SttlmInf/ThrdRmbrsmntAgt/FinInstnId/PstlAdr/PstCd,PstCd,Max16Text,0,1
pacs.007.001.14,/Document/FIToFIPmtRvsl/TxInf/OrgnlTxRef/SttlmInf/ThrdRmbrsmntAgt/FinInstnId/PstlAdr/TwnNm,TwnNm,Max140Text,0,1
pacs.007.001.14,/Document/FIToFIPmtRvsl/TxInf/OrgnlTxRef/SttlmInf/ThrdRmbrsmntAgt/FinInstnId/PstlAdr/TwnLctnNm,TwnLctnNm,Max140Text,0,1
pacs.007.001.14,/Document/FIToFIPmtRvsl/TxInf/OrgnlTxRef/SttlmInf/ThrdRmbrsmntAgt/FinInstnId/PstlAdr/DstrctNm,DstrctNm,Max140Text,0,1
pacs.007.001.14,/Document/FIToFIPmtRvsl/TxInf/OrgnlTxRef/SttlmInf/ThrdRmbrsmntAgt/FinInstnId/PstlAdr/CtrySubDvsn,CtrySubDvsn,Max35Text,0,1
pacs.007.001.14,/Document/FIToFIPmtRvsl/TxInf/OrgnlTxRef/SttlmInf/ThrdRmbrsmntAgt/FinInstnId/PstlAdr/Ctry,Ctry,CountryCode,0,1
pacs.007.001.14,/Document/FIToFIPmtRvsl/TxInf/OrgnlTxRef/SttlmInf/ThrdRmbrsmntAgt/FinInstnId/PstlAdr/AdrLine,AdrLine,Max70Text,0,7
pacs.007.001.14,/Document/FIToFIPmtRvsl/TxInf/OrgnlTxRef/SttlmInf/ThrdRmbrsmntAgt/FinInstnId/Othr,Othr,GenericFinancialIdentification1,0,1
pacs.007.001.14,/Document/FIToFIPmtRvsl/TxInf/OrgnlTxRef/SttlmInf/ThrdRmbrsmntAgt/FinInstnId/Othr/Id,Id,Max35Text,1,1
pacs.007.001.14,/Document/FIToFIPmtRvsl/TxInf/OrgnlTxRef/SttlmInf/ThrdRmbrsmntAgt/FinInstnId/Othr/SchmeNm,SchmeNm,FinancialIdentificationSchemeName1Choice,0,1
pacs.007.001.14,/Document/FIToFIPmtRvsl/TxInf/OrgnlTxRef/SttlmInf/ThrdRmbrsmntAgt/FinInstnId/Othr/SchmeNm/Cd,Cd,ExternalFinancialInstitutionIdentification1Code,1,1
pacs.007.001.14,/Document/FIToFIPmtRvsl/TxInf/OrgnlTxRef/SttlmInf/ThrdRmbrsmntAgt/FinInstnId/Othr/SchmeNm/Prtry,Prtry,Max35Text,1,1
pacs.007.001.14,/Document/FIToFIPmtRvsl/TxInf/OrgnlTxRef/SttlmInf/ThrdRmbrsmntAgt/FinInstnId/Othr/Issr,Issr,Max35Text,0,1
pacs.007.001.14,/Document/FIToFIPmtRvsl/TxInf/OrgnlTxRef/SttlmInf/ThrdRmbrsmntAgt/BrnchId,BrnchId,BranchData5,0,1
pacs.007.001.14,/Document/FIToFIPmtRvsl/TxInf/OrgnlTxRef/SttlmInf/ThrdRmbrsmntAgt/BrnchId/Id,Id,Max35Text,0,1
pacs.007.001.14,/Document/FIToFIPmtRvsl/TxInf/OrgnlTxRef/SttlmInf/ThrdRmbrsmntAgt/BrnchId/LEI,LEI,LEIIdentifier,0,1
pacs.007.001.14,/Document/FIToFIPmtRvsl/TxInf/OrgnlTxRef/SttlmInf/ThrdRmbrsmntAgt/BrnchId/Nm,Nm,Max140Text,0,1
pacs.007.001.14,/Document/FIToFIPmtRvsl/TxInf/OrgnlTxRef/SttlmInf/ThrdRmbrsmntAgt/BrnchId/PstlAdr,PstlAdr,PostalAddress27,0,1
pacs.007.001.14,/Document/FIToFIPmtRvsl/TxInf/OrgnlTxRef/SttlmInf/ThrdRmbrsmntAgt/BrnchId/PstlAdr/AdrTp,AdrTp,AddressType3Choice,0,1
pacs.007.001.14,/Document/FIToFIPmtRvsl/TxInf/OrgnlTxRef/SttlmInf/ThrdRmbrsmntAgt/BrnchId/PstlAdr/AdrTp/Cd,Cd,AddressType2Code,1,1
pacs.007.001.14,/Document/FIToFIPmtRvsl/TxInf/OrgnlTxRef/SttlmInf/ThrdRmbrsmntAgt/BrnchId/PstlAdr/AdrTp/Prtry,Prtry,GenericIdentification30,1,1
pacs.007.001.14,/Document/FIToFIPmtRvsl/TxInf/OrgnlTxRef/SttlmInf/ThrdRmbrsmntAgt/BrnchId/PstlAdr/AdrTp/Prtry/Id,Id,Exact4AlphaNumericText,1,1
pacs.007.001.14,/Document/FIToFIPmtRvsl/TxInf/OrgnlTxRef/SttlmInf/ThrdRmbrsmntAgt/BrnchId/PstlAdr/AdrTp/Prtry/Issr,Issr,Max35Text,1,1
pacs.007.001.14,/Document/FIToFIPmtRvsl/TxInf/OrgnlTxRef/SttlmInf/ThrdRmbrsmntAgt/BrnchId/PstlAdr/AdrTp/Prtry/SchmeNm,SchmeNm,Max35Text,0,1
pacs.007.001.14,/Document/FIToFIPmtRvsl/TxInf/OrgnlTxRef/SttlmInf/ThrdRmbrsmntAgt/BrnchId/PstlAdr/CareOf,CareOf,Max140Text,0,1
pacs.007.001.14,/Document/FIToFIPmtRvsl/TxInf/OrgnlTxRef/SttlmInf/ThrdRmbrsmntAgt/BrnchId/PstlAdr/Dept,Dept,Max70Text,0,1
pacs.007.001.14,/Document/FIToFIPmtRvsl/TxInf/OrgnlTxRef/SttlmInf/ThrdRmbrsmntAgt/BrnchId/PstlAdr/SubDept,SubDept,Max70Text,0,1
pacs.007.001.14,/Document/FIToFIPmtRvsl/TxInf/OrgnlTxRef/SttlmInf/ThrdRmbrsmntAgt/BrnchId/PstlAdr/StrtNm,StrtNm,Max140Text,0,1
pacs.007.001.14,/Document/FIToFIPmtRvsl/TxInf/OrgnlTxRef/SttlmInf/ThrdRmbrsmntAgt/BrnchId/PstlAdr/BldgNb,BldgNb,Max16Text,0,1
pacs.007.001.14,/Document/FIToFIPmtRvsl/TxInf/OrgnlTxRef/SttlmInf/ThrdRmbrsmntAgt/BrnchId/PstlAdr/BldgNm,BldgNm,Max140Text,0,1
pacs.007.001.14,/Document/FIToFIPmtRvsl/TxInf/OrgnlTxRef/SttlmInf/ThrdRmbrsmntAgt/BrnchId/PstlAdr/Flr,Flr,Max70Text,0,1
pacs.007.001.14,/Document/FIToFIPmtRvsl/TxInf/OrgnlTxRef/SttlmInf/ThrdRmbrsmntAgt/BrnchId/PstlAdr/UnitNb,UnitNb,Max16Text,0,1
pacs.007.001.14,/Document/FIToFIPmtRvsl/TxInf/OrgnlTxRef/SttlmInf/ThrdRmbrsmntAgt/BrnchId/PstlAdr/PstBx,PstBx,Max16Text,0,1
pacs.007.001.14,/Document/FIToFIPmtRvsl/TxInf/OrgnlTxRef/SttlmInf/ThrdRmbrsmntAgt/BrnchId/PstlAdr/Room,Room,Max70Text,0,1
pacs.007.001.14,/Document/FIToFIPmtRvsl/TxInf/OrgnlTxRef/SttlmInf/ThrdRmbrsmntAgt/BrnchId/PstlAdr/PstCd,PstCd,Max16Text,0,1
pacs.007.001.14,/Document/FIToFIPmtRvsl/TxInf/OrgnlTxRef/SttlmInf/ThrdRmbrsmntAgt/BrnchId/PstlAdr/TwnNm,TwnNm,Max140Text,0,1
pacs.007.001.14,/Document/FIToFIPmtRvsl/TxInf/OrgnlTxRef/SttlmInf/ThrdRmbrsmntAgt/BrnchId/PstlAdr/TwnLctnNm,TwnLctnNm,Max140Text,0,1
pacs.007.001.14,/Document/FIToFIPmtRvsl/TxInf/OrgnlTxRef/SttlmInf/ThrdRmbrsmntAgt/BrnchId/PstlAdr/DstrctNm,DstrctNm,Max140Text,0,1
pacs.007.001.14,/Document/FIToFIPmtRvsl/TxInf/OrgnlTxRef/SttlmInf/ThrdRmbrsmntAgt/BrnchId/PstlAdr/CtrySubDvsn,CtrySubDvsn,Max35Text,0,1
pacs.007.001.14,/Document/FIToFIPmtRvsl/TxInf/OrgnlTxRef/SttlmInf/ThrdRmbrsmntAgt/BrnchId/PstlAdr/Ctry,Ctry,CountryCode,0,1
pacs.007.001.14,/Document/FIToFIPmtRvsl/TxInf/OrgnlTxRef/SttlmInf/ThrdRmbrsmntAgt/BrnchId/PstlAdr/AdrLine,AdrLine,Max70Text,0,7
pacs.007.001.14,/Document/FIToFIPmtRvsl/TxInf/OrgnlTxRef/SttlmInf/ThrdRmbrsmntAgtAcct,ThrdRmbrsmntAgtAcct,CashAccount40,0,1
pacs.007.001.14,/Document/FIToFIPmtRvsl/TxInf/OrgnlTxRef/SttlmInf/ThrdRmbrsmntAgtAcct/Id,Id,AccountIdentification4Choice,0,1
pacs.007.001.14,/Document/FIToFIPmtRvsl/TxInf/OrgnlTxRef/SttlmInf/ThrdRmbrsmntAgtAcct/Id/IBAN,IBAN,IBAN2007Identifier,1,1
pacs.007.001.14,/Document/FIToFIPmtRvsl/TxInf/OrgnlTxRef/SttlmInf/ThrdRmbrsmntAgtAcct/Id/Othr,Othr,GenericAccountIdentification1,1,1
pacs.007.001.14,/Document/FIToFIPmtRvsl/TxInf/OrgnlTxRef/SttlmInf/ThrdRmbrsmntAgtAcct/Id/Othr/Id,Id,Max34Text,1,1
pacs.007.001.14,/Document/FIToFIPmtRvsl/TxInf/OrgnlTxRef/SttlmInf/ThrdRmbrsmntAgtAcct/Id/Othr/SchmeNm,SchmeNm,AccountSchemeName1Choice,0,1
pacs.007.001.14,/Document/FIToFIPmtRvsl/TxInf/OrgnlTxRef/SttlmInf/ThrdRmbrsmntAgtAcct/Id/Othr/SchmeNm/Cd,Cd,ExternalAccountIdentification1Code,1,1
pacs.007.001.14,/Document/FIToFIPmtRvsl/TxInf/OrgnlTxRef/SttlmInf/ThrdRmbrsmntAgtAcct/Id/Othr/SchmeNm/Prtry,Prtry,Max35Text,1,1
pacs.007.001.14,/Document/FIToFIPmtRvsl/TxInf/OrgnlTxRef/SttlmInf/ThrdRmbrsmntAgtAcct/Id/Othr/Issr,Issr,Max35Text,0,1
pacs.007.001.14,/Document/FIToFIPmtRvsl/TxInf/OrgnlTxRef/SttlmInf/ThrdRmbrsmntAgtAcct/Tp,Tp,CashAccountType2Choice,0,1
pacs.007.001.14,/Document/FIToFIPmtRvsl/TxInf/OrgnlTxRef/SttlmInf/ThrdRmbrsmntAgtAcct/Tp/Cd,Cd,ExternalCashAccountType1Code,1,1
pacs.007.001.14,/Document/FIToFIPmtRvsl/TxInf/OrgnlTxRef/SttlmInf/ThrdRmbrsmntAgtAcct/Tp/Prtry,Prtry,Max35Text,1,1
pacs.007.001.14,/Document/FIToFIPmtRvsl/TxInf/OrgnlTxRef/SttlmInf/ThrdRmbrsmntAgtAcct/Ccy,Ccy,ActiveOrHistoricCurrencyCode,0,1
pacs.007.001.14,/Document/FIToFIPmtRvsl/TxInf/OrgnlTxRef/SttlmInf/ThrdRmbrsmntAgtAcct/Nm,Nm,Max70Text,0,1
pacs.007.001.14,/Document/FIToFIPmtRvsl/TxInf/OrgnlTxRef/SttlmInf/ThrdRmbrsmntAgtAcct/Prxy,Prxy,ProxyAccountIdentification1,0,1
pacs.007.001.14,/Document/FIToFIPmtRvsl/TxInf/OrgnlTxRef/SttlmInf/ThrdRmbrsmntAgtAcct/Prxy/Tp,Tp,ProxyAccountType1Choice,0,1
pacs.007.001.14,/Document/FIToFIPmtRvsl/TxInf/OrgnlTxRef/SttlmInf/ThrdRmbrsmntAgtAcct/Prxy/Tp/Cd,Cd,ExternalProxyAccountType1Code,1,1
pacs.007.001.14,/Document/FIToFIPmtRvsl/TxInf/OrgnlTxRef/SttlmInf/ThrdRmbrsmntAgtAcct/Prxy/Tp/Prtry,Prtry,Max35Text,1,1
pacs.007.001.14,/Document/FIToFIPmtRvsl/TxInf/OrgnlTxRef/SttlmInf/ThrdRmbrsmntAgtAcct/Prxy/Id,Id,Max2048Text,1,1
pacs.007.001.14,/Document/FIToFIPmtRvsl/TxInf/OrgnlTxRef/PmtTpInf,PmtTpInf,PaymentTypeInformation27,0,1
pacs.007.001.14,/Document/FIToFIPmtRvsl/TxInf/OrgnlTxRef/PmtTpInf/InstrPrty,InstrPrty,Priority2Code,0,1
pacs.007.001.14,/Document/FIToFIPmtRvsl/TxInf/OrgnlTxRef/PmtTpInf/ClrChanl,ClrChanl,ClearingChannel2Code,0,1
pacs.007.001.14,/Document/FIToFIPmtRvsl/TxInf/OrgnlTxRef/PmtTpInf/SvcLvl,SvcLvl,ServiceLevel8Choice,0,
pacs.007.001.14,/Document/FIToFIPmtRvsl/TxInf/OrgnlTxRef/PmtTpInf/SvcLvl/Cd,Cd,ExternalServiceLevel1Code,1,1
pacs.007.001.14,/Document/FIToFIPmtRvsl/TxInf/OrgnlTxRef/PmtTpInf/SvcLvl/Prtry,Prtry,Max35Text,1,1
pacs.007.001.14,/Document/FIToFIPmtRvsl/TxInf/OrgnlTxRef/PmtTpInf/LclInstrm,LclInstrm,LocalInstrument2Choice,0,1
pacs.007.001.14,/Document/FIToFIPmtRvsl/TxInf/OrgnlTxRef/PmtTpInf/LclInstrm/Cd,Cd,ExternalLocalInstrument1Code,1,1
pacs.007.001.14,/Document/FIToFIPmtRvsl/TxInf/OrgnlTxRef/PmtTpInf/LclInstrm/Prtry,Prtry,Max35Text,1,1
pacs.007.001.14,/Document/FIToFIPmtRvsl/TxInf/OrgnlTxRef/PmtTpInf/SeqTp,SeqTp,SequenceType3Code,0,1
pacs.007.001.14,/Document/FIToFIPmtRvsl/TxInf/OrgnlTxRef/PmtTpInf/CtgyPurp,CtgyPurp,CategoryPurpose1Choice,0,1
pacs.007.001.14,/Document/FIToFIPmtRvsl/TxInf/OrgnlTxRef/PmtTpInf/CtgyPurp/Cd,Cd,ExternalCategoryPurpose1Code,1,1
pacs.007.001.14,/Document/FIToFIPmtRvsl/TxInf/OrgnlTxRef/PmtTpInf/CtgyPurp/Prtry,Prtry,Max35Text,1,1
pacs.007.001.14,/Document/FIToFIPmtRvsl/TxInf/OrgnlTxRef/PmtMtd,PmtMtd,PaymentMethod4Code,0,1
pacs.007.001.14,/Document/FIToFIPmtRvsl/TxInf/OrgnlTxRef/MndtRltdInf,MndtRltdInf,MandateRelatedData5Choice,0,1
pacs.007.001.14,/Document/FIToFIPmtRvsl/TxInf/OrgnlTxRef/MndtRltdInf/DrctDbtMndt,DrctDbtMndt,MandateRelatedInformation16,1,1
pacs.007.001.14,/Document/FIToFIPmtRvsl/TxInf/OrgnlTxRef/MndtRltdInf/DrctDbtMndt/MndtId,MndtId,Max35Text,0,1
pacs.007.001.14,/Document/FIToFIPmtRvsl/TxInf/OrgnlTxRef/MndtRltdInf/DrctDbtMndt/DtOfSgntr,DtOfSgntr,ISODate,0,1
pacs.007.001.14,/Document/FIToFIPmtRvsl/TxInf/OrgnlTxRef/MndtRltdInf/DrctDbtMndt/AmdmntInd,AmdmntInd,TrueFalseIndicator,0,1
pacs.007.001.14,/Document/FIToFIPmtRvsl/TxInf/OrgnlTxRef/MndtRltdInf/DrctDbtMndt/AmdmntInfDtls,AmdmntInfDtls,AmendmentInformationDetails15,0,1
pacs.007.001.14,/Document/FIToFIPmtRvsl/TxInf/OrgnlTxRef/MndtRltdInf/DrctDbtMndt/AmdmntInfDtls/OrgnlMndtId,OrgnlMndtId,Max35Text,0,1
pacs.007.001.14,/Document/FIToFIPmtRvsl/TxInf/OrgnlTxRef/MndtRltdInf/DrctDbtMndt/AmdmntInfDtls/OrgnlCdtrSchmeId,OrgnlCdtrSchmeId,PartyIdentification272,0,1
pacs.007.001.14,/Document/FIToFIPmtRvsl/TxInf/OrgnlTxRef/MndtRltdInf/DrctDbtMndt/AmdmntInfDtls/OrgnlCdtrSchmeId/Nm,Nm,Max140Text,0,1
pacs.007.001.14,/Document/FIToFIPmtRvsl/TxInf/OrgnlTxRef/MndtRltdInf/DrctDbtMndt/AmdmntInfDtls/OrgnlCdtrSchmeId/PstlAdr,PstlAdr,PostalAddress27,0,1
pacs.007.001.14,/Document/FIToFIPmtRvsl/TxInf/OrgnlTxRef/MndtRltdInf/DrctDbtMndt/AmdmntInfDtls/OrgnlCdtrSchmeId/PstlAdr/AdrTp,AdrTp,AddressType3Choice,0,1
pacs.007.001.14,/Document/FIToFIPmtRvsl/TxInf/OrgnlTxRef/MndtRltdInf/DrctDbtMndt/AmdmntInfDtls/OrgnlCdtrSchmeId/PstlAdr/AdrTp/Cd,Cd,AddressType2Code,1,1
pacs.007.001.14,/Document/FIToFIPmtRvsl/TxInf/OrgnlTxRef/MndtRltdInf/DrctDbtMndt/AmdmntInfDtls/OrgnlCdtrSchmeId/PstlAdr/AdrTp/Prtry,Prtry,GenericIdentification30,1,1
pacs.007.001.14,/Document/FIToFIPmtRvsl/TxInf/OrgnlTxRef/MndtRltdInf/DrctDbtMndt/AmdmntInfDtls/OrgnlCdtrSchmeId/PstlAdr/AdrTp/Prtry/Id,Id,Exact4AlphaNumericText,1,1
pacs.007.001.14,/Document/FIToFIPmtRvsl/TxInf/OrgnlTxRef/MndtRltdInf/DrctDbtMndt/AmdmntInfDtls/OrgnlCdtrSchmeId/PstlAdr/AdrTp/Prtry/Issr,Issr,Max35Text,1,1
pacs.007.001.14,/Document/FIToFIPmtRvsl/TxInf/OrgnlTxRef/MndtRltdInf/DrctDbtMndt/AmdmntInfDtls/OrgnlCdtrSchmeId/PstlAdr/AdrTp/Prtry/SchmeNm,SchmeNm,Max35Text,0,1
pacs.007.001.14,/Document/FIToFIPmtRvsl/TxInf/OrgnlTxRef/MndtRltdInf/DrctDbtMndt/AmdmntInfDtls/OrgnlCdtrSchmeId/PstlAdr/CareOf,CareOf,Max140Text,0,1
pacs.007.001.14,/Document/FIToFIPmtRvsl/TxInf/OrgnlTxRef/MndtRltdInf/DrctDbtMndt/AmdmntInfDtls/OrgnlCdtrSchmeId/PstlAdr/Dept,Dept,Max70Text,0,1
pacs.007.001.14,/Document/FIToFIPmtRvsl/TxInf/OrgnlTxRef/MndtRltdInf/DrctDbtMndt/AmdmntInfDtls/OrgnlCdtrSchmeId/PstlAdr/SubDept,SubDept,Max70Text,0,1
pacs.007.001.14,/Document/FIToFIPmtRvsl/TxInf/OrgnlTxRef/MndtRltdInf/DrctDbtMndt/AmdmntInfDtls/OrgnlCdtrSchmeId/PstlAdr/StrtNm,StrtNm,Max140Text,0,1
pacs.007.001.14,/Document/FIToFIPmtRvsl/TxInf/OrgnlTxRef/MndtRltdInf/DrctDbtMndt/AmdmntInfDtls/OrgnlCdtrSchmeId/PstlAdr/BldgNb,BldgNb,Max16Text,0,1
pacs.007.001.14,/Document/FIToFIPmtRvsl/TxInf/OrgnlTxRef/MndtRltdInf/DrctDbtMndt/AmdmntInfDtls/OrgnlCdtrSchmeId/PstlAdr/BldgNm,BldgNm,Max140Text,0,1
pacs.007.001.14,/Document/FIToFIPmtRvsl/TxInf/OrgnlTxRef/MndtRltdInf/DrctDbtMndt/AmdmntInfDtls/OrgnlCdtrSchmeId/PstlAdr/Flr,Flr,Max70Text,0,1
pacs.007.001.14,/Document/FIToFIPmtRvsl/TxInf/OrgnlTxRef/MndtRltdInf/DrctDbtMndt/AmdmntInfDtls/OrgnlCdtrSchmeId/PstlAdr/UnitNb,UnitNb,Max16Text,0,1
pacs.007.001.14,/Document/FIToFIPmtRvsl/TxInf/OrgnlTxRef/MndtRltdInf/DrctDbtMndt/AmdmntInfDtls/OrgnlCdtrSchmeId/PstlAdr/PstBx,PstBx,Max16Text,0,1
pacs.007.001.14,/Document/FIToFIPmtRvsl/TxInf/OrgnlTxRef/MndtRltdInf/DrctDbtMndt/AmdmntInfDtls/OrgnlCdtrSchmeId/PstlAdr/Room,Room,Max70Text,0,1
pacs.007.001.14,/Document/FIToFIPmtRvsl/TxInf/OrgnlTxRef/MndtRltdInf/DrctDbtMndt/AmdmntInfDtls/OrgnlCdtrSchmeId/PstlAdr/PstCd,PstCd,Max16Text,0,1
pacs.007.001.14,/Document/FIToFIPmtRvsl/TxInf/OrgnlTxRef/MndtRltdInf/DrctDbtMndt/AmdmntInfDtls/OrgnlCdtrSchmeId/PstlAdr/TwnNm,TwnNm,Max140Text,0,1
pacs.007.001.14,/Document/FIToFIPmtRvsl/TxInf/OrgnlTxRef/MndtRltdInf/DrctDbtMndt/AmdmntInfDtls/OrgnlCdtrSchmeId/PstlAdr/TwnLctnNm,TwnLctnNm,Max140Text,0,1
pacs.007.001.14,/Document/FIToFIPmtRvsl/TxInf/OrgnlTxRef/MndtRltdInf/DrctDbtMndt/AmdmntInfDtls/OrgnlCdtrSchmeId/PstlAdr/DstrctNm,DstrctNm,Max140Text,0,1
pacs.007.001.14,/Document/FIToFIPmtRvsl/TxInf/OrgnlTxRef/MndtRltdInf/DrctDbtMndt/AmdmntInfDtls/OrgnlCdtrSchmeId/PstlAdr/CtrySubDvsn,CtrySubDvsn,Max35Text,0,1
pacs.007.001.14,/Document/FIToFIPmtRvsl/TxInf/OrgnlTxRef/MndtRltdInf/DrctDbtMndt/AmdmntInfDtls/OrgnlCdtrSchmeId/PstlAdr/Ctry,Ctry,CountryCode,0,1
pacs.007.001.14,/Document/FIToFIPmtRvsl/TxInf/OrgnlTxRef/MndtRltdInf/DrctDbtMndt/AmdmntInfDtls/OrgnlCdtrSchmeId/PstlAdr/AdrLine,AdrLine,Max70Text,0,7
pacs.007.001.14,/Document/FIToFIPmtRvsl/TxInf/OrgnlTxRef/MndtRltdInf/DrctDbtMndt/AmdmntInfDtls/OrgnlCdtrSchmeId/Id,Id,Party52Choice,0,1
pacs.007.001.14,/Document/FIToFIPmtRvsl/TxInf/OrgnlTxRef/MndtRltdInf/DrctDbtMndt/AmdmntInfDtls/OrgnlCdtrSchmeId/Id/OrgId,OrgId,OrganisationIdentification39,1,1
pacs.007.001.14,/Document/FIToFIPmtRvsl/TxInf/OrgnlTxRef/MndtRltdInf/DrctDbtMndt/AmdmntInfDtls/OrgnlCdtrSchmeId/Id/OrgId/AnyBIC,AnyBIC,AnyBICDec2014Identifier,0,1
pacs.007.001.14,/Document/FIToFIPmtRvsl/TxInf/OrgnlTxRef/MndtRltdInf/DrctDbtMndt/AmdmntInfDtls/OrgnlCdtrSchmeId/Id/OrgId/LEI,LEI,LEIIdentifier,0,1
pacs.007.001.14,/Document/FIToFIPmtRvsl/TxInf/OrgnlTxRef/MndtRltdInf/DrctDbtMndt/AmdmntInfDtls/OrgnlCdtrSchmeId/Id/OrgId/Othr,Othr,GenericOrganisationIdentification3,0,
pacs.007.001.14,/Document/FIToFIPmtRvsl/TxInf/OrgnlTxRef/MndtRltdInf/DrctDbtMndt/AmdmntInfDtls/OrgnlCdtrSchmeId/Id/OrgId/Othr/Id,Id,Max256Text,1,1
pacs.007.001.14,/Document/FIToFIPmtRvsl/TxInf/OrgnlTxRef/MndtRltdInf/DrctDbtMndt/AmdmntInfDtls/OrgnlCdtrSchmeId/Id/OrgId/Othr/SchmeNm,SchmeNm,OrganisationIdentificationSchemeName1Choice,0,1
pacs.007.001.14,/Document/FIToFIPmtRvsl/TxInf/OrgnlTxRef/MndtRltdInf/DrctDbtMndt/AmdmntInfDtls/OrgnlCdtrSchmeId/Id/OrgId/Othr/SchmeNm/Cd,Cd,ExternalOrganisationIdentification1Code,1,1
pacs.007.001.14,/Document/FIToFIPmtRvsl/TxInf/OrgnlTxRef/MndtRltdInf/DrctDbtMndt/AmdmntInfDtls/OrgnlCdtrSchmeId/Id/OrgId/Othr/SchmeNm/Prtry,Prtry,Max35Text,1,1
pacs.007.001.14,/Document/FIToFIPmtRvsl/TxInf/OrgnlTxRef/MndtRltdInf/DrctDbtMndt/AmdmntInfDtls/OrgnlCdtrSchmeId/Id/OrgId/Othr/Issr,Issr,Max35Text,0,1
pacs.007.001.14,/Document/FIToFIPmtRvsl/TxInf/OrgnlTxRef/MndtRltdInf/DrctDbtMndt/AmdmntInfDtls/OrgnlCdtrSchmeId/Id/PrvtId,PrvtId,PersonIdentification18,1,1
pacs.007.001.14,/Document/FIToFIPmtRvsl/TxInf/OrgnlTxRef/MndtRltdInf/DrctDbtMndt/AmdmntInfDtls/OrgnlCdtrSchmeId/Id/PrvtId/DtAndPlcOfBirth,DtAndPlcOfBirth,DateAndPlaceOfBirth1,0,1
pacs.007.001.14,/Document/FIToFIPmtRvsl/TxInf/OrgnlTxRef/MndtRltdInf/DrctDbtMndt/AmdmntInfDtls/OrgnlCdtrSchmeId/Id/PrvtId/DtAndPlcOfBirth/BirthDt,BirthDt,ISODate,1,1
pacs.007.001.14,/Document/FIToFIPmtRvsl/TxInf/OrgnlTxRef/MndtRltdInf/DrctDbtMndt/AmdmntInfDtls/OrgnlCdtrSchmeId/Id/PrvtId/DtAndPlcOfBirth/PrvcOfBirth,PrvcOfBirth,Max35Text,0,1
pacs.007.001.14,/Document/FIToFIPmtRvsl/TxInf/OrgnlTxRef/MndtRltdInf/DrctDbtMndt/AmdmntInfDtls/OrgnlCdtrSchmeId/Id/PrvtId/DtAndPlcOfBirth/CityOfBirth,CityOfBirth,Max35Text,1,1
pacs.007.001.14,/Document/FIToFIPmtRvsl/TxInf/OrgnlTxRef/MndtRltdInf/DrctDbtMndt/AmdmntInfDtls/OrgnlCdtrSchmeId/Id/PrvtId/DtAndPlcOfBirth/CtryOfBirth,CtryOfBirth,CountryCode,1,1
pacs.007.001.14,/Document/FIToFIPmtRvsl/TxInf/OrgnlTxRef/MndtRltdInf/DrctDbtMndt/AmdmntInfDtls/OrgnlCdtrSchmeId/Id/PrvtId/Othr,Othr,GenericPersonIdentification2,0,
pacs.007.001.14,/Document/FIToFIPmtRvsl/TxInf/OrgnlTxRef/MndtRltdInf/DrctDbtMndt/AmdmntInfDtls/OrgnlCdtrSchmeId/Id/PrvtId/Othr/Id,Id,Max256Text,1,1
pacs.007.001.14,/Document/FIToFIPmtRvsl/TxInf/OrgnlTxRef/MndtRltdInf/DrctDbtMndt/AmdmntInfDtls/OrgnlCdtrSchmeId/Id/PrvtId/Othr/SchmeNm,SchmeNm,PersonIdentificationSchemeName1Choice,0,1
pacs.007.001.14,/Document/FIToFIPmtRvsl/TxInf/OrgnlTxRef/MndtRltdInf/DrctDbtMndt/AmdmntInfDtls/OrgnlCdtrSchmeId/Id/PrvtId/Othr/SchmeNm/Cd,Cd,ExternalPersonIdentification1Code,1,1
pacs.007.001.14,/Document/FIToFIPmtRvsl/TxInf/OrgnlTxRef/MndtRltdInf/DrctDbtMndt/AmdmntInfDtls/OrgnlCdtrSchmeId/Id/PrvtId/Othr/SchmeNm/Prtry,Prtry,Max35Text,1,1
pacs.007.001.14,/Document/FIToFIPmtRvsl/TxInf/OrgnlTxRef/MndtRltdInf/DrctDbtMndt/AmdmntInfDtls/OrgnlCdtrSchmeId/Id/PrvtId/Othr/Issr,Issr,Max35Text,0,1
pacs.007.001.14,/Document/FIToFIPmtRvsl/TxInf/OrgnlTxRef/MndtRltdInf/DrctDbtMndt/AmdmntInfDtls/OrgnlCdtrSchmeId/CtryOfRes,CtryOfRes,CountryCode,0,1
pacs.007.001.14,/Document/FIToFIPmtRvsl/TxInf/OrgnlTxRef/MndtRltdInf/DrctDbtMndt/AmdmntInfDtls/OrgnlCdtrSchmeId/CtctDtls,CtctDtls,Contact13,0,1
pacs.007.001.14,/Document/FIToFIPmtRvsl/TxInf/OrgnlTxRef/MndtRltdInf/DrctDbtMndt/AmdmntInfDtls/OrgnlCdtrSchmeId/CtctDtls/NmPrfx,NmPrfx,NamePrefix2Code,0,1
pacs.007.001.14,/Document/FIToFIPmtRvsl/TxInf/OrgnlTxRef/MndtRltdInf/DrctDbtMndt/AmdmntInfDtls/OrgnlCdtrSchmeId/CtctDtls/Nm,Nm,Max140Text,0,1
pacs.007.001.14,/Document/FIToFIPmtRvsl/TxInf/OrgnlTxRef/MndtRltdInf/DrctDbtMndt/AmdmntInfDtls/OrgnlCdtrSchmeId/CtctDtls/PhneNb,PhneNb,PhoneNumber,0,1
pacs.007.001.14,/Document/FIToFIPmtRvsl/TxInf/OrgnlTxRef/MndtRltdInf/DrctDbtMndt/AmdmntInfDtls/OrgnlCdtrSchmeId/CtctDtls/MobNb,MobNb,PhoneNumber,0,1
pacs.007.001.14,/Document/FIToFIPmtRvsl/TxInf/OrgnlTxRef/MndtRltdInf/DrctDbtMndt/AmdmntInfDtls/OrgnlCdtrSchmeId/CtctDtls/FaxNb,FaxNb,PhoneNumber,0,1
pacs.007.001.14,/Document/FIToFIPmtRvsl/TxInf/OrgnlTxRef/MndtRltdInf/DrctDbtMndt/AmdmntInfDtls/OrgnlCdtrSchmeId/CtctDtls/URLAdr,URLAdr,Max2048Text,0,1
pacs.007.001.14,/Document/FIToFIPmtRvsl/TxInf/OrgnlTxRef/MndtRltdInf/DrctDbtMndt/AmdmntInfDtls/OrgnlCdtrSchmeId/CtctDtls/EmailAdr,EmailAdr,Max256Text,0,1
pacs.007.001.14,/Document/FIToFIPmtRvsl/TxInf/OrgnlTxRef/MndtRltdInf/DrctDbtMndt/AmdmntInfDtls/OrgnlCdtrSchmeId/CtctDtls/EmailPurp,EmailPurp,Max35Text,0,1
pacs.007.001.14,/Document/FIToFIPmtRvsl/TxInf/OrgnlTxRef/MndtRltdInf/DrctDbtMndt/AmdmntInfDtls/OrgnlCdtrSchmeId/CtctDtls/JobTitl,JobTitl,Max35Text,0,1
pacs.007.001.14,/Document/FIToFIPmtRvsl/TxInf/OrgnlTxRef/MndtRltdInf/DrctDbtMndt/AmdmntInfDtls/OrgnlCdtrSchmeId/CtctDtls/Rspnsblty,Rspnsblty,Max35Text,0,1
pacs.007.001.14,/Document/FIToFIPmtRvsl/TxInf/OrgnlTxRef/MndtRltdInf/DrctDbtMndt/AmdmntInfDtls/OrgnlCdtrSchmeId/CtctDtls/Dept,Dept,Max70Text,0,1
pacs.007.001.14,/Document/FIToFIPmtRvsl/TxInf/OrgnlTxRef/MndtRltdInf/DrctDbtMndt/AmdmntInfDtls/OrgnlCdtrSchmeId/CtctDtls/Othr,Othr,OtherContact1,0,
pacs.007.001.14,/Document/FIToFIPmtRvsl/TxInf/OrgnlTxRef/MndtRltdInf/DrctDbtMndt/AmdmntInfDtls/OrgnlCdtrSchmeId/CtctDtls/Othr/ChanlTp,ChanlTp,Max4Text,1,1
pacs.007.001.14,/Document/FIToFIPmtRvsl/TxInf/OrgnlTxRef/MndtRltdInf/DrctDbtMndt/AmdmntInfDtls/OrgnlCdtrSchmeId/CtctDtls/Othr/Id,Id,Max128Text,0,1
pacs.007.001.14,/Document/FIToFIPmtRvsl/TxInf/OrgnlTxRef/MndtRltdInf/DrctDbtMndt/AmdmntInfDtls/OrgnlCdtrSchmeId/CtctDtls/PrefrdMtd,PrefrdMtd,PreferredContactMethod2Code,0,1
pacs.007.001.14,/Document/FIToFIPmtRvsl/TxInf/OrgnlTxRef/MndtRltdInf/DrctDbtMndt/AmdmntInfDtls/OrgnlCdtrAgt,OrgnlCdtrAgt,BranchAndFinancialInstitutionIdentification8,0,1
pacs.007.001.14,/Document/FIToFIPmtRvsl/TxInf/OrgnlTxRef/MndtRltdInf/DrctDbtMndt/AmdmntInfDtls/OrgnlCdtrAgt/FinInstnId,FinInstnId,FinancialInstitutionIdentification23,1,1
pacs.007.001.14,/Document/FIToFIPmtRvsl/TxInf/OrgnlTxRef/MndtRltdInf/DrctDbtMndt/AmdmntInfDtls/OrgnlCdtrAgt/FinInstnId/BICFI,BICFI,BICFIDec2014Identifier,0,1
pacs.007.001.14,/Document/FIToFIPmtRvsl/TxInf/OrgnlTxRef/MndtRltdInf/DrctDbtMndt/AmdmntInfDtls/OrgnlCdtrAgt/FinInstnId/ClrSysMmbId,ClrSysMmbId,ClearingSystemMemberIdentification2,0,1
pacs.007.001.14,/Document/FIToFIPmtRvsl/TxInf/OrgnlTxRef/MndtRltdInf/DrctDbtMndt/AmdmntInfDtls/OrgnlCdtrAgt/FinInstnId/ClrSysMmbId/ClrSysId,ClrSysId,ClearingSystemIdentification2Choice,0,1
pacs.007.001.14,/Document/FIToFIPmtRvsl/TxInf/OrgnlTxRef/MndtRltdInf/DrctDbtMndt/AmdmntInfDtls/OrgnlCdtrAgt/FinInstnId/ClrSysMmbId/ClrSysId/Cd,Cd,ExternalClearingSystemIdentification1Code,1,1
pacs.007.001.14,/Document/FIToFIPmtRvsl/TxInf/OrgnlTxRef/MndtRltdInf/DrctDbtMndt/AmdmntInfDtls/OrgnlCdtrAgt/FinInstnId/ClrSysMmbId/ClrSysId/Prtry,Prtry,Max35Text,1,1
pacs.007.001.14,/Document/FIToFIPmtRvsl/TxInf/OrgnlTxRef/MndtRltdInf/DrctDbtMndt/AmdmntInfDtls/OrgnlCdtrAgt/FinInstnId/ClrSysMmbId/MmbId,MmbId,Max35Text,1,1
pacs.007.001.14,/Document/FIToFIPmtRvsl/TxInf/OrgnlTxRef/MndtRltdInf/DrctDbtMndt/AmdmntInfDtls/OrgnlCdtrAgt/FinInstnId/LEI,LEI,LEIIdentifier,0,1
pacs.007.001.14,/Document/FIToFIPmtRvsl/TxInf/OrgnlTxRef/MndtRltdInf/DrctDbtMndt/AmdmntInfDtls/OrgnlCdtrAgt/FinInstnId/Nm,Nm,Max140Text,0,1
pacs.007.001.14,/Document/FIToFIPmtRvsl/TxInf/OrgnlTxRef/MndtRltdInf/DrctDbtMndt/AmdmntInfDtls/OrgnlCdtrAgt/FinInstnId/PstlAdr,PstlAdr,PostalAddress27,0,1
pacs.007.001.14,/Document/FIToFIPmtRvsl/TxInf/OrgnlTxRef/MndtRltdInf/DrctDbtMndt/AmdmntInfDtls/OrgnlCdtrAgt/FinInstnId/PstlAdr/AdrTp,AdrTp,AddressType3Choice,0,1
pacs.007.001.14,/Document/FIToFIPmtRvsl/TxInf/OrgnlTxRef/MndtRltdInf/DrctDbtMndt/AmdmntInfDtls/OrgnlCdtrAgt/FinInstnId/PstlAdr/AdrTp/Cd,Cd,AddressType2Code,1,1
pacs.007.001.14,/Document/FIToFIPmtRvsl/TxInf/OrgnlTxRef/MndtRltdInf/DrctDbtMndt/AmdmntInfDtls/OrgnlCdtrAgt/FinInstnId/PstlAdr/AdrTp/Prtry,Prtry,GenericIdentification30,1,1
pacs.007.001.14,/Document/FIToFIPmtRvsl/TxInf/OrgnlTxRef/MndtRltdInf/DrctDbtMndt/AmdmntInfDtls/OrgnlCdtrAgt/FinInstnId/PstlAdr/AdrTp/Prtry/Id,Id,Exact4AlphaNumericText,1,1
pacs.007.001.14,/Document/FIToFIPmtRvsl/TxInf/OrgnlTxRef/MndtRltdInf/DrctDbtMndt/AmdmntInfDtls/OrgnlCdtrAgt/FinInstnId/PstlAdr/AdrTp/Prtry/Issr,Issr,Max35Text,1,1
pacs.007.001.14,/Document/FIToFIPmtRvsl/TxInf/OrgnlTxRef/MndtRltdInf/DrctDbtMndt/AmdmntInfDtls/OrgnlCdtrAgt/FinInstnId/PstlAdr/AdrTp/Prtry/SchmeNm,SchmeNm,Max35Text,0,1
pacs.007.001.14,/Document/FIToFIPmtRvsl/TxInf/OrgnlTxRef/MndtRltdInf/DrctDbtMndt/AmdmntInfDtls/OrgnlCdtrAgt/FinInstnId/PstlAdr/CareOf,CareOf,Max140Text,0,1
pacs.007.001.14,/Document/FIToFIPmtRvsl/TxInf/OrgnlTxRef/MndtRltdInf/DrctDbtMndt/AmdmntInfDtls/OrgnlCdtrAgt/FinInstnId/PstlAdr/Dept,Dept,Max70Text,0,1
pacs.007.001.14,/Document/FIToFIPmtRvsl/TxInf/OrgnlTxRef/MndtRltdInf/DrctDbtMndt/AmdmntInfDtls/OrgnlCdtrAgt/FinInstnId/PstlAdr/SubDept,SubDept,Max70Text,0,1
pacs.007.001.14,/Document/FIToFIPmtRvsl/TxInf/OrgnlTxRef/MndtRltdInf/DrctDbtMndt/AmdmntInfDtls/OrgnlCdtrAgt/FinInstnId/PstlAdr/StrtNm,StrtNm,Max140Text,0,1
pacs.007.001.14,/Document/FIToFIPmtRvsl/TxInf/OrgnlTxRef/MndtRltdInf/DrctDbtMndt/AmdmntInfDtls/OrgnlCdtrAgt/FinInstnId/PstlAdr/BldgNb,BldgNb,Max16Text,0,1
pacs.007.001.14,/Document/FIToFIPmtRvsl/TxInf/OrgnlTxRef/MndtRltdInf/DrctDbtMndt/AmdmntInfDtls/OrgnlCdtrAgt/FinInstnId/PstlAdr/BldgNm,BldgNm,Max140Text,0,1
pacs.007.001.14,/Document/FIToFIPmtRvsl/TxInf/OrgnlTxRef/MndtRltdInf/DrctDbtMndt/AmdmntInfDtls/OrgnlCdtrAgt/FinInstnId/PstlAdr/Flr,Flr,Max70Text,0,1
pacs.007.001.14,/Document/FIToFIPmtRvsl/TxInf/OrgnlTxRef/MndtRltdInf/DrctDbtMndt/AmdmntInfDtls/OrgnlCdtrAgt/FinInstnId/PstlAdr/UnitNb,UnitNb,Max16Text,0,1
pacs.007.001.14,/Document/FIToFIPmtRvsl/TxInf/OrgnlTxRef/MndtRltdInf/DrctDbtMndt/AmdmntInfDtls/OrgnlCdtrAgt/FinInstnId/PstlAdr/PstBx,PstBx,Max16Text,0,1
pacs.007.001.14,/Document/FIToFIPmtRvsl/TxInf/OrgnlTxRef/MndtRltdInf/DrctDbtMndt/AmdmntInfDtls/OrgnlCdtrAgt/FinInstnId/PstlAdr/Room,Room,Max70Text,0,1
pacs.007.001.14,/Document/FIToFIPmtRvsl/TxInf/OrgnlTxRef/MndtRltdInf/DrctDbtMndt/AmdmntInfDtls/OrgnlCdtrAgt/FinInstnId/PstlAdr/PstCd,PstCd,Max16Text,0,1
pacs.007.001.14,/Document/FIToFIPmtRvsl/TxInf/OrgnlTxRef/MndtRltdInf/DrctDbtMndt/AmdmntInfDtls/OrgnlCdtrAgt/FinInstnId/PstlAdr/TwnNm,TwnNm,Max140Text,0,1
pacs.007.001.14,/Document/FIToFIPmtRvsl/TxInf/OrgnlTxRef/MndtRltdInf/DrctDbtMndt/AmdmntInfDtls/OrgnlCdtrAgt/FinInstnId/PstlAdr/TwnLctnNm,TwnLctnNm,Max140Text,0,1
pacs.007.001.14,/Document/FIToFIPmtRvsl/TxInf/OrgnlTxRef/MndtRltdInf/DrctDbtMndt/AmdmntInfDtls/OrgnlCdtrAgt/FinInstnId/PstlAdr/DstrctNm,DstrctNm,Max140Text,0,1
pacs.007.001.14,/Document/FIToFIPmtRvsl/TxInf/OrgnlTxRef/MndtRltdInf/DrctDbtMndt/AmdmntInfDtls/OrgnlCdtrAgt/FinInstnId/PstlAdr/CtrySubDvsn,CtrySubDvsn,Max35Text,0,1
pacs.007.001.14,/Document/FIToFIPmtRvsl/TxInf/OrgnlTxRef/MndtRltdInf/DrctDbtMndt/AmdmntInfDtls/OrgnlCdtrAgt/FinInstnId/PstlAdr/Ctry,Ctry,CountryCode,0,1
pacs.007.001.14,/Document/FIToFIPmtRvsl/TxInf/OrgnlTxRef/MndtRltdInf/DrctDbtMndt/AmdmntInfDtls/OrgnlCdtrAgt/FinInstnId/PstlAdr/AdrLine,AdrLine,Max70Text,0,7
pacs.007.001.14,/Document/FIToFIPmtRvsl/TxInf/OrgnlTxRef/MndtRltdInf/DrctDbtMndt/AmdmntInfDtls/OrgnlCdtrAgt/FinInstnId/Othr,Othr,GenericFinancialIdentification1,0,1
pacs.007.001.14,/Document/FIToFIPmtRvsl/TxInf/OrgnlTxRef/MndtRltdInf/DrctDbtMndt/AmdmntInfDtls/OrgnlCdtrAgt/FinInstnId/Othr/Id,Id,Max35Text,1,1
pacs.007.001.14,/Document/FIToFIPmtRvsl/TxInf/OrgnlTxRef/MndtRltdInf/DrctDbtMndt/AmdmntInfDtls/OrgnlCdtrAgt/FinInstnId/Othr/SchmeNm,SchmeNm,FinancialIdentificationSchemeName1Choice,0,1
pacs.007.001.14,/Document/FIToFIPmtRvsl/TxInf/OrgnlTxRef/MndtRltdInf/DrctDbtMndt/AmdmntInfDtls/OrgnlCdtrAgt/FinInstnId/Othr/SchmeNm/Cd,Cd,ExternalFinancialInstitutionIdentification1Code,1,1
pacs.007.001.14,/Document/FIToFIPmtRvsl/TxInf/OrgnlTxRef/MndtRltdInf/DrctDbtMndt/AmdmntInfDtls/OrgnlCdtrAgt/FinInstnId/Othr/SchmeNm/Prtry,Prtry,Max35Text,1,1
pacs.007.001.14,/Document/FIToFIPmtRvsl/TxInf/OrgnlTxRef/MndtRltdInf/DrctDbtMndt/AmdmntInfDtls/OrgnlCdtrAgt/FinInstnId/Othr/Issr,Issr,Max35Text,0,1
pacs.007.001.14,/Document/FIToFIPmtRvsl/TxInf/OrgnlTxRef/MndtRltdInf/DrctDbtMndt/AmdmntInfDtls/OrgnlCdtrAgt/BrnchId,BrnchId,BranchData5,0,1
pacs.007.001.14,/Document/FIToFIPmtRvsl/TxInf/OrgnlTxRef/MndtRltdInf/DrctDbtMndt/AmdmntInfDtls/OrgnlCdtrAgt/BrnchId/Id,Id,Max35Text,0,1
pacs.007.001.14,/Document/FIToFIPmtRvsl/TxInf/OrgnlTxRef/MndtRltdInf/DrctDbtMndt/AmdmntInfDtls/OrgnlCdtrAgt/BrnchId/LEI,LEI,LEIIdentifier,0,1
pacs.007.001.14,/Document/FIToFIPmtRvsl/TxInf/OrgnlTxRef/MndtRltdInf/DrctDbtMndt/AmdmntInfDtls/OrgnlCdtrAgt/BrnchId/Nm,Nm,Max140Text,0,1
pacs.007.001.14,/Document/FIToFIPmtRvsl/TxInf/OrgnlTxRef/MndtRltdInf/DrctDbtMndt/AmdmntInfDtls/OrgnlCdtrAgt/BrnchId/PstlAdr,PstlAdr,PostalAddress27,0,1
pacs.007.001.14,/Document/FIToFIPmtRvsl/TxInf/OrgnlTxRef/MndtRltdInf/DrctDbtMndt/AmdmntInfDtls/OrgnlCdtrAgt/BrnchId/PstlAdr/AdrTp,AdrTp,AddressType3Choice,0,1
pacs.007.001.14,/Document/FIToFIPmtRvsl/TxInf/OrgnlTxRef/MndtRltdInf/DrctDbtMndt/AmdmntInfDtls/OrgnlCdtrAgt/BrnchId/PstlAdr/AdrTp/Cd,Cd,AddressType2Code,1,1
pacs.007.001.14,/Document/FIToFIPmtRvsl/TxInf/OrgnlTxRef/MndtRltdInf/DrctDbtMndt/AmdmntInfDtls/OrgnlCdtrAgt/BrnchId/PstlAdr/AdrTp/Prtry,Prtry,GenericIdentification30,1,1
pacs.007.001.14,/Document/FIToFIPmtRvsl/TxInf/OrgnlTxRef/MndtRltdInf/DrctDbtMndt/AmdmntInfDtls/OrgnlCdtrAgt/BrnchId/PstlAdr/AdrTp/Prtry/Id,Id,Exact4AlphaNumericText,1,1
pacs.007.001.14,/Document/FIToFIPmtRvsl/TxInf/OrgnlTxRef/MndtRltdInf/DrctDbtMndt/AmdmntInfDtls/OrgnlCdtrAgt/BrnchId/PstlAdr/AdrTp/Prtry/Issr,Issr,Max35Text,1,1
pacs.007.001.14,/Document/FIToFIPmtRvsl/TxInf/OrgnlTxRef/MndtRltdInf/DrctDbtMndt/AmdmntInfDtls/OrgnlCdtrAgt/BrnchId/PstlAdr/AdrTp/Prtry/SchmeNm,SchmeNm,Max35Text,0,1
pacs.007.001.14,/Document/FIToFIPmtRvsl/TxInf/OrgnlTxRef/MndtRltdInf/DrctDbtMndt/AmdmntInfDtls/OrgnlCdtrAgt/BrnchId/PstlAdr/CareOf,CareOf,Max140Text,0,1
pacs.007.001.14,/Document/FIToFIPmtRvsl/TxInf/OrgnlTxRef/MndtRltdInf/DrctDbtMndt/AmdmntInfDtls/OrgnlCdtrAgt/BrnchId/PstlAdr/Dept,Dept,Max70Text,0,1
pacs.007.001.14,/Document/FIToFIPmtRvsl/TxInf/OrgnlTxRef/MndtRltdInf/DrctDbtMndt/AmdmntInfDtls/OrgnlCdtrAgt/BrnchId/PstlAdr/SubDept,SubDept,Max70Text,0,1
pacs.007.001.14,/Document/FIToFIPmtRvsl/TxInf/OrgnlTxRef/MndtRltdInf/DrctDbtMndt/AmdmntInfDtls/OrgnlCdtrAgt/BrnchId/PstlAdr/StrtNm,StrtNm,Max140Text,0,1
pacs.007.001.14,/Document/FIToFIPmtRvsl/TxInf/OrgnlTxRef/MndtRltdInf/DrctDbtMndt/AmdmntInfDtls/OrgnlCdtrAgt/BrnchId/PstlAdr/BldgNb,BldgNb,Max16Text,0,1
pacs.007.001.14,/Document/FIToFIPmtRvsl/TxInf/OrgnlTxRef/MndtRltdInf/DrctDbtMndt/AmdmntInfDtls/OrgnlCdtrAgt/BrnchId/PstlAdr/BldgNm,BldgNm,Max140Text,0,1
pacs.007.001.14,/Document/FIToFIPmtRvsl/TxInf/OrgnlTxRef/MndtRltdInf/DrctDbtMndt/AmdmntInfDtls/OrgnlCdtrAgt/BrnchId/PstlAdr/Flr,Flr,Max70Text,0,1
pacs.007.001.14,/Document/FIToFIPmtRvsl/TxInf/OrgnlTxRef/MndtRltdInf/DrctDbtMndt/AmdmntInfDtls/OrgnlCdtrAgt/BrnchId/PstlAdr/UnitNb,UnitNb,Max16Text,0,1
pacs.007.001.14,/Document/FIToFIPmtRvsl/TxInf/OrgnlTxRef/MndtRltdInf/DrctDbtMndt/AmdmntInfDtls/OrgnlCdtrAgt/BrnchId/PstlAdr/PstBx,PstBx,Max16Text,0,1
pacs.007.001.14,/Document/FIToFIPmtRvsl/TxInf/OrgnlTxRef/MndtRltdInf/DrctDbtMndt/AmdmntInfDtls/OrgnlCdtrAgt/BrnchId/PstlAdr/Room,Room,Max70Text,0,1
pacs.007.001.14,/Document/FIToFIPmtRvsl/TxInf/OrgnlTxRef/MndtRltdInf/DrctDbtMndt/AmdmntInfDtls/OrgnlCdtrAgt/BrnchId/PstlAdr/PstCd,PstCd,Max16Text,0,1
pacs.007.001.14,/Document/FIToFIPmtRvsl/TxInf/OrgnlTxRef/MndtRltdInf/DrctDbtMndt/AmdmntInfDtls/OrgnlCdtrAgt/BrnchId/PstlAdr/TwnNm,TwnNm,Max140Text,0,1
pacs.007.001.14,/Document/FIToFIPmtRvsl/TxInf/OrgnlTxRef/MndtRltdInf/DrctDbtMndt/AmdmntInfDtls/OrgnlCdtrAgt/BrnchId/PstlAdr/TwnLctnNm,TwnLctnNm,Max140Text,0,1
pacs.007.001.14,/Document/FIToFIPmtRvsl/TxInf/OrgnlTxRef/MndtRltdInf/DrctDbtMndt/AmdmntInfDtls/OrgnlCdtrAgt/BrnchId/PstlAdr/DstrctNm,DstrctNm,Max140Text,0,1
pacs.007.001.14,/Document/FIToFIPmtRvsl/TxInf/OrgnlTxRef/MndtRltdInf/DrctDbtMndt/AmdmntInfDtls/OrgnlCdtrAgt/BrnchId/PstlAdr/CtrySubDvsn,CtrySubDvsn,Max35Text,0,1
pacs.007.001.14,/Document/FIToFIPmtRvsl/TxInf/OrgnlTxRef/MndtRltdInf/DrctDbtMndt/AmdmntInfDtls/OrgnlCdtrAgt/BrnchId/PstlAdr/Ctry,Ctry,CountryCode,0,1
pacs.007.001.14,/Document/FIToFIPmtRvsl/TxInf/OrgnlTxRef/MndtRltdInf/DrctDbtMndt/AmdmntInfDtls/OrgnlCdtrAgt/BrnchId/PstlAdr/AdrLine,AdrLine,Max70Text,0,7
pacs.007.001.14,/Document/FIToFIPmtRvsl/TxInf/OrgnlTxRef/MndtRltdInf/DrctDbtMndt/AmdmntInfDtls/OrgnlCdtrAgtAcct,OrgnlCdtrAgtAcct,CashAccount40,0,1
pacs.007.001.14,/Document/FIToFIPmtRvsl/TxInf/OrgnlTxRef/MndtRltdInf/DrctDbtMndt/AmdmntInfDtls/OrgnlCdtrAgtAcct/Id,Id,AccountIdentification4Choice,0,1
pacs.007.001.14,/Document/FIToFIPmtRvsl/TxInf/OrgnlTxRef/MndtRltdInf/DrctDbtMndt/AmdmntInfDtls/OrgnlCdtrAgtAcct/Id/IBAN,IBAN,IBAN2007Identifier,1,1
pacs.007.001.14,/Document/FIToFIPmtRvsl/TxInf/OrgnlTxRef/MndtRltdInf/DrctDbtMndt/AmdmntInfDtls/OrgnlCdtrAgtAcct/Id/Othr,Othr,GenericAccountIdentification1,1,1
pacs.007.001.14,/Document/FIToFIPmtRvsl/TxInf/OrgnlTxRef/MndtRltdInf/DrctDbtMndt/AmdmntInfDtls/OrgnlCdtrAgtAcct/Id/Othr/Id,Id,Max34Text,1,1
pacs.007.001.14,/Document/FIToFIPmtRvsl/TxInf/OrgnlTxRef/MndtRltdInf/DrctDbtMndt/AmdmntInfDtls/OrgnlCdtrAgtAcct/Id/Othr/SchmeNm,SchmeNm,AccountSchemeName1Choice,0,1
pacs.007.001.14,/Document/FIToFIPmtRvsl/TxInf/OrgnlTxRef/MndtRltdInf/DrctDbtMndt/AmdmntInfDtls/OrgnlCdtrAgtAcct/Id/Othr/SchmeNm/Cd,Cd,ExternalAccountIdentification1Code,1,1
pacs.007.001.14,/Document/FIToFIPmtRvsl/TxInf/OrgnlTxRef/MndtRltdInf/DrctDbtMndt/AmdmntInfDtls/OrgnlCdtrAgtAcct/Id/Othr/SchmeNm/Prtry,Prtry,Max35Text,1,1
pacs.007.001.14,/Document/FIToFIPmtRvsl/TxInf/OrgnlTxRef/MndtRltdInf/DrctDbtMndt/AmdmntInfDtls/OrgnlCdtrAgtAcct/Id/Othr/Issr,Issr,Max35Text,0,1
pacs.007.001.14,/Document/FIToFIPmtRvsl/TxInf/OrgnlTxRef/MndtRltdInf/DrctDbtMndt/AmdmntInfDtls/OrgnlCdtrAgtAcct/Tp,Tp,CashAccountType2Choice,0,1
pacs.007.001.14,/Document/FIToFIPmtRvsl/TxInf/OrgnlTxRef/MndtRltdInf/DrctDbtMndt/AmdmntInfDtls/OrgnlCdtrAgtAcct/Tp/Cd,Cd,ExternalCashAccountType1Code,1,1
pacs.007.001.14,/Document/FIToFIPmtRvsl/TxInf/OrgnlTxRef/MndtRltdInf/DrctDbtMndt/AmdmntInfDtls/OrgnlCdtrAgtAcct/Tp/Prtry,Prtry,Max35Text,1,1
pacs.007.001.14,/Document/FIToFIPmtRvsl/TxInf/OrgnlTxRef/MndtRltdInf/DrctDbtMndt/AmdmntInfDtls/OrgnlCdtrAgtAcct/Ccy,Ccy,ActiveOrHistoricCurrencyCode,0,1
pacs.007.001.14,/Document/FIToFIPmtRvsl/TxInf/OrgnlTxRef/MndtRltdInf/DrctDbtMndt/AmdmntInfDtls/OrgnlCdtrAgtAcct/Nm,Nm,Max70Text,0,1
pacs.007.001.14,/Document/FIToFIPmtRvsl/TxInf/OrgnlTxRef/MndtRltdInf/DrctDbtMndt/AmdmntInfDtls/OrgnlCdtrAgtAcct/Prxy,Prxy,ProxyAccountIdentification1,0,1
pacs.007.001.14,/Document/FIToFIPmtRvsl/TxInf/OrgnlTxRef/MndtRltdInf/DrctDbtMndt/AmdmntInfDtls/OrgnlCdtrAgtAcct/Prxy/Tp,Tp,ProxyAccountType1Choice,0,1
pacs.007.001.14,/Document/FIToFIPmtRvsl/TxInf/OrgnlTxRef/MndtRltdInf/DrctDbtMndt/AmdmntInfDtls/OrgnlCdtrAgtAcct/Prxy/Tp/Cd,Cd,ExternalProxyAccountType1Code,1,1
pacs.007.001.14,/Document/FIToFIPmtRvsl/TxInf/OrgnlTxRef/MndtRltdInf/DrctDbtMndt/AmdmntInfDtls/OrgnlCdtrAgtAcct/Prxy/Tp/Prtry,Prtry,Max35Text,1,1
pacs.007.001.14,/Document/FIToFIPmtRvsl/TxInf/OrgnlTxRef/MndtRltdInf/DrctDbtMndt/AmdmntInfDtls/OrgnlCdtrAgtAcct/Prxy/Id,Id,Max2048Text,1,1
pacs.007.001.14,/Document/FIToFIPmtRvsl/TxInf/OrgnlTxRef/MndtRltdInf/DrctDbtMndt/AmdmntInfDtls/OrgnlDbtr,OrgnlDbtr,PartyIdentification272,0,1
pacs.007.001.14,/Document/FIToFIPmtRvsl/TxInf/OrgnlTxRef/MndtRltdInf/DrctDbtMndt/AmdmntInfDtls/OrgnlDbtr/Nm,Nm,Max140Text,0,1
pacs.007.001.14,/Document/FIToFIPmtRvsl/TxInf/OrgnlTxRef/MndtRltdInf/DrctDbtMndt/AmdmntInfDtls/OrgnlDbtr/PstlAdr,PstlAdr,PostalAddress27,0,1
pacs.007.001.14,/Document/FIToFIPmtRvsl/TxInf/OrgnlTxRef/MndtRltdInf/DrctDbtMndt/AmdmntInfDtls/OrgnlDbtr/PstlAdr/AdrTp,AdrTp,AddressType3Choice,0,1
pacs.007.001.14,/Document/FIToFIPmtRvsl/TxInf/OrgnlTxRef/MndtRltdInf/DrctDbtMndt/AmdmntInfDtls/OrgnlDbtr/PstlAdr/AdrTp/Cd,Cd,AddressType2Code,1,1
pacs.007.001.14,/Document/FIToFIPmtRvsl/TxInf/OrgnlTxRef/MndtRltdInf/DrctDbtMndt/AmdmntInfDtls/OrgnlDbtr/PstlAdr/AdrTp/Prtry,Prtry,GenericIdentification30,1,1
pacs.007.001.14,/Document/FIToFIPmtRvsl/TxInf/OrgnlTxRef/MndtRltdInf/DrctDbtMndt/AmdmntInfDtls/OrgnlDbtr/PstlAdr/AdrTp/Prtry/Id,Id,Exact4AlphaNumericText,1,1
pacs.007.001.14,/Document/FIToFIPmtRvsl/TxInf/OrgnlTxRef/MndtRltdInf/DrctDbtMndt/AmdmntInfDtls/OrgnlDbtr/PstlAdr/AdrTp/Prtry/Issr,Issr,Max35Text,1,1
pacs.007.001.14,/Document/FIToFIPmtRvsl/TxInf/OrgnlTxRef/MndtRltdInf/DrctDbtMndt/AmdmntInfDtls/OrgnlDbtr/PstlAdr/AdrTp/Prtry/SchmeNm,SchmeNm,Max35Text,0,1
pacs.007.001.14,/Document/FIToFIPmtRvsl/TxInf/OrgnlTxRef/MndtRltdInf/DrctDbtMndt/AmdmntInfDtls/OrgnlDbtr/PstlAdr/CareOf,CareOf,Max140Text,0,1
pacs.007.001.14,/Document/FIToFIPmtRvsl/TxInf/OrgnlTxRef/MndtRltdInf/DrctDbtMndt/AmdmntInfDtls/OrgnlDbtr/PstlAdr/Dept,Dept,Max70Text,0,1
pacs.007.001.14,/Document/FIToFIPmtRvsl/TxInf/OrgnlTxRef/MndtRltdInf/DrctDbtMndt/AmdmntInfDtls/OrgnlDbtr/PstlAdr/SubDept,SubDept,Max70Text,0,1
pacs.007.001.14,/Document/FIToFIPmtRvsl/TxInf/OrgnlTxRef/MndtRltdInf/DrctDbtMndt/AmdmntInfDtls/OrgnlDbtr/PstlAdr/StrtNm,StrtNm,Max140Text,0,1
pacs.007.001.14,/Document/FIToFIPmtRvsl/TxInf/OrgnlTxRef/MndtRltdInf/DrctDbtMndt/AmdmntInfDtls/OrgnlDbtr/PstlAdr/BldgNb,BldgNb,Max16Text,0,1
pacs.007.001.14,/Document/FIToFIPmtRvsl/TxInf/OrgnlTxRef/MndtRltdInf/DrctDbtMndt/AmdmntInfDtls/OrgnlDbtr/PstlAdr/BldgNm,BldgNm,Max140Text,0,1
pacs.007.001.14,/Document/FIToFIPmtRvsl/TxInf/OrgnlTxRef/MndtRltdInf/DrctDbtMndt/AmdmntInfDtls/OrgnlDbtr/PstlAdr/Flr,Flr,Max70Text,0,1
pacs.007.001.14,/Document/FIToFIPmtRvsl/TxInf/OrgnlTxRef/MndtRltdInf/DrctDbtMndt/AmdmntInfDtls/OrgnlDbtr/PstlAdr/UnitNb,UnitNb,Max16Text,0,1
pacs.007.001.14,/Document/FIToFIPmtRvsl/TxInf/OrgnlTxRef/MndtRltdInf/DrctDbtMndt/AmdmntInfDtls/OrgnlDbtr/PstlAdr/PstBx,PstBx,Max16Text,0,1
pacs.007.001.14,/Document/FIToFIPmtRvsl/TxInf/OrgnlTxRef/MndtRltdInf/DrctDbtMndt/AmdmntInfDtls/OrgnlDbtr/PstlAdr/Room,Room,Max70Text,0,1
pacs.007.001.14,/Document/FIToFIPmtRvsl/TxInf/OrgnlTxRef/MndtRltdInf/DrctDbtMndt/AmdmntInfDtls/OrgnlDbtr/PstlAdr/PstCd,PstCd,Max16Text,0,1
pacs.007.001.14,/Document/FIToFIPmtRvsl/TxInf/OrgnlTxRef/MndtRltdInf/DrctDbtMndt/AmdmntInfDtls/OrgnlDbtr/PstlAdr/TwnNm,TwnNm,Max140Text,0,1
pacs.007.001.14,/Document/FIToFIPmtRvsl/TxInf/OrgnlTxRef/MndtRltdInf/DrctDbtMndt/AmdmntInfDtls/OrgnlDbtr/PstlAdr/TwnLctnNm,TwnLctnNm,Max140Text,0,1
pacs.007.001.14,/Document/FIToFIPmtRvsl/TxInf/OrgnlTxRef/MndtRltdInf/DrctDbtMndt/AmdmntInfDtls/OrgnlDbtr/PstlAdr/DstrctNm,DstrctNm,Max140Text,0,1
pacs.007.001.14,/Document/FIToFIPmtRvsl/TxInf/OrgnlTxRef/MndtRltdInf/DrctDbtMndt/AmdmntInfDtls/OrgnlDbtr/PstlAdr/CtrySubDvsn,CtrySubDvsn,Max35Text,0,1
pacs.007.001.14,/Document/FIToFIPmtRvsl/TxInf/OrgnlTxRef/MndtRltdInf/DrctDbtMndt/AmdmntInfDtls/OrgnlDbtr/PstlAdr/Ctry,Ctry,CountryCode,0,1
pacs.007.001.14,/Document/FIToFIPmtRvsl/TxInf/OrgnlTxRef/MndtRltdInf/DrctDbtMndt/AmdmntInfDtls/OrgnlDbtr/PstlAdr/AdrLine,AdrLine,Max70Text,0,7
pacs.007.001.14,/Document/FIToFIPmtRvsl/TxInf/OrgnlTxRef/MndtRltdInf/DrctDbtMndt/AmdmntInfDtls/OrgnlDbtr/Id,Id,Party52Choice,0,1
pacs.007.001.14,/Document/FIToFIPmtRvsl/TxInf/OrgnlTxRef/MndtRltdInf/DrctDbtMndt/AmdmntInfDtls/OrgnlDbtr/Id/OrgId,OrgId,OrganisationIdentification39,1,1
pacs.007.001.14,/Document/FIToFIPmtRvsl/TxInf/OrgnlTxRef/MndtRltdInf/DrctDbtMndt/AmdmntInfDtls/OrgnlDbtr/Id/OrgId/AnyBIC,AnyBIC,AnyBICDec2014Identifier,0,1
pacs.007.001.14,/Document/FIToFIPmtRvsl/TxInf/OrgnlTxRef/MndtRltdInf/DrctDbtMndt/AmdmntInfDtls/OrgnlDbtr/Id/OrgId/LEI,LEI,LEIIdentifier,0,1
pacs.007.001.14,/Document/FIToFIPmtRvsl/TxInf/OrgnlTxRef/MndtRltdInf/DrctDbtMndt/AmdmntInfDtls/OrgnlDbtr/Id/OrgId/Othr,Othr,GenericOrganisationIdentification3,0,
pacs.007.001.14,/Document/FIToFIPmtRvsl/TxInf/OrgnlTxRef/MndtRltdInf/DrctDbtMndt/AmdmntInfDtls/OrgnlDbtr/Id/OrgId/Othr/Id,Id,Max256Text,1,1
pacs.007.001.14,/Document/FIToFIPmtRvsl/TxInf/OrgnlTxRef/MndtRltdInf/DrctDbtMndt/AmdmntInfDtls/OrgnlDbtr/Id/OrgId/Othr/SchmeNm,SchmeNm,OrganisationIdentificationSchemeName1Choice,0,1
pacs.007.001.14,/Document/FIToFIPmtRvsl/TxInf/OrgnlTxRef/MndtRltdInf/DrctDbtMndt/AmdmntInfDtls/OrgnlDbtr/Id/OrgId/Othr/SchmeNm/Cd,Cd,ExternalOrganisationIdentification1Code,1,1
pacs.007.001.14,/Document/FIToFIPmtRvsl/TxInf/OrgnlTxRef/MndtRltdInf/DrctDbtMndt/AmdmntInfDtls/OrgnlDbtr/Id/OrgId/Othr/SchmeNm/Prtry,Prtry,Max35Text,1,1
pacs.007.001.14,/Document/FIToFIPmtRvsl/TxInf/OrgnlTxRef/MndtRltdInf/DrctDbtMndt/AmdmntInfDtls/OrgnlDbtr/Id/OrgId/Othr/Issr,Issr,Max35Text,0,1
pacs.007.001.14,/Document/FIToFIPmtRvsl/TxInf/OrgnlTxRef/MndtRltdInf/DrctDbtMndt/AmdmntInfDtls/OrgnlDbtr/Id/PrvtId,PrvtId,PersonIdentification18,1,1
pacs.007.001.14,/Document/FIToFIPmtRvsl/TxInf/OrgnlTxRef/MndtRltdInf/DrctDbtMndt/AmdmntInfDtls/OrgnlDbtr/Id/PrvtId/DtAndPlcOfBirth,DtAndPlcOfBirth,DateAndPlaceOfBirth1,0,1
pacs.007.001.14,/Document/FIToFIPmtRvsl/TxInf/OrgnlTxRef/MndtRltdInf/DrctDbtMndt/AmdmntInfDtls/OrgnlDbtr/Id/PrvtId/DtAndPlcOfBirth/BirthDt,BirthDt,ISODate,1,1
pacs.007.001.14,/Document/FIToFIPmtRvsl/TxInf/OrgnlTxRef/MndtRltdInf/DrctDbtMndt/AmdmntInfDtls/OrgnlDbtr/Id/PrvtId/DtAndPlcOfBirth/PrvcOfBirth,PrvcOfBirth,Max35Text,0,1
pacs.007.001.14,/Document/FIToFIPmtRvsl/TxInf/OrgnlTxRef/MndtRltdInf/DrctDbtMndt/AmdmntInfDtls/OrgnlDbtr/Id/PrvtId/DtAndPlcOfBirth/CityOfBirth,CityOfBirth,Max35Text,1,1
pacs.007.001.14,/Document/FIToFIPmtRvsl/TxInf/OrgnlTxRef/MndtRltdInf/DrctDbtMndt/AmdmntInfDtls/OrgnlDbtr/Id/PrvtId/DtAndPlcOfBirth/CtryOfBirth,CtryOfBirth,CountryCode,1,1
pacs.007.001.14,/Document/FIToFIPmtRvsl/TxInf/OrgnlTxRef/MndtRltdInf/DrctDbtMndt/AmdmntInfDtls/OrgnlDbtr/Id/PrvtId/Othr,Othr,GenericPersonIdentification2,0,
pacs.007.001.14,/Document/FIToFIPmtRvsl/TxInf/OrgnlTxRef/MndtRltdInf/DrctDbtMndt/AmdmntInfDtls/OrgnlDbtr/Id/PrvtId/Othr/Id,Id,Max256Text,1,1
pacs.007.001.14,/Document/FIToFIPmtRvsl/TxInf/OrgnlTxRef/MndtRltdInf/DrctDbtMndt/AmdmntInfDtls/OrgnlDbtr/Id/PrvtId/Othr/SchmeNm,SchmeNm,PersonIdentificationSchemeName1Choice,0,1
pacs.007.001.14,/Document/FIToFIPmtRvsl/TxInf/OrgnlTxRef/MndtRltdInf/DrctDbtMndt/AmdmntInfDtls/OrgnlDbtr/Id/PrvtId/Othr/SchmeNm/Cd,Cd,ExternalPersonIdentification1Code,1,1
pacs.007.001.14,/Document/FIToFIPmtRvsl/TxInf/OrgnlTxRef/MndtRltdInf/DrctDbtMndt/AmdmntInfDtls/OrgnlDbtr/Id/PrvtId/Othr/SchmeNm/Prtry,Prtry,Max35Text,1,1
pacs.007.001.14,/Document/FIToFIPmtRvsl/TxInf/OrgnlTxRef/MndtRltdInf/DrctDbtMndt/AmdmntInfDtls/OrgnlDbtr/Id/PrvtId/Othr/Issr,Issr,Max35Text,0,1
pacs.007.001.14,/Document/FIToFIPmtRvsl/TxInf/OrgnlTxRef/MndtRltdInf/DrctDbtMndt/AmdmntInfDtls/OrgnlDbtr/CtryOfRes,CtryOfRes,CountryCode,0,1
pacs.007.001.14,/Document/FIToFIPmtRvsl/TxInf/OrgnlTxRef/MndtRltdInf/DrctDbtMndt/AmdmntInfDtls/OrgnlDbtr/CtctDtls,CtctDtls,Contact13,0,1
pacs.007.001.14,/Document/FIToFIPmtRvsl/TxInf/OrgnlTxRef/MndtRltdInf/DrctDbtMndt/AmdmntInfDtls/OrgnlDbtr/CtctDtls/NmPrfx,NmPrfx,NamePrefix2Code,0,1
pacs.007.001.14,/Document/FIToFIPmtRvsl/TxInf/OrgnlTxRef/MndtRltdInf/DrctDbtMndt/AmdmntInfDtls/OrgnlDbtr/CtctDtls/Nm,Nm,Max140Text,0,1
pacs.007.001.14,/Document/FIToFIPmtRvsl/TxInf/OrgnlTxRef/MndtRltdInf/DrctDbtMndt/AmdmntInfDtls/OrgnlDbtr/CtctDtls/PhneNb,PhneNb,PhoneNumber,0,1
pacs.007.001.14,/Document/FIToFIPmtRvsl/TxInf/OrgnlTxRef/MndtRltdInf/DrctDbtMndt/AmdmntInfDtls/OrgnlDbtr/CtctDtls/MobNb,MobNb,PhoneNumber,0,1
pacs.007.001.14,/Document/FIToFIPmtRvsl/TxInf/OrgnlTxRef/MndtRltdInf/DrctDbtMndt/AmdmntInfDtls/OrgnlDbtr/CtctDtls/FaxNb,FaxNb,PhoneNumber,0,1
pacs.007.001.14,/Document/FIToFIPmtRvsl/TxInf/OrgnlTxRef/MndtRltdInf/DrctDbtMndt/AmdmntInfDtls/OrgnlDbtr/CtctDtls/URLAdr,URLAdr,Max2048Text,0,1
pacs.007.001.14,/Document/FIToFIPmtRvsl/TxInf/OrgnlTxRef/MndtRltdInf/DrctDbtMndt/AmdmntInfDtls/OrgnlDbtr/CtctDtls/EmailAdr,EmailAdr,Max256Text,0,1
pacs.007.001.14,/Document/FIToFIPmtRvsl/TxInf/OrgnlTxRef/MndtRltdInf/DrctDbtMndt/AmdmntInfDtls/OrgnlDbtr/CtctDtls/EmailPurp,EmailPurp,Max35Text,0,1
pacs.007.001.14,/Document/FIToFIPmtRvsl/TxInf/OrgnlTxRef/MndtRltdInf/DrctDbtMndt/AmdmntInfDtls/OrgnlDbtr/CtctDtls/JobTitl,JobTitl,Max35Text,0,1
pacs.007.001.14,/Document/FIToFIPmtRvsl/TxInf/OrgnlTxRef/MndtRltdInf/DrctDbtMndt/AmdmntInfDtls/OrgnlDbtr/CtctDtls/Rspnsblty,Rspnsblty,Max35Text,0,1
pacs.007.001.14,/Document/FIToFIPmtRvsl/TxInf/OrgnlTxRef/MndtRltdInf/DrctDbtMndt/AmdmntInfDtls/OrgnlDbtr/CtctDtls/Dept,Dept,Max70Text,0,1
pacs.007.001.14,/Document/FIToFIPmtRvsl/TxInf/OrgnlTxRef/MndtRltdInf/DrctDbtMndt/AmdmntInfDtls/OrgnlDbtr/CtctDtls/Othr,Othr,OtherContact1,0,
pacs.007.001.14,/Document/FIToFIPmtRvsl/TxInf/OrgnlTxRef/MndtRltdInf/DrctDbtMndt/AmdmntInfDtls/OrgnlDbtr/CtctDtls/Othr/ChanlTp,ChanlTp,Max4Text,1,1
pacs.007.001.14,/Document/FIToFIPmtRvsl/TxInf/OrgnlTxRef/MndtRltdInf/DrctDbtMndt/AmdmntInfDtls/OrgnlDbtr/CtctDtls/Othr/Id,Id,Max128Text,0,1
pacs.007.001.14,/Document/FIToFIPmtRvsl/TxInf/OrgnlTxRef/MndtRltdInf/DrctDbtMndt/AmdmntInfDtls/OrgnlDbtr/CtctDtls/PrefrdMtd,PrefrdMtd,PreferredContactMethod2Code,0,1
pacs.007.001.14,/Document/FIToFIPmtRvsl/TxInf/OrgnlTxRef/MndtRltdInf/DrctDbtMndt/AmdmntInfDtls/OrgnlDbtrAcct,OrgnlDbtrAcct,CashAccount40,0,1
pacs.007.001.14,/Document/FIToFIPmtRvsl/TxInf/OrgnlTxRef/MndtRltdInf/DrctDbtMndt/AmdmntInfDtls/OrgnlDbtrAcct/Id,Id,AccountIdentification4Choice,0,1
pacs.007.001.14,/Document/FIToFIPmtRvsl/TxInf/OrgnlTxRef/MndtRltdInf/DrctDbtMndt/AmdmntInfDtls/OrgnlDbtrAcct/Id/IBAN,IBAN,IBAN2007Identifier,1,1
pacs.007.001.14,/Document/FIToFIPmtRvsl/TxInf/OrgnlTxRef/MndtRltdInf/DrctDbtMndt/AmdmntInfDtls/OrgnlDbtrAcct/Id/Othr,Othr,GenericAccountIdentification1,1,1
pacs.007.001.14,/Document/FIToFIPmtRvsl/TxInf/OrgnlTxRef/MndtRltdInf/DrctDbtMndt/AmdmntInfDtls/OrgnlDbtrAcct/Id/Othr/Id,Id,Max34Text,1,1
pacs.007.001.14,/Document/FIToFIPmtRvsl/TxInf/OrgnlTxRef/MndtRltdInf/DrctDbtMndt/AmdmntInfDtls/OrgnlDbtrAcct/Id/Othr/SchmeNm,SchmeNm,AccountSchemeName1Choice,0,1
pacs.007.001.14,/Document/FIToFIPmtRvsl/TxInf/OrgnlTxRef/MndtRltdInf/DrctDbtMndt/AmdmntInfDtls/OrgnlDbtrAcct/Id/Othr/SchmeNm/Cd,Cd,ExternalAccountIdentification1Code,1,1
pacs.007.001.14,/Document/FIToFIPmtRvsl/TxInf/OrgnlTxRef/MndtRltdInf/DrctDbtMndt/AmdmntInfDtls/OrgnlDbtrAcct/Id/Othr/SchmeNm/Prtry,Prtry,Max35Text,1,1
pacs.007.001.14,/Document/FIToFIPmtRvsl/TxInf/OrgnlTxRef/MndtRltdInf/DrctDbtMndt/AmdmntInfDtls/OrgnlDbtrAcct/Id/Othr/Issr,Issr,Max35Text,0,1
pacs.007.001.14,/Document/FIToFIPmtRvsl/TxInf/OrgnlTxRef/MndtRltdInf/DrctDbtMndt/AmdmntInfDtls/OrgnlDbtrAcct/Tp,Tp,CashAccountType2Choice,0,1
pacs.007.001.14,/Document/FIToFIPmtRvsl/TxInf/OrgnlTxRef/MndtRltdInf/DrctDbtMndt/AmdmntInfDtls/OrgnlDbtrAcct/Tp/Cd,Cd,ExternalCashAccountType1Code,1,1
pacs.007.001.14,/Document/FIToFIPmtRvsl/TxInf/OrgnlTxRef/MndtRltdInf/DrctDbtMndt/AmdmntInfDtls/OrgnlDbtrAcct/Tp/Prtry,Prtry,Max35Text,1,1
pacs.007.001.14,/Document/FIToFIPmtRvsl/TxInf/OrgnlTxRef/MndtRltdInf/DrctDbtMndt/AmdmntInfDtls/OrgnlDbtrAcct/Ccy,Ccy,ActiveOrHistoricCurrencyCode,0,1
pacs.007.001.14,/Document/FIToFIPmtRvsl/TxInf/OrgnlTxRef/MndtRltdInf/DrctDbtMndt/AmdmntInfDtls/OrgnlDbtrAcct/Nm,Nm,Max70Text,0,1
pacs.007.001.14,/Document/FIToFIPmtRvsl/TxInf/OrgnlTxRef/MndtRltdInf/DrctDbtMndt/AmdmntInfDtls/OrgnlDbtrAcct/Prxy,Prxy,ProxyAccountIdentification1,0,1
pacs.007.001.14,/Document/FIToFIPmtRvsl/TxInf/OrgnlTxRef/MndtRltdInf/DrctDbtMndt/AmdmntInfDtls/OrgnlDbtrAcct/Prxy/Tp,Tp,ProxyAccountType1Choice,0,1
pacs.007.001.14,/Document/FIToFIPmtRvsl/TxInf/OrgnlTxRef/MndtRltdInf/DrctDbtMndt/AmdmntInfDtls/OrgnlDbtrAcct/Prxy/Tp/Cd,Cd,ExternalProxyAccountType1Code,1,1
pacs.007.001.14,/Document/FIToFIPmtRvsl/TxInf/OrgnlTxRef/MndtRltdInf/DrctDbtMndt/AmdmntInfDtls/OrgnlDbtrAcct/Prxy/Tp/Prtry,Prtry,Max35Text,1,1
pacs.007.001.14,/Document/FIToFIPmtRvsl/TxInf/OrgnlTxRef/MndtRltdInf/DrctDbtMndt/AmdmntInfDtls/OrgnlDbtrAcct/Prxy/Id,Id,Max2048Text,1,1
pacs.007.001.14,/Document/FIToFIPmtRvsl/TxInf/OrgnlTxRef/MndtRltdInf/DrctDbtMndt/AmdmntInfDtls/OrgnlDbtrAgt,OrgnlDbtrAgt,BranchAndFinancialInstitutionIdentification8,0,1
pacs.007.001.14,/Document/FIToFIPmtRvsl/TxInf/OrgnlTxRef/MndtRltdInf/DrctDbtMndt/AmdmntInfDtls/OrgnlDbtrAgt/FinInstnId,FinInstnId,FinancialInstitutionIdentification23,1,1
pacs.007.001.14,/Document/FIToFIPmtRvsl/TxInf/OrgnlTxRef/MndtRltdInf/DrctDbtMndt/AmdmntInfDtls/OrgnlDbtrAgt/FinInstnId/BICFI,BICFI,BICFIDec2014Identifier,0,1
pacs.007.001.14,/Document/FIToFIPmtRvsl/TxInf/OrgnlTxRef/MndtRltdInf/DrctDbtMndt/AmdmntInfDtls/OrgnlDbtrAgt/FinInstnId/ClrSysMmbId,ClrSysMmbId,ClearingSystemMemberIdentification2,0,1
pacs.007.001.14,/Document/FIToFIPmtRvsl/TxInf/OrgnlTxRef/MndtRltdInf/DrctDbtMndt/AmdmntInfDtls/OrgnlDbtrAgt/FinInstnId/ClrSysMmbId/ClrSysId,ClrSysId,ClearingSystemIdentification2Choice,0,1
pacs.007.001.14,/Document/FIToFIPmtRvsl/TxInf/OrgnlTxRef/MndtRltdInf/DrctDbtMndt/AmdmntInfDtls/OrgnlDbtrAgt/FinInstnId/ClrSysMmbId/ClrSysId/Cd,Cd,ExternalClearingSystemIdentification1Code,1,1
pacs.007.001.14,/Document/FIToFIPmtRvsl/TxInf/OrgnlTxRef/MndtRltdInf/DrctDbtMndt/AmdmntInfDtls/OrgnlDbtrAgt/FinInstnId/ClrSysMmbId/ClrSysId/Prtry,Prtry,Max35Text,1,1
pacs.007.001.14,/Document/FIToFIPmtRvsl/TxInf/OrgnlTxRef/MndtRltdInf/DrctDbtMndt/AmdmntInfDtls/OrgnlDbtrAgt/FinInstnId/ClrSysMmbId/MmbId,MmbId,Max35Text,1,1
pacs.007.001.14,/Document/FIToFIPmtRvsl/TxInf/OrgnlTxRef/MndtRltdInf/DrctDbtMndt/AmdmntInfDtls/OrgnlDbtrAgt/FinInstnId/LEI,LEI,LEIIdentifier,0,1
pacs.007.001.14,/Document/FIToFIPmtRvsl/TxInf/OrgnlTxRef/MndtRltdInf/DrctDbtMndt/AmdmntInfDtls/OrgnlDbtrAgt/FinInstnId/Nm,Nm,Max140Text,0,1
pacs.007.001.14,/Document/FIToFIPmtRvsl/TxInf/OrgnlTxRef/MndtRltdInf/DrctDbtMndt/AmdmntInfDtls/OrgnlDbtrAgt/FinInstnId/PstlAdr,PstlAdr,PostalAddress27,0,1
pacs.007.001.14,/Document/FIToFIPmtRvsl/TxInf/OrgnlTxRef/MndtRltdInf/DrctDbtMndt/AmdmntInfDtls/OrgnlDbtrAgt/FinInstnId/PstlAdr/AdrTp,AdrTp,AddressType3Choice,0,1
pacs.007.001.14,/Document/FIToFIPmtRvsl/TxInf/OrgnlTxRef/MndtRltdInf/DrctDbtMndt/AmdmntInfDtls/OrgnlDbtrAgt/FinInstnId/PstlAdr/AdrTp/Cd,Cd,AddressType2Code,1,1
pacs.007.001.14,/Document/FIToFIPmtRvsl/TxInf/OrgnlTxRef/MndtRltdInf/DrctDbtMndt/AmdmntInfDtls/OrgnlDbtrAgt/FinInstnId/PstlAdr/AdrTp/Prtry,Prtry,GenericIdentification30,1,1
pacs.007.001.14,/Document/FIToFIPmtRvsl/TxInf/OrgnlTxRef/MndtRltdInf/DrctDbtMndt/AmdmntInfDtls/OrgnlDbtrAgt/FinInstnId/PstlAdr/AdrTp/Prtry/Id,Id,Exact4AlphaNumericText,1,1
pacs.007.001.14,/Document/FIToFIPmtRvsl/TxInf/OrgnlTxRef/MndtRltdInf/DrctDbtMndt/AmdmntInfDtls/OrgnlDbtrAgt/FinInstnId/PstlAdr/AdrTp/Prtry/Issr,Issr,Max35Text,1,1
pacs.007.001.14,/Document/FIToFIPmtRvsl/TxInf/OrgnlTxRef/MndtRltdInf/DrctDbtMndt/AmdmntInfDtls/OrgnlDbtrAgt/FinInstnId/PstlAdr/AdrTp/Prtry/SchmeNm,SchmeNm,Max35Text,0,1
pacs.007.001.14,/Document/FIToFIPmtRvsl/TxInf/OrgnlTxRef/MndtRltdInf/DrctDbtMndt/AmdmntInfDtls/OrgnlDbtrAgt/FinInstnId/PstlAdr/CareOf,CareOf,Max140Text,0,1
pacs.007.001.14,/Document/FIToFIPmtRvsl/TxInf/OrgnlTxRef/MndtRltdInf/DrctDbtMndt/AmdmntInfDtls/OrgnlDbtrAgt/FinInstnId/PstlAdr/Dept,Dept,Max70Text,0,1
pacs.007.001.14,/Document/FIToFIPmtRvsl/TxInf/OrgnlTxRef/MndtRltdInf/DrctDbtMndt/AmdmntInfDtls/OrgnlDbtrAgt/FinInstnId/PstlAdr/SubDept,SubDept,Max70Text,0,1
pacs.007.001.14,/Document/FIToFIPmtRvsl/TxInf/OrgnlTxRef/MndtRltdInf/DrctDbtMndt/AmdmntInfDtls/OrgnlDbtrAgt/FinInstnId/PstlAdr/StrtNm,StrtNm,Max140Text,0,1
pacs.007.001.14,/Document/FIToFIPmtRvsl/TxInf/OrgnlTxRef/MndtRltdInf/DrctDbtMndt/AmdmntInfDtls/OrgnlDbtrAgt/FinInstnId/PstlAdr/BldgNb,BldgNb,Max16Text,0,1
pacs.007.001.14,/Document/FIToFIPmtRvsl/TxInf/OrgnlTxRef/MndtRltdInf/DrctDbtMndt/AmdmntInfDtls/OrgnlDbtrAgt/FinInstnId/PstlAdr/BldgNm,BldgNm,Max140Text,0,1
pacs.007.001.14,/Document/FIToFIPmtRvsl/TxInf/OrgnlTxRef/MndtRltdInf/DrctDbtMndt/AmdmntInfDtls/OrgnlDbtrAgt/FinInstnId/PstlAdr/Flr,Flr,Max70Text,0,1
pacs.007.001.14,/Document/FIToFIPmtRvsl/TxInf/OrgnlTxRef/MndtRltdInf/DrctDbtMndt/AmdmntInfDtls/OrgnlDbtrAgt/FinInstnId/PstlAdr/UnitNb,UnitNb,Max16Text,0,1
pacs.007.001.14,/Document/FIToFIPmtRvsl/TxInf/OrgnlTxRef/MndtRltdInf/DrctDbtMndt/AmdmntInfDtls/OrgnlDbtrAgt/FinInstnId/PstlAdr/PstBx,PstBx,Max16Text,0,1
pacs.007.001.14,/Document/FIToFIPmtRvsl/TxInf/OrgnlTxRef/MndtRltdInf/DrctDbtMndt/AmdmntInfDtls/OrgnlDbtrAgt/FinInstnId/PstlAdr/Room,Room,Max70Text,0,1
pacs.007.001.14,/Document/FIToFIPmtRvsl/TxInf/OrgnlTxRef/MndtRltdInf/DrctDbtMndt/AmdmntInfDtls/OrgnlDbtrAgt/FinInstnId/PstlAdr/PstCd,PstCd,Max16Text,0,1
pacs.007.001.14,/Document/FIToFIPmtRvsl/TxInf/OrgnlTxRef/MndtRltdInf/DrctDbtMndt/AmdmntInfDtls/OrgnlDbtrAgt/FinInstnId/PstlAdr/TwnNm,TwnNm,Max140Text,0,1
pacs.007.001.14,/Document/FIToFIPmtRvsl/TxInf/OrgnlTxRef/MndtRltdInf/DrctDbtMndt/AmdmntInfDtls/OrgnlDbtrAgt/FinInstnId/PstlAdr/TwnLctnNm,TwnLctnNm,Max140Text,0,1
pacs.007.001.14,/Document/FIToFIPmtRvsl/TxInf/OrgnlTxRef/MndtRltdInf/DrctDbtMndt/AmdmntInfDtls/OrgnlDbtrAgt/FinInstnId/PstlAdr/DstrctNm,DstrctNm,Max140Text,0,1
pacs.007.001.14,/Document/FIToFIPmtRvsl/TxInf/OrgnlTxRef/MndtRltdInf/DrctDbtMndt/AmdmntInfDtls/OrgnlDbtrAgt/FinInstnId/PstlAdr/CtrySubDvsn,CtrySubDvsn,Max35Text,0,1
pacs.007.001.14,/Document/FIToFIPmtRvsl/TxInf/OrgnlTxRef/MndtRltdInf/DrctDbtMndt/AmdmntInfDtls/OrgnlDbtrAgt/FinInstnId/PstlAdr/Ctry,Ctry,CountryCode,0,1
pacs.007.001.14,/Document/FIToFIPmtRvsl/TxInf/OrgnlTxRef/MndtRltdInf/DrctDbtMndt/AmdmntInfDtls/OrgnlDbtrAgt/FinInstnId/PstlAdr/AdrLine,AdrLine,Max70Text,0,7
pacs.007.001.14,/Document/FIToFIPmtRvsl/TxInf/OrgnlTxRef/MndtRltdInf/DrctDbtMndt/AmdmntInfDtls/OrgnlDbtrAgt/FinInstnId/Othr,Othr,GenericFinancialIdentification1,0,1
pacs.007.001.14,/Document/FIToFIPmtRvsl/TxInf/OrgnlTxRef/MndtRltdInf/DrctDbtMndt/AmdmntInfDtls/OrgnlDbtrAgt/FinInstnId/Othr/Id,Id,Max35Text,1,1
pacs.007.001.14,/Document/FIToFIPmtRvsl/TxInf/OrgnlTxRef/MndtRltdInf/DrctDbtMndt/AmdmntInfDtls/OrgnlDbtrAgt/FinInstnId/Othr/SchmeNm,SchmeNm,FinancialIdentificationSchemeName1Choice,0,1
pacs.007.001.14,/Document/FIToFIPmtRvsl/TxInf/OrgnlTxRef/MndtRltdInf/DrctDbtMndt/AmdmntInfDtls/OrgnlDbtrAgt/FinInstnId/Othr/SchmeNm/Cd,Cd,ExternalFinancialInstitutionIdentification1Code,1,1
pacs.007.001.14,/Document/FIToFIPmtRvsl/TxInf/OrgnlTxRef/MndtRltdInf/DrctDbtMndt/AmdmntInfDtls/OrgnlDbtrAgt/FinInstnId/Othr/SchmeNm/Prtry,Prtry,Max35Text,1,1
pacs.007.001.14,/Document/FIToFIPmtRvsl/TxInf/OrgnlTxRef/MndtRltdInf/DrctDbtMndt/AmdmntInfDtls/OrgnlDbtrAgt/FinInstnId/Othr/Issr,Issr,Max35Text,0,1
pacs.007.001.14,/Document/FIToFIPmtRvsl/TxInf/OrgnlTxRef/MndtRltdInf/DrctDbtMndt/AmdmntInfDtls/OrgnlDbtrAgt/BrnchId,BrnchId,BranchData5,0,1
pacs.007.001.14,/Document/FIToFIPmtRvsl/TxInf/OrgnlTxRef/MndtRltdInf/DrctDbtMndt/AmdmntInfDtls/OrgnlDbtrAgt/BrnchId/Id,Id,Max35Text,0,1
pacs.007.001.14,/Document/FIToFIPmtRvsl/TxInf/OrgnlTxRef/MndtRltdInf/DrctDbtMndt/AmdmntInfDtls/OrgnlDbtrAgt/BrnchId/LEI,LEI,LEIIdentifier,0,1
pacs.007.001.14,/Document/FIToFIPmtRvsl/TxInf/OrgnlTxRef/MndtRltdInf/DrctDbtMndt/AmdmntInfDtls/OrgnlDbtrAgt/BrnchId/Nm,Nm,Max140Text,0,1
pacs.007.001.14,/Document/FIToFIPmtRvsl/TxInf/OrgnlTxRef/MndtRltdInf/DrctDbtMndt/AmdmntInfDtls/OrgnlDbtrAgt/BrnchId/PstlAdr,PstlAdr,PostalAddress27,0,1
pacs.007.001.14,/Document/FIToFIPmtRvsl/TxInf/OrgnlTxRef/MndtRltdInf/DrctDbtMndt/AmdmntInfDtls/OrgnlDbtrAgt/BrnchId/PstlAdr/AdrTp,AdrTp,AddressType3Choice,0,1
pacs.007.001.14,/Document/FIToFIPmtRvsl/TxInf/OrgnlTxRef/MndtRltdInf/DrctDbtMndt/AmdmntInfDtls/OrgnlDbtrAgt/BrnchId/PstlAdr/AdrTp/Cd,Cd,AddressType2Code,1,1
pacs.007.001.14,/Document/FIToFIPmtRvsl/TxInf/OrgnlTxRef/MndtRltdInf/DrctDbtMndt/AmdmntInfDtls/OrgnlDbtrAgt/BrnchId/PstlAdr/AdrTp/Prtry,Prtry,GenericIdentification30,1,1
pacs.007.001.14,/Document/FIToFIPmtRvsl/TxInf/OrgnlTxRef/MndtRltdInf/DrctDbtMndt/AmdmntInfDtls/OrgnlDbtrAgt/BrnchId/PstlAdr/AdrTp/Prtry/Id,Id,Exact4AlphaNumericText,1,1
pacs.007.001.14,/Document/FIToFIPmtRvsl/TxInf/OrgnlTxRef/MndtRltdInf/DrctDbtMndt/AmdmntInfDtls/OrgnlDbtrAgt/BrnchId/PstlAdr/AdrTp/Prtry/Issr,Issr,Max35Text,1,1
pacs.007.001.14,/Document/FIToFIPmtRvsl/TxInf/OrgnlTxRef/MndtRltdInf/DrctDbtMndt/AmdmntInfDtls/OrgnlDbtrAgt/BrnchId/PstlAdr/AdrTp/Prtry/SchmeNm,SchmeNm,Max35Text,0,1
pacs.007.001.14,/Document/FIToFIPmtRvsl/TxInf/OrgnlTxRef/MndtRltdInf/DrctDbtMndt/AmdmntInfDtls/OrgnlDbtrAgt/BrnchId/PstlAdr/CareOf,CareOf,Max140Text,0,1
pacs.007.001.14,/Document/FIToFIPmtRvsl/TxInf/OrgnlTxRef/MndtRltdInf/DrctDbtMndt/AmdmntInfDtls/OrgnlDbtrAgt/BrnchId/PstlAdr/Dept,Dept,Max70Text,0,1
pacs.007.001.14,/Document/FIToFIPmtRvsl/TxInf/OrgnlTxRef/MndtRltdInf/DrctDbtMndt/AmdmntInfDtls/OrgnlDbtrAgt/BrnchId/PstlAdr/SubDept,SubDept,Max70Text,0,1
pacs.007.001.14,/Document/FIToFIPmtRvsl/TxInf/OrgnlTxRef/MndtRltdInf/DrctDbtMndt/AmdmntInfDtls/OrgnlDbtrAgt/BrnchId/PstlAdr/StrtNm,StrtNm,Max140Text,0,1
pacs.007.001.14,/Document/FIToFIPmtRvsl/TxInf/OrgnlTxRef/MndtRltdInf/DrctDbtMndt/AmdmntInfDtls/OrgnlDbtrAgt/BrnchId/PstlAdr/BldgNb,BldgNb,Max16Text,0,1
pacs.007.001.14,/Document/FIToFIPmtRvsl/TxInf/OrgnlTxRef/MndtRltdInf/DrctDbtMndt/AmdmntInfDtls/OrgnlDbtrAgt/BrnchId/PstlAdr/BldgNm,BldgNm,Max140Text,0,1
pacs.007.001.14,/Document/FIToFIPmtRvsl/TxInf/OrgnlTxRef/MndtRltdInf/DrctDbtMndt/AmdmntInfDtls/OrgnlDbtrAgt/BrnchId/PstlAdr/Flr,Flr,Max70Text,0,1
pacs.007.001.14,/Document/FIToFIPmtRvsl/TxInf/OrgnlTxRef/MndtRltdInf/DrctDbtMndt/AmdmntInfDtls/OrgnlDbtrAgt/BrnchId/PstlAdr/UnitNb,UnitNb,Max16Text,0,1
pacs.007.001.14,/Document/FIToFIPmtRvsl/TxInf/OrgnlTxRef/MndtRltdInf/DrctDbtMndt/AmdmntInfDtls/OrgnlDbtrAgt/BrnchId/PstlAdr/PstBx,PstBx,Max16Text,0,1
pacs.007.001.14,/Document/FIToFIPmtRvsl/TxInf/OrgnlTxRef/MndtRltdInf/DrctDbtMndt/AmdmntInfDtls/OrgnlDbtrAgt/BrnchId/PstlAdr/Room,Room,Max70Text,0,1
pacs.007.001.14,/Document/FIToFIPmtRvsl/TxInf/OrgnlTxRef/MndtRltdInf/DrctDbtMndt/AmdmntInfDtls/OrgnlDbtrAgt/BrnchId/PstlAdr/PstCd,PstCd,Max16Text,0,1
pacs.007.001.14,/Document/FIToFIPmtRvsl/TxInf/OrgnlTxRef/MndtRltdInf/DrctDbtMndt/AmdmntInfDtls/OrgnlDbtrAgt/BrnchId/PstlAdr/TwnNm,TwnNm,Max140Text,0,1
pacs.007.001.14,/Document/FIToFIPmtRvsl/TxInf/OrgnlTxRef/MndtRltdInf/DrctDbtMndt/AmdmntInfDtls/OrgnlDbtrAgt/BrnchId/PstlAdr/TwnLctnNm,TwnLctnNm,Max140Text,0,1
pacs.007.001.14,/Document/FIToFIPmtRvsl/TxInf/OrgnlTxRef/MndtRltdInf/DrctDbtMndt/AmdmntInfDtls/OrgnlDbtrAgt/BrnchId/PstlAdr/DstrctNm,DstrctNm,Max140Text,0,1
pacs.007.001.14,/Document/FIToFIPmtRvsl/TxInf/OrgnlTxRef/MndtRltdInf/DrctDbtMndt/AmdmntInfDtls/OrgnlDbtrAgt/BrnchId/PstlAdr/CtrySubDvsn,CtrySubDvsn,Max35Text,0,1
pacs.007.001.14,/Document/FIToFIPmtRvsl/TxInf/OrgnlTxRef/MndtRltdInf/DrctDbtMndt/AmdmntInfDtls/OrgnlDbtrAgt/BrnchId/PstlAdr/Ctry,Ctry,CountryCode,0,1
pacs.007.001.14,/Document/FIToFIPmtRvsl/TxInf/OrgnlTxRef/MndtRltdInf/DrctDbtMndt/AmdmntInfDtls/OrgnlDbtrAgt/BrnchId/PstlAdr/AdrLine,AdrLine,Max70Text,0,7
pacs.007.001.14,/Document/FIToFIPmtRvsl/TxInf/OrgnlTxRef/MndtRltdInf/DrctDbtMndt/AmdmntInfDtls/OrgnlDbtrAgtAcct,OrgnlDbtrAgtAcct,CashAccount40,0,1
pacs.007.001.14,/Document/FIToFIPmtRvsl/TxInf/OrgnlTxRef/MndtRltdInf/DrctDbtMndt/AmdmntInfDtls/OrgnlDbtrAgtAcct/Id,Id,AccountIdentification4Choice,0,1
pacs.007.001.14,/Document/FIToFIPmtRvsl/TxInf/OrgnlTxRef/MndtRltdInf/DrctDbtMndt/AmdmntInfDtls/OrgnlDbtrAgtAcct/Id/IBAN,IBAN,IBAN2007Identifier,1,1
pacs.007.001.14,/Document/FIToFIPmtRvsl/TxInf/OrgnlTxRef/MndtRltdInf/DrctDbtMndt/AmdmntInfDtls/OrgnlDbtrAgtAcct/Id/Othr,Othr,GenericAccountIdentification1,1,1
pacs.007.001.14,/Document/FIToFIPmtRvsl/TxInf/OrgnlTxRef/MndtRltdInf/DrctDbtMndt/AmdmntInfDtls/OrgnlDbtrAgtAcct/Id/Othr/Id,Id,Max34Text,1,1
pacs.007.001.14,/Document/FIToFIPmtRvsl/TxInf/OrgnlTxRef/MndtRltdInf/DrctDbtMndt/AmdmntInfDtls/OrgnlDbtrAgtAcct/Id/Othr/SchmeNm,SchmeNm,AccountSchemeName1Choice,0,1
pacs.007.001.14,/Document/FIToFIPmtRvsl/TxInf/OrgnlTxRef/MndtRltdInf/DrctDbtMndt/AmdmntInfDtls/OrgnlDbtrAgtAcct/Id/Othr/SchmeNm/Cd,Cd,ExternalAccountIdentification1Code,1,1
pacs.007.001.14,/Document/FIToFIPmtRvsl/TxInf/OrgnlTxRef/MndtRltdInf/DrctDbtMndt/AmdmntInfDtls/OrgnlDbtrAgtAcct/Id/Othr/SchmeNm/Prtry,Prtry,Max35Text,1,1
pacs.007.001.14,/Document/FIToFIPmtRvsl/TxInf/OrgnlTxRef/MndtRltdInf/DrctDbtMndt/AmdmntInfDtls/OrgnlDbtrAgtAcct/Id/Othr/Issr,Issr,Max35Text,0,1
pacs.007.001.14,/Document/FIToFIPmtRvsl/TxInf/OrgnlTxRef/MndtRltdInf/DrctDbtMndt/AmdmntInfDtls/OrgnlDbtrAgtAcct/Tp,Tp,CashAccountType2Choice,0,1
pacs.007.001.14,/Document/FIToFIPmtRvsl/TxInf/OrgnlTxRef/MndtRltdInf/DrctDbtMndt/AmdmntInfDtls/OrgnlDbtrAgtAcct/Tp/Cd,Cd,ExternalCashAccountType1Code,1,1
pacs.007.001.14,/Document/FIToFIPmtRvsl/TxInf/OrgnlTxRef/MndtRltdInf/DrctDbtMndt/AmdmntInfDtls/OrgnlDbtrAgtAcct/Tp/Prtry,Prtry,Max35Text,1,1
pacs.007.001.14,/Document/FIToFIPmtRvsl/TxInf/OrgnlTxRef/MndtRltdInf/DrctDbtMndt/AmdmntInfDtls/OrgnlDbtrAgtAcct/Ccy,Ccy,ActiveOrHistoricCurrencyCode,0,1
pacs.007.001.14,/Document/FIToFIPmtRvsl/TxInf/OrgnlTxRef/MndtRltdInf/DrctDbtMndt/AmdmntInfDtls/OrgnlDbtrAgtAcct/Nm,Nm,Max70Text,0,1
pacs.007.001.14,/Document/FIToFIPmtRvsl/TxInf/OrgnlTxRef/MndtRltdInf/DrctDbtMndt/AmdmntInfDtls/OrgnlDbtrAgtAcct/Prxy,Prxy,ProxyAccountIdentification1,0,1
pacs.007.001.14,/Document/FIToFIPmtRvsl/TxInf/OrgnlTxRef/MndtRltdInf/DrctDbtMndt/AmdmntInfDtls/OrgnlDbtrAgtAcct/Prxy/Tp,Tp,ProxyAccountType1Choice,0,1
pacs.007.001.14,/Document/FIToFIPmtRvsl/TxInf/OrgnlTxRef/MndtRltdInf/DrctDbtMndt/AmdmntInfDtls/OrgnlDbtrAgtAcct/Prxy/Tp/Cd,Cd,ExternalProxyAccountType1Code,1,1
pacs.007.001.14,/Document/FIToFIPmtRvsl/TxInf/OrgnlTxRef/MndtRltdInf/DrctDbtMndt/AmdmntInfDtls/OrgnlDbtrAgtAcct/Prxy/Tp/Prtry,Prtry,Max35Text,1,1
pacs.007.001.14,/Document/FIToFIPmtRvsl/TxInf/OrgnlTxRef/MndtRltdInf/DrctDbtMndt/AmdmntInfDtls/OrgnlDbtrAgtAcct/Prxy/Id,Id,Max2048Text,1,1
pacs.007.001.14,/Document/FIToFIPmtRvsl/TxInf/OrgnlTxRef/MndtRltdInf/DrctDbtMndt/AmdmntInfDtls/OrgnlFnlColltnDt,OrgnlFnlColltnDt,ISODate,0,1
pacs.007.001.14,/Document/FIToFIPmtRvsl/TxInf/OrgnlTxRef/MndtRltdInf/DrctDbtMndt/AmdmntInfDtls/OrgnlFrqcy,OrgnlFrqcy,Frequency36Choice,0,1
pacs.007.001.14,/Document/FIToFIPmtRvsl/TxInf/OrgnlTxRef/MndtRltdInf/DrctDbtMndt/AmdmntInfDtls/OrgnlFrqcy/Tp,Tp,Frequency6Code,1,1
pacs.007.001.14,/Document/FIToFIPmtRvsl/TxInf/OrgnlTxRef/MndtRltdInf/DrctDbtMndt/AmdmntInfDtls/OrgnlFrqcy/Prd,Prd,FrequencyPeriod1,1,1
pacs.007.001.14,/Document/FIToFIPmtRvsl/TxInf/OrgnlTxRef/MndtRltdInf/DrctDbtMndt/AmdmntInfDtls/OrgnlFrqcy/Prd/Tp,Tp,Frequency6Code,1,1
pacs.007.001.14,/Document/FIToFIPmtRvsl/TxInf/OrgnlTxRef/MndtRltdInf/DrctDbtMndt/AmdmntInfDtls/OrgnlFrqcy/Prd/CntPerPrd,CntPerPrd,DecimalNumber,1,1
pacs.007.001.14,/Document/FIToFIPmtRvsl/TxInf/OrgnlTxRef/MndtRltdInf/DrctDbtMndt/AmdmntInfDtls/OrgnlFrqcy/PtInTm,PtInTm,FrequencyAndMoment1,1,1
pacs.007.001.14,/Document/FIToFIPmtRvsl/TxInf/OrgnlTxRef/MndtRltdInf/DrctDbtMndt/AmdmntInfDtls/OrgnlFrqcy/PtInTm/Tp,Tp,Frequency6Code,1,1
pacs.007.001.14,/Document/FIToFIPmtRvsl/TxInf/OrgnlTxRef/MndtRltdInf/DrctDbtMndt/AmdmntInfDtls/OrgnlFrqcy/PtInTm/PtInTm,PtInTm,Exact2NumericText,1,1
pacs.007.001.14,/Document/FIToFIPmtRvsl/TxInf/OrgnlTxRef/MndtRltdInf/DrctDbtMndt/AmdmntInfDtls/OrgnlRsn,OrgnlRsn,MandateSetupReason1Choice,0,1
pacs.007.001.14,/Document/FIToFIPmtRvsl/TxInf/OrgnlTxRef/MndtRltdInf/DrctDbtMndt/AmdmntInfDtls/OrgnlRsn/Cd,Cd,ExternalMandateSetupReason1Code,1,1
pacs.007.001.14,/Document/FIToFIPmtRvsl/TxInf/OrgnlTxRef/MndtRltdInf/DrctDbtMndt/AmdmntInfDtls/OrgnlRsn/Prtry,Prtry,Max70Text,1,1
pacs.007.001.14,/Document/FIToFIPmtRvsl/TxInf/OrgnlTxRef/MndtRltdInf/DrctDbtMndt/AmdmntInfDtls/OrgnlTrckgDays,OrgnlTrckgDays,Exact2NumericText,0,1
pacs.007.001.14,/Document/FIToFIPmtRvsl/TxInf/OrgnlTxRef/MndtRltdInf/DrctDbtMndt/ElctrncSgntr,ElctrncSgntr,Max1025Text,0,1
pacs.007.001.14,/Document/FIToFIPmtRvsl/TxInf/OrgnlTxRef/MndtRltdInf/DrctDbtMndt/FrstColltnDt,FrstColltnDt,ISODate,0,1
pacs.007.001.14,/Document/FIToFIPmtRvsl/TxInf/OrgnlTxRef/MndtRltdInf/DrctDbtMndt/FnlColltnDt,FnlColltnDt,ISODate,0,1
pacs.007.001.14,/Document/FIToFIPmtRvsl/TxInf/OrgnlTxRef/MndtRltdInf/DrctDbtMndt/Frqcy,Frqcy,Frequency36Choice,0,1
pacs.007.001.14,/Document/FIToFIPmtRvsl/TxInf/OrgnlTxRef/MndtRltdInf/DrctDbtMndt/Frqcy/Tp,Tp,Frequency6Code,1,1
pacs.007.001.14,/Document/FIToFIPmtRvsl/TxInf/OrgnlTxRef/MndtRltdInf/DrctDbtMndt/Frqcy/Prd,Prd,FrequencyPeriod1,1,1
pacs.007.001.14,/Document/FIToFIPmtRvsl/TxInf/OrgnlTxRef/MndtRltdInf/DrctDbtMndt/Frqcy/Prd/Tp,Tp,Frequency6Code,1,1
pacs.007.001.14,/Document/FIToFIPmtRvsl/TxInf/OrgnlTxRef/MndtRltdInf/DrctDbtMndt/Frqcy/Prd/CntPerPrd,CntPerPrd,DecimalNumber,1,1
pacs.007.001.14,/Document/FIToFIPmtRvsl/TxInf/OrgnlTxRef/MndtRltdInf/DrctDbtMndt/Frqcy/PtInTm,PtInTm,FrequencyAndMoment1,1,1
pacs.007.001.14,/Document/FIToFIPmtRvsl/TxInf/OrgnlTxRef/MndtRltdInf/DrctDbtMndt/Frqcy/PtInTm/Tp,Tp,Frequency6Code,1,1
pacs.007.001.14,/Document/FIToFIPmtRvsl/TxInf/OrgnlTxRef/MndtRltdInf/DrctDbtMndt/Frqcy/PtInTm/PtInTm,PtInTm,Exact2NumericText,1,1
pacs.007.001.14,/Document/FIToFIPmtRvsl/TxInf/OrgnlTxRef/MndtRltdInf/DrctDbtMndt/Rsn,Rsn,MandateSetupReason1Choice,0,1
pacs.007.001.14,/Document/FIToFIPmtRvsl/TxInf/OrgnlTxRef/MndtRltdInf/DrctDbtMndt/Rsn/Cd,Cd,ExternalMandateSetupReason1Code,1,1
pacs.007.001.14,/Document/FIToFIPmtRvsl/TxInf/OrgnlTxRef/MndtRltdInf/DrctDbtMndt/Rsn/Prtry,Prtry,Max70Text,1,1
pacs.007.001.14,/Document/FIToFIPmtRvsl/TxInf/OrgnlTxRef/MndtRltdInf/DrctDbtMndt/TrckgDays,TrckgDays,Exact2NumericText,0,1
pacs.007.001.14,/Document/FIToFIPmtRvsl/TxInf/OrgnlTxRef/MndtRltdInf/CdtTrfMndt,CdtTrfMndt,CreditTransferMandateData1,1,1
pacs.007.001.14,/Document/FIToFIPmtRvsl/TxInf/OrgnlTxRef/MndtRltdInf/CdtTrfMndt/MndtId,MndtId,Max35Text,0,1
pacs.007.001.14,/Document/FIToFIPmtRvsl/TxInf/OrgnlTxRef/MndtRltdInf/CdtTrfMndt/Tp,Tp,MandateTypeInformation2,0,1
pacs.007.001.14,/Document/FIToFIPmtRvsl/TxInf/OrgnlTxRef/MndtRltdInf/CdtTrfMndt/Tp/SvcLvl,SvcLvl,ServiceLevel8Choice,0,1
pacs.007.001.14,/Document/FIToFIPmtRvsl/TxInf/OrgnlTxRef/MndtRltdInf/CdtTrfMndt/Tp/SvcLvl/Cd,Cd,ExternalServiceLevel1Code,1,1
pacs.007.001.14,/Document/FIToFIPmtRvsl/TxInf/OrgnlTxRef/MndtRltdInf/CdtTrfMndt/Tp/SvcLvl/Prtry,Prtry,Max35Text,1,1
pacs.007.001.14,/Document/FIToFIPmtRvsl/TxInf/OrgnlTxRef/MndtRltdInf/CdtTrfMndt/Tp/LclInstrm,LclInstrm,LocalInstrument2Choice,0,1
pacs.007.001.14,/Document/FIToFIPmtRvsl/TxInf/OrgnlTxRef/MndtRltdInf/CdtTrfMndt/Tp/LclInstrm/Cd,Cd,ExternalLocalInstrument1Code,1,1
pacs.007.001.14,/Document/FIToFIPmtRvsl/TxInf/OrgnlTxRef/MndtRltdInf/CdtTrfMndt/Tp/LclInstrm/Prtry,Prtry,Max35Text,1,1
pacs.007.001.14,/Document/FIToFIPmtRvsl/TxInf/OrgnlTxRef/MndtRltdInf/CdtTrfMndt/Tp/CtgyPurp,CtgyPurp,CategoryPurpose1Choice,0,1
pacs.007.001.14,/Document/FIToFIPmtRvsl/TxInf/OrgnlTxRef/MndtRltdInf/CdtTrfMndt/Tp/CtgyPurp/Cd,Cd,ExternalCategoryPurpose1Code,1,1
pacs.007.001.14,/Document/FIToFIPmtRvsl/TxInf/OrgnlTxRef/MndtRltdInf/CdtTrfMndt/Tp/CtgyPurp/Prtry,Prtry,Max35Text,1,1
pacs.007.001.14,/Document/FIToFIPmtRvsl/TxInf/OrgnlTxRef/MndtRltdInf/CdtTrfMndt/Tp/Clssfctn,Clssfctn,MandateClassification1Choice,0,1
pacs.007.001.14,/Document/FIToFIPmtRvsl/TxInf/OrgnlTxRef/MndtRltdInf/CdtTrfMndt/Tp/Clssfctn/Cd,Cd,MandateClassification1Code,1,1
pacs.007.001.14,/Document/FIToFIPmtRvsl/TxInf/OrgnlTxRef/MndtRltdInf/CdtTrfMndt/Tp/Clssfctn/Prtry,Prtry,Max35Text,1,1
pacs.007.001.14,/Document/FIToFIPmtRvsl/TxInf/OrgnlTxRef/MndtRltdInf/CdtTrfMndt/DtOfSgntr,DtOfSgntr,ISODate,0,1
pacs.007.001.14,/Document/FIToFIPmtRvsl/TxInf/OrgnlTxRef/MndtRltdInf/CdtTrfMndt/DtOfVrfctn,DtOfVrfctn,ISODateTime,0,1
pacs.007.001.14,/Document/FIToFIPmtRvsl/TxInf/OrgnlTxRef/MndtRltdInf/CdtTrfMndt/ElctrncSgntr,ElctrncSgntr,Max10KBinary,0,1
pacs.007.001.14,/Document/FIToFIPmtRvsl/TxInf/OrgnlTxRef/MndtRltdInf/CdtTrfMndt/FrstPmtDt,FrstPmtDt,ISODate,0,1
pacs.007.001.14,/Document/FIToFIPmtRvsl/TxInf/OrgnlTxRef/MndtRltdInf/CdtTrfMndt/FnlPmtDt,FnlPmtDt,ISODate,0,1
pacs.007.001.14,/Document/FIToFIPmtRvsl/TxInf/OrgnlTxRef/MndtRltdInf/CdtTrfMndt/Frqcy,Frqcy,Frequency36Choice,0,1
pacs.007.001.14,/Document/FIToFIPmtRvsl/TxInf/OrgnlTxRef/MndtRltdInf/CdtTrfMndt/Frqcy/Tp,Tp,Frequency6Code,1,1
pacs.007.001.14,/Document/FIToFIPmtRvsl/TxInf/OrgnlTxRef/MndtRltdInf/CdtTrfMndt/Frqcy/Prd,Prd,FrequencyPeriod1,1,1
pacs.007.001.14,/Document/FIToFIPmtRvsl/TxInf/OrgnlTxRef/MndtRltdInf/CdtTrfMndt/Frqcy/Prd/Tp,Tp,Frequency6Code,1,1
pacs.007.001.14,/Document/FIToFIPmtRvsl/TxInf/OrgnlTxRef/MndtRltdInf/CdtTrfMndt/Frqcy/Prd/CntPerPrd,CntPerPrd,DecimalNumber,1,1
pacs.007.001.14,/Document/FIToFIPmtRvsl/TxInf/OrgnlTxRef/MndtRltdInf/CdtTrfMndt/Frqcy/PtInTm,PtInTm,FrequencyAndMoment1,1,1
pacs.007.001.14,/Document/FIToFIPmtRvsl/TxInf/OrgnlTxRef/MndtRltdInf/CdtTrfMndt/Frqcy/PtInTm/Tp,Tp,Frequency6Code,1,1
pacs.007.001.14,/Document/FIToFIPmtRvsl/TxInf/OrgnlTxRef/MndtRltdInf/CdtTrfMndt/Frqcy/PtInTm/PtInTm,PtInTm,Exact2NumericText,1,1
pacs.007.001.14,/Document/FIToFIPmtRvsl/TxInf/OrgnlTxRef/MndtRltdInf/CdtTrfMndt/Rsn,Rsn,MandateSetupReason1Choice,0,1
pacs.007.001.14,/Document/FIToFIPmtRvsl/TxInf/OrgnlTxRef/MndtRltdInf/CdtTrfMndt/Rsn/Cd,Cd,ExternalMandateSetupReason1Code,1,1
pacs.007.001.14,/Document/FIToFIPmtRvsl/TxInf/OrgnlTxRef/MndtRltdInf/CdtTrfMndt/Rsn/Prtry,Prtry,Max70Text,1,1
pacs.007.001.14,/Document/FIToFIPmtRvsl/TxInf/OrgnlTxRef/RmtInf,RmtInf,RemittanceInformation26,0,1
pacs.007.001.14,/Document/FIToFIPmtRvsl/TxInf/OrgnlTxRef/RmtInf/Ustrd,Ustrd,Max140Text,0,
pacs.007.001.14,/Document/FIToFIPmtRvsl/TxInf/OrgnlTxRef/RmtInf/Strd,Strd,StructuredRemittanceInformation22,0,
pacs.007.001.14,/Document/FIToFIPmtRvsl/TxInf/OrgnlTxRef/RmtInf/Strd/RfrdDocInf,RfrdDocInf,ReferredDocumentInformation8,0,
pacs.007.001.14,/Document/FIToFIPmtRvsl/TxInf/OrgnlTxRef/RmtInf/Strd/RfrdDocInf/Tp,Tp,DocumentType1,0,1
pacs.007.001.14,/Document/FIToFIPmtRvsl/TxInf/OrgnlTxRef/RmtInf/Strd/RfrdDocInf/Tp/CdOrPrtry,CdOrPrtry,DocumentType2Choice,1,1
pacs.007.001.14,/Document/FIToFIPmtRvsl/TxInf/OrgnlTxRef/RmtInf/Strd/RfrdDocInf/Tp/CdOrPrtry/Cd,Cd,ExternalDocumentType1Code,1,1
pacs.007.001.14,/Document/FIToFIPmtRvsl/TxInf/OrgnlTxRef/RmtInf/Strd/RfrdDocInf/Tp/CdOrPrtry/Prtry,Prtry,Max35Text,1,1
pacs.007.001.14,/Document/FIToFIPmtRvsl/TxInf/OrgnlTxRef/RmtInf/Strd/RfrdDocInf/Tp/Issr,Issr,Max35Text,0,1
pacs.007.001.14,/Document/FIToFIPmtRvsl/TxInf/OrgnlTxRef/RmtInf/Strd/RfrdDocInf/Nb,Nb,Max35Text,0,1
pacs.007.001.14,/Document/FIToFIPmtRvsl/TxInf/OrgnlTxRef/RmtInf/Strd/RfrdDocInf/RltdDt,RltdDt,DateAndType1,0,1
pacs.007.001.14,/Document/FIToFIPmtRvsl/TxInf/OrgnlTxRef/RmtInf/Strd/RfrdDocInf/RltdDt/Tp,Tp,DateType2Choice,1,1
pacs.007.001.14,/Document/FIToFIPmtRvsl/TxInf/OrgnlTxRef/RmtInf/Strd/RfrdDocInf/RltdDt/Tp/Cd,Cd,ExternalDateType1Code,1,1
pacs.007.001.14,/Document/FIToFIPmtRvsl/TxInf/OrgnlTxRef/RmtInf/Strd/RfrdDocInf/RltdDt/Tp/Prtry,Prtry,Max35Text,1,1
pacs.007.001.14,/Document/FIToFIPmtRvsl/TxInf/OrgnlTxRef/RmtInf/Strd/RfrdDocInf/RltdDt/Dt,Dt,ISODate,1,1
pacs.007.001.14,/Document/FIToFIPmtRvsl/TxInf/OrgnlTxRef/RmtInf/Strd/RfrdDocInf/LineDtls,LineDtls,DocumentLineInformation2,0,
pacs.007.001.14,/Document/FIToFIPmtRvsl/TxInf/OrgnlTxRef/RmtInf/Strd/RfrdDocInf/LineDtls/Id,Id,DocumentLineIdentification1,1,
pacs.007.001.14,/Document/FIToFIPmtRvsl/TxInf/OrgnlTxRef/RmtInf/Strd/RfrdDocInf/LineDtls/Id/Tp,Tp,DocumentLineType1,0,1
pacs.007.001.14,/Document/FIToFIPmtRvsl/TxInf/OrgnlTxRef/RmtInf/Strd/RfrdDocInf/LineDtls/Id/Tp/CdOrPrtry,CdOrPrtry,DocumentLineType1Choice,1,1
pacs.007.001.14,/Document/FIToFIPmtRvsl/TxInf/OrgnlTxRef/RmtInf/Strd/RfrdDocInf/LineDtls/Id/Tp/CdOrPrtry/Cd,Cd,ExternalDocumentLineType1Code,1,1
pacs.007.001.14,/Document/FIToFIPmtRvsl/TxInf/OrgnlTxRef/RmtInf/Strd/RfrdDocInf/LineDtls/Id/Tp/CdOrPrtry/Prtry,Prtry,Max35Text,1,1
pacs.007.001.14,/Document/FIToFIPmtRvsl/TxInf/OrgnlTxRef/RmtInf/Strd/RfrdDocInf/LineDtls/Id/Tp/Issr,Issr,Max35Text,0,1
pacs.007.001.14,/Document/FIToFIPmtRvsl/TxInf/OrgnlTxRef/RmtInf/Strd/RfrdDocInf/LineDtls/Id/Nb,Nb,Max35Text,0,1
pacs.007.001.14,/Document/FIToFIPmtRvsl/TxInf/OrgnlTxRef/RmtInf/Strd/RfrdDocInf/LineDtls/Id/RltdDt,RltdDt,ISODate,0,1
pacs.007.001.14,/Document/FIToFIPmtRvsl/TxInf/OrgnlTxRef/RmtInf/Strd/RfrdDocInf/LineDtls/Desc,Desc,Max2048Text,0,1
pacs.007.001.14,/Document/FIToFIPmtRvsl/TxInf/OrgnlTxRef/RmtInf/Strd/RfrdDocInf/LineDtls/Amt,Amt,RemittanceAmount4,0,1
pacs.007.001.14,/Document/FIToFIPmtRvsl/TxInf/OrgnlTxRef/RmtInf/Strd/RfrdDocInf/LineDtls/Amt/RmtAmtAndTp,RmtAmtAndTp,DocumentAmount1,0,
pacs.007.001.14,/Document/FIToFIPmtRvsl/TxInf/OrgnlTxRef/RmtInf/Strd/RfrdDocInf/LineDtls/Amt/RmtAmtAndTp/Tp,Tp,DocumentAmountType1Choice,1,1
pacs.007.001.14,/Document/FIToFIPmtRvsl/TxInf/OrgnlTxRef/RmtInf/Strd/RfrdDocInf/LineDtls/Amt/RmtAmtAndTp/Tp/Cd,Cd,ExternalDocumentAmountType1Code,1,1
pacs.007.001.14,/Document/FIToFIPmtRvsl/TxInf/OrgnlTxRef/RmtInf/Strd/RfrdDocInf/LineDtls/Amt/RmtAmtAndTp/Tp/Prtry,Prtry,Max35Text,1,1
pacs.007.001.14,/Document/FIToFIPmtRvsl/TxInf/OrgnlTxRef/RmtInf/Strd/RfrdDocInf/LineDtls/Amt/RmtAmtAndTp/Amt,Amt,ActiveOrHistoricCurrencyAndAmount,1,1
pacs.007.001.14,/Document/FIToFIPmtRvsl/TxInf/OrgnlTxRef/RmtInf/Strd/RfrdDocInf/LineDtls/Amt/AdjstmntAmtAndRsn,AdjstmntAmtAndRsn,DocumentAdjustment1,0,
pacs.007.001.14,/Document/FIToFIPmtRvsl/TxInf/OrgnlTxRef/RmtInf/Strd/RfrdDocInf/LineDtls/Amt/AdjstmntAmtAndRsn/Amt,Amt,ActiveOrHistoricCurrencyAndAmount,1,1
pacs.007.001.14,/Document/FIToFIPmtRvsl/TxInf/OrgnlTxRef/RmtInf/Strd/RfrdDocInf/LineDtls/Amt/AdjstmntAmtAndRsn/CdtDbtInd,CdtDbtInd,CreditDebitCode,0,1
pacs.007.001.14,/Document/FIToFIPmtRvsl/TxInf/OrgnlTxRef/RmtInf/Strd/RfrdDocInf/LineDtls/Amt/AdjstmntAmtAndRsn/Rsn,Rsn,Max4Text,0,1
pacs.007.001.14,/Document/FIToFIPmtRvsl/TxInf/OrgnlTxRef/RmtInf/Strd/RfrdDocInf/LineDtls/Amt/AdjstmntAmtAndRsn/AddtlInf,AddtlInf,Max140Text,0,1
pacs.007.001.14,/Document/FIToFIPmtRvsl/TxInf/OrgnlTxRef/RmtInf/Strd/RfrdDocAmt,RfrdDocAmt,RemittanceAmount4,0,1
pacs.007.001.14,/Document/FIToFIPmtRvsl/TxInf/OrgnlTxRef/RmtInf/Strd/RfrdDocAmt/RmtAmtAndTp,RmtAmtAndTp,DocumentAmount1,0,
pacs.007.001.14,/Document/FIToFIPmtRvsl/TxInf/OrgnlTxRef/RmtInf/Strd/RfrdDocAmt/RmtAmtAndTp/Tp,Tp,DocumentAmountType1Choice,1,1
pacs.007.001.14,/Document/FIToFIPmtRvsl/TxInf/OrgnlTxRef/RmtInf/Strd/RfrdDocAmt/RmtAmtAndTp/Tp/Cd,Cd,ExternalDocumentAmountType1Code,1,1
pacs.007.001.14,/Document/FIToFIPmtRvsl/TxInf/OrgnlTxRef/RmtInf/Strd/RfrdDocAmt/RmtAmtAndTp/Tp/Prtry,Prtry,Max35Text,1,1
pacs.007.001.14,/Document/FIToFIPmtRvsl/TxInf/OrgnlTxRef/RmtInf/Strd/RfrdDocAmt/RmtAmtAndTp/Amt,Amt,ActiveOrHistoricCurrencyAndAmount,1,1
pacs.007.001.14,/Document/FIToFIPmtRvsl/TxInf/OrgnlTxRef/RmtInf/Strd/RfrdDocAmt/AdjstmntAmtAndRsn,AdjstmntAmtAndRsn,DocumentAdjustment1,0,
pacs.007.001.14,/Document/FIToFIPmtRvsl/TxInf/OrgnlTxRef/RmtInf/Strd/RfrdDocAmt/AdjstmntAmtAndRsn/Amt,Amt,ActiveOrHistoricCurrencyAndAmount,1,1
pacs.007.001.14,/Document/FIToFIPmtRvsl/TxInf/OrgnlTxRef/RmtInf/Strd/RfrdDocAmt/AdjstmntAmtAndRsn/CdtDbtInd,CdtDbtInd,CreditDebitCode,0,1
pacs.007.001.14,/Document/FIToFIPmtRvsl/TxInf/OrgnlTxRef/RmtInf/Strd/RfrdDocAmt/AdjstmntAmtAndRsn/Rsn,Rsn,Max4Text,0,1
pacs.007.001.14,/Document/FIToFIPmtRvsl/TxInf/OrgnlTxRef/RmtInf/Strd/RfrdDocAmt/AdjstmntAmtAndRsn/AddtlInf,AddtlInf,Max140Text,0,1
pacs.007.001.14,/Document/FIToFIPmtRvsl/TxInf/OrgnlTxRef/RmtInf/Strd/CdtrRefInf,CdtrRefInf,CreditorReferenceInformation3,0,1
pacs.007.001.14,/Document/FIToFIPmtRvsl/TxInf/OrgnlTxRef/RmtInf/Strd/CdtrRefInf/Tp,Tp,CreditorReferenceType3,0,1
pacs.007.001.14,/Document/FIToFIPmtRvsl/TxInf/OrgnlTxRef/RmtInf/Strd/CdtrRefInf/Tp/CdOrPrtry,CdOrPrtry,CreditorReferenceType2Choice,1,1
pacs.007.001.14,/Document/FIToFIPmtRvsl/TxInf/OrgnlTxRef/RmtInf/Strd/CdtrRefInf/Tp/CdOrPrtry/Cd,Cd,ExternalCreditorReferenceType1Code,1,1
pacs.007.001.14,/Document/FIToFIPmtRvsl/TxInf/OrgnlTxRef/RmtInf/Strd/CdtrRefInf/Tp/CdOrPrtry/Prtry,Prtry,Max35Text,1,1
pacs.007.001.14,/Document/FIToFIPmtRvsl/TxInf/OrgnlTxRef/RmtInf/Strd/CdtrRefInf/Tp/Issr,Issr,Max35Text,0,1
pacs.007.001.14,/Document/FIToFIPmtRvsl/TxInf/OrgnlTxRef/RmtInf/Strd/CdtrRefInf/Ref,Ref,Max35Text,0,1
pacs.007.001.14,/Document/FIToFIPmtRvsl/TxInf/OrgnlTxRef/RmtInf/Strd/Invcr,Invcr,PartyIdentification272,0,1
pacs.007.001.14,/Document/FIToFIPmtRvsl/TxInf/OrgnlTxRef/RmtInf/Strd/Invcr/Nm,Nm,Max140Text,0,1
pacs.007.001.14,/Document/FIToFIPmtRvsl/TxInf/OrgnlTxRef/RmtInf/Strd/Invcr/PstlAdr,PstlAdr,PostalAddress27,0,1
pacs.007.001.14,/Document/FIToFIPmtRvsl/TxInf/OrgnlTxRef/RmtInf/Strd/Invcr/PstlAdr/AdrTp,AdrTp,AddressType3Choice,0,1
pacs.007.001.14,/Document/FIToFIPmtRvsl/TxInf/OrgnlTxRef/RmtInf/Strd/Invcr/PstlAdr/AdrTp/Cd,Cd,AddressType2Code,1,1
pacs.007.001.14,/Document/FIToFIPmtRvsl/TxInf/OrgnlTxRef/RmtInf/Strd/Invcr/PstlAdr/AdrTp/Prtry,Prtry,GenericIdentification30,1,1
pacs.007.001.14,/Document/FIToFIPmtRvsl/TxInf/OrgnlTxRef/RmtInf/Strd/Invcr/PstlAdr/AdrTp/Prtry/Id,Id,Exact4AlphaNumericText,1,1
pacs.007.001.14,/Document/FIToFIPmtRvsl/TxInf/OrgnlTxRef/RmtInf/Strd/Invcr/PstlAdr/AdrTp/Prtry/Issr,Issr,Max35Text,1,1
pacs.007.001.14,/Document/FIToFIPmtRvsl/TxInf/OrgnlTxRef/RmtInf/Strd/Invcr/PstlAdr/AdrTp/Prtry/SchmeNm,SchmeNm,Max35Text,0,1
pacs.007.001.14,/Document/FIToFIPmtRvsl/TxInf/OrgnlTxRef/RmtInf/Strd/Invcr/PstlAdr/CareOf,CareOf,Max140Text,0,1
pacs.007.001.14,/Document/FIToFIPmtRvsl/TxInf/OrgnlTxRef/RmtInf/Strd/Invcr/PstlAdr/Dept,Dept,Max70Text,0,1
pacs.007.001.14,/Document/FIToFIPmtRvsl/TxInf/OrgnlTxRef/RmtInf/Strd/Invcr/PstlAdr/SubDept,SubDept,Max70Text,0,1
pacs.007.001.14,/Document/FIToFIPmtRvsl/TxInf/OrgnlTxRef/RmtInf/Strd/Invcr/PstlAdr/StrtNm,StrtNm,Max140Text,0,1
pacs.007.001.14,/Document/FIToFIPmtRvsl/TxInf/OrgnlTxRef/RmtInf/Strd/Invcr/PstlAdr/BldgNb,BldgNb,Max16Text,0,1
pacs.007.001.14,/Document/FIToFIPmtRvsl/TxInf/OrgnlTxRef/RmtInf/Strd/Invcr/PstlAdr/BldgNm,BldgNm,Max140Text,0,1
pacs.007.001.14,/Document/FIToFIPmtRvsl/TxInf/OrgnlTxRef/RmtInf/Strd/Invcr/PstlAdr/Flr,Flr,Max70Text,0,1
pacs.007.001.14,/Document/FIToFIPmtRvsl/TxInf/OrgnlTxRef/RmtInf/Strd/Invcr/PstlAdr/UnitNb,UnitNb,Max16Text,0,1
pacs.007.001.14,/Document/FIToFIPmtRvsl/TxInf/OrgnlTxRef/RmtInf/Strd/Invcr/PstlAdr/PstBx,PstBx,Max16Text,0,1
pacs.007.001.14,/Document/FIToFIPmtRvsl/TxInf/OrgnlTxRef/RmtInf/Strd/Invcr/PstlAdr/Room,Room,Max70Text,0,1
pacs.007.001.14,/Document/FIToFIPmtRvsl/TxInf/OrgnlTxRef/RmtInf/Strd/Invcr/PstlAdr/PstCd,PstCd,Max16Text,0,1
pacs.007.001.14,/Document/FIToFIPmtRvsl/TxInf/OrgnlTxRef/RmtInf/Strd/Invcr/PstlAdr/TwnNm,TwnNm,Max140Text,0,1
pacs.007.001.14,/Document/FIToFIPmtRvsl/TxInf/OrgnlTxRef/RmtInf/Strd/Invcr/PstlAdr/TwnLctnNm,TwnLctnNm,Max140Text,0,1
pacs.007.001.14,/Document/FIToFIPmtRvsl/TxInf/OrgnlTxRef/RmtInf/Strd/Invcr/PstlAdr/DstrctNm,DstrctNm,Max140Text,0,1
pacs.007.001.14,/Document/FIToFIPmtRvsl/TxInf/OrgnlTxRef/RmtInf/Strd/Invcr/PstlAdr/CtrySubDvsn,CtrySubDvsn,Max35Text,0,1
pacs.007.001.14,/Document/FIToFIPmtRvsl/TxInf/OrgnlTxRef/RmtInf/Strd/Invcr/PstlAdr/Ctry,Ctry,CountryCode,0,1
pacs.007.001.14,/Document/FIToFIPmtRvsl/TxInf/OrgnlTxRef/RmtInf/Strd/Invcr/PstlAdr/AdrLine,AdrLine,Max70Text,0,7
pacs.007.001.14,/Document/FIToFIPmtRvsl/TxInf/OrgnlTxRef/RmtInf/Strd/Invcr/Id,Id,Party52Choice,0,1
pacs.007.001.14,/Document/FIToFIPmtRvsl/TxInf/OrgnlTxRef/RmtInf/Strd/Invcr/Id/OrgId,OrgId,OrganisationIdentification39,1,1
pacs.007.001.14,/Document/FIToFIPmtRvsl/TxInf/OrgnlTxRef/RmtInf/Strd/Invcr/Id/OrgId/AnyBIC,AnyBIC,AnyBICDec2014Identifier,0,1
pacs.007.001.14,/Document/FIToFIPmtRvsl/TxInf/OrgnlTxRef/RmtInf/Strd/Invcr/Id/OrgId/LEI,LEI,LEIIdentifier,0,1
pacs.007.001.14,/Document/FIToFIPmtRvsl/TxInf/OrgnlTxRef/RmtInf/Strd/Invcr/Id/OrgId/Othr,Othr,GenericOrganisationIdentification3,0,
pacs.007.001.14,/Document/FIToFIPmtRvsl/TxInf/OrgnlTxRef/RmtInf/Strd/Invcr/Id/OrgId/Othr/Id,Id,Max256Text,1,1
pacs.007.001.14,/Document/FIToFIPmtRvsl/TxInf/OrgnlTxRef/RmtInf/Strd/Invcr/Id/OrgId/Othr/SchmeNm,SchmeNm,OrganisationIdentificationSchemeName1Choice,0,1
pacs.007.001.14,/Document/FIToFIPmtRvsl/TxInf/OrgnlTxRef/RmtInf/Strd/Invcr/Id/OrgId/Othr/SchmeNm/Cd,Cd,ExternalOrganisationIdentification1Code,1,1
pacs.007.001.14,/Document/FIToFIPmtRvsl/TxInf/OrgnlTxRef/RmtInf/Strd/Invcr/Id/OrgId/Othr/SchmeNm/Prtry,Prtry,Max35Text,1,1
pacs.007.001.14,/Document/FIToFIPmtRvsl/TxInf/OrgnlTxRef/RmtInf/Strd/Invcr/Id/OrgId/Othr/Issr,Issr,Max35Text,0,1
pacs.007.001.14,/Document/FIToFIPmtRvsl/TxInf/OrgnlTxRef/RmtInf/Strd/Invcr/Id/PrvtId,PrvtId,PersonIdentification18,1,1
pacs.007.001.14,/Document/FIToFIPmtRvsl/TxInf/OrgnlTxRef/RmtInf/Strd/Invcr/Id/PrvtId/DtAndPlcOfBirth,DtAndPlcOfBirth,DateAndPlaceOfBirth1,0,1
pacs.007.001.14,/Document/FIToFIPmtRvsl/TxInf/OrgnlTxRef/RmtInf/Strd/Invcr/Id/PrvtId/DtAndPlcOfBirth/BirthDt,BirthDt,ISODate,1,1
pacs.007.001.14,/Document/FIToFIPmtRvsl/TxInf/OrgnlTxRef/RmtInf/Strd/Invcr/Id/PrvtId/DtAndPlcOfBirth/PrvcOfBirth,PrvcOfBirth,Max35Text,0,1
pacs.007.001.14,/Document/FIToFIPmtRvsl/TxInf/OrgnlTxRef/RmtInf/Strd/Invcr/Id/PrvtId/DtAndPlcOfBirth/CityOfBirth,CityOfBirth,Max35Text,1,1
pacs.007.001.14,/Document/FIToFIPmtRvsl/TxInf/OrgnlTxRef/RmtInf/Strd/Invcr/Id/PrvtId/DtAndPlcOfBirth/CtryOfBirth,CtryOfBirth,CountryCode,1,1
pacs.007.001.14,/Document/FIToFIPmtRvsl/TxInf/OrgnlTxRef/RmtInf/Strd/Invcr/Id/PrvtId/Othr,Othr,GenericPersonIdentification2,0,
pacs.007.001.14,/Document/FIToFIPmtRvsl/TxInf/OrgnlTxRef/RmtInf/Strd/Invcr/Id/PrvtId/Othr/Id,Id,Max256Text,1,1
pacs.007.001.14,/Document/FIToFIPmtRvsl/TxInf/OrgnlTxRef/RmtInf/Strd/Invcr/Id/PrvtId/Othr/SchmeNm,SchmeNm,PersonIdentificationSchemeName1Choice,0,1
pacs.007.001.14,/Document/FIToFIPmtRvsl/TxInf/OrgnlTxRef/RmtInf/Strd/Invcr/Id/PrvtId/Othr/SchmeNm/Cd,Cd,ExternalPersonIdentification1Code,1,1
pacs.007.001.14,/Document/FIToFIPmtRvsl/TxInf/OrgnlTxRef/RmtInf/Strd/Invcr/Id/PrvtId/Othr/SchmeNm/Prtry,Prtry,Max35Text,1,1
pacs.007.001.14,/Document/FIToFIPmtRvsl/TxInf/OrgnlTxRef/RmtInf/Strd/Invcr/Id/PrvtId/Othr/Issr,Issr,Max35Text,0,1
pacs.007.001.14,/Document/FIToFIPmtRvsl/TxInf/OrgnlTxRef/RmtInf/Strd/Invcr/CtryOfRes,CtryOfRes,CountryCode,0,1
pacs.007.001.14,/Document/FIToFIPmtRvsl/TxInf/OrgnlTxRef/RmtInf/Strd/Invcr/CtctDtls,CtctDtls,Contact13,0,1
pacs.007.001.14,/Document/FIToFIPmtRvsl/TxInf/OrgnlTxRef/RmtInf/Strd/Invcr/CtctDtls/NmPrfx,NmPrfx,NamePrefix2Code,0,1
pacs.007.001.14,/Document/FIToFIPmtRvsl/TxInf/OrgnlTxRef/RmtInf/Strd/Invcr/CtctDtls/Nm,Nm,Max140Text,0,1
pacs.007.001.14,/Document/FIToFIPmtRvsl/TxInf/OrgnlTxRef/RmtInf/Strd/Invcr/CtctDtls/PhneNb,PhneNb,PhoneNumber,0,1
pacs.007.001.14,/Document/FIToFIPmtRvsl/TxInf/OrgnlTxRef/RmtInf/Strd/Invcr/CtctDtls/MobNb,MobNb,PhoneNumber,0,1
pacs.007.001.14,/Document/FIToFIPmtRvsl/TxInf/OrgnlTxRef/RmtInf/Strd/Invcr/CtctDtls/FaxNb,FaxNb,PhoneNumber,0,1
pacs.007.001.14,/Document/FIToFIPmtRvsl/TxInf/OrgnlTxRef/RmtInf/Strd/Invcr/CtctDtls/URLAdr,URLAdr,Max2048Text,0,1
pacs.007.001.14,/Document/FIToFIPmtRvsl/TxInf/OrgnlTxRef/RmtInf/Strd/Invcr/CtctDtls/EmailAdr,EmailAdr,Max256Text,0,1
pacs.007.001.14,/Document/FIToFIPmtRvsl/TxInf/OrgnlTxRef/RmtInf/Strd/Invcr/CtctDtls/EmailPurp,EmailPurp,Max35Text,0,1
pacs.007.001.14,/Document/FIToFIPmtRvsl/TxInf/OrgnlTxRef/RmtInf/Strd/Invcr/CtctDtls/JobTitl,JobTitl,Max35Text,0,1
pacs.007.001.14,/Document/FIToFIPmtRvsl/TxInf/OrgnlTxRef/RmtInf/Strd/Invcr/CtctDtls/Rspnsblty,Rspnsblty,Max35Text,0,1
pacs.007.001.14,/Document/FIToFIPmtRvsl/TxInf/OrgnlTxRef/RmtInf/Strd/Invcr/CtctDtls/Dept,Dept,Max70Text,0,1
pacs.007.001.14,/Document/FIToFIPmtRvsl/TxInf/OrgnlTxRef/RmtInf/Strd/Invcr/CtctDtls/Othr,Othr,OtherContact1,0,
pacs.007.001.14,/Document/FIToFIPmtRvsl/TxInf/OrgnlTxRef/RmtInf/Strd/Invcr/CtctDtls/Othr/ChanlTp,ChanlTp,Max4Text,1,1
pacs.007.001.14,/Document/FIToFIPmtRvsl/TxInf/OrgnlTxRef/RmtInf/Strd/Invcr/CtctDtls/Othr/Id,Id,Max128Text,0,1
pacs.007.001.14,/Document/FIToFIPmtRvsl/TxInf/OrgnlTxRef/RmtInf/Strd/Invcr/CtctDtls/PrefrdMtd,PrefrdMtd,PreferredContactMethod2Code,0,1
pacs.007.001.14,/Document/FIToFIPmtRvsl/TxInf/OrgnlTxRef/RmtInf/Strd/Invcee,Invcee,PartyIdentification272,0,1
pacs.007.001.14,/Document/FIToFIPmtRvsl/TxInf/OrgnlTxRef/RmtInf/Strd/Invcee/Nm,Nm,Max140Text,0,1
pacs.007.001.14,/Document/FIToFIPmtRvsl/TxInf/OrgnlTxRef/RmtInf/Strd/Invcee/PstlAdr,PstlAdr,PostalAddress27,0,1
pacs.007.001.14,/Document/FIToFIPmtRvsl/TxInf/OrgnlTxRef/RmtInf/Strd/Invcee/PstlAdr/AdrTp,AdrTp,AddressType3Choice,0,1
pacs.007.001.14,/Document/FIToFIPmtRvsl/TxInf/OrgnlTxRef/RmtInf/Strd/Invcee/PstlAdr/AdrTp/Cd,Cd,AddressType2Code,1,1
pacs.007.001.14,/Document/FIToFIPmtRvsl/TxInf/OrgnlTxRef/RmtInf/Strd/Invcee/PstlAdr/AdrTp/Prtry,Prtry,GenericIdentification30,1,1
pacs.007.001.14,/Document/FIToFIPmtRvsl/TxInf/OrgnlTxRef/RmtInf/Strd/Invcee/PstlAdr/AdrTp/Prtry/Id,Id,Exact4AlphaNumericText,1,1
pacs.007.001.14,/Document/FIToFIPmtRvsl/TxInf/OrgnlTxRef/RmtInf/Strd/Invcee/PstlAdr/AdrTp/Prtry/Issr,Issr,Max35Text,1,1
pacs.007.001.14,/Document/FIToFIPmtRvsl/TxInf/OrgnlTxRef/RmtInf/Strd/Invcee/PstlAdr/AdrTp/Prtry/SchmeNm,SchmeNm,Max35Text,0,1
pacs.007.001.14,/Document/FIToFIPmtRvsl/TxInf/OrgnlTxRef/RmtInf/Strd/Invcee/PstlAdr/CareOf,CareOf,Max140Text,0,1
pacs.007.001.14,/Document/FIToFIPmtRvsl/TxInf/OrgnlTxRef/RmtInf/Strd/Invcee/PstlAdr/Dept,Dept,Max70Text,0,1
pacs.007.001.14,/Document/FIToFIPmtRvsl/TxInf/OrgnlTxRef/RmtInf/Strd/Invcee/PstlAdr/SubDept,SubDept,Max70Text,0,1
pacs.007.001.14,/Document/FIToFIPmtRvsl/TxInf/OrgnlTxRef/RmtInf/Strd/Invcee/PstlAdr/StrtNm,StrtNm,Max140Text,0,1
pacs.007.001.14,/Document/FIToFIPmtRvsl/TxInf/OrgnlTxRef/RmtInf/Strd/Invcee/PstlAdr/BldgNb,BldgNb,Max16Text,0,1
pacs.007.001.14,/Document/FIToFIPmtRvsl/TxInf/OrgnlTxRef/RmtInf/Strd/Invcee/PstlAdr/BldgNm,BldgNm,Max140Text,0,1
pacs.007.001.14,/Document/FIToFIPmtRvsl/TxInf/OrgnlTxRef/RmtInf/Strd/Invcee/PstlAdr/Flr,Flr,Max70Text,0,1
pacs.007.001.14,/Document/FIToFIPmtRvsl/TxInf/OrgnlTxRef/RmtInf/Strd/Invcee/PstlAdr/UnitNb,UnitNb,Max16Text,0,1
pacs.007.001.14,/Document/FIToFIPmtRvsl/TxInf/OrgnlTxRef/RmtInf/Strd/Invcee/PstlAdr/PstBx,PstBx,Max16Text,0,1
pacs.007.001.14,/Document/FIToFIPmtRvsl/TxInf/OrgnlTxRef/RmtInf/Strd/Invcee/PstlAdr/Room,Room,Max70Text,0,1
pacs.007.001.14,/Document/FIToFIPmtRvsl/TxInf/OrgnlTxRef/RmtInf/Strd/Invcee/PstlAdr/PstCd,PstCd,Max16Text,0,1
pacs.007.001.14,/Document/FIToFIPmtRvsl/TxInf/OrgnlTxRef/RmtInf/Strd/Invcee/PstlAdr/TwnNm,TwnNm,Max140Text,0,1
pacs.007.001.14,/Document/FIToFIPmtRvsl/TxInf/OrgnlTxRef/RmtInf/Strd/Invcee/PstlAdr/TwnLctnNm,TwnLctnNm,Max140Text,0,1
pacs.007.001.14,/Document/FIToFIPmtRvsl/TxInf/OrgnlTxRef/RmtInf/Strd/Invcee/PstlAdr/DstrctNm,DstrctNm,Max140Text,0,1
pacs.007.001.14,/Document/FIToFIPmtRvsl/TxInf/OrgnlTxRef/RmtInf/Strd/Invcee/PstlAdr/CtrySubDvsn,CtrySubDvsn,Max35Text,0,1
pacs.007.001.14,/Document/FIToFIPmtRvsl/TxInf/OrgnlTxRef/RmtInf/Strd/Invcee/PstlAdr/Ctry,Ctry,CountryCode,0,1
pacs.007.001.14,/Document/FIToFIPmtRvsl/TxInf/OrgnlTxRef/RmtInf/Strd/Invcee/PstlAdr/AdrLine,AdrLine,Max70Text,0,7
pacs.007.001.14,/Document/FIToFIPmtRvsl/TxInf/OrgnlTxRef/RmtInf/Strd/Invcee/Id,Id,Party52Choice,0,1
pacs.007.001.14,/Document/FIToFIPmtRvsl/TxInf/OrgnlTxRef/RmtInf/Strd/Invcee/Id/OrgId,OrgId,OrganisationIdentification39,1,1
pacs.007.001.14,/Document/FIToFIPmtRvsl/TxInf/OrgnlTxRef/RmtInf/Strd/Invcee/Id/OrgId/AnyBIC,AnyBIC,AnyBICDec2014Identifier,0,1
pacs.007.001.14,/Document/FIToFIPmtRvsl/TxInf/OrgnlTxRef/RmtInf/Strd/Invcee/Id/OrgId/LEI,LEI,LEIIdentifier,0,1
pacs.007.001.14,/Document/FIToFIPmtRvsl/TxInf/OrgnlTxRef/RmtInf/Strd/Invcee/Id/OrgId/Othr,Othr,GenericOrganisationIdentification3,0,
pacs.007.001.14,/Document/FIToFIPmtRvsl/TxInf/OrgnlTxRef/RmtInf/Strd/Invcee/Id/OrgId/Othr/Id,Id,Max256Text,1,1
pacs.007.001.14,/Document/FIToFIPmtRvsl/TxInf/OrgnlTxRef/RmtInf/Strd/Invcee/Id/OrgId/Othr/SchmeNm,SchmeNm,OrganisationIdentificationSchemeName1Choice,0,1
pacs.007.001.14,/Document/FIToFIPmtRvsl/TxInf/OrgnlTxRef/RmtInf/Strd/Invcee/Id/OrgId/Othr/SchmeNm/Cd,Cd,ExternalOrganisationIdentification1Code,1,1
pacs.007.001.14,/Document/FIToFIPmtRvsl/TxInf/OrgnlTxRef/RmtInf/Strd/Invcee/Id/OrgId/Othr/SchmeNm/Prtry,Prtry,Max35Text,1,1
pacs.007.001.14,/Document/FIToFIPmtRvsl/TxInf/OrgnlTxRef/RmtInf/Strd/Invcee/Id/OrgId/Othr/Issr,Issr,Max35Text,0,1
pacs.007.001.14,/Document/FIToFIPmtRvsl/TxInf/OrgnlTxRef/RmtInf/Strd/Invcee/Id/PrvtId,PrvtId,PersonIdentification18,1,1
pacs.007.001.14,/Document/FIToFIPmtRvsl/TxInf/OrgnlTxRef/RmtInf/Strd/Invcee/Id/PrvtId/DtAndPlcOfBirth,DtAndPlcOfBirth,DateAndPlaceOfBirth1,0,1
pacs.007.001.14,/Document/FIToFIPmtRvsl/TxInf/OrgnlTxRef/RmtInf/Strd/Invcee/Id/PrvtId/DtAndPlcOfBirth/BirthDt,BirthDt,ISODate,1,1
pacs.007.001.14,/Document/FIToFIPmtRvsl/TxInf/OrgnlTxRef/RmtInf/Strd/Invcee/Id/PrvtId/DtAndPlcOfBirth/PrvcOfBirth,PrvcOfBirth,Max35Text,0,1
pacs.007.001.14,/Document/FIToFIPmtRvsl/TxInf/OrgnlTxRef/RmtInf/Strd/Invcee/Id/PrvtId/DtAndPlcOfBirth/CityOfBirth,CityOfBirth,Max35Text,1,1
pacs.007.001.14,/Document/FIToFIPmtRvsl/TxInf/OrgnlTxRef/RmtInf/Strd/Invcee/Id/PrvtId/DtAndPlcOfBirth/CtryOfBirth,CtryOfBirth,CountryCode,1,1
pacs.007.001.14,/Document/FIToFIPmtRvsl/TxInf/OrgnlTxRef/RmtInf/Strd/Invcee/Id/PrvtId/Othr,Othr,GenericPersonIdentification2,0,
pacs.007.001.14,/Document/FIToFIPmtRvsl/TxInf/OrgnlTxRef/RmtInf/Strd/Invcee/Id/PrvtId/Othr/Id,Id,Max256Text,1,1
pacs.007.001.14,/Document/FIToFIPmtRvsl/TxInf/OrgnlTxRef/RmtInf/Strd/Invcee/Id/PrvtId/Othr/SchmeNm,SchmeNm,PersonIdentificationSchemeName1Choice,0,1
pacs.007.001.14,/Document/FIToFIPmtRvsl/TxInf/OrgnlTxRef/RmtInf/Strd/Invcee/Id/PrvtId/Othr/SchmeNm/Cd,Cd,ExternalPersonIdentification1Code,1,1
pacs.007.001.14,/Document/FIToFIPmtRvsl/TxInf/OrgnlTxRef/RmtInf/Strd/Invcee/Id/PrvtId/Othr/SchmeNm/Prtry,Prtry,Max35Text,1,1
pacs.007.001.14,/Document/FIToFIPmtRvsl/TxInf/OrgnlTxRef/RmtInf/Strd/Invcee/Id/PrvtId/Othr/Issr,Issr,Max35Text,0,1
pacs.007.001.14,/Document/FIToFIPmtRvsl/TxInf/OrgnlTxRef/RmtInf/Strd/Invcee/CtryOfRes,CtryOfRes,CountryCode,0,1
pacs.007.001.14,/Document/FIToFIPmtRvsl/TxInf/OrgnlTxRef/RmtInf/Strd/Invcee/CtctDtls,CtctDtls,Contact13,0,1
pacs.007.001.14,/Document/FIToFIPmtRvsl/TxInf/OrgnlTxRef/RmtInf/Strd/Invcee/CtctDtls/NmPrfx,NmPrfx,NamePrefix2Code,0,1
pacs.007.001.14,/Document/FIToFIPmtRvsl/TxInf/OrgnlTxRef/RmtInf/Strd/Invcee/CtctDtls/Nm,Nm,Max140Text,0,1
pacs.007.001.14,/Document/FIToFIPmtRvsl/TxInf/OrgnlTxRef/RmtInf/Strd/Invcee/CtctDtls/PhneNb,PhneNb,PhoneNumber,0,1
pacs.007.001.14,/Document/FIToFIPmtRvsl/TxInf/OrgnlTxRef/RmtInf/Strd/Invcee/CtctDtls/MobNb,MobNb,PhoneNumber,0,1
pacs.007.001.14,/Document/FIToFIPmtRvsl/TxInf/OrgnlTxRef/RmtInf/Strd/Invcee/CtctDtls/FaxNb,FaxNb,PhoneNumber,0,1
pacs.007.001.14,/Document/FIToFIPmtRvsl/TxInf/OrgnlTxRef/RmtInf/Strd/Invcee/CtctDtls/URLAdr,URLAdr,Max2048Text,0,1
pacs.007.001.14,/Document/FIToFIPmtRvsl/TxInf/OrgnlTxRef/RmtInf/Strd/Invcee/CtctDtls/EmailAdr,EmailAdr,Max256Text,0,1
pacs.007.001.14,/Document/FIToFIPmtRvsl/TxInf/OrgnlTxRef/RmtInf/Strd/Invcee/CtctDtls/EmailPurp,EmailPurp,Max35Text,0,1
pacs.007.001.14,/Document/FIToFIPmtRvsl/TxInf/OrgnlTxRef/RmtInf/Strd/Invcee/CtctDtls/JobTitl,JobTitl,Max35Text,0,1
pacs.007.001.14,/Document/FIToFIPmtRvsl/TxInf/OrgnlTxRef/RmtInf/Strd/Invcee/CtctDtls/Rspnsblty,Rspnsblty,Max35Text,0,1
pacs.007.001.14,/Document/FIToFIPmtRvsl/TxInf/OrgnlTxRef/RmtInf/Strd/Invcee/CtctDtls/Dept,Dept,Max70Text,0,1
pacs.007.001.14,/Document/FIToFIPmtRvsl/TxInf/OrgnlTxRef/RmtInf/Strd/Invcee/CtctDtls/Othr,Othr,OtherContact1,0,
pacs.007.001.14,/Document/FIToFIPmtRvsl/TxInf/OrgnlTxRef/RmtInf/Strd/Invcee/CtctDtls/Othr/ChanlTp,ChanlTp,Max4Text,1,1
pacs.007.001.14,/Document/FIToFIPmtRvsl/TxInf/OrgnlTxRef/RmtInf/Strd/Invcee/CtctDtls/Othr/Id,Id,Max128Text,0,1
pacs.007.001.14,/Document/FIToFIPmtRvsl/TxInf/OrgnlTxRef/RmtInf/Strd/Invcee/CtctDtls/PrefrdMtd,PrefrdMtd,PreferredContactMethod2Code,0,1
pacs.007.001.14,/Document/FIToFIPmtRvsl/TxInf/OrgnlTxRef/RmtInf/Strd/TaxRmt,TaxRmt,TaxData1,0,1
pacs.007.001.14,/Document/FIToFIPmtRvsl/TxInf/OrgnlTxRef/RmtInf/Strd/TaxRmt/Cdtr,Cdtr,TaxParty1,0,1
pacs.007.001.14,/Document/FIToFIPmtRvsl/TxInf/OrgnlTxRef/RmtInf/Strd/TaxRmt/Cdtr/TaxId,TaxId,Max35Text,0,1
pacs.007.001.14,/Document/FIToFIPmtRvsl/TxInf/OrgnlTxRef/RmtInf/Strd/TaxRmt/Cdtr/RegnId,RegnId,Max35Text,0,1
pacs.007.001.14,/Document/FIToFIPmtRvsl/TxInf/OrgnlTxRef/RmtInf/Strd/TaxRmt/Cdtr/TaxTp,TaxTp,Max35Text,0,1
pacs.007.001.14,/Document/FIToFIPmtRvsl/TxInf/OrgnlTxRef/RmtInf/Strd/TaxRmt/Dbtr,Dbtr,TaxParty2,0,1
pacs.007.001.14,/Document/FIToFIPmtRvsl/TxInf/OrgnlTxRef/RmtInf/Strd/TaxRmt/Dbtr/TaxId,TaxId,Max35Text,0,1
pacs.007.001.14,/Document/FIToFIPmtRvsl/TxInf/OrgnlTxRef/RmtInf/Strd/TaxRmt/Dbtr/RegnId,RegnId,Max35Text,0,1
pacs.007.001.14,/Document/FIToFIPmtRvsl/TxInf/OrgnlTxRef/RmtInf/Strd/TaxRmt/Dbtr/TaxTp,TaxTp,Max35Text,0,1
pacs.007.001.14,/Document/FIToFIPmtRvsl/TxInf/OrgnlTxRef/RmtInf/Strd/TaxRmt/Dbtr/Authstn,Authstn,TaxAuthorisation1,0,1
pacs.007.001.14,/Document/FIToFIPmtRvsl/TxInf/OrgnlTxRef/RmtInf/Strd/TaxRmt/Dbtr/Authstn/Titl,Titl,Max35Text,0,1
pacs.007.001.14,/Document/FIToFIPmtRvsl/TxInf/OrgnlTxRef/RmtInf/Strd/TaxRmt/Dbtr/Authstn/Nm,Nm,Max140Text,0,1
pacs.007.001.14,/Document/FIToFIPmtRvsl/TxInf/OrgnlTxRef/RmtInf/Strd/TaxRmt/UltmtDbtr,UltmtDbtr,TaxParty2,0,1
pacs.007.001.14,/Document/FIToFIPmtRvsl/TxInf/OrgnlTxRef/RmtInf/Strd/TaxRmt/UltmtDbtr/TaxId,TaxId,Max35Text,0,1
pacs.007.001.14,/Document/FIToFIPmtRvsl/TxInf/OrgnlTxRef/RmtInf/Strd/TaxRmt/UltmtDbtr/RegnId,RegnId,Max35Text,0,1
pacs.007.001.14,/Document/FIToFIPmtRvsl/TxInf/OrgnlTxRef/RmtInf/Strd/TaxRmt/UltmtDbtr/TaxTp,TaxTp,Max35Text,0,1
pacs.007.001.14,/Document/FIToFIPmtRvsl/TxInf/OrgnlTxRef/RmtInf/Strd/TaxRmt/UltmtDbtr/Authstn,Authstn,TaxAuthorisation1,0,1
pacs.007.001.14,/Document/FIToFIPmtRvsl/TxInf/OrgnlTxRef/RmtInf/Strd/TaxRmt/UltmtDbtr/Authstn/Titl,Titl,Max35Text,0,1
pacs.007.001.14,/Document/FIToFIPmtRvsl/TxInf/OrgnlTxRef/RmtInf/Strd/TaxRmt/UltmtDbtr/Authstn/Nm,Nm,Max140Text,0,1
pacs.007.001.14,/Document/FIToFIPmtRvsl/TxInf/OrgnlTxRef/RmtInf/Strd/TaxRmt/AdmstnZone,AdmstnZone,Max35Text,0,1
pacs.007.001.14,/Document/FIToFIPmtRvsl/TxInf/OrgnlTxRef/RmtInf/Strd/TaxRmt/RefNb,RefNb,Max140Text,0,1
pacs.007.001.14,/Document/FIToFIPmtRvsl/TxInf/OrgnlTxRef/RmtInf/Strd/TaxRmt/Mtd,Mtd,Max35Text,0,1
pacs.007.001.14,/Document/FIToFIPmtRvsl/TxInf/OrgnlTxRef/RmtInf/Strd/TaxRmt/TtlTaxblBaseAmt,TtlTaxblBaseAmt,ActiveOrHistoricCurrencyAndAmount,0,1
pacs.007.001.14,/Document/FIToFIPmtRvsl/TxInf/OrgnlTxRef/RmtInf/Strd/TaxRmt/TtlTaxAmt,TtlTaxAmt,ActiveOrHistoricCurrencyAndAmount,0,1
pacs.007.001.14,/Document/FIToFIPmtRvsl/TxInf/OrgnlTxRef/RmtInf/Strd/TaxRmt/Dt,Dt,ISODate,0,1
pacs.007.001.14,/Document/FIToFIPmtRvsl/TxInf/OrgnlTxRef/RmtInf/Strd/TaxRmt/SeqNb,SeqNb,Number,0,1
pacs.007.001.14,/Document/FIToFIPmtRvsl/TxInf/OrgnlTxRef/RmtInf/Strd/TaxRmt/Rcrd,Rcrd,TaxRecord3,0,
pacs.007.001.14,/Document/FIToFIPmtRvsl/TxInf/OrgnlTxRef/RmtInf/Strd/TaxRmt/Rcrd/Tp,Tp,Max35Text,0,1
pacs.007.001.14,/Document/FIToFIPmtRvsl/TxInf/OrgnlTxRef/RmtInf/Strd/TaxRmt/Rcrd/Ctgy,Ctgy,Max35Text,0,1
pacs.007.001.14,/Document/FIToFIPmtRvsl/TxInf/OrgnlTxRef/RmtInf/Strd/TaxRmt/Rcrd/CtgyDtls,CtgyDtls,Max35Text,0,1
pacs.007.001.14,/Document/FIToFIPmtRvsl/TxInf/OrgnlTxRef/RmtInf/Strd/TaxRmt/Rcrd/DbtrSts,DbtrSts,Max35Text,0,1
pacs.007.001.14,/Document/FIToFIPmtRvsl/TxInf/OrgnlTxRef/RmtInf/Strd/TaxRmt/Rcrd/CertId,CertId,Max35Text,0,1
pacs.007.001.14,/Document/FIToFIPmtRvsl/TxInf/OrgnlTxRef/RmtInf/Strd/TaxRmt/Rcrd/FrmsCd,FrmsCd,Max35Text,0,1
pacs.007.001.14,/Document/FIToFIPmtRvsl/TxInf/OrgnlTxRef/RmtInf/Strd/TaxRmt/Rcrd/Prd,Prd,TaxPeriod3,0,1
pacs.007.001.14,/Document/FIToFIPmtRvsl/TxInf/OrgnlTxRef/RmtInf/Strd/TaxRmt/Rcrd/Prd/Yr,Yr,ISOYear,0,1
pacs.007.001.14,/Document/FIToFIPmtRvsl/TxInf/OrgnlTxRef/RmtInf/Strd/TaxRmt/Rcrd/Prd/Tp,Tp,TaxRecordPeriod1Code,0,1
pacs.007.001.14,/Document/FIToFIPmtRvsl/TxInf/OrgnlTxRef/RmtInf/Strd/TaxRmt/Rcrd/Prd/FrToDt,FrToDt,DatePeriod2,0,1
pacs.007.001.14,/Document/FIToFIPmtRvsl/TxInf/OrgnlTxRef/RmtInf/Strd/TaxRmt/Rcrd/Prd/FrToDt/FrDt,FrDt,ISODate,1,1
pacs.007.001.14,/Document/FIToFIPmtRvsl/TxInf/OrgnlTxRef/RmtInf/Strd/TaxRmt/Rcrd/Prd/FrToDt/ToDt,ToDt,ISODate,1,1
pacs.007.001.14,/Document/FIToFIPmtRvsl/TxInf/OrgnlTxRef/RmtInf/Strd/TaxRmt/Rcrd/TaxAmt,TaxAmt,TaxAmount3,0,1
pacs.007.001.14,/Document/FIToFIPmtRvsl/TxInf/OrgnlTxRef/RmtInf/Strd/TaxRmt/Rcrd/TaxAmt/Rate,Rate,PercentageRate,0,1
pacs.007.001.14,/Document/FIToFIPmtRvsl/TxInf/OrgnlTxRef/RmtInf/Strd/TaxRmt/Rcrd/TaxAmt/TaxblBaseAmt,TaxblBaseAmt,ActiveOrHistoricCurrencyAndAmount,0,1
pacs.007.001.14,/Document/FIToFIPmtRvsl/TxInf/OrgnlTxRef/RmtInf/Strd/TaxRmt/Rcrd/TaxAmt/TtlAmt,TtlAmt,ActiveOrHistoricCurrencyAndAmount,0,1
pacs.007.001.14,/Document/FIToFIPmtRvsl/TxInf/OrgnlTxRef/RmtInf/Strd/TaxRmt/Rcrd/TaxAmt/Dtls,Dtls,TaxRecordDetails3,0,
pacs.007.001.14,/Document/FIToFIPmtRvsl/TxInf/OrgnlTxRef/RmtInf/Strd/TaxRmt/Rcrd/TaxAmt/Dtls/Prd,Prd,TaxPeriod3,0,1
pacs.007.001.14,/Document/FIToFIPmtRvsl/TxInf/OrgnlTxRef/RmtInf/Strd/TaxRmt/Rcrd/TaxAmt/Dtls/Prd/Yr,Yr,ISOYear,0,1
pacs.007.001.14,/Document/FIToFIPmtRvsl/TxInf/OrgnlTxRef/RmtInf/Strd/TaxRmt/Rcrd/TaxAmt/Dtls/Prd/Tp,Tp,TaxRecordPeriod1Code,0,1
pacs.007.001.14,/Document/FIToFIPmtRvsl/TxInf/OrgnlTxRef/RmtInf/Strd/TaxRmt/Rcrd/TaxAmt/Dtls/Prd/FrToDt,FrToDt,DatePeriod2,0,1
pacs.007.001.14,/Document/FIToFIPmtRvsl/TxInf/OrgnlTxRef/RmtInf/Strd/TaxRmt/Rcrd/TaxAmt/Dtls/Prd/FrToDt/FrDt,FrDt,ISODate,1,1
pacs.007.001.14,/Document/FIToFIPmtRvsl/TxInf/OrgnlTxRef/RmtInf/Strd/TaxRmt/Rcrd/TaxAmt/Dtls/Prd/FrToDt/ToDt,ToDt,ISODate,1,1
pacs.007.001.14,/Document/FIToFIPmtRvsl/TxInf/OrgnlTxRef/RmtInf/Strd/TaxRmt/Rcrd/TaxAmt/Dtls/Amt,Amt,ActiveOrHistoricCurrencyAndAmount,1,1
pacs.007.001.14,/Document/FIToFIPmtRvsl/TxInf/OrgnlTxRef/RmtInf/Strd/TaxRmt/Rcrd/AddtlInf,AddtlInf,Max140Text,0,1
pacs.007.001.14,/Document/FIToFIPmtRvsl/TxInf/OrgnlTxRef/RmtInf/Strd/GrnshmtRmt,GrnshmtRmt,Garnishment4,0,1
pacs.007.001.14,/Document/FIToFIPmtRvsl/TxInf/OrgnlTxRef/RmtInf/Strd/GrnshmtRmt/Tp,Tp,GarnishmentType1,1,1
pacs.007.001.14,/Document/FIToFIPmtRvsl/TxInf/OrgnlTxRef/RmtInf/Strd/GrnshmtRmt/Tp/CdOrPrtry,CdOrPrtry,GarnishmentType1Choice,1,1
pacs.007.001.14,/Document/FIToFIPmtRvsl/TxInf/OrgnlTxRef/RmtInf/Strd/GrnshmtRmt/Tp/CdOrPrtry/Cd,Cd,ExternalGarnishmentType1Code,1,1
pacs.007.001.14,/Document/FIToFIPmtRvsl/TxInf/OrgnlTxRef/RmtInf/Strd/GrnshmtRmt/Tp/CdOrPrtry/Prtry,Prtry,Max35Text,1,1
pacs.007.001.14,/Document/FIToFIPmtRvsl/TxInf/OrgnlTxRef/RmtInf/Strd/GrnshmtRmt/Tp/Issr,Issr,Max35Text,0,1
pacs.007.001.14,/Document/FIToFIPmtRvsl/TxInf/OrgnlTxRef/RmtInf/Strd/GrnshmtRmt/Grnshee,Grnshee,PartyIdentification272,0,1
pacs.007.001.14,/Document/FIToFIPmtRvsl/TxInf/OrgnlTxRef/RmtInf/Strd/GrnshmtRmt/Grnshee/Nm,Nm,Max140Text,0,1
pacs.007.001.14,/Document/FIToFIPmtRvsl/TxInf/OrgnlTxRef/RmtInf/Strd/GrnshmtRmt/Grnshee/PstlAdr,PstlAdr,PostalAddress27,0,1
pacs.007.001.14,/Document/FIToFIPmtRvsl/TxInf/OrgnlTxRef/RmtInf/Strd/GrnshmtRmt/Grnshee/PstlAdr/AdrTp,AdrTp,AddressType3Choice,0,1
pacs.007.001.14,/Document/FIToFIPmtRvsl/TxInf/OrgnlTxRef/RmtInf/Strd/GrnshmtRmt/Grnshee/PstlAdr/AdrTp/Cd,Cd,AddressType2Code,1,1
pacs.007.001.14,/Document/FIToFIPmtRvsl/TxInf/OrgnlTxRef/RmtInf/Strd/GrnshmtRmt/Grnshee/PstlAdr/AdrTp/Prtry,Prtry,GenericIdentification30,1,1
pacs.007.001.14,/Document/FIToFIPmtRvsl/TxInf/OrgnlTxRef/RmtInf/Strd/GrnshmtRmt/Grnshee/PstlAdr/AdrTp/Prtry/Id,Id,Exact4AlphaNumericText,1,1
pacs.007.001.14,/Document/FIToFIPmtRvsl/TxInf/OrgnlTxRef/RmtInf/Strd/GrnshmtRmt/Grnshee/PstlAdr/AdrTp/Prtry/Issr,Issr,Max35Text,1,1
pacs.007.001.14,/Document/FIToFIPmtRvsl/TxInf/OrgnlTxRef/RmtInf/Strd/GrnshmtRmt/Grnshee/PstlAdr/AdrTp/Prtry/SchmeNm,SchmeNm,Max35Text,0,1
pacs.007.001.14,/Document/FIToFIPmtRvsl/TxInf/OrgnlTxRef/RmtInf/Strd/GrnshmtRmt/Grnshee/PstlAdr/CareOf,CareOf,Max140Text,0,1
pacs.007.001.14,/Document/FIToFIPmtRvsl/TxInf/OrgnlTxRef/RmtInf/Strd/GrnshmtRmt/Grnshee/PstlAdr/Dept,Dept,Max70Text,0,1
pacs.007.001.14,/Document/FIToFIPmtRvsl/TxInf/OrgnlTxRef/RmtInf/Strd/GrnshmtRmt/Grnshee/PstlAdr/SubDept,SubDept,Max70Text,0,1
pacs.007.001.14,/Document/FIToFIPmtRvsl/TxInf/OrgnlTxRef/RmtInf/Strd/GrnshmtRmt/Grnshee/PstlAdr/StrtNm,StrtNm,Max140Text,0,1
pacs.007.001.14,/Document/FIToFIPmtRvsl/TxInf/OrgnlTxRef/RmtInf/Strd/GrnshmtRmt/Grnshee/PstlAdr/BldgNb,BldgNb,Max16Text,0,1
pacs.007.001.14,/Document/FIToFIPmtRvsl/TxInf/OrgnlTxRef/RmtInf/Strd/GrnshmtRmt/Grnshee/PstlAdr/BldgNm,BldgNm,Max140Text,0,1
pacs.007.001.14,/Document/FIToFIPmtRvsl/TxInf/OrgnlTxRef/RmtInf/Strd/GrnshmtRmt/Grnshee/PstlAdr/Flr,Flr,Max70Text,0,1
pacs.007.001.14,/Document/FIToFIPmtRvsl/TxInf/OrgnlTxRef/RmtInf/Strd/GrnshmtRmt/Grnshee/PstlAdr/UnitNb,UnitNb,Max16Text,0,1
pacs.007.001.14,/Document/FIToFIPmtRvsl/TxInf/OrgnlTxRef/RmtInf/Strd/GrnshmtRmt/Grnshee/PstlAdr/PstBx,PstBx,Max16Text,0,1
pacs.007.001.14,/Document/FIToFIPmtRvsl/TxInf/OrgnlTxRef/RmtInf/Strd/GrnshmtRmt/Grnshee/PstlAdr/Room,Room,Max70Text,0,1
pacs.007.001.14,/Document/FIToFIPmtRvsl/TxInf/OrgnlTxRef/RmtInf/Strd/GrnshmtRmt/Grnshee/PstlAdr/PstCd,PstCd,Max16Text,0,1
pacs.007.001.14,/Document/FIToFIPmtRvsl/TxInf/OrgnlTxRef/RmtInf/Strd/GrnshmtRmt/Grnshee/PstlAdr/TwnNm,TwnNm,Max140Text,0,1
pacs.007.001.14,/Document/FIToFIPmtRvsl/TxInf/OrgnlTxRef/RmtInf/Strd/GrnshmtRmt/Grnshee/PstlAdr/TwnLctnNm,TwnLctnNm,Max140Text,0,1
pacs.007.001.14,/Document/FIToFIPmtRvsl/TxInf/OrgnlTxRef/RmtInf/Strd/GrnshmtRmt/Grnshee/PstlAdr/DstrctNm,DstrctNm,Max140Text,0,1
pacs.007.001.14,/Document/FIToFIPmtRvsl/TxInf/OrgnlTxRef/RmtInf/Strd/GrnshmtRmt/Grnshee/PstlAdr/CtrySubDvsn,CtrySubDvsn,Max35Text,0,1
pacs.007.001.14,/Document/FIToFIPmtRvsl/TxInf/OrgnlTxRef/RmtInf/Strd/GrnshmtRmt/Grnshee/PstlAdr/Ctry,Ctry,CountryCode,0,1
pacs.007.001.14,/Document/FIToFIPmtRvsl/TxInf/OrgnlTxRef/RmtInf/Strd/GrnshmtRmt/Grnshee/PstlAdr/AdrLine,AdrLine,Max70Text,0,7
pacs.007.001.14,/Document/FIToFIPmtRvsl/TxInf/OrgnlTxRef/RmtInf/Strd/GrnshmtRmt/Grnshee/Id,Id,Party52Choice,0,1
pacs.007.001.14,/Document/FIToFIPmtRvsl/TxInf/OrgnlTxRef/RmtInf/Strd/GrnshmtRmt/Grnshee/Id/OrgId,OrgId,OrganisationIdentification39,1,1
pacs.007.001.14,/Document/FIToFIPmtRvsl/TxInf/OrgnlTxRef/RmtInf/Strd/GrnshmtRmt/Grnshee/Id/OrgId/AnyBIC,AnyBIC,AnyBICDec2014Identifier,0,1
pacs.007.001.14,/Document/FIToFIPmtRvsl/TxInf/OrgnlTxRef/RmtInf/Strd/GrnshmtRmt/Grnshee/Id/OrgId/LEI,LEI,LEIIdentifier,0,1
pacs.007.001.14,/Document/FIToFIPmtRvsl/TxInf/OrgnlTxRef/RmtInf/Strd/GrnshmtRmt/Grnshee/Id/OrgId/Othr,Othr,GenericOrganisationIdentification3,0,
pacs.007.001.14,/Document/FIToFIPmtRvsl/TxInf/OrgnlTxRef/RmtInf/Strd/GrnshmtRmt/Grnshee/Id/OrgId/Othr/Id,Id,Max256Text,1,1
pacs.007.001.14,/Document/FIToFIPmtRvsl/TxInf/OrgnlTxRef/RmtInf/Strd/GrnshmtRmt/Grnshee/Id/OrgId/Othr/SchmeNm,SchmeNm,OrganisationIdentificationSchemeName1Choice,0,1
pacs.007.001.14,/Document/FIToFIPmtRvsl/TxInf/OrgnlTxRef/RmtInf/Strd/GrnshmtRmt/Grnshee/Id/OrgId/Othr/SchmeNm/Cd,Cd,ExternalOrganisationIdentification1Code,1,1
pacs.007.001.14,/Document/FIToFIPmtRvsl/TxInf/OrgnlTxRef/RmtInf/Strd/GrnshmtRmt/Grnshee/Id/OrgId/Othr/SchmeNm/Prtry,Prtry,Max35Text,1,1
pacs.007.001.14,/Document/FIToFIPmtRvsl/TxInf/OrgnlTxRef/RmtInf/Strd/GrnshmtRmt/Grnshee/Id/OrgId/Othr/Issr,Issr,Max35Text,0,1
pacs.007.001.14,/Document/FIToFIPmtRvsl/TxInf/OrgnlTxRef/RmtInf/Strd/GrnshmtRmt/Grnshee/Id/PrvtId,PrvtId,PersonIdentification18,1,1
pacs.007.001.14,/Document/FIToFIPmtRvsl/TxInf/OrgnlTxRef/RmtInf/Strd/GrnshmtRmt/Grnshee/Id/PrvtId/DtAndPlcOfBirth,DtAndPlcOfBirth,DateAndPlaceOfBirth1,0,1
pacs.007.001.14,/Document/FIToFIPmtRvsl/TxInf/OrgnlTxRef/RmtInf/Strd/GrnshmtRmt/Grnshee/Id/PrvtId/DtAndPlcOfBirth/BirthDt,BirthDt,ISODate,1,1
pacs.007.001.14,/Document/FIToFIPmtRvsl/TxInf/OrgnlTxRef/RmtInf/Strd/GrnshmtRmt/Grnshee/Id/PrvtId/DtAndPlcOfBirth/PrvcOfBirth,PrvcOfBirth,Max35Text,0,1
pacs.007.001.14,/Document/FIToFIPmtRvsl/TxInf/OrgnlTxRef/RmtInf/Strd/GrnshmtRmt/Grnshee/Id/PrvtId/DtAndPlcOfBirth/CityOfBirth,CityOfBirth,Max35Text,1,1
pacs.007.001.14,/Document/FIToFIPmtRvsl/TxInf/OrgnlTxRef/RmtInf/Strd/GrnshmtRmt/Grnshee/Id/PrvtId/DtAndPlcOfBirth/CtryOfBirth,CtryOfBirth,CountryCode,1,1
pacs.007.001.14,/Document/FIToFIPmtRvsl/TxInf/OrgnlTxRef/RmtInf/Strd/GrnshmtRmt/Grnshee/Id/PrvtId/Othr,Othr,GenericPersonIdentification2,0,
pacs.007.001.14,/Document/FIToFIPmtRvsl/TxInf/OrgnlTxRef/RmtInf/Strd/GrnshmtRmt/Grnshee/Id/PrvtId/Othr/Id,Id,Max256Text,1,1
pacs.007.001.14,/Document/FIToFIPmtRvsl/TxInf/OrgnlTxRef/RmtInf/Strd/GrnshmtRmt/Grnshee/Id/PrvtId/Othr/SchmeNm,SchmeNm,PersonIdentificationSchemeName1Choice,0,1
pacs.007.001.14,/Document/FIToFIPmtRvsl/TxInf/OrgnlTxRef/RmtInf/Strd/GrnshmtRmt/Grnshee/Id/PrvtId/Othr/SchmeNm/Cd,Cd,ExternalPersonIdentification1Code,1,1
pacs.007.001.14,/Document/FIToFIPmtRvsl/TxInf/OrgnlTxRef/RmtInf/Strd/GrnshmtRmt/Grnshee/Id/PrvtId/Othr/SchmeNm/Prtry,Prtry,Max35Text,1,1
pacs.007.001.14,/Document/FIToFIPmtRvsl/TxInf/OrgnlTxRef/RmtInf/Strd/GrnshmtRmt/Grnshee/Id/PrvtId/Othr/Issr,Issr,Max35Text,0,1
pacs.007.001.14,/Document/FIToFIPmtRvsl/TxInf/OrgnlTxRef/RmtInf/Strd/GrnshmtRmt/Grnshee/CtryOfRes,CtryOfRes,CountryCode,0,1
pacs.007.001.14,/Document/FIToFIPmtRvsl/TxInf/OrgnlTxRef/RmtInf/Strd/GrnshmtRmt/Grnshee/CtctDtls,CtctDtls,Contact13,0,1
pacs.007.001.14,/Document/FIToFIPmtRvsl/TxInf/OrgnlTxRef/RmtInf/Strd/GrnshmtRmt/Grnshee/CtctDtls/NmPrfx,NmPrfx,NamePrefix2Code,0,1
pacs.007.001.14,/Document/FIToFIPmtRvsl/TxInf/OrgnlTxRef/RmtInf/Strd/GrnshmtRmt/Grnshee/CtctDtls/Nm,Nm,Max140Text,0,1
pacs.007.001.14,/Document/FIToFIPmtRvsl/TxInf/OrgnlTxRef/RmtInf/Strd/GrnshmtRmt/Grnshee/CtctDtls/PhneNb,PhneNb,PhoneNumber,0,1
pacs.007.001.14,/Document/FIToFIPmtRvsl/TxInf/OrgnlTxRef/RmtInf/Strd/GrnshmtRmt/Grnshee/CtctDtls/MobNb,MobNb,PhoneNumber,0,1
pacs.007.001.14,/Document/FIToFIPmtRvsl/TxInf/OrgnlTxRef/RmtInf/Strd/GrnshmtRmt/Grnshee/CtctDtls/FaxNb,FaxNb,PhoneNumber,0,1
pacs.007.001.14,/Document/FIToFIPmtRvsl/TxInf/OrgnlTxRef/RmtInf/Strd/GrnshmtRmt/Grnshee/CtctDtls/URLAdr,URLAdr,Max2048Text,0,1
pacs.007.001.14,/Document/FIToFIPmtRvsl/TxInf/OrgnlTxRef/RmtInf/Strd/GrnshmtRmt/Grnshee/CtctDtls/EmailAdr,EmailAdr,Max256Text,0,1
pacs.007.001.14,/Document/FIToFIPmtRvsl/TxInf/OrgnlTxRef/RmtInf/Strd/GrnshmtRmt/Grnshee/CtctDtls/EmailPurp,EmailPurp,Max35Text,0,1
pacs.007.001.14,/Document/FIToFIPmtRvsl/TxInf/OrgnlTxRef/RmtInf/Strd/GrnshmtRmt/Grnshee/CtctDtls/JobTitl,JobTitl,Max35Text,0,1
pacs.007.001.14,/Document/FIToFIPmtRvsl/TxInf/OrgnlTxRef/RmtInf/Strd/GrnshmtRmt/Grnshee/CtctDtls/Rspnsblty,Rspnsblty,Max35Text,0,1
pacs.007.001.14,/Document/FIToFIPmtRvsl/TxInf/OrgnlTxRef/RmtInf/Strd/GrnshmtRmt/Grnshee/CtctDtls/Dept,Dept,Max70Text,0,1
pacs.007.001.14,/Document/FIToFIPmtRvsl/TxInf/OrgnlTxRef/RmtInf/Strd/GrnshmtRmt/Grnshee/CtctDtls/Othr,Othr,OtherContact1,0,
pacs.007.001.14,/Document/FIToFIPmtRvsl/TxInf/OrgnlTxRef/RmtInf/Strd/GrnshmtRmt/Grnshee/CtctDtls/Othr/ChanlTp,ChanlTp,Max4Text,1,1
pacs.007.001.14,/Document/FIToFIPmtRvsl/TxInf/OrgnlTxRef/RmtInf/Strd/GrnshmtRmt/Grnshee/CtctDtls/Othr/Id,Id,Max128Text,0,1
pacs.007.001.14,/Document/FIToFIPmtRvsl/TxInf/OrgnlTxRef/RmtInf/Strd/GrnshmtRmt/Grnshee/CtctDtls/PrefrdMtd,PrefrdMtd,PreferredContactMethod2Code,0,1
pacs.007.001.14,/Document/FIToFIPmtRvsl/TxInf/OrgnlTxRef/RmtInf/Strd/GrnshmtRmt/GrnshmtAdmstr,GrnshmtAdmstr,PartyIdentification272,0,1
pacs.007.001.14,/Document/FIToFIPmtRvsl/TxInf/OrgnlTxRef/RmtInf/Strd/GrnshmtRmt/GrnshmtAdmstr/Nm,Nm,Max140Text,0,1
pacs.007.001.14,/Document/FIToFIPmtRvsl/TxInf/OrgnlTxRef/RmtInf/Strd/GrnshmtRmt/GrnshmtAdmstr/PstlAdr,PstlAdr,PostalAddress27,0,1
pacs.007.001.14,/Document/FIToFIPmtRvsl/TxInf/OrgnlTxRef/RmtInf/Strd/GrnshmtRmt/GrnshmtAdmstr/PstlAdr/AdrTp,AdrTp,AddressType3Choice,0,1
pacs.007.001.14,/Document/FIToFIPmtRvsl/TxInf/OrgnlTxRef/RmtInf/Strd/GrnshmtRmt/GrnshmtAdmstr/PstlAdr/AdrTp/Cd,Cd,AddressType2Code,1,1
pacs.007.001.14,/Document/FIToFIPmtRvsl/TxInf/OrgnlTxRef/RmtInf/Strd/GrnshmtRmt/GrnshmtAdmstr/PstlAdr/AdrTp/Prtry,Prtry,GenericIdentification30,1,1
pacs.007.001.14,/Document/FIToFIPmtRvsl/TxInf/OrgnlTxRef/RmtInf/Strd/GrnshmtRmt/GrnshmtAdmstr/PstlAdr/AdrTp/Prtry/Id,Id,Exact4AlphaNumericText,1,1
pacs.007.001.14,/Document/FIToFIPmtRvsl/TxInf/OrgnlTxRef/RmtInf/Strd/GrnshmtRmt/GrnshmtAdmstr/PstlAdr/AdrTp/Prtry/Issr,Issr,Max35Text,1,1
pacs.007.001.14,/Document/FIToFIPmtRvsl/TxInf/OrgnlTxRef/RmtInf/Strd/GrnshmtRmt/GrnshmtAdmstr/PstlAdr/AdrTp/Prtry/SchmeNm,SchmeNm,Max35Text,0,1
pacs.007.001.14,/Document/FIToFIPmtRvsl/TxInf/OrgnlTxRef/RmtInf/Strd/GrnshmtRmt/GrnshmtAdmstr/PstlAdr/CareOf,CareOf,Max140Text,0,1
pacs.007.001.14,/Document/FIToFIPmtRvsl/TxInf/OrgnlTxRef/RmtInf/Strd/GrnshmtRmt/GrnshmtAdmstr/PstlAdr/Dept,Dept,Max70Text,0,1
pacs.007.001.14,/Document/FIToFIPmtRvsl/TxInf/OrgnlTxRef/RmtInf/Strd/GrnshmtRmt/GrnshmtAdmstr/PstlAdr/SubDept,SubDept,Max70Text,0,1
pacs.007.001.14,/Document/FIToFIPmtRvsl/TxInf/OrgnlTxRef/RmtInf/Strd/GrnshmtRmt/GrnshmtAdmstr/PstlAdr/StrtNm,StrtNm,Max140Text,0,1
pacs.007.001.14,/Document/FIToFIPmtRvsl/TxInf/OrgnlTxRef/RmtInf/Strd/GrnshmtRmt/GrnshmtAdmstr/PstlAdr/BldgNb,BldgNb,Max16Text,0,1
pacs.007.001.14,/Document/FIToFIPmtRvsl/TxInf/OrgnlTxRef/RmtInf/Strd/GrnshmtRmt/GrnshmtAdmstr/PstlAdr/BldgNm,BldgNm,Max140Text,0,1
pacs.007.001.14,/Document/FIToFIPmtRvsl/TxInf/OrgnlTxRef/RmtInf/Strd/GrnshmtRmt/GrnshmtAdmstr/PstlAdr/Flr,Flr,Max70Text,0,1
pacs.007.001.14,/Document/FIToFIPmtRvsl/TxInf/OrgnlTxRef/RmtInf/Strd/GrnshmtRmt/GrnshmtAdmstr/PstlAdr/UnitNb,UnitNb,Max16Text,0,1
pacs.007.001.14,/Document/FIToFIPmtRvsl/TxInf/OrgnlTxRef/RmtInf/Strd/GrnshmtRmt/GrnshmtAdmstr/PstlAdr/PstBx,PstBx,Max16Text,0,1
pacs.007.001.14,/Document/FIToFIPmtRvsl/TxInf/OrgnlTxRef/RmtInf/Strd/GrnshmtRmt/GrnshmtAdmstr/PstlAdr/Room,Room,Max70Text,0,1
pacs.007.001.14,/Document/FIToFIPmtRvsl/TxInf/OrgnlTxRef/RmtInf/Strd/GrnshmtRmt/GrnshmtAdmstr/PstlAdr/PstCd,PstCd,Max16Text,0,1
pacs.007.001.14,/Document/FIToFIPmtRvsl/TxInf/OrgnlTxRef/RmtInf/Strd/GrnshmtRmt/GrnshmtAdmstr/PstlAdr/TwnNm,TwnNm,Max140Text,0,1
pacs.007.001.14,/Document/FIToFIPmtRvsl/TxInf/OrgnlTxRef/RmtInf/Strd/GrnshmtRmt/GrnshmtAdmstr/PstlAdr/TwnLctnNm,TwnLctnNm,Max140Text,0,1
pacs.007.001.14,/Document/FIToFIPmtRvsl/TxInf/OrgnlTxRef/RmtInf/Strd/GrnshmtRmt/GrnshmtAdmstr/PstlAdr/DstrctNm,DstrctNm,Max140Text,0,1
pacs.007.001.14,/Document/FIToFIPmtRvsl/TxInf/OrgnlTxRef/RmtInf/Strd/GrnshmtRmt/GrnshmtAdmstr/PstlAdr/CtrySubDvsn,CtrySubDvsn,Max35Text,0,1
pacs.007.001.14,/Document/FIToFIPmtRvsl/TxInf/OrgnlTxRef/RmtInf/Strd/GrnshmtRmt/GrnshmtAdmstr/PstlAdr/Ctry,Ctry,CountryCode,0,1
pacs.007.001.14,/Document/FIToFIPmtRvsl/TxInf/OrgnlTxRef/RmtInf/Strd/GrnshmtRmt/GrnshmtAdmstr/PstlAdr/AdrLine,AdrLine,Max70Text,0,7
pacs.007.001.14,/Document/FIToFIPmtRvsl/TxInf/OrgnlTxRef/RmtInf/Strd/GrnshmtRmt/GrnshmtAdmstr/Id,Id,Party52Choice,0,1
pacs.007.001.14,/Document/FIToFIPmtRvsl/TxInf/OrgnlTxRef/RmtInf/Strd/GrnshmtRmt/GrnshmtAdmstr/Id/OrgId,OrgId,OrganisationIdentification39,1,1
pacs.007.001.14,/Document/FIToFIPmtRvsl/TxInf/OrgnlTxRef/RmtInf/Strd/GrnshmtRmt/GrnshmtAdmstr/Id/OrgId/AnyBIC,AnyBIC,AnyBICDec2014Identifier,0,1
pacs.007.001.14,/Document/FIToFIPmtRvsl/TxInf/OrgnlTxRef/RmtInf/Strd/GrnshmtRmt/GrnshmtAdmstr/Id/OrgId/LEI,LEI,LEIIdentifier,0,1
pacs.007.001.14,/Document/FIToFIPmtRvsl/TxInf/OrgnlTxRef/RmtInf/Strd/GrnshmtRmt/GrnshmtAdmstr/Id/OrgId/Othr,Othr,GenericOrganisationIdentification3,0,
pacs.007.001.14,/Document/FIToFIPmtRvsl/TxInf/OrgnlTxRef/RmtInf/Strd/GrnshmtRmt/GrnshmtAdmstr/Id/OrgId/Othr/Id,Id,Max256Text,1,1
pacs.007.001.14,/Document/FIToFIPmtRvsl/TxInf/OrgnlTxRef/RmtInf/Strd/GrnshmtRmt/GrnshmtAdmstr/Id/OrgId/Othr/SchmeNm,SchmeNm,OrganisationIdentificationSchemeName1Choice,0,1
pacs.007.001.14,/Document/FIToFIPmtRvsl/TxInf/OrgnlTxRef/RmtInf/Strd/GrnshmtRmt/GrnshmtAdmstr/Id/OrgId/Othr/SchmeNm/Cd,Cd,ExternalOrganisationIdentification1Code,1,1
pacs.007.001.14,/Document/FIToFIPmtRvsl/TxInf/OrgnlTxRef/RmtInf/Strd/GrnshmtRmt/GrnshmtAdmstr/Id/OrgId/Othr/SchmeNm/Prtry,Prtry,Max35Text,1,1
pacs.007.001.14,/Document/FIToFIPmtRvsl/TxInf/OrgnlTxRef/RmtInf/Strd/GrnshmtRmt/GrnshmtAdmstr/Id/OrgId/Othr/Issr,Issr,Max35Text,0,1
pacs.007.001.14,/Document/FIToFIPmtRvsl/TxInf/OrgnlTxRef/RmtInf/Strd/GrnshmtRmt/GrnshmtAdmstr/Id/PrvtId,PrvtId,PersonIdentification18,1,1
pacs.007.001.14,/Document/FIToFIPmtRvsl/TxInf/OrgnlTxRef/RmtInf/Strd/GrnshmtRmt/GrnshmtAdmstr/Id/PrvtId/DtAndPlcOfBirth,DtAndPlcOfBirth,DateAndPlaceOfBirth1,0,1
pacs.007.001.14,/Document/FIToFIPmtRvsl/TxInf/OrgnlTxRef/RmtInf/Strd/GrnshmtRmt/GrnshmtAdmstr/Id/PrvtId/DtAndPlcOfBirth/BirthDt,BirthDt,ISODate,1,1
pacs.007.001.14,/Document/FIToFIPmtRvsl/TxInf/OrgnlTxRef/RmtInf/Strd/GrnshmtRmt/GrnshmtAdmstr/Id/PrvtId/DtAndPlcOfBirth/PrvcOfBirth,PrvcOfBirth,Max35Text,0,1
pacs.007.001.14,/Document/FIToFIPmtRvsl/TxInf/OrgnlTxRef/RmtInf/Strd/GrnshmtRmt/GrnshmtAdmstr/Id/PrvtId/DtAndPlcOfBirth/CityOfBirth,CityOfBirth,Max35Text,1,1
pacs.007.001.14,/Document/FIToFIPmtRvsl/TxInf/OrgnlTxRef/RmtInf/Strd/GrnshmtRmt/GrnshmtAdmstr/Id/PrvtId/DtAndPlcOfBirth/CtryOfBirth,CtryOfBirth,CountryCode,1,1
pacs.007.001.14,/Document/FIToFIPmtRvsl/TxInf/OrgnlTxRef/RmtInf/Strd/GrnshmtRmt/GrnshmtAdmstr/Id/PrvtId/Othr,Othr,GenericPersonIdentification2,0,
pacs.007.001.14,/Document/FIToFIPmtRvsl/TxInf/OrgnlTxRef/RmtInf/Strd/GrnshmtRmt/GrnshmtAdmstr/Id/PrvtId/Othr/Id,Id,Max256Text,1,1
pacs.007.001.14,/Document/FIToFIPmtRvsl/TxInf/OrgnlTxRef/RmtInf/Strd/GrnshmtRmt/GrnshmtAdmstr/Id/PrvtId/Othr/SchmeNm,SchmeNm,PersonIdentificationSchemeName1Choice,0,1
pacs.007.001.14,/Document/FIToFIPmtRvsl/TxInf/OrgnlTxRef/RmtInf/Strd/GrnshmtRmt/GrnshmtAdmstr/Id/PrvtId/Othr/SchmeNm/Cd,Cd,ExternalPersonIdentification1Code,1,1
pacs.007.001.14,/Document/FIToFIPmtRvsl/TxInf/OrgnlTxRef/RmtInf/Strd/GrnshmtRmt/GrnshmtAdmstr/Id/PrvtId/Othr/SchmeNm/Prtry,Prtry,Max35Text,1,1
pacs.007.001.14,/Document/FIToFIPmtRvsl/TxInf/OrgnlTxRef/RmtInf/Strd/GrnshmtRmt/GrnshmtAdmstr/Id/PrvtId/Othr/Issr,Issr,Max35Text,0,1
pacs.007.001.14,/Document/FIToFIPmtRvsl/TxInf/OrgnlTxRef/RmtInf/Strd/GrnshmtRmt/GrnshmtAdmstr/CtryOfRes,CtryOfRes,CountryCode,0,1
pacs.007.001.14,/Document/FIToFIPmtRvsl/TxInf/OrgnlTxRef/RmtInf/Strd/GrnshmtRmt/GrnshmtAdmstr/CtctDtls,CtctDtls,Contact13,0,1
pacs.007.001.14,/Document/FIToFIPmtRvsl/TxInf/OrgnlTxRef/RmtInf/Strd/GrnshmtRmt/GrnshmtAdmstr/CtctDtls/NmPrfx,NmPrfx,NamePrefix2Code,0,1
pacs.007.001.14,/Document/FIToFIPmtRvsl/TxInf/OrgnlTxRef/RmtInf/Strd/GrnshmtRmt/GrnshmtAdmstr/CtctDtls/Nm,Nm,Max140Text,0,1
pacs.007.001.14,/Document/FIToFIPmtRvsl/TxInf/OrgnlTxRef/RmtInf/Strd/GrnshmtRmt/GrnshmtAdmstr/CtctDtls/PhneNb,PhneNb,PhoneNumber,0,1
pacs.007.001.14,/Document/FIToFIPmtRvsl/TxInf/OrgnlTxRef/RmtInf/Strd/GrnshmtRmt/GrnshmtAdmstr/CtctDtls/MobNb,MobNb,PhoneNumber,0,1
pacs.007.001.14,/Document/FIToFIPmtRvsl/TxInf/OrgnlTxRef/RmtInf/Strd/GrnshmtRmt/GrnshmtAdmstr/CtctDtls/FaxNb,FaxNb,PhoneNumber,0,1
pacs.007.001.14,/Document/FIToFIPmtRvsl/TxInf/OrgnlTxRef/RmtInf/Strd/GrnshmtRmt/GrnshmtAdmstr/CtctDtls/URLAdr,URLAdr,Max2048Text,0,1
pacs.007.001.14,/Document/FIToFIPmtRvsl/TxInf/OrgnlTxRef/RmtInf/Strd/GrnshmtRmt/GrnshmtAdmstr/CtctDtls/EmailAdr,EmailAdr,Max256Text,0,1
pacs.007.001.14,/Document/FIToFIPmtRvsl/TxInf/OrgnlTxRef/RmtInf/Strd/GrnshmtRmt/GrnshmtAdmstr/CtctDtls/EmailPurp,EmailPurp,Max35Text,0,1
pacs.007.001.14,/Document/FIToFIPmtRvsl/TxInf/OrgnlTxRef/RmtInf/Strd/GrnshmtRmt/GrnshmtAdmstr/CtctDtls/JobTitl,JobTitl,Max35Text,0,1
pacs.007.001.14,/Document/FIToFIPmtRvsl/TxInf/OrgnlTxRef/RmtInf/Strd/GrnshmtRmt/GrnshmtAdmstr/CtctDtls/Rspnsblty,Rspnsblty,Max35Text,0,1
pacs.007.001.14,/Document/FIToFIPmtRvsl/TxInf/OrgnlTxRef/RmtInf/Strd/GrnshmtRmt/GrnshmtAdmstr/CtctDtls/Dept,Dept,Max70Text,0,1
pacs.007.001.14,/Document/FIToFIPmtRvsl/TxInf/OrgnlTxRef/RmtInf/Strd/GrnshmtRmt/GrnshmtAdmstr/CtctDtls/Othr,Othr,OtherContact1,0,
pacs.007.001.14,/Document/FIToFIPmtRvsl/TxInf/OrgnlTxRef/RmtInf/Strd/GrnshmtRmt/GrnshmtAdmstr/CtctDtls/Othr/ChanlTp,ChanlTp,Max4Text,1,1
pacs.007.001.14,/Document/FIToFIPmtRvsl/TxInf/OrgnlTxRef/RmtInf/Strd/GrnshmtRmt/GrnshmtAdmstr/CtctDtls/Othr/Id,Id,Max128Text,0,1
pacs.007.001.14,/Document/FIToFIPmtRvsl/TxInf/OrgnlTxRef/RmtInf/Strd/GrnshmtRmt/GrnshmtAdmstr/CtctDtls/PrefrdMtd,PrefrdMtd,PreferredContactMethod2Code,0,1
pacs.007.001.14,/Document/FIToFIPmtRvsl/TxInf/OrgnlTxRef/RmtInf/Strd/GrnshmtRmt/RefNb,RefNb,Max140Text,0,1
pacs.007.001.14,/Document/FIToFIPmtRvsl/TxInf/OrgnlTxRef/RmtInf/Strd/GrnshmtRmt/Dt,Dt,ISODate,0,1
pacs.007.001.14,/Document/FIToFIPmtRvsl/TxInf/OrgnlTxRef/RmtInf/Strd/GrnshmtRmt/RmtdAmt,RmtdAmt,ActiveOrHistoricCurrencyAndAmount,0,1
pacs.007.001.14,/Document/FIToFIPmtRvsl/TxInf/OrgnlTxRef/RmtInf/Strd/GrnshmtRmt/FmlyMdclInsrncInd,FmlyMdclInsrncInd,TrueFalseIndicator,0,1
pacs.007.001.14,/Document/FIToFIPmtRvsl/TxInf/OrgnlTxRef/RmtInf/Strd/GrnshmtRmt/MplyeeTermntnInd,MplyeeTermntnInd,TrueFalseIndicator,0,1
pacs.007.001.14,/Document/FIToFIPmtRvsl/TxInf/OrgnlTxRef/RmtInf/Strd/SctiesData,SctiesData,SecuritiesAttributes1,0,
pacs.007.001.14,/Document/FIToFIPmtRvsl/TxInf/OrgnlTxRef/RmtInf/Strd/SctiesData/UnqTxIdr,UnqTxIdr,UTIIdentifier,1,1
pacs.007.001.14,/Document/FIToFIPmtRvsl/TxInf/OrgnlTxRef/RmtInf/Strd/SctiesData/Amt,Amt,ActiveCurrencyAndAmount,0,1
pacs.007.001.14,/Document/FIToFIPmtRvsl/TxInf/OrgnlTxRef/RmtInf/Strd/AddtlRmtInf,AddtlRmtInf,Max140Text,0,3
pacs.007.001.14,/Document/FIToFIPmtRvsl/TxInf/OrgnlTxRef/UltmtDbtr,UltmtDbtr,Party50Choice,0,1
pacs.007.001.14,/Document/FIToFIPmtRvsl/TxInf/OrgnlTxRef/UltmtDbtr/Pty,Pty,PartyIdentification272,1,1
pacs.007.001.14,/Document/FIToFIPmtRvsl/TxInf/OrgnlTxRef/UltmtDbtr/Pty/Nm,Nm,Max140Text,0,1
pacs.007.001.14,/Document/FIToFIPmtRvsl/TxInf/OrgnlTxRef/UltmtDbtr/Pty/PstlAdr,PstlAdr,PostalAddress27,0,1
pacs.007.001.14,/Document/FIToFIPmtRvsl/TxInf/OrgnlTxRef/UltmtDbtr/Pty/PstlAdr/AdrTp,AdrTp,AddressType3Choice,0,1
pacs.007.001.14,/Document/FIToFIPmtRvsl/TxInf/OrgnlTxRef/UltmtDbtr/Pty/PstlAdr/AdrTp/Cd,Cd,AddressType2Code,1,1
pacs.007.001.14,/Document/FIToFIPmtRvsl/TxInf/OrgnlTxRef/UltmtDbtr/Pty/PstlAdr/AdrTp/Prtry,Prtry,GenericIdentification30,1,1
pacs.007.001.14,/Document/FIToFIPmtRvsl/TxInf/OrgnlTxRef/UltmtDbtr/Pty/PstlAdr/AdrTp/Prtry/Id,Id,Exact4AlphaNumericText,1,1
pacs.007.001.14,/Document/FIToFIPmtRvsl/TxInf/OrgnlTxRef/UltmtDbtr/Pty/PstlAdr/AdrTp/Prtry/Issr,Issr,Max35Text,1,1
pacs.007.001.14,/Document/FIToFIPmtRvsl/TxInf/OrgnlTxRef/UltmtDbtr/Pty/PstlAdr/AdrTp/Prtry/SchmeNm,SchmeNm,Max35Text,0,1
pacs.007.001.14,/Document/FIToFIPmtRvsl/TxInf/OrgnlTxRef/UltmtDbtr/Pty/PstlAdr/CareOf,CareOf,Max140Text,0,1
pacs.007.001.14,/Document/FIToFIPmtRvsl/TxInf/OrgnlTxRef/UltmtDbtr/Pty/PstlAdr/Dept,Dept,Max70Text,0,1
pacs.007.001.14,/Document/FIToFIPmtRvsl/TxInf/OrgnlTxRef/UltmtDbtr/Pty/PstlAdr/SubDept,SubDept,Max70Text,0,1
pacs.007.001.14,/Document/FIToFIPmtRvsl/TxInf/OrgnlTxRef/UltmtDbtr/Pty/PstlAdr/StrtNm,StrtNm,Max140Text,0,1
pacs.007.001.14,/Document/FIToFIPmtRvsl/TxInf/OrgnlTxRef/UltmtDbtr/Pty/PstlAdr/BldgNb,BldgNb,Max16Text,0,1
pacs.007.001.14,/Document/FIToFIPmtRvsl/TxInf/OrgnlTxRef/UltmtDbtr/Pty/PstlAdr/BldgNm,BldgNm,Max140Text,0,1
pacs.007.001.14,/Document/FIToFIPmtRvsl/TxInf/OrgnlTxRef/UltmtDbtr/Pty/PstlAdr/Flr,Flr,Max70Text,0,1
pacs.007.001.14,/Document/FIToFIPmtRvsl/TxInf/OrgnlTxRef/UltmtDbtr/Pty/PstlAdr/UnitNb,UnitNb,Max16Text,0,1
pacs.007.001.14,/Document/FIToFIPmtRvsl/TxInf/OrgnlTxRef/UltmtDbtr/Pty/PstlAdr/PstBx,PstBx,Max16Text,0,1
pacs.007.001.14,/Document/FIToFIPmtRvsl/TxInf/OrgnlTxRef/UltmtDbtr/Pty/PstlAdr/Room,Room,Max70Text,0,1
pacs.007.001.14,/Document/FIToFIPmtRvsl/TxInf/OrgnlTxRef/UltmtDbtr/Pty/PstlAdr/PstCd,PstCd,Max16Text,0,1
pacs.007.001.14,/Document/FIToFIPmtRvsl/TxInf/OrgnlTxRef/UltmtDbtr/Pty/PstlAdr/TwnNm,TwnNm,Max140Text,0,1
pacs.007.001.14,/Document/FIToFIPmtRvsl/TxInf/OrgnlTxRef/UltmtDbtr/Pty/PstlAdr/TwnLctnNm,TwnLctnNm,Max140Text,0,1
pacs.007.001.14,/Document/FIToFIPmtRvsl/TxInf/OrgnlTxRef/UltmtDbtr/Pty/PstlAdr/DstrctNm,DstrctNm,Max140Text,0,1
pacs.007.001.14,/Document/FIToFIPmtRvsl/TxInf/OrgnlTxRef/UltmtDbtr/Pty/PstlAdr/CtrySubDvsn,CtrySubDvsn,Max35Text,0,1
pacs.007.001.14,/Document/FIToFIPmtRvsl/TxInf/OrgnlTxRef/UltmtDbtr/Pty/PstlAdr/Ctry,Ctry,CountryCode,0,1
pacs.007.001.14,/Document/FIToFIPmtRvsl/TxInf/OrgnlTxRef/UltmtDbtr/Pty/PstlAdr/AdrLine,AdrLine,Max70Text,0,7
pacs.007.001.14,/Document/FIToFIPmtRvsl/TxInf/OrgnlTxRef/UltmtDbtr/Pty/Id,Id,Party52Choice,0,1
pacs.007.001.14,/Document/FIToFIPmtRvsl/TxInf/OrgnlTxRef/UltmtDbtr/Pty/Id/OrgId,OrgId,OrganisationIdentification39,1,1
pacs.007.001.14,/Document/FIToFIPmtRvsl/TxInf/OrgnlTxRef/UltmtDbtr/Pty/Id/OrgId/AnyBIC,AnyBIC,AnyBICDec2014Identifier,0,1
pacs.007.001.14,/Document/FIToFIPmtRvsl/TxInf/OrgnlTxRef/UltmtDbtr/Pty/Id/OrgId/LEI,LEI,LEIIdentifier,0,1
pacs.007.001.14,/Document/FIToFIPmtRvsl/TxInf/OrgnlTxRef/UltmtDbtr/Pty/Id/OrgId/Othr,Othr,GenericOrganisationIdentification3,0,
pacs.007.001.14,/Document/FIToFIPmtRvsl/TxInf/OrgnlTxRef/UltmtDbtr/Pty/Id/OrgId/Othr/Id,Id,Max256Text,1,1
pacs.007.001.14,/Document/FIToFIPmtRvsl/TxInf/OrgnlTxRef/UltmtDbtr/Pty/Id/OrgId/Othr/SchmeNm,SchmeNm,OrganisationIdentificationSchemeName1Choice,0,1
pacs.007.001.14,/Document/FIToFIPmtRvsl/TxInf/OrgnlTxRef/UltmtDbtr/Pty/Id/OrgId/Othr/SchmeNm/Cd,Cd,ExternalOrganisationIdentification1Code,1,1
pacs.007.001.14,/Document/FIToFIPmtRvsl/TxInf/OrgnlTxRef/UltmtDbtr/Pty/Id/OrgId/Othr/SchmeNm/Prtry,Prtry,Max35Text,1,1
pacs.007.001.14,/Document/FIToFIPmtRvsl/TxInf/OrgnlTxRef/UltmtDbtr/Pty/Id/OrgId/Othr/Issr,Issr,Max35Text,0,1
pacs.007.001.14,/Document/FIToFIPmtRvsl/TxInf/OrgnlTxRef/UltmtDbtr/Pty/Id/PrvtId,PrvtId,PersonIdentification18,1,1
pacs.007.001.14,/Document/FIToFIPmtRvsl/TxInf/OrgnlTxRef/UltmtDbtr/Pty/Id/PrvtId/DtAndPlcOfBirth,DtAndPlcOfBirth,DateAndPlaceOfBirth1,0,1
pacs.007.001.14,/Document/FIToFIPmtRvsl/TxInf/OrgnlTxRef/UltmtDbtr/Pty/Id/PrvtId/DtAndPlcOfBirth/BirthDt,BirthDt,ISODate,1,1
pacs.007.001.14,/Document/FIToFIPmtRvsl/TxInf/OrgnlTxRef/UltmtDbtr/Pty/Id/PrvtId/DtAndPlcOfBirth/PrvcOfBirth,PrvcOfBirth,Max35Text,0,1
pacs.007.001.14,/Document/FIToFIPmtRvsl/TxInf/OrgnlTxRef/UltmtDbtr/Pty/Id/PrvtId/DtAndPlcOfBirth/CityOfBirth,CityOfBirth,Max35Text,1,1
pacs.007.001.14,/Document/FIToFIPmtRvsl/TxInf/OrgnlTxRef/UltmtDbtr/Pty/Id/PrvtId/DtAndPlcOfBirth/CtryOfBirth,CtryOfBirth,CountryCode,1,1
pacs.007.001.14,/Document/FIToFIPmtRvsl/TxInf/OrgnlTxRef/UltmtDbtr/Pty/Id/PrvtId/Othr,Othr,GenericPersonIdentification2,0,
pacs.007.001.14,/Document/FIToFIPmtRvsl/TxInf/OrgnlTxRef/UltmtDbtr/Pty/Id/PrvtId/Othr/Id,Id,Max256Text,1,1
pacs.007.001.14,/Document/FIToFIPmtRvsl/TxInf/OrgnlTxRef/UltmtDbtr/Pty/Id/PrvtId/Othr/SchmeNm,SchmeNm,PersonIdentificationSchemeName1Choice,0,1
pacs.007.001.14,/Document/FIToFIPmtRvsl/TxInf/OrgnlTxRef/UltmtDbtr/Pty/Id/PrvtId/Othr/SchmeNm/Cd,Cd,ExternalPersonIdentification1Code,1,1
pacs.007.001.14,/Document/FIToFIPmtRvsl/TxInf/OrgnlTxRef/UltmtDbtr/Pty/Id/PrvtId/Othr/SchmeNm/Prtry,Prtry,Max35Text,1,1
pacs.007.001.14,/Document/FIToFIPmtRvsl/TxInf/OrgnlTxRef/UltmtDbtr/Pty/Id/PrvtId/Othr/Issr,Issr,Max35Text,0,1
pacs.007.001.14,/Document/FIToFIPmtRvsl/TxInf/OrgnlTxRef/UltmtDbtr/Pty/CtryOfRes,CtryOfRes,CountryCode,0,1
pacs.007.001.14,/Document/FIToFIPmtRvsl/TxInf/OrgnlTxRef/UltmtDbtr/Pty/CtctDtls,CtctDtls,Contact13,0,1
pacs.007.001.14,/Document/FIToFIPmtRvsl/TxInf/OrgnlTxRef/UltmtDbtr/Pty/CtctDtls/NmPrfx,NmPrfx,NamePrefix2Code,0,1
pacs.007.001.14,/Document/FIToFIPmtRvsl/TxInf/OrgnlTxRef/UltmtDbtr/Pty/CtctDtls/Nm,Nm,Max140Text,0,1
pacs.007.001.14,/Document/FIToFIPmtRvsl/TxInf/OrgnlTxRef/UltmtDbtr/Pty/CtctDtls/PhneNb,PhneNb,PhoneNumber,0,1
pacs.007.001.14,/Document/FIToFIPmtRvsl/TxInf/OrgnlTxRef/UltmtDbtr/Pty/CtctDtls/MobNb,MobNb,PhoneNumber,0,1
pacs.007.001.14,/Document/FIToFIPmtRvsl/TxInf/OrgnlTxRef/UltmtDbtr/Pty/CtctDtls/FaxNb,FaxNb,PhoneNumber,0,1
pacs.007.001.14,/Document/FIToFIPmtRvsl/TxInf/OrgnlTxRef/UltmtDbtr/Pty/CtctDtls/URLAdr,URLAdr,Max2048Text,0,1
pacs.007.001.14,/Document/FIToFIPmtRvsl/TxInf/OrgnlTxRef/UltmtDbtr/Pty/CtctDtls/EmailAdr,EmailAdr,Max256Text,0,1
pacs.007.001.14,/Document/FIToFIPmtRvsl/TxInf/OrgnlTxRef/UltmtDbtr/Pty/CtctDtls/EmailPurp,EmailPurp,Max35Text,0,1
pacs.007.001.14,/Document/FIToFIPmtRvsl/TxInf/OrgnlTxRef/UltmtDbtr/Pty/CtctDtls/JobTitl,JobTitl,Max35Text,0,1
pacs.007.001.14,/Document/FIToFIPmtRvsl/TxInf/OrgnlTxRef/UltmtDbtr/Pty/CtctDtls/Rspnsblty,Rspnsblty,Max35Text,0,1
pacs.007.001.14,/Document/FIToFIPmtRvsl/TxInf/OrgnlTxRef/UltmtDbtr/Pty/CtctDtls/Dept,Dept,Max70Text,0,1
pacs.007.001.14,/Document/FIToFIPmtRvsl/TxInf/OrgnlTxRef/UltmtDbtr/Pty/CtctDtls/Othr,Othr,OtherContact1,0,
pacs.007.001.14,/Document/FIToFIPmtRvsl/TxInf/OrgnlTxRef/UltmtDbtr/Pty/CtctDtls/Othr/ChanlTp,ChanlTp,Max4Text,1,1
pacs.007.001.14,/Document/FIToFIPmtRvsl/TxInf/OrgnlTxRef/UltmtDbtr/Pty/CtctDtls/Othr/Id,Id,Max128Text,0,1
pacs.007.001.14,/Document/FIToFIPmtRvsl/TxInf/OrgnlTxRef/UltmtDbtr/Pty/CtctDtls/PrefrdMtd,PrefrdMtd,PreferredContactMethod2Code,0,1
pacs.007.001.14,/Document/FIToFIPmtRvsl/TxInf/OrgnlTxRef/UltmtDbtr/Agt,Agt,BranchAndFinancialInstitutionIdentification8,1,1
pacs.007.001.14,/Document/FIToFIPmtRvsl/TxInf/OrgnlTxRef/UltmtDbtr/Agt/FinInstnId,FinInstnId,FinancialInstitutionIdentification23,1,1
pacs.007.001.14,/Document/FIToFIPmtRvsl/TxInf/OrgnlTxRef/UltmtDbtr/Agt/FinInstnId/BICFI,BICFI,BICFIDec2014Identifier,0,1
pacs.007.001.14,/Document/FIToFIPmtRvsl/TxInf/OrgnlTxRef/UltmtDbtr/Agt/FinInstnId/ClrSysMmbId,ClrSysMmbId,ClearingSystemMemberIdentification2,0,1
pacs.007.001.14,/Document/FIToFIPmtRvsl/TxInf/OrgnlTxRef/UltmtDbtr/Agt/FinInstnId/ClrSysMmbId/ClrSysId,ClrSysId,ClearingSystemIdentification2Choice,0,1
pacs.007.001.14,/Document/FIToFIPmtRvsl/TxInf/OrgnlTxRef/UltmtDbtr/Agt/FinInstnId/ClrSysMmbId/ClrSysId/Cd,Cd,ExternalClearingSystemIdentification1Code,1,1
pacs.007.001.14,/Document/FIToFIPmtRvsl/TxInf/OrgnlTxRef/UltmtDbtr/Agt/FinInstnId/ClrSysMmbId/ClrSysId/Prtry,Prtry,Max35Text,1,1
pacs.007.001.14,/Document/FIToFIPmtRvsl/TxInf/OrgnlTxRef/UltmtDbtr/Agt/FinInstnId/ClrSysMmbId/MmbId,MmbId,Max35Text,1,1
pacs.007.001.14,/Document/FIToFIPmtRvsl/TxInf/OrgnlTxRef/UltmtDbtr/Agt/FinInstnId/LEI,LEI,LEIIdentifier,0,1
pacs.007.001.14,/Document/FIToFIPmtRvsl/TxInf/OrgnlTxRef/UltmtDbtr/Agt/FinInstnId/Nm,Nm,Max140Text,0,1
pacs.007.001.14,/Document/FIToFIPmtRvsl/TxInf/OrgnlTxRef/UltmtDbtr/Agt/FinInstnId/PstlAdr,PstlAdr,PostalAddress27,0,1
pacs.007.001.14,/Document/FIToFIPmtRvsl/TxInf/OrgnlTxRef/UltmtDbtr/Agt/FinInstnId/PstlAdr/AdrTp,AdrTp,AddressType3Choice,0,1
pacs.007.001.14,/Document/FIToFIPmtRvsl/TxInf/OrgnlTxRef/UltmtDbtr/Agt/FinInstnId/PstlAdr/AdrTp/Cd,Cd,AddressType2Code,1,1
pacs.007.001.14,/Document/FIToFIPmtRvsl/TxInf/OrgnlTxRef/UltmtDbtr/Agt/FinInstnId/PstlAdr/AdrTp/Prtry,Prtry,GenericIdentification30,1,1
pacs.007.001.14,/Document/FIToFIPmtRvsl/TxInf/OrgnlTxRef/UltmtDbtr/Agt/FinInstnId/PstlAdr/AdrTp/Prtry/Id,Id,Exact4AlphaNumericText,1,1
pacs.007.001.14,/Document/FIToFIPmtRvsl/TxInf/OrgnlTxRef/UltmtDbtr/Agt/FinInstnId/PstlAdr/AdrTp/Prtry/Issr,Issr,Max35Text,1,1
pacs.007.001.14,/Document/FIToFIPmtRvsl/TxInf/OrgnlTxRef/UltmtDbtr/Agt/FinInstnId/PstlAdr/AdrTp/Prtry/SchmeNm,SchmeNm,Max35Text,0,1
pacs.007.001.14,/Document/FIToFIPmtRvsl/TxInf/OrgnlTxRef/UltmtDbtr/Agt/FinInstnId/PstlAdr/CareOf,CareOf,Max140Text,0,1
pacs.007.001.14,/Document/FIToFIPmtRvsl/TxInf/OrgnlTxRef/UltmtDbtr/Agt/FinInstnId/PstlAdr/Dept,Dept,Max70Text,0,1
pacs.007.001.14,/Document/FIToFIPmtRvsl/TxInf/OrgnlTxRef/UltmtDbtr/Agt/FinInstnId/PstlAdr/SubDept,SubDept,Max70Text,0,1
pacs.007.001.14,/Document/FIToFIPmtRvsl/TxInf/OrgnlTxRef/UltmtDbtr/Agt/FinInstnId/PstlAdr/StrtNm,StrtNm,Max140Text,0,1
pacs.007.001.14,/Document/FIToFIPmtRvsl/TxInf/OrgnlTxRef/UltmtDbtr/Agt/FinInstnId/PstlAdr/BldgNb,BldgNb,Max16Text,0,1
pacs.007.001.14,/Document/FIToFIPmtRvsl/TxInf/OrgnlTxRef/UltmtDbtr/Agt/FinInstnId/PstlAdr/BldgNm,BldgNm,Max140Text,0,1
pacs.007.001.14,/Document/FIToFIPmtRvsl/TxInf/OrgnlTxRef/UltmtDbtr/Agt/FinInstnId/PstlAdr/Flr,Flr,Max70Text,0,1
pacs.007.001.14,/Document/FIToFIPmtRvsl/TxInf/OrgnlTxRef/UltmtDbtr/Agt/FinInstnId/PstlAdr/UnitNb,UnitNb,Max16Text,0,1
pacs.007.001.14,/Document/FIToFIPmtRvsl/TxInf/OrgnlTxRef/UltmtDbtr/Agt/FinInstnId/PstlAdr/PstBx,PstBx,Max16Text,0,1
pacs.007.001.14,/Document/FIToFIPmtRvsl/TxInf/OrgnlTxRef/UltmtDbtr/Agt/FinInstnId/PstlAdr/Room,Room,Max70Text,0,1
pacs.007.001.14,/Document/FIToFIPmtRvsl/TxInf/OrgnlTxRef/UltmtDbtr/Agt/FinInstnId/PstlAdr/PstCd,PstCd,Max16Text,0,1
pacs.007.001.14,/Document/FIToFIPmtRvsl/TxInf/OrgnlTxRef/UltmtDbtr/Agt/FinInstnId/PstlAdr/TwnNm,TwnNm,Max140Text,0,1
pacs.007.001.14,/Document/FIToFIPmtRvsl/TxInf/OrgnlTxRef/UltmtDbtr/Agt/FinInstnId/PstlAdr/TwnLctnNm,TwnLctnNm,Max140Text,0,1
pacs.007.001.14,/Document/FIToFIPmtRvsl/TxInf/OrgnlTxRef/UltmtDbtr/Agt/FinInstnId/PstlAdr/DstrctNm,DstrctNm,Max140Text,0,1
pacs.007.001.14,/Document/FIToFIPmtRvsl/TxInf/OrgnlTxRef/UltmtDbtr/Agt/FinInstnId/PstlAdr/CtrySubDvsn,CtrySubDvsn,Max35Text,0,1
pacs.007.001.14,/Document/FIToFIPmtRvsl/TxInf/OrgnlTxRef/UltmtDbtr/Agt/FinInstnId/PstlAdr/Ctry,Ctry,CountryCode,0,1
pacs.007.001.14,/Document/FIToFIPmtRvsl/TxInf/OrgnlTxRef/UltmtDbtr/Agt/FinInstnId/PstlAdr/AdrLine,AdrLine,Max70Text,0,7
pacs.007.001.14,/Document/FIToFIPmtRvsl/TxInf/OrgnlTxRef/UltmtDbtr/Agt/FinInstnId/Othr,Othr,GenericFinancialIdentification1,0,1
pacs.007.001.14,/Document/FIToFIPmtRvsl/TxInf/OrgnlTxRef/UltmtDbtr/Agt/FinInstnId/Othr/Id,Id,Max35Text,1,1
pacs.007.001.14,/Document/FIToFIPmtRvsl/TxInf/OrgnlTxRef/UltmtDbtr/Agt/FinInstnId/Othr/SchmeNm,SchmeNm,FinancialIdentificationSchemeName1Choice,0,1
pacs.007.001.14,/Document/FIToFIPmtRvsl/TxInf/OrgnlTxRef/UltmtDbtr/Agt/FinInstnId/Othr/SchmeNm/Cd,Cd,ExternalFinancialInstitutionIdentification1Code,1,1
pacs.007.001.14,/Document/FIToFIPmtRvsl/TxInf/OrgnlTxRef/UltmtDbtr/Agt/FinInstnId/Othr/SchmeNm/Prtry,Prtry,Max35Text,1,1
pacs.007.001.14,/Document/FIToFIPmtRvsl/TxInf/OrgnlTxRef/UltmtDbtr/Agt/FinInstnId/Othr/Issr,Issr,Max35Text,0,1
pacs.007.001.14,/Document/FIToFIPmtRvsl/TxInf/OrgnlTxRef/UltmtDbtr/Agt/BrnchId,BrnchId,BranchData5,0,1
pacs.007.001.14,/Document/FIToFIPmtRvsl/TxInf/OrgnlTxRef/UltmtDbtr/Agt/BrnchId/Id,Id,Max35Text,0,1
pacs.007.001.14,/Document/FIToFIPmtRvsl/TxInf/OrgnlTxRef/UltmtDbtr/Agt/BrnchId/LEI,LEI,LEIIdentifier,0,1
pacs.007.001.14,/Document/FIToFIPmtRvsl/TxInf/OrgnlTxRef/UltmtDbtr/Agt/BrnchId/Nm,Nm,Max140Text,0,1
pacs.007.001.14,/Document/FIToFIPmtRvsl/TxInf/OrgnlTxRef/UltmtDbtr/Agt/BrnchId/PstlAdr,PstlAdr,PostalAddress27,0,1
pacs.007.001.14,/Document/FIToFIPmtRvsl/TxInf/OrgnlTxRef/UltmtDbtr/Agt/BrnchId/PstlAdr/AdrTp,AdrTp,AddressType3Choice,0,1
pacs.007.001.14,/Document/FIToFIPmtRvsl/TxInf/OrgnlTxRef/UltmtDbtr/Agt/BrnchId/PstlAdr/AdrTp/Cd,Cd,AddressType2Code,1,1
pacs.007.001.14,/Document/FIToFIPmtRvsl/TxInf/OrgnlTxRef/UltmtDbtr/Agt/BrnchId/PstlAdr/AdrTp/Prtry,Prtry,GenericIdentification30,1,1
pacs.007.001.14,/Document/FIToFIPmtRvsl/TxInf/OrgnlTxRef/UltmtDbtr/Agt/BrnchId/PstlAdr/AdrTp/Prtry/Id,Id,Exact4AlphaNumericText,1,1
pacs.007.001.14,/Document/FIToFIPmtRvsl/TxInf/OrgnlTxRef/UltmtDbtr/Agt/BrnchId/PstlAdr/AdrTp/Prtry/Issr,Issr,Max35Text,1,1
pacs.007.001.14,/Document/FIToFIPmtRvsl/TxInf/OrgnlTxRef/UltmtDbtr/Agt/BrnchId/PstlAdr/AdrTp/Prtry/SchmeNm,SchmeNm,Max35Text,0,1
pacs.007.001.14,/Document/FIToFIPmtRvsl/TxInf/OrgnlTxRef/UltmtDbtr/Agt/BrnchId/PstlAdr/CareOf,CareOf,Max140Text,0,1
pacs.007.001.14,/Document/FIToFIPmtRvsl/TxInf/OrgnlTxRef/UltmtDbtr/Agt/BrnchId/PstlAdr/Dept,Dept,Max70Text,0,1
pacs.007.001.14,/Document/FIToFIPmtRvsl/TxInf/OrgnlTxRef/UltmtDbtr/Agt/BrnchId/PstlAdr/SubDept,SubDept,Max70Text,0,1
pacs.007.001.14,/Document/FIToFIPmtRvsl/TxInf/OrgnlTxRef/UltmtDbtr/Agt/BrnchId/PstlAdr/StrtNm,StrtNm,Max140Text,0,1
pacs.007.001.14,/Document/FIToFIPmtRvsl/TxInf/OrgnlTxRef/UltmtDbtr/Agt/BrnchId/PstlAdr/BldgNb,BldgNb,Max16Text,0,1
pacs.007.001.14,/Document/FIToFIPmtRvsl/TxInf/OrgnlTxRef/UltmtDbtr/Agt/BrnchId/PstlAdr/BldgNm,BldgNm,Max140Text,0,1
pacs.007.001.14,/Document/FIToFIPmtRvsl/TxInf/OrgnlTxRef/UltmtDbtr/Agt/BrnchId/PstlAdr/Flr,Flr,Max70Text,0,1
pacs.007.001.14,/Document/FIToFIPmtRvsl/TxInf/OrgnlTxRef/UltmtDbtr/Agt/BrnchId/PstlAdr/UnitNb,UnitNb,Max16Text,0,1
pacs.007.001.14,/Document/FIToFIPmtRvsl/TxInf/OrgnlTxRef/UltmtDbtr/Agt/BrnchId/PstlAdr/PstBx,PstBx,Max16Text,0,1
pacs.007.001.14,/Document/FIToFIPmtRvsl/TxInf/OrgnlTxRef/UltmtDbtr/Agt/BrnchId/PstlAdr/Room,Room,Max70Text,0,1
pacs.007.001.14,/Document/FIToFIPmtRvsl/TxInf/OrgnlTxRef/UltmtDbtr/Agt/BrnchId/PstlAdr/PstCd,PstCd,Max16Text,0,1
pacs.007.001.14,/Document/FIToFIPmtRvsl/TxInf/OrgnlTxRef/UltmtDbtr/Agt/BrnchId/PstlAdr/TwnNm,TwnNm,Max140Text,0,1
pacs.007.001.14,/Document/FIToFIPmtRvsl/TxInf/OrgnlTxRef/UltmtDbtr/Agt/BrnchId/PstlAdr/TwnLctnNm,TwnLctnNm,Max140Text,0,1
pacs.007.001.14,/Document/FIToFIPmtRvsl/TxInf/OrgnlTxRef/UltmtDbtr/Agt/BrnchId/PstlAdr/DstrctNm,DstrctNm,Max140Text,0,1
pacs.007.001.14,/Document/FIToFIPmtRvsl/TxInf/OrgnlTxRef/UltmtDbtr/Agt/BrnchId/PstlAdr/CtrySubDvsn,CtrySubDvsn,Max35Text,0,1
pacs.007.001.14,/Document/FIToFIPmtRvsl/TxInf/OrgnlTxRef/UltmtDbtr/Agt/BrnchId/PstlAdr/Ctry,Ctry,CountryCode,0,1
pacs.007.001.14,/Document/FIToFIPmtRvsl/TxInf/OrgnlTxRef/UltmtDbtr/Agt/BrnchId/PstlAdr/AdrLine,AdrLine,Max70Text,0,7
pacs.007.001.14,/Document/FIToFIPmtRvsl/TxInf/OrgnlTxRef/Dbtr,Dbtr,Party50Choice,0,1
pacs.007.001.14,/Document/FIToFIPmtRvsl/TxInf/OrgnlTxRef/Dbtr/Pty,Pty,PartyIdentification272,1,1
pacs.007.001.14,/Document/FIToFIPmtRvsl/TxInf/OrgnlTxRef/Dbtr/Pty/Nm,Nm,Max140Text,0,1
pacs.007.001.14,/Document/FIToFIPmtRvsl/TxInf/OrgnlTxRef/Dbtr/Pty/PstlAdr,PstlAdr,PostalAddress27,0,1
pacs.007.001.14,/Document/FIToFIPmtRvsl/TxInf/OrgnlTxRef/Dbtr/Pty/PstlAdr/AdrTp,AdrTp,AddressType3Choice,0,1
pacs.007.001.14,/Document/FIToFIPmtRvsl/TxInf/OrgnlTxRef/Dbtr/Pty/PstlAdr/AdrTp/Cd,Cd,AddressType2Code,1,1
pacs.007.001.14,/Document/FIToFIPmtRvsl/TxInf/OrgnlTxRef/Dbtr/Pty/PstlAdr/AdrTp/Prtry,Prtry,GenericIdentification30,1,1
pacs.007.001.14,/Document/FIToFIPmtRvsl/TxInf/OrgnlTxRef/Dbtr/Pty/PstlAdr/AdrTp/Prtry/Id,Id,Exact4AlphaNumericText,1,1
pacs.007.001.14,/Document/FIToFIPmtRvsl/TxInf/OrgnlTxRef/Dbtr/Pty/PstlAdr/AdrTp/Prtry/Issr,Issr,Max35Text,1,1
pacs.007.001.14,/Document/FIToFIPmtRvsl/TxInf/OrgnlTxRef/Dbtr/Pty/PstlAdr/AdrTp/Prtry/SchmeNm,SchmeNm,Max35Text,0,1
pacs.007.001.14,/Document/FIToFIPmtRvsl/TxInf/OrgnlTxRef/Dbtr/Pty/PstlAdr/CareOf,CareOf,Max140Text,0,1
pacs.007.001.14,/Document/FIToFIPmtRvsl/TxInf/OrgnlTxRef/Dbtr/Pty/PstlAdr/Dept,Dept,Max70Text,0,1
pacs.007.001.14,/Document/FIToFIPmtRvsl/TxInf/OrgnlTxRef/Dbtr/Pty/PstlAdr/SubDept,SubDept,Max70Text,0,1
pacs.007.001.14,/Document/FIToFIPmtRvsl/TxInf/OrgnlTxRef/Dbtr/Pty/PstlAdr/StrtNm,StrtNm,Max140Text,0,1
pacs.007.001.14,/Document/FIToFIPmtRvsl/TxInf/OrgnlTxRef/Dbtr/Pty/PstlAdr/BldgNb,BldgNb,Max16Text,0,1
pacs.007.001.14,/Document/FIToFIPmtRvsl/TxInf/OrgnlTxRef/Dbtr/Pty/PstlAdr/BldgNm,BldgNm,Max140Text,0,1
pacs.007.001.14,/Document/FIToFIPmtRvsl/TxInf/OrgnlTxRef/Dbtr/Pty/PstlAdr/Flr,Flr,Max70Text,0,1
pacs.007.001.14,/Document/FIToFIPmtRvsl/TxInf/OrgnlTxRef/Dbtr/Pty/PstlAdr/UnitNb,UnitNb,Max16Text,0,1
pacs.007.001.14,/Document/FIToFIPmtRvsl/TxInf/OrgnlTxRef/Dbtr/Pty/PstlAdr/PstBx,PstBx,Max16Text,0,1
pacs.007.001.14,/Document/FIToFIPmtRvsl/TxInf/OrgnlTxRef/Dbtr/Pty/PstlAdr/Room,Room,Max70Text,0,1
pacs.007.001.14,/Document/FIToFIPmtRvsl/TxInf/OrgnlTxRef/Dbtr/Pty/PstlAdr/PstCd,PstCd,Max16Text,0,1
pacs.007.001.14,/Document/FIToFIPmtRvsl/TxInf/OrgnlTxRef/Dbtr/Pty/PstlAdr/TwnNm,TwnNm,Max140Text,0,1
pacs.007.001.14,/Document/FIToFIPmtRvsl/TxInf/OrgnlTxRef/Dbtr/Pty/PstlAdr/TwnLctnNm,TwnLctnNm,Max140Text,0,1
pacs.007.001.14,/Document/FIToFIPmtRvsl/TxInf/OrgnlTxRef/Dbtr/Pty/PstlAdr/DstrctNm,DstrctNm,Max140Text,0,1
pacs.007.001.14,/Document/FIToFIPmtRvsl/TxInf/OrgnlTxRef/Dbtr/Pty/PstlAdr/CtrySubDvsn,CtrySubDvsn,Max35Text,0,1
pacs.007.001.14,/Document/FIToFIPmtRvsl/TxInf/OrgnlTxRef/Dbtr/Pty/PstlAdr/Ctry,Ctry,CountryCode,0,1
pacs.007.001.14,/Document/FIToFIPmtRvsl/TxInf/OrgnlTxRef/Dbtr/Pty/PstlAdr/AdrLine,AdrLine,Max70Text,0,7
pacs.007.001.14,/Document/FIToFIPmtRvsl/TxInf/OrgnlTxRef/Dbtr/Pty/Id,Id,Party52Choice,0,1
pacs.007.001.14,/Document/FIToFIPmtRvsl/TxInf/OrgnlTxRef/Dbtr/Pty/Id/OrgId,OrgId,OrganisationIdentification39,1,1
pacs.007.001.14,/Document/FIToFIPmtRvsl/TxInf/OrgnlTxRef/Dbtr/Pty/Id/OrgId/AnyBIC,AnyBIC,AnyBICDec2014Identifier,0,1
pacs.007.001.14,/Document/FIToFIPmtRvsl/TxInf/OrgnlTxRef/Dbtr/Pty/Id/OrgId/LEI,LEI,LEIIdentifier,0,1
pacs.007.001.14,/Document/FIToFIPmtRvsl/TxInf/OrgnlTxRef/Dbtr/Pty/Id/OrgId/Othr,Othr,GenericOrganisationIdentification3,0,
pacs.007.001.14,/Document/FIToFIPmtRvsl/TxInf/OrgnlTxRef/Dbtr/Pty/Id/OrgId/Othr/Id,Id,Max256Text,1,1
pacs.007.001.14,/Document/FIToFIPmtRvsl/TxInf/OrgnlTxRef/Dbtr/Pty/Id/OrgId/Othr/SchmeNm,SchmeNm,OrganisationIdentificationSchemeName1Choice,0,1
pacs.007.001.14,/Document/FIToFIPmtRvsl/TxInf/OrgnlTxRef/Dbtr/Pty/Id/OrgId/Othr/SchmeNm/Cd,Cd,ExternalOrganisationIdentification1Code,1,1
pacs.007.001.14,/Document/FIToFIPmtRvsl/TxInf/OrgnlTxRef/Dbtr/Pty/Id/OrgId/Othr/SchmeNm/Prtry,Prtry,Max35Text,1,1
pacs.007.001.14,/Document/FIToFIPmtRvsl/TxInf/OrgnlTxRef/Dbtr/Pty/Id/OrgId/Othr/Issr,Issr,Max35Text,0,1
pacs.007.001.14,/Document/FIToFIPmtRvsl/TxInf/OrgnlTxRef/Dbtr/Pty/Id/PrvtId,PrvtId,PersonIdentification18,1,1
pacs.007.001.14,/Document/FIToFIPmtRvsl/TxInf/OrgnlTxRef/Dbtr/Pty/Id/PrvtId/DtAndPlcOfBirth,DtAndPlcOfBirth,DateAndPlaceOfBirth1,0,1
pacs.007.001.14,/Document/FIToFIPmtRvsl/TxInf/OrgnlTxRef/Dbtr/Pty/Id/PrvtId/DtAndPlcOfBirth/BirthDt,BirthDt,ISODate,1,1
pacs.007.001.14,/Document/FIToFIPmtRvsl/TxInf/OrgnlTxRef/Dbtr/Pty/Id/PrvtId/DtAndPlcOfBirth/PrvcOfBirth,PrvcOfBirth,Max35Text,0,1
pacs.007.001.14,/Document/FIToFIPmtRvsl/TxInf/OrgnlTxRef/Dbtr/Pty/Id/PrvtId/DtAndPlcOfBirth/CityOfBirth,CityOfBirth,Max35Text,1,1
pacs.007.001.14,/Document/FIToFIPmtRvsl/TxInf/OrgnlTxRef/Dbtr/Pty/Id/PrvtId/DtAndPlcOfBirth/CtryOfBirth,CtryOfBirth,CountryCode,1,1
pacs.007.001.14,/Document/FIToFIPmtRvsl/TxInf/OrgnlTxRef/Dbtr/Pty/Id/PrvtId/Othr,Othr,GenericPersonIdentification2,0,
pacs.007.001.14,/Document/FIToFIPmtRvsl/TxInf/OrgnlTxRef/Dbtr/Pty/Id/PrvtId/Othr/Id,Id,Max256Text,1,1
pacs.007.001.14,/Document/FIToFIPmtRvsl/TxInf/OrgnlTxRef/Dbtr/Pty/Id/PrvtId/Othr/SchmeNm,SchmeNm,PersonIdentificationSchemeName1Choice,0,1
pacs.007.001.14,/Document/FIToFIPmtRvsl/TxInf/OrgnlTxRef/Dbtr/Pty/Id/PrvtId/Othr/SchmeNm/Cd,Cd,ExternalPersonIdentification1Code,1,1
pacs.007.001.14,/Document/FIToFIPmtRvsl/TxInf/OrgnlTxRef/Dbtr/Pty/Id/PrvtId/Othr/SchmeNm/Prtry,Prtry,Max35Text,1,1
pacs.007.001.14,/Document/FIToFIPmtRvsl/TxInf/OrgnlTxRef/Dbtr/Pty/Id/PrvtId/Othr/Issr,Issr,Max35Text,0,1
pacs.007.001.14,/Document/FIToFIPmtRvsl/TxInf/OrgnlTxRef/Dbtr/Pty/CtryOfRes,CtryOfRes,CountryCode,0,1
pacs.007.001.14,/Document/FIToFIPmtRvsl/TxInf/OrgnlTxRef/Dbtr/Pty/CtctDtls,CtctDtls,Contact13,0,1
pacs.007.001.14,/Document/FIToFIPmtRvsl/TxInf/OrgnlTxRef/Dbtr/Pty/CtctDtls/NmPrfx,NmPrfx,NamePrefix2Code,0,1
pacs.007.001.14,/Document/FIToFIPmtRvsl/TxInf/OrgnlTxRef/Dbtr/Pty/CtctDtls/Nm,Nm,Max140Text,0,1
pacs.007.001.14,/Document/FIToFIPmtRvsl/TxInf/OrgnlTxRef/Dbtr/Pty/CtctDtls/PhneNb,PhneNb,PhoneNumber,0,1
pacs.007.001.14,/Document/FIToFIPmtRvsl/TxInf/OrgnlTxRef/Dbtr/Pty/CtctDtls/MobNb,MobNb,PhoneNumber,0,1
pacs.007.001.14,/Document/FIToFIPmtRvsl/TxInf/OrgnlTxRef/Dbtr/Pty/CtctDtls/FaxNb,FaxNb,PhoneNumber,0,1
pacs.007.001.14,/Document/FIToFIPmtRvsl/TxInf/OrgnlTxRef/Dbtr/Pty/CtctDtls/URLAdr,URLAdr,Max2048Text,0,1
pacs.007.001.14,/Document/FIToFIPmtRvsl/TxInf/OrgnlTxRef/Dbtr/Pty/CtctDtls/EmailAdr,EmailAdr,Max256Text,0,1
pacs.007.001.14,/Document/FIToFIPmtRvsl/TxInf/OrgnlTxRef/Dbtr/Pty/CtctDtls/EmailPurp,EmailPurp,Max35Text,0,1
pacs.007.001.14,/Document/FIToFIPmtRvsl/TxInf/OrgnlTxRef/Dbtr/Pty/CtctDtls/JobTitl,JobTitl,Max35Text,0,1
pacs.007.001.14,/Document/FIToFIPmtRvsl/TxInf/OrgnlTxRef/Dbtr/Pty/CtctDtls/Rspnsblty,Rspnsblty,Max35Text,0,1
pacs.007.001.14,/Document/FIToFIPmtRvsl/TxInf/OrgnlTxRef/Dbtr/Pty/CtctDtls/Dept,Dept,Max70Text,0,1
pacs.007.001.14,/Document/FIToFIPmtRvsl/TxInf/OrgnlTxRef/Dbtr/Pty/CtctDtls/Othr,Othr,OtherContact1,0,
pacs.007.001.14,/Document/FIToFIPmtRvsl/TxInf/OrgnlTxRef/Dbtr/Pty/CtctDtls/Othr/ChanlTp,ChanlTp,Max4Text,1,1
pacs.007.001.14,/Document/FIToFIPmtRvsl/TxInf/OrgnlTxRef/Dbtr/Pty/CtctDtls/Othr/Id,Id,Max128Text,0,1
pacs.007.001.14,/Document/FIToFIPmtRvsl/TxInf/OrgnlTxRef/Dbtr/Pty/CtctDtls/PrefrdMtd,PrefrdMtd,PreferredContactMethod2Code,0,1
pacs.007.001.14,/Document/FIToFIPmtRvsl/TxInf/OrgnlTxRef/Dbtr/Agt,Agt,BranchAndFinancialInstitutionIdentification8,1,1
pacs.007.001.14,/Document/FIToFIPmtRvsl/TxInf/OrgnlTxRef/Dbtr/Agt/FinInstnId,FinInstnId,FinancialInstitutionIdentification23,1,1
pacs.007.001.14,/Document/FIToFIPmtRvsl/TxInf/OrgnlTxRef/Dbtr/Agt/FinInstnId/BICFI,BICFI,BICFIDec2014Identifier,0,1
pacs.007.001.14,/Document/FIToFIPmtRvsl/TxInf/OrgnlTxRef/Dbtr/Agt/FinInstnId/ClrSysMmbId,ClrSysMmbId,ClearingSystemMemberIdentification2,0,1
pacs.007.001.14,/Document/FIToFIPmtRvsl/TxInf/OrgnlTxRef/Dbtr/Agt/FinInstnId/ClrSysMmbId/ClrSysId,ClrSysId,ClearingSystemIdentification2Choice,0,1
pacs.007.001.14,/Document/FIToFIPmtRvsl/TxInf/OrgnlTxRef/Dbtr/Agt/FinInstnId/ClrSysMmbId/ClrSysId/Cd,Cd,ExternalClearingSystemIdentification1Code,1,1
pacs.007.001.14,/Document/FIToFIPmtRvsl/TxInf/OrgnlTxRef/Dbtr/Agt/FinInstnId/ClrSysMmbId/ClrSysId/Prtry,Prtry,Max35Text,1,1
pacs.007.001.14,/Document/FIToFIPmtRvsl/TxInf/OrgnlTxRef/Dbtr/Agt/FinInstnId/ClrSysMmbId/MmbId,MmbId,Max35Text,1,1
pacs.007.001.14,/Document/FIToFIPmtRvsl/TxInf/OrgnlTxRef/Dbtr/Agt/FinInstnId/LEI,LEI,LEIIdentifier,0,1
pacs.007.001.14,/Document/FIToFIPmtRvsl/TxInf/OrgnlTxRef/Dbtr/Agt/FinInstnId/Nm,Nm,Max140Text,0,1
pacs.007.001.14,/Document/FIToFIPmtRvsl/TxInf/OrgnlTxRef/Dbtr/Agt/FinInstnId/PstlAdr,PstlAdr,PostalAddress27,0,1
pacs.007.001.14,/Document/FIToFIPmtRvsl/TxInf/OrgnlTxRef/Dbtr/Agt/FinInstnId/PstlAdr/AdrTp,AdrTp,AddressType3Choice,0,1
pacs.007.001.14,/Document/FIToFIPmtRvsl/TxInf/OrgnlTxRef/Dbtr/Agt/FinInstnId/PstlAdr/AdrTp/Cd,Cd,AddressType2Code,1,1
pacs.007.001.14,/Document/FIToFIPmtRvsl/TxInf/OrgnlTxRef/Dbtr/Agt/FinInstnId/PstlAdr/AdrTp/Prtry,Prtry,GenericIdentification30,1,1
pacs.007.001.14,/Document/FIToFIPmtRvsl/TxInf/OrgnlTxRef/Dbtr/Agt/FinInstnId/PstlAdr/AdrTp/Prtry/Id,Id,Exact4AlphaNumericText,1,1
pacs.007.001.14,/Document/FIToFIPmtRvsl/TxInf/OrgnlTxRef/Dbtr/Agt/FinInstnId/PstlAdr/AdrTp/Prtry/Issr,Issr,Max35Text,1,1
pacs.007.001.14,/Document/FIToFIPmtRvsl/TxInf/OrgnlTxRef/Dbtr/Agt/FinInstnId/PstlAdr/AdrTp/Prtry/SchmeNm,SchmeNm,Max35Text,0,1
pacs.007.001.14,/Document/FIToFIPmtRvsl/TxInf/OrgnlTxRef/Dbtr/Agt/FinInstnId/PstlAdr/CareOf,CareOf,Max140Text,0,1
pacs.007.001.14,/Document/FIToFIPmtRvsl/TxInf/OrgnlTxRef/Dbtr/Agt/FinInstnId/PstlAdr/Dept,Dept,Max70Text,0,1
pacs.007.001.14,/Document/FIToFIPmtRvsl/TxInf/OrgnlTxRef/Dbtr/Agt/FinInstnId/PstlAdr/SubDept,SubDept,Max70Text,0,1
pacs.007.001.14,/Document/FIToFIPmtRvsl/TxInf/OrgnlTxRef/Dbtr/Agt/FinInstnId/PstlAdr/StrtNm,StrtNm,Max140Text,0,1
pacs.007.001.14,/Document/FIToFIPmtRvsl/TxInf/OrgnlTxRef/Dbtr/Agt/FinInstnId/PstlAdr/BldgNb,BldgNb,Max16Text,0,1
pacs.007.001.14,/Document/FIToFIPmtRvsl/TxInf/OrgnlTxRef/Dbtr/Agt/FinInstnId/PstlAdr/BldgNm,BldgNm,Max140Text,0,1
pacs.007.001.14,/Document/FIToFIPmtRvsl/TxInf/OrgnlTxRef/Dbtr/Agt/FinInstnId/PstlAdr/Flr,Flr,Max70Text,0,1
pacs.007.001.14,/Document/FIToFIPmtRvsl/TxInf/OrgnlTxRef/Dbtr/Agt/FinInstnId/PstlAdr/UnitNb,UnitNb,Max16Text,0,1
pacs.007.001.14,/Document/FIToFIPmtRvsl/TxInf/OrgnlTxRef/Dbtr/Agt/FinInstnId/PstlAdr/PstBx,PstBx,Max16Text,0,1
pacs.007.001.14,/Document/FIToFIPmtRvsl/TxInf/OrgnlTxRef/Dbtr/Agt/FinInstnId/PstlAdr/Room,Room,Max70Text,0,1
pacs.007.001.14,/Document/FIToFIPmtRvsl/TxInf/OrgnlTxRef/Dbtr/Agt/FinInstnId/PstlAdr/PstCd,PstCd,Max16Text,0,1
pacs.007.001.14,/Document/FIToFIPmtRvsl/TxInf/OrgnlTxRef/Dbtr/Agt/FinInstnId/PstlAdr/TwnNm,TwnNm,Max140Text,0,1
pacs.007.001.14,/Document/FIToFIPmtRvsl/TxInf/OrgnlTxRef/Dbtr/Agt/FinInstnId/PstlAdr/TwnLctnNm,TwnLctnNm,Max140Text,0,1
pacs.007.001.14,/Document/FIToFIPmtRvsl/TxInf/OrgnlTxRef/Dbtr/Agt/FinInstnId/PstlAdr/DstrctNm,DstrctNm,Max140Text,0,1
pacs.007.001.14,/Document/FIToFIPmtRvsl/TxInf/OrgnlTxRef/Dbtr/Agt/FinInstnId/PstlAdr/CtrySubDvsn,CtrySubDvsn,Max35Text,0,1
pacs.007.001.14,/Document/FIToFIPmtRvsl/TxInf/OrgnlTxRef/Dbtr/Agt/FinInstnId/PstlAdr/Ctry,Ctry,CountryCode,0,1
pacs.007.001.14,/Document/FIToFIPmtRvsl/TxInf/OrgnlTxRef/Dbtr/Agt/FinInstnId/PstlAdr/AdrLine,AdrLine,Max70Text,0,7
pacs.007.001.14,/Document/FIToFIPmtRvsl/TxInf/OrgnlTxRef/Dbtr/Agt/FinInstnId/Othr,Othr,GenericFinancialIdentification1,0,1
pacs.007.001.14,/Document/FIToFIPmtRvsl/TxInf/OrgnlTxRef/Dbtr/Agt/FinInstnId/Othr/Id,Id,Max35Text,1,1
pacs.007.001.14,/Document/FIToFIPmtRvsl/TxInf/OrgnlTxRef/Dbtr/Agt/FinInstnId/Othr/SchmeNm,SchmeNm,FinancialIdentificationSchemeName1Choice,0,1
pacs.007.001.14,/Document/FIToFIPmtRvsl/TxInf/OrgnlTxRef/Dbtr/Agt/FinInstnId/Othr/SchmeNm/Cd,Cd,ExternalFinancialInstitutionIdentification1Code,1,1
pacs.007.001.14,/Document/FIToFIPmtRvsl/TxInf/OrgnlTxRef/Dbtr/Agt/FinInstnId/Othr/SchmeNm/Prtry,Prtry,Max35Text,1,1
pacs.007.001.14,/Document/FIToFIPmtRvsl/TxInf/OrgnlTxRef/Dbtr/Agt/FinInstnId/Othr/Issr,Issr,Max35Text,0,1
pacs.007.001.14,/Document/FIToFIPmtRvsl/TxInf/OrgnlTxRef/Dbtr/Agt/BrnchId,BrnchId,BranchData5,0,1
pacs.007.001.14,/Document/FIToFIPmtRvsl/TxInf/OrgnlTxRef/Dbtr/Agt/BrnchId/Id,Id,Max35Text,0,1
pacs.007.001.14,/Document/FIToFIPmtRvsl/TxInf/OrgnlTxRef/Dbtr/Agt/BrnchId/LEI,LEI,LEIIdentifier,0,1
pacs.007.001.14,/Document/FIToFIPmtRvsl/TxInf/OrgnlTxRef/Dbtr/Agt/BrnchId/Nm,Nm,Max140Text,0,1
pacs.007.001.14,/Document/FIToFIPmtRvsl/TxInf/OrgnlTxRef/Dbtr/Agt/BrnchId/PstlAdr,PstlAdr,PostalAddress27,0,1
pacs.007.001.14,/Document/FIToFIPmtRvsl/TxInf/OrgnlTxRef/Dbtr/Agt/BrnchId/PstlAdr/AdrTp,AdrTp,AddressType3Choice,0,1
pacs.007.001.14,/Document/FIToFIPmtRvsl/TxInf/OrgnlTxRef/Dbtr/Agt/BrnchId/PstlAdr/AdrTp/Cd,Cd,AddressType2Code,1,1
pacs.007.001.14,/Document/FIToFIPmtRvsl/TxInf/OrgnlTxRef/Dbtr/Agt/BrnchId/PstlAdr/AdrTp/Prtry,Prtry,GenericIdentification30,1,1
pacs.007.001.14,/Document/FIToFIPmtRvsl/TxInf/OrgnlTxRef/Dbtr/Agt/BrnchId/PstlAdr/AdrTp/Prtry/Id,Id,Exact4AlphaNumericText,1,1
pacs.007.001.14,/Document/FIToFIPmtRvsl/TxInf/OrgnlTxRef/Dbtr/Agt/BrnchId/PstlAdr/AdrTp/Prtry/Issr,Issr,Max35Text,1,1
pacs.007.001.14,/Document/FIToFIPmtRvsl/TxInf/OrgnlTxRef/Dbtr/Agt/BrnchId/PstlAdr/AdrTp/Prtry/SchmeNm,SchmeNm,Max35Text,0,1
pacs.007.001.14,/Document/FIToFIPmtRvsl/TxInf/OrgnlTxRef/Dbtr/Agt/BrnchId/PstlAdr/CareOf,CareOf,Max140Text,0,1
pacs.007.001.14,/Document/FIToFIPmtRvsl/TxInf/OrgnlTxRef/Dbtr/Agt/BrnchId/PstlAdr/Dept,Dept,Max70Text,0,1
pacs.007.001.14,/Document/FIToFIPmtRvsl/TxInf/OrgnlTxRef/Dbtr/Agt/BrnchId/PstlAdr/SubDept,SubDept,Max70Text,0,1
pacs.007.001.14,/Document/FIToFIPmtRvsl/TxInf/OrgnlTxRef/Dbtr/Agt/BrnchId/PstlAdr/StrtNm,StrtNm,Max140Text,0,1
pacs.007.001.14,/Document/FIToFIPmtRvsl/TxInf/OrgnlTxRef/Dbtr/Agt/BrnchId/PstlAdr/BldgNb,BldgNb,Max16Text,0,1
pacs.007.001.14,/Document/FIToFIPmtRvsl/TxInf/OrgnlTxRef/Dbtr/Agt/BrnchId/PstlAdr/BldgNm,BldgNm,Max140Text,0,1
pacs.007.001.14,/Document/FIToFIPmtRvsl/TxInf/OrgnlTxRef/Dbtr/Agt/BrnchId/PstlAdr/Flr,Flr,Max70Text,0,1
pacs.007.001.14,/Document/FIToFIPmtRvsl/TxInf/OrgnlTxRef/Dbtr/Agt/BrnchId/PstlAdr/UnitNb,UnitNb,Max16Text,0,1
pacs.007.001.14,/Document/FIToFIPmtRvsl/TxInf/OrgnlTxRef/Dbtr/Agt/BrnchId/PstlAdr/PstBx,PstBx,Max16Text,0,1
pacs.007.001.14,/Document/FIToFIPmtRvsl/TxInf/OrgnlTxRef/Dbtr/Agt/BrnchId/PstlAdr/Room,Room,Max70Text,0,1
pacs.007.001.14,/Document/FIToFIPmtRvsl/TxInf/OrgnlTxRef/Dbtr/Agt/BrnchId/PstlAdr/PstCd,PstCd,Max16Text,0,1
pacs.007.001.14,/Document/FIToFIPmtRvsl/TxInf/OrgnlTxRef/Dbtr/Agt/BrnchId/PstlAdr/TwnNm,TwnNm,Max140Text,0,1
pacs.007.001.14,/Document/FIToFIPmtRvsl/TxInf/OrgnlTxRef/Dbtr/Agt/BrnchId/PstlAdr/TwnLctnNm,TwnLctnNm,Max140Text,0,1
pacs.007.001.14,/Document/FIToFIPmtRvsl/TxInf/OrgnlTxRef/Dbtr/Agt/BrnchId/PstlAdr/DstrctNm,DstrctNm,Max140Text,0,1
pacs.007.001.14,/Document/FIToFIPmtRvsl/TxInf/OrgnlTxRef/Dbtr/Agt/BrnchId/PstlAdr/CtrySubDvsn,CtrySubDvsn,Max35Text,0,1
pacs.007.001.14,/Document/FIToFIPmtRvsl/TxInf/OrgnlTxRef/Dbtr/Agt/BrnchId/PstlAdr/Ctry,Ctry,CountryCode,0,1
pacs.007.001.14,/Document/FIToFIPmtRvsl/TxInf/OrgnlTxRef/Dbtr/Agt/BrnchId/PstlAdr/AdrLine,AdrLine,Max70Text,0,7
pacs.007.001.14,/Document/FIToFIPmtRvsl/TxInf/OrgnlTxRef/DbtrAcct,DbtrAcct,CashAccount40,0,1
pacs.007.001.14,/Document/FIToFIPmtRvsl/TxInf/OrgnlTxRef/DbtrAcct/Id,Id,AccountIdentification4Choice,0,1
pacs.007.001.14,/Document/FIToFIPmtRvsl/TxInf/OrgnlTxRef/DbtrAcct/Id/IBAN,IBAN,IBAN2007Identifier,1,1
pacs.007.001.14,/Document/FIToFIPmtRvsl/TxInf/OrgnlTxRef/DbtrAcct/Id/Othr,Othr,GenericAccountIdentification1,1,1
pacs.007.001.14,/Document/FIToFIPmtRvsl/TxInf/OrgnlTxRef/DbtrAcct/Id/Othr/Id,Id,Max34Text,1,1
pacs.007.001.14,/Document/FIToFIPmtRvsl/TxInf/OrgnlTxRef/DbtrAcct/Id/Othr/SchmeNm,SchmeNm,AccountSchemeName1Choice,0,1
pacs.007.001.14,/Document/FIToFIPmtRvsl/TxInf/OrgnlTxRef/DbtrAcct/Id/Othr/SchmeNm/Cd,Cd,ExternalAccountIdentification1Code,1,1
pacs.007.001.14,/Document/FIToFIPmtRvsl/TxInf/OrgnlTxRef/DbtrAcct/Id/Othr/SchmeNm/Prtry,Prtry,Max35Text,1,1
pacs.007.001.14,/Document/FIToFIPmtRvsl/TxInf/OrgnlTxRef/DbtrAcct/Id/Othr/Issr,Issr,Max35Text,0,1
pacs.007.001.14,/Document/FIToFIPmtRvsl/TxInf/OrgnlTxRef/DbtrAcct/Tp,Tp,CashAccountType2Choice,0,1
pacs.007.001.14,/Document/FIToFIPmtRvsl/TxInf/OrgnlTxRef/DbtrAcct/Tp/Cd,Cd,ExternalCashAccountType1Code,1,1
pacs.007.001.14,/Document/FIToFIPmtRvsl/TxInf/OrgnlTxRef/DbtrAcct/Tp/Prtry,Prtry,Max35Text,1,1
pacs.007.001.14,/Document/FIToFIPmtRvsl/TxInf/OrgnlTxRef/DbtrAcct/Ccy,Ccy,ActiveOrHistoricCurrencyCode,0,1
pacs.007.001.14,/Document/FIToFIPmtRvsl/TxInf/OrgnlTxRef/DbtrAcct/Nm,Nm,Max70Text,0,1
pacs.007.001.14,/Document/FIToFIPmtRvsl/TxInf/OrgnlTxRef/DbtrAcct/Prxy,Prxy,ProxyAccountIdentification1,0,1
pacs.007.001.14,/Document/FIToFIPmtRvsl/TxInf/OrgnlTxRef/DbtrAcct/Prxy/Tp,Tp,ProxyAccountType1Choice,0,1
pacs.007.001.14,/Document/FIToFIPmtRvsl/TxInf/OrgnlTxRef/DbtrAcct/Prxy/Tp/Cd,Cd,ExternalProxyAccountType1Code,1,1
pacs.007.001.14,/Document/FIToFIPmtRvsl/TxInf/OrgnlTxRef/DbtrAcct/Prxy/Tp/Prtry,Prtry,Max35Text,1,1
pacs.007.001.14,/Document/FIToFIPmtRvsl/TxInf/OrgnlTxRef/DbtrAcct/Prxy/Id,Id,Max2048Text,1,1
pacs.007.001.14,/Document/FIToFIPmtRvsl/TxInf/OrgnlTxRef/DbtrAgt,DbtrAgt,BranchAndFinancialInstitutionIdentification8,0,1
pacs.007.001.14,/Document/FIToFIPmtRvsl/TxInf/OrgnlTxRef/DbtrAgt/FinInstnId,FinInstnId,FinancialInstitutionIdentification23,1,1
pacs.007.001.14,/Document/FIToFIPmtRvsl/TxInf/OrgnlTxRef/DbtrAgt/FinInstnId/BICFI,BICFI,BICFIDec2014Identifier,0,1
pacs.007.001.14,/Document/FIToFIPmtRvsl/TxInf/OrgnlTxRef/DbtrAgt/FinInstnId/ClrSysMmbId,ClrSysMmbId,ClearingSystemMemberIdentification2,0,1
pacs.007.001.14,/Document/FIToFIPmtRvsl/TxInf/OrgnlTxRef/DbtrAgt/FinInstnId/ClrSysMmbId/ClrSysId,ClrSysId,ClearingSystemIdentification2Choice,0,1
pacs.007.001.14,/Document/FIToFIPmtRvsl/TxInf/OrgnlTxRef/DbtrAgt/FinInstnId/ClrSysMmbId/ClrSysId/Cd,Cd,ExternalClearingSystemIdentification1Code,1,1
pacs.007.001.14,/Document/FIToFIPmtRvsl/TxInf/OrgnlTxRef/DbtrAgt/FinInstnId/ClrSysMmbId/ClrSysId/Prtry,Prtry,Max35Text,1,1
pacs.007.001.14,/Document/FIToFIPmtRvsl/TxInf/OrgnlTxRef/DbtrAgt/FinInstnId/ClrSysMmbId/MmbId,MmbId,Max35Text,1,1
pacs.007.001.14,/Document/FIToFIPmtRvsl/TxInf/OrgnlTxRef/DbtrAgt/FinInstnId/LEI,LEI,LEIIdentifier,0,1
pacs.007.001.14,/Document/FIToFIPmtRvsl/TxInf/OrgnlTxRef/DbtrAgt/FinInstnId/Nm,Nm,Max140Text,0,1
pacs.007.001.14,/Document/FIToFIPmtRvsl/TxInf/OrgnlTxRef/DbtrAgt/FinInstnId/PstlAdr,PstlAdr,PostalAddress27,0,1
pacs.007.001.14,/Document/FIToFIPmtRvsl/TxInf/OrgnlTxRef/DbtrAgt/FinInstnId/PstlAdr/AdrTp,AdrTp,AddressType3Choice,0,1
pacs.007.001.14,/Document/FIToFIPmtRvsl/TxInf/OrgnlTxRef/DbtrAgt/FinInstnId/PstlAdr/AdrTp/Cd,Cd,AddressType2Code,1,1
pacs.007.001.14,/Document/FIToFIPmtRvsl/TxInf/OrgnlTxRef/DbtrAgt/FinInstnId/PstlAdr/AdrTp/Prtry,Prtry,GenericIdentification30,1,1
pacs.007.001.14,/Document/FIToFIPmtRvsl/TxInf/OrgnlTxRef/DbtrAgt/FinInstnId/PstlAdr/AdrTp/Prtry/Id,Id,Exact4AlphaNumericText,1,1
pacs.007.001.14,/Document/FIToFIPmtRvsl/TxInf/OrgnlTxRef/DbtrAgt/FinInstnId/PstlAdr/AdrTp/Prtry/Issr,Issr,Max35Text,1,1
pacs.007.001.14,/Document/FIToFIPmtRvsl/TxInf/OrgnlTxRef/DbtrAgt/FinInstnId/PstlAdr/AdrTp/Prtry/SchmeNm,SchmeNm,Max35Text,0,1
pacs.007.001.14,/Document/FIToFIPmtRvsl/TxInf/OrgnlTxRef/DbtrAgt/FinInstnId/PstlAdr/CareOf,CareOf,Max140Text,0,1
pacs.007.001.14,/Document/FIToFIPmtRvsl/TxInf/OrgnlTxRef/DbtrAgt/FinInstnId/PstlAdr/Dept,Dept,Max70Text,0,1
pacs.007.001.14,/Document/FIToFIPmtRvsl/TxInf/OrgnlTxRef/DbtrAgt/FinInstnId/PstlAdr/SubDept,SubDept,Max70Text,0,1
pacs.007.001.14,/Document/FIToFIPmtRvsl/TxInf/OrgnlTxRef/DbtrAgt/FinInstnId/PstlAdr/StrtNm,StrtNm,Max140Text,0,1
pacs.007.001.14,/Document/FIToFIPmtRvsl/TxInf/OrgnlTxRef/DbtrAgt/FinInstnId/PstlAdr/BldgNb,BldgNb,Max16Text,0,1
pacs.007.001.14,/Document/FIToFIPmtRvsl/TxInf/OrgnlTxRef/DbtrAgt/FinInstnId/PstlAdr/BldgNm,BldgNm,Max140Text,0,1
pacs.007.001.14,/Document/FIToFIPmtRvsl/TxInf/OrgnlTxRef/DbtrAgt/FinInstnId/PstlAdr/Flr,Flr,Max70Text,0,1
pacs.007.001.14,/Document/FIToFIPmtRvsl/TxInf/OrgnlTxRef/DbtrAgt/FinInstnId/PstlAdr/UnitNb,UnitNb,Max16Text,0,1
pacs.007.001.14,/Document/FIToFIPmtRvsl/TxInf/OrgnlTxRef/DbtrAgt/FinInstnId/PstlAdr/PstBx,PstBx,Max16Text,0,1
pacs.007.001.14,/Document/FIToFIPmtRvsl/TxInf/OrgnlTxRef/DbtrAgt/FinInstnId/PstlAdr/Room,Room,Max70Text,0,1
pacs.007.001.14,/Document/FIToFIPmtRvsl/TxInf/OrgnlTxRef/DbtrAgt/FinInstnId/PstlAdr/PstCd,PstCd,Max16Text,0,1
pacs.007.001.14,/Document/FIToFIPmtRvsl/TxInf/OrgnlTxRef/DbtrAgt/FinInstnId/PstlAdr/TwnNm,TwnNm,Max140Text,0,1
pacs.007.001.14,/Document/FIToFIPmtRvsl/TxInf/OrgnlTxRef/DbtrAgt/FinInstnId/PstlAdr/TwnLctnNm,TwnLctnNm,Max140Text,0,1
pacs.007.001.14,/Document/FIToFIPmtRvsl/TxInf/OrgnlTxRef/DbtrAgt/FinInstnId/PstlAdr/DstrctNm,DstrctNm,Max140Text,0,1
pacs.007.001.14,/Document/FIToFIPmtRvsl/TxInf/OrgnlTxRef/DbtrAgt/FinInstnId/PstlAdr/CtrySubDvsn,CtrySubDvsn,Max35Text,0,1
pacs.007.001.14,/Document/FIToFIPmtRvsl/TxInf/OrgnlTxRef/DbtrAgt/FinInstnId/PstlAdr/Ctry,Ctry,CountryCode,0,1
pacs.007.001.14,/Document/FIToFIPmtRvsl/TxInf/OrgnlTxRef/DbtrAgt/FinInstnId/PstlAdr/AdrLine,AdrLine,Max70Text,0,7
pacs.007.001.14,/Document/FIToFIPmtRvsl/TxInf/OrgnlTxRef/DbtrAgt/FinInstnId/Othr,Othr,GenericFinancialIdentification1,0,1
pacs.007.001.14,/Document/FIToFIPmtRvsl/TxInf/OrgnlTxRef/DbtrAgt/FinInstnId/Othr/Id,Id,Max35Text,1,1
pacs.007.001.14,/Document/FIToFIPmtRvsl/TxInf/OrgnlTxRef/DbtrAgt/FinInstnId/Othr/SchmeNm,SchmeNm,FinancialIdentificationSchemeName1Choice,0,1
pacs.007.001.14,/Document/FIToFIPmtRvsl/TxInf/OrgnlTxRef/DbtrAgt/FinInstnId/Othr/SchmeNm/Cd,Cd,ExternalFinancialInstitutionIdentification1Code,1,1
pacs.007.001.14,/Document/FIToFIPmtRvsl/TxInf/OrgnlTxRef/DbtrAgt/FinInstnId/Othr/SchmeNm/Prtry,Prtry,Max35Text,1,1
pacs.007.001.14,/Document/FIToFIPmtRvsl/TxInf/OrgnlTxRef/DbtrAgt/FinInstnId/Othr/Issr,Issr,Max35Text,0,1
pacs.007.001.14,/Document/FIToFIPmtRvsl/TxInf/OrgnlTxRef/DbtrAgt/BrnchId,BrnchId,BranchData5,0,1
pacs.007.001.14,/Document/FIToFIPmtRvsl/TxInf/OrgnlTxRef/DbtrAgt/BrnchId/Id,Id,Max35Text,0,1
pacs.007.001.14,/Document/FIToFIPmtRvsl/TxInf/OrgnlTxRef/DbtrAgt/BrnchId/LEI,LEI,LEIIdentifier,0,1
pacs.007.001.14,/Document/FIToFIPmtRvsl/TxInf/OrgnlTxRef/DbtrAgt/BrnchId/Nm,Nm,Max140Text,0,1
pacs.007.001.14,/Document/FIToFIPmtRvsl/TxInf/OrgnlTxRef/DbtrAgt/BrnchId/PstlAdr,PstlAdr,PostalAddress27,0,1
pacs.007.001.14,/Document/FIToFIPmtRvsl/TxInf/OrgnlTxRef/DbtrAgt/BrnchId/PstlAdr/AdrTp,AdrTp,AddressType3Choice,0,1
pacs.007.001.14,/Document/FIToFIPmtRvsl/TxInf/OrgnlTxRef/DbtrAgt/BrnchId/PstlAdr/AdrTp/Cd,Cd,AddressType2Code,1,1
pacs.007.001.14,/Document/FIToFIPmtRvsl/TxInf/OrgnlTxRef/DbtrAgt/BrnchId/PstlAdr/AdrTp/Prtry,Prtry,GenericIdentification30,1,1
pacs.007.001.14,/Document/FIToFIPmtRvsl/TxInf/OrgnlTxRef/DbtrAgt/BrnchId/PstlAdr/AdrTp/Prtry/Id,Id,Exact4AlphaNumericText,1,1
pacs.007.001.14,/Document/FIToFIPmtRvsl/TxInf/OrgnlTxRef/DbtrAgt/BrnchId/PstlAdr/AdrTp/Prtry/Issr,Issr,Max35Text,1,1
pacs.007.001.14,/Document/FIToFIPmtRvsl/TxInf/OrgnlTxRef/DbtrAgt/BrnchId/PstlAdr/AdrTp/Prtry/SchmeNm,SchmeNm,Max35Text,0,1
pacs.007.001.14,/Document/FIToFIPmtRvsl/TxInf/OrgnlTxRef/DbtrAgt/BrnchId/PstlAdr/CareOf,CareOf,Max140Text,0,1
pacs.007.001.14,/Document/FIToFIPmtRvsl/TxInf/OrgnlTxRef/DbtrAgt/BrnchId/PstlAdr/Dept,Dept,Max70Text,0,1
pacs.007.001.14,/Document/FIToFIPmtRvsl/TxInf/OrgnlTxRef/DbtrAgt/BrnchId/PstlAdr/SubDept,SubDept,Max70Text,0,1
pacs.007.001.14,/Document/FIToFIPmtRvsl/TxInf/OrgnlTxRef/DbtrAgt/BrnchId/PstlAdr/StrtNm,StrtNm,Max140Text,0,1
pacs.007.001.14,/Document/FIToFIPmtRvsl/TxInf/OrgnlTxRef/DbtrAgt/BrnchId/PstlAdr/BldgNb,BldgNb,Max16Text,0,1
pacs.007.001.14,/Document/FIToFIPmtRvsl/TxInf/OrgnlTxRef/DbtrAgt/BrnchId/PstlAdr/BldgNm,BldgNm,Max140Text,0,1
pacs.007.001.14,/Document/FIToFIPmtRvsl/TxInf/OrgnlTxRef/DbtrAgt/BrnchId/PstlAdr/Flr,Flr,Max70Text,0,1
pacs.007.001.14,/Document/FIToFIPmtRvsl/TxInf/OrgnlTxRef/DbtrAgt/BrnchId/PstlAdr/UnitNb,UnitNb,Max16Text,0,1
pacs.007.001.14,/Document/FIToFIPmtRvsl/TxInf/OrgnlTxRef/DbtrAgt/BrnchId/PstlAdr/PstBx,PstBx,Max16Text,0,1
pacs.007.001.14,/Document/FIToFIPmtRvsl/TxInf/OrgnlTxRef/DbtrAgt/BrnchId/PstlAdr/Room,Room,Max70Text,0,1
pacs.007.001.14,/Document/FIToFIPmtRvsl/TxInf/OrgnlTxRef/DbtrAgt/BrnchId/PstlAdr/PstCd,PstCd,Max16Text,0,1
pacs.007.001.14,/Document/FIToFIPmtRvsl/TxInf/OrgnlTxRef/DbtrAgt/BrnchId/PstlAdr/TwnNm,TwnNm,Max140Text,0,1
pacs.007.001.14,/Document/FIToFIPmtRvsl/TxInf/OrgnlTxRef/DbtrAgt/BrnchId/PstlAdr/TwnLctnNm,TwnLctnNm,Max140Text,0,1
pacs.007.001.14,/Document/FIToFIPmtRvsl/TxInf/OrgnlTxRef/DbtrAgt/BrnchId/PstlAdr/DstrctNm,DstrctNm,Max140Text,0,1
pacs.007.001.14,/Document/FIToFIPmtRvsl/TxInf/OrgnlTxRef/DbtrAgt/BrnchId/PstlAdr/CtrySubDvsn,CtrySubDvsn,Max35Text,0,1
pacs.007.001.14,/Document/FIToFIPmtRvsl/TxInf/OrgnlTxRef/DbtrAgt/BrnchId/PstlAdr/Ctry,Ctry,CountryCode,0,1
pacs.007.001.14,/Document/FIToFIPmtRvsl/TxInf/OrgnlTxRef/DbtrAgt/BrnchId/PstlAdr/AdrLine,AdrLine,Max70Text,0,7
pacs.007.001.14,/Document/FIToFIPmtRvsl/TxInf/OrgnlTxRef/DbtrAgtAcct,DbtrAgtAcct,CashAccount40,0,1
pacs.007.001.14,/Document/FIToFIPmtRvsl/TxInf/OrgnlTxRef/DbtrAgtAcct/Id,Id,AccountIdentification4Choice,0,1
pacs.007.001.14,/Document/FIToFIPmtRvsl/TxInf/OrgnlTxRef/DbtrAgtAcct/Id/IBAN,IBAN,IBAN2007Identifier,1,1
pacs.007.001.14,/Document/FIToFIPmtRvsl/TxInf/OrgnlTxRef/DbtrAgtAcct/Id/Othr,Othr,GenericAccountIdentification1,1,1
pacs.007.001.14,/Document/FIToFIPmtRvsl/TxInf/OrgnlTxRef/DbtrAgtAcct/Id/Othr/Id,Id,Max34Text,1,1
pacs.007.001.14,/Document/FIToFIPmtRvsl/TxInf/OrgnlTxRef/DbtrAgtAcct/Id/Othr/SchmeNm,SchmeNm,AccountSchemeName1Choice,0,1
pacs.007.001.14,/Document/FIToFIPmtRvsl/TxInf/OrgnlTxRef/DbtrAgtAcct/Id/Othr/SchmeNm/Cd,Cd,ExternalAccountIdentification1Code,1,1
pacs.007.001.14,/Document/FIToFIPmtRvsl/TxInf/OrgnlTxRef/DbtrAgtAcct/Id/Othr/SchmeNm/Prtry,Prtry,Max35Text,1,1
pacs.007.001.14,/Document/FIToFIPmtRvsl/TxInf/OrgnlTxRef/DbtrAgtAcct/Id/Othr/Issr,Issr,Max35Text,0,1
pacs.007.001.14,/Document/FIToFIPmtRvsl/TxInf/OrgnlTxRef/DbtrAgtAcct/Tp,Tp,CashAccountType2Choice,0,1
pacs.007.001.14,/Document/FIToFIPmtRvsl/TxInf/OrgnlTxRef/DbtrAgtAcct/Tp/Cd,Cd,ExternalCashAccountType1Code,1,1
pacs.007.001.14,/Document/FIToFIPmtRvsl/TxInf/OrgnlTxRef/DbtrAgtAcct/Tp/Prtry,Prtry,Max35Text,1,1
pacs.007.001.14,/Document/FIToFIPmtRvsl/TxInf/OrgnlTxRef/DbtrAgtAcct/Ccy,Ccy,ActiveOrHistoricCurrencyCode,0,1
pacs.007.001.14,/Document/FIToFIPmtRvsl/TxInf/OrgnlTxRef/DbtrAgtAcct/Nm,Nm,Max70Text,0,1
pacs.007.001.14,/Document/FIToFIPmtRvsl/TxInf/OrgnlTxRef/DbtrAgtAcct/Prxy,Prxy,ProxyAccountIdentification1,0,1
pacs.007.001.14,/Document/FIToFIPmtRvsl/TxInf/OrgnlTxRef/DbtrAgtAcct/Prxy/Tp,Tp,ProxyAccountType1Choice,0,1
pacs.007.001.14,/Document/FIToFIPmtRvsl/TxInf/OrgnlTxRef/DbtrAgtAcct/Prxy/Tp/Cd,Cd,ExternalProxyAccountType1Code,1,1
pacs.007.001.14,/Document/FIToFIPmtRvsl/TxInf/OrgnlTxRef/DbtrAgtAcct/Prxy/Tp/Prtry,Prtry,Max35Text,1,1
pacs.007.001.14,/Document/FIToFIPmtRvsl/TxInf/OrgnlTxRef/DbtrAgtAcct/Prxy/Id,Id,Max2048Text,1,1
pacs.007.001.14,/Document/FIToFIPmtRvsl/TxInf/OrgnlTxRef/CdtrAgt,CdtrAgt,BranchAndFinancialInstitutionIdentification8,0,1
pacs.007.001.14,/Document/FIToFIPmtRvsl/TxInf/OrgnlTxRef/CdtrAgt/FinInstnId,FinInstnId,FinancialInstitutionIdentification23,1,1
pacs.007.001.14,/Document/FIToFIPmtRvsl/TxInf/OrgnlTxRef/CdtrAgt/FinInstnId/BICFI,BICFI,BICFIDec2014Identifier,0,1
pacs.007.001.14,/Document/FIToFIPmtRvsl/TxInf/OrgnlTxRef/CdtrAgt/FinInstnId/ClrSysMmbId,ClrSysMmbId,ClearingSystemMemberIdentification2,0,1
pacs.007.001.14,/Document/FIToFIPmtRvsl/TxInf/OrgnlTxRef/CdtrAgt/FinInstnId/ClrSysMmbId/ClrSysId,ClrSysId,ClearingSystemIdentification2Choice,0,1
pacs.007.001.14,/Document/FIToFIPmtRvsl/TxInf/OrgnlTxRef/CdtrAgt/FinInstnId/ClrSysMmbId/ClrSysId/Cd,Cd,ExternalClearingSystemIdentification1Code,1,1
pacs.007.001.14,/Document/FIToFIPmtRvsl/TxInf/OrgnlTxRef/CdtrAgt/FinInstnId/ClrSysMmbId/ClrSysId/Prtry,Prtry,Max35Text,1,1
pacs.007.001.14,/Document/FIToFIPmtRvsl/TxInf/OrgnlTxRef/CdtrAgt/FinInstnId/ClrSysMmbId/MmbId,MmbId,Max35Text,1,1
pacs.007.001.14,/Document/FIToFIPmtRvsl/TxInf/OrgnlTxRef/CdtrAgt/FinInstnId/LEI,LEI,LEIIdentifier,0,1
pacs.007.001.14,/Document/FIToFIPmtRvsl/TxInf/OrgnlTxRef/CdtrAgt/FinInstnId/Nm,Nm,Max140Text,0,1
pacs.007.001.14,/Document/FIToFIPmtRvsl/TxInf/OrgnlTxRef/CdtrAgt/FinInstnId/PstlAdr,PstlAdr,PostalAddress27,0,1
pacs.007.001.14,/Document/FIToFIPmtRvsl/TxInf/OrgnlTxRef/CdtrAgt/FinInstnId/PstlAdr/AdrTp,AdrTp,AddressType3Choice,0,1
pacs.007.001.14,/Document/FIToFIPmtRvsl/TxInf/OrgnlTxRef/CdtrAgt/FinInstnId/PstlAdr/AdrTp/Cd,Cd,AddressType2Code,1,1
pacs.007.001.14,/Document/FIToFIPmtRvsl/TxInf/OrgnlTxRef/CdtrAgt/FinInstnId/PstlAdr/AdrTp/Prtry,Prtry,GenericIdentification30,1,1
pacs.007.001.14,/Document/FIToFIPmtRvsl/TxInf/OrgnlTxRef/CdtrAgt/FinInstnId/PstlAdr/AdrTp/Prtry/Id,Id,Exact4AlphaNumericText,1,1
pacs.007.001.14,/Document/FIToFIPmtRvsl/TxInf/OrgnlTxRef/CdtrAgt/FinInstnId/PstlAdr/AdrTp/Prtry/Issr,Issr,Max35Text,1,1
pacs.007.001.14,/Document/FIToFIPmtRvsl/TxInf/OrgnlTxRef/CdtrAgt/FinInstnId/PstlAdr/AdrTp/Prtry/SchmeNm,SchmeNm,Max35Text,0,1
pacs.007.001.14,/Document/FIToFIPmtRvsl/TxInf/OrgnlTxRef/CdtrAgt/FinInstnId/PstlAdr/CareOf,CareOf,Max140Text,0,1
pacs.007.001.14,/Document/FIToFIPmtRvsl/TxInf/OrgnlTxRef/CdtrAgt/FinInstnId/PstlAdr/Dept,Dept,Max70Text,0,1
pacs.007.001.14,/Document/FIToFIPmtRvsl/TxInf/OrgnlTxRef/CdtrAgt/FinInstnId/PstlAdr/SubDept,SubDept,Max70Text,0,1
pacs.007.001.14,/Document/FIToFIPmtRvsl/TxInf/OrgnlTxRef/CdtrAgt/FinInstnId/PstlAdr/StrtNm,StrtNm,Max140Text,0,1
pacs.007.001.14,/Document/FIToFIPmtRvsl/TxInf/OrgnlTxRef/CdtrAgt/FinInstnId/PstlAdr/BldgNb,BldgNb,Max16Text,0,1
pacs.007.001.14,/Document/FIToFIPmtRvsl/TxInf/OrgnlTxRef/CdtrAgt/FinInstnId/PstlAdr/BldgNm,BldgNm,Max140Text,0,1
pacs.007.001.14,/Document/FIToFIPmtRvsl/TxInf/OrgnlTxRef/CdtrAgt/FinInstnId/PstlAdr/Flr,Flr,Max70Text,0,1
pacs.007.001.14,/Document/FIToFIPmtRvsl/TxInf/OrgnlTxRef/CdtrAgt/FinInstnId/PstlAdr/UnitNb,UnitNb,Max16Text,0,1
pacs.007.001.14,/Document/FIToFIPmtRvsl/TxInf/OrgnlTxRef/CdtrAgt/FinInstnId/PstlAdr/PstBx,PstBx,Max16Text,0,1
pacs.007.001.14,/Document/FIToFIPmtRvsl/TxInf/OrgnlTxRef/CdtrAgt/FinInstnId/PstlAdr/Room,Room,Max70Text,0,1
pacs.007.001.14,/Document/FIToFIPmtRvsl/TxInf/OrgnlTxRef/CdtrAgt/FinInstnId/PstlAdr/PstCd,PstCd,Max16Text,0,1
pacs.007.001.14,/Document/FIToFIPmtRvsl/TxInf/OrgnlTxRef/CdtrAgt/FinInstnId/PstlAdr/TwnNm,TwnNm,Max140Text,0,1
pacs.007.001.14,/Document/FIToFIPmtRvsl/TxInf/OrgnlTxRef/CdtrAgt/FinInstnId/PstlAdr/TwnLctnNm,TwnLctnNm,Max140Text,0,1
pacs.007.001.14,/Document/FIToFIPmtRvsl/TxInf/OrgnlTxRef/CdtrAgt/FinInstnId/PstlAdr/DstrctNm,DstrctNm,Max140Text,0,1
pacs.007.001.14,/Document/FIToFIPmtRvsl/TxInf/OrgnlTxRef/CdtrAgt/FinInstnId/PstlAdr/CtrySubDvsn,CtrySubDvsn,Max35Text,0,1
pacs.007.001.14,/Document/FIToFIPmtRvsl/TxInf/OrgnlTxRef/CdtrAgt/FinInstnId/PstlAdr/Ctry,Ctry,CountryCode,0,1
pacs.007.001.14,/Document/FIToFIPmtRvsl/TxInf/OrgnlTxRef/CdtrAgt/FinInstnId/PstlAdr/AdrLine,AdrLine,Max70Text,0,7
pacs.007.001.14,/Document/FIToFIPmtRvsl/TxInf/OrgnlTxRef/CdtrAgt/FinInstnId/Othr,Othr,GenericFinancialIdentification1,0,1
pacs.007.001.14,/Document/FIToFIPmtRvsl/TxInf/OrgnlTxRef/CdtrAgt/FinInstnId/Othr/Id,Id,Max35Text,1,1
pacs.007.001.14,/Document/FIToFIPmtRvsl/TxInf/OrgnlTxRef/CdtrAgt/FinInstnId/Othr/SchmeNm,SchmeNm,FinancialIdentificationSchemeName1Choice,0,1
pacs.007.001.14,/Document/FIToFIPmtRvsl/TxInf/OrgnlTxRef/CdtrAgt/FinInstnId/Othr/SchmeNm/Cd,Cd,ExternalFinancialInstitutionIdentification1Code,1,1
pacs.007.001.14,/Document/FIToFIPmtRvsl/TxInf/OrgnlTxRef/CdtrAgt/FinInstnId/Othr/SchmeNm/Prtry,Prtry,Max35Text,1,1
pacs.007.001.14,/Document/FIToFIPmtRvsl/TxInf/OrgnlTxRef/CdtrAgt/FinInstnId/Othr/Issr,Issr,Max35Text,0,1
pacs.007.001.14,/Document/FIToFIPmtRvsl/TxInf/OrgnlTxRef/CdtrAgt/BrnchId,BrnchId,BranchData5,0,1
pacs.007.001.14,/Document/FIToFIPmtRvsl/TxInf/OrgnlTxRef/CdtrAgt/BrnchId/Id,Id,Max35Text,0,1
pacs.007.001.14,/Document/FIToFIPmtRvsl/TxInf/OrgnlTxRef/CdtrAgt/BrnchId/LEI,LEI,LEIIdentifier,0,1
pacs.007.001.14,/Document/FIToFIPmtRvsl/TxInf/OrgnlTxRef/CdtrAgt/BrnchId/Nm,Nm,Max140Text,0,1
pacs.007.001.14,/Document/FIToFIPmtRvsl/TxInf/OrgnlTxRef/CdtrAgt/BrnchId/PstlAdr,PstlAdr,PostalAddress27,0,1
pacs.007.001.14,/Document/FIToFIPmtRvsl/TxInf/OrgnlTxRef/CdtrAgt/BrnchId/PstlAdr/AdrTp,AdrTp,AddressType3Choice,0,1
pacs.007.001.14,/Document/FIToFIPmtRvsl/TxInf/OrgnlTxRef/CdtrAgt/BrnchId/PstlAdr/AdrTp/Cd,Cd,AddressType2Code,1,1
pacs.007.001.14,/Document/FIToFIPmtRvsl/TxInf/OrgnlTxRef/CdtrAgt/BrnchId/PstlAdr/AdrTp/Prtry,Prtry,GenericIdentification30,1,1
pacs.007.001.14,/Document/FIToFIPmtRvsl/TxInf/OrgnlTxRef/CdtrAgt/BrnchId/PstlAdr/AdrTp/Prtry/Id,Id,Exact4AlphaNumericText,1,1
pacs.007.001.14,/Document/FIToFIPmtRvsl/TxInf/OrgnlTxRef/CdtrAgt/BrnchId/PstlAdr/AdrTp/Prtry/Issr,Issr,Max35Text,1,1
pacs.007.001.14,/Document/FIToFIPmtRvsl/TxInf/OrgnlTxRef/CdtrAgt/BrnchId/PstlAdr/AdrTp/Prtry/SchmeNm,SchmeNm,Max35Text,0,1
pacs.007.001.14,/Document/FIToFIPmtRvsl/TxInf/OrgnlTxRef/CdtrAgt/BrnchId/PstlAdr/CareOf,CareOf,Max140Text,0,1
pacs.007.001.14,/Document/FIToFIPmtRvsl/TxInf/OrgnlTxRef/CdtrAgt/BrnchId/PstlAdr/Dept,Dept,Max70Text,0,1
pacs.007.001.14,/Document/FIToFIPmtRvsl/TxInf/OrgnlTxRef/CdtrAgt/BrnchId/PstlAdr/SubDept,SubDept,Max70Text,0,1
pacs.007.001.14,/Document/FIToFIPmtRvsl/TxInf/OrgnlTxRef/CdtrAgt/BrnchId/PstlAdr/StrtNm,StrtNm,Max140Text,0,1
pacs.007.001.14,/Document/FIToFIPmtRvsl/TxInf/OrgnlTxRef/CdtrAgt/BrnchId/PstlAdr/BldgNb,BldgNb,Max16Text,0,1
pacs.007.001.14,/Document/FIToFIPmtRvsl/TxInf/OrgnlTxRef/CdtrAgt/BrnchId/PstlAdr/BldgNm,BldgNm,Max140Text,0,1
pacs.007.001.14,/Document/FIToFIPmtRvsl/TxInf/OrgnlTxRef/CdtrAgt/BrnchId/PstlAdr/Flr,Flr,Max70Text,0,1
pacs.007.001.14,/Document/FIToFIPmtRvsl/TxInf/OrgnlTxRef/CdtrAgt/BrnchId/PstlAdr/UnitNb,UnitNb,Max16Text,0,1
pacs.007.001.14,/Document/FIToFIPmtRvsl/TxInf/OrgnlTxRef/CdtrAgt/BrnchId/PstlAdr/PstBx,PstBx,Max16Text,0,1
pacs.007.001.14,/Document/FIToFIPmtRvsl/TxInf/OrgnlTxRef/CdtrAgt/BrnchId/PstlAdr/Room,Room,Max70Text,0,1
pacs.007.001.14,/Document/FIToFIPmtRvsl/TxInf/OrgnlTxRef/CdtrAgt/BrnchId/PstlAdr/PstCd,PstCd,Max16Text,0,1
pacs.007.001.14,/Document/FIToFIPmtRvsl/TxInf/OrgnlTxRef/CdtrAgt/BrnchId/PstlAdr/TwnNm,TwnNm,Max140Text,0,1
pacs.007.001.14,/Document/FIToFIPmtRvsl/TxInf/OrgnlTxRef/CdtrAgt/BrnchId/PstlAdr/TwnLctnNm,TwnLctnNm,Max140Text,0,1
pacs.007.001.14,/Document/FIToFIPmtRvsl/TxInf/OrgnlTxRef/CdtrAgt/BrnchId/PstlAdr/DstrctNm,DstrctNm,Max140Text,0,1
pacs.007.001.14,/Document/FIToFIPmtRvsl/TxInf/OrgnlTxRef/CdtrAgt/BrnchId/PstlAdr/CtrySubDvsn,CtrySubDvsn,Max35Text,0,1
pacs.007.001.14,/Document/FIToFIPmtRvsl/TxInf/OrgnlTxRef/CdtrAgt/BrnchId/PstlAdr/Ctry,Ctry,CountryCode,0,1
pacs.007.001.14,/Document/FIToFIPmtRvsl/TxInf/OrgnlTxRef/CdtrAgt/BrnchId/PstlAdr/AdrLine,AdrLine,Max70Text,0,7
pacs.007.001.14,/Document/FIToFIPmtRvsl/TxInf/OrgnlTxRef/CdtrAgtAcct,CdtrAgtAcct,CashAccount40,0,1
pacs.007.001.14,/Document/FIToFIPmtRvsl/TxInf/OrgnlTxRef/CdtrAgtAcct/Id,Id,AccountIdentification4Choice,0,1
pacs.007.001.14,/Document/FIToFIPmtRvsl/TxInf/OrgnlTxRef/CdtrAgtAcct/Id/IBAN,IBAN,IBAN2007Identifier,1,1
pacs.007.001.14,/Document/FIToFIPmtRvsl/TxInf/OrgnlTxRef/CdtrAgtAcct/Id/Othr,Othr,GenericAccountIdentification1,1,1
pacs.007.001.14,/Document/FIToFIPmtRvsl/TxInf/OrgnlTxRef/CdtrAgtAcct/Id/Othr/Id,Id,Max34Text,1,1
pacs.007.001.14,/Document/FIToFIPmtRvsl/TxInf/OrgnlTxRef/CdtrAgtAcct/Id/Othr/SchmeNm,SchmeNm,AccountSchemeName1Choice,0,1
pacs.007.001.14,/Document/FIToFIPmtRvsl/TxInf/OrgnlTxRef/CdtrAgtAcct/Id/Othr/SchmeNm/Cd,Cd,ExternalAccountIdentification1Code,1,1
pacs.007.001.14,/Document/FIToFIPmtRvsl/TxInf/OrgnlTxRef/CdtrAgtAcct/Id/Othr/SchmeNm/Prtry,Prtry,Max35Text,1,1
pacs.007.001.14,/Document/FIToFIPmtRvsl/TxInf/OrgnlTxRef/CdtrAgtAcct/Id/Othr/Issr,Issr,Max35Text,0,1
pacs.007.001.14,/Document/FIToFIPmtRvsl/TxInf/OrgnlTxRef/CdtrAgtAcct/Tp,Tp,CashAccountType2Choice,0,1
pacs.007.001.14,/Document/FIToFIPmtRvsl/TxInf/OrgnlTxRef/CdtrAgtAcct/Tp/Cd,Cd,ExternalCashAccountType1Code,1,1
pacs.007.001.14,/Document/FIToFIPmtRvsl/TxInf/OrgnlTxRef/CdtrAgtAcct/Tp/Prtry,Prtry,Max35Text,1,1
pacs.007.001.14,/Document/FIToFIPmtRvsl/TxInf/OrgnlTxRef/CdtrAgtAcct/Ccy,Ccy,ActiveOrHistoricCurrencyCode,0,1
pacs.007.001.14,/Document/FIToFIPmtRvsl/TxInf/OrgnlTxRef/CdtrAgtAcct/Nm,Nm,Max70Text,0,1
pacs.007.001.14,/Document/FIToFIPmtRvsl/TxInf/OrgnlTxRef/CdtrAgtAcct/Prxy,Prxy,ProxyAccountIdentification1,0,1
pacs.007.001.14,/Document/FIToFIPmtRvsl/TxInf/OrgnlTxRef/CdtrAgtAcct/Prxy/Tp,Tp,ProxyAccountType1Choice,0,1
pacs.007.001.14,/Document/FIToFIPmtRvsl/TxInf/OrgnlTxRef/CdtrAgtAcct/Prxy/Tp/Cd,Cd,ExternalProxyAccountType1Code,1,1
pacs.007.001.14,/Document/FIToFIPmtRvsl/TxInf/OrgnlTxRef/CdtrAgtAcct/Prxy/Tp/Prtry,Prtry,Max35Text,1,1
pacs.007.001.14,/Document/FIToFIPmtRvsl/TxInf/OrgnlTxRef/CdtrAgtAcct/Prxy/Id,Id,Max2048Text,1,1
pacs.007.001.14,/Document/FIToFIPmtRvsl/TxInf/OrgnlTxRef/Cdtr,Cdtr,Party50Choice,0,1
pacs.007.001.14,/Document/FIToFIPmtRvsl/TxInf/OrgnlTxRef/Cdtr/Pty,Pty,PartyIdentification272,1,1
pacs.007.001.14,/Document/FIToFIPmtRvsl/TxInf/OrgnlTxRef/Cdtr/Pty/Nm,Nm,Max140Text,0,1
pacs.007.001.14,/Document/FIToFIPmtRvsl/TxInf/OrgnlTxRef/Cdtr/Pty/PstlAdr,PstlAdr,PostalAddress27,0,1
pacs.007.001.14,/Document/FIToFIPmtRvsl/TxInf/OrgnlTxRef/Cdtr/Pty/PstlAdr/AdrTp,AdrTp,AddressType3Choice,0,1
pacs.007.001.14,/Document/FIToFIPmtRvsl/TxInf/OrgnlTxRef/Cdtr/Pty/PstlAdr/AdrTp/Cd,Cd,AddressType2Code,1,1
pacs.007.001.14,/Document/FIToFIPmtRvsl/TxInf/OrgnlTxRef/Cdtr/Pty/PstlAdr/AdrTp/Prtry,Prtry,GenericIdentification30,1,1
pacs.007.001.14,/Document/FIToFIPmtRvsl/TxInf/OrgnlTxRef/Cdtr/Pty/PstlAdr/AdrTp/Prtry/Id,Id,Exact4AlphaNumericText,1,1
pacs.007.001.14,/Document/FIToFIPmtRvsl/TxInf/OrgnlTxRef/Cdtr/Pty/PstlAdr/AdrTp/Prtry/Issr,Issr,Max35Text,1,1
pacs.007.001.14,/Document/FIToFIPmtRvsl/TxInf/OrgnlTxRef/Cdtr/Pty/PstlAdr/AdrTp/Prtry/SchmeNm,SchmeNm,Max35Text,0,1
pacs.007.001.14,/Document/FIToFIPmtRvsl/TxInf/OrgnlTxRef/Cdtr/Pty/PstlAdr/CareOf,CareOf,Max140Text,0,1
pacs.007.001.14,/Document/FIToFIPmtRvsl/TxInf/OrgnlTxRef/Cdtr/Pty/PstlAdr/Dept,Dept,Max70Text,0,1
pacs.007.001.14,/Document/FIToFIPmtRvsl/TxInf/OrgnlTxRef/Cdtr/Pty/PstlAdr/SubDept,SubDept,Max70Text,0,1
pacs.007.001.14,/Document/FIToFIPmtRvsl/TxInf/OrgnlTxRef/Cdtr/Pty/PstlAdr/StrtNm,StrtNm,Max140Text,0,1
pacs.007.001.14,/Document/FIToFIPmtRvsl/TxInf/OrgnlTxRef/Cdtr/Pty/PstlAdr/BldgNb,BldgNb,Max16Text,0,1
pacs.007.001.14,/Document/FIToFIPmtRvsl/TxInf/OrgnlTxRef/Cdtr/Pty/PstlAdr/BldgNm,BldgNm,Max140Text,0,1
pacs.007.001.14,/Document/FIToFIPmtRvsl/TxInf/OrgnlTxRef/Cdtr/Pty/PstlAdr/Flr,Flr,Max70Text,0,1
pacs.007.001.14,/Document/FIToFIPmtRvsl/TxInf/OrgnlTxRef/Cdtr/Pty/PstlAdr/UnitNb,UnitNb,Max16Text,0,1
pacs.007.001.14,/Document/FIToFIPmtRvsl/TxInf/OrgnlTxRef/Cdtr/Pty/PstlAdr/PstBx,PstBx,Max16Text,0,1
pacs.007.001.14,/Document/FIToFIPmtRvsl/TxInf/OrgnlTxRef/Cdtr/Pty/PstlAdr/Room,Room,Max70Text,0,1
pacs.007.001.14,/Document/FIToFIPmtRvsl/TxInf/OrgnlTxRef/Cdtr/Pty/PstlAdr/PstCd,PstCd,Max16Text,0,1
pacs.007.001.14,/Document/FIToFIPmtRvsl/TxInf/OrgnlTxRef/Cdtr/Pty/PstlAdr/TwnNm,TwnNm,Max140Text,0,1
pacs.007.001.14,/Document/FIToFIPmtRvsl/TxInf/OrgnlTxRef/Cdtr/Pty/PstlAdr/TwnLctnNm,TwnLctnNm,Max140Text,0,1
pacs.007.001.14,/Document/FIToFIPmtRvsl/TxInf/OrgnlTxRef/Cdtr/Pty/PstlAdr/DstrctNm,DstrctNm,Max140Text,0,1
pacs.007.001.14,/Document/FIToFIPmtRvsl/TxInf/OrgnlTxRef/Cdtr/Pty/PstlAdr/CtrySubDvsn,CtrySubDvsn,Max35Text,0,1
pacs.007.001.14,/Document/FIToFIPmtRvsl/TxInf/OrgnlTxRef/Cdtr/Pty/PstlAdr/Ctry,Ctry,CountryCode,0,1
pacs.007.001.14,/Document/FIToFIPmtRvsl/TxInf/OrgnlTxRef/Cdtr/Pty/PstlAdr/AdrLine,AdrLine,Max70Text,0,7
pacs.007.001.14,/Document/FIToFIPmtRvsl/TxInf/OrgnlTxRef/Cdtr/Pty/Id,Id,Party52Choice,0,1
pacs.007.001.14,/Document/FIToFIPmtRvsl/TxInf/OrgnlTxRef/Cdtr/Pty/Id/OrgId,OrgId,OrganisationIdentification39,1,1
pacs.007.001.14,/Document/FIToFIPmtRvsl/TxInf/OrgnlTxRef/Cdtr/Pty/Id/OrgId/AnyBIC,AnyBIC,AnyBICDec2014Identifier,0,1
pacs.007.001.14,/Document/FIToFIPmtRvsl/TxInf/OrgnlTxRef/Cdtr/Pty/Id/OrgId/LEI,LEI,LEIIdentifier,0,1
pacs.007.001.14,/Document/FIToFIPmtRvsl/TxInf/OrgnlTxRef/Cdtr/Pty/Id/OrgId/Othr,Othr,GenericOrganisationIdentification3,0,
pacs.007.001.14,/Document/FIToFIPmtRvsl/TxInf/OrgnlTxRef/Cdtr/Pty/Id/OrgId/Othr/Id,Id,Max256Text,1,1
pacs.007.001.14,/Document/FIToFIPmtRvsl/TxInf/OrgnlTxRef/Cdtr/Pty/Id/OrgId/Othr/SchmeNm,SchmeNm,OrganisationIdentificationSchemeName1Choice,0,1
pacs.007.001.14,/Document/FIToFIPmtRvsl/TxInf/OrgnlTxRef/Cdtr/Pty/Id/OrgId/Othr/SchmeNm/Cd,Cd,ExternalOrganisationIdentification1Code,1,1
pacs.007.001.14,/Document/FIToFIPmtRvsl/TxInf/OrgnlTxRef/Cdtr/Pty/Id/OrgId/Othr/SchmeNm/Prtry,Prtry,Max35Text,1,1
pacs.007.001.14,/Document/FIToFIPmtRvsl/TxInf/OrgnlTxRef/Cdtr/Pty/Id/OrgId/Othr/Issr,Issr,Max35Text,0,1
pacs.007.001.14,/Document/FIToFIPmtRvsl/TxInf/OrgnlTxRef/Cdtr/Pty/Id/PrvtId,PrvtId,PersonIdentification18,1,1
pacs.007.001.14,/Document/FIToFIPmtRvsl/TxInf/OrgnlTxRef/Cdtr/Pty/Id/PrvtId/DtAndPlcOfBirth,DtAndPlcOfBirth,DateAndPlaceOfBirth1,0,1
pacs.007.001.14,/Document/FIToFIPmtRvsl/TxInf/OrgnlTxRef/Cdtr/Pty/Id/PrvtId/DtAndPlcOfBirth/BirthDt,BirthDt,ISODate,1,1
pacs.007.001.14,/Document/FIToFIPmtRvsl/TxInf/OrgnlTxRef/Cdtr/Pty/Id/PrvtId/DtAndPlcOfBirth/PrvcOfBirth,PrvcOfBirth,Max35Text,0,1
pacs.007.001.14,/Document/FIToFIPmtRvsl/TxInf/OrgnlTxRef/Cdtr/Pty/Id/PrvtId/DtAndPlcOfBirth/CityOfBirth,CityOfBirth,Max35Text,1,1
pacs.007.001.14,/Document/FIToFIPmtRvsl/TxInf/OrgnlTxRef/Cdtr/Pty/Id/PrvtId/DtAndPlcOfBirth/CtryOfBirth,CtryOfBirth,CountryCode,1,1
pacs.007.001.14,/Document/FIToFIPmtRvsl/TxInf/OrgnlTxRef/Cdtr/Pty/Id/PrvtId/Othr,Othr,GenericPersonIdentification2,0,
pacs.007.001.14,/Document/FIToFIPmtRvsl/TxInf/OrgnlTxRef/Cdtr/Pty/Id/PrvtId/Othr/Id,Id,Max256Text,1,1
pacs.007.001.14,/Document/FIToFIPmtRvsl/TxInf/OrgnlTxRef/Cdtr/Pty/Id/PrvtId/Othr/SchmeNm,SchmeNm,PersonIdentificationSchemeName1Choice,0,1
pacs.007.001.14,/Document/FIToFIPmtRvsl/TxInf/OrgnlTxRef/Cdtr/Pty/Id/PrvtId/Othr/SchmeNm/Cd,Cd,ExternalPersonIdentification1Code,1,1
pacs.007.001.14,/Document/FIToFIPmtRvsl/TxInf/OrgnlTxRef/Cdtr/Pty/Id/PrvtId/Othr/SchmeNm/Prtry,Prtry,Max35Text,1,1
pacs.007.001.14,/Document/FIToFIPmtRvsl/TxInf/OrgnlTxRef/Cdtr/Pty/Id/PrvtId/Othr/Issr,Issr,Max35Text,0,1
pacs.007.001.14,/Document/FIToFIPmtRvsl/TxInf/OrgnlTxRef/Cdtr/Pty/CtryOfRes,CtryOfRes,CountryCode,0,1
pacs.007.001.14,/Document/FIToFIPmtRvsl/TxInf/OrgnlTxRef/Cdtr/Pty/CtctDtls,CtctDtls,Contact13,0,1
pacs.007.001.14,/Document/FIToFIPmtRvsl/TxInf/OrgnlTxRef/Cdtr/Pty/CtctDtls/NmPrfx,NmPrfx,NamePrefix2Code,0,1
pacs.007.001.14,/Document/FIToFIPmtRvsl/TxInf/OrgnlTxRef/Cdtr/Pty/CtctDtls/Nm,Nm,Max140Text,0,1
pacs.007.001.14,/Document/FIToFIPmtRvsl/TxInf/OrgnlTxRef/Cdtr/Pty/CtctDtls/PhneNb,PhneNb,PhoneNumber,0,1
pacs.007.001.14,/Document/FIToFIPmtRvsl/TxInf/OrgnlTxRef/Cdtr/Pty/CtctDtls/MobNb,MobNb,PhoneNumber,0,1
pacs.007.001.14,/Document/FIToFIPmtRvsl/TxInf/OrgnlTxRef/Cdtr/Pty/CtctDtls/FaxNb,FaxNb,PhoneNumber,0,1
pacs.007.001.14,/Document/FIToFIPmtRvsl/TxInf/OrgnlTxRef/Cdtr/Pty/CtctDtls/URLAdr,URLAdr,Max2048Text,0,1
pacs.007.001.14,/Document/FIToFIPmtRvsl/TxInf/OrgnlTxRef/Cdtr/Pty/CtctDtls/EmailAdr,EmailAdr,Max256Text,0,1
pacs.007.001.14,/Document/FIToFIPmtRvsl/TxInf/OrgnlTxRef/Cdtr/Pty/CtctDtls/EmailPurp,EmailPurp,Max35Text,0,1
pacs.007.001.14,/Document/FIToFIPmtRvsl/TxInf/OrgnlTxRef/Cdtr/Pty/CtctDtls/JobTitl,JobTitl,Max35Text,0,1
pacs.007.001.14,/Document/FIToFIPmtRvsl/TxInf/OrgnlTxRef/Cdtr/Pty/CtctDtls/Rspnsblty,Rspnsblty,Max35Text,0,1
pacs.007.001.14,/Document/FIToFIPmtRvsl/TxInf/OrgnlTxRef/Cdtr/Pty/CtctDtls/Dept,Dept,Max70Text,0,1
pacs.007.001.14,/Document/FIToFIPmtRvsl/TxInf/OrgnlTxRef/Cdtr/Pty/CtctDtls/Othr,Othr,OtherContact1,0,
pacs.007.001.14,/Document/FIToFIPmtRvsl/TxInf/OrgnlTxRef/Cdtr/Pty/CtctDtls/Othr/ChanlTp,ChanlTp,Max4Text,1,1
pacs.007.001.14,/Document/FIToFIPmtRvsl/TxInf/OrgnlTxRef/Cdtr/Pty/CtctDtls/Othr/Id,Id,Max128Text,0,1
pacs.007.001.14,/Document/FIToFIPmtRvsl/TxInf/OrgnlTxRef/Cdtr/Pty/CtctDtls/PrefrdMtd,PrefrdMtd,PreferredContactMethod2Code,0,1
pacs.007.001.14,/Document/FIToFIPmtRvsl/TxInf/OrgnlTxRef/Cdtr/Agt,Agt,BranchAndFinancialInstitutionIdentification8,1,1
pacs.007.001.14,/Document/FIToFIPmtRvsl/TxInf/OrgnlTxRef/Cdtr/Agt/FinInstnId,FinInstnId,FinancialInstitutionIdentification23,1,1
pacs.007.001.14,/Document/FIToFIPmtRvsl/TxInf/OrgnlTxRef/Cdtr/Agt/FinInstnId/BICFI,BICFI,BICFIDec2014Identifier,0,1
pacs.007.001.14,/Document/FIToFIPmtRvsl/TxInf/OrgnlTxRef/Cdtr/Agt/FinInstnId/ClrSysMmbId,ClrSysMmbId,ClearingSystemMemberIdentification2,0,1
pacs.007.001.14,/Document/FIToFIPmtRvsl/TxInf/OrgnlTxRef/Cdtr/Agt/FinInstnId/ClrSysMmbId/ClrSysId,ClrSysId,ClearingSystemIdentification2Choice,0,1
pacs.007.001.14,/Document/FIToFIPmtRvsl/TxInf/OrgnlTxRef/Cdtr/Agt/FinInstnId/ClrSysMmbId/ClrSysId/Cd,Cd,ExternalClearingSystemIdentification1Code,1,1
pacs.007.001.14,/Document/FIToFIPmtRvsl/TxInf/OrgnlTxRef/Cdtr/Agt/FinInstnId/ClrSysMmbId/ClrSysId/Prtry,Prtry,Max35Text,1,1
pacs.007.001.14,/Document/FIToFIPmtRvsl/TxInf/OrgnlTxRef/Cdtr/Agt/FinInstnId/ClrSysMmbId/MmbId,MmbId,Max35Text,1,1
pacs.007.001.14,/Document/FIToFIPmtRvsl/TxInf/OrgnlTxRef/Cdtr/Agt/FinInstnId/LEI,LEI,LEIIdentifier,0,1
pacs.007.001.14,/Document/FIToFIPmtRvsl/TxInf/OrgnlTxRef/Cdtr/Agt/FinInstnId/Nm,Nm,Max140Text,0,1
pacs.007.001.14,/Document/FIToFIPmtRvsl/TxInf/OrgnlTxRef/Cdtr/Agt/FinInstnId/PstlAdr,PstlAdr,PostalAddress27,0,1
pacs.007.001.14,/Document/FIToFIPmtRvsl/TxInf/OrgnlTxRef/Cdtr/Agt/FinInstnId/PstlAdr/AdrTp,AdrTp,AddressType3Choice,0,1
pacs.007.001.14,/Document/FIToFIPmtRvsl/TxInf/OrgnlTxRef/Cdtr/Agt/FinInstnId/PstlAdr/AdrTp/Cd,Cd,AddressType2Code,1,1
pacs.007.001.14,/Document/FIToFIPmtRvsl/TxInf/OrgnlTxRef/Cdtr/Agt/FinInstnId/PstlAdr/AdrTp/Prtry,Prtry,GenericIdentification30,1,1
pacs.007.001.14,/Document/FIToFIPmtRvsl/TxInf/OrgnlTxRef/Cdtr/Agt/FinInstnId/PstlAdr/AdrTp/Prtry/Id,Id,Exact4AlphaNumericText,1,1
pacs.007.001.14,/Document/FIToFIPmtRvsl/TxInf/OrgnlTxRef/Cdtr/Agt/FinInstnId/PstlAdr/AdrTp/Prtry/Issr,Issr,Max35Text,1,1
pacs.007.001.14,/Document/FIToFIPmtRvsl/TxInf/OrgnlTxRef/Cdtr/Agt/FinInstnId/PstlAdr/AdrTp/Prtry/SchmeNm,SchmeNm,Max35Text,0,1
pacs.007.001.14,/Document/FIToFIPmtRvsl/TxInf/OrgnlTxRef/Cdtr/Agt/FinInstnId/PstlAdr/CareOf,CareOf,Max140Text,0,1
pacs.007.001.14,/Document/FIToFIPmtRvsl/TxInf/OrgnlTxRef/Cdtr/Agt/FinInstnId/PstlAdr/Dept,Dept,Max70Text,0,1
pacs.007.001.14,/Document/FIToFIPmtRvsl/TxInf/OrgnlTxRef/Cdtr/Agt/FinInstnId/PstlAdr/SubDept,SubDept,Max70Text,0,1
pacs.007.001.14,/Document/FIToFIPmtRvsl/TxInf/OrgnlTxRef/Cdtr/Agt/FinInstnId/PstlAdr/StrtNm,StrtNm,Max140Text,0,1
pacs.007.001.14,/Document/FIToFIPmtRvsl/TxInf/OrgnlTxRef/Cdtr/Agt/FinInstnId/PstlAdr/BldgNb,BldgNb,Max16Text,0,1
pacs.007.001.14,/Document/FIToFIPmtRvsl/TxInf/OrgnlTxRef/Cdtr/Agt/FinInstnId/PstlAdr/BldgNm,BldgNm,Max140Text,0,1
pacs.007.001.14,/Document/FIToFIPmtRvsl/TxInf/OrgnlTxRef/Cdtr/Agt/FinInstnId/PstlAdr/Flr,Flr,Max70Text,0,1
pacs.007.001.14,/Document/FIToFIPmtRvsl/TxInf/OrgnlTxRef/Cdtr/Agt/FinInstnId/PstlAdr/UnitNb,UnitNb,Max16Text,0,1
pacs.007.001.14,/Document/FIToFIPmtRvsl/TxInf/OrgnlTxRef/Cdtr/Agt/FinInstnId/PstlAdr/PstBx,PstBx,Max16Text,0,1
pacs.007.001.14,/Document/FIToFIPmtRvsl/TxInf/OrgnlTxRef/Cdtr/Agt/FinInstnId/PstlAdr/Room,Room,Max70Text,0,1
pacs.007.001.14,/Document/FIToFIPmtRvsl/TxInf/OrgnlTxRef/Cdtr/Agt/FinInstnId/PstlAdr/PstCd,PstCd,Max16Text,0,1
pacs.007.001.14,/Document/FIToFIPmtRvsl/TxInf/OrgnlTxRef/Cdtr/Agt/FinInstnId/PstlAdr/TwnNm,TwnNm,Max140Text,0,1
pacs.007.001.14,/Document/FIToFIPmtRvsl/TxInf/OrgnlTxRef/Cdtr/Agt/FinInstnId/PstlAdr/TwnLctnNm,TwnLctnNm,Max140Text,0,1
pacs.007.001.14,/Document/FIToFIPmtRvsl/TxInf/OrgnlTxRef/Cdtr/Agt/FinInstnId/PstlAdr/DstrctNm,DstrctNm,Max140Text,0,1
pacs.007.001.14,/Document/FIToFIPmtRvsl/TxInf/OrgnlTxRef/Cdtr/Agt/FinInstnId/PstlAdr/CtrySubDvsn,CtrySubDvsn,Max35Text,0,1
pacs.007.001.14,/Document/FIToFIPmtRvsl/TxInf/OrgnlTxRef/Cdtr/Agt/FinInstnId/PstlAdr/Ctry,Ctry,CountryCode,0,1
pacs.007.001.14,/Document/FIToFIPmtRvsl/TxInf/OrgnlTxRef/Cdtr/Agt/FinInstnId/PstlAdr/AdrLine,AdrLine,Max70Text,0,7
pacs.007.001.14,/Document/FIToFIPmtRvsl/TxInf/OrgnlTxRef/Cdtr/Agt/FinInstnId/Othr,Othr,GenericFinancialIdentification1,0,1
pacs.007.001.14,/Document/FIToFIPmtRvsl/TxInf/OrgnlTxRef/Cdtr/Agt/FinInstnId/Othr/Id,Id,Max35Text,1,1
pacs.007.001.14,/Document/FIToFIPmtRvsl/TxInf/OrgnlTxRef/Cdtr/Agt/FinInstnId/Othr/SchmeNm,SchmeNm,FinancialIdentificationSchemeName1Choice,0,1
pacs.007.001.14,/Document/FIToFIPmtRvsl/TxInf/OrgnlTxRef/Cdtr/Agt/FinInstnId/Othr/SchmeNm/Cd,Cd,ExternalFinancialInstitutionIdentification1Code,1,1
pacs.007.001.14,/Document/FIToFIPmtRvsl/TxInf/OrgnlTxRef/Cdtr/Agt/FinInstnId/Othr/SchmeNm/Prtry,Prtry,Max35Text,1,1
pacs.007.001.14,/Document/FIToFIPmtRvsl/TxInf/OrgnlTxRef/Cdtr/Agt/FinInstnId/Othr/Issr,Issr,Max35Text,0,1
pacs.007.001.14,/Document/FIToFIPmtRvsl/TxInf/OrgnlTxRef/Cdtr/Agt/BrnchId,BrnchId,BranchData5,0,1
pacs.007.001.14,/Document/FIToFIPmtRvsl/TxInf/OrgnlTxRef/Cdtr/Agt/BrnchId/Id,Id,Max35Text,0,1
pacs.007.001.14,/Document/FIToFIPmtRvsl/TxInf/OrgnlTxRef/Cdtr/Agt/BrnchId/LEI,LEI,LEIIdentifier,0,1
pacs.007.001.14,/Document/FIToFIPmtRvsl/TxInf/OrgnlTxRef/Cdtr/Agt/BrnchId/Nm,Nm,Max140Text,0,1
pacs.007.001.14,/Document/FIToFIPmtRvsl/TxInf/OrgnlTxRef/Cdtr/Agt/BrnchId/PstlAdr,PstlAdr,PostalAddress27,0,1
pacs.007.001.14,/Document/FIToFIPmtRvsl/TxInf/OrgnlTxRef/Cdtr/Agt/BrnchId/PstlAdr/AdrTp,AdrTp,AddressType3Choice,0,1
pacs.007.001.14,/Document/FIToFIPmtRvsl/TxInf/OrgnlTxRef/Cdtr/Agt/BrnchId/PstlAdr/AdrTp/Cd,Cd,AddressType2Code,1,1
pacs.007.001.14,/Document/FIToFIPmtRvsl/TxInf/OrgnlTxRef/Cdtr/Agt/BrnchId/PstlAdr/AdrTp/Prtry,Prtry,GenericIdentification30,1,1
pacs.007.001.14,/Document/FIToFIPmtRvsl/TxInf/OrgnlTxRef/Cdtr/Agt/BrnchId/PstlAdr/AdrTp/Prtry/Id,Id,Exact4AlphaNumericText,1,1
pacs.007.001.14,/Document/FIToFIPmtRvsl/TxInf/OrgnlTxRef/Cdtr/Agt/BrnchId/PstlAdr/AdrTp/Prtry/Issr,Issr,Max35Text,1,1
pacs.007.001.14,/Document/FIToFIPmtRvsl/TxInf/OrgnlTxRef/Cdtr/Agt/BrnchId/PstlAdr/AdrTp/Prtry/SchmeNm,SchmeNm,Max35Text,0,1
pacs.007.001.14,/Document/FIToFIPmtRvsl/TxInf/OrgnlTxRef/Cdtr/Agt/BrnchId/PstlAdr/CareOf,CareOf,Max140Text,0,1
pacs.007.001.14,/Document/FIToFIPmtRvsl/TxInf/OrgnlTxRef/Cdtr/Agt/BrnchId/PstlAdr/Dept,Dept,Max70Text,0,1
pacs.007.001.14,/Document/FIToFIPmtRvsl/TxInf/OrgnlTxRef/Cdtr/Agt/BrnchId/PstlAdr/SubDept,SubDept,Max70Text,0,1
pacs.007.001.14,/Document/FIToFIPmtRvsl/TxInf/OrgnlTxRef/Cdtr/Agt/BrnchId/PstlAdr/StrtNm,StrtNm,Max140Text,0,1
pacs.007.001.14,/Document/FIToFIPmtRvsl/TxInf/OrgnlTxRef/Cdtr/Agt/BrnchId/PstlAdr/BldgNb,BldgNb,Max16Text,0,1
pacs.007.001.14,/Document/FIToFIPmtRvsl/TxInf/OrgnlTxRef/Cdtr/Agt/BrnchId/PstlAdr/BldgNm,BldgNm,Max140Text,0,1
pacs.007.001.14,/Document/FIToFIPmtRvsl/TxInf/OrgnlTxRef/Cdtr/Agt/BrnchId/PstlAdr/Flr,Flr,Max70Text,0,1
pacs.007.001.14,/Document/FIToFIPmtRvsl/TxInf/OrgnlTxRef/Cdtr/Agt/BrnchId/PstlAdr/UnitNb,UnitNb,Max16Text,0,1
pacs.007.001.14,/Document/FIToFIPmtRvsl/TxInf/OrgnlTxRef/Cdtr/Agt/BrnchId/PstlAdr/PstBx,PstBx,Max16Text,0,1
pacs.007.001.14,/Document/FIToFIPmtRvsl/TxInf/OrgnlTxRef/Cdtr/Agt/BrnchId/PstlAdr/Room,Room,Max70Text,0,1
pacs.007.001.14,/Document/FIToFIPmtRvsl/TxInf/OrgnlTxRef/Cdtr/Agt/BrnchId/PstlAdr/PstCd,PstCd,Max16Text,0,1
pacs.007.001.14,/Document/FIToFIPmtRvsl/TxInf/OrgnlTxRef/Cdtr/Agt/BrnchId/PstlAdr/TwnNm,TwnNm,Max140Text,0,1
pacs.007.001.14,/Document/FIToFIPmtRvsl/TxInf/OrgnlTxRef/Cdtr/Agt/BrnchId/PstlAdr/TwnLctnNm,TwnLctnNm,Max140Text,0,1
pacs.007.001.14,/Document/FIToFIPmtRvsl/TxInf/OrgnlTxRef/Cdtr/Agt/BrnchId/PstlAdr/DstrctNm,DstrctNm,Max140Text,0,1
pacs.007.001.14,/Document/FIToFIPmtRvsl/TxInf/OrgnlTxRef/Cdtr/Agt/BrnchId/PstlAdr/CtrySubDvsn,CtrySubDvsn,Max35Text,0,1
pacs.007.001.14,/Document/FIToFIPmtRvsl/TxInf/OrgnlTxRef/Cdtr/Agt/BrnchId/PstlAdr/Ctry,Ctry,CountryCode,0,1
pacs.007.001.14,/Document/FIToFIPmtRvsl/TxInf/OrgnlTxRef/Cdtr/Agt/BrnchId/PstlAdr/AdrLine,AdrLine,Max70Text,0,7
pacs.007.001.14,/Document/FIToFIPmtRvsl/TxInf/OrgnlTxRef/CdtrAcct,CdtrAcct,CashAccount40,0,1
pacs.007.001.14,/Document/FIToFIPmtRvsl/TxInf/OrgnlTxRef/CdtrAcct/Id,Id,AccountIdentification4Choice,0,1
pacs.007.001.14,/Document/FIToFIPmtRvsl/TxInf/OrgnlTxRef/CdtrAcct/Id/IBAN,IBAN,IBAN2007Identifier,1,1
pacs.007.001.14,/Document/FIToFIPmtRvsl/TxInf/OrgnlTxRef/CdtrAcct/Id/Othr,Othr,GenericAccountIdentification1,1,1
pacs.007.001.14,/Document/FIToFIPmtRvsl/TxInf/OrgnlTxRef/CdtrAcct/Id/Othr/Id,Id,Max34Text,1,1
pacs.007.001.14,/Document/FIToFIPmtRvsl/TxInf/OrgnlTxRef/CdtrAcct/Id/Othr/SchmeNm,SchmeNm,AccountSchemeName1Choice,0,1
pacs.007.001.14,/Document/FIToFIPmtRvsl/TxInf/OrgnlTxRef/CdtrAcct/Id/Othr/SchmeNm/Cd,Cd,ExternalAccountIdentification1Code,1,1
pacs.007.001.14,/Document/FIToFIPmtRvsl/TxInf/OrgnlTxRef/CdtrAcct/Id/Othr/SchmeNm/Prtry,Prtry,Max35Text,1,1
pacs.007.001.14,/Document/FIToFIPmtRvsl/TxInf/OrgnlTxRef/CdtrAcct/Id/Othr/Issr,Issr,Max35Text,0,1
pacs.007.001.14,/Document/FIToFIPmtRvsl/TxInf/OrgnlTxRef/CdtrAcct/Tp,Tp,CashAccountType2Choice,0,1
pacs.007.001.14,/Document/FIToFIPmtRvsl/TxInf/OrgnlTxRef/CdtrAcct/Tp/Cd,Cd,ExternalCashAccountType1Code,1,1
pacs.007.001.14,/Document/FIToFIPmtRvsl/TxInf/OrgnlTxRef/CdtrAcct/Tp/Prtry,Prtry,Max35Text,1,1
pacs.007.001.14,/Document/FIToFIPmtRvsl/TxInf/OrgnlTxRef/CdtrAcct/Ccy,Ccy,ActiveOrHistoricCurrencyCode,0,1
pacs.007.001.14,/Document/FIToFIPmtRvsl/TxInf/OrgnlTxRef/CdtrAcct/Nm,Nm,Max70Text,0,1
pacs.007.001.14,/Document/FIToFIPmtRvsl/TxInf/OrgnlTxRef/CdtrAcct/Prxy,Prxy,ProxyAccountIdentification1,0,1
pacs.007.001.14,/Document/FIToFIPmtRvsl/TxInf/OrgnlTxRef/CdtrAcct/Prxy/Tp,Tp,ProxyAccountType1Choice,0,1
pacs.007.001.14,/Document/FIToFIPmtRvsl/TxInf/OrgnlTxRef/CdtrAcct/Prxy/Tp/Cd,Cd,ExternalProxyAccountType1Code,1,1
pacs.007.001.14,/Document/FIToFIPmtRvsl/TxInf/OrgnlTxRef/CdtrAcct/Prxy/Tp/Prtry,Prtry,Max35Text,1,1
pacs.007.001.14,/Document/FIToFIPmtRvsl/TxInf/OrgnlTxRef/CdtrAcct/Prxy/Id,Id,Max2048Text,1,1
pacs.007.001.14,/Document/FIToFIPmtRvsl/TxInf/OrgnlTxRef/UltmtCdtr,UltmtCdtr,Party50Choice,0,1
pacs.007.001.14,/Document/FIToFIPmtRvsl/TxInf/OrgnlTxRef/UltmtCdtr/Pty,Pty,PartyIdentification272,1,1
pacs.007.001.14,/Document/FIToFIPmtRvsl/TxInf/OrgnlTxRef/UltmtCdtr/Pty/Nm,Nm,Max140Text,0,1
pacs.007.001.14,/Document/FIToFIPmtRvsl/TxInf/OrgnlTxRef/UltmtCdtr/Pty/PstlAdr,PstlAdr,PostalAddress27,0,1
pacs.007.001.14,/Document/FIToFIPmtRvsl/TxInf/OrgnlTxRef/UltmtCdtr/Pty/PstlAdr/AdrTp,AdrTp,AddressType3Choice,0,1
pacs.007.001.14,/Document/FIToFIPmtRvsl/TxInf/OrgnlTxRef/UltmtCdtr/Pty/PstlAdr/AdrTp/Cd,Cd,AddressType2Code,1,1
pacs.007.001.14,/Document/FIToFIPmtRvsl/TxInf/OrgnlTxRef/UltmtCdtr/Pty/PstlAdr/AdrTp/Prtry,Prtry,GenericIdentification30,1,1
pacs.007.001.14,/Document/FIToFIPmtRvsl/TxInf/OrgnlTxRef/UltmtCdtr/Pty/PstlAdr/AdrTp/Prtry/Id,Id,Exact4AlphaNumericText,1,1
pacs.007.001.14,/Document/FIToFIPmtRvsl/TxInf/OrgnlTxRef/UltmtCdtr/Pty/PstlAdr/AdrTp/Prtry/Issr,Issr,Max35Text,1,1
pacs.007.001.14,/Document/FIToFIPmtRvsl/TxInf/OrgnlTxRef/UltmtCdtr/Pty/PstlAdr/AdrTp/Prtry/SchmeNm,SchmeNm,Max35Text,0,1
pacs.007.001.14,/Document/FIToFIPmtRvsl/TxInf/OrgnlTxRef/UltmtCdtr/Pty/PstlAdr/CareOf,CareOf,Max140Text,0,1
pacs.007.001.14,/Document/FIToFIPmtRvsl/TxInf/OrgnlTxRef/UltmtCdtr/Pty/PstlAdr/Dept,Dept,Max70Text,0,1
pacs.007.001.14,/Document/FIToFIPmtRvsl/TxInf/OrgnlTxRef/UltmtCdtr/Pty/PstlAdr/SubDept,SubDept,Max70Text,0,1
pacs.007.001.14,/Document/FIToFIPmtRvsl/TxInf/OrgnlTxRef/UltmtCdtr/Pty/PstlAdr/StrtNm,StrtNm,Max140Text,0,1
pacs.007.001.14,/Document/FIToFIPmtRvsl/TxInf/OrgnlTxRef/UltmtCdtr/Pty/PstlAdr/BldgNb,BldgNb,Max16Text,0,1
pacs.007.001.14,/Document/FIToFIPmtRvsl/TxInf/OrgnlTxRef/UltmtCdtr/Pty/PstlAdr/BldgNm,BldgNm,Max140Text,0,1
pacs.007.001.14,/Document/FIToFIPmtRvsl/TxInf/OrgnlTxRef/UltmtCdtr/Pty/PstlAdr/Flr,Flr,Max70Text,0,1
pacs.007.001.14,/Document/FIToFIPmtRvsl/TxInf/OrgnlTxRef/UltmtCdtr/Pty/PstlAdr/UnitNb,UnitNb,Max16Text,0,1
pacs.007.001.14,/Document/FIToFIPmtRvsl/TxInf/OrgnlTxRef/UltmtCdtr/Pty/PstlAdr/PstBx,PstBx,Max16Text,0,1
pacs.007.001.14,/Document/FIToFIPmtRvsl/TxInf/OrgnlTxRef/UltmtCdtr/Pty/PstlAdr/Room,Room,Max70Text,0,1
pacs.007.001.14,/Document/FIToFIPmtRvsl/TxInf/OrgnlTxRef/UltmtCdtr/Pty/PstlAdr/PstCd,PstCd,Max16Text,0,1
pacs.007.001.14,/Document/FIToFIPmtRvsl/TxInf/OrgnlTxRef/UltmtCdtr/Pty/PstlAdr/TwnNm,TwnNm,Max140Text,0,1
pacs.007.001.14,/Document/FIToFIPmtRvsl/TxInf/OrgnlTxRef/UltmtCdtr/Pty/PstlAdr/TwnLctnNm,TwnLctnNm,Max140Text,0,1
pacs.007.001.14,/Document/FIToFIPmtRvsl/TxInf/OrgnlTxRef/UltmtCdtr/Pty/PstlAdr/DstrctNm,DstrctNm,Max140Text,0,1
pacs.007.001.14,/Document/FIToFIPmtRvsl/TxInf/OrgnlTxRef/UltmtCdtr/Pty/PstlAdr/CtrySubDvsn,CtrySubDvsn,Max35Text,0,1
pacs.007.001.14,/Document/FIToFIPmtRvsl/TxInf/OrgnlTxRef/UltmtCdtr/Pty/PstlAdr/Ctry,Ctry,CountryCode,0,1
pacs.007.001.14,/Document/FIToFIPmtRvsl/TxInf/OrgnlTxRef/UltmtCdtr/Pty/PstlAdr/AdrLine,AdrLine,Max70Text,0,7
pacs.007.001.14,/Document/FIToFIPmtRvsl/TxInf/OrgnlTxRef/UltmtCdtr/Pty/Id,Id,Party52Choice,0,1
pacs.007.001.14,/Document/FIToFIPmtRvsl/TxInf/OrgnlTxRef/UltmtCdtr/Pty/Id/OrgId,OrgId,OrganisationIdentification39,1,1
pacs.007.001.14,/Document/FIToFIPmtRvsl/TxInf/OrgnlTxRef/UltmtCdtr/Pty/Id/OrgId/AnyBIC,AnyBIC,AnyBICDec2014Identifier,0,1
pacs.007.001.14,/Document/FIToFIPmtRvsl/TxInf/OrgnlTxRef/UltmtCdtr/Pty/Id/OrgId/LEI,LEI,LEIIdentifier,0,1
pacs.007.001.14,/Document/FIToFIPmtRvsl/TxInf/OrgnlTxRef/UltmtCdtr/Pty/Id/OrgId/Othr,Othr,GenericOrganisationIdentification3,0,
pacs.007.001.14,/Document/FIToFIPmtRvsl/TxInf/OrgnlTxRef/UltmtCdtr/Pty/Id/OrgId/Othr/Id,Id,Max256Text,1,1
pacs.007.001.14,/Document/FIToFIPmtRvsl/TxInf/OrgnlTxRef/UltmtCdtr/Pty/Id/OrgId/Othr/SchmeNm,SchmeNm,OrganisationIdentificationSchemeName1Choice,0,1
pacs.007.001.14,/Document/FIToFIPmtRvsl/TxInf/OrgnlTxRef/UltmtCdtr/Pty/Id/OrgId/Othr/SchmeNm/Cd,Cd,ExternalOrganisationIdentification1Code,1,1
pacs.007.001.14,/Document/FIToFIPmtRvsl/TxInf/OrgnlTxRef/UltmtCdtr/Pty/Id/OrgId/Othr/SchmeNm/Prtry,Prtry,Max35Text,1,1
pacs.007.001.14,/Document/FIToFIPmtRvsl/TxInf/OrgnlTxRef/UltmtCdtr/Pty/Id/OrgId/Othr/Issr,Issr,Max35Text,0,1
pacs.007.001.14,/Document/FIToFIPmtRvsl/TxInf/OrgnlTxRef/UltmtCdtr/Pty/Id/PrvtId,PrvtId,PersonIdentification18,1,1
pacs.007.001.14,/Document/FIToFIPmtRvsl/TxInf/OrgnlTxRef/UltmtCdtr/Pty/Id/PrvtId/DtAndPlcOfBirth,DtAndPlcOfBirth,DateAndPlaceOfBirth1,0,1
pacs.007.001.14,/Document/FIToFIPmtRvsl/TxInf/OrgnlTxRef/UltmtCdtr/Pty/Id/PrvtId/DtAndPlcOfBirth/BirthDt,BirthDt,ISODate,1,1
pacs.007.001.14,/Document/FIToFIPmtRvsl/TxInf/OrgnlTxRef/UltmtCdtr/Pty/Id/PrvtId/DtAndPlcOfBirth/PrvcOfBirth,PrvcOfBirth,Max35Text,0,1
pacs.007.001.14,/Document/FIToFIPmtRvsl/TxInf/OrgnlTxRef/UltmtCdtr/Pty/Id/PrvtId/DtAndPlcOfBirth/CityOfBirth,CityOfBirth,Max35Text,1,1
pacs.007.001.14,/Document/FIToFIPmtRvsl/TxInf/OrgnlTxRef/UltmtCdtr/Pty/Id/PrvtId/DtAndPlcOfBirth/CtryOfBirth,CtryOfBirth,CountryCode,1,1
pacs.007.001.14,/Document/FIToFIPmtRvsl/TxInf/OrgnlTxRef/UltmtCdtr/Pty/Id/PrvtId/Othr,Othr,GenericPersonIdentification2,0,
pacs.007.001.14,/Document/FIToFIPmtRvsl/TxInf/OrgnlTxRef/UltmtCdtr/Pty/Id/PrvtId/Othr/Id,Id,Max256Text,1,1
pacs.007.001.14,/Document/FIToFIPmtRvsl/TxInf/OrgnlTxRef/UltmtCdtr/Pty/Id/PrvtId/Othr/SchmeNm,SchmeNm,PersonIdentificationSchemeName1Choice,0,1
pacs.007.001.14,/Document/FIToFIPmtRvsl/TxInf/OrgnlTxRef/UltmtCdtr/Pty/Id/PrvtId/Othr/SchmeNm/Cd,Cd,ExternalPersonIdentification1Code,1,1
pacs.007.001.14,/Document/FIToFIPmtRvsl/TxInf/OrgnlTxRef/UltmtCdtr/Pty/Id/PrvtId/Othr/SchmeNm/Prtry,Prtry,Max35Text,1,1
pacs.007.001.14,/Document/FIToFIPmtRvsl/TxInf/OrgnlTxRef/UltmtCdtr/Pty/Id/PrvtId/Othr/Issr,Issr,Max35Text,0,1
pacs.007.001.14,/Document/FIToFIPmtRvsl/TxInf/OrgnlTxRef/UltmtCdtr/Pty/CtryOfRes,CtryOfRes,CountryCode,0,1
pacs.007.001.14,/Document/FIToFIPmtRvsl/TxInf/OrgnlTxRef/UltmtCdtr/Pty/CtctDtls,CtctDtls,Contact13,0,1
pacs.007.001.14,/Document/FIToFIPmtRvsl/TxInf/OrgnlTxRef/UltmtCdtr/Pty/CtctDtls/NmPrfx,NmPrfx,NamePrefix2Code,0,1
pacs.007.001.14,/Document/FIToFIPmtRvsl/TxInf/OrgnlTxRef/UltmtCdtr/Pty/CtctDtls/Nm,Nm,Max140Text,0,1
pacs.007.001.14,/Document/FIToFIPmtRvsl/TxInf/OrgnlTxRef/UltmtCdtr/Pty/CtctDtls/PhneNb,PhneNb,PhoneNumber,0,1
pacs.007.001.14,/Document/FIToFIPmtRvsl/TxInf/OrgnlTxRef/UltmtCdtr/Pty/CtctDtls/MobNb,MobNb,PhoneNumber,0,1
pacs.007.001.14,/Document/FIToFIPmtRvsl/TxInf/OrgnlTxRef/UltmtCdtr/Pty/CtctDtls/FaxNb,FaxNb,PhoneNumber,0,1
pacs.007.001.14,/Document/FIToFIPmtRvsl/TxInf/OrgnlTxRef/UltmtCdtr/Pty/CtctDtls/URLAdr,URLAdr,Max2048Text,0,1
pacs.007.001.14,/Document/FIToFIPmtRvsl/TxInf/OrgnlTxRef/UltmtCdtr/Pty/CtctDtls/EmailAdr,EmailAdr,Max256Text,0,1
pacs.007.001.14,/Document/FIToFIPmtRvsl/TxInf/OrgnlTxRef/UltmtCdtr/Pty/CtctDtls/EmailPurp,EmailPurp,Max35Text,0,1
pacs.007.001.14,/Document/FIToFIPmtRvsl/TxInf/OrgnlTxRef/UltmtCdtr/Pty/CtctDtls/JobTitl,JobTitl,Max35Text,0,1
pacs.007.001.14,/Document/FIToFIPmtRvsl/TxInf/OrgnlTxRef/UltmtCdtr/Pty/CtctDtls/Rspnsblty,Rspnsblty,Max35Text,0,1
pacs.007.001.14,/Document/FIToFIPmtRvsl/TxInf/OrgnlTxRef/UltmtCdtr/Pty/CtctDtls/Dept,Dept,Max70Text,0,1
pacs.007.001.14,/Document/FIToFIPmtRvsl/TxInf/OrgnlTxRef/UltmtCdtr/Pty/CtctDtls/Othr,Othr,OtherContact1,0,
pacs.007.001.14,/Document/FIToFIPmtRvsl/TxInf/OrgnlTxRef/UltmtCdtr/Pty/CtctDtls/Othr/ChanlTp,ChanlTp,Max4Text,1,1
pacs.007.001.14,/Document/FIToFIPmtRvsl/TxInf/OrgnlTxRef/UltmtCdtr/Pty/CtctDtls/Othr/Id,Id,Max128Text,0,1
pacs.007.001.14,/Document/FIToFIPmtRvsl/TxInf/OrgnlTxRef/UltmtCdtr/Pty/CtctDtls/PrefrdMtd,PrefrdMtd,PreferredContactMethod2Code,0,1
pacs.007.001.14,/Document/FIToFIPmtRvsl/TxInf/OrgnlTxRef/UltmtCdtr/Agt,Agt,BranchAndFinancialInstitutionIdentification8,1,1
pacs.007.001.14,/Document/FIToFIPmtRvsl/TxInf/OrgnlTxRef/UltmtCdtr/Agt/FinInstnId,FinInstnId,FinancialInstitutionIdentification23,1,1
pacs.007.001.14,/Document/FIToFIPmtRvsl/TxInf/OrgnlTxRef/UltmtCdtr/Agt/FinInstnId/BICFI,BICFI,BICFIDec2014Identifier,0,1
pacs.007.001.14,/Document/FIToFIPmtRvsl/TxInf/OrgnlTxRef/UltmtCdtr/Agt/FinInstnId/ClrSysMmbId,ClrSysMmbId,ClearingSystemMemberIdentification2,0,1
pacs.007.001.14,/Document/FIToFIPmtRvsl/TxInf/OrgnlTxRef/UltmtCdtr/Agt/FinInstnId/ClrSysMmbId/ClrSysId,ClrSysId,ClearingSystemIdentification2Choice,0,1
pacs.007.001.14,/Document/FIToFIPmtRvsl/TxInf/OrgnlTxRef/UltmtCdtr/Agt/FinInstnId/ClrSysMmbId/ClrSysId/Cd,Cd,ExternalClearingSystemIdentification1Code,1,1
pacs.007.001.14,/Document/FIToFIPmtRvsl/TxInf/OrgnlTxRef/UltmtCdtr/Agt/FinInstnId/ClrSysMmbId/ClrSysId/Prtry,Prtry,Max35Text,1,1
pacs.007.001.14,/Document/FIToFIPmtRvsl/TxInf/OrgnlTxRef/UltmtCdtr/Agt/FinInstnId/ClrSysMmbId/MmbId,MmbId,Max35Text,1,1
pacs.007.001.14,/Document/FIToFIPmtRvsl/TxInf/OrgnlTxRef/UltmtCdtr/Agt/FinInstnId/LEI,LEI,LEIIdentifier,0,1
pacs.007.001.14,/Document/FIToFIPmtRvsl/TxInf/OrgnlTxRef/UltmtCdtr/Agt/FinInstnId/Nm,Nm,Max140Text,0,1
pacs.007.001.14,/Document/FIToFIPmtRvsl/TxInf/OrgnlTxRef/UltmtCdtr/Agt/FinInstnId/PstlAdr,PstlAdr,PostalAddress27,0,1
pacs.007.001.14,/Document/FIToFIPmtRvsl/TxInf/OrgnlTxRef/UltmtCdtr/Agt/FinInstnId/PstlAdr/AdrTp,AdrTp,AddressType3Choice,0,1
pacs.007.001.14,/Document/FIToFIPmtRvsl/TxInf/OrgnlTxRef/UltmtCdtr/Agt/FinInstnId/PstlAdr/AdrTp/Cd,Cd,AddressType2Code,1,1
pacs.007.001.14,/Document/FIToFIPmtRvsl/TxInf/OrgnlTxRef/UltmtCdtr/Agt/FinInstnId/PstlAdr/AdrTp/Prtry,Prtry,GenericIdentification30,1,1
pacs.007.001.14,/Document/FIToFIPmtRvsl/TxInf/OrgnlTxRef/UltmtCdtr/Agt/FinInstnId/PstlAdr/AdrTp/Prtry/Id,Id,Exact4AlphaNumericText,1,1
pacs.007.001.14,/Document/FIToFIPmtRvsl/TxInf/OrgnlTxRef/UltmtCdtr/Agt/FinInstnId/PstlAdr/AdrTp/Prtry/Issr,Issr,Max35Text,1,1
pacs.007.001.14,/Document/FIToFIPmtRvsl/TxInf/OrgnlTxRef/UltmtCdtr/Agt/FinInstnId/PstlAdr/AdrTp/Prtry/SchmeNm,SchmeNm,Max35Text,0,1
pacs.007.001.14,/Document/FIToFIPmtRvsl/TxInf/OrgnlTxRef/UltmtCdtr/Agt/FinInstnId/PstlAdr/CareOf,CareOf,Max140Text,0,1
pacs.007.001.14,/Document/FIToFIPmtRvsl/TxInf/OrgnlTxRef/UltmtCdtr/Agt/FinInstnId/PstlAdr/Dept,Dept,Max70Text,0,1
pacs.007.001.14,/Document/FIToFIPmtRvsl/TxInf/OrgnlTxRef/UltmtCdtr/Agt/FinInstnId/PstlAdr/SubDept,SubDept,Max70Text,0,1
pacs.007.001.14,/Document/FIToFIPmtRvsl/TxInf/OrgnlTxRef/UltmtCdtr/Agt/FinInstnId/PstlAdr/StrtNm,StrtNm,Max140Text,0,1
pacs.007.001.14,/Document/FIToFIPmtRvsl/TxInf/OrgnlTxRef/UltmtCdtr/Agt/FinInstnId/PstlAdr/BldgNb,BldgNb,Max16Text,0,1
pacs.007.001.14,/Document/FIToFIPmtRvsl/TxInf/OrgnlTxRef/UltmtCdtr/Agt/FinInstnId/PstlAdr/BldgNm,BldgNm,Max140Text,0,1
pacs.007.001.14,/Document/FIToFIPmtRvsl/TxInf/OrgnlTxRef/UltmtCdtr/Agt/FinInstnId/PstlAdr/Flr,Flr,Max70Text,0,1
pacs.007.001.14,/Document/FIToFIPmtRvsl/TxInf/OrgnlTxRef/UltmtCdtr/Agt/FinInstnId/PstlAdr/UnitNb,UnitNb,Max16Text,0,1
pacs.007.001.14,/Document/FIToFIPmtRvsl/TxInf/OrgnlTxRef/UltmtCdtr/Agt/FinInstnId/PstlAdr/PstBx,PstBx,Max16Text,0,1
pacs.007.001.14,/Document/FIToFIPmtRvsl/TxInf/OrgnlTxRef/UltmtCdtr/Agt/FinInstnId/PstlAdr/Room,Room,Max70Text,0,1
pacs.007.001.14,/Document/FIToFIPmtRvsl/TxInf/OrgnlTxRef/UltmtCdtr/Agt/FinInstnId/PstlAdr/PstCd,PstCd,Max16Text,0,1
pacs.007.001.14,/Document/FIToFIPmtRvsl/TxInf/OrgnlTxRef/UltmtCdtr/Agt/FinInstnId/PstlAdr/TwnNm,TwnNm,Max140Text,0,1
pacs.007.001.14,/Document/FIToFIPmtRvsl/TxInf/OrgnlTxRef/UltmtCdtr/Agt/FinInstnId/PstlAdr/TwnLctnNm,TwnLctnNm,Max140Text,0,1
pacs.007.001.14,/Document/FIToFIPmtRvsl/TxInf/OrgnlTxRef/UltmtCdtr/Agt/FinInstnId/PstlAdr/DstrctNm,DstrctNm,Max140Text,0,1
pacs.007.001.14,/Document/FIToFIPmtRvsl/TxInf/OrgnlTxRef/UltmtCdtr/Agt/FinInstnId/PstlAdr/CtrySubDvsn,CtrySubDvsn,Max35Text,0,1
pacs.007.001.14,/Document/FIToFIPmtRvsl/TxInf/OrgnlTxRef/UltmtCdtr/Agt/FinInstnId/PstlAdr/Ctry,Ctry,CountryCode,0,1
pacs.007.001.14,/Document/FIToFIPmtRvsl/TxInf/OrgnlTxRef/UltmtCdtr/Agt/FinInstnId/PstlAdr/AdrLine,AdrLine,Max70Text,0,7
pacs.007.001.14,/Document/FIToFIPmtRvsl/TxInf/OrgnlTxRef/UltmtCdtr/Agt/FinInstnId/Othr,Othr,GenericFinancialIdentification1,0,1
pacs.007.001.14,/Document/FIToFIPmtRvsl/TxInf/OrgnlTxRef/UltmtCdtr/Agt/FinInstnId/Othr/Id,Id,Max35Text,1,1
pacs.007.001.14,/Document/FIToFIPmtRvsl/TxInf/OrgnlTxRef/UltmtCdtr/Agt/FinInstnId/Othr/SchmeNm,SchmeNm,FinancialIdentificationSchemeName1Choice,0,1
pacs.007.001.14,/Document/FIToFIPmtRvsl/TxInf/OrgnlTxRef/UltmtCdtr/Agt/FinInstnId/Othr/SchmeNm/Cd,Cd,ExternalFinancialInstitutionIdentification1Code,1,1
pacs.007.001.14,/Document/FIToFIPmtRvsl/TxInf/OrgnlTxRef/UltmtCdtr/Agt/FinInstnId/Othr/SchmeNm/Prtry,Prtry,Max35Text,1,1
pacs.007.001.14,/Document/FIToFIPmtRvsl/TxInf/OrgnlTxRef/UltmtCdtr/Agt/FinInstnId/Othr/Issr,Issr,Max35Text,0,1
pacs.007.001.14,/Document/FIToFIPmtRvsl/TxInf/OrgnlTxRef/UltmtCdtr/Agt/BrnchId,BrnchId,BranchData5,0,1
pacs.007.001.14,/Document/FIToFIPmtRvsl/TxInf/OrgnlTxRef/UltmtCdtr/Agt/BrnchId/Id,Id,Max35Text,0,1
pacs.007.001.14,/Document/FIToFIPmtRvsl/TxInf/OrgnlTxRef/UltmtCdtr/Agt/BrnchId/LEI,LEI,LEIIdentifier,0,1
pacs.007.001.14,/Document/FIToFIPmtRvsl/TxInf/OrgnlTxRef/UltmtCdtr/Agt/BrnchId/Nm,Nm,Max140Text,0,1
pacs.007.001.14,/Document/FIToFIPmtRvsl/TxInf/OrgnlTxRef/UltmtCdtr/Agt/BrnchId/PstlAdr,PstlAdr,PostalAddress27,0,1
pacs.007.001.14,/Document/FIToFIPmtRvsl/TxInf/OrgnlTxRef/UltmtCdtr/Agt/BrnchId/PstlAdr/AdrTp,AdrTp,AddressType3Choice,0,1
pacs.007.001.14,/Document/FIToFIPmtRvsl/TxInf/OrgnlTxRef/UltmtCdtr/Agt/BrnchId/PstlAdr/AdrTp/Cd,Cd,AddressType2Code,1,1
pacs.007.001.14,/Document/FIToFIPmtRvsl/TxInf/OrgnlTxRef/UltmtCdtr/Agt/BrnchId/PstlAdr/AdrTp/Prtry,Prtry,GenericIdentification30,1,1
pacs.007.001.14,/Document/FIToFIPmtRvsl/TxInf/OrgnlTxRef/UltmtCdtr/Agt/BrnchId/PstlAdr/AdrTp/Prtry/Id,Id,Exact4AlphaNumericText,1,1
pacs.007.001.14,/Document/FIToFIPmtRvsl/TxInf/OrgnlTxRef/UltmtCdtr/Agt/BrnchId/PstlAdr/AdrTp/Prtry/Issr,Issr,Max35Text,1,1
pacs.007.001.14,/Document/FIToFIPmtRvsl/TxInf/OrgnlTxRef/UltmtCdtr/Agt/BrnchId/PstlAdr/AdrTp/Prtry/SchmeNm,SchmeNm,Max35Text,0,1
pacs.007.001.14,/Document/FIToFIPmtRvsl/TxInf/OrgnlTxRef/UltmtCdtr/Agt/BrnchId/PstlAdr/CareOf,CareOf,Max140Text,0,1
pacs.007.001.14,/Document/FIToFIPmtRvsl/TxInf/OrgnlTxRef/UltmtCdtr/Agt/BrnchId/PstlAdr/Dept,Dept,Max70Text,0,1
pacs.007.001.14,/Document/FIToFIPmtRvsl/TxInf/OrgnlTxRef/UltmtCdtr/Agt/BrnchId/PstlAdr/SubDept,SubDept,Max70Text,0,1
pacs.007.001.14,/Document/FIToFIPmtRvsl/TxInf/OrgnlTxRef/UltmtCdtr/Agt/BrnchId/PstlAdr/StrtNm,StrtNm,Max140Text,0,1
pacs.007.001.14,/Document/FIToFIPmtRvsl/TxInf/OrgnlTxRef/UltmtCdtr/Agt/BrnchId/PstlAdr/BldgNb,BldgNb,Max16Text,0,1
pacs.007.001.14,/Document/FIToFIPmtRvsl/TxInf/OrgnlTxRef/UltmtCdtr/Agt/BrnchId/PstlAdr/BldgNm,BldgNm,Max140Text,0,1
pacs.007.001.14,/Document/FIToFIPmtRvsl/TxInf/OrgnlTxRef/UltmtCdtr/Agt/BrnchId/PstlAdr/Flr,Flr,Max70Text,0,1
pacs.007.001.14,/Document/FIToFIPmtRvsl/TxInf/OrgnlTxRef/UltmtCdtr/Agt/BrnchId/PstlAdr/UnitNb,UnitNb,Max16Text,0,1
pacs.007.001.14,/Document/FIToFIPmtRvsl/TxInf/OrgnlTxRef/UltmtCdtr/Agt/BrnchId/PstlAdr/PstBx,PstBx,Max16Text,0,1
pacs.007.001.14,/Document/FIToFIPmtRvsl/TxInf/OrgnlTxRef/UltmtCdtr/Agt/BrnchId/PstlAdr/Room,Room,Max70Text,0,1
pacs.007.001.14,/Document/FIToFIPmtRvsl/TxInf/OrgnlTxRef/UltmtCdtr/Agt/BrnchId/PstlAdr/PstCd,PstCd,Max16Text,0,1
pacs.007.001.14,/Document/FIToFIPmtRvsl/TxInf/OrgnlTxRef/UltmtCdtr/Agt/BrnchId/PstlAdr/TwnNm,TwnNm,Max140Text,0,1
pacs.007.001.14,/Document/FIToFIPmtRvsl/TxInf/OrgnlTxRef/UltmtCdtr/Agt/BrnchId/PstlAdr/TwnLctnNm,TwnLctnNm,Max140Text,0,1
pacs.007.001.14,/Document/FIToFIPmtRvsl/TxInf/OrgnlTxRef/UltmtCdtr/Agt/BrnchId/PstlAdr/DstrctNm,DstrctNm,Max140Text,0,1
pacs.007.001.14,/Document/FIToFIPmtRvsl/TxInf/OrgnlTxRef/UltmtCdtr/Agt/BrnchId/PstlAdr/CtrySubDvsn,CtrySubDvsn,Max35Text,0,1
pacs.007.001.14,/Document/FIToFIPmtRvsl/TxInf/OrgnlTxRef/UltmtCdtr/Agt/BrnchId/PstlAdr/Ctry,Ctry,CountryCode,0,1
pacs.007.001.14,/Document/FIToFIPmtRvsl/TxInf/OrgnlTxRef/UltmtCdtr/Agt/BrnchId/PstlAdr/AdrLine,AdrLine,Max70Text,0,7
pacs.007.001.14,/Document/FIToFIPmtRvsl/TxInf/OrgnlTxRef/Purp,Purp,Purpose2Choice,0,1
pacs.007.001.14,/Document/FIToFIPmtRvsl/TxInf/OrgnlTxRef/Purp/Cd,Cd,ExternalPurpose1Code,1,1
pacs.007.001.14,/Document/FIToFIPmtRvsl/TxInf/OrgnlTxRef/Purp/Prtry,Prtry,Max35Text,1,1
pacs.007.001.14,/Document/FIToFIPmtRvsl/TxInf/SplmtryData,SplmtryData,SupplementaryData1,0,
pacs.007.001.14,/Document/FIToFIPmtRvsl/TxInf/SplmtryData/PlcAndNm,PlcAndNm,Max350Text,0,1
pacs.007.001.14,/Document/FIToFIPmtRvsl/TxInf/SplmtryData/Envlp,Envlp,SupplementaryDataEnvelope1,1,1
pacs.007.001.14,/Document/FIToFIPmtRvsl/SplmtryData,SplmtryData,SupplementaryData1,0,
pacs.007.001.14,/Document/FIToFIPmtRvsl/SplmtryData/PlcAndNm,PlcAndNm,Max350Text,0,1
pacs.007.001.14,/Document/FIToFIPmtRvsl/SplmtryData/Envlp,Envlp,SupplementaryDataEnvelope1,1,1
