Message,XPath,XML Tag,Type,MinOccurs,MaxOccurs
pacs.009.001.13,/Document,Document,Document,1,1
pacs.009.001.13,/Document/FICdtTrf,FICdtTrf,FinancialInstitutionCreditTransferV13,1,1
pacs.009.001.13,/Document/FICdtTrf/GrpHdr,GrpHdr,GroupHeader131,1,1
pacs.009.001.13,/Document/FICdtTrf/GrpHdr/MsgId,MsgId,Max35Text,1,1
pacs.009.001.13,/Document/FICdtTrf/GrpHdr/CreDtTm,CreDtTm,ISODateTime,1,1
pacs.009.001.13,/Document/FICdtTrf/GrpHdr/XpryDtTm,XpryDtTm,ISODateTime,0,1
pacs.009.001.13,/Document/FICdtTrf/GrpHdr/BtchBookg,BtchBookg,BatchBookingIndicator,0,1
pacs.009.001.13,/Document/FICdtTrf/GrpHdr/NbOfTxs,NbOfTxs,Max15NumericText,1,1
pacs.009.001.13,/Document/FICdtTrf/GrpHdr/CtrlSum,CtrlSum,DecimalNumber,0,1
pacs.009.001.13,/Document/FICdtTrf/GrpHdr/TtlIntrBkSttlmAmt,TtlIntrBkSttlmAmt,ActiveCurrencyAndAmount,0,1
pacs.009.001.13,/Document/FICdtTrf/GrpHdr/IntrBkSttlmDt,IntrBkSttlmDt,ISODate,0,1
pacs.009.001.13,/Document/FICdtTrf/GrpHdr/SttlmInf,SttlmInf,SettlementInstruction15,1,1
pacs.009.001.13,/Document/FICdtTrf/GrpHdr/SttlmInf/SttlmMtd,SttlmMtd,SettlementMethod1Code,1,1
pacs.009.001.13,/Document/FICdtTrf/GrpHdr/SttlmInf/SttlmAcct,SttlmAcct,CashAccount40,0,1
pacs.009.001.13,/Document/FICdtTrf/GrpHdr/SttlmInf/SttlmAcct/Id,Id,AccountIdentification4Choice,0,1
pacs.009.001.13,/Document/FICdtTrf/GrpHdr/SttlmInf/SttlmAcct/Id/IBAN,IBAN,IBAN2007Identifier,1,1
pacs.009.001.13,/Document/FICdtTrf/GrpHdr/SttlmInf/SttlmAcct/Id/Othr,Othr,GenericAccountIdentification1,1,1
pacs.009.001.13,/Document/FICdtTrf/GrpHdr/SttlmInf/SttlmAcct/Id/Othr/Id,Id,Max34Text,1,1
pacs.009.001.13,/Document/FICdtTrf/GrpHdr/SttlmInf/SttlmAcct/Id/Othr/SchmeNm,SchmeNm,AccountSchemeName1Choice,0,1
pacs.009.001.13,/Document/FICdtTrf/GrpHdr/SttlmInf/SttlmAcct/Id/Othr/SchmeNm/Cd,Cd,ExternalAccountIdentification1Code,1,1
pacs.009.001.13,/Document/FICdtTrf/GrpHdr/SttlmInf/SttlmAcct/Id/Othr/SchmeNm/Prtry,Prtry,Max35Text,1,1
pacs.009.001.13,/Document/FICdtTrf/GrpHdr/SttlmInf/SttlmAcct/Id/Othr/Issr,Issr,Max35Text,0,1
pacs.009.001.13,/Document/FICdtTrf/GrpHdr/SttlmInf/SttlmAcct/Tp,Tp,CashAccountType2Choice,0,1
pacs.009.001.13,/Document/FICdtTrf/GrpHdr/SttlmInf/SttlmAcct/Tp/Cd,Cd,ExternalCashAccountType1Code,1,1
pacs.009.001.13,/Document/FICdtTrf/GrpHdr/SttlmInf/SttlmAcct/Tp/Prtry,Prtry,Max35Text,1,1
pacs.009.001.13,/Document/FICdtTrf/GrpHdr/SttlmInf/SttlmAcct/Ccy,Ccy,ActiveOrHistoricCurrencyCode,0,1
pacs.009.001.13,/Document/FICdtTrf/GrpHdr/SttlmInf/SttlmAcct/Nm,Nm,Max70Text,0,1
pacs.009.001.13,/Document/FICdtTrf/GrpHdr/SttlmInf/SttlmAcct/Prxy,Prxy,ProxyAccountIdentification1,0,1
pacs.009.001.13,/Document/FICdtTrf/GrpHdr/SttlmInf/SttlmAcct/Prxy/Tp,Tp,ProxyAccountType1Choice,0,1
pacs.009.001.13,/Document/FICdtTrf/GrpHdr/SttlmInf/SttlmAcct/Prxy/Tp/Cd,Cd,ExternalProxyAccountType1Code,1,1
pacs.009.001.13,/Document/FICdtTrf/GrpHdr/SttlmInf/SttlmAcct/Prxy/Tp/Prtry,Prtry,Max35Text,1,1
pacs.009.001.13,/Document/FICdtTrf/GrpHdr/SttlmInf/SttlmAcct/Prxy/Id,Id,Max2048Text,1,1
pacs.009.001.13,/Document/FICdtTrf/GrpHdr/SttlmInf/ClrSys,ClrSys,ClearingSystemIdentification3Choice,0,1
pacs.009.001.13,/Document/FICdtTrf/GrpHdr/SttlmInf/ClrSys/Cd,Cd,ExternalCashClearingSystem1Code,1,1
pacs.009.001.13,/Document/FICdtTrf/GrpHdr/SttlmInf/ClrSys/Prtry,Prtry,Max35Text,1,1
pacs.009.001.13,/Document/FICdtTrf/GrpHdr/SttlmInf/InstgRmbrsmntAgt,InstgRmbrsmntAgt,BranchAndFinancialInstitutionIdentification8,0,1
pacs.009.001.13,/Document/FICdtTrf/GrpHdr/SttlmInf/InstgRmbrsmntAgt/FinInstnId,FinInstnId,FinancialInstitutionIdentification23,1,1
pacs.009.001.13,/Document/FICdtTrf/GrpHdr/SttlmInf/InstgRmbrsmntAgt/FinInstnId/BICFI,BICFI,BICFIDec2014Identifier,0,1
pacs.009.001.13,/Document/FICdtTrf/GrpHdr/SttlmInf/InstgRmbrsmntAgt/FinInstnId/ClrSysMmbId,ClrSysMmbId,ClearingSystemMemberIdentification2,0,1
pacs.009.001.13,/Document/FICdtTrf/GrpHdr/SttlmInf/InstgRmbrsmntAgt/FinInstnId/ClrSysMmbId/ClrSysId,ClrSysId,ClearingSystemIdentification2Choice,0,1
pacs.009.001.13,/Document/FICdtTrf/GrpHdr/SttlmInf/InstgRmbrsmntAgt/FinInstnId/ClrSysMmbId/ClrSysId/Cd,Cd,ExternalClearingSystemIdentification1Code,1,1
pacs.009.001.13,/Document/FICdtTrf/GrpHdr/SttlmInf/InstgRmbrsmntAgt/FinInstnId/ClrSysMmbId/ClrSysId/Prtry,Prtry,Max35Text,1,1
pacs.009.001.13,/Document/FICdtTrf/GrpHdr/SttlmInf/InstgRmbrsmntAgt/FinInstnId/ClrSysMmbId/MmbId,MmbId,Max35Text,1,1
pacs.009.001.13,/Document/FICdtTrf/GrpHdr/SttlmInf/InstgRmbrsmntAgt/FinInstnId/LEI,LEI,LEIIdentifier,0,1
pacs.009.001.13,/Document/FICdtTrf/GrpHdr/SttlmInf/InstgRmbrsmntAgt/FinInstnId/Nm,Nm,Max140Text,0,1
pacs.009.001.13,/Document/FICdtTrf/GrpHdr/SttlmInf/InstgRmbrsmntAgt/FinInstnId/PstlAdr,PstlAdr,PostalAddress27,0,1
pacs.009.001.13,/Document/FICdtTrf/GrpHdr/SttlmInf/InstgRmbrsmntAgt/FinInstnId/PstlAdr/AdrTp,AdrTp,AddressType3Choice,0,1
pacs.009.001.13,/Document/FICdtTrf/GrpHdr/SttlmInf/InstgRmbrsmntAgt/FinInstnId/PstlAdr/AdrTp/Cd,Cd,AddressType2Code,1,1
pacs.009.001.13,/Document/FICdtTrf/GrpHdr/SttlmInf/InstgRmbrsmntAgt/FinInstnId/PstlAdr/AdrTp/Prtry,Prtry,GenericIdentification30,1,1
pacs.009.001.13,/Document/FICdtTrf/GrpHdr/SttlmInf/InstgRmbrsmntAgt/FinInstnId/PstlAdr/AdrTp/Prtry/Id,Id,Exact4AlphaNumericText,1,1
pacs.009.001.13,/Document/FICdtTrf/GrpHdr/SttlmInf/InstgRmbrsmntAgt/FinInstnId/PstlAdr/AdrTp/Prtry/Issr,Issr,Max35Text,1,1
pacs.009.001.13,/Document/FICdtTrf/GrpHdr/SttlmInf/InstgRmbrsmntAgt/FinInstnId/PstlAdr/AdrTp/Prtry/SchmeNm,SchmeNm,Max35Text,0,1
pacs.009.001.13,/Document/FICdtTrf/GrpHdr/SttlmInf/InstgRmbrsmntAgt/FinInstnId/PstlAdr/CareOf,CareOf,Max140Text,0,1
pacs.009.001.13,/Document/FICdtTrf/GrpHdr/SttlmInf/InstgRmbrsmntAgt/FinInstnId/PstlAdr/Dept,Dept,Max70Text,0,1
pacs.009.001.13,/Document/FICdtTrf/GrpHdr/SttlmInf/InstgRmbrsmntAgt/FinInstnId/PstlAdr/SubDept,SubDept,Max70Text,0,1
pacs.009.001.13,/Document/FICdtTrf/GrpHdr/SttlmInf/InstgRmbrsmntAgt/FinInstnId/PstlAdr/StrtNm,StrtNm,Max140Text,0,1
pacs.009.001.13,/Document/FICdtTrf/GrpHdr/SttlmInf/InstgRmbrsmntAgt/FinInstnId/PstlAdr/BldgNb,BldgNb,Max16Text,0,1
pacs.009.001.13,/Document/FICdtTrf/GrpHdr/SttlmInf/InstgRmbrsmntAgt/FinInstnId/PstlAdr/BldgNm,BldgNm,Max140Text,0,1
pacs.009.001.13,/Document/FICdtTrf/GrpHdr/SttlmInf/InstgRmbrsmntAgt/FinInstnId/PstlAdr/Flr,Flr,Max70Text,0,1
pacs.009.001.13,/Document/FICdtTrf/GrpHdr/SttlmInf/InstgRmbrsmntAgt/FinInstnId/PstlAdr/UnitNb,UnitNb,Max16Text,0,1
pacs.009.001.13,/Document/FICdtTrf/GrpHdr/SttlmInf/InstgRmbrsmntAgt/FinInstnId/PstlAdr/PstBx,PstBx,Max16Text,0,1
pacs.009.001.13,/Document/FICdtTrf/GrpHdr/SttlmInf/InstgRmbrsmntAgt/FinInstnId/PstlAdr/Room,Room,Max70Text,0,1
pacs.009.001.13,/Document/FICdtTrf/GrpHdr/SttlmInf/InstgRmbrsmntAgt/FinInstnId/PstlAdr/PstCd,PstCd,Max16Text,0,1
pacs.009.001.13,/Document/FICdtTrf/GrpHdr/SttlmInf/InstgRmbrsmntAgt/FinInstnId/PstlAdr/TwnNm,TwnNm,Max140Text,0,1
pacs.009.001.13,/Document/FICdtTrf/GrpHdr/SttlmInf/InstgRmbrsmntAgt/FinInstnId/PstlAdr/TwnLctnNm,TwnLctnNm,Max140Text,0,1
pacs.009.001.13,/Document/FICdtTrf/GrpHdr/SttlmInf/InstgRmbrsmntAgt/FinInstnId/PstlAdr/DstrctNm,DstrctNm,Max140Text,0,1
pacs.009.001.13,/Document/FICdtTrf/GrpHdr/SttlmInf/InstgRmbrsmntAgt/FinInstnId/PstlAdr/CtrySubDvsn,CtrySubDvsn,Max35Text,0,1
pacs.009.001.13,/Document/FICdtTrf/GrpHdr/SttlmInf/InstgRmbrsmntAgt/FinInstnId/PstlAdr/Ctry,Ctry,CountryCode,0,1
pacs.009.001.13,/Document/FICdtTrf/GrpHdr/SttlmInf/InstgRmbrsmntAgt/FinInstnId/PstlAdr/AdrLine,AdrLine,Max70Text,0,7
pacs.009.001.13,/Document/FICdtTrf/GrpHdr/SttlmInf/InstgRmbrsmntAgt/FinInstnId/Othr,Othr,GenericFinancialIdentification1,0,1
pacs.009.001.13,/Document/FICdtTrf/GrpHdr/SttlmInf/InstgRmbrsmntAgt/FinInstnId/Othr/Id,Id,Max35Text,1,1
pacs.009.001.13,/Document/FICdtTrf/GrpHdr/SttlmInf/InstgRmbrsmntAgt/FinInstnId/Othr/SchmeNm,SchmeNm,FinancialIdentificationSchemeName1Choice,0,1
pacs.009.001.13,/Document/FICdtTrf/GrpHdr/SttlmInf/InstgRmbrsmntAgt/FinInstnId/Othr/SchmeNm/Cd,Cd,ExternalFinancialInstitutionIdentification1Code,1,1
pacs.009.001.13,/Document/FICdtTrf/GrpHdr/SttlmInf/InstgRmbrsmntAgt/FinInstnId/Othr/SchmeNm/Prtry,Prtry,Max35Text,1,1
pacs.009.001.13,/Document/FICdtTrf/GrpHdr/SttlmInf/InstgRmbrsmntAgt/FinInstnId/Othr/Issr,Issr,Max35Text,0,1
pacs.009.001.13,/Document/FICdtTrf/GrpHdr/SttlmInf/InstgRmbrsmntAgt/BrnchId,BrnchId,BranchData5,0,1
pacs.009.001.13,/Document/FICdtTrf/GrpHdr/SttlmInf/InstgRmbrsmntAgt/BrnchId/Id,Id,Max35Text,0,1
pacs.009.001.13,/Document/FICdtTrf/GrpHdr/SttlmInf/InstgRmbrsmntAgt/BrnchId/LEI,LEI,LEIIdentifier,0,1
pacs.009.001.13,/Document/FICdtTrf/GrpHdr/SttlmInf/InstgRmbrsmntAgt/BrnchId/Nm,Nm,Max140Text,0,1
pacs.009.001.13,/Document/FICdtTrf/GrpHdr/SttlmInf/InstgRmbrsmntAgt/BrnchId/PstlAdr,PstlAdr,PostalAddress27,0,1
pacs.009.001.13,/Document/FICdtTrf/GrpHdr/SttlmInf/InstgRmbrsmntAgt/BrnchId/PstlAdr/AdrTp,AdrTp,AddressType3Choice,0,1
pacs.009.001.13,/Document/FICdtTrf/GrpHdr/SttlmInf/InstgRmbrsmntAgt/BrnchId/PstlAdr/AdrTp/Cd,Cd,AddressType2Code,1,1
pacs.009.001.13,/Document/FICdtTrf/GrpHdr/SttlmInf/InstgRmbrsmntAgt/BrnchId/PstlAdr/AdrTp/Prtry,Prtry,GenericIdentification30,1,1
pacs.009.001.13,/Document/FICdtTrf/GrpHdr/SttlmInf/InstgRmbrsmntAgt/BrnchId/PstlAdr/AdrTp/Prtry/Id,Id,Exact4AlphaNumericText,1,1
pacs.009.001.13,/Document/FICdtTrf/GrpHdr/SttlmInf/InstgRmbrsmntAgt/BrnchId/PstlAdr/AdrTp/Prtry/Issr,Issr,Max35Text,1,1
pacs.009.001.13,/Document/FICdtTrf/GrpHdr/SttlmInf/InstgRmbrsmntAgt/BrnchId/PstlAdr/AdrTp/Prtry/SchmeNm,SchmeNm,Max35Text,0,1
pacs.009.001.13,/Document/FICdtTrf/GrpHdr/SttlmInf/InstgRmbrsmntAgt/BrnchId/PstlAdr/CareOf,CareOf,Max140Text,0,1
pacs.009.001.13,/Document/FICdtTrf/GrpHdr/SttlmInf/InstgRmbrsmntAgt/BrnchId/PstlAdr/Dept,Dept,Max70Text,0,1
pacs.009.001.13,/Document/FICdtTrf/GrpHdr/SttlmInf/InstgRmbrsmntAgt/BrnchId/PstlAdr/SubDept,SubDept,Max70Text,0,1
pacs.009.001.13,/Document/FICdtTrf/GrpHdr/SttlmInf/InstgRmbrsmntAgt/BrnchId/PstlAdr/StrtNm,StrtNm,Max140Text,0,1
pacs.009.001.13,/Document/FICdtTrf/GrpHdr/SttlmInf/InstgRmbrsmntAgt/BrnchId/PstlAdr/BldgNb,BldgNb,Max16Text,0,1
pacs.009.001.13,/Document/FICdtTrf/GrpHdr/SttlmInf/InstgRmbrsmntAgt/BrnchId/PstlAdr/BldgNm,BldgNm,Max140Text,0,1
pacs.009.001.13,/Document/FICdtTrf/GrpHdr/SttlmInf/InstgRmbrsmntAgt/BrnchId/PstlAdr/Flr,Flr,Max70Text,0,1
pacs.009.001.13,/Document/FICdtTrf/GrpHdr/SttlmInf/InstgRmbrsmntAgt/BrnchId/PstlAdr/UnitNb,UnitNb,Max16Text,0,1
pacs.009.001.13,/Document/FICdtTrf/GrpHdr/SttlmInf/InstgRmbrsmntAgt/BrnchId/PstlAdr/PstBx,PstBx,Max16Text,0,1
pacs.009.001.13,/Document/FICdtTrf/GrpHdr/SttlmInf/InstgRmbrsmntAgt/BrnchId/PstlAdr/Room,Room,Max70Text,0,1
pacs.009.001.13,/Document/FICdtTrf/GrpHdr/SttlmInf/InstgRmbrsmntAgt/BrnchId/PstlAdr/PstCd,PstCd,Max16Text,0,1
pacs.009.001.13,/Document/FICdtTrf/GrpHdr/SttlmInf/InstgRmbrsmntAgt/BrnchId/PstlAdr/TwnNm,TwnNm,Max140Text,0,1
pacs.009.001.13,/Document/FICdtTrf/GrpHdr/SttlmInf/InstgRmbrsmntAgt/BrnchId/PstlAdr/TwnLctnNm,TwnLctnNm,Max140Text,0,1
pacs.009.001.13,/Document/FICdtTrf/GrpHdr/SttlmInf/InstgRmbrsmntAgt/BrnchId/PstlAdr/DstrctNm,DstrctNm,Max140Text,0,1
pacs.009.001.13,/Document/FICdtTrf/GrpHdr/SttlmInf/InstgRmbrsmntAgt/BrnchId/PstlAdr/CtrySubDvsn,CtrySubDvsn,Max35Text,0,1
pacs.009.001.13,/Document/FICdtTrf/GrpHdr/SttlmInf/InstgRmbrsmntAgt/BrnchId/PstlAdr/Ctry,Ctry,CountryCode,0,1
pacs.009.001.13,/Document/FICdtTrf/GrpHdr/SttlmInf/InstgRmbrsmntAgt/BrnchId/PstlAdr/AdrLine,AdrLine,Max70Text,0,7
pacs.009.001.13,/Document/FICdtTrf/GrpHdr/SttlmInf/InstgRmbrsmntAgtAcct,InstgRmbrsmntAgtAcct,CashAccount40,0,1
pacs.009.001.13,/Document/FICdtTrf/GrpHdr/SttlmInf/InstgRmbrsmntAgtAcct/Id,Id,AccountIdentification4Choice,0,1
pacs.009.001.13,/Document/FICdtTrf/GrpHdr/SttlmInf/InstgRmbrsmntAgtAcct/Id/IBAN,IBAN,IBAN2007Identifier,1,1
pacs.009.001.13,/Document/FICdtTrf/GrpHdr/SttlmInf/InstgRmbrsmntAgtAcct/Id/Othr,Othr,GenericAccountIdentification1,1,1
pacs.009.001.13,/Document/FICdtTrf/GrpHdr/SttlmInf/InstgRmbrsmntAgtAcct/Id/Othr/Id,Id,Max34Text,1,1
pacs.009.001.13,/Document/FICdtTrf/GrpHdr/SttlmInf/InstgRmbrsmntAgtAcct/Id/Othr/SchmeNm,SchmeNm,AccountSchemeName1Choice,0,1
pacs.009.001.13,/Document/FICdtTrf/GrpHdr/SttlmInf/InstgRmbrsmntAgtAcct/Id/Othr/SchmeNm/Cd,Cd,ExternalAccountIdentification1Code,1,1
pacs.009.001.13,/Document/FICdtTrf/GrpHdr/SttlmInf/InstgRmbrsmntAgtAcct/Id/Othr/SchmeNm/Prtry,Prtry,Max35Text,1,1
pacs.009.001.13,/Document/FICdtTrf/GrpHdr/SttlmInf/InstgRmbrsmntAgtAcct/Id/Othr/Issr,Issr,Max35Text,0,1
pacs.009.001.13,/Document/FICdtTrf/GrpHdr/SttlmInf/InstgRmbrsmntAgtAcct/Tp,Tp,CashAccountType2Choice,0,1
pacs.009.001.13,/Document/FICdtTrf/GrpHdr/SttlmInf/InstgRmbrsmntAgtAcct/Tp/Cd,Cd,ExternalCashAccountType1Code,1,1
pacs.009.001.13,/Document/FICdtTrf/GrpHdr/SttlmInf/InstgRmbrsmntAgtAcct/Tp/Prtry,Prtry,Max35Text,1,1
pacs.009.001.13,/Document/FICdtTrf/GrpHdr/SttlmInf/InstgRmbrsmntAgtAcct/Ccy,Ccy,ActiveOrHistoricCurrencyCode,0,1
pacs.009.001.13,/Document/FICdtTrf/GrpHdr/SttlmInf/InstgRmbrsmntAgtAcct/Nm,Nm,Max70Text,0,1
pacs.009.001.13,/Document/FICdtTrf/GrpHdr/SttlmInf/InstgRmbrsmntAgtAcct/Prxy,Prxy,ProxyAccountIdentification1,0,1
pacs.009.001.13,/Document/FICdtTrf/GrpHdr/SttlmInf/InstgRmbrsmntAgtAcct/Prxy/Tp,Tp,ProxyAccountType1Choice,0,1
pacs.009.001.13,/Document/FICdtTrf/GrpHdr/SttlmInf/InstgRmbrsmntAgtAcct/Prxy/Tp/Cd,Cd,ExternalProxyAccountType1Code,1,1
pacs.009.001.13,/Document/FICdtTrf/GrpHdr/SttlmInf/InstgRmbrsmntAgtAcct/Prxy/Tp/Prtry,Prtry,Max35Text,1,1
pacs.009.001.13,/Document/FICdtTrf/GrpHdr/SttlmInf/InstgRmbrsmntAgtAcct/Prxy/Id,Id,Max2048Text,1,1
pacs.009.001.13,/Document/FICdtTrf/GrpHdr/SttlmInf/InstdRmbrsmntAgt,InstdRmbrsmntAgt,BranchAndFinancialInstitutionIdentification8,0,1
pacs.009.001.13,/Document/FICdtTrf/GrpHdr/SttlmInf/InstdRmbrsmntAgt/FinInstnId,FinInstnId,FinancialInstitutionIdentification23,1,1
pacs.009.001.13,/Document/FICdtTrf/GrpHdr/SttlmInf/InstdRmbrsmntAgt/FinInstnId/BICFI,BICFI,BICFIDec2014Identifier,0,1
pacs.009.001.13,/Document/FICdtTrf/GrpHdr/SttlmInf/InstdRmbrsmntAgt/FinInstnId/ClrSysMmbId,ClrSysMmbId,ClearingSystemMemberIdentification2,0,1
pacs.009.001.13,/Document/FICdtTrf/GrpHdr/SttlmInf/InstdRmbrsmntAgt/FinInstnId/ClrSysMmbId/ClrSysId,ClrSysId,ClearingSystemIdentification2Choice,0,1
pacs.009.001.13,/Document/FICdtTrf/GrpHdr/SttlmInf/InstdRmbrsmntAgt/FinInstnId/ClrSysMmbId/ClrSysId/Cd,Cd,ExternalClearingSystemIdentification1Code,1,1
pacs.009.001.13,/Document/FICdtTrf/GrpHdr/SttlmInf/InstdRmbrsmntAgt/FinInstnId/ClrSysMmbId/ClrSysId/Prtry,Prtry,Max35Text,1,1
pacs.009.001.13,/Document/FICdtTrf/GrpHdr/SttlmInf/InstdRmbrsmntAgt/FinInstnId/ClrSysMmbId/MmbId,MmbId,Max35Text,1,1
pacs.009.001.13,/Document/FICdtTrf/GrpHdr/SttlmInf/InstdRmbrsmntAgt/FinInstnId/LEI,LEI,LEIIdentifier,0,1
pacs.009.001.13,/Document/FICdtTrf/GrpHdr/SttlmInf/InstdRmbrsmntAgt/FinInstnId/Nm,Nm,Max140Text,0,1
pacs.009.001.13,/Document/FICdtTrf/GrpHdr/SttlmInf/InstdRmbrsmntAgt/FinInstnId/PstlAdr,PstlAdr,PostalAddress27,0,1
pacs.009.001.13,/Document/FICdtTrf/GrpHdr/SttlmInf/InstdRmbrsmntAgt/FinInstnId/PstlAdr/AdrTp,AdrTp,AddressType3Choice,0,1
pacs.009.001.13,/Document/FICdtTrf/GrpHdr/SttlmInf/InstdRmbrsmntAgt/FinInstnId/PstlAdr/AdrTp/Cd,Cd,AddressType2Code,1,1
pacs.009.001.13,/Document/FICdtTrf/GrpHdr/SttlmInf/InstdRmbrsmntAgt/FinInstnId/PstlAdr/AdrTp/Prtry,Prtry,GenericIdentification30,1,1
pacs.009.001.13,/Document/FICdtTrf/GrpHdr/SttlmInf/InstdRmbrsmntAgt/FinInstnId/PstlAdr/AdrTp/Prtry/Id,Id,Exact4AlphaNumericText,1,1
pacs.009.001.13,/Document/FICdtTrf/GrpHdr/SttlmInf/InstdRmbrsmntAgt/FinInstnId/PstlAdr/AdrTp/Prtry/Issr,Issr,Max35Text,1,1
pacs.009.001.13,/Document/FICdtTrf/GrpHdr/SttlmInf/InstdRmbrsmntAgt/FinInstnId/PstlAdr/AdrTp/Prtry/SchmeNm,SchmeNm,Max35Text,0,1
pacs.009.001.13,/Document/FICdtTrf/GrpHdr/SttlmInf/InstdRmbrsmntAgt/FinInstnId/PstlAdr/CareOf,CareOf,Max140Text,0,1
pacs.009.001.13,/Document/FICdtTrf/GrpHdr/SttlmInf/InstdRmbrsmntAgt/FinInstnId/PstlAdr/Dept,Dept,Max70Text,0,1
pacs.009.001.13,/Document/FICdtTrf/GrpHdr/SttlmInf/InstdRmbrsmntAgt/FinInstnId/PstlAdr/SubDept,SubDept,Max70Text,0,1
pacs.009.001.13,/Document/FICdtTrf/GrpHdr/SttlmInf/InstdRmbrsmntAgt/FinInstnId/PstlAdr/StrtNm,StrtNm,Max140Text,0,1
pacs.009.001.13,/Document/FICdtTrf/GrpHdr/SttlmInf/InstdRmbrsmntAgt/FinInstnId/PstlAdr/BldgNb,BldgNb,Max16Text,0,1
pacs.009.001.13,/Document/FICdtTrf/GrpHdr/SttlmInf/InstdRmbrsmntAgt/FinInstnId/PstlAdr/BldgNm,BldgNm,Max140Text,0,1
pacs.009.001.13,/Document/FICdtTrf/GrpHdr/SttlmInf/InstdRmbrsmntAgt/FinInstnId/PstlAdr/Flr,Flr,Max70Text,0,1
pacs.009.001.13,/Document/FICdtTrf/GrpHdr/SttlmInf/InstdRmbrsmntAgt/FinInstnId/PstlAdr/UnitNb,UnitNb,Max16Text,0,1
pacs.009.001.13,/Document/FICdtTrf/GrpHdr/SttlmInf/InstdRmbrsmntAgt/FinInstnId/PstlAdr/PstBx,PstBx,Max16Text,0,1
pacs.009.001.13,/Document/FICdtTrf/GrpHdr/SttlmInf/InstdRmbrsmntAgt/FinInstnId/PstlAdr/Room,Room,Max70Text,0,1
pacs.009.001.13,/Document/FICdtTrf/GrpHdr/SttlmInf/InstdRmbrsmntAgt/FinInstnId/PstlAdr/PstCd,PstCd,Max16Text,0,1
pacs.009.001.13,/Document/FICdtTrf/GrpHdr/SttlmInf/InstdRmbrsmntAgt/FinInstnId/PstlAdr/TwnNm,TwnNm,Max140Text,0,1
pacs.009.001.13,/Document/FICdtTrf/GrpHdr/SttlmInf/InstdRmbrsmntAgt/FinInstnId/PstlAdr/TwnLctnNm,TwnLctnNm,Max140Text,0,1
pacs.009.001.13,/Document/FICdtTrf/GrpHdr/SttlmInf/InstdRmbrsmntAgt/FinInstnId/PstlAdr/DstrctNm,DstrctNm,Max140Text,0,1
pacs.009.001.13,/Document/FICdtTrf/GrpHdr/SttlmInf/InstdRmbrsmntAgt/FinInstnId/PstlAdr/CtrySubDvsn,CtrySubDvsn,Max35Text,0,1
pacs.009.001.13,/Document/FICdtTrf/GrpHdr/SttlmInf/InstdRmbrsmntAgt/FinInstnId/PstlAdr/Ctry,Ctry,CountryCode,0,1
pacs.009.001.13,/Document/FICdtTrf/GrpHdr/SttlmInf/InstdRmbrsmntAgt/FinInstnId/PstlAdr/AdrLine,AdrLine,Max70Text,0,7
pacs.009.001.13,/Document/FICdtTrf/GrpHdr/SttlmInf/InstdRmbrsmntAgt/FinInstnId/Othr,Othr,GenericFinancialIdentification1,0,1
pacs.009.001.13,/Document/FICdtTrf/GrpHdr/SttlmInf/InstdRmbrsmntAgt/FinInstnId/Othr/Id,Id,Max35Text,1,1
pacs.009.001.13,/Document/FICdtTrf/GrpHdr/SttlmInf/InstdRmbrsmntAgt/FinInstnId/Othr/SchmeNm,SchmeNm,FinancialIdentificationSchemeName1Choice,0,1
pacs.009.001.13,/Document/FICdtTrf/GrpHdr/SttlmInf/InstdRmbrsmntAgt/FinInstnId/Othr/SchmeNm/Cd,Cd,ExternalFinancialInstitutionIdentification1Code,1,1
pacs.009.001.13,/Document/FICdtTrf/GrpHdr/SttlmInf/InstdRmbrsmntAgt/FinInstnId/Othr/SchmeNm/Prtry,Prtry,Max35Text,1,1
pacs.009.001.13,/Document/FICdtTrf/GrpHdr/SttlmInf/InstdRmbrsmntAgt/FinInstnId/Othr/Issr,Issr,Max35Text,0,1
pacs.009.001.13,/Document/FICdtTrf/GrpHdr/SttlmInf/InstdRmbrsmntAgt/BrnchId,BrnchId,BranchData5,0,1
pacs.009.001.13,/Document/FICdtTrf/GrpHdr/SttlmInf/InstdRmbrsmntAgt/BrnchId/Id,Id,Max35Text,0,1
pacs.009.001.13,/Document/FICdtTrf/GrpHdr/SttlmInf/InstdRmbrsmntAgt/BrnchId/LEI,LEI,LEIIdentifier,0,1
pacs.009.001.13,/Document/FICdtTrf/GrpHdr/SttlmInf/InstdRmbrsmntAgt/BrnchId/Nm,Nm,Max140Text,0,1
pacs.009.001.13,/Document/FICdtTrf/GrpHdr/SttlmInf/InstdRmbrsmntAgt/BrnchId/PstlAdr,PstlAdr,PostalAddress27,0,1
pacs.009.001.13,/Document/FICdtTrf/GrpHdr/SttlmInf/InstdRmbrsmntAgt/BrnchId/PstlAdr/AdrTp,AdrTp,AddressType3Choice,0,1
pacs.009.001.13,/Document/FICdtTrf/GrpHdr/SttlmInf/InstdRmbrsmntAgt/BrnchId/PstlAdr/AdrTp/Cd,Cd,AddressType2Code,1,1
pacs.009.001.13,/Document/FICdtTrf/GrpHdr/SttlmInf/InstdRmbrsmntAgt/BrnchId/PstlAdr/AdrTp/Prtry,Prtry,GenericIdentification30,1,1
pacs.009.001.13,/Document/FICdtTrf/GrpHdr/SttlmInf/InstdRmbrsmntAgt/BrnchId/PstlAdr/AdrTp/Prtry/Id,Id,Exact4AlphaNumericText,1,1
pacs.009.001.13,/Document/FICdtTrf/GrpHdr/SttlmInf/InstdRmbrsmntAgt/BrnchId/PstlAdr/AdrTp/Prtry/Issr,Issr,Max35Text,1,1
pacs.009.001.13,/Document/FICdtTrf/GrpHdr/SttlmInf/InstdRmbrsmntAgt/BrnchId/PstlAdr/AdrTp/Prtry/SchmeNm,SchmeNm,Max35Text,0,1
pacs.009.001.13,/Document/FICdtTrf/GrpHdr/SttlmInf/InstdRmbrsmntAgt/BrnchId/PstlAdr/CareOf,CareOf,Max140Text,0,1
pacs.009.001.13,/Document/FICdtTrf/GrpHdr/SttlmInf/InstdRmbrsmntAgt/BrnchId/PstlAdr/Dept,Dept,Max70Text,0,1
pacs.009.001.13,/Document/FICdtTrf/GrpHdr/SttlmInf/InstdRmbrsmntAgt/BrnchId/PstlAdr/SubDept,SubDept,Max70Text,0,1
pacs.009.001.13,/Document/FICdtTrf/GrpHdr/SttlmInf/InstdRmbrsmntAgt/BrnchId/PstlAdr/StrtNm,StrtNm,Max140Text,0,1
pacs.009.001.13,/Document/FICdtTrf/GrpHdr/SttlmInf/InstdRmbrsmntAgt/BrnchId/PstlAdr/BldgNb,BldgNb,Max16Text,0,1
pacs.009.001.13,/Document/FICdtTrf/GrpHdr/SttlmInf/InstdRmbrsmntAgt/BrnchId/PstlAdr/BldgNm,BldgNm,Max140Text,0,1
pacs.009.001.13,/Document/FICdtTrf/GrpHdr/SttlmInf/InstdRmbrsmntAgt/BrnchId/PstlAdr/Flr,Flr,Max70Text,0,1
pacs.009.001.13,/Document/FICdtTrf/GrpHdr/SttlmInf/InstdRmbrsmntAgt/BrnchId/PstlAdr/UnitNb,UnitNb,Max16Text,0,1
pacs.009.001.13,/Document/FICdtTrf/GrpHdr/SttlmInf/InstdRmbrsmntAgt/BrnchId/PstlAdr/PstBx,PstBx,Max16Text,0,1
pacs.009.001.13,/Document/FICdtTrf/GrpHdr/SttlmInf/InstdRmbrsmntAgt/BrnchId/PstlAdr/Room,Room,Max70Text,0,1
pacs.009.001.13,/Document/FICdtTrf/GrpHdr/SttlmInf/InstdRmbrsmntAgt/BrnchId/PstlAdr/PstCd,PstCd,Max16Text,0,1
pacs.009.001.13,/Document/FICdtTrf/GrpHdr/SttlmInf/InstdRmbrsmntAgt/BrnchId/PstlAdr/TwnNm,TwnNm,Max140Text,0,1
pacs.009.001.13,/Document/FICdtTrf/GrpHdr/SttlmInf/InstdRmbrsmntAgt/BrnchId/PstlAdr/TwnLctnNm,TwnLctnNm,Max140Text,0,1
pacs.009.001.13,/Document/FICdtTrf/GrpHdr/SttlmInf/InstdRmbrsmntAgt/BrnchId/PstlAdr/DstrctNm,DstrctNm,Max140Text,0,1
pacs.009.001.13,/Document/FICdtTrf/GrpHdr/SttlmInf/InstdRmbrsmntAgt/BrnchId/PstlAdr/CtrySubDvsn,CtrySubDvsn,Max35Text,0,1
pacs.009.001.13,/Document/FICdtTrf/GrpHdr/SttlmInf/InstdRmbrsmntAgt/BrnchId/PstlAdr/Ctry,Ctry,CountryCode,0,1
pacs.009.001.13,/Document/FICdtTrf/GrpHdr/SttlmInf/InstdRmbrsmntAgt/BrnchId/PstlAdr/AdrLine,AdrLine,Max70Text,0,7
pacs.009.001.13,/Document/FICdtTrf/GrpHdr/SttlmInf/InstdRmbrsmntAgtAcct,InstdRmbrsmntAgtAcct,CashAccount40,0,1
pacs.009.001.13,/Document/FICdtTrf/GrpHdr/SttlmInf/InstdRmbrsmntAgtAcct/Id,Id,AccountIdentification4Choice,0,1
pacs.009.001.13,/Document/FICdtTrf/GrpHdr/SttlmInf/InstdRmbrsmntAgtAcct/Id/IBAN,IBAN,IBAN2007Identifier,1,1
pacs.009.001.13,/Document/FICdtTrf/GrpHdr/SttlmInf/InstdRmbrsmntAgtAcct/Id/Othr,Othr,GenericAccountIdentification1,1,1
pacs.009.001.13,/Document/FICdtTrf/GrpHdr/SttlmInf/InstdRmbrsmntAgtAcct/Id/Othr/Id,Id,Max34Text,1,1
pacs.009.001.13,/Document/FICdtTrf/GrpHdr/SttlmInf/InstdRmbrsmntAgtAcct/Id/Othr/SchmeNm,SchmeNm,AccountSchemeName1Choice,0,1
pacs.009.001.13,/Document/FICdtTrf/GrpHdr/SttlmInf/InstdRmbrsmntAgtAcct/Id/Othr/SchmeNm/Cd,Cd,ExternalAccountIdentification1Code,1,1
pacs.009.001.13,/Document/FICdtTrf/GrpHdr/SttlmInf/InstdRmbrsmntAgtAcct/Id/Othr/SchmeNm/Prtry,Prtry,Max35Text,1,1
pacs.009.001.13,/Document/FICdtTrf/GrpHdr/SttlmInf/InstdRmbrsmntAgtAcct/Id/Othr/Issr,Issr,Max35Text,0,1
pacs.009.001.13,/Document/FICdtTrf/GrpHdr/SttlmInf/InstdRmbrsmntAgtAcct/Tp,Tp,CashAccountType2Choice,0,1
pacs.009.001.13,/Document/FICdtTrf/GrpHdr/SttlmInf/InstdRmbrsmntAgtAcct/Tp/Cd,Cd,ExternalCashAccountType1Code,1,1
pacs.009.001.13,/Document/FICdtTrf/GrpHdr/SttlmInf/InstdRmbrsmntAgtAcct/Tp/Prtry,Prtry,Max35Text,1,1
pacs.009.001.13,/Document/FICdtTrf/GrpHdr/SttlmInf/InstdRmbrsmntAgtAcct/Ccy,Ccy,ActiveOrHistoricCurrencyCode,0,1
pacs.009.001.13,/Document/FICdtTrf/GrpHdr/SttlmInf/InstdRmbrsmntAgtAcct/Nm,Nm,Max70Text,0,1
pacs.009.001.13,/Document/FICdtTrf/GrpHdr/SttlmInf/InstdRmbrsmntAgtAcct/Prxy,Prxy,ProxyAccountIdentification1,0,1
pacs.009.001.13,/Document/FICdtTrf/GrpHdr/SttlmInf/InstdRmbrsmntAgtAcct/Prxy/Tp,Tp,ProxyAccountType1Choice,0,1
pacs.009.001.13,/Document/FICdtTrf/GrpHdr/SttlmInf/InstdRmbrsmntAgtAcct/Prxy/Tp/Cd,Cd,ExternalProxyAccountType1Code,1,1
pacs.009.001.13,/Document/FICdtTrf/GrpHdr/SttlmInf/InstdRmbrsmntAgtAcct/Prxy/Tp/Prtry,Prtry,Max35Text,1,1
pacs.009.001.13,/Document/FICdtTrf/GrpHdr/SttlmInf/InstdRmbrsmntAgtAcct/Prxy/Id,Id,Max2048Text,1,1
pacs.009.001.13,/Document/FICdtTrf/GrpHdr/SttlmInf/ThrdRmbrsmntAgt,ThrdRmbrsmntAgt,BranchAndFinancialInstitutionIdentification8,0,1
pacs.009.001.13,/Document/FICdtTrf/GrpHdr/SttlmInf/ThrdRmbrsmntAgt/FinInstnId,FinInstnId,FinancialInstitutionIdentification23,1,1
pacs.009.001.13,/Document/FICdtTrf/GrpHdr/SttlmInf/ThrdRmbrsmntAgt/FinInstnId/BICFI,BICFI,BICFIDec2014Identifier,0,1
pacs.009.001.13,/Document/FICdtTrf/GrpHdr/SttlmInf/ThrdRmbrsmntAgt/FinInstnId/ClrSysMmbId,ClrSysMmbId,ClearingSystemMemberIdentification2,0,1
pacs.009.001.13,/Document/FICdtTrf/GrpHdr/SttlmInf/ThrdRmbrsmntAgt/FinInstnId/ClrSysMmbId/ClrSysId,ClrSysId,ClearingSystemIdentification2Choice,0,1
pacs.009.001.13,/Document/FICdtTrf/GrpHdr/SttlmInf/ThrdRmbrsmntAgt/FinInstnId/ClrSysMmbId/ClrSysId/Cd,Cd,ExternalClearingSystemIdentification1Code,1,1
pacs.009.001.13,/Document/FICdtTrf/GrpHdr/SttlmInf/ThrdRmbrsmntAgt/FinInstnId/ClrSysMmbId/ClrSysId/Prtry,Prtry,Max35Text,1,1
pacs.009.001.13,/Document/FICdtTrf/GrpHdr/SttlmInf/ThrdRmbrsmntAgt/FinInstnId/ClrSysMmbId/MmbId,MmbId,Max35Text,1,1
pacs.009.001.13,/Document/FICdtTrf/GrpHdr/SttlmInf/ThrdRmbrsmntAgt/FinInstnId/LEI,LEI,LEIIdentifier,0,1
pacs.009.001.13,/Document/FICdtTrf/GrpHdr/SttlmInf/ThrdRmbrsmntAgt/FinInstnId/Nm,Nm,Max140Text,0,1
pacs.009.001.13,/Document/FICdtTrf/GrpHdr/SttlmInf/ThrdRmbrsmntAgt/FinInstnId/PstlAdr,PstlAdr,PostalAddress27,0,1
pacs.009.001.13,/Document/FICdtTrf/GrpHdr/SttlmInf/ThrdRmbrsmntAgt/FinInstnId/PstlAdr/AdrTp,AdrTp,AddressType3Choice,0,1
pacs.009.001.13,/Document/FICdtTrf/GrpHdr/SttlmInf/ThrdRmbrsmntAgt/FinInstnId/PstlAdr/AdrTp/Cd,Cd,AddressType2Code,1,1
pacs.009.001.13,/Document/FICdtTrf/GrpHdr/SttlmInf/ThrdRmbrsmntAgt/FinInstnId/PstlAdr/AdrTp/Prtry,Prtry,GenericIdentification30,1,1
pacs.009.001.13,/Document/FICdtTrf/GrpHdr/SttlmInf/ThrdRmbrsmntAgt/FinInstnId/PstlAdr/AdrTp/Prtry/Id,Id,Exact4AlphaNumericText,1,1
pacs.009.001.13,/Document/FICdtTrf/GrpHdr/SttlmInf/ThrdRmbrsmntAgt/FinInstnId/PstlAdr/AdrTp/Prtry/Issr,Issr,Max35Text,1,1
pacs.009.001.13,/Document/FICdtTrf/GrpHdr/SttlmInf/ThrdRmbrsmntAgt/FinInstnId/PstlAdr/AdrTp/Prtry/SchmeNm,SchmeNm,Max35Text,0,1
pacs.009.001.13,/Document/FICdtTrf/GrpHdr/SttlmInf/ThrdRmbrsmntAgt/FinInstnId/PstlAdr/CareOf,CareOf,Max140Text,0,1
pacs.009.001.13,/Document/FICdtTrf/GrpHdr/SttlmInf/ThrdRmbrsmntAgt/FinInstnId/PstlAdr/Dept,Dept,Max70Text,0,1
pacs.009.001.13,/Document/FICdtTrf/GrpHdr/SttlmInf/ThrdRmbrsmntAgt/FinInstnId/PstlAdr/SubDept,SubDept,Max70Text,0,1
pacs.009.001.13,/Document/FICdtTrf/GrpHdr/SttlmInf/ThrdRmbrsmntAgt/FinInstnId/PstlAdr/StrtNm,StrtNm,Max140Text,0,1
pacs.009.001.13,/Document/FICdtTrf/GrpHdr/SttlmInf/ThrdRmbrsmntAgt/FinInstnId/PstlAdr/BldgNb,BldgNb,Max16Text,0,1
pacs.009.001.13,/Document/FICdtTrf/GrpHdr/SttlmInf/ThrdRmbrsmntAgt/FinInstnId/PstlAdr/BldgNm,BldgNm,Max140Text,0,1
pacs.009.001.13,/Document/FICdtTrf/GrpHdr/SttlmInf/ThrdRmbrsmntAgt/FinInstnId/PstlAdr/Flr,Flr,Max70Text,0,1
pacs.009.001.13,/Document/FICdtTrf/GrpHdr/SttlmInf/ThrdRmbrsmntAgt/FinInstnId/PstlAdr/UnitNb,UnitNb,Max16Text,0,1
pacs.009.001.13,/Document/FICdtTrf/GrpHdr/SttlmInf/ThrdRmbrsmntAgt/FinInstnId/PstlAdr/PstBx,PstBx,Max16Text,0,1
pacs.009.001.13,/Document/FICdtTrf/GrpHdr/SttlmInf/ThrdRmbrsmntAgt/FinInstnId/PstlAdr/Room,Room,Max70Text,0,1
pacs.009.001.13,/Document/FICdtTrf/GrpHdr/SttlmInf/ThrdRmbrsmntAgt/FinInstnId/PstlAdr/PstCd,PstCd,Max16Text,0,1
pacs.009.001.13,/Document/FICdtTrf/GrpHdr/SttlmInf/ThrdRmbrsmntAgt/FinInstnId/PstlAdr/TwnNm,TwnNm,Max140Text,0,1
pacs.009.001.13,/Document/FICdtTrf/GrpHdr/SttlmInf/ThrdRmbrsmntAgt/FinInstnId/PstlAdr/TwnLctnNm,TwnLctnNm,Max140Text,0,1
pacs.009.001.13,/Document/FICdtTrf/GrpHdr/SttlmInf/ThrdRmbrsmntAgt/FinInstnId/PstlAdr/DstrctNm,DstrctNm,Max140Text,0,1
pacs.009.001.13,/Document/FICdtTrf/GrpHdr/SttlmInf/ThrdRmbrsmntAgt/FinInstnId/PstlAdr/CtrySubDvsn,CtrySubDvsn,Max35Text,0,1
pacs.009.001.13,/Document/FICdtTrf/GrpHdr/SttlmInf/ThrdRmbrsmntAgt/FinInstnId/PstlAdr/Ctry,Ctry,CountryCode,0,1
pacs.009.001.13,/Document/FICdtTrf/GrpHdr/SttlmInf/ThrdRmbrsmntAgt/FinInstnId/PstlAdr/AdrLine,AdrLine,Max70Text,0,7
pacs.009.001.13,/Document/FICdtTrf/GrpHdr/SttlmInf/ThrdRmbrsmntAgt/FinInstnId/Othr,Othr,GenericFinancialIdentification1,0,1
pacs.009.001.13,/Document/FICdtTrf/GrpHdr/SttlmInf/ThrdRmbrsmntAgt/FinInstnId/Othr/Id,Id,Max35Text,1,1
pacs.009.001.13,/Document/FICdtTrf/GrpHdr/SttlmInf/ThrdRmbrsmntAgt/FinInstnId/Othr/SchmeNm,SchmeNm,FinancialIdentificationSchemeName1Choice,0,1
pacs.009.001.13,/Document/FICdtTrf/GrpHdr/SttlmInf/ThrdRmbrsmntAgt/FinInstnId/Othr/SchmeNm/Cd,Cd,ExternalFinancialInstitutionIdentification1Code,1,1
pacs.009.001.13,/Document/FICdtTrf/GrpHdr/SttlmInf/ThrdRmbrsmntAgt/FinInstnId/Othr/SchmeNm/Prtry,Prtry,Max35Text,1,1
pacs.009.001.13,/Document/FICdtTrf/GrpHdr/SttlmInf/ThrdRmbrsmntAgt/FinInstnId/Othr/Issr,Issr,Max35Text,0,1
pacs.009.001.13,/Document/FICdtTrf/GrpHdr/SttlmInf/ThrdRmbrsmntAgt/BrnchId,BrnchId,BranchData5,0,1
pacs.009.001.13,/Document/FICdtTrf/GrpHdr/SttlmInf/ThrdRmbrsmntAgt/BrnchId/Id,Id,Max35Text,0,1
pacs.009.001.13,/Document/FICdtTrf/GrpHdr/SttlmInf/ThrdRmbrsmntAgt/BrnchId/LEI,LEI,LEIIdentifier,0,1
pacs.009.001.13,/Document/FICdtTrf/GrpHdr/SttlmInf/ThrdRmbrsmntAgt/BrnchId/Nm,Nm,Max140Text,0,1
pacs.009.001.13,/Document/FICdtTrf/GrpHdr/SttlmInf/ThrdRmbrsmntAgt/BrnchId/PstlAdr,PstlAdr,PostalAddress27,0,1
pacs.009.001.13,/Document/FICdtTrf/GrpHdr/SttlmInf/ThrdRmbrsmntAgt/BrnchId/PstlAdr/AdrTp,AdrTp,AddressType3Choice,0,1
pacs.009.001.13,/Document/FICdtTrf/GrpHdr/SttlmInf/ThrdRmbrsmntAgt/BrnchId/PstlAdr/AdrTp/Cd,Cd,AddressType2Code,1,1
pacs.009.001.13,/Document/FICdtTrf/GrpHdr/SttlmInf/ThrdRmbrsmntAgt/BrnchId/PstlAdr/AdrTp/Prtry,Prtry,GenericIdentification30,1,1
pacs.009.001.13,/Document/FICdtTrf/GrpHdr/SttlmInf/ThrdRmbrsmntAgt/BrnchId/PstlAdr/AdrTp/Prtry/Id,Id,Exact4AlphaNumericText,1,1
pacs.009.001.13,/Document/FICdtTrf/GrpHdr/SttlmInf/ThrdRmbrsmntAgt/BrnchId/PstlAdr/AdrTp/Prtry/Issr,Issr,Max35Text,1,1
pacs.009.001.13,/Document/FICdtTrf/GrpHdr/SttlmInf/ThrdRmbrsmntAgt/BrnchId/PstlAdr/AdrTp/Prtry/SchmeNm,SchmeNm,Max35Text,0,1
pacs.009.001.13,/Document/FICdtTrf/GrpHdr/SttlmInf/ThrdRmbrsmntAgt/BrnchId/PstlAdr/CareOf,CareOf,Max140Text,0,1
pacs.009.001.13,/Document/FICdtTrf/GrpHdr/SttlmInf/ThrdRmbrsmntAgt/BrnchId/PstlAdr/Dept,Dept,Max70Text,0,1
pacs.009.001.13,/Document/FICdtTrf/GrpHdr/SttlmInf/ThrdRmbrsmntAgt/BrnchId/PstlAdr/SubDept,SubDept,Max70Text,0,1
pacs.009.001.13,/Document/FICdtTrf/GrpHdr/SttlmInf/ThrdRmbrsmntAgt/BrnchId/PstlAdr/StrtNm,StrtNm,Max140Text,0,1
pacs.009.001.13,/Document/FICdtTrf/GrpHdr/SttlmInf/ThrdRmbrsmntAgt/BrnchId/PstlAdr/BldgNb,BldgNb,Max16Text,0,1
pacs.009.001.13,/Document/FICdtTrf/GrpHdr/SttlmInf/ThrdRmbrsmntAgt/BrnchId/PstlAdr/BldgNm,BldgNm,Max140Text,0,1
pacs.009.001.13,/Document/FICdtTrf/GrpHdr/SttlmInf/ThrdRmbrsmntAgt/BrnchId/PstlAdr/Flr,Flr,Max70Text,0,1
pacs.009.001.13,/Document/FICdtTrf/GrpHdr/SttlmInf/ThrdRmbrsmntAgt/BrnchId/PstlAdr/UnitNb,UnitNb,Max16Text,0,1
pacs.009.001.13,/Document/FICdtTrf/GrpHdr/SttlmInf/ThrdRmbrsmntAgt/BrnchId/PstlAdr/PstBx,PstBx,Max16Text,0,1
pacs.009.001.13,/Document/FICdtTrf/GrpHdr/SttlmInf/ThrdRmbrsmntAgt/BrnchId/PstlAdr/Room,Room,Max70Text,0,1
pacs.009.001.13,/Document/FICdtTrf/GrpHdr/SttlmInf/ThrdRmbrsmntAgt/BrnchId/PstlAdr/PstCd,PstCd,Max16Text,0,1
pacs.009.001.13,/Document/FICdtTrf/GrpHdr/SttlmInf/ThrdRmbrsmntAgt/BrnchId/PstlAdr/TwnNm,TwnNm,Max140Text,0,1
pacs.009.001.13,/Document/FICdtTrf/GrpHdr/SttlmInf/ThrdRmbrsmntAgt/BrnchId/PstlAdr/TwnLctnNm,TwnLctnNm,Max140Text,0,1
pacs.009.001.13,/Document/FICdtTrf/GrpHdr/SttlmInf/ThrdRmbrsmntAgt/BrnchId/PstlAdr/DstrctNm,DstrctNm,Max140Text,0,1
pacs.009.001.13,/Document/FICdtTrf/GrpHdr/SttlmInf/ThrdRmbrsmntAgt/BrnchId/PstlAdr/CtrySubDvsn,CtrySubDvsn,Max35Text,0,1
pacs.009.001.13,/Document/FICdtTrf/GrpHdr/SttlmInf/ThrdRmbrsmntAgt/BrnchId/PstlAdr/Ctry,Ctry,CountryCode,0,1
pacs.009.001.13,/Document/FICdtTrf/GrpHdr/SttlmInf/ThrdRmbrsmntAgt/BrnchId/PstlAdr/AdrLine,AdrLine,Max70Text,0,7
pacs.009.001.13,/Document/FICdtTrf/GrpHdr/SttlmInf/ThrdRmbrsmntAgtAcct,ThrdRmbrsmntAgtAcct,CashAccount40,0,1
pacs.009.001.13,/Document/FICdtTrf/GrpHdr/SttlmInf/ThrdRmbrsmntAgtAcct/Id,Id,AccountIdentification4Choice,0,1
pacs.009.001.13,/Document/FICdtTrf/GrpHdr/SttlmInf/ThrdRmbrsmntAgtAcct/Id/IBAN,IBAN,IBAN2007Identifier,1,1
pacs.009.001.13,/Document/FICdtTrf/GrpHdr/SttlmInf/ThrdRmbrsmntAgtAcct/Id/Othr,Othr,GenericAccountIdentification1,1,1
pacs.009.001.13,/Document/FICdtTrf/GrpHdr/SttlmInf/ThrdRmbrsmntAgtAcct/Id/Othr/Id,Id,Max34Text,1,1
pacs.009.001.13,/Document/FICdtTrf/GrpHdr/SttlmInf/ThrdRmbrsmntAgtAcct/Id/Othr/SchmeNm,SchmeNm,AccountSchemeName1Choice,0,1
pacs.009.001.13,/Document/FICdtTrf/GrpHdr/SttlmInf/ThrdRmbrsmntAgtAcct/Id/Othr/SchmeNm/Cd,Cd,ExternalAccountIdentification1Code,1,1
pacs.009.001.13,/Document/FICdtTrf/GrpHdr/SttlmInf/ThrdRmbrsmntAgtAcct/Id/Othr/SchmeNm/Prtry,Prtry,Max35Text,1,1
pacs.009.001.13,/Document/FICdtTrf/GrpHdr/SttlmInf/ThrdRmbrsmntAgtAcct/Id/Othr/Issr,Issr,Max35Text,0,1
pacs.009.001.13,/Document/FICdtTrf/GrpHdr/SttlmInf/ThrdRmbrsmntAgtAcct/Tp,Tp,CashAccountType2Choice,0,1
pacs.009.001.13,/Document/FICdtTrf/GrpHdr/SttlmInf/ThrdRmbrsmntAgtAcct/Tp/Cd,Cd,ExternalCashAccountType1Code,1,1
pacs.009.001.13,/Document/FICdtTrf/GrpHdr/SttlmInf/ThrdRmbrsmntAgtAcct/Tp/Prtry,Prtry,Max35Text,1,1
pacs.009.001.13,/Document/FICdtTrf/GrpHdr/SttlmInf/ThrdRmbrsmntAgtAcct/Ccy,Ccy,ActiveOrHistoricCurrencyCode,0,1
pacs.009.001.13,/Document/FICdtTrf/GrpHdr/SttlmInf/ThrdRmbrsmntAgtAcct/Nm,Nm,Max70Text,0,1
pacs.009.001.13,/Document/FICdtTrf/GrpHdr/SttlmInf/ThrdRmbrsmntAgtAcct/Prxy,Prxy,ProxyAccountIdentification1,0,1
pacs.009.001.13,/Document/FICdtTrf/GrpHdr/SttlmInf/ThrdRmbrsmntAgtAcct/Prxy/Tp,Tp,ProxyAccountType1Choice,0,1
pacs.009.001.13,/Document/FICdtTrf/GrpHdr/SttlmInf/ThrdRmbrsmntAgtAcct/Prxy/Tp/Cd,Cd,ExternalProxyAccountType1Code,1,1
pacs.009.001.13,/Document/FICdtTrf/GrpHdr/SttlmInf/ThrdRmbrsmntAgtAcct/Prxy/Tp/Prtry,Prtry,Max35Text,1,1
pacs.009.001.13,/Document/FICdtTrf/GrpHdr/SttlmInf/ThrdRmbrsmntAgtAcct/Prxy/Id,Id,Max2048Text,1,1
pacs.009.001.13,/Document/FICdtTrf/GrpHdr/PmtTpInf,PmtTpInf,PaymentTypeInformation28,0,1
pacs.009.001.13,/Document/FICdtTrf/GrpHdr/PmtTpInf/InstrPrty,InstrPrty,Priority2Code,0,1
pacs.009.001.13,/Document/FICdtTrf/GrpHdr/PmtTpInf/ClrChanl,ClrChanl,ClearingChannel2Code,0,1
pacs.009.001.13,/Document/FICdtTrf/GrpHdr/PmtTpInf/SvcLvl,SvcLvl,ServiceLevel8Choice,0,
pacs.009.001.13,/Document/FICdtTrf/GrpHdr/PmtTpInf/SvcLvl/Cd,Cd,ExternalServiceLevel1Code,1,1
pacs.009.001.13,/Document/FICdtTrf/GrpHdr/PmtTpInf/SvcLvl/Prtry,Prtry,Max35Text,1,1
pacs.009.001.13,/Document/FICdtTrf/GrpHdr/PmtTpInf/LclInstrm,LclInstrm,LocalInstrument2Choice,0,1
pacs.009.001.13,/Document/FICdtTrf/GrpHdr/PmtTpInf/LclInstrm/Cd,Cd,ExternalLocalInstrument1Code,1,1
pacs.009.001.13,/Document/FICdtTrf/GrpHdr/PmtTpInf/LclInstrm/Prtry,Prtry,Max35Text,1,1
pacs.009.001.13,/Document/FICdtTrf/GrpHdr/PmtTpInf/CtgyPurp,CtgyPurp,CategoryPurpose1Choice,0,1
pacs.009.001.13,/Document/FICdtTrf/GrpHdr/PmtTpInf/CtgyPurp/Cd,Cd,ExternalCategoryPurpose1Code,1,1
pacs.009.001.13,/Document/FICdtTrf/GrpHdr/PmtTpInf/CtgyPurp/Prtry,Prtry,Max35Text,1,1
pacs.009.001.13,/Document/FICdtTrf/GrpHdr/InstgAgt,InstgAgt,BranchAndFinancialInstitutionIdentification8,0,1
pacs.009.001.13,/Document/FICdtTrf/GrpHdr/InstgAgt/FinInstnId,FinInstnId,FinancialInstitutionIdentification23,1,1
pacs.009.001.13,/Document/FICdtTrf/GrpHdr/InstgAgt/FinInstnId/BICFI,BICFI,BICFIDec2014Identifier,0,1
pacs.009.001.13,/Document/FICdtTrf/GrpHdr/InstgAgt/FinInstnId/ClrSysMmbId,ClrSysMmbId,ClearingSystemMemberIdentification2,0,1
pacs.009.001.13,/Document/FICdtTrf/GrpHdr/InstgAgt/FinInstnId/ClrSysMmbId/ClrSysId,ClrSysId,ClearingSystemIdentification2Choice,0,1
pacs.009.001.13,/Document/FICdtTrf/GrpHdr/InstgAgt/FinInstnId/ClrSysMmbId/ClrSysId/Cd,Cd,ExternalClearingSystemIdentification1Code,1,1
pacs.009.001.13,/Document/FICdtTrf/GrpHdr/InstgAgt/FinInstnId/ClrSysMmbId/ClrSysId/Prtry,Prtry,Max35Text,1,1
pacs.009.001.13,/Document/FICdtTrf/GrpHdr/InstgAgt/FinInstnId/ClrSysMmbId/MmbId,MmbId,Max35Text,1,1
pacs.009.001.13,/Document/FICdtTrf/GrpHdr/InstgAgt/FinInstnId/LEI,LEI,LEIIdentifier,0,1
pacs.009.001.13,/Document/FICdtTrf/GrpHdr/InstgAgt/FinInstnId/Nm,Nm,Max140Text,0,1
pacs.009.001.13,/Document/FICdtTrf/GrpHdr/InstgAgt/FinInstnId/PstlAdr,PstlAdr,PostalAddress27,0,1
pacs.009.001.13,/Document/FICdtTrf/GrpHdr/InstgAgt/FinInstnId/PstlAdr/AdrTp,AdrTp,AddressType3Choice,0,1
pacs.009.001.13,/Document/FICdtTrf/GrpHdr/InstgAgt/FinInstnId/PstlAdr/AdrTp/Cd,Cd,AddressType2Code,1,1
pacs.009.001.13,/Document/FICdtTrf/GrpHdr/InstgAgt/FinInstnId/PstlAdr/AdrTp/Prtry,Prtry,GenericIdentification30,1,1
pacs.009.001.13,/Document/FICdtTrf/GrpHdr/InstgAgt/FinInstnId/PstlAdr/AdrTp/Prtry/Id,Id,Exact4AlphaNumericText,1,1
pacs.009.001.13,/Document/FICdtTrf/GrpHdr/InstgAgt/FinInstnId/PstlAdr/AdrTp/Prtry/Issr,Issr,Max35Text,1,1
pacs.009.001.13,/Document/FICdtTrf/GrpHdr/InstgAgt/FinInstnId/PstlAdr/AdrTp/Prtry/SchmeNm,SchmeNm,Max35Text,0,1
pacs.009.001.13,/Document/FICdtTrf/GrpHdr/InstgAgt/FinInstnId/PstlAdr/CareOf,CareOf,Max140Text,0,1
pacs.009.001.13,/Document/FICdtTrf/GrpHdr/InstgAgt/FinInstnId/PstlAdr/Dept,Dept,Max70Text,0,1
pacs.009.001.13,/Document/FICdtTrf/GrpHdr/InstgAgt/FinInstnId/PstlAdr/SubDept,SubDept,Max70Text,0,1
pacs.009.001.13,/Document/FICdtTrf/GrpHdr/InstgAgt/FinInstnId/PstlAdr/StrtNm,StrtNm,Max140Text,0,1
pacs.009.001.13,/Document/FICdtTrf/GrpHdr/InstgAgt/FinInstnId/PstlAdr/BldgNb,BldgNb,Max16Text,0,1
pacs.009.001.13,/Document/FICdtTrf/GrpHdr/InstgAgt/FinInstnId/PstlAdr/BldgNm,BldgNm,Max140Text,0,1
pacs.009.001.13,/Document/FICdtTrf/GrpHdr/InstgAgt/FinInstnId/PstlAdr/Flr,Flr,Max70Text,0,1
pacs.009.001.13,/Document/FICdtTrf/GrpHdr/InstgAgt/FinInstnId/PstlAdr/UnitNb,UnitNb,Max16Text,0,1
pacs.009.001.13,/Document/FICdtTrf/GrpHdr/InstgAgt/FinInstnId/PstlAdr/PstBx,PstBx,Max16Text,0,1
pacs.009.001.13,/Document/FICdtTrf/GrpHdr/InstgAgt/FinInstnId/PstlAdr/Room,Room,Max70Text,0,1
pacs.009.001.13,/Document/FICdtTrf/GrpHdr/InstgAgt/FinInstnId/PstlAdr/PstCd,PstCd,Max16Text,0,1
pacs.009.001.13,/Document/FICdtTrf/GrpHdr/InstgAgt/FinInstnId/PstlAdr/TwnNm,TwnNm,Max140Text,0,1
pacs.009.001.13,/Document/FICdtTrf/GrpHdr/InstgAgt/FinInstnId/PstlAdr/TwnLctnNm,TwnLctnNm,Max140Text,0,1
pacs.009.001.13,/Document/FICdtTrf/GrpHdr/InstgAgt/FinInstnId/PstlAdr/DstrctNm,DstrctNm,Max140Text,0,1
pacs.009.001.13,/Document/FICdtTrf/GrpHdr/InstgAgt/FinInstnId/PstlAdr/CtrySubDvsn,CtrySubDvsn,Max35Text,0,1
pacs.009.001.13,/Document/FICdtTrf/GrpHdr/InstgAgt/FinInstnId/PstlAdr/Ctry,Ctry,CountryCode,0,1
pacs.009.001.13,/Document/FICdtTrf/GrpHdr/InstgAgt/FinInstnId/PstlAdr/AdrLine,AdrLine,Max70Text,0,7
pacs.009.001.13,/Document/FICdtTrf/GrpHdr/InstgAgt/FinInstnId/Othr,Othr,GenericFinancialIdentification1,0,1
pacs.009.001.13,/Document/FICdtTrf/GrpHdr/InstgAgt/FinInstnId/Othr/Id,Id,Max35Text,1,1
pacs.009.001.13,/Document/FICdtTrf/GrpHdr/InstgAgt/FinInstnId/Othr/SchmeNm,SchmeNm,FinancialIdentificationSchemeName1Choice,0,1
pacs.009.001.13,/Document/FICdtTrf/GrpHdr/InstgAgt/FinInstnId/Othr/SchmeNm/Cd,Cd,ExternalFinancialInstitutionIdentification1Code,1,1
pacs.009.001.13,/Document/FICdtTrf/GrpHdr/InstgAgt/FinInstnId/Othr/SchmeNm/Prtry,Prtry,Max35Text,1,1
pacs.009.001.13,/Document/FICdtTrf/GrpHdr/InstgAgt/FinInstnId/Othr/Issr,Issr,Max35Text,0,1
pacs.009.001.13,/Document/FICdtTrf/GrpHdr/InstgAgt/BrnchId,BrnchId,BranchData5,0,1
pacs.009.001.13,/Document/FICdtTrf/GrpHdr/InstgAgt/BrnchId/Id,Id,Max35Text,0,1
pacs.009.001.13,/Document/FICdtTrf/GrpHdr/InstgAgt/BrnchId/LEI,LEI,LEIIdentifier,0,1
pacs.009.001.13,/Document/FICdtTrf/GrpHdr/InstgAgt/BrnchId/Nm,Nm,Max140Text,0,1
pacs.009.001.13,/Document/FICdtTrf/GrpHdr/InstgAgt/BrnchId/PstlAdr,PstlAdr,PostalAddress27,0,1
pacs.009.001.13,/Document/FICdtTrf/GrpHdr/InstgAgt/BrnchId/PstlAdr/AdrTp,AdrTp,AddressType3Choice,0,1
pacs.009.001.13,/Document/FICdtTrf/GrpHdr/InstgAgt/BrnchId/PstlAdr/AdrTp/Cd,Cd,AddressType2Code,1,1
pacs.009.001.13,/Document/FICdtTrf/GrpHdr/InstgAgt/BrnchId/PstlAdr/AdrTp/Prtry,Prtry,GenericIdentification30,1,1
pacs.009.001.13,/Document/FICdtTrf/GrpHdr/InstgAgt/BrnchId/PstlAdr/AdrTp/Prtry/Id,Id,Exact4AlphaNumericText,1,1
pacs.009.001.13,/Document/FICdtTrf/GrpHdr/InstgAgt/BrnchId/PstlAdr/AdrTp/Prtry/Issr,Issr,Max35Text,1,1
pacs.009.001.13,/Document/FICdtTrf/GrpHdr/InstgAgt/BrnchId/PstlAdr/AdrTp/Prtry/SchmeNm,SchmeNm,Max35Text,0,1
pacs.009.001.13,/Document/FICdtTrf/GrpHdr/InstgAgt/BrnchId/PstlAdr/CareOf,CareOf,Max140Text,0,1
pacs.009.001.13,/Document/FICdtTrf/GrpHdr/InstgAgt/BrnchId/PstlAdr/Dept,Dept,Max70Text,0,1
pacs.009.001.13,/Document/FICdtTrf/GrpHdr/InstgAgt/BrnchId/PstlAdr/SubDept,SubDept,Max70Text,0,1
pacs.009.001.13,/Document/FICdtTrf/GrpHdr/InstgAgt/BrnchId/PstlAdr/StrtNm,StrtNm,Max140Text,0,1
pacs.009.001.13,/Document/FICdtTrf/GrpHdr/InstgAgt/BrnchId/PstlAdr/BldgNb,BldgNb,Max16Text,0,1
pacs.009.001.13,/Document/FICdtTrf/GrpHdr/InstgAgt/BrnchId/PstlAdr/BldgNm,BldgNm,Max140Text,0,1
pacs.009.001.13,/Document/FICdtTrf/GrpHdr/InstgAgt/BrnchId/PstlAdr/Flr,Flr,Max70Text,0,1
pacs.009.001.13,/Document/FICdtTrf/GrpHdr/InstgAgt/BrnchId/PstlAdr/UnitNb,UnitNb,Max16Text,0,1
pacs.009.001.13,/Document/FICdtTrf/GrpHdr/InstgAgt/BrnchId/PstlAdr/PstBx,PstBx,Max16Text,0,1
pacs.009.001.13,/Document/FICdtTrf/GrpHdr/InstgAgt/BrnchId/PstlAdr/Room,Room,Max70Text,0,1
pacs.009.001.13,/Document/FICdtTrf/GrpHdr/InstgAgt/BrnchId/PstlAdr/PstCd,PstCd,Max16Text,0,1
pacs.009.001.13,/Document/FICdtTrf/GrpHdr/InstgAgt/BrnchId/PstlAdr/TwnNm,TwnNm,Max140Text,0,1
pacs.009.001.13,/Document/FICdtTrf/GrpHdr/InstgAgt/BrnchId/PstlAdr/TwnLctnNm,TwnLctnNm,Max140Text,0,1
pacs.009.001.13,/Document/FICdtTrf/GrpHdr/InstgAgt/BrnchId/PstlAdr/DstrctNm,DstrctNm,Max140Text,0,1
pacs.009.001.13,/Document/FICdtTrf/GrpHdr/InstgAgt/BrnchId/PstlAdr/CtrySubDvsn,CtrySubDvsn,Max35Text,0,1
pacs.009.001.13,/Document/FICdtTrf/GrpHdr/InstgAgt/BrnchId/PstlAdr/Ctry,Ctry,CountryCode,0,1
pacs.009.001.13,/Document/FICdtTrf/GrpHdr/InstgAgt/BrnchId/PstlAdr/AdrLine,AdrLine,Max70Text,0,7
pacs.009.001.13,/Document/FICdtTrf/GrpHdr/InstdAgt,InstdAgt,BranchAndFinancialInstitutionIdentification8,0,1
pacs.009.001.13,/Document/FICdtTrf/GrpHdr/InstdAgt/FinInstnId,FinInstnId,FinancialInstitutionIdentification23,1,1
pacs.009.001.13,/Document/FICdtTrf/GrpHdr/InstdAgt/FinInstnId/BICFI,BICFI,BICFIDec2014Identifier,0,1
pacs.009.001.13,/Document/FICdtTrf/GrpHdr/InstdAgt/FinInstnId/ClrSysMmbId,ClrSysMmbId,ClearingSystemMemberIdentification2,0,1
pacs.009.001.13,/Document/FICdtTrf/GrpHdr/InstdAgt/FinInstnId/ClrSysMmbId/ClrSysId,ClrSysId,ClearingSystemIdentification2Choice,0,1
pacs.009.001.13,/Document/FICdtTrf/GrpHdr/InstdAgt/FinInstnId/ClrSysMmbId/ClrSysId/Cd,Cd,ExternalClearingSystemIdentification1Code,1,1
pacs.009.001.13,/Document/FICdtTrf/GrpHdr/InstdAgt/FinInstnId/ClrSysMmbId/ClrSysId/Prtry,Prtry,Max35Text,1,1
pacs.009.001.13,/Document/FICdtTrf/GrpHdr/InstdAgt/FinInstnId/ClrSysMmbId/MmbId,MmbId,Max35Text,1,1
pacs.009.001.13,/Document/FICdtTrf/GrpHdr/InstdAgt/FinInstnId/LEI,LEI,LEIIdentifier,0,1
pacs.009.001.13,/Document/FICdtTrf/GrpHdr/InstdAgt/FinInstnId/Nm,Nm,Max140Text,0,1
pacs.009.001.13,/Document/FICdtTrf/GrpHdr/InstdAgt/FinInstnId/PstlAdr,PstlAdr,PostalAddress27,0,1
pacs.009.001.13,/Document/FICdtTrf/GrpHdr/InstdAgt/FinInstnId/PstlAdr/AdrTp,AdrTp,AddressType3Choice,0,1
pacs.009.001.13,/Document/FICdtTrf/GrpHdr/InstdAgt/FinInstnId/PstlAdr/AdrTp/Cd,Cd,AddressType2Code,1,1
pacs.009.001.13,/Document/FICdtTrf/GrpHdr/InstdAgt/FinInstnId/PstlAdr/AdrTp/Prtry,Prtry,GenericIdentification30,1,1
pacs.009.001.13,/Document/FICdtTrf/GrpHdr/InstdAgt/FinInstnId/PstlAdr/AdrTp/Prtry/Id,Id,Exact4AlphaNumericText,1,1
pacs.009.001.13,/Document/FICdtTrf/GrpHdr/InstdAgt/FinInstnId/PstlAdr/AdrTp/Prtry/Issr,Issr,Max35Text,1,1
pacs.009.001.13,/Document/FICdtTrf/GrpHdr/InstdAgt/FinInstnId/PstlAdr/AdrTp/Prtry/SchmeNm,SchmeNm,Max35Text,0,1
pacs.009.001.13,/Document/FICdtTrf/GrpHdr/InstdAgt/FinInstnId/PstlAdr/CareOf,CareOf,Max140Text,0,1
pacs.009.001.13,/Document/FICdtTrf/GrpHdr/InstdAgt/FinInstnId/PstlAdr/Dept,Dept,Max70Text,0,1
pacs.009.001.13,/Document/FICdtTrf/GrpHdr/InstdAgt/FinInstnId/PstlAdr/SubDept,SubDept,Max70Text,0,1
pacs.009.001.13,/Document/FICdtTrf/GrpHdr/InstdAgt/FinInstnId/PstlAdr/StrtNm,StrtNm,Max140Text,0,1
pacs.009.001.13,/Document/FICdtTrf/GrpHdr/InstdAgt/FinInstnId/PstlAdr/BldgNb,BldgNb,Max16Text,0,1
pacs.009.001.13,/Document/FICdtTrf/GrpHdr/InstdAgt/FinInstnId/PstlAdr/BldgNm,BldgNm,Max140Text,0,1
pacs.009.001.13,/Document/FICdtTrf/GrpHdr/InstdAgt/FinInstnId/PstlAdr/Flr,Flr,Max70Text,0,1
pacs.009.001.13,/Document/FICdtTrf/GrpHdr/InstdAgt/FinInstnId/PstlAdr/UnitNb,UnitNb,Max16Text,0,1
pacs.009.001.13,/Document/FICdtTrf/GrpHdr/InstdAgt/FinInstnId/PstlAdr/PstBx,PstBx,Max16Text,0,1
pacs.009.001.13,/Document/FICdtTrf/GrpHdr/InstdAgt/FinInstnId/PstlAdr/Room,Room,Max70Text,0,1
pacs.009.001.13,/Document/FICdtTrf/GrpHdr/InstdAgt/FinInstnId/PstlAdr/PstCd,PstCd,Max16Text,0,1
pacs.009.001.13,/Document/FICdtTrf/GrpHdr/InstdAgt/FinInstnId/PstlAdr/TwnNm,TwnNm,Max140Text,0,1
pacs.009.001.13,/Document/FICdtTrf/GrpHdr/InstdAgt/FinInstnId/PstlAdr/TwnLctnNm,TwnLctnNm,Max140Text,0,1
pacs.009.001.13,/Document/FICdtTrf/GrpHdr/InstdAgt/FinInstnId/PstlAdr/DstrctNm,DstrctNm,Max140Text,0,1
pacs.009.001.13,/Document/FICdtTrf/GrpHdr/InstdAgt/FinInstnId/PstlAdr/CtrySubDvsn,CtrySubDvsn,Max35Text,0,1
pacs.009.001.13,/Document/FICdtTrf/GrpHdr/InstdAgt/FinInstnId/PstlAdr/Ctry,Ctry,CountryCode,0,1
pacs.009.001.13,/Document/FICdtTrf/GrpHdr/InstdAgt/FinInstnId/PstlAdr/AdrLine,AdrLine,Max70Text,0,7
pacs.009.001.13,/Document/FICdtTrf/GrpHdr/InstdAgt/FinInstnId/Othr,Othr,GenericFinancialIdentification1,0,1
pacs.009.001.13,/Document/FICdtTrf/GrpHdr/InstdAgt/FinInstnId/Othr/Id,Id,Max35Text,1,1
pacs.009.001.13,/Document/FICdtTrf/GrpHdr/InstdAgt/FinInstnId/Othr/SchmeNm,SchmeNm,FinancialIdentificationSchemeName1Choice,0,1
pacs.009.001.13,/Document/FICdtTrf/GrpHdr/InstdAgt/FinInstnId/Othr/SchmeNm/Cd,Cd,ExternalFinancialInstitutionIdentification1Code,1,1
pacs.009.001.13,/Document/FICdtTrf/GrpHdr/InstdAgt/FinInstnId/Othr/SchmeNm/Prtry,Prtry,Max35Text,1,1
pacs.009.001.13,/Document/FICdtTrf/GrpHdr/InstdAgt/FinInstnId/Othr/Issr,Issr,Max35Text,0,1
pacs.009.001.13,/Document/FICdtTrf/GrpHdr/InstdAgt/BrnchId,BrnchId,BranchData5,0,1
pacs.009.001.13,/Document/FICdtTrf/GrpHdr/InstdAgt/BrnchId/Id,Id,Max35Text,0,1
pacs.009.001.13,/Document/FICdtTrf/GrpHdr/InstdAgt/BrnchId/LEI,LEI,LEIIdentifier,0,1
pacs.009.001.13,/Document/FICdtTrf/GrpHdr/InstdAgt/BrnchId/Nm,Nm,Max140Text,0,1
pacs.009.001.13,/Document/FICdtTrf/GrpHdr/InstdAgt/BrnchId/PstlAdr,PstlAdr,PostalAddress27,0,1
pacs.009.001.13,/Document/FICdtTrf/GrpHdr/InstdAgt/BrnchId/PstlAdr/AdrTp,AdrTp,AddressType3Choice,0,1
pacs.009.001.13,/Document/FICdtTrf/GrpHdr/InstdAgt/BrnchId/PstlAdr/AdrTp/Cd,Cd,AddressType2Code,1,1
pacs.009.001.13,/Document/FICdtTrf/GrpHdr/InstdAgt/BrnchId/PstlAdr/AdrTp/Prtry,Prtry,GenericIdentification30,1,1
pacs.009.001.13,/Document/FICdtTrf/GrpHdr/InstdAgt/BrnchId/PstlAdr/AdrTp/Prtry/Id,Id,Exact4AlphaNumericText,1,1
pacs.009.001.13,/Document/FICdtTrf/GrpHdr/InstdAgt/BrnchId/PstlAdr/AdrTp/Prtry/Issr,Issr,Max35Text,1,1
pacs.009.001.13,/Document/FICdtTrf/GrpHdr/InstdAgt/BrnchId/PstlAdr/AdrTp/Prtry/SchmeNm,SchmeNm,Max35Text,0,1
pacs.009.001.13,/Document/FICdtTrf/GrpHdr/InstdAgt/BrnchId/PstlAdr/CareOf,CareOf,Max140Text,0,1
pacs.009.001.13,/Document/FICdtTrf/GrpHdr/InstdAgt/BrnchId/PstlAdr/Dept,Dept,Max70Text,0,1
pacs.009.001.13,/Document/FICdtTrf/GrpHdr/InstdAgt/BrnchId/PstlAdr/SubDept,SubDept,Max70Text,0,1
pacs.009.001.13,/Document/FICdtTrf/GrpHdr/InstdAgt/BrnchId/PstlAdr/StrtNm,StrtNm,Max140Text,0,1
pacs.009.001.13,/Document/FICdtTrf/GrpHdr/InstdAgt/BrnchId/PstlAdr/BldgNb,BldgNb,Max16Text,0,1
pacs.009.001.13,/Document/FICdtTrf/GrpHdr/InstdAgt/BrnchId/PstlAdr/BldgNm,BldgNm,Max140Text,0,1
pacs.009.001.13,/Document/FICdtTrf/GrpHdr/InstdAgt/BrnchId/PstlAdr/Flr,Flr,Max70Text,0,1
pacs.009.001.13,/Document/FICdtTrf/GrpHdr/InstdAgt/BrnchId/PstlAdr/UnitNb,UnitNb,Max16Text,0,1
pacs.009.001.13,/Document/FICdtTrf/GrpHdr/InstdAgt/BrnchId/PstlAdr/PstBx,PstBx,Max16Text,0,1
pacs.009.001.13,/Document/FICdtTrf/GrpHdr/InstdAgt/BrnchId/PstlAdr/Room,Room,Max70Text,0,1
pacs.009.001.13,/Document/FICdtTrf/GrpHdr/InstdAgt/BrnchId/PstlAdr/PstCd,PstCd,Max16Text,0,1
pacs.009.001.13,/Document/FICdtTrf/GrpHdr/InstdAgt/BrnchId/PstlAdr/TwnNm,TwnNm,Max140Text,0,1
pacs.009.001.13,/Document/FICdtTrf/GrpHdr/InstdAgt/BrnchId/PstlAdr/TwnLctnNm,TwnLctnNm,Max140Text,0,1
pacs.009.001.13,/Document/FICdtTrf/GrpHdr/InstdAgt/BrnchId/PstlAdr/DstrctNm,DstrctNm,Max140Text,0,1
pacs.009.001.13,/Document/FICdtTrf/GrpHdr/InstdAgt/BrnchId/PstlAdr/CtrySubDvsn,CtrySubDvsn,Max35Text,0,1
pacs.009.001.13,/Document/FICdtTrf/GrpHdr/InstdAgt/BrnchId/PstlAdr/Ctry,Ctry,CountryCode,0,1
pacs.009.001.13,/Document/FICdtTrf/GrpHdr/InstdAgt/BrnchId/PstlAdr/AdrLine,AdrLine,Max70Text,0,7
pacs.009.001.13,/Document/FICdtTrf/CdtTrfTxInf,CdtTrfTxInf,CreditTransferTransaction79,1,
pacs.009.001.13,/Document/FICdtTrf/CdtTrfTxInf/PmtId,PmtId,PaymentIdentification13,1,1
pacs.009.001.13,/Document/FICdtTrf/CdtTrfTxInf/PmtId/InstrId,InstrId,Max35Text,0,1
pacs.009.001.13,/Document/FICdtTrf/CdtTrfTxInf/PmtId/EndToEndId,EndToEndId,Max35Text,1,1
pacs.009.001.13,/Document/FICdtTrf/CdtTrfTxInf/PmtId/TxId,TxId,Max35Text,0,1
pacs.009.001.13,/Document/FICdtTrf/CdtTrfTxInf/PmtId/UETR,UETR,UUIDv4Identifier,0,1
pacs.009.001.13,/Document/FICdtTrf/CdtTrfTxInf/PmtId/ClrSysRef,ClrSysRef,Max35Text,0,1
pacs.009.001.13,/Document/FICdtTrf/CdtTrfTxInf/PmtTpInf,PmtTpInf,PaymentTypeInformation28,0,1
pacs.009.001.13,/Document/FICdtTrf/CdtTrfTxInf/PmtTpInf/InstrPrty,InstrPrty,Priority2Code,0,1
pacs.009.001.13,/Document/FICdtTrf/CdtTrfTxInf/PmtTpInf/ClrChanl,ClrChanl,ClearingChannel2Code,0,1
pacs.009.001.13,/Document/FICdtTrf/CdtTrfTxInf/PmtTpInf/SvcLvl,SvcLvl,ServiceLevel8Choice,0,
pacs.009.001.13,/Document/FICdtTrf/CdtTrfTxInf/PmtTpInf/SvcLvl/Cd,Cd,ExternalServiceLevel1Code,1,1
pacs.009.001.13,/Document/FICdtTrf/CdtTrfTxInf/PmtTpInf/SvcLvl/Prtry,Prtry,Max35Text,1,1
pacs.009.001.13,/Document/FICdtTrf/CdtTrfTxInf/PmtTpInf/LclInstrm,LclInstrm,LocalInstrument2Choice,0,1
pacs.009.001.13,/Document/FICdtTrf/CdtTrfTxInf/PmtTpInf/LclInstrm/Cd,Cd,ExternalLocalInstrument1Code,1,1
pacs.009.001.13,/Document/FICdtTrf/CdtTrfTxInf/PmtTpInf/LclInstrm/Prtry,Prtry,Max35Text,1,1
pacs.009.001.13,/Document/FICdtTrf/CdtTrfTxInf/PmtTpInf/CtgyPurp,CtgyPurp,CategoryPurpose1Choice,0,1
pacs.009.001.13,/Document/FICdtTrf/CdtTrfTxInf/PmtTpInf/CtgyPurp/Cd,Cd,ExternalCategoryPurpose1Code,1,1
pacs.009.001.13,/Document/FICdtTrf/CdtTrfTxInf/PmtTpInf/CtgyPurp/Prtry,Prtry,Max35Text,1,1
pacs.009.001.13,/Document/FICdtTrf/CdtTrfTxInf/IntrBkSttlmAmt,IntrBkSttlmAmt,ActiveCurrencyAndAmount,1,1
pacs.009.001.13,/Document/FICdtTrf/CdtTrfTxInf/IntrBkSttlmDt,IntrBkSttlmDt,ISODate,0,1
pacs.009.001.13,/Document/FICdtTrf/CdtTrfTxInf/SttlmPrty,SttlmPrty,Priority3Code,0,1
pacs.009.001.13,/Document/FICdtTrf/CdtTrfTxInf/SttlmTmIndctn,SttlmTmIndctn,SettlementDateTimeIndication1,0,1
pacs.009.001.13,/Document/FICdtTrf/CdtTrfTxInf/SttlmTmIndctn/DbtDtTm,DbtDtTm,ISODateTime,0,1
pacs.009.001.13,/Document/FICdtTrf/CdtTrfTxInf/SttlmTmIndctn/CdtDtTm,CdtDtTm,ISODateTime,0,1
pacs.009.001.13,/Document/FICdtTrf/CdtTrfTxInf/SttlmTmReq,SttlmTmReq,SettlementTimeRequest2,0,1
pacs.009.001.13,/Document/FICdtTrf/CdtTrfTxInf/SttlmTmReq/CLSTm,CLSTm,ISOTime,0,1
pacs.009.001.13,/Document/FICdtTrf/CdtTrfTxInf/SttlmTmReq/TillTm,TillTm,ISOTime,0,1
pacs.009.001.13,/Document/FICdtTrf/CdtTrfTxInf/SttlmTmReq/FrTm,FrTm,ISOTime,0,1
pacs.009.001.13,/Document/FICdtTrf/CdtTrfTxInf/SttlmTmReq/RjctTm,RjctTm,ISOTime,0,1
pacs.009.001.13,/Document/FICdtTrf/CdtTrfTxInf/XpryDtTm,XpryDtTm,ISODateTime,0,1
pacs.009.001.13,/Document/FICdtTrf/CdtTrfTxInf/PmtSgntr,PmtSgntr,CryptographicKey1Choice,0,1
pacs.009.001.13,/Document/FICdtTrf/CdtTrfTxInf/PmtSgntr/ILPV4,ILPV4,HexBinaryText,1,1
pacs.009.001.13,/Document/FICdtTrf/CdtTrfTxInf/PmtSgntr/Sgntr,Sgntr,SHA256SignatureText,1,1
pacs.009.001.13,/Document/FICdtTrf/CdtTrfTxInf/PrvsInstgAgt1,PrvsInstgAgt1,BranchAndFinancialInstitutionIdentification8,0,1
pacs.009.001.13,/Document/FICdtTrf/CdtTrfTxInf/PrvsInstgAgt1/FinInstnId,FinInstnId,FinancialInstitutionIdentification23,1,1
pacs.009.001.13,/Document/FICdtTrf/CdtTrfTxInf/PrvsInstgAgt1/FinInstnId/BICFI,BICFI,BICFIDec2014Identifier,0,1
pacs.009.001.13,/Document/FICdtTrf/CdtTrfTxInf/PrvsInstgAgt1/FinInstnId/ClrSysMmbId,ClrSysMmbId,ClearingSystemMemberIdentification2,0,1
pacs.009.001.13,/Document/FICdtTrf/CdtTrfTxInf/PrvsInstgAgt1/FinInstnId/ClrSysMmbId/ClrSysId,ClrSysId,ClearingSystemIdentification2Choice,0,1
pacs.009.001.13,/Document/FICdtTrf/CdtTrfTxInf/PrvsInstgAgt1/FinInstnId/ClrSysMmbId/ClrSysId/Cd,Cd,ExternalClearingSystemIdentification1Code,1,1
pacs.009.001.13,/Document/FICdtTrf/CdtTrfTxInf/PrvsInstgAgt1/FinInstnId/ClrSysMmbId/ClrSysId/Prtry,Prtry,Max35Text,1,1
pacs.009.001.13,/Document/FICdtTrf/CdtTrfTxInf/PrvsInstgAgt1/FinInstnId/ClrSysMmbId/MmbId,MmbId,Max35Text,1,1
pacs.009.001.13,/Document/FICdtTrf/CdtTrfTxInf/PrvsInstgAgt1/FinInstnId/LEI,LEI,LEIIdentifier,0,1
pacs.009.001.13,/Document/FICdtTrf/CdtTrfTxInf/PrvsInstgAgt1/FinInstnId/Nm,Nm,Max140Text,0,1
pacs.009.001.13,/Document/FICdtTrf/CdtTrfTxInf/PrvsInstgAgt1/FinInstnId/PstlAdr,PstlAdr,PostalAddress27,0,1
pacs.009.001.13,/Document/FICdtTrf/CdtTrfTxInf/PrvsInstgAgt1/FinInstnId/PstlAdr/AdrTp,AdrTp,AddressType3Choice,0,1
pacs.009.001.13,/Document/FICdtTrf/CdtTrfTxInf/PrvsInstgAgt1/FinInstnId/PstlAdr/AdrTp/Cd,Cd,AddressType2Code,1,1
pacs.009.001.13,/Document/FICdtTrf/CdtTrfTxInf/PrvsInstgAgt1/FinInstnId/PstlAdr/AdrTp/Prtry,Prtry,GenericIdentification30,1,1
pacs.009.001.13,/Document/FICdtTrf/CdtTrfTxInf/PrvsInstgAgt1/FinInstnId/PstlAdr/AdrTp/Prtry/Id,Id,Exact4AlphaNumericText,1,1
pacs.009.001.13,/Document/FICdtTrf/CdtTrfTxInf/PrvsInstgAgt1/FinInstnId/PstlAdr/AdrTp/Prtry/Issr,Issr,Max35Text,1,1
pacs.009.001.13,/Document/FICdtTrf/CdtTrfTxInf/PrvsInstgAgt1/FinInstnId/PstlAdr/AdrTp/Prtry/SchmeNm,SchmeNm,Max35Text,0,1
pacs.009.001.13,/Document/FICdtTrf/CdtTrfTxInf/PrvsInstgAgt1/FinInstnId/PstlAdr/CareOf,CareOf,Max140Text,0,1
pacs.009.001.13,/Document/FICdtTrf/CdtTrfTxInf/PrvsInstgAgt1/FinInstnId/PstlAdr/Dept,Dept,Max70Text,0,1
pacs.009.001.13,/Document/FICdtTrf/CdtTrfTxInf/PrvsInstgAgt1/FinInstnId/PstlAdr/SubDept,SubDept,Max70Text,0,1
pacs.009.001.13,/Document/FICdtTrf/CdtTrfTxInf/PrvsInstgAgt1/FinInstnId/PstlAdr/StrtNm,StrtNm,Max140Text,0,1
pacs.009.001.13,/Document/FICdtTrf/CdtTrfTxInf/PrvsInstgAgt1/FinInstnId/PstlAdr/BldgNb,BldgNb,Max16Text,0,1
pacs.009.001.13,/Document/FICdtTrf/CdtTrfTxInf/PrvsInstgAgt1/FinInstnId/PstlAdr/BldgNm,BldgNm,Max140Text,0,1
pacs.009.001.13,/Document/FICdtTrf/CdtTrfTxInf/PrvsInstgAgt1/FinInstnId/PstlAdr/Flr,Flr,Max70Text,0,1
pacs.009.001.13,/Document/FICdtTrf/CdtTrfTxInf/PrvsInstgAgt1/FinInstnId/PstlAdr/UnitNb,UnitNb,Max16Text,0,1
pacs.009.001.13,/Document/FICdtTrf/CdtTrfTxInf/PrvsInstgAgt1/FinInstnId/PstlAdr/PstBx,PstBx,Max16Text,0,1
pacs.009.001.13,/Document/FICdtTrf/CdtTrfTxInf/PrvsInstgAgt1/FinInstnId/PstlAdr/Room,Room,Max70Text,0,1
pacs.009.001.13,/Document/FICdtTrf/CdtTrfTxInf/PrvsInstgAgt1/FinInstnId/PstlAdr/PstCd,PstCd,Max16Text,0,1
pacs.009.001.13,/Document/FICdtTrf/CdtTrfTxInf/PrvsInstgAgt1/FinInstnId/PstlAdr/TwnNm,TwnNm,Max140Text,0,1
pacs.009.001.13,/Document/FICdtTrf/CdtTrfTxInf/PrvsInstgAgt1/FinInstnId/PstlAdr/TwnLctnNm,TwnLctnNm,Max140Text,0,1
pacs.009.001.13,/Document/FICdtTrf/CdtTrfTxInf/PrvsInstgAgt1/FinInstnId/PstlAdr/DstrctNm,DstrctNm,Max140Text,0,1
pacs.009.001.13,/Document/FICdtTrf/CdtTrfTxInf/PrvsInstgAgt1/FinInstnId/PstlAdr/CtrySubDvsn,CtrySubDvsn,Max35Text,0,1
pacs.009.001.13,/Document/FICdtTrf/CdtTrfTxInf/PrvsInstgAgt1/FinInstnId/PstlAdr/Ctry,Ctry,CountryCode,0,1
pacs.009.001.13,/Document/FICdtTrf/CdtTrfTxInf/PrvsInstgAgt1/FinInstnId/PstlAdr/AdrLine,AdrLine,Max70Text,0,7
pacs.009.001.13,/Document/FICdtTrf/CdtTrfTxInf/PrvsInstgAgt1/FinInstnId/Othr,Othr,GenericFinancialIdentification1,0,1
pacs.009.001.13,/Document/FICdtTrf/CdtTrfTxInf/PrvsInstgAgt1/FinInstnId/Othr/Id,Id,Max35Text,1,1
pacs.009.001.13,/Document/FICdtTrf/CdtTrfTxInf/PrvsInstgAgt1/FinInstnId/Othr/SchmeNm,SchmeNm,FinancialIdentificationSchemeName1Choice,0,1
pacs.009.001.13,/Document/FICdtTrf/CdtTrfTxInf/PrvsInstgAgt1/FinInstnId/Othr/SchmeNm/Cd,Cd,ExternalFinancialInstitutionIdentification1Code,1,1
pacs.009.001.13,/Document/FICdtTrf/CdtTrfTxInf/PrvsInstgAgt1/FinInstnId/Othr/SchmeNm/Prtry,Prtry,Max35Text,1,1
pacs.009.001.13,/Document/FICdtTrf/CdtTrfTxInf/PrvsInstgAgt1/FinInstnId/Othr/Issr,Issr,Max35Text,0,1
pacs.009.001.13,/Document/FICdtTrf/CdtTrfTxInf/PrvsInstgAgt1/BrnchId,BrnchId,BranchData5,0,1
pacs.009.001.13,/Document/FICdtTrf/CdtTrfTxInf/PrvsInstgAgt1/BrnchId/Id,Id,Max35Text,0,1
pacs.009.001.13,/Document/FICdtTrf/CdtTrfTxInf/PrvsInstgAgt1/BrnchId/LEI,LEI,LEIIdentifier,0,1
pacs.009.001.13,/Document/FICdtTrf/CdtTrfTxInf/PrvsInstgAgt1/BrnchId/Nm,Nm,Max140Text,0,1
pacs.009.001.13,/Document/FICdtTrf/CdtTrfTxInf/PrvsInstgAgt1/BrnchId/PstlAdr,PstlAdr,PostalAddress27,0,1
pacs.009.001.13,/Document/FICdtTrf/CdtTrfTxInf/PrvsInstgAgt1/BrnchId/PstlAdr/AdrTp,AdrTp,AddressType3Choice,0,1
pacs.009.001.13,/Document/FICdtTrf/CdtTrfTxInf/PrvsInstgAgt1/BrnchId/PstlAdr/AdrTp/Cd,Cd,AddressType2Code,1,1
pacs.009.001.13,/Document/FICdtTrf/CdtTrfTxInf/PrvsInstgAgt1/BrnchId/PstlAdr/AdrTp/Prtry,Prtry,GenericIdentification30,1,1
pacs.009.001.13,/Document/FICdtTrf/CdtTrfTxInf/PrvsInstgAgt1/BrnchId/PstlAdr/AdrTp/Prtry/Id,Id,Exact4AlphaNumericText,1,1
pacs.009.001.13,/Document/FICdtTrf/CdtTrfTxInf/PrvsInstgAgt1/BrnchId/PstlAdr/AdrTp/Prtry/Issr,Issr,Max35Text,1,1
pacs.009.001.13,/Document/FICdtTrf/CdtTrfTxInf/PrvsInstgAgt1/BrnchId/PstlAdr/AdrTp/Prtry/SchmeNm,SchmeNm,Max35Text,0,1
pacs.009.001.13,/Document/FICdtTrf/CdtTrfTxInf/PrvsInstgAgt1/BrnchId/PstlAdr/CareOf,CareOf,Max140Text,0,1
pacs.009.001.13,/Document/FICdtTrf/CdtTrfTxInf/PrvsInstgAgt1/BrnchId/PstlAdr/Dept,Dept,Max70Text,0,1
pacs.009.001.13,/Document/FICdtTrf/CdtTrfTxInf/PrvsInstgAgt1/BrnchId/PstlAdr/SubDept,SubDept,Max70Text,0,1
pacs.009.001.13,/Document/FICdtTrf/CdtTrfTxInf/PrvsInstgAgt1/BrnchId/PstlAdr/StrtNm,StrtNm,Max140Text,0,1
pacs.009.001.13,/Document/FICdtTrf/CdtTrfTxInf/PrvsInstgAgt1/BrnchId/PstlAdr/BldgNb,BldgNb,Max16Text,0,1
pacs.009.001.13,/Document/FICdtTrf/CdtTrfTxInf/PrvsInstgAgt1/BrnchId/PstlAdr/BldgNm,BldgNm,Max140Text,0,1
pacs.009.001.13,/Document/FICdtTrf/CdtTrfTxInf/PrvsInstgAgt1/BrnchId/PstlAdr/Flr,Flr,Max70Text,0,1
pacs.009.001.13,/Document/FICdtTrf/CdtTrfTxInf/PrvsInstgAgt1/BrnchId/PstlAdr/UnitNb,UnitNb,Max16Text,0,1
pacs.009.001.13,/Document/FICdtTrf/CdtTrfTxInf/PrvsInstgAgt1/BrnchId/PstlAdr/PstBx,PstBx,Max16Text,0,1
pacs.009.001.13,/Document/FICdtTrf/CdtTrfTxInf/PrvsInstgAgt1/BrnchId/PstlAdr/Room,Room,Max70Text,0,1
pacs.009.001.13,/Document/FICdtTrf/CdtTrfTxInf/PrvsInstgAgt1/BrnchId/PstlAdr/PstCd,PstCd,Max16Text,0,1
pacs.009.001.13,/Document/FICdtTrf/CdtTrfTxInf/PrvsInstgAgt1/BrnchId/PstlAdr/TwnNm,TwnNm,Max140Text,0,1
pacs.009.001.13,/Document/FICdtTrf/CdtTrfTxInf/PrvsInstgAgt1/BrnchId/PstlAdr/TwnLctnNm,TwnLctnNm,Max140Text,0,1
pacs.009.001.13,/Document/FICdtTrf/CdtTrfTxInf/PrvsInstgAgt1/BrnchId/PstlAdr/DstrctNm,DstrctNm,Max140Text,0,1
pacs.009.001.13,/Document/FICdtTrf/CdtTrfTxInf/PrvsInstgAgt1/BrnchId/PstlAdr/CtrySubDvsn,CtrySubDvsn,Max35Text,0,1
pacs.009.001.13,/Document/FICdtTrf/CdtTrfTxInf/PrvsInstgAgt1/BrnchId/PstlAdr/Ctry,Ctry,CountryCode,0,1
pacs.009.001.13,/Document/FICdtTrf/CdtTrfTxInf/PrvsInstgAgt1/BrnchId/PstlAdr/AdrLine,AdrLine,Max70Text,0,7
pacs.009.001.13,/Document/FICdtTrf/CdtTrfTxInf/PrvsInstgAgt1Acct,PrvsInstgAgt1Acct,CashAccount40,0,1
pacs.009.001.13,/Document/FICdtTrf/CdtTrfTxInf/PrvsInstgAgt1Acct/Id,Id,AccountIdentification4Choice,0,1
pacs.009.001.13,/Document/FICdtTrf/CdtTrfTxInf/PrvsInstgAgt1Acct/Id/IBAN,IBAN,IBAN2007Identifier,1,1
pacs.009.001.13,/Document/FICdtTrf/CdtTrfTxInf/PrvsInstgAgt1Acct/Id/Othr,Othr,GenericAccountIdentification1,1,1
pacs.009.001.13,/Document/FICdtTrf/CdtTrfTxInf/PrvsInstgAgt1Acct/Id/Othr/Id,Id,Max34Text,1,1
pacs.009.001.13,/Document/FICdtTrf/CdtTrfTxInf/PrvsInstgAgt1Acct/Id/Othr/SchmeNm,SchmeNm,AccountSchemeName1Choice,0,1
pacs.009.001.13,/Document/FICdtTrf/CdtTrfTxInf/PrvsInstgAgt1Acct/Id/Othr/SchmeNm/Cd,Cd,ExternalAccountIdentification1Code,1,1
pacs.009.001.13,/Document/FICdtTrf/CdtTrfTxInf/PrvsInstgAgt1Acct/Id/Othr/SchmeNm/Prtry,Prtry,Max35Text,1,1
pacs.009.001.13,/Document/FICdtTrf/CdtTrfTxInf/PrvsInstgAgt1Acct/Id/Othr/Issr,Issr,Max35Text,0,1
pacs.009.001.13,/Document/FICdtTrf/CdtTrfTxInf/PrvsInstgAgt1Acct/Tp,Tp,CashAccountType2Choice,0,1
pacs.009.001.13,/Document/FICdtTrf/CdtTrfTxInf/PrvsInstgAgt1Acct/Tp/Cd,Cd,ExternalCashAccountType1Code,1,1
pacs.009.001.13,/Document/FICdtTrf/CdtTrfTxInf/PrvsInstgAgt1Acct/Tp/Prtry,Prtry,Max35Text,1,1
pacs.009.001.13,/Document/FICdtTrf/CdtTrfTxInf/PrvsInstgAgt1Acct/Ccy,Ccy,ActiveOrHistoricCurrencyCode,0,1
pacs.009.001.13,/Document/FICdtTrf/CdtTrfTxInf/PrvsInstgAgt1Acct/Nm,Nm,Max70Text,0,1
pacs.009.001.13,/Document/FICdtTrf/CdtTrfTxInf/PrvsInstgAgt1Acct/Prxy,Prxy,ProxyAccountIdentification1,0,1
pacs.009.001.13,/Document/FICdtTrf/CdtTrfTxInf/PrvsInstgAgt1Acct/Prxy/Tp,Tp,ProxyAccountType1Choice,0,1
pacs.009.001.13,/Document/FICdtTrf/CdtTrfTxInf/PrvsInstgAgt1Acct/Prxy/Tp/Cd,Cd,ExternalProxyAccountType1Code,1,1
pacs.009.001.13,/Document/FICdtTrf/CdtTrfTxInf/PrvsInstgAgt1Acct/Prxy/Tp/Prtry,Prtry,Max35Text,1,1
pacs.009.001.13,/Document/FICdtTrf/CdtTrfTxInf/PrvsInstgAgt1Acct/Prxy/Id,Id,Max2048Text,1,1
pacs.009.001.13,/Document/FICdtTrf/CdtTrfTxInf/PrvsInstgAgt2,PrvsInstgAgt2,BranchAndFinancialInstitutionIdentification8,0,1
pacs.009.001.13,/Document/FICdtTrf/CdtTrfTxInf/PrvsInstgAgt2/FinInstnId,FinInstnId,FinancialInstitutionIdentification23,1,1
pacs.009.001.13,/Document/FICdtTrf/CdtTrfTxInf/PrvsInstgAgt2/FinInstnId/BICFI,BICFI,BICFIDec2014Identifier,0,1
pacs.009.001.13,/Document/FICdtTrf/CdtTrfTxInf/PrvsInstgAgt2/FinInstnId/ClrSysMmbId,ClrSysMmbId,ClearingSystemMemberIdentification2,0,1
pacs.009.001.13,/Document/FICdtTrf/CdtTrfTxInf/PrvsInstgAgt2/FinInstnId/ClrSysMmbId/ClrSysId,ClrSysId,ClearingSystemIdentification2Choice,0,1
pacs.009.001.13,/Document/FICdtTrf/CdtTrfTxInf/PrvsInstgAgt2/FinInstnId/ClrSysMmbId/ClrSysId/Cd,Cd,ExternalClearingSystemIdentification1Code,1,1
pacs.009.001.13,/Document/FICdtTrf/CdtTrfTxInf/PrvsInstgAgt2/FinInstnId/ClrSysMmbId/ClrSysId/Prtry,Prtry,Max35Text,1,1
pacs.009.001.13,/Document/FICdtTrf/CdtTrfTxInf/PrvsInstgAgt2/FinInstnId/ClrSysMmbId/MmbId,MmbId,Max35Text,1,1
pacs.009.001.13,/Document/FICdtTrf/CdtTrfTxInf/PrvsInstgAgt2/FinInstnId/LEI,LEI,LEIIdentifier,0,1
pacs.009.001.13,/Document/FICdtTrf/CdtTrfTxInf/PrvsInstgAgt2/FinInstnId/Nm,Nm,Max140Text,0,1
pacs.009.001.13,/Document/FICdtTrf/CdtTrfTxInf/PrvsInstgAgt2/FinInstnId/PstlAdr,PstlAdr,PostalAddress27,0,1
pacs.009.001.13,/Document/FICdtTrf/CdtTrfTxInf/PrvsInstgAgt2/FinInstnId/PstlAdr/AdrTp,AdrTp,AddressType3Choice,0,1
pacs.009.001.13,/Document/FICdtTrf/CdtTrfTxInf/PrvsInstgAgt2/FinInstnId/PstlAdr/AdrTp/Cd,Cd,AddressType2Code,1,1
pacs.009.001.13,/Document/FICdtTrf/CdtTrfTxInf/PrvsInstgAgt2/FinInstnId/PstlAdr/AdrTp/Prtry,Prtry,GenericIdentification30,1,1
pacs.009.001.13,/Document/FICdtTrf/CdtTrfTxInf/PrvsInstgAgt2/FinInstnId/PstlAdr/AdrTp/Prtry/Id,Id,Exact4AlphaNumericText,1,1
pacs.009.001.13,/Document/FICdtTrf/CdtTrfTxInf/PrvsInstgAgt2/FinInstnId/PstlAdr/AdrTp/Prtry/Issr,Issr,Max35Text,1,1
pacs.009.001.13,/Document/FICdtTrf/CdtTrfTxInf/PrvsInstgAgt2/FinInstnId/PstlAdr/AdrTp/Prtry/SchmeNm,SchmeNm,Max35Text,0,1
pacs.009.001.13,/Document/FICdtTrf/CdtTrfTxInf/PrvsInstgAgt2/FinInstnId/PstlAdr/CareOf,CareOf,Max140Text,0,1
pacs.009.001.13,/Document/FICdtTrf/CdtTrfTxInf/PrvsInstgAgt2/FinInstnId/PstlAdr/Dept,Dept,Max70Text,0,1
pacs.009.001.13,/Document/FICdtTrf/CdtTrfTxInf/PrvsInstgAgt2/FinInstnId/PstlAdr/SubDept,SubDept,Max70Text,0,1
pacs.009.001.13,/Document/FICdtTrf/CdtTrfTxInf/PrvsInstgAgt2/FinInstnId/PstlAdr/StrtNm,StrtNm,Max140Text,0,1
pacs.009.001.13,/Document/FICdtTrf/CdtTrfTxInf/PrvsInstgAgt2/FinInstnId/PstlAdr/BldgNb,BldgNb,Max16Text,0,1
pacs.009.001.13,/Document/FICdtTrf/CdtTrfTxInf/PrvsInstgAgt2/FinInstnId/PstlAdr/BldgNm,BldgNm,Max140Text,0,1
pacs.009.001.13,/Document/FICdtTrf/CdtTrfTxInf/PrvsInstgAgt2/FinInstnId/PstlAdr/Flr,Flr,Max70Text,0,1
pacs.009.001.13,/Document/FICdtTrf/CdtTrfTxInf/PrvsInstgAgt2/FinInstnId/PstlAdr/UnitNb,UnitNb,Max16Text,0,1
pacs.009.001.13,/Document/FICdtTrf/CdtTrfTxInf/PrvsInstgAgt2/FinInstnId/PstlAdr/PstBx,PstBx,Max16Text,0,1
pacs.009.001.13,/Document/FICdtTrf/CdtTrfTxInf/PrvsInstgAgt2/FinInstnId/PstlAdr/Room,Room,Max70Text,0,1
pacs.009.001.13,/Document/FICdtTrf/CdtTrfTxInf/PrvsInstgAgt2/FinInstnId/PstlAdr/PstCd,PstCd,Max16Text,0,1
pacs.009.001.13,/Document/FICdtTrf/CdtTrfTxInf/PrvsInstgAgt2/FinInstnId/PstlAdr/TwnNm,TwnNm,Max140Text,0,1
pacs.009.001.13,/Document/FICdtTrf/CdtTrfTxInf/PrvsInstgAgt2/FinInstnId/PstlAdr/TwnLctnNm,TwnLctnNm,Max140Text,0,1
pacs.009.001.13,/Document/FICdtTrf/CdtTrfTxInf/PrvsInstgAgt2/FinInstnId/PstlAdr/DstrctNm,DstrctNm,Max140Text,0,1
pacs.009.001.13,/Document/FICdtTrf/CdtTrfTxInf/PrvsInstgAgt2/FinInstnId/PstlAdr/CtrySubDvsn,CtrySubDvsn,Max35Text,0,1
pacs.009.001.13,/Document/FICdtTrf/CdtTrfTxInf/PrvsInstgAgt2/FinInstnId/PstlAdr/Ctry,Ctry,CountryCode,0,1
pacs.009.001.13,/Document/FICdtTrf/CdtTrfTxInf/PrvsInstgAgt2/FinInstnId/PstlAdr/AdrLine,AdrLine,Max70Text,0,7
pacs.009.001.13,/Document/FICdtTrf/CdtTrfTxInf/PrvsInstgAgt2/FinInstnId/Othr,Othr,GenericFinancialIdentification1,0,1
pacs.009.001.13,/Document/FICdtTrf/CdtTrfTxInf/PrvsInstgAgt2/FinInstnId/Othr/Id,Id,Max35Text,1,1
pacs.009.001.13,/Document/FICdtTrf/CdtTrfTxInf/PrvsInstgAgt2/FinInstnId/Othr/SchmeNm,SchmeNm,FinancialIdentificationSchemeName1Choice,0,1
pacs.009.001.13,/Document/FICdtTrf/CdtTrfTxInf/PrvsInstgAgt2/FinInstnId/Othr/SchmeNm/Cd,Cd,ExternalFinancialInstitutionIdentification1Code,1,1
pacs.009.001.13,/Document/FICdtTrf/CdtTrfTxInf/PrvsInstgAgt2/FinInstnId/Othr/SchmeNm/Prtry,Prtry,Max35Text,1,1
pacs.009.001.13,/Document/FICdtTrf/CdtTrfTxInf/PrvsInstgAgt2/FinInstnId/Othr/Issr,Issr,Max35Text,0,1
pacs.009.001.13,/Document/FICdtTrf/CdtTrfTxInf/PrvsInstgAgt2/BrnchId,BrnchId,BranchData5,0,1
pacs.009.001.13,/Document/FICdtTrf/CdtTrfTxInf/PrvsInstgAgt2/BrnchId/Id,Id,Max35Text,0,1
pacs.009.001.13,/Document/FICdtTrf/CdtTrfTxInf/PrvsInstgAgt2/BrnchId/LEI,LEI,LEIIdentifier,0,1
pacs.009.001.13,/Document/FICdtTrf/CdtTrfTxInf/PrvsInstgAgt2/BrnchId/Nm,Nm,Max140Text,0,1
pacs.009.001.13,/Document/FICdtTrf/CdtTrfTxInf/PrvsInstgAgt2/BrnchId/PstlAdr,PstlAdr,PostalAddress27,0,1
pacs.009.001.13,/Document/FICdtTrf/CdtTrfTxInf/PrvsInstgAgt2/BrnchId/PstlAdr/AdrTp,AdrTp,AddressType3Choice,0,1
pacs.009.001.13,/Document/FICdtTrf/CdtTrfTxInf/PrvsInstgAgt2/BrnchId/PstlAdr/AdrTp/Cd,Cd,AddressType2Code,1,1
pacs.009.001.13,/Document/FICdtTrf/CdtTrfTxInf/PrvsInstgAgt2/BrnchId/PstlAdr/AdrTp/Prtry,Prtry,GenericIdentification30,1,1
pacs.009.001.13,/Document/FICdtTrf/CdtTrfTxInf/PrvsInstgAgt2/BrnchId/PstlAdr/AdrTp/Prtry/Id,Id,Exact4AlphaNumericText,1,1
pacs.009.001.13,/Document/FICdtTrf/CdtTrfTxInf/PrvsInstgAgt2/BrnchId/PstlAdr/AdrTp/Prtry/Issr,Issr,Max35Text,1,1
pacs.009.001.13,/Document/FICdtTrf/CdtTrfTxInf/PrvsInstgAgt2/BrnchId/PstlAdr/AdrTp/Prtry/SchmeNm,SchmeNm,Max35Text,0,1
pacs.009.001.13,/Document/FICdtTrf/CdtTrfTxInf/PrvsInstgAgt2/BrnchId/PstlAdr/CareOf,CareOf,Max140Text,0,1
pacs.009.001.13,/Document/FICdtTrf/CdtTrfTxInf/PrvsInstgAgt2/BrnchId/PstlAdr/Dept,Dept,Max70Text,0,1
pacs.009.001.13,/Document/FICdtTrf/CdtTrfTxInf/PrvsInstgAgt2/BrnchId/PstlAdr/SubDept,SubDept,Max70Text,0,1
pacs.009.001.13,/Document/FICdtTrf/CdtTrfTxInf/PrvsInstgAgt2/BrnchId/PstlAdr/StrtNm,StrtNm,Max140Text,0,1
pacs.009.001.13,/Document/FICdtTrf/CdtTrfTxInf/PrvsInstgAgt2/BrnchId/PstlAdr/BldgNb,BldgNb,Max16Text,0,1
pacs.009.001.13,/Document/FICdtTrf/CdtTrfTxInf/PrvsInstgAgt2/BrnchId/PstlAdr/BldgNm,BldgNm,Max140Text,0,1
pacs.009.001.13,/Document/FICdtTrf/CdtTrfTxInf/PrvsInstgAgt2/BrnchId/PstlAdr/Flr,Flr,Max70Text,0,1
pacs.009.001.13,/Document/FICdtTrf/CdtTrfTxInf/PrvsInstgAgt2/BrnchId/PstlAdr/UnitNb,UnitNb,Max16Text,0,1
pacs.009.001.13,/Document/FICdtTrf/CdtTrfTxInf/PrvsInstgAgt2/BrnchId/PstlAdr/PstBx,PstBx,Max16Text,0,1
pacs.009.001.13,/Document/FICdtTrf/CdtTrfTxInf/PrvsInstgAgt2/BrnchId/PstlAdr/Room,Room,Max70Text,0,1
pacs.009.001.13,/Document/FICdtTrf/CdtTrfTxInf/PrvsInstgAgt2/BrnchId/PstlAdr/PstCd,PstCd,Max16Text,0,1
pacs.009.001.13,/Document/FICdtTrf/CdtTrfTxInf/PrvsInstgAgt2/BrnchId/PstlAdr/TwnNm,TwnNm,Max140Text,0,1
pacs.009.001.13,/Document/FICdtTrf/CdtTrfTxInf/PrvsInstgAgt2/BrnchId/PstlAdr/TwnLctnNm,TwnLctnNm,Max140Text,0,1
pacs.009.001.13,/Document/FICdtTrf/CdtTrfTxInf/PrvsInstgAgt2/BrnchId/PstlAdr/DstrctNm,DstrctNm,Max140Text,0,1
pacs.009.001.13,/Document/FICdtTrf/CdtTrfTxInf/PrvsInstgAgt2/BrnchId/PstlAdr/CtrySubDvsn,CtrySubDvsn,Max35Text,0,1
pacs.009.001.13,/Document/FICdtTrf/CdtTrfTxInf/PrvsInstgAgt2/BrnchId/PstlAdr/Ctry,Ctry,CountryCode,0,1
pacs.009.001.13,/Document/FICdtTrf/CdtTrfTxInf/PrvsInstgAgt2/BrnchId/PstlAdr/AdrLine,AdrLine,Max70Text,0,7
pacs.009.001.13,/Document/FICdtTrf/CdtTrfTxInf/PrvsInstgAgt2Acct,PrvsInstgAgt2Acct,CashAccount40,0,1
pacs.009.001.13,/Document/FICdtTrf/CdtTrfTxInf/PrvsInstgAgt2Acct/Id,Id,AccountIdentification4Choice,0,1
pacs.009.001.13,/Document/FICdtTrf/CdtTrfTxInf/PrvsInstgAgt2Acct/Id/IBAN,IBAN,IBAN2007Identifier,1,1
pacs.009.001.13,/Document/FICdtTrf/CdtTrfTxInf/PrvsInstgAgt2Acct/Id/Othr,Othr,GenericAccountIdentification1,1,1
pacs.009.001.13,/Document/FICdtTrf/CdtTrfTxInf/PrvsInstgAgt2Acct/Id/Othr/Id,Id,Max34Text,1,1
pacs.009.001.13,/Document/FICdtTrf/CdtTrfTxInf/PrvsInstgAgt2Acct/Id/Othr/SchmeNm,SchmeNm,AccountSchemeName1Choice,0,1
pacs.009.001.13,/Document/FICdtTrf/CdtTrfTxInf/PrvsInstgAgt2Acct/Id/Othr/SchmeNm/Cd,Cd,ExternalAccountIdentification1Code,1,1
pacs.009.001.13,/Document/FICdtTrf/CdtTrfTxInf/PrvsInstgAgt2Acct/Id/Othr/SchmeNm/Prtry,Prtry,Max35Text,1,1
pacs.009.001.13,/Document/FICdtTrf/CdtTrfTxInf/PrvsInstgAgt2Acct/Id/Othr/Issr,Issr,Max35Text,0,1
pacs.009.001.13,/Document/FICdtTrf/CdtTrfTxInf/PrvsInstgAgt2Acct/Tp,Tp,CashAccountType2Choice,0,1
pacs.009.001.13,/Document/FICdtTrf/CdtTrfTxInf/PrvsInstgAgt2Acct/Tp/Cd,Cd,ExternalCashAccountType1Code,1,1
pacs.009.001.13,/Document/FICdtTrf/CdtTrfTxInf/PrvsInstgAgt2Acct/Tp/Prtry,Prtry,Max35Text,1,1
pacs.009.001.13,/Document/FICdtTrf/CdtTrfTxInf/PrvsInstgAgt2Acct/Ccy,Ccy,ActiveOrHistoricCurrencyCode,0,1
pacs.009.001.13,/Document/FICdtTrf/CdtTrfTxInf/PrvsInstgAgt2Acct/Nm,Nm,Max70Text,0,1
pacs.009.001.13,/Document/FICdtTrf/CdtTrfTxInf/PrvsInstgAgt2Acct/Prxy,Prxy,ProxyAccountIdentification1,0,1
pacs.009.001.13,/Document/FICdtTrf/CdtTrfTxInf/PrvsInstgAgt2Acct/Prxy/Tp,Tp,ProxyAccountType1Choice,0,1
pacs.009.001.13,/Document/FICdtTrf/CdtTrfTxInf/PrvsInstgAgt2Acct/Prxy/Tp/Cd,Cd,ExternalProxyAccountType1Code,1,1
pacs.009.001.13,/Document/FICdtTrf/CdtTrfTxInf/PrvsInstgAgt2Acct/Prxy/Tp/Prtry,Prtry,Max35Text,1,1
pacs.009.001.13,/Document/FICdtTrf/CdtTrfTxInf/PrvsInstgAgt2Acct/Prxy/Id,Id,Max2048Text,1,1
pacs.009.001.13,/Document/FICdtTrf/CdtTrfTxInf/PrvsInstgAgt3,PrvsInstgAgt3,BranchAndFinancialInstitutionIdentification8,0,1
pacs.009.001.13,/Document/FICdtTrf/CdtTrfTxInf/PrvsInstgAgt3/FinInstnId,FinInstnId,FinancialInstitutionIdentification23,1,1
pacs.009.001.13,/Document/FICdtTrf/CdtTrfTxInf/PrvsInstgAgt3/FinInstnId/BICFI,BICFI,BICFIDec2014Identifier,0,1
pacs.009.001.13,/Document/FICdtTrf/CdtTrfTxInf/PrvsInstgAgt3/FinInstnId/ClrSysMmbId,ClrSysMmbId,ClearingSystemMemberIdentification2,0,1
pacs.009.001.13,/Document/FICdtTrf/CdtTrfTxInf/PrvsInstgAgt3/FinInstnId/ClrSysMmbId/ClrSysId,ClrSysId,ClearingSystemIdentification2Choice,0,1
pacs.009.001.13,/Document/FICdtTrf/CdtTrfTxInf/PrvsInstgAgt3/FinInstnId/ClrSysMmbId/ClrSysId/Cd,Cd,ExternalClearingSystemIdentification1Code,1,1
pacs.009.001.13,/Document/FICdtTrf/CdtTrfTxInf/PrvsInstgAgt3/FinInstnId/ClrSysMmbId/ClrSysId/Prtry,Prtry,Max35Text,1,1
pacs.009.001.13,/Document/FICdtTrf/CdtTrfTxInf/PrvsInstgAgt3/FinInstnId/ClrSysMmbId/MmbId,MmbId,Max35Text,1,1
pacs.009.001.13,/Document/FICdtTrf/CdtTrfTxInf/PrvsInstgAgt3/FinInstnId/LEI,LEI,LEIIdentifier,0,1
pacs.009.001.13,/Document/FICdtTrf/CdtTrfTxInf/PrvsInstgAgt3/FinInstnId/Nm,Nm,Max140Text,0,1
pacs.009.001.13,/Document/FICdtTrf/CdtTrfTxInf/PrvsInstgAgt3/FinInstnId/PstlAdr,PstlAdr,PostalAddress27,0,1
pacs.009.001.13,/Document/FICdtTrf/CdtTrfTxInf/PrvsInstgAgt3/FinInstnId/PstlAdr/AdrTp,AdrTp,AddressType3Choice,0,1
pacs.009.001.13,/Document/FICdtTrf/CdtTrfTxInf/PrvsInstgAgt3/FinInstnId/PstlAdr/AdrTp/Cd,Cd,AddressType2Code,1,1
pacs.009.001.13,/Document/FICdtTrf/CdtTrfTxInf/PrvsInstgAgt3/FinInstnId/PstlAdr/AdrTp/Prtry,Prtry,GenericIdentification30,1,1
pacs.009.001.13,/Document/FICdtTrf/CdtTrfTxInf/PrvsInstgAgt3/FinInstnId/PstlAdr/AdrTp/Prtry/Id,Id,Exact4AlphaNumericText,1,1
pacs.009.001.13,/Document/FICdtTrf/CdtTrfTxInf/PrvsInstgAgt3/FinInstnId/PstlAdr/AdrTp/Prtry/Issr,Issr,Max35Text,1,1
pacs.009.001.13,/Document/FICdtTrf/CdtTrfTxInf/PrvsInstgAgt3/FinInstnId/PstlAdr/AdrTp/Prtry/SchmeNm,SchmeNm,Max35Text,0,1
pacs.009.001.13,/Document/FICdtTrf/CdtTrfTxInf/PrvsInstgAgt3/FinInstnId/PstlAdr/CareOf,CareOf,Max140Text,0,1
pacs.009.001.13,/Document/FICdtTrf/CdtTrfTxInf/PrvsInstgAgt3/FinInstnId/PstlAdr/Dept,Dept,Max70Text,0,1
pacs.009.001.13,/Document/FICdtTrf/CdtTrfTxInf/PrvsInstgAgt3/FinInstnId/PstlAdr/SubDept,SubDept,Max70Text,0,1
pacs.009.001.13,/Document/FICdtTrf/CdtTrfTxInf/PrvsInstgAgt3/FinInstnId/PstlAdr/StrtNm,StrtNm,Max140Text,0,1
pacs.009.001.13,/Document/FICdtTrf/CdtTrfTxInf/PrvsInstgAgt3/FinInstnId/PstlAdr/BldgNb,BldgNb,Max16Text,0,1
pacs.009.001.13,/Document/FICdtTrf/CdtTrfTxInf/PrvsInstgAgt3/FinInstnId/PstlAdr/BldgNm,BldgNm,Max140Text,0,1
pacs.009.001.13,/Document/FICdtTrf/CdtTrfTxInf/PrvsInstgAgt3/FinInstnId/PstlAdr/Flr,Flr,Max70Text,0,1
pacs.009.001.13,/Document/FICdtTrf/CdtTrfTxInf/PrvsInstgAgt3/FinInstnId/PstlAdr/UnitNb,UnitNb,Max16Text,0,1
pacs.009.001.13,/Document/FICdtTrf/CdtTrfTxInf/PrvsInstgAgt3/FinInstnId/PstlAdr/PstBx,PstBx,Max16Text,0,1
pacs.009.001.13,/Document/FICdtTrf/CdtTrfTxInf/PrvsInstgAgt3/FinInstnId/PstlAdr/Room,Room,Max70Text,0,1
pacs.009.001.13,/Document/FICdtTrf/CdtTrfTxInf/PrvsInstgAgt3/FinInstnId/PstlAdr/PstCd,PstCd,Max16Text,0,1
pacs.009.001.13,/Document/FICdtTrf/CdtTrfTxInf/PrvsInstgAgt3/FinInstnId/PstlAdr/TwnNm,TwnNm,Max140Text,0,1
pacs.009.001.13,/Document/FICdtTrf/CdtTrfTxInf/PrvsInstgAgt3/FinInstnId/PstlAdr/TwnLctnNm,TwnLctnNm,Max140Text,0,1
pacs.009.001.13,/Document/FICdtTrf/CdtTrfTxInf/PrvsInstgAgt3/FinInstnId/PstlAdr/DstrctNm,DstrctNm,Max140Text,0,1
pacs.009.001.13,/Document/FICdtTrf/CdtTrfTxInf/PrvsInstgAgt3/FinInstnId/PstlAdr/CtrySubDvsn,CtrySubDvsn,Max35Text,0,1
pacs.009.001.13,/Document/FICdtTrf/CdtTrfTxInf/PrvsInstgAgt3/FinInstnId/PstlAdr/Ctry,Ctry,CountryCode,0,1
pacs.009.001.13,/Document/FICdtTrf/CdtTrfTxInf/PrvsInstgAgt3/FinInstnId/PstlAdr/AdrLine,AdrLine,Max70Text,0,7
pacs.009.001.13,/Document/FICdtTrf/CdtTrfTxInf/PrvsInstgAgt3/FinInstnId/Othr,Othr,GenericFinancialIdentification1,0,1
pacs.009.001.13,/Document/FICdtTrf/CdtTrfTxInf/PrvsInstgAgt3/FinInstnId/Othr/Id,Id,Max35Text,1,1
pacs.009.001.13,/Document/FICdtTrf/CdtTrfTxInf/PrvsInstgAgt3/FinInstnId/Othr/SchmeNm,SchmeNm,FinancialIdentificationSchemeName1Choice,0,1
pacs.009.001.13,/Document/FICdtTrf/CdtTrfTxInf/PrvsInstgAgt3/FinInstnId/Othr/SchmeNm/Cd,Cd,ExternalFinancialInstitutionIdentification1Code,1,1
pacs.009.001.13,/Document/FICdtTrf/CdtTrfTxInf/PrvsInstgAgt3/FinInstnId/Othr/SchmeNm/Prtry,Prtry,Max35Text,1,1
pacs.009.001.13,/Document/FICdtTrf/CdtTrfTxInf/PrvsInstgAgt3/FinInstnId/Othr/Issr,Issr,Max35Text,0,1
pacs.009.001.13,/Document/FICdtTrf/CdtTrfTxInf/PrvsInstgAgt3/BrnchId,BrnchId,BranchData5,0,1
pacs.009.001.13,/Document/FICdtTrf/CdtTrfTxInf/PrvsInstgAgt3/BrnchId/Id,Id,Max35Text,0,1
pacs.009.001.13,/Document/FICdtTrf/CdtTrfTxInf/PrvsInstgAgt3/BrnchId/LEI,LEI,LEIIdentifier,0,1
pacs.009.001.13,/Document/FICdtTrf/CdtTrfTxInf/PrvsInstgAgt3/BrnchId/Nm,Nm,Max140Text,0,1
pacs.009.001.13,/Document/FICdtTrf/CdtTrfTxInf/PrvsInstgAgt3/BrnchId/PstlAdr,PstlAdr,PostalAddress27,0,1
pacs.009.001.13,/Document/FICdtTrf/CdtTrfTxInf/PrvsInstgAgt3/BrnchId/PstlAdr/AdrTp,AdrTp,AddressType3Choice,0,1
pacs.009.001.13,/Document/FICdtTrf/CdtTrfTxInf/PrvsInstgAgt3/BrnchId/PstlAdr/AdrTp/Cd,Cd,AddressType2Code,1,1
pacs.009.001.13,/Document/FICdtTrf/CdtTrfTxInf/PrvsInstgAgt3/BrnchId/PstlAdr/AdrTp/Prtry,Prtry,GenericIdentification30,1,1
pacs.009.001.13,/Document/FICdtTrf/CdtTrfTxInf/PrvsInstgAgt3/BrnchId/PstlAdr/AdrTp/Prtry/Id,Id,Exact4AlphaNumericText,1,1
pacs.009.001.13,/Document/FICdtTrf/CdtTrfTxInf/PrvsInstgAgt3/BrnchId/PstlAdr/AdrTp/Prtry/Issr,Issr,Max35Text,1,1
pacs.009.001.13,/Document/FICdtTrf/CdtTrfTxInf/PrvsInstgAgt3/BrnchId/PstlAdr/AdrTp/Prtry/SchmeNm,SchmeNm,Max35Text,0,1
pacs.009.001.13,/Document/FICdtTrf/CdtTrfTxInf/PrvsInstgAgt3/BrnchId/PstlAdr/CareOf,CareOf,Max140Text,0,1
pacs.009.001.13,/Document/FICdtTrf/CdtTrfTxInf/PrvsInstgAgt3/BrnchId/PstlAdr/Dept,Dept,Max70Text,0,1
pacs.009.001.13,/Document/FICdtTrf/CdtTrfTxInf/PrvsInstgAgt3/BrnchId/PstlAdr/SubDept,SubDept,Max70Text,0,1
pacs.009.001.13,/Document/FICdtTrf/CdtTrfTxInf/PrvsInstgAgt3/BrnchId/PstlAdr/StrtNm,StrtNm,Max140Text,0,1
pacs.009.001.13,/Document/FICdtTrf/CdtTrfTxInf/PrvsInstgAgt3/BrnchId/PstlAdr/BldgNb,BldgNb,Max16Text,0,1
pacs.009.001.13,/Document/FICdtTrf/CdtTrfTxInf/PrvsInstgAgt3/BrnchId/PstlAdr/BldgNm,BldgNm,Max140Text,0,1
pacs.009.001.13,/Document/FICdtTrf/CdtTrfTxInf/PrvsInstgAgt3/BrnchId/PstlAdr/Flr,Flr,Max70Text,0,1
pacs.009.001.13,/Document/FICdtTrf/CdtTrfTxInf/PrvsInstgAgt3/BrnchId/PstlAdr/UnitNb,UnitNb,Max16Text,0,1
pacs.009.001.13,/Document/FICdtTrf/CdtTrfTxInf/PrvsInstgAgt3/BrnchId/PstlAdr/PstBx,PstBx,Max16Text,0,1
pacs.009.001.13,/Document/FICdtTrf/CdtTrfTxInf/PrvsInstgAgt3/BrnchId/PstlAdr/Room,Room,Max70Text,0,1
pacs.009.001.13,/Document/FICdtTrf/CdtTrfTxInf/PrvsInstgAgt3/BrnchId/PstlAdr/PstCd,PstCd,Max16Text,0,1
pacs.009.001.13,/Document/FICdtTrf/CdtTrfTxInf/PrvsInstgAgt3/BrnchId/PstlAdr/TwnNm,TwnNm,Max140Text,0,1
pacs.009.001.13,/Document/FICdtTrf/CdtTrfTxInf/PrvsInstgAgt3/BrnchId/PstlAdr/TwnLctnNm,TwnLctnNm,Max140Text,0,1
pacs.009.001.13,/Document/FICdtTrf/CdtTrfTxInf/PrvsInstgAgt3/BrnchId/PstlAdr/DstrctNm,DstrctNm,Max140Text,0,1
pacs.009.001.13,/Document/FICdtTrf/CdtTrfTxInf/PrvsInstgAgt3/BrnchId/PstlAdr/CtrySubDvsn,CtrySubDvsn,Max35Text,0,1
pacs.009.001.13,/Document/FICdtTrf/CdtTrfTxInf/PrvsInstgAgt3/BrnchId/PstlAdr/Ctry,Ctry,CountryCode,0,1
pacs.009.001.13,/Document/FICdtTrf/CdtTrfTxInf/PrvsInstgAgt3/BrnchId/PstlAdr/AdrLine,AdrLine,Max70Text,0,7
pacs.009.001.13,/Document/FICdtTrf/CdtTrfTxInf/PrvsInstgAgt3Acct,PrvsInstgAgt3Acct,CashAccount40,0,1
pacs.009.001.13,/Document/FICdtTrf/CdtTrfTxInf/PrvsInstgAgt3Acct/Id,Id,AccountIdentification4Choice,0,1
pacs.009.001.13,/Document/FICdtTrf/CdtTrfTxInf/PrvsInstgAgt3Acct/Id/IBAN,IBAN,IBAN2007Identifier,1,1
pacs.009.001.13,/Document/FICdtTrf/CdtTrfTxInf/PrvsInstgAgt3Acct/Id/Othr,Othr,GenericAccountIdentification1,1,1
pacs.009.001.13,/Document/FICdtTrf/CdtTrfTxInf/PrvsInstgAgt3Acct/Id/Othr/Id,Id,Max34Text,1,1
pacs.009.001.13,/Document/FICdtTrf/CdtTrfTxInf/PrvsInstgAgt3Acct/Id/Othr/SchmeNm,SchmeNm,AccountSchemeName1Choice,0,1
pacs.009.001.13,/Document/FICdtTrf/CdtTrfTxInf/PrvsInstgAgt3Acct/Id/Othr/SchmeNm/Cd,Cd,ExternalAccountIdentification1Code,1,1
pacs.009.001.13,/Document/FICdtTrf/CdtTrfTxInf/PrvsInstgAgt3Acct/Id/Othr/SchmeNm/Prtry,Prtry,Max35Text,1,1
pacs.009.001.13,/Document/FICdtTrf/CdtTrfTxInf/PrvsInstgAgt3Acct/Id/Othr/Issr,Issr,Max35Text,0,1
pacs.009.001.13,/Document/FICdtTrf/CdtTrfTxInf/PrvsInstgAgt3Acct/Tp,Tp,CashAccountType2Choice,0,1
pacs.009.001.13,/Document/FICdtTrf/CdtTrfTxInf/PrvsInstgAgt3Acct/Tp/Cd,Cd,ExternalCashAccountType1Code,1,1
pacs.009.001.13,/Document/FICdtTrf/CdtTrfTxInf/PrvsInstgAgt3Acct/Tp/Prtry,Prtry,Max35Text,1,1
pacs.009.001.13,/Document/FICdtTrf/CdtTrfTxInf/PrvsInstgAgt3Acct/Ccy,Ccy,ActiveOrHistoricCurrencyCode,0,1
pacs.009.001.13,/Document/FICdtTrf/CdtTrfTxInf/PrvsInstgAgt3Acct/Nm,Nm,Max70Text,0,1
pacs.009.001.13,/Document/FICdtTrf/CdtTrfTxInf/PrvsInstgAgt3Acct/Prxy,Prxy,ProxyAccountIdentification1,0,1
pacs.009.001.13,/Document/FICdtTrf/CdtTrfTxInf/PrvsInstgAgt3Acct/Prxy/Tp,Tp,ProxyAccountType1Choice,0,1
pacs.009.001.13,/Document/FICdtTrf/CdtTrfTxInf/PrvsInstgAgt3Acct/Prxy/Tp/Cd,Cd,ExternalProxyAccountType1Code,1,1
pacs.009.001.13,/Document/FICdtTrf/CdtTrfTxInf/PrvsInstgAgt3Acct/Prxy/Tp/Prtry,Prtry,Max35Text,1,1
pacs.009.001.13,/Document/FICdtTrf/CdtTrfTxInf/PrvsInstgAgt3Acct/Prxy/Id,Id,Max2048Text,1,1
pacs.009.001.13,/Document/FICdtTrf/CdtTrfTxInf/InstgAgt,InstgAgt,BranchAndFinancialInstitutionIdentification8,0,1
pacs.009.001.13,/Document/FICdtTrf/CdtTrfTxInf/InstgAgt/FinInstnId,FinInstnId,FinancialInstitutionIdentification23,1,1
pacs.009.001.13,/Document/FICdtTrf/CdtTrfTxInf/InstgAgt/FinInstnId/BICFI,BICFI,BICFIDec2014Identifier,0,1
pacs.009.001.13,/Document/FICdtTrf/CdtTrfTxInf/InstgAgt/FinInstnId/ClrSysMmbId,ClrSysMmbId,ClearingSystemMemberIdentification2,0,1
pacs.009.001.13,/Document/FICdtTrf/CdtTrfTxInf/InstgAgt/FinInstnId/ClrSysMmbId/ClrSysId,ClrSysId,ClearingSystemIdentification2Choice,0,1
pacs.009.001.13,/Document/FICdtTrf/CdtTrfTxInf/InstgAgt/FinInstnId/ClrSysMmbId/ClrSysId/Cd,Cd,ExternalClearingSystemIdentification1Code,1,1
pacs.009.001.13,/Document/FICdtTrf/CdtTrfTxInf/InstgAgt/FinInstnId/ClrSysMmbId/ClrSysId/Prtry,Prtry,Max35Text,1,1
pacs.009.001.13,/Document/FICdtTrf/CdtTrfTxInf/InstgAgt/FinInstnId/ClrSysMmbId/MmbId,MmbId,Max35Text,1,1
pacs.009.001.13,/Document/FICdtTrf/CdtTrfTxInf/InstgAgt/FinInstnId/LEI,LEI,LEIIdentifier,0,1
pacs.009.001.13,/Document/FICdtTrf/CdtTrfTxInf/InstgAgt/FinInstnId/Nm,Nm,Max140Text,0,1
pacs.009.001.13,/Document/FICdtTrf/CdtTrfTxInf/InstgAgt/FinInstnId/PstlAdr,PstlAdr,PostalAddress27,0,1
pacs.009.001.13,/Document/FICdtTrf/CdtTrfTxInf/InstgAgt/FinInstnId/PstlAdr/AdrTp,AdrTp,AddressType3Choice,0,1
pacs.009.001.13,/Document/FICdtTrf/CdtTrfTxInf/InstgAgt/FinInstnId/PstlAdr/AdrTp/Cd,Cd,AddressType2Code,1,1
pacs.009.001.13,/Document/FICdtTrf/CdtTrfTxInf/InstgAgt/FinInstnId/PstlAdr/AdrTp/Prtry,Prtry,GenericIdentification30,1,1
pacs.009.001.13,/Document/FICdtTrf/CdtTrfTxInf/InstgAgt/FinInstnId/PstlAdr/AdrTp/Prtry/Id,Id,Exact4AlphaNumericText,1,1
pacs.009.001.13,/Document/FICdtTrf/CdtTrfTxInf/InstgAgt/FinInstnId/PstlAdr/AdrTp/Prtry/Issr,Issr,Max35Text,1,1
pacs.009.001.13,/Document/FICdtTrf/CdtTrfTxInf/InstgAgt/FinInstnId/PstlAdr/AdrTp/Prtry/SchmeNm,SchmeNm,Max35Text,0,1
pacs.009.001.13,/Document/FICdtTrf/CdtTrfTxInf/InstgAgt/FinInstnId/PstlAdr/CareOf,CareOf,Max140Text,0,1
pacs.009.001.13,/Document/FICdtTrf/CdtTrfTxInf/InstgAgt/FinInstnId/PstlAdr/Dept,Dept,Max70Text,0,1
pacs.009.001.13,/Document/FICdtTrf/CdtTrfTxInf/InstgAgt/FinInstnId/PstlAdr/SubDept,SubDept,Max70Text,0,1
pacs.009.001.13,/Document/FICdtTrf/CdtTrfTxInf/InstgAgt/FinInstnId/PstlAdr/StrtNm,StrtNm,Max140Text,0,1
pacs.009.001.13,/Document/FICdtTrf/CdtTrfTxInf/InstgAgt/FinInstnId/PstlAdr/BldgNb,BldgNb,Max16Text,0,1
pacs.009.001.13,/Document/FICdtTrf/CdtTrfTxInf/InstgAgt/FinInstnId/PstlAdr/BldgNm,BldgNm,Max140Text,0,1
pacs.009.001.13,/Document/FICdtTrf/CdtTrfTxInf/InstgAgt/FinInstnId/PstlAdr/Flr,Flr,Max70Text,0,1
pacs.009.001.13,/Document/FICdtTrf/CdtTrfTxInf/InstgAgt/FinInstnId/PstlAdr/UnitNb,UnitNb,Max16Text,0,1
pacs.009.001.13,/Document/FICdtTrf/CdtTrfTxInf/InstgAgt/FinInstnId/PstlAdr/PstBx,PstBx,Max16Text,0,1
pacs.009.001.13,/Document/FICdtTrf/CdtTrfTxInf/InstgAgt/FinInstnId/PstlAdr/Room,Room,Max70Text,0,1
pacs.009.001.13,/Document/FICdtTrf/CdtTrfTxInf/InstgAgt/FinInstnId/PstlAdr/PstCd,PstCd,Max16Text,0,1
pacs.009.001.13,/Document/FICdtTrf/CdtTrfTxInf/InstgAgt/FinInstnId/PstlAdr/TwnNm,TwnNm,Max140Text,0,1
pacs.009.001.13,/Document/FICdtTrf/CdtTrfTxInf/InstgAgt/FinInstnId/PstlAdr/TwnLctnNm,TwnLctnNm,Max140Text,0,1
pacs.009.001.13,/Document/FICdtTrf/CdtTrfTxInf/InstgAgt/FinInstnId/PstlAdr/DstrctNm,DstrctNm,Max140Text,0,1
pacs.009.001.13,/Document/FICdtTrf/CdtTrfTxInf/InstgAgt/FinInstnId/PstlAdr/CtrySubDvsn,CtrySubDvsn,Max35Text,0,1
pacs.009.001.13,/Document/FICdtTrf/CdtTrfTxInf/InstgAgt/FinInstnId/PstlAdr/Ctry,Ctry,CountryCode,0,1
pacs.009.001.13,/Document/FICdtTrf/CdtTrfTxInf/InstgAgt/FinInstnId/PstlAdr/AdrLine,AdrLine,Max70Text,0,7
pacs.009.001.13,/Document/FICdtTrf/CdtTrfTxInf/InstgAgt/FinInstnId/Othr,Othr,GenericFinancialIdentification1,0,1
pacs.009.001.13,/Document/FICdtTrf/CdtTrfTxInf/InstgAgt/FinInstnId/Othr/Id,Id,Max35Text,1,1
pacs.009.001.13,/Document/FICdtTrf/CdtTrfTxInf/InstgAgt/FinInstnId/Othr/SchmeNm,SchmeNm,FinancialIdentificationSchemeName1Choice,0,1
pacs.009.001.13,/Document/FICdtTrf/CdtTrfTxInf/InstgAgt/FinInstnId/Othr/SchmeNm/Cd,Cd,ExternalFinancialInstitutionIdentification1Code,1,1
pacs.009.001.13,/Document/FICdtTrf/CdtTrfTxInf/InstgAgt/FinInstnId/Othr/SchmeNm/Prtry,Prtry,Max35Text,1,1
pacs.009.001.13,/Document/FICdtTrf/CdtTrfTxInf/InstgAgt/FinInstnId/Othr/Issr,Issr,Max35Text,0,1
pacs.009.001.13,/Document/FICdtTrf/CdtTrfTxInf/InstgAgt/BrnchId,BrnchId,BranchData5,0,1
pacs.009.001.13,/Document/FICdtTrf/CdtTrfTxInf/InstgAgt/BrnchId/Id,Id,Max35Text,0,1
pacs.009.001.13,/Document/FICdtTrf/CdtTrfTxInf/InstgAgt/BrnchId/LEI,LEI,LEIIdentifier,0,1
pacs.009.001.13,/Document/FICdtTrf/CdtTrfTxInf/InstgAgt/BrnchId/Nm,Nm,Max140Text,0,1
pacs.009.001.13,/Document/FICdtTrf/CdtTrfTxInf/InstgAgt/BrnchId/PstlAdr,PstlAdr,PostalAddress27,0,1
pacs.009.001.13,/Document/FICdtTrf/CdtTrfTxInf/InstgAgt/BrnchId/PstlAdr/AdrTp,AdrTp,AddressType3Choice,0,1
pacs.009.001.13,/Document/FICdtTrf/CdtTrfTxInf/InstgAgt/BrnchId/PstlAdr/AdrTp/Cd,Cd,AddressType2Code,1,1
pacs.009.001.13,/Document/FICdtTrf/CdtTrfTxInf/InstgAgt/BrnchId/PstlAdr/AdrTp/Prtry,Prtry,GenericIdentification30,1,1
pacs.009.001.13,/Document/FICdtTrf/CdtTrfTxInf/InstgAgt/BrnchId/PstlAdr/AdrTp/Prtry/Id,Id,Exact4AlphaNumericText,1,1
pacs.009.001.13,/Document/FICdtTrf/CdtTrfTxInf/InstgAgt/BrnchId/PstlAdr/AdrTp/Prtry/Issr,Issr,Max35Text,1,1
pacs.009.001.13,/Document/FICdtTrf/CdtTrfTxInf/InstgAgt/BrnchId/PstlAdr/AdrTp/Prtry/SchmeNm,SchmeNm,Max35Text,0,1
pacs.009.001.13,/Document/FICdtTrf/CdtTrfTxInf/InstgAgt/BrnchId/PstlAdr/CareOf,CareOf,Max140Text,0,1
pacs.009.001.13,/Document/FICdtTrf/CdtTrfTxInf/InstgAgt/BrnchId/PstlAdr/Dept,Dept,Max70Text,0,1
pacs.009.001.13,/Document/FICdtTrf/CdtTrfTxInf/InstgAgt/BrnchId/PstlAdr/SubDept,SubDept,Max70Text,0,1
pacs.009.001.13,/Document/FICdtTrf/CdtTrfTxInf/InstgAgt/BrnchId/PstlAdr/StrtNm,StrtNm,Max140Text,0,1
pacs.009.001.13,/Document/FICdtTrf/CdtTrfTxInf/InstgAgt/BrnchId/PstlAdr/BldgNb,BldgNb,Max16Text,0,1
pacs.009.001.13,/Document/FICdtTrf/CdtTrfTxInf/InstgAgt/BrnchId/PstlAdr/BldgNm,BldgNm,Max140Text,0,1
pacs.009.001.13,/Document/FICdtTrf/CdtTrfTxInf/InstgAgt/BrnchId/PstlAdr/Flr,Flr,Max70Text,0,1
pacs.009.001.13,/Document/FICdtTrf/CdtTrfTxInf/InstgAgt/BrnchId/PstlAdr/UnitNb,UnitNb,Max16Text,0,1
pacs.009.001.13,/Document/FICdtTrf/CdtTrfTxInf/InstgAgt/BrnchId/PstlAdr/PstBx,PstBx,Max16Text,0,1
pacs.009.001.13,/Document/FICdtTrf/CdtTrfTxInf/InstgAgt/BrnchId/PstlAdr/Room,Room,Max70Text,0,1
pacs.009.001.13,/Document/FICdtTrf/CdtTrfTxInf/InstgAgt/BrnchId/PstlAdr/PstCd,PstCd,Max16Text,0,1
pacs.009.001.13,/Document/FICdtTrf/CdtTrfTxInf/InstgAgt/BrnchId/PstlAdr/TwnNm,TwnNm,Max140Text,0,1
pacs.009.001.13,/Document/FICdtTrf/CdtTrfTxInf/InstgAgt/BrnchId/PstlAdr/TwnLctnNm,TwnLctnNm,Max140Text,0,1
pacs.009.001.13,/Document/FICdtTrf/CdtTrfTxInf/InstgAgt/BrnchId/PstlAdr/DstrctNm,DstrctNm,Max140Text,0,1
pacs.009.001.13,/Document/FICdtTrf/CdtTrfTxInf/InstgAgt/BrnchId/PstlAdr/CtrySubDvsn,CtrySubDvsn,Max35Text,0,1
pacs.009.001.13,/Document/FICdtTrf/CdtTrfTxInf/InstgAgt/BrnchId/PstlAdr/Ctry,Ctry,CountryCode,0,1
pacs.009.001.13,/Document/FICdtTrf/CdtTrfTxInf/InstgAgt/BrnchId/PstlAdr/AdrLine,AdrLine,Max70Text,0,7
pacs.009.001.13,/Document/FICdtTrf/CdtTrfTxInf/InstdAgt,InstdAgt,BranchAndFinancialInstitutionIdentification8,0,1
pacs.009.001.13,/Document/FICdtTrf/CdtTrfTxInf/InstdAgt/FinInstnId,FinInstnId,FinancialInstitutionIdentification23,1,1
pacs.009.001.13,/Document/FICdtTrf/CdtTrfTxInf/InstdAgt/FinInstnId/BICFI,BICFI,BICFIDec2014Identifier,0,1
pacs.009.001.13,/Document/FICdtTrf/CdtTrfTxInf/InstdAgt/FinInstnId/ClrSysMmbId,ClrSysMmbId,ClearingSystemMemberIdentification2,0,1
pacs.009.001.13,/Document/FICdtTrf/CdtTrfTxInf/InstdAgt/FinInstnId/ClrSysMmbId/ClrSysId,ClrSysId,ClearingSystemIdentification2Choice,0,1
pacs.009.001.13,/Document/FICdtTrf/CdtTrfTxInf/InstdAgt/FinInstnId/ClrSysMmbId/ClrSysId/Cd,Cd,ExternalClearingSystemIdentification1Code,1,1
pacs.009.001.13,/Document/FICdtTrf/CdtTrfTxInf/InstdAgt/FinInstnId/ClrSysMmbId/ClrSysId/Prtry,Prtry,Max35Text,1,1
pacs.009.001.13,/Document/FICdtTrf/CdtTrfTxInf/InstdAgt/FinInstnId/ClrSysMmbId/MmbId,MmbId,Max35Text,1,1
pacs.009.001.13,/Document/FICdtTrf/CdtTrfTxInf/InstdAgt/FinInstnId/LEI,LEI,LEIIdentifier,0,1
pacs.009.001.13,/Document/FICdtTrf/CdtTrfTxInf/InstdAgt/FinInstnId/Nm,Nm,Max140Text,0,1
pacs.009.001.13,/Document/FICdtTrf/CdtTrfTxInf/InstdAgt/FinInstnId/PstlAdr,PstlAdr,PostalAddress27,0,1
pacs.009.001.13,/Document/FICdtTrf/CdtTrfTxInf/InstdAgt/FinInstnId/PstlAdr/AdrTp,AdrTp,AddressType3Choice,0,1
pacs.009.001.13,/Document/FICdtTrf/CdtTrfTxInf/InstdAgt/FinInstnId/PstlAdr/AdrTp/Cd,Cd,AddressType2Code,1,1
pacs.009.001.13,/Document/FICdtTrf/CdtTrfTxInf/InstdAgt/FinInstnId/PstlAdr/AdrTp/Prtry,Prtry,GenericIdentification30,1,1
pacs.009.001.13,/Document/FICdtTrf/CdtTrfTxInf/InstdAgt/FinInstnId/PstlAdr/AdrTp/Prtry/Id,Id,Exact4AlphaNumericText,1,1
pacs.009.001.13,/Document/FICdtTrf/CdtTrfTxInf/InstdAgt/FinInstnId/PstlAdr/AdrTp/Prtry/Issr,Issr,Max35Text,1,1
pacs.009.001.13,/Document/FICdtTrf/CdtTrfTxInf/InstdAgt/FinInstnId/PstlAdr/AdrTp/Prtry/SchmeNm,SchmeNm,Max35Text,0,1
pacs.009.001.13,/Document/FICdtTrf/CdtTrfTxInf/InstdAgt/FinInstnId/PstlAdr/CareOf,CareOf,Max140Text,0,1
pacs.009.001.13,/Document/FICdtTrf/CdtTrfTxInf/InstdAgt/FinInstnId/PstlAdr/Dept,Dept,Max70Text,0,1
pacs.009.001.13,/Document/FICdtTrf/CdtTrfTxInf/InstdAgt/FinInstnId/PstlAdr/SubDept,SubDept,Max70Text,0,1
pacs.009.001.13,/Document/FICdtTrf/CdtTrfTxInf/InstdAgt/FinInstnId/PstlAdr/StrtNm,StrtNm,Max140Text,0,1
pacs.009.001.13,/Document/FICdtTrf/CdtTrfTxInf/InstdAgt/FinInstnId/PstlAdr/BldgNb,BldgNb,Max16Text,0,1
pacs.009.001.13,/Document/FICdtTrf/CdtTrfTxInf/InstdAgt/FinInstnId/PstlAdr/BldgNm,BldgNm,Max140Text,0,1
pacs.009.001.13,/Document/FICdtTrf/CdtTrfTxInf/InstdAgt/FinInstnId/PstlAdr/Flr,Flr,Max70Text,0,1
pacs.009.001.13,/Document/FICdtTrf/CdtTrfTxInf/InstdAgt/FinInstnId/PstlAdr/UnitNb,UnitNb,Max16Text,0,1
pacs.009.001.13,/Document/FICdtTrf/CdtTrfTxInf/InstdAgt/FinInstnId/PstlAdr/PstBx,PstBx,Max16Text,0,1
pacs.009.001.13,/Document/FICdtTrf/CdtTrfTxInf/InstdAgt/FinInstnId/PstlAdr/Room,Room,Max70Text,0,1
pacs.009.001.13,/Document/FICdtTrf/CdtTrfTxInf/InstdAgt/FinInstnId/PstlAdr/PstCd,PstCd,Max16Text,0,1
pacs.009.001.13,/Document/FICdtTrf/CdtTrfTxInf/InstdAgt/FinInstnId/PstlAdr/TwnNm,TwnNm,Max140Text,0,1
pacs.009.001.13,/Document/FICdtTrf/CdtTrfTxInf/InstdAgt/FinInstnId/PstlAdr/TwnLctnNm,TwnLctnNm,Max140Text,0,1
pacs.009.001.13,/Document/FICdtTrf/CdtTrfTxInf/InstdAgt/FinInstnId/PstlAdr/DstrctNm,DstrctNm,Max140Text,0,1
pacs.009.001.13,/Document/FICdtTrf/CdtTrfTxInf/InstdAgt/FinInstnId/PstlAdr/CtrySubDvsn,CtrySubDvsn,Max35Text,0,1
pacs.009.001.13,/Document/FICdtTrf/CdtTrfTxInf/InstdAgt/FinInstnId/PstlAdr/Ctry,Ctry,CountryCode,0,1
pacs.009.001.13,/Document/FICdtTrf/CdtTrfTxInf/InstdAgt/FinInstnId/PstlAdr/AdrLine,AdrLine,Max70Text,0,7
pacs.009.001.13,/Document/FICdtTrf/CdtTrfTxInf/InstdAgt/FinInstnId/Othr,Othr,GenericFinancialIdentification1,0,1
pacs.009.001.13,/Document/FICdtTrf/CdtTrfTxInf/InstdAgt/FinInstnId/Othr/Id,Id,Max35Text,1,1
pacs.009.001.13,/Document/FICdtTrf/CdtTrfTxInf/InstdAgt/FinInstnId/Othr/SchmeNm,SchmeNm,FinancialIdentificationSchemeName1Choice,0,1
pacs.009.001.13,/Document/FICdtTrf/CdtTrfTxInf/InstdAgt/FinInstnId/Othr/SchmeNm/Cd,Cd,ExternalFinancialInstitutionIdentification1Code,1,1
pacs.009.001.13,/Document/FICdtTrf/CdtTrfTxInf/InstdAgt/FinInstnId/Othr/SchmeNm/Prtry,Prtry,Max35Text,1,1
pacs.009.001.13,/Document/FICdtTrf/CdtTrfTxInf/InstdAgt/FinInstnId/Othr/Issr,Issr,Max35Text,0,1
pacs.009.001.13,/Document/FICdtTrf/CdtTrfTxInf/InstdAgt/BrnchId,BrnchId,BranchData5,0,1
pacs.009.001.13,/Document/FICdtTrf/CdtTrfTxInf/InstdAgt/BrnchId/Id,Id,Max35Text,0,1
pacs.009.001.13,/Document/FICdtTrf/CdtTrfTxInf/InstdAgt/BrnchId/LEI,LEI,LEIIdentifier,0,1
pacs.009.001.13,/Document/FICdtTrf/CdtTrfTxInf/InstdAgt/BrnchId/Nm,Nm,Max140Text,0,1
pacs.009.001.13,/Document/FICdtTrf/CdtTrfTxInf/InstdAgt/BrnchId/PstlAdr,PstlAdr,PostalAddress27,0,1
pacs.009.001.13,/Document/FICdtTrf/CdtTrfTxInf/InstdAgt/BrnchId/PstlAdr/AdrTp,AdrTp,AddressType3Choice,0,1
pacs.009.001.13,/Document/FICdtTrf/CdtTrfTxInf/InstdAgt/BrnchId/PstlAdr/AdrTp/Cd,Cd,AddressType2Code,1,1
pacs.009.001.13,/Document/FICdtTrf/CdtTrfTxInf/InstdAgt/BrnchId/PstlAdr/AdrTp/Prtry,Prtry,GenericIdentification30,1,1
pacs.009.001.13,/Document/FICdtTrf/CdtTrfTxInf/InstdAgt/BrnchId/PstlAdr/AdrTp/Prtry/Id,Id,Exact4AlphaNumericText,1,1
pacs.009.001.13,/Document/FICdtTrf/CdtTrfTxInf/InstdAgt/BrnchId/PstlAdr/AdrTp/Prtry/Issr,Issr,Max35Text,1,1
pacs.009.001.13,/Document/FICdtTrf/CdtTrfTxInf/InstdAgt/BrnchId/PstlAdr/AdrTp/Prtry/SchmeNm,SchmeNm,Max35Text,0,1
pacs.009.001.13,/Document/FICdtTrf/CdtTrfTxInf/InstdAgt/BrnchId/PstlAdr/CareOf,CareOf,Max140Text,0,1
pacs.009.001.13,/Document/FICdtTrf/CdtTrfTxInf/InstdAgt/BrnchId/PstlAdr/Dept,Dept,Max70Text,0,1
pacs.009.001.13,/Document/FICdtTrf/CdtTrfTxInf/InstdAgt/BrnchId/PstlAdr/SubDept,SubDept,Max70Text,0,1
pacs.009.001.13,/Document/FICdtTrf/CdtTrfTxInf/InstdAgt/BrnchId/PstlAdr/StrtNm,StrtNm,Max140Text,0,1
pacs.009.001.13,/Document/FICdtTrf/CdtTrfTxInf/InstdAgt/BrnchId/PstlAdr/BldgNb,BldgNb,Max16Text,0,1
pacs.009.001.13,/Document/FICdtTrf/CdtTrfTxInf/InstdAgt/BrnchId/PstlAdr/BldgNm,BldgNm,Max140Text,0,1
pacs.009.001.13,/Document/FICdtTrf/CdtTrfTxInf/InstdAgt/BrnchId/PstlAdr/Flr,Flr,Max70Text,0,1
pacs.009.001.13,/Document/FICdtTrf/CdtTrfTxInf/InstdAgt/BrnchId/PstlAdr/UnitNb,UnitNb,Max16Text,0,1
pacs.009.001.13,/Document/FICdtTrf/CdtTrfTxInf/InstdAgt/BrnchId/PstlAdr/PstBx,PstBx,Max16Text,0,1
pacs.009.001.13,/Document/FICdtTrf/CdtTrfTxInf/InstdAgt/BrnchId/PstlAdr/Room,Room,Max70Text,0,1
pacs.009.001.13,/Document/FICdtTrf/CdtTrfTxInf/InstdAgt/BrnchId/PstlAdr/PstCd,PstCd,Max16Text,0,1
pacs.009.001.13,/Document/FICdtTrf/CdtTrfTxInf/InstdAgt/BrnchId/PstlAdr/TwnNm,TwnNm,Max140Text,0,1
pacs.009.001.13,/Document/FICdtTrf/CdtTrfTxInf/InstdAgt/BrnchId/PstlAdr/TwnLctnNm,TwnLctnNm,Max140Text,0,1
pacs.009.001.13,/Document/FICdtTrf/CdtTrfTxInf/InstdAgt/BrnchId/PstlAdr/DstrctNm,DstrctNm,Max140Text,0,1
pacs.009.001.13,/Document/FICdtTrf/CdtTrfTxInf/InstdAgt/BrnchId/PstlAdr/CtrySubDvsn,CtrySubDvsn,Max35Text,0,1
pacs.009.001.13,/Document/FICdtTrf/CdtTrfTxInf/InstdAgt/BrnchId/PstlAdr/Ctry,Ctry,CountryCode,0,1
pacs.009.001.13,/Document/FICdtTrf/CdtTrfTxInf/InstdAgt/BrnchId/PstlAdr/AdrLine,AdrLine,Max70Text,0,7
pacs.009.001.13,/Document/FICdtTrf/CdtTrfTxInf/IntrmyAgt1,IntrmyAgt1,BranchAndFinancialInstitutionIdentification8,0,1
pacs.009.001.13,/Document/FICdtTrf/CdtTrfTxInf/IntrmyAgt1/FinInstnId,FinInstnId,FinancialInstitutionIdentification23,1,1
pacs.009.001.13,/Document/FICdtTrf/CdtTrfTxInf/IntrmyAgt1/FinInstnId/BICFI,BICFI,BICFIDec2014Identifier,0,1
pacs.009.001.13,/Document/FICdtTrf/CdtTrfTxInf/IntrmyAgt1/FinInstnId/ClrSysMmbId,ClrSysMmbId,ClearingSystemMemberIdentification2,0,1
pacs.009.001.13,/Document/FICdtTrf/CdtTrfTxInf/IntrmyAgt1/FinInstnId/ClrSysMmbId/ClrSysId,ClrSysId,ClearingSystemIdentification2Choice,0,1
pacs.009.001.13,/Document/FICdtTrf/CdtTrfTxInf/IntrmyAgt1/FinInstnId/ClrSysMmbId/ClrSysId/Cd,Cd,ExternalClearingSystemIdentification1Code,1,1
pacs.009.001.13,/Document/FICdtTrf/CdtTrfTxInf/IntrmyAgt1/FinInstnId/ClrSysMmbId/ClrSysId/Prtry,Prtry,Max35Text,1,1
pacs.009.001.13,/Document/FICdtTrf/CdtTrfTxInf/IntrmyAgt1/FinInstnId/ClrSysMmbId/MmbId,MmbId,Max35Text,1,1
pacs.009.001.13,/Document/FICdtTrf/CdtTrfTxInf/IntrmyAgt1/FinInstnId/LEI,LEI,LEIIdentifier,0,1
pacs.009.001.13,/Document/FICdtTrf/CdtTrfTxInf/IntrmyAgt1/FinInstnId/Nm,Nm,Max140Text,0,1
pacs.009.001.13,/Document/FICdtTrf/CdtTrfTxInf/IntrmyAgt1/FinInstnId/PstlAdr,PstlAdr,PostalAddress27,0,1
pacs.009.001.13,/Document/FICdtTrf/CdtTrfTxInf/IntrmyAgt1/FinInstnId/PstlAdr/AdrTp,AdrTp,AddressType3Choice,0,1
pacs.009.001.13,/Document/FICdtTrf/CdtTrfTxInf/IntrmyAgt1/FinInstnId/PstlAdr/AdrTp/Cd,Cd,AddressType2Code,1,1
pacs.009.001.13,/Document/FICdtTrf/CdtTrfTxInf/IntrmyAgt1/FinInstnId/PstlAdr/AdrTp/Prtry,Prtry,GenericIdentification30,1,1
pacs.009.001.13,/Document/FICdtTrf/CdtTrfTxInf/IntrmyAgt1/FinInstnId/PstlAdr/AdrTp/Prtry/Id,Id,Exact4AlphaNumericText,1,1
pacs.009.001.13,/Document/FICdtTrf/CdtTrfTxInf/IntrmyAgt1/FinInstnId/PstlAdr/AdrTp/Prtry/Issr,Issr,Max35Text,1,1
pacs.009.001.13,/Document/FICdtTrf/CdtTrfTxInf/IntrmyAgt1/FinInstnId/PstlAdr/AdrTp/Prtry/SchmeNm,SchmeNm,Max35Text,0,1
pacs.009.001.13,/Document/FICdtTrf/CdtTrfTxInf/IntrmyAgt1/FinInstnId/PstlAdr/CareOf,CareOf,Max140Text,0,1
pacs.009.001.13,/Document/FICdtTrf/CdtTrfTxInf/IntrmyAgt1/FinInstnId/PstlAdr/Dept,Dept,Max70Text,0,1
pacs.009.001.13,/Document/FICdtTrf/CdtTrfTxInf/IntrmyAgt1/FinInstnId/PstlAdr/SubDept,SubDept,Max70Text,0,1
pacs.009.001.13,/Document/FICdtTrf/CdtTrfTxInf/IntrmyAgt1/FinInstnId/PstlAdr/StrtNm,StrtNm,Max140Text,0,1
pacs.009.001.13,/Document/FICdtTrf/CdtTrfTxInf/IntrmyAgt1/FinInstnId/PstlAdr/BldgNb,BldgNb,Max16Text,0,1
pacs.009.001.13,/Document/FICdtTrf/CdtTrfTxInf/IntrmyAgt1/FinInstnId/PstlAdr/BldgNm,BldgNm,Max140Text,0,1
pacs.009.001.13,/Document/FICdtTrf/CdtTrfTxInf/IntrmyAgt1/FinInstnId/PstlAdr/Flr,Flr,Max70Text,0,1
pacs.009.001.13,/Document/FICdtTrf/CdtTrfTxInf/IntrmyAgt1/FinInstnId/PstlAdr/UnitNb,UnitNb,Max16Text,0,1
pacs.009.001.13,/Document/FICdtTrf/CdtTrfTxInf/IntrmyAgt1/FinInstnId/PstlAdr/PstBx,PstBx,Max16Text,0,1
pacs.009.001.13,/Document/FICdtTrf/CdtTrfTxInf/IntrmyAgt1/FinInstnId/PstlAdr/Room,Room,Max70Text,0,1
pacs.009.001.13,/Document/FICdtTrf/CdtTrfTxInf/IntrmyAgt1/FinInstnId/PstlAdr/PstCd,PstCd,Max16Text,0,1
pacs.009.001.13,/Document/FICdtTrf/CdtTrfTxInf/IntrmyAgt1/FinInstnId/PstlAdr/TwnNm,TwnNm,Max140Text,0,1
pacs.009.001.13,/Document/FICdtTrf/CdtTrfTxInf/IntrmyAgt1/FinInstnId/PstlAdr/TwnLctnNm,TwnLctnNm,Max140Text,0,1
pacs.009.001.13,/Document/FICdtTrf/CdtTrfTxInf/IntrmyAgt1/FinInstnId/PstlAdr/DstrctNm,DstrctNm,Max140Text,0,1
pacs.009.001.13,/Document/FICdtTrf/CdtTrfTxInf/IntrmyAgt1/FinInstnId/PstlAdr/CtrySubDvsn,CtrySubDvsn,Max35Text,0,1
pacs.009.001.13,/Document/FICdtTrf/CdtTrfTxInf/IntrmyAgt1/FinInstnId/PstlAdr/Ctry,Ctry,CountryCode,0,1
pacs.009.001.13,/Document/FICdtTrf/CdtTrfTxInf/IntrmyAgt1/FinInstnId/PstlAdr/AdrLine,AdrLine,Max70Text,0,7
pacs.009.001.13,/Document/FICdtTrf/CdtTrfTxInf/IntrmyAgt1/FinInstnId/Othr,Othr,GenericFinancialIdentification1,0,1
pacs.009.001.13,/Document/FICdtTrf/CdtTrfTxInf/IntrmyAgt1/FinInstnId/Othr/Id,Id,Max35Text,1,1
pacs.009.001.13,/Document/FICdtTrf/CdtTrfTxInf/IntrmyAgt1/FinInstnId/Othr/SchmeNm,SchmeNm,FinancialIdentificationSchemeName1Choice,0,1
pacs.009.001.13,/Document/FICdtTrf/CdtTrfTxInf/IntrmyAgt1/FinInstnId/Othr/SchmeNm/Cd,Cd,ExternalFinancialInstitutionIdentification1Code,1,1
pacs.009.001.13,/Document/FICdtTrf/CdtTrfTxInf/IntrmyAgt1/FinInstnId/Othr/SchmeNm/Prtry,Prtry,Max35Text,1,1
pacs.009.001.13,/Document/FICdtTrf/CdtTrfTxInf/IntrmyAgt1/FinInstnId/Othr/Issr,Issr,Max35Text,0,1
pacs.009.001.13,/Document/FICdtTrf/CdtTrfTxInf/IntrmyAgt1/BrnchId,BrnchId,BranchData5,0,1
pacs.009.001.13,/Document/FICdtTrf/CdtTrfTxInf/IntrmyAgt1/BrnchId/Id,Id,Max35Text,0,1
pacs.009.001.13,/Document/FICdtTrf/CdtTrfTxInf/IntrmyAgt1/BrnchId/LEI,LEI,LEIIdentifier,0,1
pacs.009.001.13,/Document/FICdtTrf/CdtTrfTxInf/IntrmyAgt1/BrnchId/Nm,Nm,Max140Text,0,1
pacs.009.001.13,/Document/FICdtTrf/CdtTrfTxInf/IntrmyAgt1/BrnchId/PstlAdr,PstlAdr,PostalAddress27,0,1
pacs.009.001.13,/Document/FICdtTrf/CdtTrfTxInf/IntrmyAgt1/BrnchId/PstlAdr/AdrTp,AdrTp,AddressType3Choice,0,1
pacs.009.001.13,/Document/FICdtTrf/CdtTrfTxInf/IntrmyAgt1/BrnchId/PstlAdr/AdrTp/Cd,Cd,AddressType2Code,1,1
pacs.009.001.13,/Document/FICdtTrf/CdtTrfTxInf/IntrmyAgt1/BrnchId/PstlAdr/AdrTp/Prtry,Prtry,GenericIdentification30,1,1
pacs.009.001.13,/Document/FICdtTrf/CdtTrfTxInf/IntrmyAgt1/BrnchId/PstlAdr/AdrTp/Prtry/Id,Id,Exact4AlphaNumericText,1,1
pacs.009.001.13,/Document/FICdtTrf/CdtTrfTxInf/IntrmyAgt1/BrnchId/PstlAdr/AdrTp/Prtry/Issr,Issr,Max35Text,1,1
pacs.009.001.13,/Document/FICdtTrf/CdtTrfTxInf/IntrmyAgt1/BrnchId/PstlAdr/AdrTp/Prtry/SchmeNm,SchmeNm,Max35Text,0,1
pacs.009.001.13,/Document/FICdtTrf/CdtTrfTxInf/IntrmyAgt1/BrnchId/PstlAdr/CareOf,CareOf,Max140Text,0,1
pacs.009.001.13,/Document/FICdtTrf/CdtTrfTxInf/IntrmyAgt1/BrnchId/PstlAdr/Dept,Dept,Max70Text,0,1
pacs.009.001.13,/Document/FICdtTrf/CdtTrfTxInf/IntrmyAgt1/BrnchId/PstlAdr/SubDept,SubDept,Max70Text,0,1
pacs.009.001.13,/Document/FICdtTrf/CdtTrfTxInf/IntrmyAgt1/BrnchId/PstlAdr/StrtNm,StrtNm,Max140Text,0,1
pacs.009.001.13,/Document/FICdtTrf/CdtTrfTxInf/IntrmyAgt1/BrnchId/PstlAdr/BldgNb,BldgNb,Max16Text,0,1
pacs.009.001.13,/Document/FICdtTrf/CdtTrfTxInf/IntrmyAgt1/BrnchId/PstlAdr/BldgNm,BldgNm,Max140Text,0,1
pacs.009.001.13,/Document/FICdtTrf/CdtTrfTxInf/IntrmyAgt1/BrnchId/PstlAdr/Flr,Flr,Max70Text,0,1
pacs.009.001.13,/Document/FICdtTrf/CdtTrfTxInf/IntrmyAgt1/BrnchId/PstlAdr/UnitNb,UnitNb,Max16Text,0,1
pacs.009.001.13,/Document/FICdtTrf/CdtTrfTxInf/IntrmyAgt1/BrnchId/PstlAdr/PstBx,PstBx,Max16Text,0,1
pacs.009.001.13,/Document/FICdtTrf/CdtTrfTxInf/IntrmyAgt1/BrnchId/PstlAdr/Room,Room,Max70Text,0,1
pacs.009.001.13,/Document/FICdtTrf/CdtTrfTxInf/IntrmyAgt1/BrnchId/PstlAdr/PstCd,PstCd,Max16Text,0,1
pacs.009.001.13,/Document/FICdtTrf/CdtTrfTxInf/IntrmyAgt1/BrnchId/PstlAdr/TwnNm,TwnNm,Max140Text,0,1
pacs.009.001.13,/Document/FICdtTrf/CdtTrfTxInf/IntrmyAgt1/BrnchId/PstlAdr/TwnLctnNm,TwnLctnNm,Max140Text,0,1
pacs.009.001.13,/Document/FICdtTrf/CdtTrfTxInf/IntrmyAgt1/BrnchId/PstlAdr/DstrctNm,DstrctNm,Max140Text,0,1
pacs.009.001.13,/Document/FICdtTrf/CdtTrfTxInf/IntrmyAgt1/BrnchId/PstlAdr/CtrySubDvsn,CtrySubDvsn,Max35Text,0,1
pacs.009.001.13,/Document/FICdtTrf/CdtTrfTxInf/IntrmyAgt1/BrnchId/PstlAdr/Ctry,Ctry,CountryCode,0,1
pacs.009.001.13,/Document/FICdtTrf/CdtTrfTxInf/IntrmyAgt1/BrnchId/PstlAdr/AdrLine,AdrLine,Max70Text,0,7
pacs.009.001.13,/Document/FICdtTrf/CdtTrfTxInf/IntrmyAgt1Acct,IntrmyAgt1Acct,CashAccount40,0,1
pacs.009.001.13,/Document/FICdtTrf/CdtTrfTxInf/IntrmyAgt1Acct/Id,Id,AccountIdentification4Choice,0,1
pacs.009.001.13,/Document/FICdtTrf/CdtTrfTxInf/IntrmyAgt1Acct/Id/IBAN,IBAN,IBAN2007Identifier,1,1
pacs.009.001.13,/Document/FICdtTrf/CdtTrfTxInf/IntrmyAgt1Acct/Id/Othr,Othr,GenericAccountIdentification1,1,1
pacs.009.001.13,/Document/FICdtTrf/CdtTrfTxInf/IntrmyAgt1Acct/Id/Othr/Id,Id,Max34Text,1,1
pacs.009.001.13,/Document/FICdtTrf/CdtTrfTxInf/IntrmyAgt1Acct/Id/Othr/SchmeNm,SchmeNm,AccountSchemeName1Choice,0,1
pacs.009.001.13,/Document/FICdtTrf/CdtTrfTxInf/IntrmyAgt1Acct/Id/Othr/SchmeNm/Cd,Cd,ExternalAccountIdentification1Code,1,1
pacs.009.001.13,/Document/FICdtTrf/CdtTrfTxInf/IntrmyAgt1Acct/Id/Othr/SchmeNm/Prtry,Prtry,Max35Text,1,1
pacs.009.001.13,/Document/FICdtTrf/CdtTrfTxInf/IntrmyAgt1Acct/Id/Othr/Issr,Issr,Max35Text,0,1
pacs.009.001.13,/Document/FICdtTrf/CdtTrfTxInf/IntrmyAgt1Acct/Tp,Tp,CashAccountType2Choice,0,1
pacs.009.001.13,/Document/FICdtTrf/CdtTrfTxInf/IntrmyAgt1Acct/Tp/Cd,Cd,ExternalCashAccountType1Code,1,1
pacs.009.001.13,/Document/FICdtTrf/CdtTrfTxInf/IntrmyAgt1Acct/Tp/Prtry,Prtry,Max35Text,1,1
pacs.009.001.13,/Document/FICdtTrf/CdtTrfTxInf/IntrmyAgt1Acct/Ccy,Ccy,ActiveOrHistoricCurrencyCode,0,1
pacs.009.001.13,/Document/FICdtTrf/CdtTrfTxInf/IntrmyAgt1Acct/Nm,Nm,Max70Text,0,1
pacs.009.001.13,/Document/FICdtTrf/CdtTrfTxInf/IntrmyAgt1Acct/Prxy,Prxy,ProxyAccountIdentification1,0,1
pacs.009.001.13,/Document/FICdtTrf/CdtTrfTxInf/IntrmyAgt1Acct/Prxy/Tp,Tp,ProxyAccountType1Choice,0,1
pacs.009.001.13,/Document/FICdtTrf/CdtTrfTxInf/IntrmyAgt1Acct/Prxy/Tp/Cd,Cd,ExternalProxyAccountType1Code,1,1
pacs.009.001.13,/Document/FICdtTrf/CdtTrfTxInf/IntrmyAgt1Acct/Prxy/Tp/Prtry,Prtry,Max35Text,1,1
pacs.009.001.13,/Document/FICdtTrf/CdtTrfTxInf/IntrmyAgt1Acct/Prxy/Id,Id,Max2048Text,1,1
pacs.009.001.13,/Document/FICdtTrf/CdtTrfTxInf/IntrmyAgt2,IntrmyAgt2,BranchAndFinancialInstitutionIdentification8,0,1
pacs.009.001.13,/Document/FICdtTrf/CdtTrfTxInf/IntrmyAgt2/FinInstnId,FinInstnId,FinancialInstitutionIdentification23,1,1
pacs.009.001.13,/Document/FICdtTrf/CdtTrfTxInf/IntrmyAgt2/FinInstnId/BICFI,BICFI,BICFIDec2014Identifier,0,1
pacs.009.001.13,/Document/FICdtTrf/CdtTrfTxInf/IntrmyAgt2/FinInstnId/ClrSysMmbId,ClrSysMmbId,ClearingSystemMemberIdentification2,0,1
pacs.009.001.13,/Document/FICdtTrf/CdtTrfTxInf/IntrmyAgt2/FinInstnId/ClrSysMmbId/ClrSysId,ClrSysId,ClearingSystemIdentification2Choice,0,1
pacs.009.001.13,/Document/FICdtTrf/CdtTrfTxInf/IntrmyAgt2/FinInstnId/ClrSysMmbId/ClrSysId/Cd,Cd,ExternalClearingSystemIdentification1Code,1,1
pacs.009.001.13,/Document/FICdtTrf/CdtTrfTxInf/IntrmyAgt2/FinInstnId/ClrSysMmbId/ClrSysId/Prtry,Prtry,Max35Text,1,1
pacs.009.001.13,/Document/FICdtTrf/CdtTrfTxInf/IntrmyAgt2/FinInstnId/ClrSysMmbId/MmbId,MmbId,Max35Text,1,1
pacs.009.001.13,/Document/FICdtTrf/CdtTrfTxInf/IntrmyAgt2/FinInstnId/LEI,LEI,LEIIdentifier,0,1
pacs.009.001.13,/Document/FICdtTrf/CdtTrfTxInf/IntrmyAgt2/FinInstnId/Nm,Nm,Max140Text,0,1
pacs.009.001.13,/Document/FICdtTrf/CdtTrfTxInf/IntrmyAgt2/FinInstnId/PstlAdr,PstlAdr,PostalAddress27,0,1
pacs.009.001.13,/Document/FICdtTrf/CdtTrfTxInf/IntrmyAgt2/FinInstnId/PstlAdr/AdrTp,AdrTp,AddressType3Choice,0,1
pacs.009.001.13,/Document/FICdtTrf/CdtTrfTxInf/IntrmyAgt2/FinInstnId/PstlAdr/AdrTp/Cd,Cd,AddressType2Code,1,1
pacs.009.001.13,/Document/FICdtTrf/CdtTrfTxInf/IntrmyAgt2/FinInstnId/PstlAdr/AdrTp/Prtry,Prtry,GenericIdentification30,1,1
pacs.009.001.13,/Document/FICdtTrf/CdtTrfTxInf/IntrmyAgt2/FinInstnId/PstlAdr/AdrTp/Prtry/Id,Id,Exact4AlphaNumericText,1,1
pacs.009.001.13,/Document/FICdtTrf/CdtTrfTxInf/IntrmyAgt2/FinInstnId/PstlAdr/AdrTp/Prtry/Issr,Issr,Max35Text,1,1
pacs.009.001.13,/Document/FICdtTrf/CdtTrfTxInf/IntrmyAgt2/FinInstnId/PstlAdr/AdrTp/Prtry/SchmeNm,SchmeNm,Max35Text,0,1
pacs.009.001.13,/Document/FICdtTrf/CdtTrfTxInf/IntrmyAgt2/FinInstnId/PstlAdr/CareOf,CareOf,Max140Text,0,1
pacs.009.001.13,/Document/FICdtTrf/CdtTrfTxInf/IntrmyAgt2/FinInstnId/PstlAdr/Dept,Dept,Max70Text,0,1
pacs.009.001.13,/Document/FICdtTrf/CdtTrfTxInf/IntrmyAgt2/FinInstnId/PstlAdr/SubDept,SubDept,Max70Text,0,1
pacs.009.001.13,/Document/FICdtTrf/CdtTrfTxInf/IntrmyAgt2/FinInstnId/PstlAdr/StrtNm,StrtNm,Max140Text,0,1
pacs.009.001.13,/Document/FICdtTrf/CdtTrfTxInf/IntrmyAgt2/FinInstnId/PstlAdr/BldgNb,BldgNb,Max16Text,0,1
pacs.009.001.13,/Document/FICdtTrf/CdtTrfTxInf/IntrmyAgt2/FinInstnId/PstlAdr/BldgNm,BldgNm,Max140Text,0,1
pacs.009.001.13,/Document/FICdtTrf/CdtTrfTxInf/IntrmyAgt2/FinInstnId/PstlAdr/Flr,Flr,Max70Text,0,1
pacs.009.001.13,/Document/FICdtTrf/CdtTrfTxInf/IntrmyAgt2/FinInstnId/PstlAdr/UnitNb,UnitNb,Max16Text,0,1
pacs.009.001.13,/Document/FICdtTrf/CdtTrfTxInf/IntrmyAgt2/FinInstnId/PstlAdr/PstBx,PstBx,Max16Text,0,1
pacs.009.001.13,/Document/FICdtTrf/CdtTrfTxInf/IntrmyAgt2/FinInstnId/PstlAdr/Room,Room,Max70Text,0,1
pacs.009.001.13,/Document/FICdtTrf/CdtTrfTxInf/IntrmyAgt2/FinInstnId/PstlAdr/PstCd,PstCd,Max16Text,0,1
pacs.009.001.13,/Document/FICdtTrf/CdtTrfTxInf/IntrmyAgt2/FinInstnId/PstlAdr/TwnNm,TwnNm,Max140Text,0,1
pacs.009.001.13,/Document/FICdtTrf/CdtTrfTxInf/IntrmyAgt2/FinInstnId/PstlAdr/TwnLctnNm,TwnLctnNm,Max140Text,0,1
pacs.009.001.13,/Document/FICdtTrf/CdtTrfTxInf/IntrmyAgt2/FinInstnId/PstlAdr/DstrctNm,DstrctNm,Max140Text,0,1
pacs.009.001.13,/Document/FICdtTrf/CdtTrfTxInf/IntrmyAgt2/FinInstnId/PstlAdr/CtrySubDvsn,CtrySubDvsn,Max35Text,0,1
pacs.009.001.13,/Document/FICdtTrf/CdtTrfTxInf/IntrmyAgt2/FinInstnId/PstlAdr/Ctry,Ctry,CountryCode,0,1
pacs.009.001.13,/Document/FICdtTrf/CdtTrfTxInf/IntrmyAgt2/FinInstnId/PstlAdr/AdrLine,AdrLine,Max70Text,0,7
pacs.009.001.13,/Document/FICdtTrf/CdtTrfTxInf/IntrmyAgt2/FinInstnId/Othr,Othr,GenericFinancialIdentification1,0,1
pacs.009.001.13,/Document/FICdtTrf/CdtTrfTxInf/IntrmyAgt2/FinInstnId/Othr/Id,Id,Max35Text,1,1
pacs.009.001.13,/Document/FICdtTrf/CdtTrfTxInf/IntrmyAgt2/FinInstnId/Othr/SchmeNm,SchmeNm,FinancialIdentificationSchemeName1Choice,0,1
pacs.009.001.13,/Document/FICdtTrf/CdtTrfTxInf/IntrmyAgt2/FinInstnId/Othr/SchmeNm/Cd,Cd,ExternalFinancialInstitutionIdentification1Code,1,1
pacs.009.001.13,/Document/FICdtTrf/CdtTrfTxInf/IntrmyAgt2/FinInstnId/Othr/SchmeNm/Prtry,Prtry,Max35Text,1,1
pacs.009.001.13,/Document/FICdtTrf/CdtTrfTxInf/IntrmyAgt2/FinInstnId/Othr/Issr,Issr,Max35Text,0,1
pacs.009.001.13,/Document/FICdtTrf/CdtTrfTxInf/IntrmyAgt2/BrnchId,BrnchId,BranchData5,0,1
pacs.009.001.13,/Document/FICdtTrf/CdtTrfTxInf/IntrmyAgt2/BrnchId/Id,Id,Max35Text,0,1
pacs.009.001.13,/Document/FICdtTrf/CdtTrfTxInf/IntrmyAgt2/BrnchId/LEI,LEI,LEIIdentifier,0,1
pacs.009.001.13,/Document/FICdtTrf/CdtTrfTxInf/IntrmyAgt2/BrnchId/Nm,Nm,Max140Text,0,1
pacs.009.001.13,/Document/FICdtTrf/CdtTrfTxInf/IntrmyAgt2/BrnchId/PstlAdr,PstlAdr,PostalAddress27,0,1
pacs.009.001.13,/Document/FICdtTrf/CdtTrfTxInf/IntrmyAgt2/BrnchId/PstlAdr/AdrTp,AdrTp,AddressType3Choice,0,1
pacs.009.001.13,/Document/FICdtTrf/CdtTrfTxInf/IntrmyAgt2/BrnchId/PstlAdr/AdrTp/Cd,Cd,AddressType2Code,1,1
pacs.009.001.13,/Document/FICdtTrf/CdtTrfTxInf/IntrmyAgt2/BrnchId/PstlAdr/AdrTp/Prtry,Prtry,GenericIdentification30,1,1
pacs.009.001.13,/Document/FICdtTrf/CdtTrfTxInf/IntrmyAgt2/BrnchId/PstlAdr/AdrTp/Prtry/Id,Id,Exact4AlphaNumericText,1,1
pacs.009.001.13,/Document/FICdtTrf/CdtTrfTxInf/IntrmyAgt2/BrnchId/PstlAdr/AdrTp/Prtry/Issr,Issr,Max35Text,1,1
pacs.009.001.13,/Document/FICdtTrf/CdtTrfTxInf/IntrmyAgt2/BrnchId/PstlAdr/AdrTp/Prtry/SchmeNm,SchmeNm,Max35Text,0,1
pacs.009.001.13,/Document/FICdtTrf/CdtTrfTxInf/IntrmyAgt2/BrnchId/PstlAdr/CareOf,CareOf,Max140Text,0,1
pacs.009.001.13,/Document/FICdtTrf/CdtTrfTxInf/IntrmyAgt2/BrnchId/PstlAdr/Dept,Dept,Max70Text,0,1
pacs.009.001.13,/Document/FICdtTrf/CdtTrfTxInf/IntrmyAgt2/BrnchId/PstlAdr/SubDept,SubDept,Max70Text,0,1
pacs.009.001.13,/Document/FICdtTrf/CdtTrfTxInf/IntrmyAgt2/BrnchId/PstlAdr/StrtNm,StrtNm,Max140Text,0,1
pacs.009.001.13,/Document/FICdtTrf/CdtTrfTxInf/IntrmyAgt2/BrnchId/PstlAdr/BldgNb,BldgNb,Max16Text,0,1
pacs.009.001.13,/Document/FICdtTrf/CdtTrfTxInf/IntrmyAgt2/BrnchId/PstlAdr/BldgNm,BldgNm,Max140Text,0,1
pacs.009.001.13,/Document/FICdtTrf/CdtTrfTxInf/IntrmyAgt2/BrnchId/PstlAdr/Flr,Flr,Max70Text,0,1
pacs.009.001.13,/Document/FICdtTrf/CdtTrfTxInf/IntrmyAgt2/BrnchId/PstlAdr/UnitNb,UnitNb,Max16Text,0,1
pacs.009.001.13,/Document/FICdtTrf/CdtTrfTxInf/IntrmyAgt2/BrnchId/PstlAdr/PstBx,PstBx,Max16Text,0,1
pacs.009.001.13,/Document/FICdtTrf/CdtTrfTxInf/IntrmyAgt2/BrnchId/PstlAdr/Room,Room,Max70Text,0,1
pacs.009.001.13,/Document/FICdtTrf/CdtTrfTxInf/IntrmyAgt2/BrnchId/PstlAdr/PstCd,PstCd,Max16Text,0,1
pacs.009.001.13,/Document/FICdtTrf/CdtTrfTxInf/IntrmyAgt2/BrnchId/PstlAdr/TwnNm,TwnNm,Max140Text,0,1
pacs.009.001.13,/Document/FICdtTrf/CdtTrfTxInf/IntrmyAgt2/BrnchId/PstlAdr/TwnLctnNm,TwnLctnNm,Max140Text,0,1
pacs.009.001.13,/Document/FICdtTrf/CdtTrfTxInf/IntrmyAgt2/BrnchId/PstlAdr/DstrctNm,DstrctNm,Max140Text,0,1
pacs.009.001.13,/Document/FICdtTrf/CdtTrfTxInf/IntrmyAgt2/BrnchId/PstlAdr/CtrySubDvsn,CtrySubDvsn,Max35Text,0,1
pacs.009.001.13,/Document/FICdtTrf/CdtTrfTxInf/IntrmyAgt2/BrnchId/PstlAdr/Ctry,Ctry,CountryCode,0,1
pacs.009.001.13,/Document/FICdtTrf/CdtTrfTxInf/IntrmyAgt2/BrnchId/PstlAdr/AdrLine,AdrLine,Max70Text,0,7
pacs.009.001.13,/Document/FICdtTrf/CdtTrfTxInf/IntrmyAgt2Acct,IntrmyAgt2Acct,CashAccount40,0,1
pacs.009.001.13,/Document/FICdtTrf/CdtTrfTxInf/IntrmyAgt2Acct/Id,Id,AccountIdentification4Choice,0,1
pacs.009.001.13,/Document/FICdtTrf/CdtTrfTxInf/IntrmyAgt2Acct/Id/IBAN,IBAN,IBAN2007Identifier,1,1
pacs.009.001.13,/Document/FICdtTrf/CdtTrfTxInf/IntrmyAgt2Acct/Id/Othr,Othr,GenericAccountIdentification1,1,1
pacs.009.001.13,/Document/FICdtTrf/CdtTrfTxInf/IntrmyAgt2Acct/Id/Othr/Id,Id,Max34Text,1,1
pacs.009.001.13,/Document/FICdtTrf/CdtTrfTxInf/IntrmyAgt2Acct/Id/Othr/SchmeNm,SchmeNm,AccountSchemeName1Choice,0,1
pacs.009.001.13,/Document/FICdtTrf/CdtTrfTxInf/IntrmyAgt2Acct/Id/Othr/SchmeNm/Cd,Cd,ExternalAccountIdentification1Code,1,1
pacs.009.001.13,/Document/FICdtTrf/CdtTrfTxInf/IntrmyAgt2Acct/Id/Othr/SchmeNm/Prtry,Prtry,Max35Text,1,1
pacs.009.001.13,/Document/FICdtTrf/CdtTrfTxInf/IntrmyAgt2Acct/Id/Othr/Issr,Issr,Max35Text,0,1
pacs.009.001.13,/Document/FICdtTrf/CdtTrfTxInf/IntrmyAgt2Acct/Tp,Tp,CashAccountType2Choice,0,1
pacs.009.001.13,/Document/FICdtTrf/CdtTrfTxInf/IntrmyAgt2Acct/Tp/Cd,Cd,ExternalCashAccountType1Code,1,1
pacs.009.001.13,/Document/FICdtTrf/CdtTrfTxInf/IntrmyAgt2Acct/Tp/Prtry,Prtry,Max35Text,1,1
pacs.009.001.13,/Document/FICdtTrf/CdtTrfTxInf/IntrmyAgt2Acct/Ccy,Ccy,ActiveOrHistoricCurrencyCode,0,1
pacs.009.001.13,/Document/FICdtTrf/CdtTrfTxInf/IntrmyAgt2Acct/Nm,Nm,Max70Text,0,1
pacs.009.001.13,/Document/FICdtTrf/CdtTrfTxInf/IntrmyAgt2Acct/Prxy,Prxy,ProxyAccountIdentification1,0,1
pacs.009.001.13,/Document/FICdtTrf/CdtTrfTxInf/IntrmyAgt2Acct/Prxy/Tp,Tp,ProxyAccountType1Choice,0,1
pacs.009.001.13,/Document/FICdtTrf/CdtTrfTxInf/IntrmyAgt2Acct/Prxy/Tp/Cd,Cd,ExternalProxyAccountType1Code,1,1
pacs.009.001.13,/Document/FICdtTrf/CdtTrfTxInf/IntrmyAgt2Acct/Prxy/Tp/Prtry,Prtry,Max35Text,1,1
pacs.009.001.13,/Document/FICdtTrf/CdtTrfTxInf/IntrmyAgt2Acct/Prxy/Id,Id,Max2048Text,1,1
pacs.009.001.13,/Document/FICdtTrf/CdtTrfTxInf/IntrmyAgt3,IntrmyAgt3,BranchAndFinancialInstitutionIdentification8,0,1
pacs.009.001.13,/Document/FICdtTrf/CdtTrfTxInf/IntrmyAgt3/FinInstnId,FinInstnId,FinancialInstitutionIdentification23,1,1
pacs.009.001.13,/Document/FICdtTrf/CdtTrfTxInf/IntrmyAgt3/FinInstnId/BICFI,BICFI,BICFIDec2014Identifier,0,1
pacs.009.001.13,/Document/FICdtTrf/CdtTrfTxInf/IntrmyAgt3/FinInstnId/ClrSysMmbId,ClrSysMmbId,ClearingSystemMemberIdentification2,0,1
pacs.009.001.13,/Document/FICdtTrf/CdtTrfTxInf/IntrmyAgt3/FinInstnId/ClrSysMmbId/ClrSysId,ClrSysId,ClearingSystemIdentification2Choice,0,1
pacs.009.001.13,/Document/FICdtTrf/CdtTrfTxInf/IntrmyAgt3/FinInstnId/ClrSysMmbId/ClrSysId/Cd,Cd,ExternalClearingSystemIdentification1Code,1,1
pacs.009.001.13,/Document/FICdtTrf/CdtTrfTxInf/IntrmyAgt3/FinInstnId/ClrSysMmbId/ClrSysId/Prtry,Prtry,Max35Text,1,1
pacs.009.001.13,/Document/FICdtTrf/CdtTrfTxInf/IntrmyAgt3/FinInstnId/ClrSysMmbId/MmbId,MmbId,Max35Text,1,1
pacs.009.001.13,/Document/FICdtTrf/CdtTrfTxInf/IntrmyAgt3/FinInstnId/LEI,LEI,LEIIdentifier,0,1
pacs.009.001.13,/Document/FICdtTrf/CdtTrfTxInf/IntrmyAgt3/FinInstnId/Nm,Nm,Max140Text,0,1
pacs.009.001.13,/Document/FICdtTrf/CdtTrfTxInf/IntrmyAgt3/FinInstnId/PstlAdr,PstlAdr,PostalAddress27,0,1
pacs.009.001.13,/Document/FICdtTrf/CdtTrfTxInf/IntrmyAgt3/FinInstnId/PstlAdr/AdrTp,AdrTp,AddressType3Choice,0,1
pacs.009.001.13,/Document/FICdtTrf/CdtTrfTxInf/IntrmyAgt3/FinInstnId/PstlAdr/AdrTp/Cd,Cd,AddressType2Code,1,1
pacs.009.001.13,/Document/FICdtTrf/CdtTrfTxInf/IntrmyAgt3/FinInstnId/PstlAdr/AdrTp/Prtry,Prtry,GenericIdentification30,1,1
pacs.009.001.13,/Document/FICdtTrf/CdtTrfTxInf/IntrmyAgt3/FinInstnId/PstlAdr/AdrTp/Prtry/Id,Id,Exact4AlphaNumericText,1,1
pacs.009.001.13,/Document/FICdtTrf/CdtTrfTxInf/IntrmyAgt3/FinInstnId/PstlAdr/AdrTp/Prtry/Issr,Issr,Max35Text,1,1
pacs.009.001.13,/Document/FICdtTrf/CdtTrfTxInf/IntrmyAgt3/FinInstnId/PstlAdr/AdrTp/Prtry/SchmeNm,SchmeNm,Max35Text,0,1
pacs.009.001.13,/Document/FICdtTrf/CdtTrfTxInf/IntrmyAgt3/FinInstnId/PstlAdr/CareOf,CareOf,Max140Text,0,1
pacs.009.001.13,/Document/FICdtTrf/CdtTrfTxInf/IntrmyAgt3/FinInstnId/PstlAdr/Dept,Dept,Max70Text,0,1
pacs.009.001.13,/Document/FICdtTrf/CdtTrfTxInf/IntrmyAgt3/FinInstnId/PstlAdr/SubDept,SubDept,Max70Text,0,1
pacs.009.001.13,/Document/FICdtTrf/CdtTrfTxInf/IntrmyAgt3/FinInstnId/PstlAdr/StrtNm,StrtNm,Max140Text,0,1
pacs.009.001.13,/Document/FICdtTrf/CdtTrfTxInf/IntrmyAgt3/FinInstnId/PstlAdr/BldgNb,BldgNb,Max16Text,0,1
pacs.009.001.13,/Document/FICdtTrf/CdtTrfTxInf/IntrmyAgt3/FinInstnId/PstlAdr/BldgNm,BldgNm,Max140Text,0,1
pacs.009.001.13,/Document/FICdtTrf/CdtTrfTxInf/IntrmyAgt3/FinInstnId/PstlAdr/Flr,Flr,Max70Text,0,1
pacs.009.001.13,/Document/FICdtTrf/CdtTrfTxInf/IntrmyAgt3/FinInstnId/PstlAdr/UnitNb,UnitNb,Max16Text,0,1
pacs.009.001.13,/Document/FICdtTrf/CdtTrfTxInf/IntrmyAgt3/FinInstnId/PstlAdr/PstBx,PstBx,Max16Text,0,1
pacs.009.001.13,/Document/FICdtTrf/CdtTrfTxInf/IntrmyAgt3/FinInstnId/PstlAdr/Room,Room,Max70Text,0,1
pacs.009.001.13,/Document/FICdtTrf/CdtTrfTxInf/IntrmyAgt3/FinInstnId/PstlAdr/PstCd,PstCd,Max16Text,0,1
pacs.009.001.13,/Document/FICdtTrf/CdtTrfTxInf/IntrmyAgt3/FinInstnId/PstlAdr/TwnNm,TwnNm,Max140Text,0,1
pacs.009.001.13,/Document/FICdtTrf/CdtTrfTxInf/IntrmyAgt3/FinInstnId/PstlAdr/TwnLctnNm,TwnLctnNm,Max140Text,0,1
pacs.009.001.13,/Document/FICdtTrf/CdtTrfTxInf/IntrmyAgt3/FinInstnId/PstlAdr/DstrctNm,DstrctNm,Max140Text,0,1
pacs.009.001.13,/Document/FICdtTrf/CdtTrfTxInf/IntrmyAgt3/FinInstnId/PstlAdr/CtrySubDvsn,CtrySubDvsn,Max35Text,0,1
pacs.009.001.13,/Document/FICdtTrf/CdtTrfTxInf/IntrmyAgt3/FinInstnId/PstlAdr/Ctry,Ctry,CountryCode,0,1
pacs.009.001.13,/Document/FICdtTrf/CdtTrfTxInf/IntrmyAgt3/FinInstnId/PstlAdr/AdrLine,AdrLine,Max70Text,0,7
pacs.009.001.13,/Document/FICdtTrf/CdtTrfTxInf/IntrmyAgt3/FinInstnId/Othr,Othr,GenericFinancialIdentification1,0,1
pacs.009.001.13,/Document/FICdtTrf/CdtTrfTxInf/IntrmyAgt3/FinInstnId/Othr/Id,Id,Max35Text,1,1
pacs.009.001.13,/Document/FICdtTrf/CdtTrfTxInf/IntrmyAgt3/FinInstnId/Othr/SchmeNm,SchmeNm,FinancialIdentificationSchemeName1Choice,0,1
pacs.009.001.13,/Document/FICdtTrf/CdtTrfTxInf/IntrmyAgt3/FinInstnId/Othr/SchmeNm/Cd,Cd,ExternalFinancialInstitutionIdentification1Code,1,1
pacs.009.001.13,/Document/FICdtTrf/CdtTrfTxInf/IntrmyAgt3/FinInstnId/Othr/SchmeNm/Prtry,Prtry,Max35Text,1,1
pacs.009.001.13,/Document/FICdtTrf/CdtTrfTxInf/IntrmyAgt3/FinInstnId/Othr/Issr,Issr,Max35Text,0,1
pacs.009.001.13,/Document/FICdtTrf/CdtTrfTxInf/IntrmyAgt3/BrnchId,BrnchId,BranchData5,0,1
pacs.009.001.13,/Document/FICdtTrf/CdtTrfTxInf/IntrmyAgt3/BrnchId/Id,Id,Max35Text,0,1
pacs.009.001.13,/Document/FICdtTrf/CdtTrfTxInf/IntrmyAgt3/BrnchId/LEI,LEI,LEIIdentifier,0,1
pacs.009.001.13,/Document/FICdtTrf/CdtTrfTxInf/IntrmyAgt3/BrnchId/Nm,Nm,Max140Text,0,1
pacs.009.001.13,/Document/FICdtTrf/CdtTrfTxInf/IntrmyAgt3/BrnchId/PstlAdr,PstlAdr,PostalAddress27,0,1
pacs.009.001.13,/Document/FICdtTrf/CdtTrfTxInf/IntrmyAgt3/BrnchId/PstlAdr/AdrTp,AdrTp,AddressType3Choice,0,1
pacs.009.001.13,/Document/FICdtTrf/CdtTrfTxInf/IntrmyAgt3/BrnchId/PstlAdr/AdrTp/Cd,Cd,AddressType2Code,1,1
pacs.009.001.13,/Document/FICdtTrf/CdtTrfTxInf/IntrmyAgt3/BrnchId/PstlAdr/AdrTp/Prtry,Prtry,GenericIdentification30,1,1
pacs.009.001.13,/Document/FICdtTrf/CdtTrfTxInf/IntrmyAgt3/BrnchId/PstlAdr/AdrTp/Prtry/Id,Id,Exact4AlphaNumericText,1,1
pacs.009.001.13,/Document/FICdtTrf/CdtTrfTxInf/IntrmyAgt3/BrnchId/PstlAdr/AdrTp/Prtry/Issr,Issr,Max35Text,1,1
pacs.009.001.13,/Document/FICdtTrf/CdtTrfTxInf/IntrmyAgt3/BrnchId/PstlAdr/AdrTp/Prtry/SchmeNm,SchmeNm,Max35Text,0,1
pacs.009.001.13,/Document/FICdtTrf/CdtTrfTxInf/IntrmyAgt3/BrnchId/PstlAdr/CareOf,CareOf,Max140Text,0,1
pacs.009.001.13,/Document/FICdtTrf/CdtTrfTxInf/IntrmyAgt3/BrnchId/PstlAdr/Dept,Dept,Max70Text,0,1
pacs.009.001.13,/Document/FICdtTrf/CdtTrfTxInf/IntrmyAgt3/BrnchId/PstlAdr/SubDept,SubDept,Max70Text,0,1
pacs.009.001.13,/Document/FICdtTrf/CdtTrfTxInf/IntrmyAgt3/BrnchId/PstlAdr/StrtNm,StrtNm,Max140Text,0,1
pacs.009.001.13,/Document/FICdtTrf/CdtTrfTxInf/IntrmyAgt3/BrnchId/PstlAdr/BldgNb,BldgNb,Max16Text,0,1
pacs.009.001.13,/Document/FICdtTrf/CdtTrfTxInf/IntrmyAgt3/BrnchId/PstlAdr/BldgNm,BldgNm,Max140Text,0,1
pacs.009.001.13,/Document/FICdtTrf/CdtTrfTxInf/IntrmyAgt3/BrnchId/PstlAdr/Flr,Flr,Max70Text,0,1
pacs.009.001.13,/Document/FICdtTrf/CdtTrfTxInf/IntrmyAgt3/BrnchId/PstlAdr/UnitNb,UnitNb,Max16Text,0,1
pacs.009.001.13,/Document/FICdtTrf/CdtTrfTxInf/IntrmyAgt3/BrnchId/PstlAdr/PstBx,PstBx,Max16Text,0,1
pacs.009.001.13,/Document/FICdtTrf/CdtTrfTxInf/IntrmyAgt3/BrnchId/PstlAdr/Room,Room,Max70Text,0,1
pacs.009.001.13,/Document/FICdtTrf/CdtTrfTxInf/IntrmyAgt3/BrnchId/PstlAdr/PstCd,PstCd,Max16Text,0,1
pacs.009.001.13,/Document/FICdtTrf/CdtTrfTxInf/IntrmyAgt3/BrnchId/PstlAdr/TwnNm,TwnNm,Max140Text,0,1
pacs.009.001.13,/Document/FICdtTrf/CdtTrfTxInf/IntrmyAgt3/BrnchId/PstlAdr/TwnLctnNm,TwnLctnNm,Max140Text,0,1
pacs.009.001.13,/Document/FICdtTrf/CdtTrfTxInf/IntrmyAgt3/BrnchId/PstlAdr/DstrctNm,DstrctNm,Max140Text,0,1
pacs.009.001.13,/Document/FICdtTrf/CdtTrfTxInf/IntrmyAgt3/BrnchId/PstlAdr/CtrySubDvsn,CtrySubDvsn,Max35Text,0,1
pacs.009.001.13,/Document/FICdtTrf/CdtTrfTxInf/IntrmyAgt3/BrnchId/PstlAdr/Ctry,Ctry,CountryCode,0,1
pacs.009.001.13,/Document/FICdtTrf/CdtTrfTxInf/IntrmyAgt3/BrnchId/PstlAdr/AdrLine,AdrLine,Max70Text,0,7
pacs.009.001.13,/Document/FICdtTrf/CdtTrfTxInf/IntrmyAgt3Acct,IntrmyAgt3Acct,CashAccount40,0,1
pacs.009.001.13,/Document/FICdtTrf/CdtTrfTxInf/IntrmyAgt3Acct/Id,Id,AccountIdentification4Choice,0,1
pacs.009.001.13,/Document/FICdtTrf/CdtTrfTxInf/IntrmyAgt3Acct/Id/IBAN,IBAN,IBAN2007Identifier,1,1
pacs.009.001.13,/Document/FICdtTrf/CdtTrfTxInf/IntrmyAgt3Acct/Id/Othr,Othr,GenericAccountIdentification1,1,1
pacs.009.001.13,/Document/FICdtTrf/CdtTrfTxInf/IntrmyAgt3Acct/Id/Othr/Id,Id,Max34Text,1,1
pacs.009.001.13,/Document/FICdtTrf/CdtTrfTxInf/IntrmyAgt3Acct/Id/Othr/SchmeNm,SchmeNm,AccountSchemeName1Choice,0,1
pacs.009.001.13,/Document/FICdtTrf/CdtTrfTxInf/IntrmyAgt3Acct/Id/Othr/SchmeNm/Cd,Cd,ExternalAccountIdentification1Code,1,1
pacs.009.001.13,/Document/FICdtTrf/CdtTrfTxInf/IntrmyAgt3Acct/Id/Othr/SchmeNm/Prtry,Prtry,Max35Text,1,1
pacs.009.001.13,/Document/FICdtTrf/CdtTrfTxInf/IntrmyAgt3Acct/Id/Othr/Issr,Issr,Max35Text,0,1
pacs.009.001.13,/Document/FICdtTrf/CdtTrfTxInf/IntrmyAgt3Acct/Tp,Tp,CashAccountType2Choice,0,1
pacs.009.001.13,/Document/FICdtTrf/CdtTrfTxInf/IntrmyAgt3Acct/Tp/Cd,Cd,ExternalCashAccountType1Code,1,1
pacs.009.001.13,/Document/FICdtTrf/CdtTrfTxInf/IntrmyAgt3Acct/Tp/Prtry,Prtry,Max35Text,1,1
pacs.009.001.13,/Document/FICdtTrf/CdtTrfTxInf/IntrmyAgt3Acct/Ccy,Ccy,ActiveOrHistoricCurrencyCode,0,1
pacs.009.001.13,/Document/FICdtTrf/CdtTrfTxInf/IntrmyAgt3Acct/Nm,Nm,Max70Text,0,1
pacs.009.001.13,/Document/FICdtTrf/CdtTrfTxInf/IntrmyAgt3Acct/Prxy,Prxy,ProxyAccountIdentification1,0,1
pacs.009.001.13,/Document/FICdtTrf/CdtTrfTxInf/IntrmyAgt3Acct/Prxy/Tp,Tp,ProxyAccountType1Choice,0,1
pacs.009.001.13,/Document/FICdtTrf/CdtTrfTxInf/IntrmyAgt3Acct/Prxy/Tp/Cd,Cd,ExternalProxyAccountType1Code,1,1
pacs.009.001.13,/Document/FICdtTrf/CdtTrfTxInf/IntrmyAgt3Acct/Prxy/Tp/Prtry,Prtry,Max35Text,1,1
pacs.009.001.13,/Document/FICdtTrf/CdtTrfTxInf/IntrmyAgt3Acct/Prxy/Id,Id,Max2048Text,1,1
pacs.009.001.13,/Document/FICdtTrf/CdtTrfTxInf/UltmtDbtr,UltmtDbtr,BranchAndFinancialInstitutionIdentification8,0,1
pacs.009.001.13,/Document/FICdtTrf/CdtTrfTxInf/UltmtDbtr/FinInstnId,FinInstnId,FinancialInstitutionIdentification23,1,1
pacs.009.001.13,/Document/FICdtTrf/CdtTrfTxInf/UltmtDbtr/FinInstnId/BICFI,BICFI,BICFIDec2014Identifier,0,1
pacs.009.001.13,/Document/FICdtTrf/CdtTrfTxInf/UltmtDbtr/FinInstnId/ClrSysMmbId,ClrSysMmbId,ClearingSystemMemberIdentification2,0,1
pacs.009.001.13,/Document/FICdtTrf/CdtTrfTxInf/UltmtDbtr/FinInstnId/ClrSysMmbId/ClrSysId,ClrSysId,ClearingSystemIdentification2Choice,0,1
pacs.009.001.13,/Document/FICdtTrf/CdtTrfTxInf/UltmtDbtr/FinInstnId/ClrSysMmbId/ClrSysId/Cd,Cd,ExternalClearingSystemIdentification1Code,1,1
pacs.009.001.13,/Document/FICdtTrf/CdtTrfTxInf/UltmtDbtr/FinInstnId/ClrSysMmbId/ClrSysId/Prtry,Prtry,Max35Text,1,1
pacs.009.001.13,/Document/FICdtTrf/CdtTrfTxInf/UltmtDbtr/FinInstnId/ClrSysMmbId/MmbId,MmbId,Max35Text,1,1
pacs.009.001.13,/Document/FICdtTrf/CdtTrfTxInf/UltmtDbtr/FinInstnId/LEI,LEI,LEIIdentifier,0,1
pacs.009.001.13,/Document/FICdtTrf/CdtTrfTxInf/UltmtDbtr/FinInstnId/Nm,Nm,Max140Text,0,1
pacs.009.001.13,/Document/FICdtTrf/CdtTrfTxInf/UltmtDbtr/FinInstnId/PstlAdr,PstlAdr,PostalAddress27,0,1
pacs.009.001.13,/Document/FICdtTrf/CdtTrfTxInf/UltmtDbtr/FinInstnId/PstlAdr/AdrTp,AdrTp,AddressType3Choice,0,1
pacs.009.001.13,/Document/FICdtTrf/CdtTrfTxInf/UltmtDbtr/FinInstnId/PstlAdr/AdrTp/Cd,Cd,AddressType2Code,1,1
pacs.009.001.13,/Document/FICdtTrf/CdtTrfTxInf/UltmtDbtr/FinInstnId/PstlAdr/AdrTp/Prtry,Prtry,GenericIdentification30,1,1
pacs.009.001.13,/Document/FICdtTrf/CdtTrfTxInf/UltmtDbtr/FinInstnId/PstlAdr/AdrTp/Prtry/Id,Id,Exact4AlphaNumericText,1,1
pacs.009.001.13,/Document/FICdtTrf/CdtTrfTxInf/UltmtDbtr/FinInstnId/PstlAdr/AdrTp/Prtry/Issr,Issr,Max35Text,1,1
pacs.009.001.13,/Document/FICdtTrf/CdtTrfTxInf/UltmtDbtr/FinInstnId/PstlAdr/AdrTp/Prtry/SchmeNm,SchmeNm,Max35Text,0,1
pacs.009.001.13,/Document/FICdtTrf/CdtTrfTxInf/UltmtDbtr/FinInstnId/PstlAdr/CareOf,CareOf,Max140Text,0,1
pacs.009.001.13,/Document/FICdtTrf/CdtTrfTxInf/UltmtDbtr/FinInstnId/PstlAdr/Dept,Dept,Max70Text,0,1
pacs.009.001.13,/Document/FICdtTrf/CdtTrfTxInf/UltmtDbtr/FinInstnId/PstlAdr/SubDept,SubDept,Max70Text,0,1
pacs.009.001.13,/Document/FICdtTrf/CdtTrfTxInf/UltmtDbtr/FinInstnId/PstlAdr/StrtNm,StrtNm,Max140Text,0,1
pacs.009.001.13,/Document/FICdtTrf/CdtTrfTxInf/UltmtDbtr/FinInstnId/PstlAdr/BldgNb,BldgNb,Max16Text,0,1
pacs.009.001.13,/Document/FICdtTrf/CdtTrfTxInf/UltmtDbtr/FinInstnId/PstlAdr/BldgNm,BldgNm,Max140Text,0,1
pacs.009.001.13,/Document/FICdtTrf/CdtTrfTxInf/UltmtDbtr/FinInstnId/PstlAdr/Flr,Flr,Max70Text,0,1
pacs.009.001.13,/Document/FICdtTrf/CdtTrfTxInf/UltmtDbtr/FinInstnId/PstlAdr/UnitNb,UnitNb,Max16Text,0,1
pacs.009.001.13,/Document/FICdtTrf/CdtTrfTxInf/UltmtDbtr/FinInstnId/PstlAdr/PstBx,PstBx,Max16Text,0,1
pacs.009.001.13,/Document/FICdtTrf/CdtTrfTxInf/UltmtDbtr/FinInstnId/PstlAdr/Room,Room,Max70Text,0,1
pacs.009.001.13,/Document/FICdtTrf/CdtTrfTxInf/UltmtDbtr/FinInstnId/PstlAdr/PstCd,PstCd,Max16Text,0,1
pacs.009.001.13,/Document/FICdtTrf/CdtTrfTxInf/UltmtDbtr/FinInstnId/PstlAdr/TwnNm,TwnNm,Max140Text,0,1
pacs.009.001.13,/Document/FICdtTrf/CdtTrfTxInf/UltmtDbtr/FinInstnId/PstlAdr/TwnLctnNm,TwnLctnNm,Max140Text,0,1
pacs.009.001.13,/Document/FICdtTrf/CdtTrfTxInf/UltmtDbtr/FinInstnId/PstlAdr/DstrctNm,DstrctNm,Max140Text,0,1
pacs.009.001.13,/Document/FICdtTrf/CdtTrfTxInf/UltmtDbtr/FinInstnId/PstlAdr/CtrySubDvsn,CtrySubDvsn,Max35Text,0,1
pacs.009.001.13,/Document/FICdtTrf/CdtTrfTxInf/UltmtDbtr/FinInstnId/PstlAdr/Ctry,Ctry,CountryCode,0,1
pacs.009.001.13,/Document/FICdtTrf/CdtTrfTxInf/UltmtDbtr/FinInstnId/PstlAdr/AdrLine,AdrLine,Max70Text,0,7
pacs.009.001.13,/Document/FICdtTrf/CdtTrfTxInf/UltmtDbtr/FinInstnId/Othr,Othr,GenericFinancialIdentification1,0,1
pacs.009.001.13,/Document/FICdtTrf/CdtTrfTxInf/UltmtDbtr/FinInstnId/Othr/Id,Id,Max35Text,1,1
pacs.009.001.13,/Document/FICdtTrf/CdtTrfTxInf/UltmtDbtr/FinInstnId/Othr/SchmeNm,SchmeNm,FinancialIdentificationSchemeName1Choice,0,1
pacs.009.001.13,/Document/FICdtTrf/CdtTrfTxInf/UltmtDbtr/FinInstnId/Othr/SchmeNm/Cd,Cd,ExternalFinancialInstitutionIdentification1Code,1,1
pacs.009.001.13,/Document/FICdtTrf/CdtTrfTxInf/UltmtDbtr/FinInstnId/Othr/SchmeNm/Prtry,Prtry,Max35Text,1,1
pacs.009.001.13,/Document/FICdtTrf/CdtTrfTxInf/UltmtDbtr/FinInstnId/Othr/Issr,Issr,Max35Text,0,1
pacs.009.001.13,/Document/FICdtTrf/CdtTrfTxInf/UltmtDbtr/BrnchId,BrnchId,BranchData5,0,1
pacs.009.001.13,/Document/FICdtTrf/CdtTrfTxInf/UltmtDbtr/BrnchId/Id,Id,Max35Text,0,1
pacs.009.001.13,/Document/FICdtTrf/CdtTrfTxInf/UltmtDbtr/BrnchId/LEI,LEI,LEIIdentifier,0,1
pacs.009.001.13,/Document/FICdtTrf/CdtTrfTxInf/UltmtDbtr/BrnchId/Nm,Nm,Max140Text,0,1
pacs.009.001.13,/Document/FICdtTrf/CdtTrfTxInf/UltmtDbtr/BrnchId/PstlAdr,PstlAdr,PostalAddress27,0,1
pacs.009.001.13,/Document/FICdtTrf/CdtTrfTxInf/UltmtDbtr/BrnchId/PstlAdr/AdrTp,AdrTp,AddressType3Choice,0,1
pacs.009.001.13,/Document/FICdtTrf/CdtTrfTxInf/UltmtDbtr/BrnchId/PstlAdr/AdrTp/Cd,Cd,AddressType2Code,1,1
pacs.009.001.13,/Document/FICdtTrf/CdtTrfTxInf/UltmtDbtr/BrnchId/PstlAdr/AdrTp/Prtry,Prtry,GenericIdentification30,1,1
pacs.009.001.13,/Document/FICdtTrf/CdtTrfTxInf/UltmtDbtr/BrnchId/PstlAdr/AdrTp/Prtry/Id,Id,Exact4AlphaNumericText,1,1
pacs.009.001.13,/Document/FICdtTrf/CdtTrfTxInf/UltmtDbtr/BrnchId/PstlAdr/AdrTp/Prtry/Issr,Issr,Max35Text,1,1
pacs.009.001.13,/Document/FICdtTrf/CdtTrfTxInf/UltmtDbtr/BrnchId/PstlAdr/AdrTp/Prtry/SchmeNm,SchmeNm,Max35Text,0,1
pacs.009.001.13,/Document/FICdtTrf/CdtTrfTxInf/UltmtDbtr/BrnchId/PstlAdr/CareOf,CareOf,Max140Text,0,1
pacs.009.001.13,/Document/FICdtTrf/CdtTrfTxInf/UltmtDbtr/BrnchId/PstlAdr/Dept,Dept,Max70Text,0,1
pacs.009.001.13,/Document/FICdtTrf/CdtTrfTxInf/UltmtDbtr/BrnchId/PstlAdr/SubDept,SubDept,Max70Text,0,1
pacs.009.001.13,/Document/FICdtTrf/CdtTrfTxInf/UltmtDbtr/BrnchId/PstlAdr/StrtNm,StrtNm,Max140Text,0,1
pacs.009.001.13,/Document/FICdtTrf/CdtTrfTxInf/UltmtDbtr/BrnchId/PstlAdr/BldgNb,BldgNb,Max16Text,0,1
pacs.009.001.13,/Document/FICdtTrf/CdtTrfTxInf/UltmtDbtr/BrnchId/PstlAdr/BldgNm,BldgNm,Max140Text,0,1
pacs.009.001.13,/Document/FICdtTrf/CdtTrfTxInf/UltmtDbtr/BrnchId/PstlAdr/Flr,Flr,Max70Text,0,1
pacs.009.001.13,/Document/FICdtTrf/CdtTrfTxInf/UltmtDbtr/BrnchId/PstlAdr/UnitNb,UnitNb,Max16Text,0,1
pacs.009.001.13,/Document/FICdtTrf/CdtTrfTxInf/UltmtDbtr/BrnchId/PstlAdr/PstBx,PstBx,Max16Text,0,1
pacs.009.001.13,/Document/FICdtTrf/CdtTrfTxInf/UltmtDbtr/BrnchId/PstlAdr/Room,Room,Max70Text,0,1
pacs.009.001.13,/Document/FICdtTrf/CdtTrfTxInf/UltmtDbtr/BrnchId/PstlAdr/PstCd,PstCd,Max16Text,0,1
pacs.009.001.13,/Document/FICdtTrf/CdtTrfTxInf/UltmtDbtr/BrnchId/PstlAdr/TwnNm,TwnNm,Max140Text,0,1
pacs.009.001.13,/Document/FICdtTrf/CdtTrfTxInf/UltmtDbtr/BrnchId/PstlAdr/TwnLctnNm,TwnLctnNm,Max140Text,0,1
pacs.009.001.13,/Document/FICdtTrf/CdtTrfTxInf/UltmtDbtr/BrnchId/PstlAdr/DstrctNm,DstrctNm,Max140Text,0,1
pacs.009.001.13,/Document/FICdtTrf/CdtTrfTxInf/UltmtDbtr/BrnchId/PstlAdr/CtrySubDvsn,CtrySubDvsn,Max35Text,0,1
pacs.009.001.13,/Document/FICdtTrf/CdtTrfTxInf/UltmtDbtr/BrnchId/PstlAdr/Ctry,Ctry,CountryCode,0,1
pacs.009.001.13,/Document/FICdtTrf/CdtTrfTxInf/UltmtDbtr/BrnchId/PstlAdr/AdrLine,AdrLine,Max70Text,0,7
pacs.009.001.13,/Document/FICdtTrf/CdtTrfTxInf/Dbtr,Dbtr,BranchAndFinancialInstitutionIdentification8,1,1
pacs.009.001.13,/Document/FICdtTrf/CdtTrfTxInf/Dbtr/FinInstnId,FinInstnId,FinancialInstitutionIdentification23,1,1
pacs.009.001.13,/Document/FICdtTrf/CdtTrfTxInf/Dbtr/FinInstnId/BICFI,BICFI,BICFIDec2014Identifier,0,1
pacs.009.001.13,/Document/FICdtTrf/CdtTrfTxInf/Dbtr/FinInstnId/ClrSysMmbId,ClrSysMmbId,ClearingSystemMemberIdentification2,0,1
pacs.009.001.13,/Document/FICdtTrf/CdtTrfTxInf/Dbtr/FinInstnId/ClrSysMmbId/ClrSysId,ClrSysId,ClearingSystemIdentification2Choice,0,1
pacs.009.001.13,/Document/FICdtTrf/CdtTrfTxInf/Dbtr/FinInstnId/ClrSysMmbId/ClrSysId/Cd,Cd,ExternalClearingSystemIdentification1Code,1,1
pacs.009.001.13,/Document/FICdtTrf/CdtTrfTxInf/Dbtr/FinInstnId/ClrSysMmbId/ClrSysId/Prtry,Prtry,Max35Text,1,1
pacs.009.001.13,/Document/FICdtTrf/CdtTrfTxInf/Dbtr/FinInstnId/ClrSysMmbId/MmbId,MmbId,Max35Text,1,1
pacs.009.001.13,/Document/FICdtTrf/CdtTrfTxInf/Dbtr/FinInstnId/LEI,LEI,LEIIdentifier,0,1
pacs.009.001.13,/Document/FICdtTrf/CdtTrfTxInf/Dbtr/FinInstnId/Nm,Nm,Max140Text,0,1
pacs.009.001.13,/Document/FICdtTrf/CdtTrfTxInf/Dbtr/FinInstnId/PstlAdr,PstlAdr,PostalAddress27,0,1
pacs.009.001.13,/Document/FICdtTrf/CdtTrfTxInf/Dbtr/FinInstnId/PstlAdr/AdrTp,AdrTp,AddressType3Choice,0,1
pacs.009.001.13,/Document/FICdtTrf/CdtTrfTxInf/Dbtr/FinInstnId/PstlAdr/AdrTp/Cd,Cd,AddressType2Code,1,1
pacs.009.001.13,/Document/FICdtTrf/CdtTrfTxInf/Dbtr/FinInstnId/PstlAdr/AdrTp/Prtry,Prtry,GenericIdentification30,1,1
pacs.009.001.13,/Document/FICdtTrf/CdtTrfTxInf/Dbtr/FinInstnId/PstlAdr/AdrTp/Prtry/Id,Id,Exact4AlphaNumericText,1,1
pacs.009.001.13,/Document/FICdtTrf/CdtTrfTxInf/Dbtr/FinInstnId/PstlAdr/AdrTp/Prtry/Issr,Issr,Max35Text,1,1
pacs.009.001.13,/Document/FICdtTrf/CdtTrfTxInf/Dbtr/FinInstnId/PstlAdr/AdrTp/Prtry/SchmeNm,SchmeNm,Max35Text,0,1
pacs.009.001.13,/Document/FICdtTrf/CdtTrfTxInf/Dbtr/FinInstnId/PstlAdr/CareOf,CareOf,Max140Text,0,1
pacs.009.001.13,/Document/FICdtTrf/CdtTrfTxInf/Dbtr/FinInstnId/PstlAdr/Dept,Dept,Max70Text,0,1
pacs.009.001.13,/Document/FICdtTrf/CdtTrfTxInf/Dbtr/FinInstnId/PstlAdr/SubDept,SubDept,Max70Text,0,1
pacs.009.001.13,/Document/FICdtTrf/CdtTrfTxInf/Dbtr/FinInstnId/PstlAdr/StrtNm,StrtNm,Max140Text,0,1
pacs.009.001.13,/Document/FICdtTrf/CdtTrfTxInf/Dbtr/FinInstnId/PstlAdr/BldgNb,BldgNb,Max16Text,0,1
pacs.009.001.13,/Document/FICdtTrf/CdtTrfTxInf/Dbtr/FinInstnId/PstlAdr/BldgNm,BldgNm,Max140Text,0,1
pacs.009.001.13,/Document/FICdtTrf/CdtTrfTxInf/Dbtr/FinInstnId/PstlAdr/Flr,Flr,Max70Text,0,1
pacs.009.001.13,/Document/FICdtTrf/CdtTrfTxInf/Dbtr/FinInstnId/PstlAdr/UnitNb,UnitNb,Max16Text,0,1
pacs.009.001.13,/Document/FICdtTrf/CdtTrfTxInf/Dbtr/FinInstnId/PstlAdr/PstBx,PstBx,Max16Text,0,1
pacs.009.001.13,/Document/FICdtTrf/CdtTrfTxInf/Dbtr/FinInstnId/PstlAdr/Room,Room,Max70Text,0,1
pacs.009.001.13,/Document/FICdtTrf/CdtTrfTxInf/Dbtr/FinInstnId/PstlAdr/PstCd,PstCd,Max16Text,0,1
pacs.009.001.13,/Document/FICdtTrf/CdtTrfTxInf/Dbtr/FinInstnId/PstlAdr/TwnNm,TwnNm,Max140Text,0,1
pacs.009.001.13,/Document/FICdtTrf/CdtTrfTxInf/Dbtr/FinInstnId/PstlAdr/TwnLctnNm,TwnLctnNm,Max140Text,0,1
pacs.009.001.13,/Document/FICdtTrf/CdtTrfTxInf/Dbtr/FinInstnId/PstlAdr/DstrctNm,DstrctNm,Max140Text,0,1
pacs.009.001.13,/Document/FICdtTrf/CdtTrfTxInf/Dbtr/FinInstnId/PstlAdr/CtrySubDvsn,CtrySubDvsn,Max35Text,0,1
pacs.009.001.13,/Document/FICdtTrf/CdtTrfTxInf/Dbtr/FinInstnId/PstlAdr/Ctry,Ctry,CountryCode,0,1
pacs.009.001.13,/Document/FICdtTrf/CdtTrfTxInf/Dbtr/FinInstnId/PstlAdr/AdrLine,AdrLine,Max70Text,0,7
pacs.009.001.13,/Document/FICdtTrf/CdtTrfTxInf/Dbtr/FinInstnId/Othr,Othr,GenericFinancialIdentification1,0,1
pacs.009.001.13,/Document/FICdtTrf/CdtTrfTxInf/Dbtr/FinInstnId/Othr/Id,Id,Max35Text,1,1
pacs.009.001.13,/Document/FICdtTrf/CdtTrfTxInf/Dbtr/FinInstnId/Othr/SchmeNm,SchmeNm,FinancialIdentificationSchemeName1Choice,0,1
pacs.009.001.13,/Document/FICdtTrf/CdtTrfTxInf/Dbtr/FinInstnId/Othr/SchmeNm/Cd,Cd,ExternalFinancialInstitutionIdentification1Code,1,1
pacs.009.001.13,/Document/FICdtTrf/CdtTrfTxInf/Dbtr/FinInstnId/Othr/SchmeNm/Prtry,Prtry,Max35Text,1,1
pacs.009.001.13,/Document/FICdtTrf/CdtTrfTxInf/Dbtr/FinInstnId/Othr/Issr,Issr,Max35Text,0,1
pacs.009.001.13,/Document/FICdtTrf/CdtTrfTxInf/Dbtr/BrnchId,BrnchId,BranchData5,0,1
pacs.009.001.13,/Document/FICdtTrf/CdtTrfTxInf/Dbtr/BrnchId/Id,Id,Max35Text,0,1
pacs.009.001.13,/Document/FICdtTrf/CdtTrfTxInf/Dbtr/BrnchId/LEI,LEI,LEIIdentifier,0,1
pacs.009.001.13,/Document/FICdtTrf/CdtTrfTxInf/Dbtr/BrnchId/Nm,Nm,Max140Text,0,1
pacs.009.001.13,/Document/FICdtTrf/CdtTrfTxInf/Dbtr/BrnchId/PstlAdr,PstlAdr,PostalAddress27,0,1
pacs.009.001.13,/Document/FICdtTrf/CdtTrfTxInf/Dbtr/BrnchId/PstlAdr/AdrTp,AdrTp,AddressType3Choice,0,1
pacs.009.001.13,/Document/FICdtTrf/CdtTrfTxInf/Dbtr/BrnchId/PstlAdr/AdrTp/Cd,Cd,AddressType2Code,1,1
pacs.009.001.13,/Document/FICdtTrf/CdtTrfTxInf/Dbtr/BrnchId/PstlAdr/AdrTp/Prtry,Prtry,GenericIdentification30,1,1
pacs.009.001.13,/Document/FICdtTrf/CdtTrfTxInf/Dbtr/BrnchId/PstlAdr/AdrTp/Prtry/Id,Id,Exact4AlphaNumericText,1,1
pacs.009.001.13,/Document/FICdtTrf/CdtTrfTxInf/Dbtr/BrnchId/PstlAdr/AdrTp/Prtry/Issr,Issr,Max35Text,1,1
pacs.009.001.13,/Document/FICdtTrf/CdtTrfTxInf/Dbtr/BrnchId/PstlAdr/AdrTp/Prtry/SchmeNm,SchmeNm,Max35Text,0,1
pacs.009.001.13,/Document/FICdtTrf/CdtTrfTxInf/Dbtr/BrnchId/PstlAdr/CareOf,CareOf,Max140Text,0,1
pacs.009.001.13,/Document/FICdtTrf/CdtTrfTxInf/Dbtr/BrnchId/PstlAdr/Dept,Dept,Max70Text,0,1
pacs.009.001.13,/Document/FICdtTrf/CdtTrfTxInf/Dbtr/BrnchId/PstlAdr/SubDept,SubDept,Max70Text,0,1
pacs.009.001.13,/Document/FICdtTrf/CdtTrfTxInf/Dbtr/BrnchId/PstlAdr/StrtNm,StrtNm,Max140Text,0,1
pacs.009.001.13,/Document/FICdtTrf/CdtTrfTxInf/Dbtr/BrnchId/PstlAdr/BldgNb,BldgNb,Max16Text,0,1
pacs.009.001.13,/Document/FICdtTrf/CdtTrfTxInf/Dbtr/BrnchId/PstlAdr/BldgNm,BldgNm,Max140Text,0,1
pacs.009.001.13,/Document/FICdtTrf/CdtTrfTxInf/Dbtr/BrnchId/PstlAdr/Flr,Flr,Max70Text,0,1
pacs.009.001.13,/Document/FICdtTrf/CdtTrfTxInf/Dbtr/BrnchId/PstlAdr/UnitNb,UnitNb,Max16Text,0,1
pacs.009.001.13,/Document/FICdtTrf/CdtTrfTxInf/Dbtr/BrnchId/PstlAdr/PstBx,PstBx,Max16Text,0,1
pacs.009.001.13,/Document/FICdtTrf/CdtTrfTxInf/Dbtr/BrnchId/PstlAdr/Room,Room,Max70Text,0,1
pacs.009.001.13,/Document/FICdtTrf/CdtTrfTxInf/Dbtr/BrnchId/PstlAdr/PstCd,PstCd,Max16Text,0,1
pacs.009.001.13,/Document/FICdtTrf/CdtTrfTxInf/Dbtr/BrnchId/PstlAdr/TwnNm,TwnNm,Max140Text,0,1
pacs.009.001.13,/Document/FICdtTrf/CdtTrfTxInf/Dbtr/BrnchId/PstlAdr/TwnLctnNm,TwnLctnNm,Max140Text,0,1
pacs.009.001.13,/Document/FICdtTrf/CdtTrfTxInf/Dbtr/BrnchId/PstlAdr/DstrctNm,DstrctNm,Max140Text,0,1
pacs.009.001.13,/Document/FICdtTrf/CdtTrfTxInf/Dbtr/BrnchId/PstlAdr/CtrySubDvsn,CtrySubDvsn,Max35Text,0,1
pacs.009.001.13,/Document/FICdtTrf/CdtTrfTxInf/Dbtr/BrnchId/PstlAdr/Ctry,Ctry,CountryCode,0,1
pacs.009.001.13,/Document/FICdtTrf/CdtTrfTxInf/Dbtr/BrnchId/PstlAdr/AdrLine,AdrLine,Max70Text,0,7
pacs.009.001.13,/Document/FICdtTrf/CdtTrfTxInf/DbtrAcct,DbtrAcct,CashAccount40,0,1
pacs.009.001.13,/Document/FICdtTrf/CdtTrfTxInf/DbtrAcct/Id,Id,AccountIdentification4Choice,0,1
pacs.009.001.13,/Document/FICdtTrf/CdtTrfTxInf/DbtrAcct/Id/IBAN,IBAN,IBAN2007Identifier,1,1
pacs.009.001.13,/Document/FICdtTrf/CdtTrfTxInf/DbtrAcct/Id/Othr,Othr,GenericAccountIdentification1,1,1
pacs.009.001.13,/Document/FICdtTrf/CdtTrfTxInf/DbtrAcct/Id/Othr/Id,Id,Max34Text,1,1
pacs.009.001.13,/Document/FICdtTrf/CdtTrfTxInf/DbtrAcct/Id/Othr/SchmeNm,SchmeNm,AccountSchemeName1Choice,0,1
pacs.009.001.13,/Document/FICdtTrf/CdtTrfTxInf/DbtrAcct/Id/Othr/SchmeNm/Cd,Cd,ExternalAccountIdentification1Code,1,1
pacs.009.001.13,/Document/FICdtTrf/CdtTrfTxInf/DbtrAcct/Id/Othr/SchmeNm/Prtry,Prtry,Max35Text,1,1
pacs.009.001.13,/Document/FICdtTrf/CdtTrfTxInf/DbtrAcct/Id/Othr/Issr,Issr,Max35Text,0,1
pacs.009.001.13,/Document/FICdtTrf/CdtTrfTxInf/DbtrAcct/Tp,Tp,CashAccountType2Choice,0,1
pacs.009.001.13,/Document/FICdtTrf/CdtTrfTxInf/DbtrAcct/Tp/Cd,Cd,ExternalCashAccountType1Code,1,1
pacs.009.001.13,/Document/FICdtTrf/CdtTrfTxInf/DbtrAcct/Tp/Prtry,Prtry,Max35Text,1,1
pacs.009.001.13,/Document/FICdtTrf/CdtTrfTxInf/DbtrAcct/Ccy,Ccy,ActiveOrHistoricCurrencyCode,0,1
pacs.009.001.13,/Document/FICdtTrf/CdtTrfTxInf/DbtrAcct/Nm,Nm,Max70Text,0,1
pacs.009.001.13,/Document/FICdtTrf/CdtTrfTxInf/DbtrAcct/Prxy,Prxy,ProxyAccountIdentification1,0,1
pacs.009.001.13,/Document/FICdtTrf/CdtTrfTxInf/DbtrAcct/Prxy/Tp,Tp,ProxyAccountType1Choice,0,1
pacs.009.001.13,/Document/FICdtTrf/CdtTrfTxInf/DbtrAcct/Prxy/Tp/Cd,Cd,ExternalProxyAccountType1Code,1,1
pacs.009.001.13,/Document/FICdtTrf/CdtTrfTxInf/DbtrAcct/Prxy/Tp/Prtry,Prtry,Max35Text,1,1
pacs.009.001.13,/Document/FICdtTrf/CdtTrfTxInf/DbtrAcct/Prxy/Id,Id,Max2048Text,1,1
pacs.009.001.13,/Document/FICdtTrf/CdtTrfTxInf/DbtrAgt,DbtrAgt,BranchAndFinancialInstitutionIdentification8,0,1
pacs.009.001.13,/Document/FICdtTrf/CdtTrfTxInf/DbtrAgt/FinInstnId,FinInstnId,FinancialInstitutionIdentification23,1,1
pacs.009.001.13,/Document/FICdtTrf/CdtTrfTxInf/DbtrAgt/FinInstnId/BICFI,BICFI,BICFIDec2014Identifier,0,1
pacs.009.001.13,/Document/FICdtTrf/CdtTrfTxInf/DbtrAgt/FinInstnId/ClrSysMmbId,ClrSysMmbId,ClearingSystemMemberIdentification2,0,1
pacs.009.001.13,/Document/FICdtTrf/CdtTrfTxInf/DbtrAgt/FinInstnId/ClrSysMmbId/ClrSysId,ClrSysId,ClearingSystemIdentification2Choice,0,1
pacs.009.001.13,/Document/FICdtTrf/CdtTrfTxInf/DbtrAgt/FinInstnId/ClrSysMmbId/ClrSysId/Cd,Cd,ExternalClearingSystemIdentification1Code,1,1
pacs.009.001.13,/Document/FICdtTrf/CdtTrfTxInf/DbtrAgt/FinInstnId/ClrSysMmbId/ClrSysId/Prtry,Prtry,Max35Text,1,1
pacs.009.001.13,/Document/FICdtTrf/CdtTrfTxInf/DbtrAgt/FinInstnId/ClrSysMmbId/MmbId,MmbId,Max35Text,1,1
pacs.009.001.13,/Document/FICdtTrf/CdtTrfTxInf/DbtrAgt/FinInstnId/LEI,LEI,LEIIdentifier,0,1
pacs.009.001.13,/Document/FICdtTrf/CdtTrfTxInf/DbtrAgt/FinInstnId/Nm,Nm,Max140Text,0,1
pacs.009.001.13,/Document/FICdtTrf/CdtTrfTxInf/DbtrAgt/FinInstnId/PstlAdr,PstlAdr,PostalAddress27,0,1
pacs.009.001.13,/Document/FICdtTrf/CdtTrfTxInf/DbtrAgt/FinInstnId/PstlAdr/AdrTp,AdrTp,AddressType3Choice,0,1
pacs.009.001.13,/Document/FICdtTrf/CdtTrfTxInf/DbtrAgt/FinInstnId/PstlAdr/AdrTp/Cd,Cd,AddressType2Code,1,1
pacs.009.001.13,/Document/FICdtTrf/CdtTrfTxInf/DbtrAgt/FinInstnId/PstlAdr/AdrTp/Prtry,Prtry,GenericIdentification30,1,1
pacs.009.001.13,/Document/FICdtTrf/CdtTrfTxInf/DbtrAgt/FinInstnId/PstlAdr/AdrTp/Prtry/Id,Id,Exact4AlphaNumericText,1,1
pacs.009.001.13,/Document/FICdtTrf/CdtTrfTxInf/DbtrAgt/FinInstnId/PstlAdr/AdrTp/Prtry/Issr,Issr,Max35Text,1,1
pacs.009.001.13,/Document/FICdtTrf/CdtTrfTxInf/DbtrAgt/FinInstnId/PstlAdr/AdrTp/Prtry/SchmeNm,SchmeNm,Max35Text,0,1
pacs.009.001.13,/Document/FICdtTrf/CdtTrfTxInf/DbtrAgt/FinInstnId/PstlAdr/CareOf,CareOf,Max140Text,0,1
pacs.009.001.13,/Document/FICdtTrf/CdtTrfTxInf/DbtrAgt/FinInstnId/PstlAdr/Dept,Dept,Max70Text,0,1
pacs.009.001.13,/Document/FICdtTrf/CdtTrfTxInf/DbtrAgt/FinInstnId/PstlAdr/SubDept,SubDept,Max70Text,0,1
pacs.009.001.13,/Document/FICdtTrf/CdtTrfTxInf/DbtrAgt/FinInstnId/PstlAdr/StrtNm,StrtNm,Max140Text,0,1
pacs.009.001.13,/Document/FICdtTrf/CdtTrfTxInf/DbtrAgt/FinInstnId/PstlAdr/BldgNb,BldgNb,Max16Text,0,1
pacs.009.001.13,/Document/FICdtTrf/CdtTrfTxInf/DbtrAgt/FinInstnId/PstlAdr/BldgNm,BldgNm,Max140Text,0,1
pacs.009.001.13,/Document/FICdtTrf/CdtTrfTxInf/DbtrAgt/FinInstnId/PstlAdr/Flr,Flr,Max70Text,0,1
pacs.009.001.13,/Document/FICdtTrf/CdtTrfTxInf/DbtrAgt/FinInstnId/PstlAdr/UnitNb,UnitNb,Max16Text,0,1
pacs.009.001.13,/Document/FICdtTrf/CdtTrfTxInf/DbtrAgt/FinInstnId/PstlAdr/PstBx,PstBx,Max16Text,0,1
pacs.009.001.13,/Document/FICdtTrf/CdtTrfTxInf/DbtrAgt/FinInstnId/PstlAdr/Room,Room,Max70Text,0,1
pacs.009.001.13,/Document/FICdtTrf/CdtTrfTxInf/DbtrAgt/FinInstnId/PstlAdr/PstCd,PstCd,Max16Text,0,1
pacs.009.001.13,/Document/FICdtTrf/CdtTrfTxInf/DbtrAgt/FinInstnId/PstlAdr/TwnNm,TwnNm,Max140Text,0,1
pacs.009.001.13,/Document/FICdtTrf/CdtTrfTxInf/DbtrAgt/FinInstnId/PstlAdr/TwnLctnNm,TwnLctnNm,Max140Text,0,1
pacs.009.001.13,/Document/FICdtTrf/CdtTrfTxInf/DbtrAgt/FinInstnId/PstlAdr/DstrctNm,DstrctNm,Max140Text,0,1
pacs.009.001.13,/Document/FICdtTrf/CdtTrfTxInf/DbtrAgt/FinInstnId/PstlAdr/CtrySubDvsn,CtrySubDvsn,Max35Text,0,1
pacs.009.001.13,/Document/FICdtTrf/CdtTrfTxInf/DbtrAgt/FinInstnId/PstlAdr/Ctry,Ctry,CountryCode,0,1
pacs.009.001.13,/Document/FICdtTrf/CdtTrfTxInf/DbtrAgt/FinInstnId/PstlAdr/AdrLine,AdrLine,Max70Text,0,7
pacs.009.001.13,/Document/FICdtTrf/CdtTrfTxInf/DbtrAgt/FinInstnId/Othr,Othr,GenericFinancialIdentification1,0,1
pacs.009.001.13,/Document/FICdtTrf/CdtTrfTxInf/DbtrAgt/FinInstnId/Othr/Id,Id,Max35Text,1,1
pacs.009.001.13,/Document/FICdtTrf/CdtTrfTxInf/DbtrAgt/FinInstnId/Othr/SchmeNm,SchmeNm,FinancialIdentificationSchemeName1Choice,0,1
pacs.009.001.13,/Document/FICdtTrf/CdtTrfTxInf/DbtrAgt/FinInstnId/Othr/SchmeNm/Cd,Cd,ExternalFinancialInstitutionIdentification1Code,1,1
pacs.009.001.13,/Document/FICdtTrf/CdtTrfTxInf/DbtrAgt/FinInstnId/Othr/SchmeNm/Prtry,Prtry,Max35Text,1,1
pacs.009.001.13,/Document/FICdtTrf/CdtTrfTxInf/DbtrAgt/FinInstnId/Othr/Issr,Issr,Max35Text,0,1
pacs.009.001.13,/Document/FICdtTrf/CdtTrfTxInf/DbtrAgt/BrnchId,BrnchId,BranchData5,0,1
pacs.009.001.13,/Document/FICdtTrf/CdtTrfTxInf/DbtrAgt/BrnchId/Id,Id,Max35Text,0,1
pacs.009.001.13,/Document/FICdtTrf/CdtTrfTxInf/DbtrAgt/BrnchId/LEI,LEI,LEIIdentifier,0,1
pacs.009.001.13,/Document/FICdtTrf/CdtTrfTxInf/DbtrAgt/BrnchId/Nm,Nm,Max140Text,0,1
pacs.009.001.13,/Document/FICdtTrf/CdtTrfTxInf/DbtrAgt/BrnchId/PstlAdr,PstlAdr,PostalAddress27,0,1
pacs.009.001.13,/Document/FICdtTrf/CdtTrfTxInf/DbtrAgt/BrnchId/PstlAdr/AdrTp,AdrTp,AddressType3Choice,0,1
pacs.009.001.13,/Document/FICdtTrf/CdtTrfTxInf/DbtrAgt/BrnchId/PstlAdr/AdrTp/Cd,Cd,AddressType2Code,1,1
pacs.009.001.13,/Document/FICdtTrf/CdtTrfTxInf/DbtrAgt/BrnchId/PstlAdr/AdrTp/Prtry,Prtry,GenericIdentification30,1,1
pacs.009.001.13,/Document/FICdtTrf/CdtTrfTxInf/DbtrAgt/BrnchId/PstlAdr/AdrTp/Prtry/Id,Id,Exact4AlphaNumericText,1,1
pacs.009.001.13,/Document/FICdtTrf/CdtTrfTxInf/DbtrAgt/BrnchId/PstlAdr/AdrTp/Prtry/Issr,Issr,Max35Text,1,1
pacs.009.001.13,/Document/FICdtTrf/CdtTrfTxInf/DbtrAgt/BrnchId/PstlAdr/AdrTp/Prtry/SchmeNm,SchmeNm,Max35Text,0,1
pacs.009.001.13,/Document/FICdtTrf/CdtTrfTxInf/DbtrAgt/BrnchId/PstlAdr/CareOf,CareOf,Max140Text,0,1
pacs.009.001.13,/Document/FICdtTrf/CdtTrfTxInf/DbtrAgt/BrnchId/PstlAdr/Dept,Dept,Max70Text,0,1
pacs.009.001.13,/Document/FICdtTrf/CdtTrfTxInf/DbtrAgt/BrnchId/PstlAdr/SubDept,SubDept,Max70Text,0,1
pacs.009.001.13,/Document/FICdtTrf/CdtTrfTxInf/DbtrAgt/BrnchId/PstlAdr/StrtNm,StrtNm,Max140Text,0,1
pacs.009.001.13,/Document/FICdtTrf/CdtTrfTxInf/DbtrAgt/BrnchId/PstlAdr/BldgNb,BldgNb,Max16Text,0,1
pacs.009.001.13,/Document/FICdtTrf/CdtTrfTxInf/DbtrAgt/BrnchId/PstlAdr/BldgNm,BldgNm,Max140Text,0,1
pacs.009.001.13,/Document/FICdtTrf/CdtTrfTxInf/DbtrAgt/BrnchId/PstlAdr/Flr,Flr,Max70Text,0,1
pacs.009.001.13,/Document/FICdtTrf/CdtTrfTxInf/DbtrAgt/BrnchId/PstlAdr/UnitNb,UnitNb,Max16Text,0,1
pacs.009.001.13,/Document/FICdtTrf/CdtTrfTxInf/DbtrAgt/BrnchId/PstlAdr/PstBx,PstBx,Max16Text,0,1
pacs.009.001.13,/Document/FICdtTrf/CdtTrfTxInf/DbtrAgt/BrnchId/PstlAdr/Room,Room,Max70Text,0,1
pacs.009.001.13,/Document/FICdtTrf/CdtTrfTxInf/DbtrAgt/BrnchId/PstlAdr/PstCd,PstCd,Max16Text,0,1
pacs.009.001.13,/Document/FICdtTrf/CdtTrfTxInf/DbtrAgt/BrnchId/PstlAdr/TwnNm,TwnNm,Max140Text,0,1
pacs.009.001.13,/Document/FICdtTrf/CdtTrfTxInf/DbtrAgt/BrnchId/PstlAdr/TwnLctnNm,TwnLctnNm,Max140Text,0,1
pacs.009.001.13,/Document/FICdtTrf/CdtTrfTxInf/DbtrAgt/BrnchId/PstlAdr/DstrctNm,DstrctNm,Max140Text,0,1
pacs.009.001.13,/Document/FICdtTrf/CdtTrfTxInf/DbtrAgt/BrnchId/PstlAdr/CtrySubDvsn,CtrySubDvsn,Max35Text,0,1
pacs.009.001.13,/Document/FICdtTrf/CdtTrfTxInf/DbtrAgt/BrnchId/PstlAdr/Ctry,Ctry,CountryCode,0,1
pacs.009.001.13,/Document/FICdtTrf/CdtTrfTxInf/DbtrAgt/BrnchId/PstlAdr/AdrLine,AdrLine,Max70Text,0,7
pacs.009.001.13,/Document/FICdtTrf/CdtTrfTxInf/DbtrAgtAcct,DbtrAgtAcct,CashAccount40,0,1
pacs.009.001.13,/Document/FICdtTrf/CdtTrfTxInf/DbtrAgtAcct/Id,Id,AccountIdentification4Choice,0,1
pacs.009.001.13,/Document/FICdtTrf/CdtTrfTxInf/DbtrAgtAcct/Id/IBAN,IBAN,IBAN2007Identifier,1,1
pacs.009.001.13,/Document/FICdtTrf/CdtTrfTxInf/DbtrAgtAcct/Id/Othr,Othr,GenericAccountIdentification1,1,1
pacs.009.001.13,/Document/FICdtTrf/CdtTrfTxInf/DbtrAgtAcct/Id/Othr/Id,Id,Max34Text,1,1
pacs.009.001.13,/Document/FICdtTrf/CdtTrfTxInf/DbtrAgtAcct/Id/Othr/SchmeNm,SchmeNm,AccountSchemeName1Choice,0,1
pacs.009.001.13,/Document/FICdtTrf/CdtTrfTxInf/DbtrAgtAcct/Id/Othr/SchmeNm/Cd,Cd,ExternalAccountIdentification1Code,1,1
pacs.009.001.13,/Document/FICdtTrf/CdtTrfTxInf/DbtrAgtAcct/Id/Othr/SchmeNm/Prtry,Prtry,Max35Text,1,1
pacs.009.001.13,/Document/FICdtTrf/CdtTrfTxInf/DbtrAgtAcct/Id/Othr/Issr,Issr,Max35Text,0,1
pacs.009.001.13,/Document/FICdtTrf/CdtTrfTxInf/DbtrAgtAcct/Tp,Tp,CashAccountType2Choice,0,1
pacs.009.001.13,/Document/FICdtTrf/CdtTrfTxInf/DbtrAgtAcct/Tp/Cd,Cd,ExternalCashAccountType1Code,1,1
pacs.009.001.13,/Document/FICdtTrf/CdtTrfTxInf/DbtrAgtAcct/Tp/Prtry,Prtry,Max35Text,1,1
pacs.009.001.13,/Document/FICdtTrf/CdtTrfTxInf/DbtrAgtAcct/Ccy,Ccy,ActiveOrHistoricCurrencyCode,0,1
pacs.009.001.13,/Document/FICdtTrf/CdtTrfTxInf/DbtrAgtAcct/Nm,Nm,Max70Text,0,1
pacs.009.001.13,/Document/FICdtTrf/CdtTrfTxInf/DbtrAgtAcct/Prxy,Prxy,ProxyAccountIdentification1,0,1
pacs.009.001.13,/Document/FICdtTrf/CdtTrfTxInf/DbtrAgtAcct/Prxy/Tp,Tp,ProxyAccountType1Choice,0,1
pacs.009.001.13,/Document/FICdtTrf/CdtTrfTxInf/DbtrAgtAcct/Prxy/Tp/Cd,Cd,ExternalProxyAccountType1Code,1,1
pacs.009.001.13,/Document/FICdtTrf/CdtTrfTxInf/DbtrAgtAcct/Prxy/Tp/Prtry,Prtry,Max35Text,1,1
pacs.009.001.13,/Document/FICdtTrf/CdtTrfTxInf/DbtrAgtAcct/Prxy/Id,Id,Max2048Text,1,1
pacs.009.001.13,/Document/FICdtTrf/CdtTrfTxInf/CdtrAgt,CdtrAgt,BranchAndFinancialInstitutionIdentification8,0,1
pacs.009.001.13,/Document/FICdtTrf/CdtTrfTxInf/CdtrAgt/FinInstnId,FinInstnId,FinancialInstitutionIdentification23,1,1
pacs.009.001.13,/Document/FICdtTrf/CdtTrfTxInf/CdtrAgt/FinInstnId/BICFI,BICFI,BICFIDec2014Identifier,0,1
pacs.009.001.13,/Document/FICdtTrf/CdtTrfTxInf/CdtrAgt/FinInstnId/ClrSysMmbId,ClrSysMmbId,ClearingSystemMemberIdentification2,0,1
pacs.009.001.13,/Document/FICdtTrf/CdtTrfTxInf/CdtrAgt/FinInstnId/ClrSysMmbId/ClrSysId,ClrSysId,ClearingSystemIdentification2Choice,0,1
pacs.009.001.13,/Document/FICdtTrf/CdtTrfTxInf/CdtrAgt/FinInstnId/ClrSysMmbId/ClrSysId/Cd,Cd,ExternalClearingSystemIdentification1Code,1,1
pacs.009.001.13,/Document/FICdtTrf/CdtTrfTxInf/CdtrAgt/FinInstnId/ClrSysMmbId/ClrSysId/Prtry,Prtry,Max35Text,1,1
pacs.009.001.13,/Document/FICdtTrf/CdtTrfTxInf/CdtrAgt/FinInstnId/ClrSysMmbId/MmbId,MmbId,Max35Text,1,1
pacs.009.001.13,/Document/FICdtTrf/CdtTrfTxInf/CdtrAgt/FinInstnId/LEI,LEI,LEIIdentifier,0,1
pacs.009.001.13,/Document/FICdtTrf/CdtTrfTxInf/CdtrAgt/FinInstnId/Nm,Nm,Max140Text,0,1
pacs.009.001.13,/Document/FICdtTrf/CdtTrfTxInf/CdtrAgt/FinInstnId/PstlAdr,PstlAdr,PostalAddress27,0,1
pacs.009.001.13,/Document/FICdtTrf/CdtTrfTxInf/CdtrAgt/FinInstnId/PstlAdr/AdrTp,AdrTp,AddressType3Choice,0,1
pacs.009.001.13,/Document/FICdtTrf/CdtTrfTxInf/CdtrAgt/FinInstnId/PstlAdr/AdrTp/Cd,Cd,AddressType2Code,1,1
pacs.009.001.13,/Document/FICdtTrf/CdtTrfTxInf/CdtrAgt/FinInstnId/PstlAdr/AdrTp/Prtry,Prtry,GenericIdentification30,1,1
pacs.009.001.13,/Document/FICdtTrf/CdtTrfTxInf/CdtrAgt/FinInstnId/PstlAdr/AdrTp/Prtry/Id,Id,Exact4AlphaNumericText,1,1
pacs.009.001.13,/Document/FICdtTrf/CdtTrfTxInf/CdtrAgt/FinInstnId/PstlAdr/AdrTp/Prtry/Issr,Issr,Max35Text,1,1
pacs.009.001.13,/Document/FICdtTrf/CdtTrfTxInf/CdtrAgt/FinInstnId/PstlAdr/AdrTp/Prtry/SchmeNm,SchmeNm,Max35Text,0,1
pacs.009.001.13,/Document/FICdtTrf/CdtTrfTxInf/CdtrAgt/FinInstnId/PstlAdr/CareOf,CareOf,Max140Text,0,1
pacs.009.001.13,/Document/FICdtTrf/CdtTrfTxInf/CdtrAgt/FinInstnId/PstlAdr/Dept,Dept,Max70Text,0,1
pacs.009.001.13,/Document/FICdtTrf/CdtTrfTxInf/CdtrAgt/FinInstnId/PstlAdr/SubDept,SubDept,Max70Text,0,1
pacs.009.001.13,/Document/FICdtTrf/CdtTrfTxInf/CdtrAgt/FinInstnId/PstlAdr/StrtNm,StrtNm,Max140Text,0,1
pacs.009.001.13,/Document/FICdtTrf/CdtTrfTxInf/CdtrAgt/FinInstnId/PstlAdr/BldgNb,BldgNb,Max16Text,0,1
pacs.009.001.13,/Document/FICdtTrf/CdtTrfTxInf/CdtrAgt/FinInstnId/PstlAdr/BldgNm,BldgNm,Max140Text,0,1
pacs.009.001.13,/Document/FICdtTrf/CdtTrfTxInf/CdtrAgt/FinInstnId/PstlAdr/Flr,Flr,Max70Text,0,1
pacs.009.001.13,/Document/FICdtTrf/CdtTrfTxInf/CdtrAgt/FinInstnId/PstlAdr/UnitNb,UnitNb,Max16Text,0,1
pacs.009.001.13,/Document/FICdtTrf/CdtTrfTxInf/CdtrAgt/FinInstnId/PstlAdr/PstBx,PstBx,Max16Text,0,1
pacs.009.001.13,/Document/FICdtTrf/CdtTrfTxInf/CdtrAgt/FinInstnId/PstlAdr/Room,Room,Max70Text,0,1
pacs.009.001.13,/Document/FICdtTrf/CdtTrfTxInf/CdtrAgt/FinInstnId/PstlAdr/PstCd,PstCd,Max16Text,0,1
pacs.009.001.13,/Document/FICdtTrf/CdtTrfTxInf/CdtrAgt/FinInstnId/PstlAdr/TwnNm,TwnNm,Max140Text,0,1
pacs.009.001.13,/Document/FICdtTrf/CdtTrfTxInf/CdtrAgt/FinInstnId/PstlAdr/TwnLctnNm,TwnLctnNm,Max140Text,0,1
pacs.009.001.13,/Document/FICdtTrf/CdtTrfTxInf/CdtrAgt/FinInstnId/PstlAdr/DstrctNm,DstrctNm,Max140Text,0,1
pacs.009.001.13,/Document/FICdtTrf/CdtTrfTxInf/CdtrAgt/FinInstnId/PstlAdr/CtrySubDvsn,CtrySubDvsn,Max35Text,0,1
pacs.009.001.13,/Document/FICdtTrf/CdtTrfTxInf/CdtrAgt/FinInstnId/PstlAdr/Ctry,Ctry,CountryCode,0,1
pacs.009.001.13,/Document/FICdtTrf/CdtTrfTxInf/CdtrAgt/FinInstnId/PstlAdr/AdrLine,AdrLine,Max70Text,0,7
pacs.009.001.13,/Document/FICdtTrf/CdtTrfTxInf/CdtrAgt/FinInstnId/Othr,Othr,GenericFinancialIdentification1,0,1
pacs.009.001.13,/Document/FICdtTrf/CdtTrfTxInf/CdtrAgt/FinInstnId/Othr/Id,Id,Max35Text,1,1
pacs.009.001.13,/Document/FICdtTrf/CdtTrfTxInf/CdtrAgt/FinInstnId/Othr/SchmeNm,SchmeNm,FinancialIdentificationSchemeName1Choice,0,1
pacs.009.001.13,/Document/FICdtTrf/CdtTrfTxInf/CdtrAgt/FinInstnId/Othr/SchmeNm/Cd,Cd,ExternalFinancialInstitutionIdentification1Code,1,1
pacs.009.001.13,/Document/FICdtTrf/CdtTrfTxInf/CdtrAgt/FinInstnId/Othr/SchmeNm/Prtry,Prtry,Max35Text,1,1
pacs.009.001.13,/Document/FICdtTrf/CdtTrfTxInf/CdtrAgt/FinInstnId/Othr/Issr,Issr,Max35Text,0,1
pacs.009.001.13,/Document/FICdtTrf/CdtTrfTxInf/CdtrAgt/BrnchId,BrnchId,BranchData5,0,1
pacs.009.001.13,/Document/FICdtTrf/CdtTrfTxInf/CdtrAgt/BrnchId/Id,Id,Max35Text,0,1
pacs.009.001.13,/Document/FICdtTrf/CdtTrfTxInf/CdtrAgt/BrnchId/LEI,LEI,LEIIdentifier,0,1
pacs.009.001.13,/Document/FICdtTrf/CdtTrfTxInf/CdtrAgt/BrnchId/Nm,Nm,Max140Text,0,1
pacs.009.001.13,/Document/FICdtTrf/CdtTrfTxInf/CdtrAgt/BrnchId/PstlAdr,PstlAdr,PostalAddress27,0,1
pacs.009.001.13,/Document/FICdtTrf/CdtTrfTxInf/CdtrAgt/BrnchId/PstlAdr/AdrTp,AdrTp,AddressType3Choice,0,1
pacs.009.001.13,/Document/FICdtTrf/CdtTrfTxInf/CdtrAgt/BrnchId/PstlAdr/AdrTp/Cd,Cd,AddressType2Code,1,1
pacs.009.001.13,/Document/FICdtTrf/CdtTrfTxInf/CdtrAgt/BrnchId/PstlAdr/AdrTp/Prtry,Prtry,GenericIdentification30,1,1
pacs.009.001.13,/Document/FICdtTrf/CdtTrfTxInf/CdtrAgt/BrnchId/PstlAdr/AdrTp/Prtry/Id,Id,Exact4AlphaNumericText,1,1
pacs.009.001.13,/Document/FICdtTrf/CdtTrfTxInf/CdtrAgt/BrnchId/PstlAdr/AdrTp/Prtry/Issr,Issr,Max35Text,1,1
pacs.009.001.13,/Document/FICdtTrf/CdtTrfTxInf/CdtrAgt/BrnchId/PstlAdr/AdrTp/Prtry/SchmeNm,SchmeNm,Max35Text,0,1
pacs.009.001.13,/Document/FICdtTrf/CdtTrfTxInf/CdtrAgt/BrnchId/PstlAdr/CareOf,CareOf,Max140Text,0,1
pacs.009.001.13,/Document/FICdtTrf/CdtTrfTxInf/CdtrAgt/BrnchId/PstlAdr/Dept,Dept,Max70Text,0,1
pacs.009.001.13,/Document/FICdtTrf/CdtTrfTxInf/CdtrAgt/BrnchId/PstlAdr/SubDept,SubDept,Max70Text,0,1
pacs.009.001.13,/Document/FICdtTrf/CdtTrfTxInf/CdtrAgt/BrnchId/PstlAdr/StrtNm,StrtNm,Max140Text,0,1
pacs.009.001.13,/Document/FICdtTrf/CdtTrfTxInf/CdtrAgt/BrnchId/PstlAdr/BldgNb,BldgNb,Max16Text,0,1
pacs.009.001.13,/Document/FICdtTrf/CdtTrfTxInf/CdtrAgt/BrnchId/PstlAdr/BldgNm,BldgNm,Max140Text,0,1
pacs.009.001.13,/Document/FICdtTrf/CdtTrfTxInf/CdtrAgt/BrnchId/PstlAdr/Flr,Flr,Max70Text,0,1
pacs.009.001.13,/Document/FICdtTrf/CdtTrfTxInf/CdtrAgt/BrnchId/PstlAdr/UnitNb,UnitNb,Max16Text,0,1
pacs.009.001.13,/Document/FICdtTrf/CdtTrfTxInf/CdtrAgt/BrnchId/PstlAdr/PstBx,PstBx,Max16Text,0,1
pacs.009.001.13,/Document/FICdtTrf/CdtTrfTxInf/CdtrAgt/BrnchId/PstlAdr/Room,Room,Max70Text,0,1
pacs.009.001.13,/Document/FICdtTrf/CdtTrfTxInf/CdtrAgt/BrnchId/PstlAdr/PstCd,PstCd,Max16Text,0,1
pacs.009.001.13,/Document/FICdtTrf/CdtTrfTxInf/CdtrAgt/BrnchId/PstlAdr/TwnNm,TwnNm,Max140Text,0,1
pacs.009.001.13,/Document/FICdtTrf/CdtTrfTxInf/CdtrAgt/BrnchId/PstlAdr/TwnLctnNm,TwnLctnNm,Max140Text,0,1
pacs.009.001.13,/Document/FICdtTrf/CdtTrfTxInf/CdtrAgt/BrnchId/PstlAdr/DstrctNm,DstrctNm,Max140Text,0,1
pacs.009.001.13,/Document/FICdtTrf/CdtTrfTxInf/CdtrAgt/BrnchId/PstlAdr/CtrySubDvsn,CtrySubDvsn,Max35Text,0,1
pacs.009.001.13,/Document/FICdtTrf/CdtTrfTxInf/CdtrAgt/BrnchId/PstlAdr/Ctry,Ctry,CountryCode,0,1
pacs.009.001.13,/Document/FICdtTrf/CdtTrfTxInf/CdtrAgt/BrnchId/PstlAdr/AdrLine,AdrLine,Max70Text,0,7
pacs.009.001.13,/Document/FICdtTrf/CdtTrfTxInf/CdtrAgtAcct,CdtrAgtAcct,CashAccount40,0,1
pacs.009.001.13,/Document/FICdtTrf/CdtTrfTxInf/CdtrAgtAcct/Id,Id,AccountIdentification4Choice,0,1
pacs.009.001.13,/Document/FICdtTrf/CdtTrfTxInf/CdtrAgtAcct/Id/IBAN,IBAN,IBAN2007Identifier,1,1
pacs.009.001.13,/Document/FICdtTrf/CdtTrfTxInf/CdtrAgtAcct/Id/Othr,Othr,GenericAccountIdentification1,1,1
pacs.009.001.13,/Document/FICdtTrf/CdtTrfTxInf/CdtrAgtAcct/Id/Othr/Id,Id,Max34Text,1,1
pacs.009.001.13,/Document/FICdtTrf/CdtTrfTxInf/CdtrAgtAcct/Id/Othr/SchmeNm,SchmeNm,AccountSchemeName1Choice,0,1
pacs.009.001.13,/Document/FICdtTrf/CdtTrfTxInf/CdtrAgtAcct/Id/Othr/SchmeNm/Cd,Cd,ExternalAccountIdentification1Code,1,1
pacs.009.001.13,/Document/FICdtTrf/CdtTrfTxInf/CdtrAgtAcct/Id/Othr/SchmeNm/Prtry,Prtry,Max35Text,1,1
pacs.009.001.13,/Document/FICdtTrf/CdtTrfTxInf/CdtrAgtAcct/Id/Othr/Issr,Issr,Max35Text,0,1
pacs.009.001.13,/Document/FICdtTrf/CdtTrfTxInf/CdtrAgtAcct/Tp,Tp,CashAccountType2Choice,0,1
pacs.009.001.13,/Document/FICdtTrf/CdtTrfTxInf/CdtrAgtAcct/Tp/Cd,Cd,ExternalCashAccountType1Code,1,1
pacs.009.001.13,/Document/FICdtTrf/CdtTrfTxInf/CdtrAgtAcct/Tp/Prtry,Prtry,Max35Text,1,1
pacs.009.001.13,/Document/FICdtTrf/CdtTrfTxInf/CdtrAgtAcct/Ccy,Ccy,ActiveOrHistoricCurrencyCode,0,1
pacs.009.001.13,/Document/FICdtTrf/CdtTrfTxInf/CdtrAgtAcct/Nm,Nm,Max70Text,0,1
pacs.009.001.13,/Document/FICdtTrf/CdtTrfTxInf/CdtrAgtAcct/Prxy,Prxy,ProxyAccountIdentification1,0,1
pacs.009.001.13,/Document/FICdtTrf/CdtTrfTxInf/CdtrAgtAcct/Prxy/Tp,Tp,ProxyAccountType1Choice,0,1
pacs.009.001.13,/Document/FICdtTrf/CdtTrfTxInf/CdtrAgtAcct/Prxy/Tp/Cd,Cd,ExternalProxyAccountType1Code,1,1
pacs.009.001.13,/Document/FICdtTrf/CdtTrfTxInf/CdtrAgtAcct/Prxy/Tp/Prtry,Prtry,Max35Text,1,1
pacs.009.001.13,/Document/FICdtTrf/CdtTrfTxInf/CdtrAgtAcct/Prxy/Id,Id,Max2048Text,1,1
pacs.009.001.13,/Document/FICdtTrf/CdtTrfTxInf/Cdtr,Cdtr,BranchAndFinancialInstitutionIdentification8,1,1
pacs.009.001.13,/Document/FICdtTrf/CdtTrfTxInf/Cdtr/FinInstnId,FinInstnId,FinancialInstitutionIdentification23,1,1
pacs.009.001.13,/Document/FICdtTrf/CdtTrfTxInf/Cdtr/FinInstnId/BICFI,BICFI,BICFIDec2014Identifier,0,1
pacs.009.001.13,/Document/FICdtTrf/CdtTrfTxInf/Cdtr/FinInstnId/ClrSysMmbId,ClrSysMmbId,ClearingSystemMemberIdentification2,0,1
pacs.009.001.13,/Document/FICdtTrf/CdtTrfTxInf/Cdtr/FinInstnId/ClrSysMmbId/ClrSysId,ClrSysId,ClearingSystemIdentification2Choice,0,1
pacs.009.001.13,/Document/FICdtTrf/CdtTrfTxInf/Cdtr/FinInstnId/ClrSysMmbId/ClrSysId/Cd,Cd,ExternalClearingSystemIdentification1Code,1,1
pacs.009.001.13,/Document/FICdtTrf/CdtTrfTxInf/Cdtr/FinInstnId/ClrSysMmbId/ClrSysId/Prtry,Prtry,Max35Text,1,1
pacs.009.001.13,/Document/FICdtTrf/CdtTrfTxInf/Cdtr/FinInstnId/ClrSysMmbId/MmbId,MmbId,Max35Text,1,1
pacs.009.001.13,/Document/FICdtTrf/CdtTrfTxInf/Cdtr/FinInstnId/LEI,LEI,LEIIdentifier,0,1
pacs.009.001.13,/Document/FICdtTrf/CdtTrfTxInf/Cdtr/FinInstnId/Nm,Nm,Max140Text,0,1
pacs.009.001.13,/Document/FICdtTrf/CdtTrfTxInf/Cdtr/FinInstnId/PstlAdr,PstlAdr,PostalAddress27,0,1
pacs.009.001.13,/Document/FICdtTrf/CdtTrfTxInf/Cdtr/FinInstnId/PstlAdr/AdrTp,AdrTp,AddressType3Choice,0,1
pacs.009.001.13,/Document/FICdtTrf/CdtTrfTxInf/Cdtr/FinInstnId/PstlAdr/AdrTp/Cd,Cd,AddressType2Code,1,1
pacs.009.001.13,/Document/FICdtTrf/CdtTrfTxInf/Cdtr/FinInstnId/PstlAdr/AdrTp/Prtry,Prtry,GenericIdentification30,1,1
pacs.009.001.13,/Document/FICdtTrf/CdtTrfTxInf/Cdtr/FinInstnId/PstlAdr/AdrTp/Prtry/Id,Id,Exact4AlphaNumericText,1,1
pacs.009.001.13,/Document/FICdtTrf/CdtTrfTxInf/Cdtr/FinInstnId/PstlAdr/AdrTp/Prtry/Issr,Issr,Max35Text,1,1
pacs.009.001.13,/Document/FICdtTrf/CdtTrfTxInf/Cdtr/FinInstnId/PstlAdr/AdrTp/Prtry/SchmeNm,SchmeNm,Max35Text,0,1
pacs.009.001.13,/Document/FICdtTrf/CdtTrfTxInf/Cdtr/FinInstnId/PstlAdr/CareOf,CareOf,Max140Text,0,1
pacs.009.001.13,/Document/FICdtTrf/CdtTrfTxInf/Cdtr/FinInstnId/PstlAdr/Dept,Dept,Max70Text,0,1
pacs.009.001.13,/Document/FICdtTrf/CdtTrfTxInf/Cdtr/FinInstnId/PstlAdr/SubDept,SubDept,Max70Text,0,1
pacs.009.001.13,/Document/FICdtTrf/CdtTrfTxInf/Cdtr/FinInstnId/PstlAdr/StrtNm,StrtNm,Max140Text,0,1
pacs.009.001.13,/Document/FICdtTrf/CdtTrfTxInf/Cdtr/FinInstnId/PstlAdr/BldgNb,BldgNb,Max16Text,0,1
pacs.009.001.13,/Document/FICdtTrf/CdtTrfTxInf/Cdtr/FinInstnId/PstlAdr/BldgNm,BldgNm,Max140Text,0,1
pacs.009.001.13,/Document/FICdtTrf/CdtTrfTxInf/Cdtr/FinInstnId/PstlAdr/Flr,Flr,Max70Text,0,1
pacs.009.001.13,/Document/FICdtTrf/CdtTrfTxInf/Cdtr/FinInstnId/PstlAdr/UnitNb,UnitNb,Max16Text,0,1
pacs.009.001.13,/Document/FICdtTrf/CdtTrfTxInf/Cdtr/FinInstnId/PstlAdr/PstBx,PstBx,Max16Text,0,1
pacs.009.001.13,/Document/FICdtTrf/CdtTrfTxInf/Cdtr/FinInstnId/PstlAdr/Room,Room,Max70Text,0,1
pacs.009.001.13,/Document/FICdtTrf/CdtTrfTxInf/Cdtr/FinInstnId/PstlAdr/PstCd,PstCd,Max16Text,0,1
pacs.009.001.13,/Document/FICdtTrf/CdtTrfTxInf/Cdtr/FinInstnId/PstlAdr/TwnNm,TwnNm,Max140Text,0,1
pacs.009.001.13,/Document/FICdtTrf/CdtTrfTxInf/Cdtr/FinInstnId/PstlAdr/TwnLctnNm,TwnLctnNm,Max140Text,0,1
pacs.009.001.13,/Document/FICdtTrf/CdtTrfTxInf/Cdtr/FinInstnId/PstlAdr/DstrctNm,DstrctNm,Max140Text,0,1
pacs.009.001.13,/Document/FICdtTrf/CdtTrfTxInf/Cdtr/FinInstnId/PstlAdr/CtrySubDvsn,CtrySubDvsn,Max35Text,0,1
pacs.009.001.13,/Document/FICdtTrf/CdtTrfTxInf/Cdtr/FinInstnId/PstlAdr/Ctry,Ctry,CountryCode,0,1
pacs.009.001.13,/Document/FICdtTrf/CdtTrfTxInf/Cdtr/FinInstnId/PstlAdr/AdrLine,AdrLine,Max70Text,0,7
pacs.009.001.13,/Document/FICdtTrf/CdtTrfTxInf/Cdtr/FinInstnId/Othr,Othr,GenericFinancialIdentification1,0,1
pacs.009.001.13,/Document/FICdtTrf/CdtTrfTxInf/Cdtr/FinInstnId/Othr/Id,Id,Max35Text,1,1
pacs.009.001.13,/Document/FICdtTrf/CdtTrfTxInf/Cdtr/FinInstnId/Othr/SchmeNm,SchmeNm,FinancialIdentificationSchemeName1Choice,0,1
pacs.009.001.13,/Document/FICdtTrf/CdtTrfTxInf/Cdtr/FinInstnId/Othr/SchmeNm/Cd,Cd,ExternalFinancialInstitutionIdentification1Code,1,1
pacs.009.001.13,/Document/FICdtTrf/CdtTrfTxInf/Cdtr/FinInstnId/Othr/SchmeNm/Prtry,Prtry,Max35Text,1,1
pacs.009.001.13,/Document/FICdtTrf/CdtTrfTxInf/Cdtr/FinInstnId/Othr/Issr,Issr,Max35Text,0,1
pacs.009.001.13,/Document/FICdtTrf/CdtTrfTxInf/Cdtr/BrnchId,BrnchId,BranchData5,0,1
pacs.009.001.13,/Document/FICdtTrf/CdtTrfTxInf/Cdtr/BrnchId/Id,Id,Max35Text,0,1
pacs.009.001.13,/Document/FICdtTrf/CdtTrfTxInf/Cdtr/BrnchId/LEI,LEI,LEIIdentifier,0,1
pacs.009.001.13,/Document/FICdtTrf/CdtTrfTxInf/Cdtr/BrnchId/Nm,Nm,Max140Text,0,1
pacs.009.001.13,/Document/FICdtTrf/CdtTrfTxInf/Cdtr/BrnchId/PstlAdr,PstlAdr,PostalAddress27,0,1
pacs.009.001.13,/Document/FICdtTrf/CdtTrfTxInf/Cdtr/BrnchId/PstlAdr/AdrTp,AdrTp,AddressType3Choice,0,1
pacs.009.001.13,/Document/FICdtTrf/CdtTrfTxInf/Cdtr/BrnchId/PstlAdr/AdrTp/Cd,Cd,AddressType2Code,1,1
pacs.009.001.13,/Document/FICdtTrf/CdtTrfTxInf/Cdtr/BrnchId/PstlAdr/AdrTp/Prtry,Prtry,GenericIdentification30,1,1
pacs.009.001.13,/Document/FICdtTrf/CdtTrfTxInf/Cdtr/BrnchId/PstlAdr/AdrTp/Prtry/Id,Id,Exact4AlphaNumericText,1,1
pacs.009.001.13,/Document/FICdtTrf/CdtTrfTxInf/Cdtr/BrnchId/PstlAdr/AdrTp/Prtry/Issr,Issr,Max35Text,1,1
pacs.009.001.13,/Document/FICdtTrf/CdtTrfTxInf/Cdtr/BrnchId/PstlAdr/AdrTp/Prtry/SchmeNm,SchmeNm,Max35Text,0,1
pacs.009.001.13,/Document/FICdtTrf/CdtTrfTxInf/Cdtr/BrnchId/PstlAdr/CareOf,CareOf,Max140Text,0,1
pacs.009.001.13,/Document/FICdtTrf/CdtTrfTxInf/Cdtr/BrnchId/PstlAdr/Dept,Dept,Max70Text,0,1
pacs.009.001.13,/Document/FICdtTrf/CdtTrfTxInf/Cdtr/BrnchId/PstlAdr/SubDept,SubDept,Max70Text,0,1
pacs.009.001.13,/Document/FICdtTrf/CdtTrfTxInf/Cdtr/BrnchId/PstlAdr/StrtNm,StrtNm,Max140Text,0,1
pacs.009.001.13,/Document/FICdtTrf/CdtTrfTxInf/Cdtr/BrnchId/PstlAdr/BldgNb,BldgNb,Max16Text,0,1
pacs.009.001.13,/Document/FICdtTrf/CdtTrfTxInf/Cdtr/BrnchId/PstlAdr/BldgNm,BldgNm,Max140Text,0,1
pacs.009.001.13,/Document/FICdtTrf/CdtTrfTxInf/Cdtr/BrnchId/PstlAdr/Flr,Flr,Max70Text,0,1
pacs.009.001.13,/Document/FICdtTrf/CdtTrfTxInf/Cdtr/BrnchId/PstlAdr/UnitNb,UnitNb,Max16Text,0,1
pacs.009.001.13,/Document/FICdtTrf/CdtTrfTxInf/Cdtr/BrnchId/PstlAdr/PstBx,PstBx,Max16Text,0,1
pacs.009.001.13,/Document/FICdtTrf/CdtTrfTxInf/Cdtr/BrnchId/PstlAdr/Room,Room,Max70Text,0,1
pacs.009.001.13,/Document/FICdtTrf/CdtTrfTxInf/Cdtr/BrnchId/PstlAdr/PstCd,PstCd,Max16Text,0,1
pacs.009.001.13,/Document/FICdtTrf/CdtTrfTxInf/Cdtr/BrnchId/PstlAdr/TwnNm,TwnNm,Max140Text,0,1
pacs.009.001.13,/Document/FICdtTrf/CdtTrfTxInf/Cdtr/BrnchId/PstlAdr/TwnLctnNm,TwnLctnNm,Max140Text,0,1
pacs.009.001.13,/Document/FICdtTrf/CdtTrfTxInf/Cdtr/BrnchId/PstlAdr/DstrctNm,DstrctNm,Max140Text,0,1
pacs.009.001.13,/Document/FICdtTrf/CdtTrfTxInf/Cdtr/BrnchId/PstlAdr/CtrySubDvsn,CtrySubDvsn,Max35Text,0,1
pacs.009.001.13,/Document/FICdtTrf/CdtTrfTxInf/Cdtr/BrnchId/PstlAdr/Ctry,Ctry,CountryCode,0,1
pacs.009.001.13,/Document/FICdtTrf/CdtTrfTxInf/Cdtr/BrnchId/PstlAdr/AdrLine,AdrLine,Max70Text,0,7
pacs.009.001.13,/Document/FICdtTrf/CdtTrfTxInf/CdtrAcct,CdtrAcct,CashAccount40,0,1
pacs.009.001.13,/Document/FICdtTrf/CdtTrfTxInf/CdtrAcct/Id,Id,AccountIdentification4Choice,0,1
pacs.009.001.13,/Document/FICdtTrf/CdtTrfTxInf/CdtrAcct/Id/IBAN,IBAN,IBAN2007Identifier,1,1
pacs.009.001.13,/Document/FICdtTrf/CdtTrfTxInf/CdtrAcct/Id/Othr,Othr,GenericAccountIdentification1,1,1
pacs.009.001.13,/Document/FICdtTrf/CdtTrfTxInf/CdtrAcct/Id/Othr/Id,Id,Max34Text,1,1
pacs.009.001.13,/Document/FICdtTrf/CdtTrfTxInf/CdtrAcct/Id/Othr/SchmeNm,SchmeNm,AccountSchemeName1Choice,0,1
pacs.009.001.13,/Document/FICdtTrf/CdtTrfTxInf/CdtrAcct/Id/Othr/SchmeNm/Cd,Cd,ExternalAccountIdentification1Code,1,1
pacs.009.001.13,/Document/FICdtTrf/CdtTrfTxInf/CdtrAcct/Id/Othr/SchmeNm/Prtry,Prtry,Max35Text,1,1
pacs.009.001.13,/Document/FICdtTrf/CdtTrfTxInf/CdtrAcct/Id/Othr/Issr,Issr,Max35Text,0,1
pacs.009.001.13,/Document/FICdtTrf/CdtTrfTxInf/CdtrAcct/Tp,Tp,CashAccountType2Choice,0,1
pacs.009.001.13,/Document/FICdtTrf/CdtTrfTxInf/CdtrAcct/Tp/Cd,Cd,ExternalCashAccountType1Code,1,1
pacs.009.001.13,/Document/FICdtTrf/CdtTrfTxInf/CdtrAcct/Tp/Prtry,Prtry,Max35Text,1,1
pacs.009.001.13,/Document/FICdtTrf/CdtTrfTxInf/CdtrAcct/Ccy,Ccy,ActiveOrHistoricCurrencyCode,0,1
pacs.009.001.13,/Document/FICdtTrf/CdtTrfTxInf/CdtrAcct/Nm,Nm,Max70Text,0,1
pacs.009.001.13,/Document/FICdtTrf/CdtTrfTxInf/CdtrAcct/Prxy,Prxy,ProxyAccountIdentification1,0,1
pacs.009.001.13,/Document/FICdtTrf/CdtTrfTxInf/CdtrAcct/Prxy/Tp,Tp,ProxyAccountType1Choice,0,1
pacs.009.001.13,/Document/FICdtTrf/CdtTrfTxInf/CdtrAcct/Prxy/Tp/Cd,Cd,ExternalProxyAccountType1Code,1,1
pacs.009.001.13,/Document/FICdtTrf/CdtTrfTxInf/CdtrAcct/Prxy/Tp/Prtry,Prtry,Max35Text,1,1
pacs.009.001.13,/Document/FICdtTrf/CdtTrfTxInf/CdtrAcct/Prxy/Id,Id,Max2048Text,1,1
pacs.009.001.13,/Document/FICdtTrf/CdtTrfTxInf/UltmtCdtr,UltmtCdtr,BranchAndFinancialInstitutionIdentification8,0,1
pacs.009.001.13,/Document/FICdtTrf/CdtTrfTxInf/UltmtCdtr/FinInstnId,FinInstnId,FinancialInstitutionIdentification23,1,1
pacs.009.001.13,/Document/FICdtTrf/CdtTrfTxInf/UltmtCdtr/FinInstnId/BICFI,BICFI,BICFIDec2014Identifier,0,1
pacs.009.001.13,/Document/FICdtTrf/CdtTrfTxInf/UltmtCdtr/FinInstnId/ClrSysMmbId,ClrSysMmbId,ClearingSystemMemberIdentification2,0,1
pacs.009.001.13,/Document/FICdtTrf/CdtTrfTxInf/UltmtCdtr/FinInstnId/ClrSysMmbId/ClrSysId,ClrSysId,ClearingSystemIdentification2Choice,0,1
pacs.009.001.13,/Document/FICdtTrf/CdtTrfTxInf/UltmtCdtr/FinInstnId/ClrSysMmbId/ClrSysId/Cd,Cd,ExternalClearingSystemIdentification1Code,1,1
pacs.009.001.13,/Document/FICdtTrf/CdtTrfTxInf/UltmtCdtr/FinInstnId/ClrSysMmbId/ClrSysId/Prtry,Prtry,Max35Text,1,1
pacs.009.001.13,/Document/FICdtTrf/CdtTrfTxInf/UltmtCdtr/FinInstnId/ClrSysMmbId/MmbId,MmbId,Max35Text,1,1
pacs.009.001.13,/Document/FICdtTrf/CdtTrfTxInf/UltmtCdtr/FinInstnId/LEI,LEI,LEIIdentifier,0,1
pacs.009.001.13,/Document/FICdtTrf/CdtTrfTxInf/UltmtCdtr/FinInstnId/Nm,Nm,Max140Text,0,1
pacs.009.001.13,/Document/FICdtTrf/CdtTrfTxInf/UltmtCdtr/FinInstnId/PstlAdr,PstlAdr,PostalAddress27,0,1
pacs.009.001.13,/Document/FICdtTrf/CdtTrfTxInf/UltmtCdtr/FinInstnId/PstlAdr/AdrTp,AdrTp,AddressType3Choice,0,1
pacs.009.001.13,/Document/FICdtTrf/CdtTrfTxInf/UltmtCdtr/FinInstnId/PstlAdr/AdrTp/Cd,Cd,AddressType2Code,1,1
pacs.009.001.13,/Document/FICdtTrf/CdtTrfTxInf/UltmtCdtr/FinInstnId/PstlAdr/AdrTp/Prtry,Prtry,GenericIdentification30,1,1
pacs.009.001.13,/Document/FICdtTrf/CdtTrfTxInf/UltmtCdtr/FinInstnId/PstlAdr/AdrTp/Prtry/Id,Id,Exact4AlphaNumericText,1,1
pacs.009.001.13,/Document/FICdtTrf/CdtTrfTxInf/UltmtCdtr/FinInstnId/PstlAdr/AdrTp/Prtry/Issr,Issr,Max35Text,1,1
pacs.009.001.13,/Document/FICdtTrf/CdtTrfTxInf/UltmtCdtr/FinInstnId/PstlAdr/AdrTp/Prtry/SchmeNm,SchmeNm,Max35Text,0,1
pacs.009.001.13,/Document/FICdtTrf/CdtTrfTxInf/UltmtCdtr/FinInstnId/PstlAdr/CareOf,CareOf,Max140Text,0,1
pacs.009.001.13,/Document/FICdtTrf/CdtTrfTxInf/UltmtCdtr/FinInstnId/PstlAdr/Dept,Dept,Max70Text,0,1
pacs.009.001.13,/Document/FICdtTrf/CdtTrfTxInf/UltmtCdtr/FinInstnId/PstlAdr/SubDept,SubDept,Max70Text,0,1
pacs.009.001.13,/Document/FICdtTrf/CdtTrfTxInf/UltmtCdtr/FinInstnId/PstlAdr/StrtNm,StrtNm,Max140Text,0,1
pacs.009.001.13,/Document/FICdtTrf/CdtTrfTxInf/UltmtCdtr/FinInstnId/PstlAdr/BldgNb,BldgNb,Max16Text,0,1
pacs.009.001.13,/Document/FICdtTrf/CdtTrfTxInf/UltmtCdtr/FinInstnId/PstlAdr/BldgNm,BldgNm,Max140Text,0,1
pacs.009.001.13,/Document/FICdtTrf/CdtTrfTxInf/UltmtCdtr/FinInstnId/PstlAdr/Flr,Flr,Max70Text,0,1
pacs.009.001.13,/Document/FICdtTrf/CdtTrfTxInf/UltmtCdtr/FinInstnId/PstlAdr/UnitNb,UnitNb,Max16Text,0,1
pacs.009.001.13,/Document/FICdtTrf/CdtTrfTxInf/UltmtCdtr/FinInstnId/PstlAdr/PstBx,PstBx,Max16Text,0,1
pacs.009.001.13,/Document/FICdtTrf/CdtTrfTxInf/UltmtCdtr/FinInstnId/PstlAdr/Room,Room,Max70Text,0,1
pacs.009.001.13,/Document/FICdtTrf/CdtTrfTxInf/UltmtCdtr/FinInstnId/PstlAdr/PstCd,PstCd,Max16Text,0,1
pacs.009.001.13,/Document/FICdtTrf/CdtTrfTxInf/UltmtCdtr/FinInstnId/PstlAdr/TwnNm,TwnNm,Max140Text,0,1
pacs.009.001.13,/Document/FICdtTrf/CdtTrfTxInf/UltmtCdtr/FinInstnId/PstlAdr/TwnLctnNm,TwnLctnNm,Max140Text,0,1
pacs.009.001.13,/Document/FICdtTrf/CdtTrfTxInf/UltmtCdtr/FinInstnId/PstlAdr/DstrctNm,DstrctNm,Max140Text,0,1
pacs.009.001.13,/Document/FICdtTrf/CdtTrfTxInf/UltmtCdtr/FinInstnId/PstlAdr/CtrySubDvsn,CtrySubDvsn,Max35Text,0,1
pacs.009.001.13,/Document/FICdtTrf/CdtTrfTxInf/UltmtCdtr/FinInstnId/PstlAdr/Ctry,Ctry,CountryCode,0,1
pacs.009.001.13,/Document/FICdtTrf/CdtTrfTxInf/UltmtCdtr/FinInstnId/PstlAdr/AdrLine,AdrLine,Max70Text,0,7
pacs.009.001.13,/Document/FICdtTrf/CdtTrfTxInf/UltmtCdtr/FinInstnId/Othr,Othr,GenericFinancialIdentification1,0,1
pacs.009.001.13,/Document/FICdtTrf/CdtTrfTxInf/UltmtCdtr/FinInstnId/Othr/Id,Id,Max35Text,1,1
pacs.009.001.13,/Document/FICdtTrf/CdtTrfTxInf/UltmtCdtr/FinInstnId/Othr/SchmeNm,SchmeNm,FinancialIdentificationSchemeName1Choice,0,1
pacs.009.001.13,/Document/FICdtTrf/CdtTrfTxInf/UltmtCdtr/FinInstnId/Othr/SchmeNm/Cd,Cd,ExternalFinancialInstitutionIdentification1Code,1,1
pacs.009.001.13,/Document/FICdtTrf/CdtTrfTxInf/UltmtCdtr/FinInstnId/Othr/SchmeNm/Prtry,Prtry,Max35Text,1,1
pacs.009.001.13,/Document/FICdtTrf/CdtTrfTxInf/UltmtCdtr/FinInstnId/Othr/Issr,Issr,Max35Text,0,1
pacs.009.001.13,/Document/FICdtTrf/CdtTrfTxInf/UltmtCdtr/BrnchId,BrnchId,BranchData5,0,1
pacs.009.001.13,/Document/FICdtTrf/CdtTrfTxInf/UltmtCdtr/BrnchId/Id,Id,Max35Text,0,1
pacs.009.001.13,/Document/FICdtTrf/CdtTrfTxInf/UltmtCdtr/BrnchId/LEI,LEI,LEIIdentifier,0,1
pacs.009.001.13,/Document/FICdtTrf/CdtTrfTxInf/UltmtCdtr/BrnchId/Nm,Nm,Max140Text,0,1
pacs.009.001.13,/Document/FICdtTrf/CdtTrfTxInf/UltmtCdtr/BrnchId/PstlAdr,PstlAdr,PostalAddress27,0,1
pacs.009.001.13,/Document/FICdtTrf/CdtTrfTxInf/UltmtCdtr/BrnchId/PstlAdr/AdrTp,AdrTp,AddressType3Choice,0,1
pacs.009.001.13,/Document/FICdtTrf/CdtTrfTxInf/UltmtCdtr/BrnchId/PstlAdr/AdrTp/Cd,Cd,AddressType2Code,1,1
pacs.009.001.13,/Document/FICdtTrf/CdtTrfTxInf/UltmtCdtr/BrnchId/PstlAdr/AdrTp/Prtry,Prtry,GenericIdentification30,1,1
pacs.009.001.13,/Document/FICdtTrf/CdtTrfTxInf/UltmtCdtr/BrnchId/PstlAdr/AdrTp/Prtry/Id,Id,Exact4AlphaNumericText,1,1
pacs.009.001.13,/Document/FICdtTrf/CdtTrfTxInf/UltmtCdtr/BrnchId/PstlAdr/AdrTp/Prtry/Issr,Issr,Max35Text,1,1
pacs.009.001.13,/Document/FICdtTrf/CdtTrfTxInf/UltmtCdtr/BrnchId/PstlAdr/AdrTp/Prtry/SchmeNm,SchmeNm,Max35Text,0,1
pacs.009.001.13,/Document/FICdtTrf/CdtTrfTxInf/UltmtCdtr/BrnchId/PstlAdr/CareOf,CareOf,Max140Text,0,1
pacs.009.001.13,/Document/FICdtTrf/CdtTrfTxInf/UltmtCdtr/BrnchId/PstlAdr/Dept,Dept,Max70Text,0,1
pacs.009.001.13,/Document/FICdtTrf/CdtTrfTxInf/UltmtCdtr/BrnchId/PstlAdr/SubDept,SubDept,Max70Text,0,1
pacs.009.001.13,/Document/FICdtTrf/CdtTrfTxInf/UltmtCdtr/BrnchId/PstlAdr/StrtNm,StrtNm,Max140Text,0,1
pacs.009.001.13,/Document/FICdtTrf/CdtTrfTxInf/UltmtCdtr/BrnchId/PstlAdr/BldgNb,BldgNb,Max16Text,0,1
pacs.009.001.13,/Document/FICdtTrf/CdtTrfTxInf/UltmtCdtr/BrnchId/PstlAdr/BldgNm,BldgNm,Max140Text,0,1
pacs.009.001.13,/Document/FICdtTrf/CdtTrfTxInf/UltmtCdtr/BrnchId/PstlAdr/Flr,Flr,Max70Text,0,1
pacs.009.001.13,/Document/FICdtTrf/CdtTrfTxInf/UltmtCdtr/BrnchId/PstlAdr/UnitNb,UnitNb,Max16Text,0,1
pacs.009.001.13,/Document/FICdtTrf/CdtTrfTxInf/UltmtCdtr/BrnchId/PstlAdr/PstBx,PstBx,Max16Text,0,1
pacs.009.001.13,/Document/FICdtTrf/CdtTrfTxInf/UltmtCdtr/BrnchId/PstlAdr/Room,Room,Max70Text,0,1
pacs.009.001.13,/Document/FICdtTrf/CdtTrfTxInf/UltmtCdtr/BrnchId/PstlAdr/PstCd,PstCd,Max16Text,0,1
pacs.009.001.13,/Document/FICdtTrf/CdtTrfTxInf/UltmtCdtr/BrnchId/PstlAdr/TwnNm,TwnNm,Max140Text,0,1
pacs.009.001.13,/Document/FICdtTrf/CdtTrfTxInf/UltmtCdtr/BrnchId/PstlAdr/TwnLctnNm,TwnLctnNm,Max140Text,0,1
pacs.009.001.13,/Document/FICdtTrf/CdtTrfTxInf/UltmtCdtr/BrnchId/PstlAdr/DstrctNm,DstrctNm,Max140Text,0,1
pacs.009.001.13,/Document/FICdtTrf/CdtTrfTxInf/UltmtCdtr/BrnchId/PstlAdr/CtrySubDvsn,CtrySubDvsn,Max35Text,0,1
pacs.009.001.13,/Document/FICdtTrf/CdtTrfTxInf/UltmtCdtr/BrnchId/PstlAdr/Ctry,Ctry,CountryCode,0,1
pacs.009.001.13,/Document/FICdtTrf/CdtTrfTxInf/UltmtCdtr/BrnchId/PstlAdr/AdrLine,AdrLine,Max70Text,0,7
pacs.009.001.13,/Document/FICdtTrf/CdtTrfTxInf/InstrForCdtrAgt,InstrForCdtrAgt,InstructionForCreditorAgent3,0,
pacs.009.001.13,/Document/FICdtTrf/CdtTrfTxInf/InstrForCdtrAgt/Cd,Cd,ExternalCreditorAgentInstruction1Code,0,1
pacs.009.001.13,/Document/FICdtTrf/CdtTrfTxInf/InstrForCdtrAgt/InstrInf,InstrInf,Max140Text,0,1
pacs.009.001.13,/Document/FICdtTrf/CdtTrfTxInf/InstrForNxtAgt,InstrForNxtAgt,InstructionForNextAgent1,0,
pacs.009.001.13,/Document/FICdtTrf/CdtTrfTxInf/InstrForNxtAgt/Cd,Cd,Instruction4Code,0,1
pacs.009.001.13,/Document/FICdtTrf/CdtTrfTxInf/InstrForNxtAgt/InstrInf,InstrInf,Max140Text,0,1
pacs.009.001.13,/Document/FICdtTrf/CdtTrfTxInf/Purp,Purp,Purpose2Choice,0,1
pacs.009.001.13,/Document/FICdtTrf/CdtTrfTxInf/Purp/Cd,Cd,ExternalPurpose1Code,1,1
pacs.009.001.13,/Document/FICdtTrf/CdtTrfTxInf/Purp/Prtry,Prtry,Max35Text,1,1
pacs.009.001.13,/Document/FICdtTrf/CdtTrfTxInf/RgltryRptg,RgltryRptg,RegulatoryReporting10,0,10
pacs.009.001.13,/Document/FICdtTrf/CdtTrfTxInf/RgltryRptg/DbtCdtRptgInd,DbtCdtRptgInd,RegulatoryReportingType1Code,1,1
pacs.009.001.13,/Document/FICdtTrf/CdtTrfTxInf/RgltryRptg/Authrty,Authrty,RegulatoryAuthority2,0,1
pacs.009.001.13,/Document/FICdtTrf/CdtTrfTxInf/RgltryRptg/Authrty/Nm,Nm,Max140Text,0,1
pacs.009.001.13,/Document/FICdtTrf/CdtTrfTxInf/RgltryRptg/Authrty/Ctry,Ctry,CountryCode,0,1
pacs.009.001.13,/Document/FICdtTrf/CdtTrfTxInf/RgltryRptg/Dtls,Dtls,StructuredRegulatoryReporting5,0,
pacs.009.001.13,/Document/FICdtTrf/CdtTrfTxInf/RgltryRptg/Dtls/Tp,Tp,RegulatoryReportingType1Choice,0,1
pacs.009.001.13,/Document/FICdtTrf/CdtTrfTxInf/RgltryRptg/Dtls/Tp/Cd,Cd,ExternalRegulatoryReportingType1Code,1,1
pacs.009.001.13,/Document/FICdtTrf/CdtTrfTxInf/RgltryRptg/Dtls/Tp/Prtry,Prtry,Max35Text,1,1
pacs.009.001.13,/Document/FICdtTrf/CdtTrfTxInf/RgltryRptg/Dtls/Dt,Dt,ISODate,0,1
pacs.009.001.13,/Document/FICdtTrf/CdtTrfTxInf/RgltryRptg/Dtls/Ctry,Ctry,CountryCode,0,1
pacs.009.001.13,/Document/FICdtTrf/CdtTrfTxInf/RgltryRptg/Dtls/RptgCd,RptgCd,Max10Text,0,1
pacs.009.001.13,/Document/FICdtTrf/CdtTrfTxInf/RgltryRptg/Dtls/Amt,Amt,ActiveOrHistoricCurrencyAndAmount,0,1
pacs.009.001.13,/Document/FICdtTrf/CdtTrfTxInf/RgltryRptg/Dtls/Inf,Inf,Max35Text,0,
pacs.009.001.13,/Document/FICdtTrf/CdtTrfTxInf/RmtInf,RmtInf,RemittanceInformation2,0,1
pacs.009.001.13,/Document/FICdtTrf/CdtTrfTxInf/RmtInf/Ustrd,Ustrd,Max140Text,0,
pacs.009.001.13,/Document/FICdtTrf/CdtTrfTxInf/UndrlygAllcn,UndrlygAllcn,TransactionAllocation2,0,
pacs.009.001.13,/Document/FICdtTrf/CdtTrfTxInf/UndrlygAllcn/Amt,Amt,ActiveOrHistoricCurrencyAndAmount,1,1
pacs.009.001.13,/Document/FICdtTrf/CdtTrfTxInf/UndrlygAllcn/CdtDbtInd,CdtDbtInd,CreditDebitCode,1,1
pacs.009.001.13,/Document/FICdtTrf/CdtTrfTxInf/UndrlygAllcn/Acct,Acct,CashAccount40,1,1
pacs.009.001.13,/Document/FICdtTrf/CdtTrfTxInf/UndrlygAllcn/Acct/Id,Id,AccountIdentification4Choice,0,1
pacs.009.001.13,/Document/FICdtTrf/CdtTrfTxInf/UndrlygAllcn/Acct/Id/IBAN,IBAN,IBAN2007Identifier,1,1
pacs.009.001.13,/Document/FICdtTrf/CdtTrfTxInf/UndrlygAllcn/Acct/Id/Othr,Othr,GenericAccountIdentification1,1,1
pacs.009.001.13,/Document/FICdtTrf/CdtTrfTxInf/UndrlygAllcn/Acct/Id/Othr/Id,Id,Max34Text,1,1
pacs.009.001.13,/Document/FICdtTrf/CdtTrfTxInf/UndrlygAllcn/Acct/Id/Othr/SchmeNm,SchmeNm,AccountSchemeName1Choice,0,1
pacs.009.001.13,/Document/FICdtTrf/CdtTrfTxInf/UndrlygAllcn/Acct/Id/Othr/SchmeNm/Cd,Cd,ExternalAccountIdentification1Code,1,1
pacs.009.001.13,/Document/FICdtTrf/CdtTrfTxInf/UndrlygAllcn/Acct/Id/Othr/SchmeNm/Prtry,Prtry,Max35Text,1,1
pacs.009.001.13,/Document/FICdtTrf/CdtTrfTxInf/UndrlygAllcn/Acct/Id/Othr/Issr,Issr,Max35Text,0,1
pacs.009.001.13,/Document/FICdtTrf/CdtTrfTxInf/UndrlygAllcn/Acct/Tp,Tp,CashAccountType2Choice,0,1
pacs.009.001.13,/Document/FICdtTrf/CdtTrfTxInf/UndrlygAllcn/Acct/Tp/Cd,Cd,ExternalCashAccountType1Code,1,1
pacs.009.001.13,/Document/FICdtTrf/CdtTrfTxInf/UndrlygAllcn/Acct/Tp/Prtry,Prtry,Max35Text,1,1
pacs.009.001.13,/Document/FICdtTrf/CdtTrfTxInf/UndrlygAllcn/Acct/Ccy,Ccy,ActiveOrHistoricCurrencyCode,0,1
pacs.009.001.13,/Document/FICdtTrf/CdtTrfTxInf/UndrlygAllcn/Acct/Nm,Nm,Max70Text,0,1
pacs.009.001.13,/Document/FICdtTrf/CdtTrfTxInf/UndrlygAllcn/Acct/Prxy,Prxy,ProxyAccountIdentification1,0,1
pacs.009.001.13,/Document/FICdtTrf/CdtTrfTxInf/UndrlygAllcn/Acct/Prxy/Tp,Tp,ProxyAccountType1Choice,0,1
pacs.009.001.13,/Document/FICdtTrf/CdtTrfTxInf/UndrlygAllcn/Acct/Prxy/Tp/Cd,Cd,ExternalProxyAccountType1Code,1,1
pacs.009.001.13,/Document/FICdtTrf/CdtTrfTxInf/UndrlygAllcn/Acct/Prxy/Tp/Prtry,Prtry,Max35Text,1,1
pacs.009.001.13,/Document/FICdtTrf/CdtTrfTxInf/UndrlygAllcn/Acct/Prxy/Id,Id,Max2048Text,1,1
pacs.009.001.13,/Document/FICdtTrf/CdtTrfTxInf/UndrlygAllcn/Purp,Purp,Purpose2Choice,1,1
pacs.009.001.13,/Document/FICdtTrf/CdtTrfTxInf/UndrlygAllcn/Purp/Cd,Cd,ExternalPurpose1Code,1,1
pacs.009.001.13,/Document/FICdtTrf/CdtTrfTxInf/UndrlygAllcn/Purp/Prtry,Prtry,Max35Text,1,1
pacs.009.001.13,/Document/FICdtTrf/CdtTrfTxInf/UndrlygAllcn/Ref,Ref,Max35Text,1,1
pacs.009.001.13,/Document/FICdtTrf/CdtTrfTxInf/UndrlygAllcn/RltdRefs,RltdRefs,References80Choice,0,
pacs.009.001.13,/Document/FICdtTrf/CdtTrfTxInf/UndrlygAllcn/RltdRefs/SctiesSttlmTxId,SctiesSttlmTxId,Max35Text,1,1
pacs.009.001.13,/Document/FICdtTrf/CdtTrfTxInf/UndrlygAllcn/RltdRefs/IntraPosMvmntId,IntraPosMvmntId,Max35Text,1,1
pacs.009.001.13,/Document/FICdtTrf/CdtTrfTxInf/UndrlygAllcn/RltdRefs/IntraBalMvmntId,IntraBalMvmntId,Max35Text,1,1
pacs.009.001.13,/Document/FICdtTrf/CdtTrfTxInf/UndrlygAllcn/RltdRefs/AcctSvcrTxId,AcctSvcrTxId,Max35Text,1,1
pacs.009.001.13,/Document/FICdtTrf/CdtTrfTxInf/UndrlygAllcn/RltdRefs/MktInfrstrctrTxId,MktInfrstrctrTxId,Max35Text,1,1
pacs.009.001.13,/Document/FICdtTrf/CdtTrfTxInf/UndrlygAllcn/RltdRefs/CtrPtyMktInfrstrctrTxId,CtrPtyMktInfrstrctrTxId,Max35Text,1,1
pacs.009.001.13,/Document/FICdtTrf/CdtTrfTxInf/UndrlygAllcn/RltdRefs/PoolId,PoolId,Max35Text,1,1
pacs.009.001.13,/Document/FICdtTrf/CdtTrfTxInf/UndrlygAllcn/RltdRefs/CmonId,CmonId,Max35Text,1,1
pacs.009.001.13,/Document/FICdtTrf/CdtTrfTxInf/UndrlygAllcn/RltdRefs/TradId,TradId,Max35Text,1,1
pacs.009.001.13,/Document/FICdtTrf/CdtTrfTxInf/UndrlygAllcn/RltdRefs/UnqTxIdr,UnqTxIdr,UTIIdentifier,1,1
pacs.009.001.13,/Document/FICdtTrf/CdtTrfTxInf/UndrlygAllcn/RltdRefs/OthrTxId,OthrTxId,Max35Text,1,1
pacs.009.001.13,/Document/FICdtTrf/CdtTrfTxInf/UndrlygCstmrCdtTrf,UndrlygCstmrCdtTrf,CreditTransferTransaction72,0,1
pacs.009.001.13,/Document/FICdtTrf/CdtTrfTxInf/UndrlygCstmrCdtTrf/PmtId,PmtId,PaymentIdentification13,0,1
pacs.009.001.13,/Document/FICdtTrf/CdtTrfTxInf/UndrlygCstmrCdtTrf/PmtId/InstrId,InstrId,Max35Text,0,1
pacs.009.001.13,/Document/FICdtTrf/CdtTrfTxInf/UndrlygCstmrCdtTrf/PmtId/EndToEndId,EndToEndId,Max35Text,1,1
pacs.009.001.13,/Document/FICdtTrf/CdtTrfTxInf/UndrlygCstmrCdtTrf/PmtId/TxId,TxId,Max35Text,0,1
pacs.009.001.13,/Document/FICdtTrf/CdtTrfTxInf/UndrlygCstmrCdtTrf/PmtId/UETR,UETR,UUIDv4Identifier,0,1
pacs.009.001.13,/Document/FICdtTrf/CdtTrfTxInf/UndrlygCstmrCdtTrf/PmtId/ClrSysRef,ClrSysRef,Max35Text,0,1
pacs.009.001.13,/Document/FICdtTrf/CdtTrfTxInf/UndrlygCstmrCdtTrf/PmtTpInf,PmtTpInf,PaymentTypeInformation28,0,1
pacs.009.001.13,/Document/FICdtTrf/CdtTrfTxInf/UndrlygCstmrCdtTrf/PmtTpInf/InstrPrty,InstrPrty,Priority2Code,0,1
pacs.009.001.13,/Document/FICdtTrf/CdtTrfTxInf/UndrlygCstmrCdtTrf/PmtTpInf/ClrChanl,ClrChanl,ClearingChannel2Code,0,1
pacs.009.001.13,/Document/FICdtTrf/CdtTrfTxInf/UndrlygCstmrCdtTrf/PmtTpInf/SvcLvl,SvcLvl,ServiceLevel8Choice,0,
pacs.009.001.13,/Document/FICdtTrf/CdtTrfTxInf/UndrlygCstmrCdtTrf/PmtTpInf/SvcLvl/Cd,Cd,ExternalServiceLevel1Code,1,1
pacs.009.001.13,/Document/FICdtTrf/CdtTrfTxInf/UndrlygCstmrCdtTrf/PmtTpInf/SvcLvl/Prtry,Prtry,Max35Text,1,1
pacs.009.001.13,/Document/FICdtTrf/CdtTrfTxInf/UndrlygCstmrCdtTrf/PmtTpInf/LclInstrm,LclInstrm,LocalInstrument2Choice,0,1
pacs.009.001.13,/Document/FICdtTrf/CdtTrfTxInf/UndrlygCstmrCdtTrf/PmtTpInf/LclInstrm/Cd,Cd,ExternalLocalInstrument1Code,1,1
pacs.009.001.13,/Document/FICdtTrf/CdtTrfTxInf/UndrlygCstmrCdtTrf/PmtTpInf/LclInstrm/Prtry,Prtry,Max35Text,1,1
pacs.009.001.13,/Document/FICdtTrf/CdtTrfTxInf/UndrlygCstmrCdtTrf/PmtTpInf/CtgyPurp,CtgyPurp,CategoryPurpose1Choice,0,1
pacs.009.001.13,/Document/FICdtTrf/CdtTrfTxInf/UndrlygCstmrCdtTrf/PmtTpInf/CtgyPurp/Cd,Cd,ExternalCategoryPurpose1Code,1,1
pacs.009.001.13,/Document/FICdtTrf/CdtTrfTxInf/UndrlygCstmrCdtTrf/PmtTpInf/CtgyPurp/Prtry,Prtry,Max35Text,1,1
pacs.009.001.13,/Document/FICdtTrf/CdtTrfTxInf/UndrlygCstmrCdtTrf/UltmtDbtr,UltmtDbtr,PartyIdentification272,0,1
pacs.009.001.13,/Document/FICdtTrf/CdtTrfTxInf/UndrlygCstmrCdtTrf/UltmtDbtr/Nm,Nm,Max140Text,0,1
pacs.009.001.13,/Document/FICdtTrf/CdtTrfTxInf/UndrlygCstmrCdtTrf/UltmtDbtr/PstlAdr,PstlAdr,PostalAddress27,0,1
pacs.009.001.13,/Document/FICdtTrf/CdtTrfTxInf/UndrlygCstmrCdtTrf/UltmtDbtr/PstlAdr/AdrTp,AdrTp,AddressType3Choice,0,1
pacs.009.001.13,/Document/FICdtTrf/CdtTrfTxInf/UndrlygCstmrCdtTrf/UltmtDbtr/PstlAdr/AdrTp/Cd,Cd,AddressType2Code,1,1
pacs.009.001.13,/Document/FICdtTrf/CdtTrfTxInf/UndrlygCstmrCdtTrf/UltmtDbtr/PstlAdr/AdrTp/Prtry,Prtry,GenericIdentification30,1,1
pacs.009.001.13,/Document/FICdtTrf/CdtTrfTxInf/UndrlygCstmrCdtTrf/UltmtDbtr/PstlAdr/AdrTp/Prtry/Id,Id,Exact4AlphaNumericText,1,1
pacs.009.001.13,/Document/FICdtTrf/CdtTrfTxInf/UndrlygCstmrCdtTrf/UltmtDbtr/PstlAdr/AdrTp/Prtry/Issr,Issr,Max35Text,1,1
pacs.009.001.13,/Document/FICdtTrf/CdtTrfTxInf/UndrlygCstmrCdtTrf/UltmtDbtr/PstlAdr/AdrTp/Prtry/SchmeNm,SchmeNm,Max35Text,0,1
pacs.009.001.13,/Document/FICdtTrf/CdtTrfTxInf/UndrlygCstmrCdtTrf/UltmtDbtr/PstlAdr/CareOf,CareOf,Max140Text,0,1
pacs.009.001.13,/Document/FICdtTrf/CdtTrfTxInf/UndrlygCstmrCdtTrf/UltmtDbtr/PstlAdr/Dept,Dept,Max70Text,0,1
pacs.009.001.13,/Document/FICdtTrf/CdtTrfTxInf/UndrlygCstmrCdtTrf/UltmtDbtr/PstlAdr/SubDept,SubDept,Max70Text,0,1
pacs.009.001.13,/Document/FICdtTrf/CdtTrfTxInf/UndrlygCstmrCdtTrf/UltmtDbtr/PstlAdr/StrtNm,StrtNm,Max140Text,0,1
pacs.009.001.13,/Document/FICdtTrf/CdtTrfTxInf/UndrlygCstmrCdtTrf/UltmtDbtr/PstlAdr/BldgNb,BldgNb,Max16Text,0,1
pacs.009.001.13,/Document/FICdtTrf/CdtTrfTxInf/UndrlygCstmrCdtTrf/UltmtDbtr/PstlAdr/BldgNm,BldgNm,Max140Text,0,1
pacs.009.001.13,/Document/FICdtTrf/CdtTrfTxInf/UndrlygCstmrCdtTrf/UltmtDbtr/PstlAdr/Flr,Flr,Max70Text,0,1
pacs.009.001.13,/Document/FICdtTrf/CdtTrfTxInf/UndrlygCstmrCdtTrf/UltmtDbtr/PstlAdr/UnitNb,UnitNb,Max16Text,0,1
pacs.009.001.13,/Document/FICdtTrf/CdtTrfTxInf/UndrlygCstmrCdtTrf/UltmtDbtr/PstlAdr/PstBx,PstBx,Max16Text,0,1
pacs.009.001.13,/Document/FICdtTrf/CdtTrfTxInf/UndrlygCstmrCdtTrf/UltmtDbtr/PstlAdr/Room,Room,Max70Text,0,1
pacs.009.001.13,/Document/FICdtTrf/CdtTrfTxInf/UndrlygCstmrCdtTrf/UltmtDbtr/PstlAdr/PstCd,PstCd,Max16Text,0,1
pacs.009.001.13,/Document/FICdtTrf/CdtTrfTxInf/UndrlygCstmrCdtTrf/UltmtDbtr/PstlAdr/TwnNm,TwnNm,Max140Text,0,1
pacs.009.001.13,/Document/FICdtTrf/CdtTrfTxInf/UndrlygCstmrCdtTrf/UltmtDbtr/PstlAdr/TwnLctnNm,TwnLctnNm,Max140Text,0,1
pacs.009.001.13,/Document/FICdtTrf/CdtTrfTxInf/UndrlygCstmrCdtTrf/UltmtDbtr/PstlAdr/DstrctNm,DstrctNm,Max140Text,0,1
pacs.009.001.13,/Document/FICdtTrf/CdtTrfTxInf/UndrlygCstmrCdtTrf/UltmtDbtr/PstlAdr/CtrySubDvsn,CtrySubDvsn,Max35Text,0,1
pacs.009.001.13,/Document/FICdtTrf/CdtTrfTxInf/UndrlygCstmrCdtTrf/UltmtDbtr/PstlAdr/Ctry,Ctry,CountryCode,0,1
pacs.009.001.13,/Document/FICdtTrf/CdtTrfTxInf/UndrlygCstmrCdtTrf/UltmtDbtr/PstlAdr/AdrLine,AdrLine,Max70Text,0,7
pacs.009.001.13,/Document/FICdtTrf/CdtTrfTxInf/UndrlygCstmrCdtTrf/UltmtDbtr/Id,Id,Party52Choice,0,1
pacs.009.001.13,/Document/FICdtTrf/CdtTrfTxInf/UndrlygCstmrCdtTrf/UltmtDbtr/Id/OrgId,OrgId,OrganisationIdentification39,1,1
pacs.009.001.13,/Document/FICdtTrf/CdtTrfTxInf/UndrlygCstmrCdtTrf/UltmtDbtr/Id/OrgId/AnyBIC,AnyBIC,AnyBICDec2014Identifier,0,1
pacs.009.001.13,/Document/FICdtTrf/CdtTrfTxInf/UndrlygCstmrCdtTrf/UltmtDbtr/Id/OrgId/LEI,LEI,LEIIdentifier,0,1
pacs.009.001.13,/Document/FICdtTrf/CdtTrfTxInf/UndrlygCstmrCdtTrf/UltmtDbtr/Id/OrgId/Othr,Othr,GenericOrganisationIdentification3,0,
pacs.009.001.13,/Document/FICdtTrf/CdtTrfTxInf/UndrlygCstmrCdtTrf/UltmtDbtr/Id/OrgId/Othr/Id,Id,Max256Text,1,1
pacs.009.001.13,/Document/FICdtTrf/CdtTrfTxInf/UndrlygCstmrCdtTrf/UltmtDbtr/Id/OrgId/Othr/SchmeNm,SchmeNm,OrganisationIdentificationSchemeName1Choice,0,1
pacs.009.001.13,/Document/FICdtTrf/CdtTrfTxInf/UndrlygCstmrCdtTrf/UltmtDbtr/Id/OrgId/Othr/SchmeNm/Cd,Cd,ExternalOrganisationIdentification1Code,1,1
pacs.009.001.13,/Document/FICdtTrf/CdtTrfTxInf/UndrlygCstmrCdtTrf/UltmtDbtr/Id/OrgId/Othr/SchmeNm/Prtry,Prtry,Max35Text,1,1
pacs.009.001.13,/Document/FICdtTrf/CdtTrfTxInf/UndrlygCstmrCdtTrf/UltmtDbtr/Id/OrgId/Othr/Issr,Issr,Max35Text,0,1
pacs.009.001.13,/Document/FICdtTrf/CdtTrfTxInf/UndrlygCstmrCdtTrf/UltmtDbtr/Id/PrvtId,PrvtId,PersonIdentification18,1,1
pacs.009.001.13,/Document/FICdtTrf/CdtTrfTxInf/UndrlygCstmrCdtTrf/UltmtDbtr/Id/PrvtId/DtAndPlcOfBirth,DtAndPlcOfBirth,DateAndPlaceOfBirth1,0,1
pacs.009.001.13,/Document/FICdtTrf/CdtTrfTxInf/UndrlygCstmrCdtTrf/UltmtDbtr/Id/PrvtId/DtAndPlcOfBirth/BirthDt,BirthDt,ISODate,1,1
pacs.009.001.13,/Document/FICdtTrf/CdtTrfTxInf/UndrlygCstmrCdtTrf/UltmtDbtr/Id/PrvtId/DtAndPlcOfBirth/PrvcOfBirth,PrvcOfBirth,Max35Text,0,1
pacs.009.001.13,/Document/FICdtTrf/CdtTrfTxInf/UndrlygCstmrCdtTrf/UltmtDbtr/Id/PrvtId/DtAndPlcOfBirth/CityOfBirth,CityOfBirth,Max35Text,1,1
pacs.009.001.13,/Document/FICdtTrf/CdtTrfTxInf/UndrlygCstmrCdtTrf/UltmtDbtr/Id/PrvtId/DtAndPlcOfBirth/CtryOfBirth,CtryOfBirth,CountryCode,1,1
pacs.009.001.13,/Document/FICdtTrf/CdtTrfTxInf/UndrlygCstmrCdtTrf/UltmtDbtr/Id/PrvtId/Othr,Othr,GenericPersonIdentification2,0,
pacs.009.001.13,/Document/FICdtTrf/CdtTrfTxInf/UndrlygCstmrCdtTrf/UltmtDbtr/Id/PrvtId/Othr/Id,Id,Max256Text,1,1
pacs.009.001.13,/Document/FICdtTrf/CdtTrfTxInf/UndrlygCstmrCdtTrf/UltmtDbtr/Id/PrvtId/Othr/SchmeNm,SchmeNm,PersonIdentificationSchemeName1Choice,0,1
pacs.009.001.13,/Document/FICdtTrf/CdtTrfTxInf/UndrlygCstmrCdtTrf/UltmtDbtr/Id/PrvtId/Othr/SchmeNm/Cd,Cd,ExternalPersonIdentification1Code,1,1
pacs.009.001.13,/Document/FICdtTrf/CdtTrfTxInf/UndrlygCstmrCdtTrf/UltmtDbtr/Id/PrvtId/Othr/SchmeNm/Prtry,Prtry,Max35Text,1,1
pacs.009.001.13,/Document/FICdtTrf/CdtTrfTxInf/UndrlygCstmrCdtTrf/UltmtDbtr/Id/PrvtId/Othr/Issr,Issr,Max35Text,0,1
pacs.009.001.13,/Document/FICdtTrf/CdtTrfTxInf/UndrlygCstmrCdtTrf/UltmtDbtr/CtryOfRes,CtryOfRes,CountryCode,0,1
pacs.009.001.13,/Document/FICdtTrf/CdtTrfTxInf/UndrlygCstmrCdtTrf/UltmtDbtr/CtctDtls,CtctDtls,Contact13,0,1
pacs.009.001.13,/Document/FICdtTrf/CdtTrfTxInf/UndrlygCstmrCdtTrf/UltmtDbtr/CtctDtls/NmPrfx,NmPrfx,NamePrefix2Code,0,1
pacs.009.001.13,/Document/FICdtTrf/CdtTrfTxInf/UndrlygCstmrCdtTrf/UltmtDbtr/CtctDtls/Nm,Nm,Max140Text,0,1
pacs.009.001.13,/Document/FICdtTrf/CdtTrfTxInf/UndrlygCstmrCdtTrf/UltmtDbtr/CtctDtls/PhneNb,PhneNb,PhoneNumber,0,1
pacs.009.001.13,/Document/FICdtTrf/CdtTrfTxInf/UndrlygCstmrCdtTrf/UltmtDbtr/CtctDtls/MobNb,MobNb,PhoneNumber,0,1
pacs.009.001.13,/Document/FICdtTrf/CdtTrfTxInf/UndrlygCstmrCdtTrf/UltmtDbtr/CtctDtls/FaxNb,FaxNb,PhoneNumber,0,1
pacs.009.001.13,/Document/FICdtTrf/CdtTrfTxInf/UndrlygCstmrCdtTrf/UltmtDbtr/CtctDtls/URLAdr,URLAdr,Max2048Text,0,1
pacs.009.001.13,/Document/FICdtTrf/CdtTrfTxInf/UndrlygCstmrCdtTrf/UltmtDbtr/CtctDtls/EmailAdr,EmailAdr,Max256Text,0,1
pacs.009.001.13,/Document/FICdtTrf/CdtTrfTxInf/UndrlygCstmrCdtTrf/UltmtDbtr/CtctDtls/EmailPurp,EmailPurp,Max35Text,0,1
pacs.009.001.13,/Document/FICdtTrf/CdtTrfTxInf/UndrlygCstmrCdtTrf/UltmtDbtr/CtctDtls/JobTitl,JobTitl,Max35Text,0,1
pacs.009.001.13,/Document/FICdtTrf/CdtTrfTxInf/UndrlygCstmrCdtTrf/UltmtDbtr/CtctDtls/Rspnsblty,Rspnsblty,Max35Text,0,1
pacs.009.001.13,/Document/FICdtTrf/CdtTrfTxInf/UndrlygCstmrCdtTrf/UltmtDbtr/CtctDtls/Dept,Dept,Max70Text,0,1
pacs.009.001.13,/Document/FICdtTrf/CdtTrfTxInf/UndrlygCstmrCdtTrf/UltmtDbtr/CtctDtls/Othr,Othr,OtherContact1,0,
pacs.009.001.13,/Document/FICdtTrf/CdtTrfTxInf/UndrlygCstmrCdtTrf/UltmtDbtr/CtctDtls/Othr/ChanlTp,ChanlTp,Max4Text,1,1
pacs.009.001.13,/Document/FICdtTrf/CdtTrfTxInf/UndrlygCstmrCdtTrf/UltmtDbtr/CtctDtls/Othr/Id,Id,Max128Text,0,1
pacs.009.001.13,/Document/FICdtTrf/CdtTrfTxInf/UndrlygCstmrCdtTrf/UltmtDbtr/CtctDtls/PrefrdMtd,PrefrdMtd,PreferredContactMethod2Code,0,1
pacs.009.001.13,/Document/FICdtTrf/CdtTrfTxInf/UndrlygCstmrCdtTrf/InitgPty,InitgPty,PartyIdentification272,0,1
pacs.009.001.13,/Document/FICdtTrf/CdtTrfTxInf/UndrlygCstmrCdtTrf/InitgPty/Nm,Nm,Max140Text,0,1
pacs.009.001.13,/Document/FICdtTrf/CdtTrfTxInf/UndrlygCstmrCdtTrf/InitgPty/PstlAdr,PstlAdr,PostalAddress27,0,1
pacs.009.001.13,/Document/FICdtTrf/CdtTrfTxInf/UndrlygCstmrCdtTrf/InitgPty/PstlAdr/AdrTp,AdrTp,AddressType3Choice,0,1
pacs.009.001.13,/Document/FICdtTrf/CdtTrfTxInf/UndrlygCstmrCdtTrf/InitgPty/PstlAdr/AdrTp/Cd,Cd,AddressType2Code,1,1
pacs.009.001.13,/Document/FICdtTrf/CdtTrfTxInf/UndrlygCstmrCdtTrf/InitgPty/PstlAdr/AdrTp/Prtry,Prtry,GenericIdentification30,1,1
pacs.009.001.13,/Document/FICdtTrf/CdtTrfTxInf/UndrlygCstmrCdtTrf/InitgPty/PstlAdr/AdrTp/Prtry/Id,Id,Exact4AlphaNumericText,1,1
pacs.009.001.13,/Document/FICdtTrf/CdtTrfTxInf/UndrlygCstmrCdtTrf/InitgPty/PstlAdr/AdrTp/Prtry/Issr,Issr,Max35Text,1,1
pacs.009.001.13,/Document/FICdtTrf/CdtTrfTxInf/UndrlygCstmrCdtTrf/InitgPty/PstlAdr/AdrTp/Prtry/SchmeNm,SchmeNm,Max35Text,0,1
pacs.009.001.13,/Document/FICdtTrf/CdtTrfTxInf/UndrlygCstmrCdtTrf/InitgPty/PstlAdr/CareOf,CareOf,Max140Text,0,1
pacs.009.001.13,/Document/FICdtTrf/CdtTrfTxInf/UndrlygCstmrCdtTrf/InitgPty/PstlAdr/Dept,Dept,Max70Text,0,1
pacs.009.001.13,/Document/FICdtTrf/CdtTrfTxInf/UndrlygCstmrCdtTrf/InitgPty/PstlAdr/SubDept,SubDept,Max70Text,0,1
pacs.009.001.13,/Document/FICdtTrf/CdtTrfTxInf/UndrlygCstmrCdtTrf/InitgPty/PstlAdr/StrtNm,StrtNm,Max140Text,0,1
pacs.009.001.13,/Document/FICdtTrf/CdtTrfTxInf/UndrlygCstmrCdtTrf/InitgPty/PstlAdr/BldgNb,BldgNb,Max16Text,0,1
pacs.009.001.13,/Document/FICdtTrf/CdtTrfTxInf/UndrlygCstmrCdtTrf/InitgPty/PstlAdr/BldgNm,BldgNm,Max140Text,0,1
pacs.009.001.13,/Document/FICdtTrf/CdtTrfTxInf/UndrlygCstmrCdtTrf/InitgPty/PstlAdr/Flr,Flr,Max70Text,0,1
pacs.009.001.13,/Document/FICdtTrf/CdtTrfTxInf/UndrlygCstmrCdtTrf/InitgPty/PstlAdr/UnitNb,UnitNb,Max16Text,0,1
pacs.009.001.13,/Document/FICdtTrf/CdtTrfTxInf/UndrlygCstmrCdtTrf/InitgPty/PstlAdr/PstBx,PstBx,Max16Text,0,1
pacs.009.001.13,/Document/FICdtTrf/CdtTrfTxInf/UndrlygCstmrCdtTrf/InitgPty/PstlAdr/Room,Room,Max70Text,0,1
pacs.009.001.13,/Document/FICdtTrf/CdtTrfTxInf/UndrlygCstmrCdtTrf/InitgPty/PstlAdr/PstCd,PstCd,Max16Text,0,1
pacs.009.001.13,/Document/FICdtTrf/CdtTrfTxInf/UndrlygCstmrCdtTrf/InitgPty/PstlAdr/TwnNm,TwnNm,Max140Text,0,1
pacs.009.001.13,/Document/FICdtTrf/CdtTrfTxInf/UndrlygCstmrCdtTrf/InitgPty/PstlAdr/TwnLctnNm,TwnLctnNm,Max140Text,0,1
pacs.009.001.13,/Document/FICdtTrf/CdtTrfTxInf/UndrlygCstmrCdtTrf/InitgPty/PstlAdr/DstrctNm,DstrctNm,Max140Text,0,1
pacs.009.001.13,/Document/FICdtTrf/CdtTrfTxInf/UndrlygCstmrCdtTrf/InitgPty/PstlAdr/CtrySubDvsn,CtrySubDvsn,Max35Text,0,1
pacs.009.001.13,/Document/FICdtTrf/CdtTrfTxInf/UndrlygCstmrCdtTrf/InitgPty/PstlAdr/Ctry,Ctry,CountryCode,0,1
pacs.009.001.13,/Document/FICdtTrf/CdtTrfTxInf/UndrlygCstmrCdtTrf/InitgPty/PstlAdr/AdrLine,AdrLine,Max70Text,0,7
pacs.009.001.13,/Document/FICdtTrf/CdtTrfTxInf/UndrlygCstmrCdtTrf/InitgPty/Id,Id,Party52Choice,0,1
pacs.009.001.13,/Document/FICdtTrf/CdtTrfTxInf/UndrlygCstmrCdtTrf/InitgPty/Id/OrgId,OrgId,OrganisationIdentification39,1,1
pacs.009.001.13,/Document/FICdtTrf/CdtTrfTxInf/UndrlygCstmrCdtTrf/InitgPty/Id/OrgId/AnyBIC,AnyBIC,AnyBICDec2014Identifier,0,1
pacs.009.001.13,/Document/FICdtTrf/CdtTrfTxInf/UndrlygCstmrCdtTrf/InitgPty/Id/OrgId/LEI,LEI,LEIIdentifier,0,1
pacs.009.001.13,/Document/FICdtTrf/CdtTrfTxInf/UndrlygCstmrCdtTrf/InitgPty/Id/OrgId/Othr,Othr,GenericOrganisationIdentification3,0,
pacs.009.001.13,/Document/FICdtTrf/CdtTrfTxInf/UndrlygCstmrCdtTrf/InitgPty/Id/OrgId/Othr/Id,Id,Max256Text,1,1
pacs.009.001.13,/Document/FICdtTrf/CdtTrfTxInf/UndrlygCstmrCdtTrf/InitgPty/Id/OrgId/Othr/SchmeNm,SchmeNm,OrganisationIdentificationSchemeName1Choice,0,1
pacs.009.001.13,/Document/FICdtTrf/CdtTrfTxInf/UndrlygCstmrCdtTrf/InitgPty/Id/OrgId/Othr/SchmeNm/Cd,Cd,ExternalOrganisationIdentification1Code,1,1
pacs.009.001.13,/Document/FICdtTrf/CdtTrfTxInf/UndrlygCstmrCdtTrf/InitgPty/Id/OrgId/Othr/SchmeNm/Prtry,Prtry,Max35Text,1,1
pacs.009.001.13,/Document/FICdtTrf/CdtTrfTxInf/UndrlygCstmrCdtTrf/InitgPty/Id/OrgId/Othr/Issr,Issr,Max35Text,0,1
pacs.009.001.13,/Document/FICdtTrf/CdtTrfTxInf/UndrlygCstmrCdtTrf/InitgPty/Id/PrvtId,PrvtId,PersonIdentification18,1,1
pacs.009.001.13,/Document/FICdtTrf/CdtTrfTxInf/UndrlygCstmrCdtTrf/InitgPty/Id/PrvtId/DtAndPlcOfBirth,DtAndPlcOfBirth,DateAndPlaceOfBirth1,0,1
pacs.009.001.13,/Document/FICdtTrf/CdtTrfTxInf/UndrlygCstmrCdtTrf/InitgPty/Id/PrvtId/DtAndPlcOfBirth/BirthDt,BirthDt,ISODate,1,1
pacs.009.001.13,/Document/FICdtTrf/CdtTrfTxInf/UndrlygCstmrCdtTrf/InitgPty/Id/PrvtId/DtAndPlcOfBirth/PrvcOfBirth,PrvcOfBirth,Max35Text,0,1
pacs.009.001.13,/Document/FICdtTrf/CdtTrfTxInf/UndrlygCstmrCdtTrf/InitgPty/Id/PrvtId/DtAndPlcOfBirth/CityOfBirth,CityOfBirth,Max35Text,1,1
pacs.009.001.13,/Document/FICdtTrf/CdtTrfTxInf/UndrlygCstmrCdtTrf/InitgPty/Id/PrvtId/DtAndPlcOfBirth/CtryOfBirth,CtryOfBirth,CountryCode,1,1
pacs.009.001.13,/Document/FICdtTrf/CdtTrfTxInf/UndrlygCstmrCdtTrf/InitgPty/Id/PrvtId/Othr,Othr,GenericPersonIdentification2,0,
pacs.009.001.13,/Document/FICdtTrf/CdtTrfTxInf/UndrlygCstmrCdtTrf/InitgPty/Id/PrvtId/Othr/Id,Id,Max256Text,1,1
pacs.009.001.13,/Document/FICdtTrf/CdtTrfTxInf/UndrlygCstmrCdtTrf/InitgPty/Id/PrvtId/Othr/SchmeNm,SchmeNm,PersonIdentificationSchemeName1Choice,0,1
pacs.009.001.13,/Document/FICdtTrf/CdtTrfTxInf/UndrlygCstmrCdtTrf/InitgPty/Id/PrvtId/Othr/SchmeNm/Cd,Cd,ExternalPersonIdentification1Code,1,1
pacs.009.001.13,/Document/FICdtTrf/CdtTrfTxInf/UndrlygCstmrCdtTrf/InitgPty/Id/PrvtId/Othr/SchmeNm/Prtry,Prtry,Max35Text,1,1
pacs.009.001.13,/Document/FICdtTrf/CdtTrfTxInf/UndrlygCstmrCdtTrf/InitgPty/Id/PrvtId/Othr/Issr,Issr,Max35Text,0,1
pacs.009.001.13,/Document/FICdtTrf/CdtTrfTxInf/UndrlygCstmrCdtTrf/InitgPty/CtryOfRes,CtryOfRes,CountryCode,0,1
pacs.009.001.13,/Document/FICdtTrf/CdtTrfTxInf/UndrlygCstmrCdtTrf/InitgPty/CtctDtls,CtctDtls,Contact13,0,1
pacs.009.001.13,/Document/FICdtTrf/CdtTrfTxInf/UndrlygCstmrCdtTrf/InitgPty/CtctDtls/NmPrfx,NmPrfx,NamePrefix2Code,0,1
pacs.009.001.13,/Document/FICdtTrf/CdtTrfTxInf/UndrlygCstmrCdtTrf/InitgPty/CtctDtls/Nm,Nm,Max140Text,0,1
pacs.009.001.13,/Document/FICdtTrf/CdtTrfTxInf/UndrlygCstmrCdtTrf/InitgPty/CtctDtls/PhneNb,PhneNb,PhoneNumber,0,1
pacs.009.001.13,/Document/FICdtTrf/CdtTrfTxInf/UndrlygCstmrCdtTrf/InitgPty/CtctDtls/MobNb,MobNb,PhoneNumber,0,1
pacs.009.001.13,/Document/FICdtTrf/CdtTrfTxInf/UndrlygCstmrCdtTrf/InitgPty/CtctDtls/FaxNb,FaxNb,PhoneNumber,0,1
pacs.009.001.13,/Document/FICdtTrf/CdtTrfTxInf/UndrlygCstmrCdtTrf/InitgPty/CtctDtls/URLAdr,URLAdr,Max2048Text,0,1
pacs.009.001.13,/Document/FICdtTrf/CdtTrfTxInf/UndrlygCstmrCdtTrf/InitgPty/CtctDtls/EmailAdr,EmailAdr,Max256Text,0,1
pacs.009.001.13,/Document/FICdtTrf/CdtTrfTxInf/UndrlygCstmrCdtTrf/InitgPty/CtctDtls/EmailPurp,EmailPurp,Max35Text,0,1
pacs.009.001.13,/Document/FICdtTrf/CdtTrfTxInf/UndrlygCstmrCdtTrf/InitgPty/CtctDtls/JobTitl,JobTitl,Max35Text,0,1
pacs.009.001.13,/Document/FICdtTrf/CdtTrfTxInf/UndrlygCstmrCdtTrf/InitgPty/CtctDtls/Rspnsblty,Rspnsblty,Max35Text,0,1
pacs.009.001.13,/Document/FICdtTrf/CdtTrfTxInf/UndrlygCstmrCdtTrf/InitgPty/CtctDtls/Dept,Dept,Max70Text,0,1
pacs.009.001.13,/Document/FICdtTrf/CdtTrfTxInf/UndrlygCstmrCdtTrf/InitgPty/CtctDtls/Othr,Othr,OtherContact1,0,
pacs.009.001.13,/Document/FICdtTrf/CdtTrfTxInf/UndrlygCstmrCdtTrf/InitgPty/CtctDtls/Othr/ChanlTp,ChanlTp,Max4Text,1,1
pacs.009.001.13,/Document/FICdtTrf/CdtTrfTxInf/UndrlygCstmrCdtTrf/InitgPty/CtctDtls/Othr/Id,Id,Max128Text,0,1
pacs.009.001.13,/Document/FICdtTrf/CdtTrfTxInf/UndrlygCstmrCdtTrf/InitgPty/CtctDtls/PrefrdMtd,PrefrdMtd,PreferredContactMethod2Code,0,1
pacs.009.001.13,/Document/FICdtTrf/CdtTrfTxInf/UndrlygCstmrCdtTrf/Dbtr,Dbtr,PartyIdentification272,1,1
pacs.009.001.13,/Document/FICdtTrf/CdtTrfTxInf/UndrlygCstmrCdtTrf/Dbtr/Nm,Nm,Max140Text,0,1
pacs.009.001.13,/Document/FICdtTrf/CdtTrfTxInf/UndrlygCstmrCdtTrf/Dbtr/PstlAdr,PstlAdr,PostalAddress27,0,1
pacs.009.001.13,/Document/FICdtTrf/CdtTrfTxInf/UndrlygCstmrCdtTrf/Dbtr/PstlAdr/AdrTp,AdrTp,AddressType3Choice,0,1
pacs.009.001.13,/Document/FICdtTrf/CdtTrfTxInf/UndrlygCstmrCdtTrf/Dbtr/PstlAdr/AdrTp/Cd,Cd,AddressType2Code,1,1
pacs.009.001.13,/Document/FICdtTrf/CdtTrfTxInf/UndrlygCstmrCdtTrf/Dbtr/PstlAdr/AdrTp/Prtry,Prtry,GenericIdentification30,1,1
pacs.009.001.13,/Document/FICdtTrf/CdtTrfTxInf/UndrlygCstmrCdtTrf/Dbtr/PstlAdr/AdrTp/Prtry/Id,Id,Exact4AlphaNumericText,1,1
pacs.009.001.13,/Document/FICdtTrf/CdtTrfTxInf/UndrlygCstmrCdtTrf/Dbtr/PstlAdr/AdrTp/Prtry/Issr,Issr,Max35Text,1,1
pacs.009.001.13,/Document/FICdtTrf/CdtTrfTxInf/UndrlygCstmrCdtTrf/Dbtr/PstlAdr/AdrTp/Prtry/SchmeNm,SchmeNm,Max35Text,0,1
pacs.009.001.13,/Document/FICdtTrf/CdtTrfTxInf/UndrlygCstmrCdtTrf/Dbtr/PstlAdr/CareOf,CareOf,Max140Text,0,1
pacs.009.001.13,/Document/FICdtTrf/CdtTrfTxInf/UndrlygCstmrCdtTrf/Dbtr/PstlAdr/Dept,Dept,Max70Text,0,1
pacs.009.001.13,/Document/FICdtTrf/CdtTrfTxInf/UndrlygCstmrCdtTrf/Dbtr/PstlAdr/SubDept,SubDept,Max70Text,0,1
pacs.009.001.13,/Document/FICdtTrf/CdtTrfTxInf/UndrlygCstmrCdtTrf/Dbtr/PstlAdr/StrtNm,StrtNm,Max140Text,0,1
pacs.009.001.13,/Document/FICdtTrf/CdtTrfTxInf/UndrlygCstmrCdtTrf/Dbtr/PstlAdr/BldgNb,BldgNb,Max16Text,0,1
pacs.009.001.13,/Document/FICdtTrf/CdtTrfTxInf/UndrlygCstmrCdtTrf/Dbtr/PstlAdr/BldgNm,BldgNm,Max140Text,0,1
pacs.009.001.13,/Document/FICdtTrf/CdtTrfTxInf/UndrlygCstmrCdtTrf/Dbtr/PstlAdr/Flr,Flr,Max70Text,0,1
pacs.009.001.13,/Document/FICdtTrf/CdtTrfTxInf/UndrlygCstmrCdtTrf/Dbtr/PstlAdr/UnitNb,UnitNb,Max16Text,0,1
pacs.009.001.13,/Document/FICdtTrf/CdtTrfTxInf/UndrlygCstmrCdtTrf/Dbtr/PstlAdr/PstBx,PstBx,Max16Text,0,1
pacs.009.001.13,/Document/FICdtTrf/CdtTrfTxInf/UndrlygCstmrCdtTrf/Dbtr/PstlAdr/Room,Room,Max70Text,0,1
pacs.009.001.13,/Document/FICdtTrf/CdtTrfTxInf/UndrlygCstmrCdtTrf/Dbtr/PstlAdr/PstCd,PstCd,Max16Text,0,1
pacs.009.001.13,/Document/FICdtTrf/CdtTrfTxInf/UndrlygCstmrCdtTrf/Dbtr/PstlAdr/TwnNm,TwnNm,Max140Text,0,1
pacs.009.001.13,/Document/FICdtTrf/CdtTrfTxInf/UndrlygCstmrCdtTrf/Dbtr/PstlAdr/TwnLctnNm,TwnLctnNm,Max140Text,0,1
pacs.009.001.13,/Document/FICdtTrf/CdtTrfTxInf/UndrlygCstmrCdtTrf/Dbtr/PstlAdr/DstrctNm,DstrctNm,Max140Text,0,1
pacs.009.001.13,/Document/FICdtTrf/CdtTrfTxInf/UndrlygCstmrCdtTrf/Dbtr/PstlAdr/CtrySubDvsn,CtrySubDvsn,Max35Text,0,1
pacs.009.001.13,/Document/FICdtTrf/CdtTrfTxInf/UndrlygCstmrCdtTrf/Dbtr/PstlAdr/Ctry,Ctry,CountryCode,0,1
pacs.009.001.13,/Document/FICdtTrf/CdtTrfTxInf/UndrlygCstmrCdtTrf/Dbtr/PstlAdr/AdrLine,AdrLine,Max70Text,0,7
pacs.009.001.13,/Document/FICdtTrf/CdtTrfTxInf/UndrlygCstmrCdtTrf/Dbtr/Id,Id,Party52Choice,0,1
pacs.009.001.13,/Document/FICdtTrf/CdtTrfTxInf/UndrlygCstmrCdtTrf/Dbtr/Id/OrgId,OrgId,OrganisationIdentification39,1,1
pacs.009.001.13,/Document/FICdtTrf/CdtTrfTxInf/UndrlygCstmrCdtTrf/Dbtr/Id/OrgId/AnyBIC,AnyBIC,AnyBICDec2014Identifier,0,1
pacs.009.001.13,/Document/FICdtTrf/CdtTrfTxInf/UndrlygCstmrCdtTrf/Dbtr/Id/OrgId/LEI,LEI,LEIIdentifier,0,1
pacs.009.001.13,/Document/FICdtTrf/CdtTrfTxInf/UndrlygCstmrCdtTrf/Dbtr/Id/OrgId/Othr,Othr,GenericOrganisationIdentification3,0,
pacs.009.001.13,/Document/FICdtTrf/CdtTrfTxInf/UndrlygCstmrCdtTrf/Dbtr/Id/OrgId/Othr/Id,Id,Max256Text,1,1
pacs.009.001.13,/Document/FICdtTrf/CdtTrfTxInf/UndrlygCstmrCdtTrf/Dbtr/Id/OrgId/Othr/SchmeNm,SchmeNm,OrganisationIdentificationSchemeName1Choice,0,1
pacs.009.001.13,/Document/FICdtTrf/CdtTrfTxInf/UndrlygCstmrCdtTrf/Dbtr/Id/OrgId/Othr/SchmeNm/Cd,Cd,ExternalOrganisationIdentification1Code,1,1
pacs.009.001.13,/Document/FICdtTrf/CdtTrfTxInf/UndrlygCstmrCdtTrf/Dbtr/Id/OrgId/Othr/SchmeNm/Prtry,Prtry,Max35Text,1,1
pacs.009.001.13,/Document/FICdtTrf/CdtTrfTxInf/UndrlygCstmrCdtTrf/Dbtr/Id/OrgId/Othr/Issr,Issr,Max35Text,0,1
pacs.009.001.13,/Document/FICdtTrf/CdtTrfTxInf/UndrlygCstmrCdtTrf/Dbtr/Id/PrvtId,PrvtId,PersonIdentification18,1,1
pacs.009.001.13,/Document/FICdtTrf/CdtTrfTxInf/UndrlygCstmrCdtTrf/Dbtr/Id/PrvtId/DtAndPlcOfBirth,DtAndPlcOfBirth,DateAndPlaceOfBirth1,0,1
pacs.009.001.13,/Document/FICdtTrf/CdtTrfTxInf/UndrlygCstmrCdtTrf/Dbtr/Id/PrvtId/DtAndPlcOfBirth/BirthDt,BirthDt,ISODate,1,1
pacs.009.001.13,/Document/FICdtTrf/CdtTrfTxInf/UndrlygCstmrCdtTrf/Dbtr/Id/PrvtId/DtAndPlcOfBirth/PrvcOfBirth,PrvcOfBirth,Max35Text,0,1
pacs.009.001.13,/Document/FICdtTrf/CdtTrfTxInf/UndrlygCstmrCdtTrf/Dbtr/Id/PrvtId/DtAndPlcOfBirth/CityOfBirth,CityOfBirth,Max35Text,1,1
pacs.009.001.13,/Document/FICdtTrf/CdtTrfTxInf/UndrlygCstmrCdtTrf/Dbtr/Id/PrvtId/DtAndPlcOfBirth/CtryOfBirth,CtryOfBirth,CountryCode,1,1
pacs.009.001.13,/Document/FICdtTrf/CdtTrfTxInf/UndrlygCstmrCdtTrf/Dbtr/Id/PrvtId/Othr,Othr,GenericPersonIdentification2,0,
pacs.009.001.13,/Document/FICdtTrf/CdtTrfTxInf/UndrlygCstmrCdtTrf/Dbtr/Id/PrvtId/Othr/Id,Id,Max256Text,1,1
pacs.009.001.13,/Document/FICdtTrf/CdtTrfTxInf/UndrlygCstmrCdtTrf/Dbtr/Id/PrvtId/Othr/SchmeNm,SchmeNm,PersonIdentificationSchemeName1Choice,0,1
pacs.009.001.13,/Document/FICdtTrf/CdtTrfTxInf/UndrlygCstmrCdtTrf/Dbtr/Id/PrvtId/Othr/SchmeNm/Cd,Cd,ExternalPersonIdentification1Code,1,1
pacs.009.001.13,/Document/FICdtTrf/CdtTrfTxInf/UndrlygCstmrCdtTrf/Dbtr/Id/PrvtId/Othr/SchmeNm/Prtry,Prtry,Max35Text,1,1
pacs.009.001.13,/Document/FICdtTrf/CdtTrfTxInf/UndrlygCstmrCdtTrf/Dbtr/Id/PrvtId/Othr/Issr,Issr,Max35Text,0,1
pacs.009.001.13,/Document/FICdtTrf/CdtTrfTxInf/UndrlygCstmrCdtTrf/Dbtr/CtryOfRes,CtryOfRes,CountryCode,0,1
pacs.009.001.13,/Document/FICdtTrf/CdtTrfTxInf/UndrlygCstmrCdtTrf/Dbtr/CtctDtls,CtctDtls,Contact13,0,1
pacs.009.001.13,/Document/FICdtTrf/CdtTrfTxInf/UndrlygCstmrCdtTrf/Dbtr/CtctDtls/NmPrfx,NmPrfx,NamePrefix2Code,0,1
pacs.009.001.13,/Document/FICdtTrf/CdtTrfTxInf/UndrlygCstmrCdtTrf/Dbtr/CtctDtls/Nm,Nm,Max140Text,0,1
pacs.009.001.13,/Document/FICdtTrf/CdtTrfTxInf/UndrlygCstmrCdtTrf/Dbtr/CtctDtls/PhneNb,PhneNb,PhoneNumber,0,1
pacs.009.001.13,/Document/FICdtTrf/CdtTrfTxInf/UndrlygCstmrCdtTrf/Dbtr/CtctDtls/MobNb,MobNb,PhoneNumber,0,1
pacs.009.001.13,/Document/FICdtTrf/CdtTrfTxInf/UndrlygCstmrCdtTrf/Dbtr/CtctDtls/FaxNb,FaxNb,PhoneNumber,0,1
pacs.009.001.13,/Document/FICdtTrf/CdtTrfTxInf/UndrlygCstmrCdtTrf/Dbtr/CtctDtls/URLAdr,URLAdr,Max2048Text,0,1
pacs.009.001.13,/Document/FICdtTrf/CdtTrfTxInf/UndrlygCstmrCdtTrf/Dbtr/CtctDtls/EmailAdr,EmailAdr,Max256Text,0,1
pacs.009.001.13,/Document/FICdtTrf/CdtTrfTxInf/UndrlygCstmrCdtTrf/Dbtr/CtctDtls/EmailPurp,EmailPurp,Max35Text,0,1
pacs.009.001.13,/Document/FICdtTrf/CdtTrfTxInf/UndrlygCstmrCdtTrf/Dbtr/CtctDtls/JobTitl,JobTitl,Max35Text,0,1
pacs.009.001.13,/Document/FICdtTrf/CdtTrfTxInf/UndrlygCstmrCdtTrf/Dbtr/CtctDtls/Rspnsblty,Rspnsblty,Max35Text,0,1
pacs.009.001.13,/Document/FICdtTrf/CdtTrfTxInf/UndrlygCstmrCdtTrf/Dbtr/CtctDtls/Dept,Dept,Max70Text,0,1
pacs.009.001.13,/Document/FICdtTrf/CdtTrfTxInf/UndrlygCstmrCdtTrf/Dbtr/CtctDtls/Othr,Othr,OtherContact1,0,
pacs.009.001.13,/Document/FICdtTrf/CdtTrfTxInf/UndrlygCstmrCdtTrf/Dbtr/CtctDtls/Othr/ChanlTp,ChanlTp,Max4Text,1,1
pacs.009.001.13,/Document/FICdtTrf/CdtTrfTxInf/UndrlygCstmrCdtTrf/Dbtr/CtctDtls/Othr/Id,Id,Max128Text,0,1
pacs.009.001.13,/Document/FICdtTrf/CdtTrfTxInf/UndrlygCstmrCdtTrf/Dbtr/CtctDtls/PrefrdMtd,PrefrdMtd,PreferredContactMethod2Code,0,1
pacs.009.001.13,/Document/FICdtTrf/CdtTrfTxInf/UndrlygCstmrCdtTrf/DbtrAcct,DbtrAcct,CashAccount40,0,1
pacs.009.001.13,/Document/FICdtTrf/CdtTrfTxInf/UndrlygCstmrCdtTrf/DbtrAcct/Id,Id,AccountIdentification4Choice,0,1
pacs.009.001.13,/Document/FICdtTrf/CdtTrfTxInf/UndrlygCstmrCdtTrf/DbtrAcct/Id/IBAN,IBAN,IBAN2007Identifier,1,1
pacs.009.001.13,/Document/FICdtTrf/CdtTrfTxInf/UndrlygCstmrCdtTrf/DbtrAcct/Id/Othr,Othr,GenericAccountIdentification1,1,1
pacs.009.001.13,/Document/FICdtTrf/CdtTrfTxInf/UndrlygCstmrCdtTrf/DbtrAcct/Id/Othr/Id,Id,Max34Text,1,1
pacs.009.001.13,/Document/FICdtTrf/CdtTrfTxInf/UndrlygCstmrCdtTrf/DbtrAcct/Id/Othr/SchmeNm,SchmeNm,AccountSchemeName1Choice,0,1
pacs.009.001.13,/Document/FICdtTrf/CdtTrfTxInf/UndrlygCstmrCdtTrf/DbtrAcct/Id/Othr/SchmeNm/Cd,Cd,ExternalAccountIdentification1Code,1,1
pacs.009.001.13,/Document/FICdtTrf/CdtTrfTxInf/UndrlygCstmrCdtTrf/DbtrAcct/Id/Othr/SchmeNm/Prtry,Prtry,Max35Text,1,1
pacs.009.001.13,/Document/FICdtTrf/CdtTrfTxInf/UndrlygCstmrCdtTrf/DbtrAcct/Id/Othr/Issr,Issr,Max35Text,0,1
pacs.009.001.13,/Document/FICdtTrf/CdtTrfTxInf/UndrlygCstmrCdtTrf/DbtrAcct/Tp,Tp,CashAccountType2Choice,0,1
pacs.009.001.13,/Document/FICdtTrf/CdtTrfTxInf/UndrlygCstmrCdtTrf/DbtrAcct/Tp/Cd,Cd,ExternalCashAccountType1Code,1,1
pacs.009.001.13,/Document/FICdtTrf/CdtTrfTxInf/UndrlygCstmrCdtTrf/DbtrAcct/Tp/Prtry,Prtry,Max35Text,1,1
pacs.009.001.13,/Document/FICdtTrf/CdtTrfTxInf/UndrlygCstmrCdtTrf/DbtrAcct/Ccy,Ccy,ActiveOrHistoricCurrencyCode,0,1
pacs.009.001.13,/Document/FICdtTrf/CdtTrfTxInf/UndrlygCstmrCdtTrf/DbtrAcct/Nm,Nm,Max70Text,0,1
pacs.009.001.13,/Document/FICdtTrf/CdtTrfTxInf/UndrlygCstmrCdtTrf/DbtrAcct/Prxy,Prxy,ProxyAccountIdentification1,0,1
pacs.009.001.13,/Document/FICdtTrf/CdtTrfTxInf/UndrlygCstmrCdtTrf/DbtrAcct/Prxy/Tp,Tp,ProxyAccountType1Choice,0,1
pacs.009.001.13,/Document/FICdtTrf/CdtTrfTxInf/UndrlygCstmrCdtTrf/DbtrAcct/Prxy/Tp/Cd,Cd,ExternalProxyAccountType1Code,1,1
pacs.009.001.13,/Document/FICdtTrf/CdtTrfTxInf/UndrlygCstmrCdtTrf/DbtrAcct/Prxy/Tp/Prtry,Prtry,Max35Text,1,1
pacs.009.001.13,/Document/FICdtTrf/CdtTrfTxInf/UndrlygCstmrCdtTrf/DbtrAcct/Prxy/Id,Id,Max2048Text,1,1
pacs.009.001.13,/Document/FICdtTrf/CdtTrfTxInf/UndrlygCstmrCdtTrf/DbtrAgt,DbtrAgt,BranchAndFinancialInstitutionIdentification8,1,1
pacs.009.001.13,/Document/FICdtTrf/CdtTrfTxInf/UndrlygCstmrCdtTrf/DbtrAgt/FinInstnId,FinInstnId,FinancialInstitutionIdentification23,1,1
pacs.009.001.13,/Document/FICdtTrf/CdtTrfTxInf/UndrlygCstmrCdtTrf/DbtrAgt/FinInstnId/BICFI,BICFI,BICFIDec2014Identifier,0,1
pacs.009.001.13,/Document/FICdtTrf/CdtTrfTxInf/UndrlygCstmrCdtTrf/DbtrAgt/FinInstnId/ClrSysMmbId,ClrSysMmbId,ClearingSystemMemberIdentification2,0,1
pacs.009.001.13,/Document/FICdtTrf/CdtTrfTxInf/UndrlygCstmrCdtTrf/DbtrAgt/FinInstnId/ClrSysMmbId/ClrSysId,ClrSysId,ClearingSystemIdentification2Choice,0,1
pacs.009.001.13,/Document/FICdtTrf/CdtTrfTxInf/UndrlygCstmrCdtTrf/DbtrAgt/FinInstnId/ClrSysMmbId/ClrSysId/Cd,Cd,ExternalClearingSystemIdentification1Code,1,1
pacs.009.001.13,/Document/FICdtTrf/CdtTrfTxInf/UndrlygCstmrCdtTrf/DbtrAgt/FinInstnId/ClrSysMmbId/ClrSysId/Prtry,Prtry,Max35Text,1,1
pacs.009.001.13,/Document/FICdtTrf/CdtTrfTxInf/UndrlygCstmrCdtTrf/DbtrAgt/FinInstnId/ClrSysMmbId/MmbId,MmbId,Max35Text,1,1
pacs.009.001.13,/Document/FICdtTrf/CdtTrfTxInf/UndrlygCstmrCdtTrf/DbtrAgt/FinInstnId/LEI,LEI,LEIIdentifier,0,1
pacs.009.001.13,/Document/FICdtTrf/CdtTrfTxInf/UndrlygCstmrCdtTrf/DbtrAgt/FinInstnId/Nm,Nm,Max140Text,0,1
pacs.009.001.13,/Document/FICdtTrf/CdtTrfTxInf/UndrlygCstmrCdtTrf/DbtrAgt/FinInstnId/PstlAdr,PstlAdr,PostalAddress27,0,1
pacs.009.001.13,/Document/FICdtTrf/CdtTrfTxInf/UndrlygCstmrCdtTrf/DbtrAgt/FinInstnId/PstlAdr/AdrTp,AdrTp,AddressType3Choice,0,1
pacs.009.001.13,/Document/FICdtTrf/CdtTrfTxInf/UndrlygCstmrCdtTrf/DbtrAgt/FinInstnId/PstlAdr/AdrTp/Cd,Cd,AddressType2Code,1,1
pacs.009.001.13,/Document/FICdtTrf/CdtTrfTxInf/UndrlygCstmrCdtTrf/DbtrAgt/FinInstnId/PstlAdr/AdrTp/Prtry,Prtry,GenericIdentification30,1,1
pacs.009.001.13,/Document/FICdtTrf/CdtTrfTxInf/UndrlygCstmrCdtTrf/DbtrAgt/FinInstnId/PstlAdr/AdrTp/Prtry/Id,Id,Exact4AlphaNumericText,1,1
pacs.009.001.13,/Document/FICdtTrf/CdtTrfTxInf/UndrlygCstmrCdtTrf/DbtrAgt/FinInstnId/PstlAdr/AdrTp/Prtry/Issr,Issr,Max35Text,1,1
pacs.009.001.13,/Document/FICdtTrf/CdtTrfTxInf/UndrlygCstmrCdtTrf/DbtrAgt/FinInstnId/PstlAdr/AdrTp/Prtry/SchmeNm,SchmeNm,Max35Text,0,1
pacs.009.001.13,/Document/FICdtTrf/CdtTrfTxInf/UndrlygCstmrCdtTrf/DbtrAgt/FinInstnId/PstlAdr/CareOf,CareOf,Max140Text,0,1
pacs.009.001.13,/Document/FICdtTrf/CdtTrfTxInf/UndrlygCstmrCdtTrf/DbtrAgt/FinInstnId/PstlAdr/Dept,Dept,Max70Text,0,1
pacs.009.001.13,/Document/FICdtTrf/CdtTrfTxInf/UndrlygCstmrCdtTrf/DbtrAgt/FinInstnId/PstlAdr/SubDept,SubDept,Max70Text,0,1
pacs.009.001.13,/Document/FICdtTrf/CdtTrfTxInf/UndrlygCstmrCdtTrf/DbtrAgt/FinInstnId/PstlAdr/StrtNm,StrtNm,Max140Text,0,1
pacs.009.001.13,/Document/FICdtTrf/CdtTrfTxInf/UndrlygCstmrCdtTrf/DbtrAgt/FinInstnId/PstlAdr/BldgNb,BldgNb,Max16Text,0,1
pacs.009.001.13,/Document/FICdtTrf/CdtTrfTxInf/UndrlygCstmrCdtTrf/DbtrAgt/FinInstnId/PstlAdr/BldgNm,BldgNm,Max140Text,0,1
pacs.009.001.13,/Document/FICdtTrf/CdtTrfTxInf/UndrlygCstmrCdtTrf/DbtrAgt/FinInstnId/PstlAdr/Flr,Flr,Max70Text,0,1
pacs.009.001.13,/Document/FICdtTrf/CdtTrfTxInf/UndrlygCstmrCdtTrf/DbtrAgt/FinInstnId/PstlAdr/UnitNb,UnitNb,Max16Text,0,1
pacs.009.001.13,/Document/FICdtTrf/CdtTrfTxInf/UndrlygCstmrCdtTrf/DbtrAgt/FinInstnId/PstlAdr/PstBx,PstBx,Max16Text,0,1
pacs.009.001.13,/Document/FICdtTrf/CdtTrfTxInf/UndrlygCstmrCdtTrf/DbtrAgt/FinInstnId/PstlAdr/Room,Room,Max70Text,0,1
pacs.009.001.13,/Document/FICdtTrf/CdtTrfTxInf/UndrlygCstmrCdtTrf/DbtrAgt/FinInstnId/PstlAdr/PstCd,PstCd,Max16Text,0,1
pacs.009.001.13,/Document/FICdtTrf/CdtTrfTxInf/UndrlygCstmrCdtTrf/DbtrAgt/FinInstnId/PstlAdr/TwnNm,TwnNm,Max140Text,0,1
pacs.009.001.13,/Document/FICdtTrf/CdtTrfTxInf/UndrlygCstmrCdtTrf/DbtrAgt/FinInstnId/PstlAdr/TwnLctnNm,TwnLctnNm,Max140Text,0,1
pacs.009.001.13,/Document/FICdtTrf/CdtTrfTxInf/UndrlygCstmrCdtTrf/DbtrAgt/FinInstnId/PstlAdr/DstrctNm,DstrctNm,Max140Text,0,1
pacs.009.001.13,/Document/FICdtTrf/CdtTrfTxInf/UndrlygCstmrCdtTrf/DbtrAgt/FinInstnId/PstlAdr/CtrySubDvsn,CtrySubDvsn,Max35Text,0,1
pacs.009.001.13,/Document/FICdtTrf/CdtTrfTxInf/UndrlygCstmrCdtTrf/DbtrAgt/FinInstnId/PstlAdr/Ctry,Ctry,CountryCode,0,1
pacs.009.001.13,/Document/FICdtTrf/CdtTrfTxInf/UndrlygCstmrCdtTrf/DbtrAgt/FinInstnId/PstlAdr/AdrLine,AdrLine,Max70Text,0,7
pacs.009.001.13,/Document/FICdtTrf/CdtTrfTxInf/UndrlygCstmrCdtTrf/DbtrAgt/FinInstnId/Othr,Othr,GenericFinancialIdentification1,0,1
pacs.009.001.13,/Document/FICdtTrf/CdtTrfTxInf/UndrlygCstmrCdtTrf/DbtrAgt/FinInstnId/Othr/Id,Id,Max35Text,1,1
pacs.009.001.13,/Document/FICdtTrf/CdtTrfTxInf/UndrlygCstmrCdtTrf/DbtrAgt/FinInstnId/Othr/SchmeNm,SchmeNm,FinancialIdentificationSchemeName1Choice,0,1
pacs.009.001.13,/Document/FICdtTrf/CdtTrfTxInf/UndrlygCstmrCdtTrf/DbtrAgt/FinInstnId/Othr/SchmeNm/Cd,Cd,ExternalFinancialInstitutionIdentification1Code,1,1
pacs.009.001.13,/Document/FICdtTrf/CdtTrfTxInf/UndrlygCstmrCdtTrf/DbtrAgt/FinInstnId/Othr/SchmeNm/Prtry,Prtry,Max35Text,1,1
pacs.009.001.13,/Document/FICdtTrf/CdtTrfTxInf/UndrlygCstmrCdtTrf/DbtrAgt/FinInstnId/Othr/Issr,Issr,Max35Text,0,1
pacs.009.001.13,/Document/FICdtTrf/CdtTrfTxInf/UndrlygCstmrCdtTrf/DbtrAgt/BrnchId,BrnchId,BranchData5,0,1
pacs.009.001.13,/Document/FICdtTrf/CdtTrfTxInf/UndrlygCstmrCdtTrf/DbtrAgt/BrnchId/Id,Id,Max35Text,0,1
pacs.009.001.13,/Document/FICdtTrf/CdtTrfTxInf/UndrlygCstmrCdtTrf/DbtrAgt/BrnchId/LEI,LEI,LEIIdentifier,0,1
pacs.009.001.13,/Document/FICdtTrf/CdtTrfTxInf/UndrlygCstmrCdtTrf/DbtrAgt/BrnchId/Nm,Nm,Max140Text,0,1
pacs.009.001.13,/Document/FICdtTrf/CdtTrfTxInf/UndrlygCstmrCdtTrf/DbtrAgt/BrnchId/PstlAdr,PstlAdr,PostalAddress27,0,1
pacs.009.001.13,/Document/FICdtTrf/CdtTrfTxInf/UndrlygCstmrCdtTrf/DbtrAgt/BrnchId/PstlAdr/AdrTp,AdrTp,AddressType3Choice,0,1
pacs.009.001.13,/Document/FICdtTrf/CdtTrfTxInf/UndrlygCstmrCdtTrf/DbtrAgt/BrnchId/PstlAdr/AdrTp/Cd,Cd,AddressType2Code,1,1
pacs.009.001.13,/Document/FICdtTrf/CdtTrfTxInf/UndrlygCstmrCdtTrf/DbtrAgt/BrnchId/PstlAdr/AdrTp/Prtry,Prtry,GenericIdentification30,1,1
pacs.009.001.13,/Document/FICdtTrf/CdtTrfTxInf/UndrlygCstmrCdtTrf/DbtrAgt/BrnchId/PstlAdr/AdrTp/Prtry/Id,Id,Exact4AlphaNumericText,1,1
pacs.009.001.13,/Document/FICdtTrf/CdtTrfTxInf/UndrlygCstmrCdtTrf/DbtrAgt/BrnchId/PstlAdr/AdrTp/Prtry/Issr,Issr,Max35Text,1,1
pacs.009.001.13,/Document/FICdtTrf/CdtTrfTxInf/UndrlygCstmrCdtTrf/DbtrAgt/BrnchId/PstlAdr/AdrTp/Prtry/SchmeNm,SchmeNm,Max35Text,0,1
pacs.009.001.13,/Document/FICdtTrf/CdtTrfTxInf/UndrlygCstmrCdtTrf/DbtrAgt/BrnchId/PstlAdr/CareOf,CareOf,Max140Text,0,1
pacs.009.001.13,/Document/FICdtTrf/CdtTrfTxInf/UndrlygCstmrCdtTrf/DbtrAgt/BrnchId/PstlAdr/Dept,Dept,Max70Text,0,1
pacs.009.001.13,/Document/FICdtTrf/CdtTrfTxInf/UndrlygCstmrCdtTrf/DbtrAgt/BrnchId/PstlAdr/SubDept,SubDept,Max70Text,0,1
pacs.009.001.13,/Document/FICdtTrf/CdtTrfTxInf/UndrlygCstmrCdtTrf/DbtrAgt/BrnchId/PstlAdr/StrtNm,StrtNm,Max140Text,0,1
pacs.009.001.13,/Document/FICdtTrf/CdtTrfTxInf/UndrlygCstmrCdtTrf/DbtrAgt/BrnchId/PstlAdr/BldgNb,BldgNb,Max16Text,0,1
pacs.009.001.13,/Document/FICdtTrf/CdtTrfTxInf/UndrlygCstmrCdtTrf/DbtrAgt/BrnchId/PstlAdr/BldgNm,BldgNm,Max140Text,0,1
pacs.009.001.13,/Document/FICdtTrf/CdtTrfTxInf/UndrlygCstmrCdtTrf/DbtrAgt/BrnchId/PstlAdr/Flr,Flr,Max70Text,0,1
pacs.009.001.13,/Document/FICdtTrf/CdtTrfTxInf/UndrlygCstmrCdtTrf/DbtrAgt/BrnchId/PstlAdr/UnitNb,UnitNb,Max16Text,0,1
pacs.009.001.13,/Document/FICdtTrf/CdtTrfTxInf/UndrlygCstmrCdtTrf/DbtrAgt/BrnchId/PstlAdr/PstBx,PstBx,Max16Text,0,1
pacs.009.001.13,/Document/FICdtTrf/CdtTrfTxInf/UndrlygCstmrCdtTrf/DbtrAgt/BrnchId/PstlAdr/Room,Room,Max70Text,0,1
pacs.009.001.13,/Document/FICdtTrf/CdtTrfTxInf/UndrlygCstmrCdtTrf/DbtrAgt/BrnchId/PstlAdr/PstCd,PstCd,Max16Text,0,1
pacs.009.001.13,/Document/FICdtTrf/CdtTrfTxInf/UndrlygCstmrCdtTrf/DbtrAgt/BrnchId/PstlAdr/TwnNm,TwnNm,Max140Text,0,1
pacs.009.001.13,/Document/FICdtTrf/CdtTrfTxInf/UndrlygCstmrCdtTrf/DbtrAgt/BrnchId/PstlAdr/TwnLctnNm,TwnLctnNm,Max140Text,0,1
pacs.009.001.13,/Document/FICdtTrf/CdtTrfTxInf/UndrlygCstmrCdtTrf/DbtrAgt/BrnchId/PstlAdr/DstrctNm,DstrctNm,Max140Text,0,1
pacs.009.001.13,/Document/FICdtTrf/CdtTrfTxInf/UndrlygCstmrCdtTrf/DbtrAgt/BrnchId/PstlAdr/CtrySubDvsn,CtrySubDvsn,Max35Text,0,1
pacs.009.001.13,/Document/FICdtTrf/CdtTrfTxInf/UndrlygCstmrCdtTrf/DbtrAgt/BrnchId/PstlAdr/Ctry,Ctry,CountryCode,0,1
pacs.009.001.13,/Document/FICdtTrf/CdtTrfTxInf/UndrlygCstmrCdtTrf/DbtrAgt/BrnchId/PstlAdr/AdrLine,AdrLine,Max70Text,0,7
pacs.009.001.13,/Document/FICdtTrf/CdtTrfTxInf/UndrlygCstmrCdtTrf/DbtrAgtAcct,DbtrAgtAcct,CashAccount40,0,1
pacs.009.001.13,/Document/FICdtTrf/CdtTrfTxInf/UndrlygCstmrCdtTrf/DbtrAgtAcct/Id,Id,AccountIdentification4Choice,0,1
pacs.009.001.13,/Document/FICdtTrf/CdtTrfTxInf/UndrlygCstmrCdtTrf/DbtrAgtAcct/Id/IBAN,IBAN,IBAN2007Identifier,1,1
pacs.009.001.13,/Document/FICdtTrf/CdtTrfTxInf/UndrlygCstmrCdtTrf/DbtrAgtAcct/Id/Othr,Othr,GenericAccountIdentification1,1,1
pacs.009.001.13,/Document/FICdtTrf/CdtTrfTxInf/UndrlygCstmrCdtTrf/DbtrAgtAcct/Id/Othr/Id,Id,Max34Text,1,1
pacs.009.001.13,/Document/FICdtTrf/CdtTrfTxInf/UndrlygCstmrCdtTrf/DbtrAgtAcct/Id/Othr/SchmeNm,SchmeNm,AccountSchemeName1Choice,0,1
pacs.009.001.13,/Document/FICdtTrf/CdtTrfTxInf/UndrlygCstmrCdtTrf/DbtrAgtAcct/Id/Othr/SchmeNm/Cd,Cd,ExternalAccountIdentification1Code,1,1
pacs.009.001.13,/Document/FICdtTrf/CdtTrfTxInf/UndrlygCstmrCdtTrf/DbtrAgtAcct/Id/Othr/SchmeNm/Prtry,Prtry,Max35Text,1,1
pacs.009.001.13,/Document/FICdtTrf/CdtTrfTxInf/UndrlygCstmrCdtTrf/DbtrAgtAcct/Id/Othr/Issr,Issr,Max35Text,0,1
pacs.009.001.13,/Document/FICdtTrf/CdtTrfTxInf/UndrlygCstmrCdtTrf/DbtrAgtAcct/Tp,Tp,CashAccountType2Choice,0,1
pacs.009.001.13,/Document/FICdtTrf/CdtTrfTxInf/UndrlygCstmrCdtTrf/DbtrAgtAcct/Tp/Cd,Cd,ExternalCashAccountType1Code,1,1
pacs.009.001.13,/Document/FICdtTrf/CdtTrfTxInf/UndrlygCstmrCdtTrf/DbtrAgtAcct/Tp/Prtry,Prtry,Max35Text,1,1
pacs.009.001.13,/Document/FICdtTrf/CdtTrfTxInf/UndrlygCstmrCdtTrf/DbtrAgtAcct/Ccy,Ccy,ActiveOrHistoricCurrencyCode,0,1
pacs.009.001.13,/Document/FICdtTrf/CdtTrfTxInf/UndrlygCstmrCdtTrf/DbtrAgtAcct/Nm,Nm,Max70Text,0,1
pacs.009.001.13,/Document/FICdtTrf/CdtTrfTxInf/UndrlygCstmrCdtTrf/DbtrAgtAcct/Prxy,Prxy,ProxyAccountIdentification1,0,1
pacs.009.001.13,/Document/FICdtTrf/CdtTrfTxInf/UndrlygCstmrCdtTrf/DbtrAgtAcct/Prxy/Tp,Tp,ProxyAccountType1Choice,0,1
pacs.009.001.13,/Document/FICdtTrf/CdtTrfTxInf/UndrlygCstmrCdtTrf/DbtrAgtAcct/Prxy/Tp/Cd,Cd,ExternalProxyAccountType1Code,1,1
pacs.009.001.13,/Document/FICdtTrf/CdtTrfTxInf/UndrlygCstmrCdtTrf/DbtrAgtAcct/Prxy/Tp/Prtry,Prtry,Max35Text,1,1
pacs.009.001.13,/Document/FICdtTrf/CdtTrfTxInf/UndrlygCstmrCdtTrf/DbtrAgtAcct/Prxy/Id,Id,Max2048Text,1,1
pacs.009.001.13,/Document/FICdtTrf/CdtTrfTxInf/UndrlygCstmrCdtTrf/PrvsInstgAgt1,PrvsInstgAgt1,BranchAndFinancialInstitutionIdentification8,0,1
pacs.009.001.13,/Document/FICdtTrf/CdtTrfTxInf/UndrlygCstmrCdtTrf/PrvsInstgAgt1/FinInstnId,FinInstnId,FinancialInstitutionIdentification23,1,1
pacs.009.001.13,/Document/FICdtTrf/CdtTrfTxInf/UndrlygCstmrCdtTrf/PrvsInstgAgt1/FinInstnId/BICFI,BICFI,BICFIDec2014Identifier,0,1
pacs.009.001.13,/Document/FICdtTrf/CdtTrfTxInf/UndrlygCstmrCdtTrf/PrvsInstgAgt1/FinInstnId/ClrSysMmbId,ClrSysMmbId,ClearingSystemMemberIdentification2,0,1
pacs.009.001.13,/Document/FICdtTrf/CdtTrfTxInf/UndrlygCstmrCdtTrf/PrvsInstgAgt1/FinInstnId/ClrSysMmbId/ClrSysId,ClrSysId,ClearingSystemIdentification2Choice,0,1
pacs.009.001.13,/Document/FICdtTrf/CdtTrfTxInf/UndrlygCstmrCdtTrf/PrvsInstgAgt1/FinInstnId/ClrSysMmbId/ClrSysId/Cd,Cd,ExternalClearingSystemIdentification1Code,1,1
pacs.009.001.13,/Document/FICdtTrf/CdtTrfTxInf/UndrlygCstmrCdtTrf/PrvsInstgAgt1/FinInstnId/ClrSysMmbId/ClrSysId/Prtry,Prtry,Max35Text,1,1
pacs.009.001.13,/Document/FICdtTrf/CdtTrfTxInf/UndrlygCstmrCdtTrf/PrvsInstgAgt1/FinInstnId/ClrSysMmbId/MmbId,MmbId,Max35Text,1,1
pacs.009.001.13,/Document/FICdtTrf/CdtTrfTxInf/UndrlygCstmrCdtTrf/PrvsInstgAgt1/FinInstnId/LEI,LEI,LEIIdentifier,0,1
pacs.009.001.13,/Document/FICdtTrf/CdtTrfTxInf/UndrlygCstmrCdtTrf/PrvsInstgAgt1/FinInstnId/Nm,Nm,Max140Text,0,1
pacs.009.001.13,/Document/FICdtTrf/CdtTrfTxInf/UndrlygCstmrCdtTrf/PrvsInstgAgt1/FinInstnId/PstlAdr,PstlAdr,PostalAddress27,0,1
pacs.009.001.13,/Document/FICdtTrf/CdtTrfTxInf/UndrlygCstmrCdtTrf/PrvsInstgAgt1/FinInstnId/PstlAdr/AdrTp,AdrTp,AddressType3Choice,0,1
pacs.009.001.13,/Document/FICdtTrf/CdtTrfTxInf/UndrlygCstmrCdtTrf/PrvsInstgAgt1/FinInstnId/PstlAdr/AdrTp/Cd,Cd,AddressType2Code,1,1
pacs.009.001.13,/Document/FICdtTrf/CdtTrfTxInf/UndrlygCstmrCdtTrf/PrvsInstgAgt1/FinInstnId/PstlAdr/AdrTp/Prtry,Prtry,GenericIdentification30,1,1
pacs.009.001.13,/Document/FICdtTrf/CdtTrfTxInf/UndrlygCstmrCdtTrf/PrvsInstgAgt1/FinInstnId/PstlAdr/AdrTp/Prtry/Id,Id,Exact4AlphaNumericText,1,1
pacs.009.001.13,/Document/FICdtTrf/CdtTrfTxInf/UndrlygCstmrCdtTrf/PrvsInstgAgt1/FinInstnId/PstlAdr/AdrTp/Prtry/Issr,Issr,Max35Text,1,1
pacs.009.001.13,/Document/FICdtTrf/CdtTrfTxInf/UndrlygCstmrCdtTrf/PrvsInstgAgt1/FinInstnId/PstlAdr/AdrTp/Prtry/SchmeNm,SchmeNm,Max35Text,0,1
pacs.009.001.13,/Document/FICdtTrf/CdtTrfTxInf/UndrlygCstmrCdtTrf/PrvsInstgAgt1/FinInstnId/PstlAdr/CareOf,CareOf,Max140Text,0,1
pacs.009.001.13,/Document/FICdtTrf/CdtTrfTxInf/UndrlygCstmrCdtTrf/PrvsInstgAgt1/FinInstnId/PstlAdr/Dept,Dept,Max70Text,0,1
pacs.009.001.13,/Document/FICdtTrf/CdtTrfTxInf/UndrlygCstmrCdtTrf/PrvsInstgAgt1/FinInstnId/PstlAdr/SubDept,SubDept,Max70Text,0,1
pacs.009.001.13,/Document/FICdtTrf/CdtTrfTxInf/UndrlygCstmrCdtTrf/PrvsInstgAgt1/FinInstnId/PstlAdr/StrtNm,StrtNm,Max140Text,0,1
pacs.009.001.13,/Document/FICdtTrf/CdtTrfTxInf/UndrlygCstmrCdtTrf/PrvsInstgAgt1/FinInstnId/PstlAdr/BldgNb,BldgNb,Max16Text,0,1
pacs.009.001.13,/Document/FICdtTrf/CdtTrfTxInf/UndrlygCstmrCdtTrf/PrvsInstgAgt1/FinInstnId/PstlAdr/BldgNm,BldgNm,Max140Text,0,1
pacs.009.001.13,/Document/FICdtTrf/CdtTrfTxInf/UndrlygCstmrCdtTrf/PrvsInstgAgt1/FinInstnId/PstlAdr/Flr,Flr,Max70Text,0,1
pacs.009.001.13,/Document/FICdtTrf/CdtTrfTxInf/UndrlygCstmrCdtTrf/PrvsInstgAgt1/FinInstnId/PstlAdr/UnitNb,UnitNb,Max16Text,0,1
pacs.009.001.13,/Document/FICdtTrf/CdtTrfTxInf/UndrlygCstmrCdtTrf/PrvsInstgAgt1/FinInstnId/PstlAdr/PstBx,PstBx,Max16Text,0,1
pacs.009.001.13,/Document/FICdtTrf/CdtTrfTxInf/UndrlygCstmrCdtTrf/PrvsInstgAgt1/FinInstnId/PstlAdr/Room,Room,Max70Text,0,1
pacs.009.001.13,/Document/FICdtTrf/CdtTrfTxInf/UndrlygCstmrCdtTrf/PrvsInstgAgt1/FinInstnId/PstlAdr/PstCd,PstCd,Max16Text,0,1
pacs.009.001.13,/Document/FICdtTrf/CdtTrfTxInf/UndrlygCstmrCdtTrf/PrvsInstgAgt1/FinInstnId/PstlAdr/TwnNm,TwnNm,Max140Text,0,1
pacs.009.001.13,/Document/FICdtTrf/CdtTrfTxInf/UndrlygCstmrCdtTrf/PrvsInstgAgt1/FinInstnId/PstlAdr/TwnLctnNm,TwnLctnNm,Max140Text,0,1
pacs.009.001.13,/Document/FICdtTrf/CdtTrfTxInf/UndrlygCstmrCdtTrf/PrvsInstgAgt1/FinInstnId/PstlAdr/DstrctNm,DstrctNm,Max140Text,0,1
pacs.009.001.13,/Document/FICdtTrf/CdtTrfTxInf/UndrlygCstmrCdtTrf/PrvsInstgAgt1/FinInstnId/PstlAdr/CtrySubDvsn,CtrySubDvsn,Max35Text,0,1
pacs.009.001.13,/Document/FICdtTrf/CdtTrfTxInf/UndrlygCstmrCdtTrf/PrvsInstgAgt1/FinInstnId/PstlAdr/Ctry,Ctry,CountryCode,0,1
pacs.009.001.13,/Document/FICdtTrf/CdtTrfTxInf/UndrlygCstmrCdtTrf/PrvsInstgAgt1/FinInstnId/PstlAdr/AdrLine,AdrLine,Max70Text,0,7
pacs.009.001.13,/Document/FICdtTrf/CdtTrfTxInf/UndrlygCstmrCdtTrf/PrvsInstgAgt1/FinInstnId/Othr,Othr,GenericFinancialIdentification1,0,1
pacs.009.001.13,/Document/FICdtTrf/CdtTrfTxInf/UndrlygCstmrCdtTrf/PrvsInstgAgt1/FinInstnId/Othr/Id,Id,Max35Text,1,1
pacs.009.001.13,/Document/FICdtTrf/CdtTrfTxInf/UndrlygCstmrCdtTrf/PrvsInstgAgt1/FinInstnId/Othr/SchmeNm,SchmeNm,FinancialIdentificationSchemeName1Choice,0,1
pacs.009.001.13,/Document/FICdtTrf/CdtTrfTxInf/UndrlygCstmrCdtTrf/PrvsInstgAgt1/FinInstnId/Othr/SchmeNm/Cd,Cd,ExternalFinancialInstitutionIdentification1Code,1,1
pacs.009.001.13,/Document/FICdtTrf/CdtTrfTxInf/UndrlygCstmrCdtTrf/PrvsInstgAgt1/FinInstnId/Othr/SchmeNm/Prtry,Prtry,Max35Text,1,1
pacs.009.001.13,/Document/FICdtTrf/CdtTrfTxInf/UndrlygCstmrCdtTrf/PrvsInstgAgt1/FinInstnId/Othr/Issr,Issr,Max35Text,0,1
pacs.009.001.13,/Document/FICdtTrf/CdtTrfTxInf/UndrlygCstmrCdtTrf/PrvsInstgAgt1/BrnchId,BrnchId,BranchData5,0,1
pacs.009.001.13,/Document/FICdtTrf/CdtTrfTxInf/UndrlygCstmrCdtTrf/PrvsInstgAgt1/BrnchId/Id,Id,Max35Text,0,1
pacs.009.001.13,/Document/FICdtTrf/CdtTrfTxInf/UndrlygCstmrCdtTrf/PrvsInstgAgt1/BrnchId/LEI,LEI,LEIIdentifier,0,1
pacs.009.001.13,/Document/FICdtTrf/CdtTrfTxInf/UndrlygCstmrCdtTrf/PrvsInstgAgt1/BrnchId/Nm,Nm,Max140Text,0,1
pacs.009.001.13,/Document/FICdtTrf/CdtTrfTxInf/UndrlygCstmrCdtTrf/PrvsInstgAgt1/BrnchId/PstlAdr,PstlAdr,PostalAddress27,0,1
pacs.009.001.13,/Document/FICdtTrf/CdtTrfTxInf/UndrlygCstmrCdtTrf/PrvsInstgAgt1/BrnchId/PstlAdr/AdrTp,AdrTp,AddressType3Choice,0,1
pacs.009.001.13,/Document/FICdtTrf/CdtTrfTxInf/UndrlygCstmrCdtTrf/PrvsInstgAgt1/BrnchId/PstlAdr/AdrTp/Cd,Cd,AddressType2Code,1,1
pacs.009.001.13,/Document/FICdtTrf/CdtTrfTxInf/UndrlygCstmrCdtTrf/PrvsInstgAgt1/BrnchId/PstlAdr/AdrTp/Prtry,Prtry,GenericIdentification30,1,1
pacs.009.001.13,/Document/FICdtTrf/CdtTrfTxInf/UndrlygCstmrCdtTrf/PrvsInstgAgt1/BrnchId/PstlAdr/AdrTp/Prtry/Id,Id,Exact4AlphaNumericText,1,1
pacs.009.001.13,/Document/FICdtTrf/CdtTrfTxInf/UndrlygCstmrCdtTrf/PrvsInstgAgt1/BrnchId/PstlAdr/AdrTp/Prtry/Issr,Issr,Max35Text,1,1
pacs.009.001.13,/Document/FICdtTrf/CdtTrfTxInf/UndrlygCstmrCdtTrf/PrvsInstgAgt1/BrnchId/PstlAdr/AdrTp/Prtry/SchmeNm,SchmeNm,Max35Text,0,1
pacs.009.001.13,/Document/FICdtTrf/CdtTrfTxInf/UndrlygCstmrCdtTrf/PrvsInstgAgt1/BrnchId/PstlAdr/CareOf,CareOf,Max140Text,0,1
pacs.009.001.13,/Document/FICdtTrf/CdtTrfTxInf/UndrlygCstmrCdtTrf/PrvsInstgAgt1/BrnchId/PstlAdr/Dept,Dept,Max70Text,0,1
pacs.009.001.13,/Document/FICdtTrf/CdtTrfTxInf/UndrlygCstmrCdtTrf/PrvsInstgAgt1/BrnchId/PstlAdr/SubDept,SubDept,Max70Text,0,1
pacs.009.001.13,/Document/FICdtTrf/CdtTrfTxInf/UndrlygCstmrCdtTrf/PrvsInstgAgt1/BrnchId/PstlAdr/StrtNm,StrtNm,Max140Text,0,1
pacs.009.001.13,/Document/FICdtTrf/CdtTrfTxInf/UndrlygCstmrCdtTrf/PrvsInstgAgt1/BrnchId/PstlAdr/BldgNb,BldgNb,Max16Text,0,1
pacs.009.001.13,/Document/FICdtTrf/CdtTrfTxInf/UndrlygCstmrCdtTrf/PrvsInstgAgt1/BrnchId/PstlAdr/BldgNm,BldgNm,Max140Text,0,1
pacs.009.001.13,/Document/FICdtTrf/CdtTrfTxInf/UndrlygCstmrCdtTrf/PrvsInstgAgt1/BrnchId/PstlAdr/Flr,Flr,Max70Text,0,1
pacs.009.001.13,/Document/FICdtTrf/CdtTrfTxInf/UndrlygCstmrCdtTrf/PrvsInstgAgt1/BrnchId/PstlAdr/UnitNb,UnitNb,Max16Text,0,1
pacs.009.001.13,/Document/FICdtTrf/CdtTrfTxInf/UndrlygCstmrCdtTrf/PrvsInstgAgt1/BrnchId/PstlAdr/PstBx,PstBx,Max16Text,0,1
pacs.009.001.13,/Document/FICdtTrf/CdtTrfTxInf/UndrlygCstmrCdtTrf/PrvsInstgAgt1/BrnchId/PstlAdr/Room,Room,Max70Text,0,1
pacs.009.001.13,/Document/FICdtTrf/CdtTrfTxInf/UndrlygCstmrCdtTrf/PrvsInstgAgt1/BrnchId/PstlAdr/PstCd,PstCd,Max16Text,0,1
pacs.009.001.13,/Document/FICdtTrf/CdtTrfTxInf/UndrlygCstmrCdtTrf/PrvsInstgAgt1/BrnchId/PstlAdr/TwnNm,TwnNm,Max140Text,0,1
pacs.009.001.13,/Document/FICdtTrf/CdtTrfTxInf/UndrlygCstmrCdtTrf/PrvsInstgAgt1/BrnchId/PstlAdr/TwnLctnNm,TwnLctnNm,Max140Text,0,1
pacs.009.001.13,/Document/FICdtTrf/CdtTrfTxInf/UndrlygCstmrCdtTrf/PrvsInstgAgt1/BrnchId/PstlAdr/DstrctNm,DstrctNm,Max140Text,0,1
pacs.009.001.13,/Document/FICdtTrf/CdtTrfTxInf/UndrlygCstmrCdtTrf/PrvsInstgAgt1/BrnchId/PstlAdr/CtrySubDvsn,CtrySubDvsn,Max35Text,0,1
pacs.009.001.13,/Document/FICdtTrf/CdtTrfTxInf/UndrlygCstmrCdtTrf/PrvsInstgAgt1/BrnchId/PstlAdr/Ctry,Ctry,CountryCode,0,1
pacs.009.001.13,/Document/FICdtTrf/CdtTrfTxInf/UndrlygCstmrCdtTrf/PrvsInstgAgt1/BrnchId/PstlAdr/AdrLine,AdrLine,Max70Text,0,7
pacs.009.001.13,/Document/FICdtTrf/CdtTrfTxInf/UndrlygCstmrCdtTrf/PrvsInstgAgt1Acct,PrvsInstgAgt1Acct,CashAccount40,0,1
pacs.009.001.13,/Document/FICdtTrf/CdtTrfTxInf/UndrlygCstmrCdtTrf/PrvsInstgAgt1Acct/Id,Id,AccountIdentification4Choice,0,1
pacs.009.001.13,/Document/FICdtTrf/CdtTrfTxInf/UndrlygCstmrCdtTrf/PrvsInstgAgt1Acct/Id/IBAN,IBAN,IBAN2007Identifier,1,1
pacs.009.001.13,/Document/FICdtTrf/CdtTrfTxInf/UndrlygCstmrCdtTrf/PrvsInstgAgt1Acct/Id/Othr,Othr,GenericAccountIdentification1,1,1
pacs.009.001.13,/Document/FICdtTrf/CdtTrfTxInf/UndrlygCstmrCdtTrf/PrvsInstgAgt1Acct/Id/Othr/Id,Id,Max34Text,1,1
pacs.009.001.13,/Document/FICdtTrf/CdtTrfTxInf/UndrlygCstmrCdtTrf/PrvsInstgAgt1Acct/Id/Othr/SchmeNm,SchmeNm,AccountSchemeName1Choice,0,1
pacs.009.001.13,/Document/FICdtTrf/CdtTrfTxInf/UndrlygCstmrCdtTrf/PrvsInstgAgt1Acct/Id/Othr/SchmeNm/Cd,Cd,ExternalAccountIdentification1Code,1,1
pacs.009.001.13,/Document/FICdtTrf/CdtTrfTxInf/UndrlygCstmrCdtTrf/PrvsInstgAgt1Acct/Id/Othr/SchmeNm/Prtry,Prtry,Max35Text,1,1
pacs.009.001.13,/Document/FICdtTrf/CdtTrfTxInf/UndrlygCstmrCdtTrf/PrvsInstgAgt1Acct/Id/Othr/Issr,Issr,Max35Text,0,1
pacs.009.001.13,/Document/FICdtTrf/CdtTrfTxInf/UndrlygCstmrCdtTrf/PrvsInstgAgt1Acct/Tp,Tp,CashAccountType2Choice,0,1
pacs.009.001.13,/Document/FICdtTrf/CdtTrfTxInf/UndrlygCstmrCdtTrf/PrvsInstgAgt1Acct/Tp/Cd,Cd,ExternalCashAccountType1Code,1,1
pacs.009.001.13,/Document/FICdtTrf/CdtTrfTxInf/UndrlygCstmrCdtTrf/PrvsInstgAgt1Acct/Tp/Prtry,Prtry,Max35Text,1,1
pacs.009.001.13,/Document/FICdtTrf/CdtTrfTxInf/UndrlygCstmrCdtTrf/PrvsInstgAgt1Acct/Ccy,Ccy,ActiveOrHistoricCurrencyCode,0,1
pacs.009.001.13,/Document/FICdtTrf/CdtTrfTxInf/UndrlygCstmrCdtTrf/PrvsInstgAgt1Acct/Nm,Nm,Max70Text,0,1
pacs.009.001.13,/Document/FICdtTrf/CdtTrfTxInf/UndrlygCstmrCdtTrf/PrvsInstgAgt1Acct/Prxy,Prxy,ProxyAccountIdentification1,0,1
pacs.009.001.13,/Document/FICdtTrf/CdtTrfTxInf/UndrlygCstmrCdtTrf/PrvsInstgAgt1Acct/Prxy/Tp,Tp,ProxyAccountType1Choice,0,1
pacs.009.001.13,/Document/FICdtTrf/CdtTrfTxInf/UndrlygCstmrCdtTrf/PrvsInstgAgt1Acct/Prxy/Tp/Cd,Cd,ExternalProxyAccountType1Code,1,1
pacs.009.001.13,/Document/FICdtTrf/CdtTrfTxInf/UndrlygCstmrCdtTrf/PrvsInstgAgt1Acct/Prxy/Tp/Prtry,Prtry,Max35Text,1,1
pacs.009.001.13,/Document/FICdtTrf/CdtTrfTxInf/UndrlygCstmrCdtTrf/PrvsInstgAgt1Acct/Prxy/Id,Id,Max2048Text,1,1
pacs.009.001.13,/Document/FICdtTrf/CdtTrfTxInf/UndrlygCstmrCdtTrf/PrvsInstgAgt2,PrvsInstgAgt2,BranchAndFinancialInstitutionIdentification8,0,1
pacs.009.001.13,/Document/FICdtTrf/CdtTrfTxInf/UndrlygCstmrCdtTrf/PrvsInstgAgt2/FinInstnId,FinInstnId,FinancialInstitutionIdentification23,1,1
pacs.009.001.13,/Document/FICdtTrf/CdtTrfTxInf/UndrlygCstmrCdtTrf/PrvsInstgAgt2/FinInstnId/BICFI,BICFI,BICFIDec2014Identifier,0,1
pacs.009.001.13,/Document/FICdtTrf/CdtTrfTxInf/UndrlygCstmrCdtTrf/PrvsInstgAgt2/FinInstnId/ClrSysMmbId,ClrSysMmbId,ClearingSystemMemberIdentification2,0,1
pacs.009.001.13,/Document/FICdtTrf/CdtTrfTxInf/UndrlygCstmrCdtTrf/PrvsInstgAgt2/FinInstnId/ClrSysMmbId/ClrSysId,ClrSysId,ClearingSystemIdentification2Choice,0,1
pacs.009.001.13,/Document/FICdtTrf/CdtTrfTxInf/UndrlygCstmrCdtTrf/PrvsInstgAgt2/FinInstnId/ClrSysMmbId/ClrSysId/Cd,Cd,ExternalClearingSystemIdentification1Code,1,1
pacs.009.001.13,/Document/FICdtTrf/CdtTrfTxInf/UndrlygCstmrCdtTrf/PrvsInstgAgt2/FinInstnId/ClrSysMmbId/ClrSysId/Prtry,Prtry,Max35Text,1,1
pacs.009.001.13,/Document/FICdtTrf/CdtTrfTxInf/UndrlygCstmrCdtTrf/PrvsInstgAgt2/FinInstnId/ClrSysMmbId/MmbId,MmbId,Max35Text,1,1
pacs.009.001.13,/Document/FICdtTrf/CdtTrfTxInf/UndrlygCstmrCdtTrf/PrvsInstgAgt2/FinInstnId/LEI,LEI,LEIIdentifier,0,1
pacs.009.001.13,/Document/FICdtTrf/CdtTrfTxInf/UndrlygCstmrCdtTrf/PrvsInstgAgt2/FinInstnId/Nm,Nm,Max140Text,0,1
pacs.009.001.13,/Document/FICdtTrf/CdtTrfTxInf/UndrlygCstmrCdtTrf/PrvsInstgAgt2/FinInstnId/PstlAdr,PstlAdr,PostalAddress27,0,1
pacs.009.001.13,/Document/FICdtTrf/CdtTrfTxInf/UndrlygCstmrCdtTrf/PrvsInstgAgt2/FinInstnId/PstlAdr/AdrTp,AdrTp,AddressType3Choice,0,1
pacs.009.001.13,/Document/FICdtTrf/CdtTrfTxInf/UndrlygCstmrCdtTrf/PrvsInstgAgt2/FinInstnId/PstlAdr/AdrTp/Cd,Cd,AddressType2Code,1,1
pacs.009.001.13,/Document/FICdtTrf/CdtTrfTxInf/UndrlygCstmrCdtTrf/PrvsInstgAgt2/FinInstnId/PstlAdr/AdrTp/Prtry,Prtry,GenericIdentification30,1,1
pacs.009.001.13,/Document/FICdtTrf/CdtTrfTxInf/UndrlygCstmrCdtTrf/PrvsInstgAgt2/FinInstnId/PstlAdr/AdrTp/Prtry/Id,Id,Exact4AlphaNumericText,1,1
pacs.009.001.13,/Document/FICdtTrf/CdtTrfTxInf/UndrlygCstmrCdtTrf/PrvsInstgAgt2/FinInstnId/PstlAdr/AdrTp/Prtry/Issr,Issr,Max35Text,1,1
pacs.009.001.13,/Document/FICdtTrf/CdtTrfTxInf/UndrlygCstmrCdtTrf/PrvsInstgAgt2/FinInstnId/PstlAdr/AdrTp/Prtry/SchmeNm,SchmeNm,Max35Text,0,1
pacs.009.001.13,/Document/FICdtTrf/CdtTrfTxInf/UndrlygCstmrCdtTrf/PrvsInstgAgt2/FinInstnId/PstlAdr/CareOf,CareOf,Max140Text,0,1
pacs.009.001.13,/Document/FICdtTrf/CdtTrfTxInf/UndrlygCstmrCdtTrf/PrvsInstgAgt2/FinInstnId/PstlAdr/Dept,Dept,Max70Text,0,1
pacs.009.001.13,/Document/FICdtTrf/CdtTrfTxInf/UndrlygCstmrCdtTrf/PrvsInstgAgt2/FinInstnId/PstlAdr/SubDept,SubDept,Max70Text,0,1
pacs.009.001.13,/Document/FICdtTrf/CdtTrfTxInf/UndrlygCstmrCdtTrf/PrvsInstgAgt2/FinInstnId/PstlAdr/StrtNm,StrtNm,Max140Text,0,1
pacs.009.001.13,/Document/FICdtTrf/CdtTrfTxInf/UndrlygCstmrCdtTrf/PrvsInstgAgt2/FinInstnId/PstlAdr/BldgNb,BldgNb,Max16Text,0,1
pacs.009.001.13,/Document/FICdtTrf/CdtTrfTxInf/UndrlygCstmrCdtTrf/PrvsInstgAgt2/FinInstnId/PstlAdr/BldgNm,BldgNm,Max140Text,0,1
pacs.009.001.13,/Document/FICdtTrf/CdtTrfTxInf/UndrlygCstmrCdtTrf/PrvsInstgAgt2/FinInstnId/PstlAdr/Flr,Flr,Max70Text,0,1
pacs.009.001.13,/Document/FICdtTrf/CdtTrfTxInf/UndrlygCstmrCdtTrf/PrvsInstgAgt2/FinInstnId/PstlAdr/UnitNb,UnitNb,Max16Text,0,1
pacs.009.001.13,/Document/FICdtTrf/CdtTrfTxInf/UndrlygCstmrCdtTrf/PrvsInstgAgt2/FinInstnId/PstlAdr/PstBx,PstBx,Max16Text,0,1
pacs.009.001.13,/Document/FICdtTrf/CdtTrfTxInf/UndrlygCstmrCdtTrf/PrvsInstgAgt2/FinInstnId/PstlAdr/Room,Room,Max70Text,0,1
pacs.009.001.13,/Document/FICdtTrf/CdtTrfTxInf/UndrlygCstmrCdtTrf/PrvsInstgAgt2/FinInstnId/PstlAdr/PstCd,PstCd,Max16Text,0,1
pacs.009.001.13,/Document/FICdtTrf/CdtTrfTxInf/UndrlygCstmrCdtTrf/PrvsInstgAgt2/FinInstnId/PstlAdr/TwnNm,TwnNm,Max140Text,0,1
pacs.009.001.13,/Document/FICdtTrf/CdtTrfTxInf/UndrlygCstmrCdtTrf/PrvsInstgAgt2/FinInstnId/PstlAdr/TwnLctnNm,TwnLctnNm,Max140Text,0,1
pacs.009.001.13,/Document/FICdtTrf/CdtTrfTxInf/UndrlygCstmrCdtTrf/PrvsInstgAgt2/FinInstnId/PstlAdr/DstrctNm,DstrctNm,Max140Text,0,1
pacs.009.001.13,/Document/FICdtTrf/CdtTrfTxInf/UndrlygCstmrCdtTrf/PrvsInstgAgt2/FinInstnId/PstlAdr/CtrySubDvsn,CtrySubDvsn,Max35Text,0,1
pacs.009.001.13,/Document/FICdtTrf/CdtTrfTxInf/UndrlygCstmrCdtTrf/PrvsInstgAgt2/FinInstnId/PstlAdr/Ctry,Ctry,CountryCode,0,1
pacs.009.001.13,/Document/FICdtTrf/CdtTrfTxInf/UndrlygCstmrCdtTrf/PrvsInstgAgt2/FinInstnId/PstlAdr/AdrLine,AdrLine,Max70Text,0,7
pacs.009.001.13,/Document/FICdtTrf/CdtTrfTxInf/UndrlygCstmrCdtTrf/PrvsInstgAgt2/FinInstnId/Othr,Othr,GenericFinancialIdentification1,0,1
pacs.009.001.13,/Document/FICdtTrf/CdtTrfTxInf/UndrlygCstmrCdtTrf/PrvsInstgAgt2/FinInstnId/Othr/Id,Id,Max35Text,1,1
pacs.009.001.13,/Document/FICdtTrf/CdtTrfTxInf/UndrlygCstmrCdtTrf/PrvsInstgAgt2/FinInstnId/Othr/SchmeNm,SchmeNm,FinancialIdentificationSchemeName1Choice,0,1
pacs.009.001.13,/Document/FICdtTrf/CdtTrfTxInf/UndrlygCstmrCdtTrf/PrvsInstgAgt2/FinInstnId/Othr/SchmeNm/Cd,Cd,ExternalFinancialInstitutionIdentification1Code,1,1
pacs.009.001.13,/Document/FICdtTrf/CdtTrfTxInf/UndrlygCstmrCdtTrf/PrvsInstgAgt2/FinInstnId/Othr/SchmeNm/Prtry,Prtry,Max35Text,1,1
pacs.009.001.13,/Document/FICdtTrf/CdtTrfTxInf/UndrlygCstmrCdtTrf/PrvsInstgAgt2/FinInstnId/Othr/Issr,Issr,Max35Text,0,1
pacs.009.001.13,/Document/FICdtTrf/CdtTrfTxInf/UndrlygCstmrCdtTrf/PrvsInstgAgt2/BrnchId,BrnchId,BranchData5,0,1
pacs.009.001.13,/Document/FICdtTrf/CdtTrfTxInf/UndrlygCstmrCdtTrf/PrvsInstgAgt2/BrnchId/Id,Id,Max35Text,0,1
pacs.009.001.13,/Document/FICdtTrf/CdtTrfTxInf/UndrlygCstmrCdtTrf/PrvsInstgAgt2/BrnchId/LEI,LEI,LEIIdentifier,0,1
pacs.009.001.13,/Document/FICdtTrf/CdtTrfTxInf/UndrlygCstmrCdtTrf/PrvsInstgAgt2/BrnchId/Nm,Nm,Max140Text,0,1
pacs.009.001.13,/Document/FICdtTrf/CdtTrfTxInf/UndrlygCstmrCdtTrf/PrvsInstgAgt2/BrnchId/PstlAdr,PstlAdr,PostalAddress27,0,1
pacs.009.001.13,/Document/FICdtTrf/CdtTrfTxInf/UndrlygCstmrCdtTrf/PrvsInstgAgt2/BrnchId/PstlAdr/AdrTp,AdrTp,AddressType3Choice,0,1
pacs.009.001.13,/Document/FICdtTrf/CdtTrfTxInf/UndrlygCstmrCdtTrf/PrvsInstgAgt2/BrnchId/PstlAdr/AdrTp/Cd,Cd,AddressType2Code,1,1
pacs.009.001.13,/Document/FICdtTrf/CdtTrfTxInf/UndrlygCstmrCdtTrf/PrvsInstgAgt2/BrnchId/PstlAdr/AdrTp/Prtry,Prtry,GenericIdentification30,1,1
pacs.009.001.13,/Document/FICdtTrf/CdtTrfTxInf/UndrlygCstmrCdtTrf/PrvsInstgAgt2/BrnchId/PstlAdr/AdrTp/Prtry/Id,Id,Exact4AlphaNumericText,1,1
pacs.009.001.13,/Document/FICdtTrf/CdtTrfTxInf/UndrlygCstmrCdtTrf/PrvsInstgAgt2/BrnchId/PstlAdr/AdrTp/Prtry/Issr,Issr,Max35Text,1,1
pacs.009.001.13,/Document/FICdtTrf/CdtTrfTxInf/UndrlygCstmrCdtTrf/PrvsInstgAgt2/BrnchId/PstlAdr/AdrTp/Prtry/SchmeNm,SchmeNm,Max35Text,0,1
pacs.009.001.13,/Document/FICdtTrf/CdtTrfTxInf/UndrlygCstmrCdtTrf/PrvsInstgAgt2/BrnchId/PstlAdr/CareOf,CareOf,Max140Text,0,1
pacs.009.001.13,/Document/FICdtTrf/CdtTrfTxInf/UndrlygCstmrCdtTrf/PrvsInstgAgt2/BrnchId/PstlAdr/Dept,Dept,Max70Text,0,1
pacs.009.001.13,/Document/FICdtTrf/CdtTrfTxInf/UndrlygCstmrCdtTrf/PrvsInstgAgt2/BrnchId/PstlAdr/SubDept,SubDept,Max70Text,0,1
pacs.009.001.13,/Document/FICdtTrf/CdtTrfTxInf/UndrlygCstmrCdtTrf/PrvsInstgAgt2/BrnchId/PstlAdr/StrtNm,StrtNm,Max140Text,0,1
pacs.009.001.13,/Document/FICdtTrf/CdtTrfTxInf/UndrlygCstmrCdtTrf/PrvsInstgAgt2/BrnchId/PstlAdr/BldgNb,BldgNb,Max16Text,0,1
pacs.009.001.13,/Document/FICdtTrf/CdtTrfTxInf/UndrlygCstmrCdtTrf/PrvsInstgAgt2/BrnchId/PstlAdr/BldgNm,BldgNm,Max140Text,0,1
pacs.009.001.13,/Document/FICdtTrf/CdtTrfTxInf/UndrlygCstmrCdtTrf/PrvsInstgAgt2/BrnchId/PstlAdr/Flr,Flr,Max70Text,0,1
pacs.009.001.13,/Document/FICdtTrf/CdtTrfTxInf/UndrlygCstmrCdtTrf/PrvsInstgAgt2/BrnchId/PstlAdr/UnitNb,UnitNb,Max16Text,0,1
pacs.009.001.13,/Document/FICdtTrf/CdtTrfTxInf/UndrlygCstmrCdtTrf/PrvsInstgAgt2/BrnchId/PstlAdr/PstBx,PstBx,Max16Text,0,1
pacs.009.001.13,/Document/FICdtTrf/CdtTrfTxInf/UndrlygCstmrCdtTrf/PrvsInstgAgt2/BrnchId/PstlAdr/Room,Room,Max70Text,0,1
pacs.009.001.13,/Document/FICdtTrf/CdtTrfTxInf/UndrlygCstmrCdtTrf/PrvsInstgAgt2/BrnchId/PstlAdr/PstCd,PstCd,Max16Text,0,1
pacs.009.001.13,/Document/FICdtTrf/CdtTrfTxInf/UndrlygCstmrCdtTrf/PrvsInstgAgt2/BrnchId/PstlAdr/TwnNm,TwnNm,Max140Text,0,1
pacs.009.001.13,/Document/FICdtTrf/CdtTrfTxInf/UndrlygCstmrCdtTrf/PrvsInstgAgt2/BrnchId/PstlAdr/TwnLctnNm,TwnLctnNm,Max140Text,0,1
pacs.009.001.13,/Document/FICdtTrf/CdtTrfTxInf/UndrlygCstmrCdtTrf/PrvsInstgAgt2/BrnchId/PstlAdr/DstrctNm,DstrctNm,Max140Text,0,1
pacs.009.001.13,/Document/FICdtTrf/CdtTrfTxInf/UndrlygCstmrCdtTrf/PrvsInstgAgt2/BrnchId/PstlAdr/CtrySubDvsn,CtrySubDvsn,Max35Text,0,1
pacs.009.001.13,/Document/FICdtTrf/CdtTrfTxInf/UndrlygCstmrCdtTrf/PrvsInstgAgt2/BrnchId/PstlAdr/Ctry,Ctry,CountryCode,0,1
pacs.009.001.13,/Document/FICdtTrf/CdtTrfTxInf/UndrlygCstmrCdtTrf/PrvsInstgAgt2/BrnchId/PstlAdr/AdrLine,AdrLine,Max70Text,0,7
pacs.009.001.13,/Document/FICdtTrf/CdtTrfTxInf/UndrlygCstmrCdtTrf/PrvsInstgAgt2Acct,PrvsInstgAgt2Acct,CashAccount40,0,1
pacs.009.001.13,/Document/FICdtTrf/CdtTrfTxInf/UndrlygCstmrCdtTrf/PrvsInstgAgt2Acct/Id,Id,AccountIdentification4Choice,0,1
pacs.009.001.13,/Document/FICdtTrf/CdtTrfTxInf/UndrlygCstmrCdtTrf/PrvsInstgAgt2Acct/Id/IBAN,IBAN,IBAN2007Identifier,1,1
pacs.009.001.13,/Document/FICdtTrf/CdtTrfTxInf/UndrlygCstmrCdtTrf/PrvsInstgAgt2Acct/Id/Othr,Othr,GenericAccountIdentification1,1,1
pacs.009.001.13,/Document/FICdtTrf/CdtTrfTxInf/UndrlygCstmrCdtTrf/PrvsInstgAgt2Acct/Id/Othr/Id,Id,Max34Text,1,1
pacs.009.001.13,/Document/FICdtTrf/CdtTrfTxInf/UndrlygCstmrCdtTrf/PrvsInstgAgt2Acct/Id/Othr/SchmeNm,SchmeNm,AccountSchemeName1Choice,0,1
pacs.009.001.13,/Document/FICdtTrf/CdtTrfTxInf/UndrlygCstmrCdtTrf/PrvsInstgAgt2Acct/Id/Othr/SchmeNm/Cd,Cd,ExternalAccountIdentification1Code,1,1
pacs.009.001.13,/Document/FICdtTrf/CdtTrfTxInf/UndrlygCstmrCdtTrf/PrvsInstgAgt2Acct/Id/Othr/SchmeNm/Prtry,Prtry,Max35Text,1,1
pacs.009.001.13,/Document/FICdtTrf/CdtTrfTxInf/UndrlygCstmrCdtTrf/PrvsInstgAgt2Acct/Id/Othr/Issr,Issr,Max35Text,0,1
pacs.009.001.13,/Document/FICdtTrf/CdtTrfTxInf/UndrlygCstmrCdtTrf/PrvsInstgAgt2Acct/Tp,Tp,CashAccountType2Choice,0,1
pacs.009.001.13,/Document/FICdtTrf/CdtTrfTxInf/UndrlygCstmrCdtTrf/PrvsInstgAgt2Acct/Tp/Cd,Cd,ExternalCashAccountType1Code,1,1
pacs.009.001.13,/Document/FICdtTrf/CdtTrfTxInf/UndrlygCstmrCdtTrf/PrvsInstgAgt2Acct/Tp/Prtry,Prtry,Max35Text,1,1
pacs.009.001.13,/Document/FICdtTrf/CdtTrfTxInf/UndrlygCstmrCdtTrf/PrvsInstgAgt2Acct/Ccy,Ccy,ActiveOrHistoricCurrencyCode,0,1
pacs.009.001.13,/Document/FICdtTrf/CdtTrfTxInf/UndrlygCstmrCdtTrf/PrvsInstgAgt2Acct/Nm,Nm,Max70Text,0,1
pacs.009.001.13,/Document/FICdtTrf/CdtTrfTxInf/UndrlygCstmrCdtTrf/PrvsInstgAgt2Acct/Prxy,Prxy,ProxyAccountIdentification1,0,1
pacs.009.001.13,/Document/FICdtTrf/CdtTrfTxInf/UndrlygCstmrCdtTrf/PrvsInstgAgt2Acct/Prxy/Tp,Tp,ProxyAccountType1Choice,0,1
pacs.009.001.13,/Document/FICdtTrf/CdtTrfTxInf/UndrlygCstmrCdtTrf/PrvsInstgAgt2Acct/Prxy/Tp/Cd,Cd,ExternalProxyAccountType1Code,1,1
pacs.009.001.13,/Document/FICdtTrf/CdtTrfTxInf/UndrlygCstmrCdtTrf/PrvsInstgAgt2Acct/Prxy/Tp/Prtry,Prtry,Max35Text,1,1
pacs.009.001.13,/Document/FICdtTrf/CdtTrfTxInf/UndrlygCstmrCdtTrf/PrvsInstgAgt2Acct/Prxy/Id,Id,Max2048Text,1,1
pacs.009.001.13,/Document/FICdtTrf/CdtTrfTxInf/UndrlygCstmrCdtTrf/PrvsInstgAgt3,PrvsInstgAgt3,BranchAndFinancialInstitutionIdentification8,0,1
pacs.009.001.13,/Document/FICdtTrf/CdtTrfTxInf/UndrlygCstmrCdtTrf/PrvsInstgAgt3/FinInstnId,FinInstnId,FinancialInstitutionIdentification23,1,1
pacs.009.001.13,/Document/FICdtTrf/CdtTrfTxInf/UndrlygCstmrCdtTrf/PrvsInstgAgt3/FinInstnId/BICFI,BICFI,BICFIDec2014Identifier,0,1
pacs.009.001.13,/Document/FICdtTrf/CdtTrfTxInf/UndrlygCstmrCdtTrf/PrvsInstgAgt3/FinInstnId/ClrSysMmbId,ClrSysMmbId,ClearingSystemMemberIdentification2,0,1
pacs.009.001.13,/Document/FICdtTrf/CdtTrfTxInf/UndrlygCstmrCdtTrf/PrvsInstgAgt3/FinInstnId/ClrSysMmbId/ClrSysId,ClrSysId,ClearingSystemIdentification2Choice,0,1
pacs.009.001.13,/Document/FICdtTrf/CdtTrfTxInf/UndrlygCstmrCdtTrf/PrvsInstgAgt3/FinInstnId/ClrSysMmbId/ClrSysId/Cd,Cd,ExternalClearingSystemIdentification1Code,1,1
pacs.009.001.13,/Document/FICdtTrf/CdtTrfTxInf/UndrlygCstmrCdtTrf/PrvsInstgAgt3/FinInstnId/ClrSysMmbId/ClrSysId/Prtry,Prtry,Max35Text,1,1
pacs.009.001.13,/Document/FICdtTrf/CdtTrfTxInf/UndrlygCstmrCdtTrf/PrvsInstgAgt3/FinInstnId/ClrSysMmbId/MmbId,MmbId,Max35Text,1,1
pacs.009.001.13,/Document/FICdtTrf/CdtTrfTxInf/UndrlygCstmrCdtTrf/PrvsInstgAgt3/FinInstnId/LEI,LEI,LEIIdentifier,0,1
pacs.009.001.13,/Document/FICdtTrf/CdtTrfTxInf/UndrlygCstmrCdtTrf/PrvsInstgAgt3/FinInstnId/Nm,Nm,Max140Text,0,1
pacs.009.001.13,/Document/FICdtTrf/CdtTrfTxInf/UndrlygCstmrCdtTrf/PrvsInstgAgt3/FinInstnId/PstlAdr,PstlAdr,PostalAddress27,0,1
pacs.009.001.13,/Document/FICdtTrf/CdtTrfTxInf/UndrlygCstmrCdtTrf/PrvsInstgAgt3/FinInstnId/PstlAdr/AdrTp,AdrTp,AddressType3Choice,0,1
pacs.009.001.13,/Document/FICdtTrf/CdtTrfTxInf/UndrlygCstmrCdtTrf/PrvsInstgAgt3/FinInstnId/PstlAdr/AdrTp/Cd,Cd,AddressType2Code,1,1
pacs.009.001.13,/Document/FICdtTrf/CdtTrfTxInf/UndrlygCstmrCdtTrf/PrvsInstgAgt3/FinInstnId/PstlAdr/AdrTp/Prtry,Prtry,GenericIdentification30,1,1
pacs.009.001.13,/Document/FICdtTrf/CdtTrfTxInf/UndrlygCstmrCdtTrf/PrvsInstgAgt3/FinInstnId/PstlAdr/AdrTp/Prtry/Id,Id,Exact4AlphaNumericText,1,1
pacs.009.001.13,/Document/FICdtTrf/CdtTrfTxInf/UndrlygCstmrCdtTrf/PrvsInstgAgt3/FinInstnId/PstlAdr/AdrTp/Prtry/Issr,Issr,Max35Text,1,1
pacs.009.001.13,/Document/FICdtTrf/CdtTrfTxInf/UndrlygCstmrCdtTrf/PrvsInstgAgt3/FinInstnId/PstlAdr/AdrTp/Prtry/SchmeNm,SchmeNm,Max35Text,0,1
pacs.009.001.13,/Document/FICdtTrf/CdtTrfTxInf/UndrlygCstmrCdtTrf/PrvsInstgAgt3/FinInstnId/PstlAdr/CareOf,CareOf,Max140Text,0,1
pacs.009.001.13,/Document/FICdtTrf/CdtTrfTxInf/UndrlygCstmrCdtTrf/PrvsInstgAgt3/FinInstnId/PstlAdr/Dept,Dept,Max70Text,0,1
pacs.009.001.13,/Document/FICdtTrf/CdtTrfTxInf/UndrlygCstmrCdtTrf/PrvsInstgAgt3/FinInstnId/PstlAdr/SubDept,SubDept,Max70Text,0,1
pacs.009.001.13,/Document/FICdtTrf/CdtTrfTxInf/UndrlygCstmrCdtTrf/PrvsInstgAgt3/FinInstnId/PstlAdr/StrtNm,StrtNm,Max140Text,0,1
pacs.009.001.13,/Document/FICdtTrf/CdtTrfTxInf/UndrlygCstmrCdtTrf/PrvsInstgAgt3/FinInstnId/PstlAdr/BldgNb,BldgNb,Max16Text,0,1
pacs.009.001.13,/Document/FICdtTrf/CdtTrfTxInf/UndrlygCstmrCdtTrf/PrvsInstgAgt3/FinInstnId/PstlAdr/BldgNm,BldgNm,Max140Text,0,1
pacs.009.001.13,/Document/FICdtTrf/CdtTrfTxInf/UndrlygCstmrCdtTrf/PrvsInstgAgt3/FinInstnId/PstlAdr/Flr,Flr,Max70Text,0,1
pacs.009.001.13,/Document/FICdtTrf/CdtTrfTxInf/UndrlygCstmrCdtTrf/PrvsInstgAgt3/FinInstnId/PstlAdr/UnitNb,UnitNb,Max16Text,0,1
pacs.009.001.13,/Document/FICdtTrf/CdtTrfTxInf/UndrlygCstmrCdtTrf/PrvsInstgAgt3/FinInstnId/PstlAdr/PstBx,PstBx,Max16Text,0,1
pacs.009.001.13,/Document/FICdtTrf/CdtTrfTxInf/UndrlygCstmrCdtTrf/PrvsInstgAgt3/FinInstnId/PstlAdr/Room,Room,Max70Text,0,1
pacs.009.001.13,/Document/FICdtTrf/CdtTrfTxInf/UndrlygCstmrCdtTrf/PrvsInstgAgt3/FinInstnId/PstlAdr/PstCd,PstCd,Max16Text,0,1
pacs.009.001.13,/Document/FICdtTrf/CdtTrfTxInf/UndrlygCstmrCdtTrf/PrvsInstgAgt3/FinInstnId/PstlAdr/TwnNm,TwnNm,Max140Text,0,1
pacs.009.001.13,/Document/FICdtTrf/CdtTrfTxInf/UndrlygCstmrCdtTrf/PrvsInstgAgt3/FinInstnId/PstlAdr/TwnLctnNm,TwnLctnNm,Max140Text,0,1
pacs.009.001.13,/Document/FICdtTrf/CdtTrfTxInf/UndrlygCstmrCdtTrf/PrvsInstgAgt3/FinInstnId/PstlAdr/DstrctNm,DstrctNm,Max140Text,0,1
pacs.009.001.13,/Document/FICdtTrf/CdtTrfTxInf/UndrlygCstmrCdtTrf/PrvsInstgAgt3/FinInstnId/PstlAdr/CtrySubDvsn,CtrySubDvsn,Max35Text,0,1
pacs.009.001.13,/Document/FICdtTrf/CdtTrfTxInf/UndrlygCstmrCdtTrf/PrvsInstgAgt3/FinInstnId/PstlAdr/Ctry,Ctry,CountryCode,0,1
pacs.009.001.13,/Document/FICdtTrf/CdtTrfTxInf/UndrlygCstmrCdtTrf/PrvsInstgAgt3/FinInstnId/PstlAdr/AdrLine,AdrLine,Max70Text,0,7
pacs.009.001.13,/Document/FICdtTrf/CdtTrfTxInf/UndrlygCstmrCdtTrf/PrvsInstgAgt3/FinInstnId/Othr,Othr,GenericFinancialIdentification1,0,1
pacs.009.001.13,/Document/FICdtTrf/CdtTrfTxInf/UndrlygCstmrCdtTrf/PrvsInstgAgt3/FinInstnId/Othr/Id,Id,Max35Text,1,1
pacs.009.001.13,/Document/FICdtTrf/CdtTrfTxInf/UndrlygCstmrCdtTrf/PrvsInstgAgt3/FinInstnId/Othr/SchmeNm,SchmeNm,FinancialIdentificationSchemeName1Choice,0,1
pacs.009.001.13,/Document/FICdtTrf/CdtTrfTxInf/UndrlygCstmrCdtTrf/PrvsInstgAgt3/FinInstnId/Othr/SchmeNm/Cd,Cd,ExternalFinancialInstitutionIdentification1Code,1,1
pacs.009.001.13,/Document/FICdtTrf/CdtTrfTxInf/UndrlygCstmrCdtTrf/PrvsInstgAgt3/FinInstnId/Othr/SchmeNm/Prtry,Prtry,Max35Text,1,1
pacs.009.001.13,/Document/FICdtTrf/CdtTrfTxInf/UndrlygCstmrCdtTrf/PrvsInstgAgt3/FinInstnId/Othr/Issr,Issr,Max35Text,0,1
pacs.009.001.13,/Document/FICdtTrf/CdtTrfTxInf/UndrlygCstmrCdtTrf/PrvsInstgAgt3/BrnchId,BrnchId,BranchData5,0,1
pacs.009.001.13,/Document/FICdtTrf/CdtTrfTxInf/UndrlygCstmrCdtTrf/PrvsInstgAgt3/BrnchId/Id,Id,Max35Text,0,1
pacs.009.001.13,/Document/FICdtTrf/CdtTrfTxInf/UndrlygCstmrCdtTrf/PrvsInstgAgt3/BrnchId/LEI,LEI,LEIIdentifier,0,1
pacs.009.001.13,/Document/FICdtTrf/CdtTrfTxInf/UndrlygCstmrCdtTrf/PrvsInstgAgt3/BrnchId/Nm,Nm,Max140Text,0,1
pacs.009.001.13,/Document/FICdtTrf/CdtTrfTxInf/UndrlygCstmrCdtTrf/PrvsInstgAgt3/BrnchId/PstlAdr,PstlAdr,PostalAddress27,0,1
pacs.009.001.13,/Document/FICdtTrf/CdtTrfTxInf/UndrlygCstmrCdtTrf/PrvsInstgAgt3/BrnchId/PstlAdr/AdrTp,AdrTp,AddressType3Choice,0,1
pacs.009.001.13,/Document/FICdtTrf/CdtTrfTxInf/UndrlygCstmrCdtTrf/PrvsInstgAgt3/BrnchId/PstlAdr/AdrTp/Cd,Cd,AddressType2Code,1,1
pacs.009.001.13,/Document/FICdtTrf/CdtTrfTxInf/UndrlygCstmrCdtTrf/PrvsInstgAgt3/BrnchId/PstlAdr/AdrTp/Prtry,Prtry,GenericIdentification30,1,1
pacs.009.001.13,/Document/FICdtTrf/CdtTrfTxInf/UndrlygCstmrCdtTrf/PrvsInstgAgt3/BrnchId/PstlAdr/AdrTp/Prtry/Id,Id,Exact4AlphaNumericText,1,1
pacs.009.001.13,/Document/FICdtTrf/CdtTrfTxInf/UndrlygCstmrCdtTrf/PrvsInstgAgt3/BrnchId/PstlAdr/AdrTp/Prtry/Issr,Issr,Max35Text,1,1
pacs.009.001.13,/Document/FICdtTrf/CdtTrfTxInf/UndrlygCstmrCdtTrf/PrvsInstgAgt3/BrnchId/PstlAdr/AdrTp/Prtry/SchmeNm,SchmeNm,Max35Text,0,1
pacs.009.001.13,/Document/FICdtTrf/CdtTrfTxInf/UndrlygCstmrCdtTrf/PrvsInstgAgt3/BrnchId/PstlAdr/CareOf,CareOf,Max140Text,0,1
pacs.009.001.13,/Document/FICdtTrf/CdtTrfTxInf/UndrlygCstmrCdtTrf/PrvsInstgAgt3/BrnchId/PstlAdr/Dept,Dept,Max70Text,0,1
pacs.009.001.13,/Document/FICdtTrf/CdtTrfTxInf/UndrlygCstmrCdtTrf/PrvsInstgAgt3/BrnchId/PstlAdr/SubDept,SubDept,Max70Text,0,1
pacs.009.001.13,/Document/FICdtTrf/CdtTrfTxInf/UndrlygCstmrCdtTrf/PrvsInstgAgt3/BrnchId/PstlAdr/StrtNm,StrtNm,Max140Text,0,1
pacs.009.001.13,/Document/FICdtTrf/CdtTrfTxInf/UndrlygCstmrCdtTrf/PrvsInstgAgt3/BrnchId/PstlAdr/BldgNb,BldgNb,Max16Text,0,1
pacs.009.001.13,/Document/FICdtTrf/CdtTrfTxInf/UndrlygCstmrCdtTrf/PrvsInstgAgt3/BrnchId/PstlAdr/BldgNm,BldgNm,Max140Text,0,1
pacs.009.001.13,/Document/FICdtTrf/CdtTrfTxInf/UndrlygCstmrCdtTrf/PrvsInstgAgt3/BrnchId/PstlAdr/Flr,Flr,Max70Text,0,1
pacs.009.001.13,/Document/FICdtTrf/CdtTrfTxInf/UndrlygCstmrCdtTrf/PrvsInstgAgt3/BrnchId/PstlAdr/UnitNb,UnitNb,Max16Text,0,1
pacs.009.001.13,/Document/FICdtTrf/CdtTrfTxInf/UndrlygCstmrCdtTrf/PrvsInstgAgt3/BrnchId/PstlAdr/PstBx,PstBx,Max16Text,0,1
pacs.009.001.13,/Document/FICdtTrf/CdtTrfTxInf/UndrlygCstmrCdtTrf/PrvsInstgAgt3/BrnchId/PstlAdr/Room,Room,Max70Text,0,1
pacs.009.001.13,/Document/FICdtTrf/CdtTrfTxInf/UndrlygCstmrCdtTrf/PrvsInstgAgt3/BrnchId/PstlAdr/PstCd,PstCd,Max16Text,0,1
pacs.009.001.13,/Document/FICdtTrf/CdtTrfTxInf/UndrlygCstmrCdtTrf/PrvsInstgAgt3/BrnchId/PstlAdr/TwnNm,TwnNm,Max140Text,0,1
pacs.009.001.13,/Document/FICdtTrf/CdtTrfTxInf/UndrlygCstmrCdtTrf/PrvsInstgAgt3/BrnchId/PstlAdr/TwnLctnNm,TwnLctnNm,Max140Text,0,1
pacs.009.001.13,/Document/FICdtTrf/CdtTrfTxInf/UndrlygCstmrCdtTrf/PrvsInstgAgt3/BrnchId/PstlAdr/DstrctNm,DstrctNm,Max140Text,0,1
pacs.009.001.13,/Document/FICdtTrf/CdtTrfTxInf/UndrlygCstmrCdtTrf/PrvsInstgAgt3/BrnchId/PstlAdr/CtrySubDvsn,CtrySubDvsn,Max35Text,0,1
pacs.009.001.13,/Document/FICdtTrf/CdtTrfTxInf/UndrlygCstmrCdtTrf/PrvsInstgAgt3/BrnchId/PstlAdr/Ctry,Ctry,CountryCode,0,1
pacs.009.001.13,/Document/FICdtTrf/CdtTrfTxInf/UndrlygCstmrCdtTrf/PrvsInstgAgt3/BrnchId/PstlAdr/AdrLine,AdrLine,Max70Text,0,7
pacs.009.001.13,/Document/FICdtTrf/CdtTrfTxInf/UndrlygCstmrCdtTrf/PrvsInstgAgt3Acct,PrvsInstgAgt3Acct,CashAccount40,0,1
pacs.009.001.13,/Document/FICdtTrf/CdtTrfTxInf/UndrlygCstmrCdtTrf/PrvsInstgAgt3Acct/Id,Id,AccountIdentification4Choice,0,1
pacs.009.001.13,/Document/FICdtTrf/CdtTrfTxInf/UndrlygCstmrCdtTrf/PrvsInstgAgt3Acct/Id/IBAN,IBAN,IBAN2007Identifier,1,1
pacs.009.001.13,/Document/FICdtTrf/CdtTrfTxInf/UndrlygCstmrCdtTrf/PrvsInstgAgt3Acct/Id/Othr,Othr,GenericAccountIdentification1,1,1
pacs.009.001.13,/Document/FICdtTrf/CdtTrfTxInf/UndrlygCstmrCdtTrf/PrvsInstgAgt3Acct/Id/Othr/Id,Id,Max34Text,1,1
pacs.009.001.13,/Document/FICdtTrf/CdtTrfTxInf/UndrlygCstmrCdtTrf/PrvsInstgAgt3Acct/Id/Othr/SchmeNm,SchmeNm,AccountSchemeName1Choice,0,1
pacs.009.001.13,/Document/FICdtTrf/CdtTrfTxInf/UndrlygCstmrCdtTrf/PrvsInstgAgt3Acct/Id/Othr/SchmeNm/Cd,Cd,ExternalAccountIdentification1Code,1,1
pacs.009.001.13,/Document/FICdtTrf/CdtTrfTxInf/UndrlygCstmrCdtTrf/PrvsInstgAgt3Acct/Id/Othr/SchmeNm/Prtry,Prtry,Max35Text,1,1
pacs.009.001.13,/Document/FICdtTrf/CdtTrfTxInf/UndrlygCstmrCdtTrf/PrvsInstgAgt3Acct/Id/Othr/Issr,Issr,Max35Text,0,1
pacs.009.001.13,/Document/FICdtTrf/CdtTrfTxInf/UndrlygCstmrCdtTrf/PrvsInstgAgt3Acct/Tp,Tp,CashAccountType2Choice,0,1
pacs.009.001.13,/Document/FICdtTrf/CdtTrfTxInf/UndrlygCstmrCdtTrf/PrvsInstgAgt3Acct/Tp/Cd,Cd,ExternalCashAccountType1Code,1,1
pacs.009.001.13,/Document/FICdtTrf/CdtTrfTxInf/UndrlygCstmrCdtTrf/PrvsInstgAgt3Acct/Tp/Prtry,Prtry,Max35Text,1,1
pacs.009.001.13,/Document/FICdtTrf/CdtTrfTxInf/UndrlygCstmrCdtTrf/PrvsInstgAgt3Acct/Ccy,Ccy,ActiveOrHistoricCurrencyCode,0,1
pacs.009.001.13,/Document/FICdtTrf/CdtTrfTxInf/UndrlygCstmrCdtTrf/PrvsInstgAgt3Acct/Nm,Nm,Max70Text,0,1
pacs.009.001.13,/Document/FICdtTrf/CdtTrfTxInf/UndrlygCstmrCdtTrf/PrvsInstgAgt3Acct/Prxy,Prxy,ProxyAccountIdentification1,0,1
pacs.009.001.13,/Document/FICdtTrf/CdtTrfTxInf/UndrlygCstmrCdtTrf/PrvsInstgAgt3Acct/Prxy/Tp,Tp,ProxyAccountType1Choice,0,1
pacs.009.001.13,/Document/FICdtTrf/CdtTrfTxInf/UndrlygCstmrCdtTrf/PrvsInstgAgt3Acct/Prxy/Tp/Cd,Cd,ExternalProxyAccountType1Code,1,1
pacs.009.001.13,/Document/FICdtTrf/CdtTrfTxInf/UndrlygCstmrCdtTrf/PrvsInstgAgt3Acct/Prxy/Tp/Prtry,Prtry,Max35Text,1,1
pacs.009.001.13,/Document/FICdtTrf/CdtTrfTxInf/UndrlygCstmrCdtTrf/PrvsInstgAgt3Acct/Prxy/Id,Id,Max2048Text,1,1
pacs.009.001.13,/Document/FICdtTrf/CdtTrfTxInf/UndrlygCstmrCdtTrf/IntrmyAgt1,IntrmyAgt1,BranchAndFinancialInstitutionIdentification8,0,1
pacs.009.001.13,/Document/FICdtTrf/CdtTrfTxInf/UndrlygCstmrCdtTrf/IntrmyAgt1/FinInstnId,FinInstnId,FinancialInstitutionIdentification23,1,1
pacs.009.001.13,/Document/FICdtTrf/CdtTrfTxInf/UndrlygCstmrCdtTrf/IntrmyAgt1/FinInstnId/BICFI,BICFI,BICFIDec2014Identifier,0,1
pacs.009.001.13,/Document/FICdtTrf/CdtTrfTxInf/UndrlygCstmrCdtTrf/IntrmyAgt1/FinInstnId/ClrSysMmbId,ClrSysMmbId,ClearingSystemMemberIdentification2,0,1
pacs.009.001.13,/Document/FICdtTrf/CdtTrfTxInf/UndrlygCstmrCdtTrf/IntrmyAgt1/FinInstnId/ClrSysMmbId/ClrSysId,ClrSysId,ClearingSystemIdentification2Choice,0,1
pacs.009.001.13,/Document/FICdtTrf/CdtTrfTxInf/UndrlygCstmrCdtTrf/IntrmyAgt1/FinInstnId/ClrSysMmbId/ClrSysId/Cd,Cd,ExternalClearingSystemIdentification1Code,1,1
pacs.009.001.13,/Document/FICdtTrf/CdtTrfTxInf/UndrlygCstmrCdtTrf/IntrmyAgt1/FinInstnId/ClrSysMmbId/ClrSysId/Prtry,Prtry,Max35Text,1,1
pacs.009.001.13,/Document/FICdtTrf/CdtTrfTxInf/UndrlygCstmrCdtTrf/IntrmyAgt1/FinInstnId/ClrSysMmbId/MmbId,MmbId,Max35Text,1,1
pacs.009.001.13,/Document/FICdtTrf/CdtTrfTxInf/UndrlygCstmrCdtTrf/IntrmyAgt1/FinInstnId/LEI,LEI,LEIIdentifier,0,1
pacs.009.001.13,/Document/FICdtTrf/CdtTrfTxInf/UndrlygCstmrCdtTrf/IntrmyAgt1/FinInstnId/Nm,Nm,Max140Text,0,1
pacs.009.001.13,/Document/FICdtTrf/CdtTrfTxInf/UndrlygCstmrCdtTrf/IntrmyAgt1/FinInstnId/PstlAdr,PstlAdr,PostalAddress27,0,1
pacs.009.001.13,/Document/FICdtTrf/CdtTrfTxInf/UndrlygCstmrCdtTrf/IntrmyAgt1/FinInstnId/PstlAdr/AdrTp,AdrTp,AddressType3Choice,0,1
pacs.009.001.13,/Document/FICdtTrf/CdtTrfTxInf/UndrlygCstmrCdtTrf/IntrmyAgt1/FinInstnId/PstlAdr/AdrTp/Cd,Cd,AddressType2Code,1,1
pacs.009.001.13,/Document/FICdtTrf/CdtTrfTxInf/UndrlygCstmrCdtTrf/IntrmyAgt1/FinInstnId/PstlAdr/AdrTp/Prtry,Prtry,GenericIdentification30,1,1
pacs.009.001.13,/Document/FICdtTrf/CdtTrfTxInf/UndrlygCstmrCdtTrf/IntrmyAgt1/FinInstnId/PstlAdr/AdrTp/Prtry/Id,Id,Exact4AlphaNumericText,1,1
pacs.009.001.13,/Document/FICdtTrf/CdtTrfTxInf/UndrlygCstmrCdtTrf/IntrmyAgt1/FinInstnId/PstlAdr/AdrTp/Prtry/Issr,Issr,Max35Text,1,1
pacs.009.001.13,/Document/FICdtTrf/CdtTrfTxInf/UndrlygCstmrCdtTrf/IntrmyAgt1/FinInstnId/PstlAdr/AdrTp/Prtry/SchmeNm,SchmeNm,Max35Text,0,1
pacs.009.001.13,/Document/FICdtTrf/CdtTrfTxInf/UndrlygCstmrCdtTrf/IntrmyAgt1/FinInstnId/PstlAdr/CareOf,CareOf,Max140Text,0,1
pacs.009.001.13,/Document/FICdtTrf/CdtTrfTxInf/UndrlygCstmrCdtTrf/IntrmyAgt1/FinInstnId/PstlAdr/Dept,Dept,Max70Text,0,1
pacs.009.001.13,/Document/FICdtTrf/CdtTrfTxInf/UndrlygCstmrCdtTrf/IntrmyAgt1/FinInstnId/PstlAdr/SubDept,SubDept,Max70Text,0,1
pacs.009.001.13,/Document/FICdtTrf/CdtTrfTxInf/UndrlygCstmrCdtTrf/IntrmyAgt1/FinInstnId/PstlAdr/StrtNm,StrtNm,Max140Text,0,1
pacs.009.001.13,/Document/FICdtTrf/CdtTrfTxInf/UndrlygCstmrCdtTrf/IntrmyAgt1/FinInstnId/PstlAdr/BldgNb,BldgNb,Max16Text,0,1
pacs.009.001.13,/Document/FICdtTrf/CdtTrfTxInf/UndrlygCstmrCdtTrf/IntrmyAgt1/FinInstnId/PstlAdr/BldgNm,BldgNm,Max140Text,0,1
pacs.009.001.13,/Document/FICdtTrf/CdtTrfTxInf/UndrlygCstmrCdtTrf/IntrmyAgt1/FinInstnId/PstlAdr/Flr,Flr,Max70Text,0,1
pacs.009.001.13,/Document/FICdtTrf/CdtTrfTxInf/UndrlygCstmrCdtTrf/IntrmyAgt1/FinInstnId/PstlAdr/UnitNb,UnitNb,Max16Text,0,1
pacs.009.001.13,/Document/FICdtTrf/CdtTrfTxInf/UndrlygCstmrCdtTrf/IntrmyAgt1/FinInstnId/PstlAdr/PstBx,PstBx,Max16Text,0,1
pacs.009.001.13,/Document/FICdtTrf/CdtTrfTxInf/UndrlygCstmrCdtTrf/IntrmyAgt1/FinInstnId/PstlAdr/Room,Room,Max70Text,0,1
pacs.009.001.13,/Document/FICdtTrf/CdtTrfTxInf/UndrlygCstmrCdtTrf/IntrmyAgt1/FinInstnId/PstlAdr/PstCd,PstCd,Max16Text,0,1
pacs.009.001.13,/Document/FICdtTrf/CdtTrfTxInf/UndrlygCstmrCdtTrf/IntrmyAgt1/FinInstnId/PstlAdr/TwnNm,TwnNm,Max140Text,0,1
pacs.009.001.13,/Document/FICdtTrf/CdtTrfTxInf/UndrlygCstmrCdtTrf/IntrmyAgt1/FinInstnId/PstlAdr/TwnLctnNm,TwnLctnNm,Max140Text,0,1
pacs.009.001.13,/Document/FICdtTrf/CdtTrfTxInf/UndrlygCstmrCdtTrf/IntrmyAgt1/FinInstnId/PstlAdr/DstrctNm,DstrctNm,Max140Text,0,1
pacs.009.001.13,/Document/FICdtTrf/CdtTrfTxInf/UndrlygCstmrCdtTrf/IntrmyAgt1/FinInstnId/PstlAdr/CtrySubDvsn,CtrySubDvsn,Max35Text,0,1
pacs.009.001.13,/Document/FICdtTrf/CdtTrfTxInf/UndrlygCstmrCdtTrf/IntrmyAgt1/FinInstnId/PstlAdr/Ctry,Ctry,CountryCode,0,1
pacs.009.001.13,/Document/FICdtTrf/CdtTrfTxInf/UndrlygCstmrCdtTrf/IntrmyAgt1/FinInstnId/PstlAdr/AdrLine,AdrLine,Max70Text,0,7
pacs.009.001.13,/Document/FICdtTrf/CdtTrfTxInf/UndrlygCstmrCdtTrf/IntrmyAgt1/FinInstnId/Othr,Othr,GenericFinancialIdentification1,0,1
pacs.009.001.13,/Document/FICdtTrf/CdtTrfTxInf/UndrlygCstmrCdtTrf/IntrmyAgt1/FinInstnId/Othr/Id,Id,Max35Text,1,1
pacs.009.001.13,/Document/FICdtTrf/CdtTrfTxInf/UndrlygCstmrCdtTrf/IntrmyAgt1/FinInstnId/Othr/SchmeNm,SchmeNm,FinancialIdentificationSchemeName1Choice,0,1
pacs.009.001.13,/Document/FICdtTrf/CdtTrfTxInf/UndrlygCstmrCdtTrf/IntrmyAgt1/FinInstnId/Othr/SchmeNm/Cd,Cd,ExternalFinancialInstitutionIdentification1Code,1,1
pacs.009.001.13,/Document/FICdtTrf/CdtTrfTxInf/UndrlygCstmrCdtTrf/IntrmyAgt1/FinInstnId/Othr/SchmeNm/Prtry,Prtry,Max35Text,1,1
pacs.009.001.13,/Document/FICdtTrf/CdtTrfTxInf/UndrlygCstmrCdtTrf/IntrmyAgt1/FinInstnId/Othr/Issr,Issr,Max35Text,0,1
pacs.009.001.13,/Document/FICdtTrf/CdtTrfTxInf/UndrlygCstmrCdtTrf/IntrmyAgt1/BrnchId,BrnchId,BranchData5,0,1
pacs.009.001.13,/Document/FICdtTrf/CdtTrfTxInf/UndrlygCstmrCdtTrf/IntrmyAgt1/BrnchId/Id,Id,Max35Text,0,1
pacs.009.001.13,/Document/FICdtTrf/CdtTrfTxInf/UndrlygCstmrCdtTrf/IntrmyAgt1/BrnchId/LEI,LEI,LEIIdentifier,0,1
pacs.009.001.13,/Document/FICdtTrf/CdtTrfTxInf/UndrlygCstmrCdtTrf/IntrmyAgt1/BrnchId/Nm,Nm,Max140Text,0,1
pacs.009.001.13,/Document/FICdtTrf/CdtTrfTxInf/UndrlygCstmrCdtTrf/IntrmyAgt1/BrnchId/PstlAdr,PstlAdr,PostalAddress27,0,1
pacs.009.001.13,/Document/FICdtTrf/CdtTrfTxInf/UndrlygCstmrCdtTrf/IntrmyAgt1/BrnchId/PstlAdr/AdrTp,AdrTp,AddressType3Choice,0,1
pacs.009.001.13,/Document/FICdtTrf/CdtTrfTxInf/UndrlygCstmrCdtTrf/IntrmyAgt1/BrnchId/PstlAdr/AdrTp/Cd,Cd,AddressType2Code,1,1
pacs.009.001.13,/Document/FICdtTrf/CdtTrfTxInf/UndrlygCstmrCdtTrf/IntrmyAgt1/BrnchId/PstlAdr/AdrTp/Prtry,Prtry,GenericIdentification30,1,1
pacs.009.001.13,/Document/FICdtTrf/CdtTrfTxInf/UndrlygCstmrCdtTrf/IntrmyAgt1/BrnchId/PstlAdr/AdrTp/Prtry/Id,Id,Exact4AlphaNumericText,1,1
pacs.009.001.13,/Document/FICdtTrf/CdtTrfTxInf/UndrlygCstmrCdtTrf/IntrmyAgt1/BrnchId/PstlAdr/AdrTp/Prtry/Issr,Issr,Max35Text,1,1
pacs.009.001.13,/Document/FICdtTrf/CdtTrfTxInf/UndrlygCstmrCdtTrf/IntrmyAgt1/BrnchId/PstlAdr/AdrTp/Prtry/SchmeNm,SchmeNm,Max35Text,0,1
pacs.009.001.13,/Document/FICdtTrf/CdtTrfTxInf/UndrlygCstmrCdtTrf/IntrmyAgt1/BrnchId/PstlAdr/CareOf,CareOf,Max140Text,0,1
pacs.009.001.13,/Document/FICdtTrf/CdtTrfTxInf/UndrlygCstmrCdtTrf/IntrmyAgt1/BrnchId/PstlAdr/Dept,Dept,Max70Text,0,1
pacs.009.001.13,/Document/FICdtTrf/CdtTrfTxInf/UndrlygCstmrCdtTrf/IntrmyAgt1/BrnchId/PstlAdr/SubDept,SubDept,Max70Text,0,1
pacs.009.001.13,/Document/FICdtTrf/CdtTrfTxInf/UndrlygCstmrCdtTrf/IntrmyAgt1/BrnchId/PstlAdr/StrtNm,StrtNm,Max140Text,0,1
pacs.009.001.13,/Document/FICdtTrf/CdtTrfTxInf/UndrlygCstmrCdtTrf/IntrmyAgt1/BrnchId/PstlAdr/BldgNb,BldgNb,Max16Text,0,1
pacs.009.001.13,/Document/FICdtTrf/CdtTrfTxInf/UndrlygCstmrCdtTrf/IntrmyAgt1/BrnchId/PstlAdr/BldgNm,BldgNm,Max140Text,0,1
pacs.009.001.13,/Document/FICdtTrf/CdtTrfTxInf/UndrlygCstmrCdtTrf/IntrmyAgt1/BrnchId/PstlAdr/Flr,Flr,Max70Text,0,1
pacs.009.001.13,/Document/FICdtTrf/CdtTrfTxInf/UndrlygCstmrCdtTrf/IntrmyAgt1/BrnchId/PstlAdr/UnitNb,UnitNb,Max16Text,0,1
pacs.009.001.13,/Document/FICdtTrf/CdtTrfTxInf/UndrlygCstmrCdtTrf/IntrmyAgt1/BrnchId/PstlAdr/PstBx,PstBx,Max16Text,0,1
pacs.009.001.13,/Document/FICdtTrf/CdtTrfTxInf/UndrlygCstmrCdtTrf/IntrmyAgt1/BrnchId/PstlAdr/Room,Room,Max70Text,0,1
pacs.009.001.13,/Document/FICdtTrf/CdtTrfTxInf/UndrlygCstmrCdtTrf/IntrmyAgt1/BrnchId/PstlAdr/PstCd,PstCd,Max16Text,0,1
pacs.009.001.13,/Document/FICdtTrf/CdtTrfTxInf/UndrlygCstmrCdtTrf/IntrmyAgt1/BrnchId/PstlAdr/TwnNm,TwnNm,Max140Text,0,1
pacs.009.001.13,/Document/FICdtTrf/CdtTrfTxInf/UndrlygCstmrCdtTrf/IntrmyAgt1/BrnchId/PstlAdr/TwnLctnNm,TwnLctnNm,Max140Text,0,1
pacs.009.001.13,/Document/FICdtTrf/CdtTrfTxInf/UndrlygCstmrCdtTrf/IntrmyAgt1/BrnchId/PstlAdr/DstrctNm,DstrctNm,Max140Text,0,1
pacs.009.001.13,/Document/FICdtTrf/CdtTrfTxInf/UndrlygCstmrCdtTrf/IntrmyAgt1/BrnchId/PstlAdr/CtrySubDvsn,CtrySubDvsn,Max35Text,0,1
pacs.009.001.13,/Document/FICdtTrf/CdtTrfTxInf/UndrlygCstmrCdtTrf/IntrmyAgt1/BrnchId/PstlAdr/Ctry,Ctry,CountryCode,0,1
pacs.009.001.13,/Document/FICdtTrf/CdtTrfTxInf/UndrlygCstmrCdtTrf/IntrmyAgt1/BrnchId/PstlAdr/AdrLine,AdrLine,Max70Text,0,7
pacs.009.001.13,/Document/FICdtTrf/CdtTrfTxInf/UndrlygCstmrCdtTrf/IntrmyAgt1Acct,IntrmyAgt1Acct,CashAccount40,0,1
pacs.009.001.13,/Document/FICdtTrf/CdtTrfTxInf/UndrlygCstmrCdtTrf/IntrmyAgt1Acct/Id,Id,AccountIdentification4Choice,0,1
pacs.009.001.13,/Document/FICdtTrf/CdtTrfTxInf/UndrlygCstmrCdtTrf/IntrmyAgt1Acct/Id/IBAN,IBAN,IBAN2007Identifier,1,1
pacs.009.001.13,/Document/FICdtTrf/CdtTrfTxInf/UndrlygCstmrCdtTrf/IntrmyAgt1Acct/Id/Othr,Othr,GenericAccountIdentification1,1,1
pacs.009.001.13,/Document/FICdtTrf/CdtTrfTxInf/UndrlygCstmrCdtTrf/IntrmyAgt1Acct/Id/Othr/Id,Id,Max34Text,1,1
pacs.009.001.13,/Document/FICdtTrf/CdtTrfTxInf/UndrlygCstmrCdtTrf/IntrmyAgt1Acct/Id/Othr/SchmeNm,SchmeNm,AccountSchemeName1Choice,0,1
pacs.009.001.13,/Document/FICdtTrf/CdtTrfTxInf/UndrlygCstmrCdtTrf/IntrmyAgt1Acct/Id/Othr/SchmeNm/Cd,Cd,ExternalAccountIdentification1Code,1,1
pacs.009.001.13,/Document/FICdtTrf/CdtTrfTxInf/UndrlygCstmrCdtTrf/IntrmyAgt1Acct/Id/Othr/SchmeNm/Prtry,Prtry,Max35Text,1,1
pacs.009.001.13,/Document/FICdtTrf/CdtTrfTxInf/UndrlygCstmrCdtTrf/IntrmyAgt1Acct/Id/Othr/Issr,Issr,Max35Text,0,1
pacs.009.001.13,/Document/FICdtTrf/CdtTrfTxInf/UndrlygCstmrCdtTrf/IntrmyAgt1Acct/Tp,Tp,CashAccountType2Choice,0,1
pacs.009.001.13,/Document/FICdtTrf/CdtTrfTxInf/UndrlygCstmrCdtTrf/IntrmyAgt1Acct/Tp/Cd,Cd,ExternalCashAccountType1Code,1,1
pacs.009.001.13,/Document/FICdtTrf/CdtTrfTxInf/UndrlygCstmrCdtTrf/IntrmyAgt1Acct/Tp/Prtry,Prtry,Max35Text,1,1
pacs.009.001.13,/Document/FICdtTrf/CdtTrfTxInf/UndrlygCstmrCdtTrf/IntrmyAgt1Acct/Ccy,Ccy,ActiveOrHistoricCurrencyCode,0,1
pacs.009.001.13,/Document/FICdtTrf/CdtTrfTxInf/UndrlygCstmrCdtTrf/IntrmyAgt1Acct/Nm,Nm,Max70Text,0,1
pacs.009.001.13,/Document/FICdtTrf/CdtTrfTxInf/UndrlygCstmrCdtTrf/IntrmyAgt1Acct/Prxy,Prxy,ProxyAccountIdentification1,0,1
pacs.009.001.13,/Document/FICdtTrf/CdtTrfTxInf/UndrlygCstmrCdtTrf/IntrmyAgt1Acct/Prxy/Tp,Tp,ProxyAccountType1Choice,0,1
pacs.009.001.13,/Document/FICdtTrf/CdtTrfTxInf/UndrlygCstmrCdtTrf/IntrmyAgt1Acct/Prxy/Tp/Cd,Cd,ExternalProxyAccountType1Code,1,1
pacs.009.001.13,/Document/FICdtTrf/CdtTrfTxInf/UndrlygCstmrCdtTrf/IntrmyAgt1Acct/Prxy/Tp/Prtry,Prtry,Max35Text,1,1
pacs.009.001.13,/Document/FICdtTrf/CdtTrfTxInf/UndrlygCstmrCdtTrf/IntrmyAgt1Acct/Prxy/Id,Id,Max2048Text,1,1
pacs.009.001.13,/Document/FICdtTrf/CdtTrfTxInf/UndrlygCstmrCdtTrf/IntrmyAgt2,IntrmyAgt2,BranchAndFinancialInstitutionIdentification8,0,1
pacs.009.001.13,/Document/FICdtTrf/CdtTrfTxInf/UndrlygCstmrCdtTrf/IntrmyAgt2/FinInstnId,FinInstnId,FinancialInstitutionIdentification23,1,1
pacs.009.001.13,/Document/FICdtTrf/CdtTrfTxInf/UndrlygCstmrCdtTrf/IntrmyAgt2/FinInstnId/BICFI,BICFI,BICFIDec2014Identifier,0,1
pacs.009.001.13,/Document/FICdtTrf/CdtTrfTxInf/UndrlygCstmrCdtTrf/IntrmyAgt2/FinInstnId/ClrSysMmbId,ClrSysMmbId,ClearingSystemMemberIdentification2,0,1
pacs.009.001.13,/Document/FICdtTrf/CdtTrfTxInf/UndrlygCstmrCdtTrf/IntrmyAgt2/FinInstnId/ClrSysMmbId/ClrSysId,ClrSysId,ClearingSystemIdentification2Choice,0,1
pacs.009.001.13,/Document/FICdtTrf/CdtTrfTxInf/UndrlygCstmrCdtTrf/IntrmyAgt2/FinInstnId/ClrSysMmbId/ClrSysId/Cd,Cd,ExternalClearingSystemIdentification1Code,1,1
pacs.009.001.13,/Document/FICdtTrf/CdtTrfTxInf/UndrlygCstmrCdtTrf/IntrmyAgt2/FinInstnId/ClrSysMmbId/ClrSysId/Prtry,Prtry,Max35Text,1,1
pacs.009.001.13,/Document/FICdtTrf/CdtTrfTxInf/UndrlygCstmrCdtTrf/IntrmyAgt2/FinInstnId/ClrSysMmbId/MmbId,MmbId,Max35Text,1,1
pacs.009.001.13,/Document/FICdtTrf/CdtTrfTxInf/UndrlygCstmrCdtTrf/IntrmyAgt2/FinInstnId/LEI,LEI,LEIIdentifier,0,1
pacs.009.001.13,/Document/FICdtTrf/CdtTrfTxInf/UndrlygCstmrCdtTrf/IntrmyAgt2/FinInstnId/Nm,Nm,Max140Text,0,1
pacs.009.001.13,/Document/FICdtTrf/CdtTrfTxInf/UndrlygCstmrCdtTrf/IntrmyAgt2/FinInstnId/PstlAdr,PstlAdr,PostalAddress27,0,1
pacs.009.001.13,/Document/FICdtTrf/CdtTrfTxInf/UndrlygCstmrCdtTrf/IntrmyAgt2/FinInstnId/PstlAdr/AdrTp,AdrTp,AddressType3Choice,0,1
pacs.009.001.13,/Document/FICdtTrf/CdtTrfTxInf/UndrlygCstmrCdtTrf/IntrmyAgt2/FinInstnId/PstlAdr/AdrTp/Cd,Cd,AddressType2Code,1,1
pacs.009.001.13,/Document/FICdtTrf/CdtTrfTxInf/UndrlygCstmrCdtTrf/IntrmyAgt2/FinInstnId/PstlAdr/AdrTp/Prtry,Prtry,GenericIdentification30,1,1
pacs.009.001.13,/Document/FICdtTrf/CdtTrfTxInf/UndrlygCstmrCdtTrf/IntrmyAgt2/FinInstnId/PstlAdr/AdrTp/Prtry/Id,Id,Exact4AlphaNumericText,1,1
pacs.009.001.13,/Document/FICdtTrf/CdtTrfTxInf/UndrlygCstmrCdtTrf/IntrmyAgt2/FinInstnId/PstlAdr/AdrTp/Prtry/Issr,Issr,Max35Text,1,1
pacs.009.001.13,/Document/FICdtTrf/CdtTrfTxInf/UndrlygCstmrCdtTrf/IntrmyAgt2/FinInstnId/PstlAdr/AdrTp/Prtry/SchmeNm,SchmeNm,Max35Text,0,1
pacs.009.001.13,/Document/FICdtTrf/CdtTrfTxInf/UndrlygCstmrCdtTrf/IntrmyAgt2/FinInstnId/PstlAdr/CareOf,CareOf,Max140Text,0,1
pacs.009.001.13,/Document/FICdtTrf/CdtTrfTxInf/UndrlygCstmrCdtTrf/IntrmyAgt2/FinInstnId/PstlAdr/Dept,Dept,Max70Text,0,1
pacs.009.001.13,/Document/FICdtTrf/CdtTrfTxInf/UndrlygCstmrCdtTrf/IntrmyAgt2/FinInstnId/PstlAdr/SubDept,SubDept,Max70Text,0,1
pacs.009.001.13,/Document/FICdtTrf/CdtTrfTxInf/UndrlygCstmrCdtTrf/IntrmyAgt2/FinInstnId/PstlAdr/StrtNm,StrtNm,Max140Text,0,1
pacs.009.001.13,/Document/FICdtTrf/CdtTrfTxInf/UndrlygCstmrCdtTrf/IntrmyAgt2/FinInstnId/PstlAdr/BldgNb,BldgNb,Max16Text,0,1
pacs.009.001.13,/Document/FICdtTrf/CdtTrfTxInf/UndrlygCstmrCdtTrf/IntrmyAgt2/FinInstnId/PstlAdr/BldgNm,BldgNm,Max140Text,0,1
pacs.009.001.13,/Document/FICdtTrf/CdtTrfTxInf/UndrlygCstmrCdtTrf/IntrmyAgt2/FinInstnId/PstlAdr/Flr,Flr,Max70Text,0,1
pacs.009.001.13,/Document/FICdtTrf/CdtTrfTxInf/UndrlygCstmrCdtTrf/IntrmyAgt2/FinInstnId/PstlAdr/UnitNb,UnitNb,Max16Text,0,1
pacs.009.001.13,/Document/FICdtTrf/CdtTrfTxInf/UndrlygCstmrCdtTrf/IntrmyAgt2/FinInstnId/PstlAdr/PstBx,PstBx,Max16Text,0,1
pacs.009.001.13,/Document/FICdtTrf/CdtTrfTxInf/UndrlygCstmrCdtTrf/IntrmyAgt2/FinInstnId/PstlAdr/Room,Room,Max70Text,0,1
pacs.009.001.13,/Document/FICdtTrf/CdtTrfTxInf/UndrlygCstmrCdtTrf/IntrmyAgt2/FinInstnId/PstlAdr/PstCd,PstCd,Max16Text,0,1
pacs.009.001.13,/Document/FICdtTrf/CdtTrfTxInf/UndrlygCstmrCdtTrf/IntrmyAgt2/FinInstnId/PstlAdr/TwnNm,TwnNm,Max140Text,0,1
pacs.009.001.13,/Document/FICdtTrf/CdtTrfTxInf/UndrlygCstmrCdtTrf/IntrmyAgt2/FinInstnId/PstlAdr/TwnLctnNm,TwnLctnNm,Max140Text,0,1
pacs.009.001.13,/Document/FICdtTrf/CdtTrfTxInf/UndrlygCstmrCdtTrf/IntrmyAgt2/FinInstnId/PstlAdr/DstrctNm,DstrctNm,Max140Text,0,1
pacs.009.001.13,/Document/FICdtTrf/CdtTrfTxInf/UndrlygCstmrCdtTrf/IntrmyAgt2/FinInstnId/PstlAdr/CtrySubDvsn,CtrySubDvsn,Max35Text,0,1
pacs.009.001.13,/Document/FICdtTrf/CdtTrfTxInf/UndrlygCstmrCdtTrf/IntrmyAgt2/FinInstnId/PstlAdr/Ctry,Ctry,CountryCode,0,1
pacs.009.001.13,/Document/FICdtTrf/CdtTrfTxInf/UndrlygCstmrCdtTrf/IntrmyAgt2/FinInstnId/PstlAdr/AdrLine,AdrLine,Max70Text,0,7
pacs.009.001.13,/Document/FICdtTrf/CdtTrfTxInf/UndrlygCstmrCdtTrf/IntrmyAgt2/FinInstnId/Othr,Othr,GenericFinancialIdentification1,0,1
pacs.009.001.13,/Document/FICdtTrf/CdtTrfTxInf/UndrlygCstmrCdtTrf/IntrmyAgt2/FinInstnId/Othr/Id,Id,Max35Text,1,1
pacs.009.001.13,/Document/FICdtTrf/CdtTrfTxInf/UndrlygCstmrCdtTrf/IntrmyAgt2/FinInstnId/Othr/SchmeNm,SchmeNm,FinancialIdentificationSchemeName1Choice,0,1
pacs.009.001.13,/Document/FICdtTrf/CdtTrfTxInf/UndrlygCstmrCdtTrf/IntrmyAgt2/FinInstnId/Othr/SchmeNm/Cd,Cd,ExternalFinancialInstitutionIdentification1Code,1,1
pacs.009.001.13,/Document/FICdtTrf/CdtTrfTxInf/UndrlygCstmrCdtTrf/IntrmyAgt2/FinInstnId/Othr/SchmeNm/Prtry,Prtry,Max35Text,1,1
pacs.009.001.13,/Document/FICdtTrf/CdtTrfTxInf/UndrlygCstmrCdtTrf/IntrmyAgt2/FinInstnId/Othr/Issr,Issr,Max35Text,0,1
pacs.009.001.13,/Document/FICdtTrf/CdtTrfTxInf/UndrlygCstmrCdtTrf/IntrmyAgt2/BrnchId,BrnchId,BranchData5,0,1
pacs.009.001.13,/Document/FICdtTrf/CdtTrfTxInf/UndrlygCstmrCdtTrf/IntrmyAgt2/BrnchId/Id,Id,Max35Text,0,1
pacs.009.001.13,/Document/FICdtTrf/CdtTrfTxInf/UndrlygCstmrCdtTrf/IntrmyAgt2/BrnchId/LEI,LEI,LEIIdentifier,0,1
pacs.009.001.13,/Document/FICdtTrf/CdtTrfTxInf/UndrlygCstmrCdtTrf/IntrmyAgt2/BrnchId/Nm,Nm,Max140Text,0,1
pacs.009.001.13,/Document/FICdtTrf/CdtTrfTxInf/UndrlygCstmrCdtTrf/IntrmyAgt2/BrnchId/PstlAdr,PstlAdr,PostalAddress27,0,1
pacs.009.001.13,/Document/FICdtTrf/CdtTrfTxInf/UndrlygCstmrCdtTrf/IntrmyAgt2/BrnchId/PstlAdr/AdrTp,AdrTp,AddressType3Choice,0,1
pacs.009.001.13,/Document/FICdtTrf/CdtTrfTxInf/UndrlygCstmrCdtTrf/IntrmyAgt2/BrnchId/PstlAdr/AdrTp/Cd,Cd,AddressType2Code,1,1
pacs.009.001.13,/Document/FICdtTrf/CdtTrfTxInf/UndrlygCstmrCdtTrf/IntrmyAgt2/BrnchId/PstlAdr/AdrTp/Prtry,Prtry,GenericIdentification30,1,1
pacs.009.001.13,/Document/FICdtTrf/CdtTrfTxInf/UndrlygCstmrCdtTrf/IntrmyAgt2/BrnchId/PstlAdr/AdrTp/Prtry/Id,Id,Exact4AlphaNumericText,1,1
pacs.009.001.13,/Document/FICdtTrf/CdtTrfTxInf/UndrlygCstmrCdtTrf/IntrmyAgt2/BrnchId/PstlAdr/AdrTp/Prtry/Issr,Issr,Max35Text,1,1
pacs.009.001.13,/Document/FICdtTrf/CdtTrfTxInf/UndrlygCstmrCdtTrf/IntrmyAgt2/BrnchId/PstlAdr/AdrTp/Prtry/SchmeNm,SchmeNm,Max35Text,0,1
pacs.009.001.13,/Document/FICdtTrf/CdtTrfTxInf/UndrlygCstmrCdtTrf/IntrmyAgt2/BrnchId/PstlAdr/CareOf,CareOf,Max140Text,0,1
pacs.009.001.13,/Document/FICdtTrf/CdtTrfTxInf/UndrlygCstmrCdtTrf/IntrmyAgt2/BrnchId/PstlAdr/Dept,Dept,Max70Text,0,1
pacs.009.001.13,/Document/FICdtTrf/CdtTrfTxInf/UndrlygCstmrCdtTrf/IntrmyAgt2/BrnchId/PstlAdr/SubDept,SubDept,Max70Text,0,1
pacs.009.001.13,/Document/FICdtTrf/CdtTrfTxInf/UndrlygCstmrCdtTrf/IntrmyAgt2/BrnchId/PstlAdr/StrtNm,StrtNm,Max140Text,0,1
pacs.009.001.13,/Document/FICdtTrf/CdtTrfTxInf/UndrlygCstmrCdtTrf/IntrmyAgt2/BrnchId/PstlAdr/BldgNb,BldgNb,Max16Text,0,1
pacs.009.001.13,/Document/FICdtTrf/CdtTrfTxInf/UndrlygCstmrCdtTrf/IntrmyAgt2/BrnchId/PstlAdr/BldgNm,BldgNm,Max140Text,0,1
pacs.009.001.13,/Document/FICdtTrf/CdtTrfTxInf/UndrlygCstmrCdtTrf/IntrmyAgt2/BrnchId/PstlAdr/Flr,Flr,Max70Text,0,1
pacs.009.001.13,/Document/FICdtTrf/CdtTrfTxInf/UndrlygCstmrCdtTrf/IntrmyAgt2/BrnchId/PstlAdr/UnitNb,UnitNb,Max16Text,0,1
pacs.009.001.13,/Document/FICdtTrf/CdtTrfTxInf/UndrlygCstmrCdtTrf/IntrmyAgt2/BrnchId/PstlAdr/PstBx,PstBx,Max16Text,0,1
pacs.009.001.13,/Document/FICdtTrf/CdtTrfTxInf/UndrlygCstmrCdtTrf/IntrmyAgt2/BrnchId/PstlAdr/Room,Room,Max70Text,0,1
pacs.009.001.13,/Document/FICdtTrf/CdtTrfTxInf/UndrlygCstmrCdtTrf/IntrmyAgt2/BrnchId/PstlAdr/PstCd,PstCd,Max16Text,0,1
pacs.009.001.13,/Document/FICdtTrf/CdtTrfTxInf/UndrlygCstmrCdtTrf/IntrmyAgt2/BrnchId/PstlAdr/TwnNm,TwnNm,Max140Text,0,1
pacs.009.001.13,/Document/FICdtTrf/CdtTrfTxInf/UndrlygCstmrCdtTrf/IntrmyAgt2/BrnchId/PstlAdr/TwnLctnNm,TwnLctnNm,Max140Text,0,1
pacs.009.001.13,/Document/FICdtTrf/CdtTrfTxInf/UndrlygCstmrCdtTrf/IntrmyAgt2/BrnchId/PstlAdr/DstrctNm,DstrctNm,Max140Text,0,1
pacs.009.001.13,/Document/FICdtTrf/CdtTrfTxInf/UndrlygCstmrCdtTrf/IntrmyAgt2/BrnchId/PstlAdr/CtrySubDvsn,CtrySubDvsn,Max35Text,0,1
pacs.009.001.13,/Document/FICdtTrf/CdtTrfTxInf/UndrlygCstmrCdtTrf/IntrmyAgt2/BrnchId/PstlAdr/Ctry,Ctry,CountryCode,0,1
pacs.009.001.13,/Document/FICdtTrf/CdtTrfTxInf/UndrlygCstmrCdtTrf/IntrmyAgt2/BrnchId/PstlAdr/AdrLine,AdrLine,Max70Text,0,7
pacs.009.001.13,/Document/FICdtTrf/CdtTrfTxInf/UndrlygCstmrCdtTrf/IntrmyAgt2Acct,IntrmyAgt2Acct,CashAccount40,0,1
pacs.009.001.13,/Document/FICdtTrf/CdtTrfTxInf/UndrlygCstmrCdtTrf/IntrmyAgt2Acct/Id,Id,AccountIdentification4Choice,0,1
pacs.009.001.13,/Document/FICdtTrf/CdtTrfTxInf/UndrlygCstmrCdtTrf/IntrmyAgt2Acct/Id/IBAN,IBAN,IBAN2007Identifier,1,1
pacs.009.001.13,/Document/FICdtTrf/CdtTrfTxInf/UndrlygCstmrCdtTrf/IntrmyAgt2Acct/Id/Othr,Othr,GenericAccountIdentification1,1,1
pacs.009.001.13,/Document/FICdtTrf/CdtTrfTxInf/UndrlygCstmrCdtTrf/IntrmyAgt2Acct/Id/Othr/Id,Id,Max34Text,1,1
pacs.009.001.13,/Document/FICdtTrf/CdtTrfTxInf/UndrlygCstmrCdtTrf/IntrmyAgt2Acct/Id/Othr/SchmeNm,SchmeNm,AccountSchemeName1Choice,0,1
pacs.009.001.13,/Document/FICdtTrf/CdtTrfTxInf/UndrlygCstmrCdtTrf/IntrmyAgt2Acct/Id/Othr/SchmeNm/Cd,Cd,ExternalAccountIdentification1Code,1,1
pacs.009.001.13,/Document/FICdtTrf/CdtTrfTxInf/UndrlygCstmrCdtTrf/IntrmyAgt2Acct/Id/Othr/SchmeNm/Prtry,Prtry,Max35Text,1,1
pacs.009.001.13,/Document/FICdtTrf/CdtTrfTxInf/UndrlygCstmrCdtTrf/IntrmyAgt2Acct/Id/Othr/Issr,Issr,Max35Text,0,1
pacs.009.001.13,/Document/FICdtTrf/CdtTrfTxInf/UndrlygCstmrCdtTrf/IntrmyAgt2Acct/Tp,Tp,CashAccountType2Choice,0,1
pacs.009.001.13,/Document/FICdtTrf/CdtTrfTxInf/UndrlygCstmrCdtTrf/IntrmyAgt2Acct/Tp/Cd,Cd,ExternalCashAccountType1Code,1,1
pacs.009.001.13,/Document/FICdtTrf/CdtTrfTxInf/UndrlygCstmrCdtTrf/IntrmyAgt2Acct/Tp/Prtry,Prtry,Max35Text,1,1
pacs.009.001.13,/Document/FICdtTrf/CdtTrfTxInf/UndrlygCstmrCdtTrf/IntrmyAgt2Acct/Ccy,Ccy,ActiveOrHistoricCurrencyCode,0,1
pacs.009.001.13,/Document/FICdtTrf/CdtTrfTxInf/UndrlygCstmrCdtTrf/IntrmyAgt2Acct/Nm,Nm,Max70Text,0,1
pacs.009.001.13,/Document/FICdtTrf/CdtTrfTxInf/UndrlygCstmrCdtTrf/IntrmyAgt2Acct/Prxy,Prxy,ProxyAccountIdentification1,0,1
pacs.009.001.13,/Document/FICdtTrf/CdtTrfTxInf/UndrlygCstmrCdtTrf/IntrmyAgt2Acct/Prxy/Tp,Tp,ProxyAccountType1Choice,0,1
pacs.009.001.13,/Document/FICdtTrf/CdtTrfTxInf/UndrlygCstmrCdtTrf/IntrmyAgt2Acct/Prxy/Tp/Cd,Cd,ExternalProxyAccountType1Code,1,1
pacs.009.001.13,/Document/FICdtTrf/CdtTrfTxInf/UndrlygCstmrCdtTrf/IntrmyAgt2Acct/Prxy/Tp/Prtry,Prtry,Max35Text,1,1
pacs.009.001.13,/Document/FICdtTrf/CdtTrfTxInf/UndrlygCstmrCdtTrf/IntrmyAgt2Acct/Prxy/Id,Id,Max2048Text,1,1
pacs.009.001.13,/Document/FICdtTrf/CdtTrfTxInf/UndrlygCstmrCdtTrf/IntrmyAgt3,IntrmyAgt3,BranchAndFinancialInstitutionIdentification8,0,1
pacs.009.001.13,/Document/FICdtTrf/CdtTrfTxInf/UndrlygCstmrCdtTrf/IntrmyAgt3/FinInstnId,FinInstnId,FinancialInstitutionIdentification23,1,1
pacs.009.001.13,/Document/FICdtTrf/CdtTrfTxInf/UndrlygCstmrCdtTrf/IntrmyAgt3/FinInstnId/BICFI,BICFI,BICFIDec2014Identifier,0,1
pacs.009.001.13,/Document/FICdtTrf/CdtTrfTxInf/UndrlygCstmrCdtTrf/IntrmyAgt3/FinInstnId/ClrSysMmbId,ClrSysMmbId,ClearingSystemMemberIdentification2,0,1
pacs.009.001.13,/Document/FICdtTrf/CdtTrfTxInf/UndrlygCstmrCdtTrf/IntrmyAgt3/FinInstnId/ClrSysMmbId/ClrSysId,ClrSysId,ClearingSystemIdentification2Choice,0,1
pacs.009.001.13,/Document/FICdtTrf/CdtTrfTxInf/UndrlygCstmrCdtTrf/IntrmyAgt3/FinInstnId/ClrSysMmbId/ClrSysId/Cd,Cd,ExternalClearingSystemIdentification1Code,1,1
pacs.009.001.13,/Document/FICdtTrf/CdtTrfTxInf/UndrlygCstmrCdtTrf/IntrmyAgt3/FinInstnId/ClrSysMmbId/ClrSysId/Prtry,Prtry,Max35Text,1,1
pacs.009.001.13,/Document/FICdtTrf/CdtTrfTxInf/UndrlygCstmrCdtTrf/IntrmyAgt3/FinInstnId/ClrSysMmbId/MmbId,MmbId,Max35Text,1,1
pacs.009.001.13,/Document/FICdtTrf/CdtTrfTxInf/UndrlygCstmrCdtTrf/IntrmyAgt3/FinInstnId/LEI,LEI,LEIIdentifier,0,1
pacs.009.001.13,/Document/FICdtTrf/CdtTrfTxInf/UndrlygCstmrCdtTrf/IntrmyAgt3/FinInstnId/Nm,Nm,Max140Text,0,1
pacs.009.001.13,/Document/FICdtTrf/CdtTrfTxInf/UndrlygCstmrCdtTrf/IntrmyAgt3/FinInstnId/PstlAdr,PstlAdr,PostalAddress27,0,1
pacs.009.001.13,/Document/FICdtTrf/CdtTrfTxInf/UndrlygCstmrCdtTrf/IntrmyAgt3/FinInstnId/PstlAdr/AdrTp,AdrTp,AddressType3Choice,0,1
pacs.009.001.13,/Document/FICdtTrf/CdtTrfTxInf/UndrlygCstmrCdtTrf/IntrmyAgt3/FinInstnId/PstlAdr/AdrTp/Cd,Cd,AddressType2Code,1,1
pacs.009.001.13,/Document/FICdtTrf/CdtTrfTxInf/UndrlygCstmrCdtTrf/IntrmyAgt3/FinInstnId/PstlAdr/AdrTp/Prtry,Prtry,GenericIdentification30,1,1
pacs.009.001.13,/Document/FICdtTrf/CdtTrfTxInf/UndrlygCstmrCdtTrf/IntrmyAgt3/FinInstnId/PstlAdr/AdrTp/Prtry/Id,Id,Exact4AlphaNumericText,1,1
pacs.009.001.13,/Document/FICdtTrf/CdtTrfTxInf/UndrlygCstmrCdtTrf/IntrmyAgt3/FinInstnId/PstlAdr/AdrTp/Prtry/Issr,Issr,Max35Text,1,1
pacs.009.001.13,/Document/FICdtTrf/CdtTrfTxInf/UndrlygCstmrCdtTrf/IntrmyAgt3/FinInstnId/PstlAdr/AdrTp/Prtry/SchmeNm,SchmeNm,Max35Text,0,1
pacs.009.001.13,/Document/FICdtTrf/CdtTrfTxInf/UndrlygCstmrCdtTrf/IntrmyAgt3/FinInstnId/PstlAdr/CareOf,CareOf,Max140Text,0,1
pacs.009.001.13,/Document/FICdtTrf/CdtTrfTxInf/UndrlygCstmrCdtTrf/IntrmyAgt3/FinInstnId/PstlAdr/Dept,Dept,Max70Text,0,1
pacs.009.001.13,/Document/FICdtTrf/CdtTrfTxInf/UndrlygCstmrCdtTrf/IntrmyAgt3/FinInstnId/PstlAdr/SubDept,SubDept,Max70Text,0,1
pacs.009.001.13,/Document/FICdtTrf/CdtTrfTxInf/UndrlygCstmrCdtTrf/IntrmyAgt3/FinInstnId/PstlAdr/StrtNm,StrtNm,Max140Text,0,1
pacs.009.001.13,/Document/FICdtTrf/CdtTrfTxInf/UndrlygCstmrCdtTrf/IntrmyAgt3/FinInstnId/PstlAdr/BldgNb,BldgNb,Max16Text,0,1
pacs.009.001.13,/Document/FICdtTrf/CdtTrfTxInf/UndrlygCstmrCdtTrf/IntrmyAgt3/FinInstnId/PstlAdr/BldgNm,BldgNm,Max140Text,0,1
pacs.009.001.13,/Document/FICdtTrf/CdtTrfTxInf/UndrlygCstmrCdtTrf/IntrmyAgt3/FinInstnId/PstlAdr/Flr,Flr,Max70Text,0,1
pacs.009.001.13,/Document/FICdtTrf/CdtTrfTxInf/UndrlygCstmrCdtTrf/IntrmyAgt3/FinInstnId/PstlAdr/UnitNb,UnitNb,Max16Text,0,1
pacs.009.001.13,/Document/FICdtTrf/CdtTrfTxInf/UndrlygCstmrCdtTrf/IntrmyAgt3/FinInstnId/PstlAdr/PstBx,PstBx,Max16Text,0,1
pacs.009.001.13,/Document/FICdtTrf/CdtTrfTxInf/UndrlygCstmrCdtTrf/IntrmyAgt3/FinInstnId/PstlAdr/Room,Room,Max70Text,0,1
pacs.009.001.13,/Document/FICdtTrf/CdtTrfTxInf/UndrlygCstmrCdtTrf/IntrmyAgt3/FinInstnId/PstlAdr/PstCd,PstCd,Max16Text,0,1
pacs.009.001.13,/Document/FICdtTrf/CdtTrfTxInf/UndrlygCstmrCdtTrf/IntrmyAgt3/FinInstnId/PstlAdr/TwnNm,TwnNm,Max140Text,0,1
pacs.009.001.13,/Document/FICdtTrf/CdtTrfTxInf/UndrlygCstmrCdtTrf/IntrmyAgt3/FinInstnId/PstlAdr/TwnLctnNm,TwnLctnNm,Max140Text,0,1
pacs.009.001.13,/Document/FICdtTrf/CdtTrfTxInf/UndrlygCstmrCdtTrf/IntrmyAgt3/FinInstnId/PstlAdr/DstrctNm,DstrctNm,Max140Text,0,1
pacs.009.001.13,/Document/FICdtTrf/CdtTrfTxInf/UndrlygCstmrCdtTrf/IntrmyAgt3/FinInstnId/PstlAdr/CtrySubDvsn,CtrySubDvsn,Max35Text,0,1
pacs.009.001.13,/Document/FICdtTrf/CdtTrfTxInf/UndrlygCstmrCdtTrf/IntrmyAgt3/FinInstnId/PstlAdr/Ctry,Ctry,CountryCode,0,1
pacs.009.001.13,/Document/FICdtTrf/CdtTrfTxInf/UndrlygCstmrCdtTrf/IntrmyAgt3/FinInstnId/PstlAdr/AdrLine,AdrLine,Max70Text,0,7
pacs.009.001.13,/Document/FICdtTrf/CdtTrfTxInf/UndrlygCstmrCdtTrf/IntrmyAgt3/FinInstnId/Othr,Othr,GenericFinancialIdentification1,0,1
pacs.009.001.13,/Document/FICdtTrf/CdtTrfTxInf/UndrlygCstmrCdtTrf/IntrmyAgt3/FinInstnId/Othr/Id,Id,Max35Text,1,1
pacs.009.001.13,/Document/FICdtTrf/CdtTrfTxInf/UndrlygCstmrCdtTrf/IntrmyAgt3/FinInstnId/Othr/SchmeNm,SchmeNm,FinancialIdentificationSchemeName1Choice,0,1
pacs.009.001.13,/Document/FICdtTrf/CdtTrfTxInf/UndrlygCstmrCdtTrf/IntrmyAgt3/FinInstnId/Othr/SchmeNm/Cd,Cd,ExternalFinancialInstitutionIdentification1Code,1,1
pacs.009.001.13,/Document/FICdtTrf/CdtTrfTxInf/UndrlygCstmrCdtTrf/IntrmyAgt3/FinInstnId/Othr/SchmeNm/Prtry,Prtry,Max35Text,1,1
pacs.009.001.13,/Document/FICdtTrf/CdtTrfTxInf/UndrlygCstmrCdtTrf/IntrmyAgt3/FinInstnId/Othr/Issr,Issr,Max35Text,0,1
pacs.009.001.13,/Document/FICdtTrf/CdtTrfTxInf/UndrlygCstmrCdtTrf/IntrmyAgt3/BrnchId,BrnchId,BranchData5,0,1
pacs.009.001.13,/Document/FICdtTrf/CdtTrfTxInf/UndrlygCstmrCdtTrf/IntrmyAgt3/BrnchId/Id,Id,Max35Text,0,1
pacs.009.001.13,/Document/FICdtTrf/CdtTrfTxInf/UndrlygCstmrCdtTrf/IntrmyAgt3/BrnchId/LEI,LEI,LEIIdentifier,0,1
pacs.009.001.13,/Document/FICdtTrf/CdtTrfTxInf/UndrlygCstmrCdtTrf/IntrmyAgt3/BrnchId/Nm,Nm,Max140Text,0,1
pacs.009.001.13,/Document/FICdtTrf/CdtTrfTxInf/UndrlygCstmrCdtTrf/IntrmyAgt3/BrnchId/PstlAdr,PstlAdr,PostalAddress27,0,1
pacs.009.001.13,/Document/FICdtTrf/CdtTrfTxInf/UndrlygCstmrCdtTrf/IntrmyAgt3/BrnchId/PstlAdr/AdrTp,AdrTp,AddressType3Choice,0,1
pacs.009.001.13,/Document/FICdtTrf/CdtTrfTxInf/UndrlygCstmrCdtTrf/IntrmyAgt3/BrnchId/PstlAdr/AdrTp/Cd,Cd,AddressType2Code,1,1
pacs.009.001.13,/Document/FICdtTrf/CdtTrfTxInf/UndrlygCstmrCdtTrf/IntrmyAgt3/BrnchId/PstlAdr/AdrTp/Prtry,Prtry,GenericIdentification30,1,1
pacs.009.001.13,/Document/FICdtTrf/CdtTrfTxInf/UndrlygCstmrCdtTrf/IntrmyAgt3/BrnchId/PstlAdr/AdrTp/Prtry/Id,Id,Exact4AlphaNumericText,1,1
pacs.009.001.13,/Document/FICdtTrf/CdtTrfTxInf/UndrlygCstmrCdtTrf/IntrmyAgt3/BrnchId/PstlAdr/AdrTp/Prtry/Issr,Issr,Max35Text,1,1
pacs.009.001.13,/Document/FICdtTrf/CdtTrfTxInf/UndrlygCstmrCdtTrf/IntrmyAgt3/BrnchId/PstlAdr/AdrTp/Prtry/SchmeNm,SchmeNm,Max35Text,0,1
pacs.009.001.13,/Document/FICdtTrf/CdtTrfTxInf/UndrlygCstmrCdtTrf/IntrmyAgt3/BrnchId/PstlAdr/CareOf,CareOf,Max140Text,0,1
pacs.009.001.13,/Document/FICdtTrf/CdtTrfTxInf/UndrlygCstmrCdtTrf/IntrmyAgt3/BrnchId/PstlAdr/Dept,Dept,Max70Text,0,1
pacs.009.001.13,/Document/FICdtTrf/CdtTrfTxInf/UndrlygCstmrCdtTrf/IntrmyAgt3/BrnchId/PstlAdr/SubDept,SubDept,Max70Text,0,1
pacs.009.001.13,/Document/FICdtTrf/CdtTrfTxInf/UndrlygCstmrCdtTrf/IntrmyAgt3/BrnchId/PstlAdr/StrtNm,StrtNm,Max140Text,0,1
pacs.009.001.13,/Document/FICdtTrf/CdtTrfTxInf/UndrlygCstmrCdtTrf/IntrmyAgt3/BrnchId/PstlAdr/BldgNb,BldgNb,Max16Text,0,1
pacs.009.001.13,/Document/FICdtTrf/CdtTrfTxInf/UndrlygCstmrCdtTrf/IntrmyAgt3/BrnchId/PstlAdr/BldgNm,BldgNm,Max140Text,0,1
pacs.009.001.13,/Document/FICdtTrf/CdtTrfTxInf/UndrlygCstmrCdtTrf/IntrmyAgt3/BrnchId/PstlAdr/Flr,Flr,Max70Text,0,1
pacs.009.001.13,/Document/FICdtTrf/CdtTrfTxInf/UndrlygCstmrCdtTrf/IntrmyAgt3/BrnchId/PstlAdr/UnitNb,UnitNb,Max16Text,0,1
pacs.009.001.13,/Document/FICdtTrf/CdtTrfTxInf/UndrlygCstmrCdtTrf/IntrmyAgt3/BrnchId/PstlAdr/PstBx,PstBx,Max16Text,0,1
pacs.009.001.13,/Document/FICdtTrf/CdtTrfTxInf/UndrlygCstmrCdtTrf/IntrmyAgt3/BrnchId/PstlAdr/Room,Room,Max70Text,0,1
pacs.009.001.13,/Document/FICdtTrf/CdtTrfTxInf/UndrlygCstmrCdtTrf/IntrmyAgt3/BrnchId/PstlAdr/PstCd,PstCd,Max16Text,0,1
pacs.009.001.13,/Document/FICdtTrf/CdtTrfTxInf/UndrlygCstmrCdtTrf/IntrmyAgt3/BrnchId/PstlAdr/TwnNm,TwnNm,Max140Text,0,1
pacs.009.001.13,/Document/FICdtTrf/CdtTrfTxInf/UndrlygCstmrCdtTrf/IntrmyAgt3/BrnchId/PstlAdr/TwnLctnNm,TwnLctnNm,Max140Text,0,1
pacs.009.001.13,/Document/FICdtTrf/CdtTrfTxInf/UndrlygCstmrCdtTrf/IntrmyAgt3/BrnchId/PstlAdr/DstrctNm,DstrctNm,Max140Text,0,1
pacs.009.001.13,/Document/FICdtTrf/CdtTrfTxInf/UndrlygCstmrCdtTrf/IntrmyAgt3/BrnchId/PstlAdr/CtrySubDvsn,CtrySubDvsn,Max35Text,0,1
pacs.009.001.13,/Document/FICdtTrf/CdtTrfTxInf/UndrlygCstmrCdtTrf/IntrmyAgt3/BrnchId/PstlAdr/Ctry,Ctry,CountryCode,0,1
pacs.009.001.13,/Document/FICdtTrf/CdtTrfTxInf/UndrlygCstmrCdtTrf/IntrmyAgt3/BrnchId/PstlAdr/AdrLine,AdrLine,Max70Text,0,7
pacs.009.001.13,/Document/FICdtTrf/CdtTrfTxInf/UndrlygCstmrCdtTrf/IntrmyAgt3Acct,IntrmyAgt3Acct,CashAccount40,0,1
pacs.009.001.13,/Document/FICdtTrf/CdtTrfTxInf/UndrlygCstmrCdtTrf/IntrmyAgt3Acct/Id,Id,AccountIdentification4Choice,0,1
pacs.009.001.13,/Document/FICdtTrf/CdtTrfTxInf/UndrlygCstmrCdtTrf/IntrmyAgt3Acct/Id/IBAN,IBAN,IBAN2007Identifier,1,1
pacs.009.001.13,/Document/FICdtTrf/CdtTrfTxInf/UndrlygCstmrCdtTrf/IntrmyAgt3Acct/Id/Othr,Othr,GenericAccountIdentification1,1,1
pacs.009.001.13,/Document/FICdtTrf/CdtTrfTxInf/UndrlygCstmrCdtTrf/IntrmyAgt3Acct/Id/Othr/Id,Id,Max34Text,1,1
pacs.009.001.13,/Document/FICdtTrf/CdtTrfTxInf/UndrlygCstmrCdtTrf/IntrmyAgt3Acct/Id/Othr/SchmeNm,SchmeNm,AccountSchemeName1Choice,0,1
pacs.009.001.13,/Document/FICdtTrf/CdtTrfTxInf/UndrlygCstmrCdtTrf/IntrmyAgt3Acct/Id/Othr/SchmeNm/Cd,Cd,ExternalAccountIdentification1Code,1,1
pacs.009.001.13,/Document/FICdtTrf/CdtTrfTxInf/UndrlygCstmrCdtTrf/IntrmyAgt3Acct/Id/Othr/SchmeNm/Prtry,Prtry,Max35Text,1,1
pacs.009.001.13,/Document/FICdtTrf/CdtTrfTxInf/UndrlygCstmrCdtTrf/IntrmyAgt3Acct/Id/Othr/Issr,Issr,Max35Text,0,1
pacs.009.001.13,/Document/FICdtTrf/CdtTrfTxInf/UndrlygCstmrCdtTrf/IntrmyAgt3Acct/Tp,Tp,CashAccountType2Choice,0,1
pacs.009.001.13,/Document/FICdtTrf/CdtTrfTxInf/UndrlygCstmrCdtTrf/IntrmyAgt3Acct/Tp/Cd,Cd,ExternalCashAccountType1Code,1,1
pacs.009.001.13,/Document/FICdtTrf/CdtTrfTxInf/UndrlygCstmrCdtTrf/IntrmyAgt3Acct/Tp/Prtry,Prtry,Max35Text,1,1
pacs.009.001.13,/Document/FICdtTrf/CdtTrfTxInf/UndrlygCstmrCdtTrf/IntrmyAgt3Acct/Ccy,Ccy,ActiveOrHistoricCurrencyCode,0,1
pacs.009.001.13,/Document/FICdtTrf/CdtTrfTxInf/UndrlygCstmrCdtTrf/IntrmyAgt3Acct/Nm,Nm,Max70Text,0,1
pacs.009.001.13,/Document/FICdtTrf/CdtTrfTxInf/UndrlygCstmrCdtTrf/IntrmyAgt3Acct/Prxy,Prxy,ProxyAccountIdentification1,0,1
pacs.009.001.13,/Document/FICdtTrf/CdtTrfTxInf/UndrlygCstmrCdtTrf/IntrmyAgt3Acct/Prxy/Tp,Tp,ProxyAccountType1Choice,0,1
pacs.009.001.13,/Document/FICdtTrf/CdtTrfTxInf/UndrlygCstmrCdtTrf/IntrmyAgt3Acct/Prxy/Tp/Cd,Cd,ExternalProxyAccountType1Code,1,1
pacs.009.001.13,/Document/FICdtTrf/CdtTrfTxInf/UndrlygCstmrCdtTrf/IntrmyAgt3Acct/Prxy/Tp/Prtry,Prtry,Max35Text,1,1
pacs.009.001.13,/Document/FICdtTrf/CdtTrfTxInf/UndrlygCstmrCdtTrf/IntrmyAgt3Acct/Prxy/Id,Id,Max2048Text,1,1
pacs.009.001.13,/Document/FICdtTrf/CdtTrfTxInf/UndrlygCstmrCdtTrf/CdtrAgt,CdtrAgt,BranchAndFinancialInstitutionIdentification8,1,1
pacs.009.001.13,/Document/FICdtTrf/CdtTrfTxInf/UndrlygCstmrCdtTrf/CdtrAgt/FinInstnId,FinInstnId,FinancialInstitutionIdentification23,1,1
pacs.009.001.13,/Document/FICdtTrf/CdtTrfTxInf/UndrlygCstmrCdtTrf/CdtrAgt/FinInstnId/BICFI,BICFI,BICFIDec2014Identifier,0,1
pacs.009.001.13,/Document/FICdtTrf/CdtTrfTxInf/UndrlygCstmrCdtTrf/CdtrAgt/FinInstnId/ClrSysMmbId,ClrSysMmbId,ClearingSystemMemberIdentification2,0,1
pacs.009.001.13,/Document/FICdtTrf/CdtTrfTxInf/UndrlygCstmrCdtTrf/CdtrAgt/FinInstnId/ClrSysMmbId/ClrSysId,ClrSysId,ClearingSystemIdentification2Choice,0,1
pacs.009.001.13,/Document/FICdtTrf/CdtTrfTxInf/UndrlygCstmrCdtTrf/CdtrAgt/FinInstnId/ClrSysMmbId/ClrSysId/Cd,Cd,ExternalClearingSystemIdentification1Code,1,1
pacs.009.001.13,/Document/FICdtTrf/CdtTrfTxInf/UndrlygCstmrCdtTrf/CdtrAgt/FinInstnId/ClrSysMmbId/ClrSysId/Prtry,Prtry,Max35Text,1,1
pacs.009.001.13,/Document/FICdtTrf/CdtTrfTxInf/UndrlygCstmrCdtTrf/CdtrAgt/FinInstnId/ClrSysMmbId/MmbId,MmbId,Max35Text,1,1
pacs.009.001.13,/Document/FICdtTrf/CdtTrfTxInf/UndrlygCstmrCdtTrf/CdtrAgt/FinInstnId/LEI,LEI,LEIIdentifier,0,1
pacs.009.001.13,/Document/FICdtTrf/CdtTrfTxInf/UndrlygCstmrCdtTrf/CdtrAgt/FinInstnId/Nm,Nm,Max140Text,0,1
pacs.009.001.13,/Document/FICdtTrf/CdtTrfTxInf/UndrlygCstmrCdtTrf/CdtrAgt/FinInstnId/PstlAdr,PstlAdr,PostalAddress27,0,1
pacs.009.001.13,/Document/FICdtTrf/CdtTrfTxInf/UndrlygCstmrCdtTrf/CdtrAgt/FinInstnId/PstlAdr/AdrTp,AdrTp,AddressType3Choice,0,1
pacs.009.001.13,/Document/FICdtTrf/CdtTrfTxInf/UndrlygCstmrCdtTrf/CdtrAgt/FinInstnId/PstlAdr/AdrTp/Cd,Cd,AddressType2Code,1,1
pacs.009.001.13,/Document/FICdtTrf/CdtTrfTxInf/UndrlygCstmrCdtTrf/CdtrAgt/FinInstnId/PstlAdr/AdrTp/Prtry,Prtry,GenericIdentification30,1,1
pacs.009.001.13,/Document/FICdtTrf/CdtTrfTxInf/UndrlygCstmrCdtTrf/CdtrAgt/FinInstnId/PstlAdr/AdrTp/Prtry/Id,Id,Exact4AlphaNumericText,1,1
pacs.009.001.13,/Document/FICdtTrf/CdtTrfTxInf/UndrlygCstmrCdtTrf/CdtrAgt/FinInstnId/PstlAdr/AdrTp/Prtry/Issr,Issr,Max35Text,1,1
pacs.009.001.13,/Document/FICdtTrf/CdtTrfTxInf/UndrlygCstmrCdtTrf/CdtrAgt/FinInstnId/PstlAdr/AdrTp/Prtry/SchmeNm,SchmeNm,Max35Text,0,1
pacs.009.001.13,/Document/FICdtTrf/CdtTrfTxInf/UndrlygCstmrCdtTrf/CdtrAgt/FinInstnId/PstlAdr/CareOf,CareOf,Max140Text,0,1
pacs.009.001.13,/Document/FICdtTrf/CdtTrfTxInf/UndrlygCstmrCdtTrf/CdtrAgt/FinInstnId/PstlAdr/Dept,Dept,Max70Text,0,1
pacs.009.001.13,/Document/FICdtTrf/CdtTrfTxInf/UndrlygCstmrCdtTrf/CdtrAgt/FinInstnId/PstlAdr/SubDept,SubDept,Max70Text,0,1
pacs.009.001.13,/Document/FICdtTrf/CdtTrfTxInf/UndrlygCstmrCdtTrf/CdtrAgt/FinInstnId/PstlAdr/StrtNm,StrtNm,Max140Text,0,1
pacs.009.001.13,/Document/FICdtTrf/CdtTrfTxInf/UndrlygCstmrCdtTrf/CdtrAgt/FinInstnId/PstlAdr/BldgNb,BldgNb,Max16Text,0,1
pacs.009.001.13,/Document/FICdtTrf/CdtTrfTxInf/UndrlygCstmrCdtTrf/CdtrAgt/FinInstnId/PstlAdr/BldgNm,BldgNm,Max140Text,0,1
pacs.009.001.13,/Document/FICdtTrf/CdtTrfTxInf/UndrlygCstmrCdtTrf/CdtrAgt/FinInstnId/PstlAdr/Flr,Flr,Max70Text,0,1
pacs.009.001.13,/Document/FICdtTrf/CdtTrfTxInf/UndrlygCstmrCdtTrf/CdtrAgt/FinInstnId/PstlAdr/UnitNb,UnitNb,Max16Text,0,1
pacs.009.001.13,/Document/FICdtTrf/CdtTrfTxInf/UndrlygCstmrCdtTrf/CdtrAgt/FinInstnId/PstlAdr/PstBx,PstBx,Max16Text,0,1
pacs.009.001.13,/Document/FICdtTrf/CdtTrfTxInf/UndrlygCstmrCdtTrf/CdtrAgt/FinInstnId/PstlAdr/Room,Room,Max70Text,0,1
pacs.009.001.13,/Document/FICdtTrf/CdtTrfTxInf/UndrlygCstmrCdtTrf/CdtrAgt/FinInstnId/PstlAdr/PstCd,PstCd,Max16Text,0,1
pacs.009.001.13,/Document/FICdtTrf/CdtTrfTxInf/UndrlygCstmrCdtTrf/CdtrAgt/FinInstnId/PstlAdr/TwnNm,TwnNm,Max140Text,0,1
pacs.009.001.13,/Document/FICdtTrf/CdtTrfTxInf/UndrlygCstmrCdtTrf/CdtrAgt/FinInstnId/PstlAdr/TwnLctnNm,TwnLctnNm,Max140Text,0,1
pacs.009.001.13,/Document/FICdtTrf/CdtTrfTxInf/UndrlygCstmrCdtTrf/CdtrAgt/FinInstnId/PstlAdr/DstrctNm,DstrctNm,Max140Text,0,1
pacs.009.001.13,/Document/FICdtTrf/CdtTrfTxInf/UndrlygCstmrCdtTrf/CdtrAgt/FinInstnId/PstlAdr/CtrySubDvsn,CtrySubDvsn,Max35Text,0,1
pacs.009.001.13,/Document/FICdtTrf/CdtTrfTxInf/UndrlygCstmrCdtTrf/CdtrAgt/FinInstnId/PstlAdr/Ctry,Ctry,CountryCode,0,1
pacs.009.001.13,/Document/FICdtTrf/CdtTrfTxInf/UndrlygCstmrCdtTrf/CdtrAgt/FinInstnId/PstlAdr/AdrLine,AdrLine,Max70Text,0,7
pacs.009.001.13,/Document/FICdtTrf/CdtTrfTxInf/UndrlygCstmrCdtTrf/CdtrAgt/FinInstnId/Othr,Othr,GenericFinancialIdentification1,0,1
pacs.009.001.13,/Document/FICdtTrf/CdtTrfTxInf/UndrlygCstmrCdtTrf/CdtrAgt/FinInstnId/Othr/Id,Id,Max35Text,1,1
pacs.009.001.13,/Document/FICdtTrf/CdtTrfTxInf/UndrlygCstmrCdtTrf/CdtrAgt/FinInstnId/Othr/SchmeNm,SchmeNm,FinancialIdentificationSchemeName1Choice,0,1
pacs.009.001.13,/Document/FICdtTrf/CdtTrfTxInf/UndrlygCstmrCdtTrf/CdtrAgt/FinInstnId/Othr/SchmeNm/Cd,Cd,ExternalFinancialInstitutionIdentification1Code,1,1
pacs.009.001.13,/Document/FICdtTrf/CdtTrfTxInf/UndrlygCstmrCdtTrf/CdtrAgt/FinInstnId/Othr/SchmeNm/Prtry,Prtry,Max35Text,1,1
pacs.009.001.13,/Document/FICdtTrf/CdtTrfTxInf/UndrlygCstmrCdtTrf/CdtrAgt/FinInstnId/Othr/Issr,Issr,Max35Text,0,1
pacs.009.001.13,/Document/FICdtTrf/CdtTrfTxInf/UndrlygCstmrCdtTrf/CdtrAgt/BrnchId,BrnchId,BranchData5,0,1
pacs.009.001.13,/Document/FICdtTrf/CdtTrfTxInf/UndrlygCstmrCdtTrf/CdtrAgt/BrnchId/Id,Id,Max35Text,0,1
pacs.009.001.13,/Document/FICdtTrf/CdtTrfTxInf/UndrlygCstmrCdtTrf/CdtrAgt/BrnchId/LEI,LEI,LEIIdentifier,0,1
pacs.009.001.13,/Document/FICdtTrf/CdtTrfTxInf/UndrlygCstmrCdtTrf/CdtrAgt/BrnchId/Nm,Nm,Max140Text,0,1
pacs.009.001.13,/Document/FICdtTrf/CdtTrfTxInf/UndrlygCstmrCdtTrf/CdtrAgt/BrnchId/PstlAdr,PstlAdr,PostalAddress27,0,1
pacs.009.001.13,/Document/FICdtTrf/CdtTrfTxInf/UndrlygCstmrCdtTrf/CdtrAgt/BrnchId/PstlAdr/AdrTp,AdrTp,AddressType3Choice,0,1
pacs.009.001.13,/Document/FICdtTrf/CdtTrfTxInf/UndrlygCstmrCdtTrf/CdtrAgt/BrnchId/PstlAdr/AdrTp/Cd,Cd,AddressType2Code,1,1
pacs.009.001.13,/Document/FICdtTrf/CdtTrfTxInf/UndrlygCstmrCdtTrf/CdtrAgt/BrnchId/PstlAdr/AdrTp/Prtry,Prtry,GenericIdentification30,1,1
pacs.009.001.13,/Document/FICdtTrf/CdtTrfTxInf/UndrlygCstmrCdtTrf/CdtrAgt/BrnchId/PstlAdr/AdrTp/Prtry/Id,Id,Exact4AlphaNumericText,1,1
pacs.009.001.13,/Document/FICdtTrf/CdtTrfTxInf/UndrlygCstmrCdtTrf/CdtrAgt/BrnchId/PstlAdr/AdrTp/Prtry/Issr,Issr,Max35Text,1,1
pacs.009.001.13,/Document/FICdtTrf/CdtTrfTxInf/UndrlygCstmrCdtTrf/CdtrAgt/BrnchId/PstlAdr/AdrTp/Prtry/SchmeNm,SchmeNm,Max35Text,0,1
pacs.009.001.13,/Document/FICdtTrf/CdtTrfTxInf/UndrlygCstmrCdtTrf/CdtrAgt/BrnchId/PstlAdr/CareOf,CareOf,Max140Text,0,1
pacs.009.001.13,/Document/FICdtTrf/CdtTrfTxInf/UndrlygCstmrCdtTrf/CdtrAgt/BrnchId/PstlAdr/Dept,Dept,Max70Text,0,1
pacs.009.001.13,/Document/FICdtTrf/CdtTrfTxInf/UndrlygCstmrCdtTrf/CdtrAgt/BrnchId/PstlAdr/SubDept,SubDept,Max70Text,0,1
pacs.009.001.13,/Document/FICdtTrf/CdtTrfTxInf/UndrlygCstmrCdtTrf/CdtrAgt/BrnchId/PstlAdr/StrtNm,StrtNm,Max140Text,0,1
pacs.009.001.13,/Document/FICdtTrf/CdtTrfTxInf/UndrlygCstmrCdtTrf/CdtrAgt/BrnchId/PstlAdr/BldgNb,BldgNb,Max16Text,0,1
pacs.009.001.13,/Document/FICdtTrf/CdtTrfTxInf/UndrlygCstmrCdtTrf/CdtrAgt/BrnchId/PstlAdr/BldgNm,BldgNm,Max140Text,0,1
pacs.009.001.13,/Document/FICdtTrf/CdtTrfTxInf/UndrlygCstmrCdtTrf/CdtrAgt/BrnchId/PstlAdr/Flr,Flr,Max70Text,0,1
pacs.009.001.13,/Document/FICdtTrf/CdtTrfTxInf/UndrlygCstmrCdtTrf/CdtrAgt/BrnchId/PstlAdr/UnitNb,UnitNb,Max16Text,0,1
pacs.009.001.13,/Document/FICdtTrf/CdtTrfTxInf/UndrlygCstmrCdtTrf/CdtrAgt/BrnchId/PstlAdr/PstBx,PstBx,Max16Text,0,1
pacs.009.001.13,/Document/FICdtTrf/CdtTrfTxInf/UndrlygCstmrCdtTrf/CdtrAgt/BrnchId/PstlAdr/Room,Room,Max70Text,0,1
pacs.009.001.13,/Document/FICdtTrf/CdtTrfTxInf/UndrlygCstmrCdtTrf/CdtrAgt/BrnchId/PstlAdr/PstCd,PstCd,Max16Text,0,1
pacs.009.001.13,/Document/FICdtTrf/CdtTrfTxInf/UndrlygCstmrCdtTrf/CdtrAgt/BrnchId/PstlAdr/TwnNm,TwnNm,Max140Text,0,1
pacs.009.001.13,/Document/FICdtTrf/CdtTrfTxInf/UndrlygCstmrCdtTrf/CdtrAgt/BrnchId/PstlAdr/TwnLctnNm,TwnLctnNm,Max140Text,0,1
pacs.009.001.13,/Document/FICdtTrf/CdtTrfTxInf/UndrlygCstmrCdtTrf/CdtrAgt/BrnchId/PstlAdr/DstrctNm,DstrctNm,Max140Text,0,1
pacs.009.001.13,/Document/FICdtTrf/CdtTrfTxInf/UndrlygCstmrCdtTrf/CdtrAgt/BrnchId/PstlAdr/CtrySubDvsn,CtrySubDvsn,Max35Text,0,1
pacs.009.001.13,/Document/FICdtTrf/CdtTrfTxInf/UndrlygCstmrCdtTrf/CdtrAgt/BrnchId/PstlAdr/Ctry,Ctry,CountryCode,0,1
pacs.009.001.13,/Document/FICdtTrf/CdtTrfTxInf/UndrlygCstmrCdtTrf/CdtrAgt/BrnchId/PstlAdr/AdrLine,AdrLine,Max70Text,0,7
pacs.009.001.13,/Document/FICdtTrf/CdtTrfTxInf/UndrlygCstmrCdtTrf/CdtrAgtAcct,CdtrAgtAcct,CashAccount40,0,1
pacs.009.001.13,/Document/FICdtTrf/CdtTrfTxInf/UndrlygCstmrCdtTrf/CdtrAgtAcct/Id,Id,AccountIdentification4Choice,0,1
pacs.009.001.13,/Document/FICdtTrf/CdtTrfTxInf/UndrlygCstmrCdtTrf/CdtrAgtAcct/Id/IBAN,IBAN,IBAN2007Identifier,1,1
pacs.009.001.13,/Document/FICdtTrf/CdtTrfTxInf/UndrlygCstmrCdtTrf/CdtrAgtAcct/Id/Othr,Othr,GenericAccountIdentification1,1,1
pacs.009.001.13,/Document/FICdtTrf/CdtTrfTxInf/UndrlygCstmrCdtTrf/CdtrAgtAcct/Id/Othr/Id,Id,Max34Text,1,1
pacs.009.001.13,/Document/FICdtTrf/CdtTrfTxInf/UndrlygCstmrCdtTrf/CdtrAgtAcct/Id/Othr/SchmeNm,SchmeNm,AccountSchemeName1Choice,0,1
pacs.009.001.13,/Document/FICdtTrf/CdtTrfTxInf/UndrlygCstmrCdtTrf/CdtrAgtAcct/Id/Othr/SchmeNm/Cd,Cd,ExternalAccountIdentification1Code,1,1
pacs.009.001.13,/Document/FICdtTrf/CdtTrfTxInf/UndrlygCstmrCdtTrf/CdtrAgtAcct/Id/Othr/SchmeNm/Prtry,Prtry,Max35Text,1,1
pacs.009.001.13,/Document/FICdtTrf/CdtTrfTxInf/UndrlygCstmrCdtTrf/CdtrAgtAcct/Id/Othr/Issr,Issr,Max35Text,0,1
pacs.009.001.13,/Document/FICdtTrf/CdtTrfTxInf/UndrlygCstmrCdtTrf/CdtrAgtAcct/Tp,Tp,CashAccountType2Choice,0,1
pacs.009.001.13,/Document/FICdtTrf/CdtTrfTxInf/UndrlygCstmrCdtTrf/CdtrAgtAcct/Tp/Cd,Cd,ExternalCashAccountType1Code,1,1
pacs.009.001.13,/Document/FICdtTrf/CdtTrfTxInf/UndrlygCstmrCdtTrf/CdtrAgtAcct/Tp/Prtry,Prtry,Max35Text,1,1
pacs.009.001.13,/Document/FICdtTrf/CdtTrfTxInf/UndrlygCstmrCdtTrf/CdtrAgtAcct/Ccy,Ccy,ActiveOrHistoricCurrencyCode,0,1
pacs.009.001.13,/Document/FICdtTrf/CdtTrfTxInf/UndrlygCstmrCdtTrf/CdtrAgtAcct/Nm,Nm,Max70Text,0,1
pacs.009.001.13,/Document/FICdtTrf/CdtTrfTxInf/UndrlygCstmrCdtTrf/CdtrAgtAcct/Prxy,Prxy,ProxyAccountIdentification1,0,1
pacs.009.001.13,/Document/FICdtTrf/CdtTrfTxInf/UndrlygCstmrCdtTrf/CdtrAgtAcct/Prxy/Tp,Tp,ProxyAccountType1Choice,0,1
pacs.009.001.13,/Document/FICdtTrf/CdtTrfTxInf/UndrlygCstmrCdtTrf/CdtrAgtAcct/Prxy/Tp/Cd,Cd,ExternalProxyAccountType1Code,1,1
pacs.009.001.13,/Document/FICdtTrf/CdtTrfTxInf/UndrlygCstmrCdtTrf/CdtrAgtAcct/Prxy/Tp/Prtry,Prtry,Max35Text,1,1
pacs.009.001.13,/Document/FICdtTrf/CdtTrfTxInf/UndrlygCstmrCdtTrf/CdtrAgtAcct/Prxy/Id,Id,Max2048Text,1,1
pacs.009.001.13,/Document/FICdtTrf/CdtTrfTxInf/UndrlygCstmrCdtTrf/Cdtr,Cdtr,PartyIdentification272,1,1
pacs.009.001.13,/Document/FICdtTrf/CdtTrfTxInf/UndrlygCstmrCdtTrf/Cdtr/Nm,Nm,Max140Text,0,1
pacs.009.001.13,/Document/FICdtTrf/CdtTrfTxInf/UndrlygCstmrCdtTrf/Cdtr/PstlAdr,PstlAdr,PostalAddress27,0,1
pacs.009.001.13,/Document/FICdtTrf/CdtTrfTxInf/UndrlygCstmrCdtTrf/Cdtr/PstlAdr/AdrTp,AdrTp,AddressType3Choice,0,1
pacs.009.001.13,/Document/FICdtTrf/CdtTrfTxInf/UndrlygCstmrCdtTrf/Cdtr/PstlAdr/AdrTp/Cd,Cd,AddressType2Code,1,1
pacs.009.001.13,/Document/FICdtTrf/CdtTrfTxInf/UndrlygCstmrCdtTrf/Cdtr/PstlAdr/AdrTp/Prtry,Prtry,GenericIdentification30,1,1
pacs.009.001.13,/Document/FICdtTrf/CdtTrfTxInf/UndrlygCstmrCdtTrf/Cdtr/PstlAdr/AdrTp/Prtry/Id,Id,Exact4AlphaNumericText,1,1
pacs.009.001.13,/Document/FICdtTrf/CdtTrfTxInf/UndrlygCstmrCdtTrf/Cdtr/PstlAdr/AdrTp/Prtry/Issr,Issr,Max35Text,1,1
pacs.009.001.13,/Document/FICdtTrf/CdtTrfTxInf/UndrlygCstmrCdtTrf/Cdtr/PstlAdr/AdrTp/Prtry/SchmeNm,SchmeNm,Max35Text,0,1
pacs.009.001.13,/Document/FICdtTrf/CdtTrfTxInf/UndrlygCstmrCdtTrf/Cdtr/PstlAdr/CareOf,CareOf,Max140Text,0,1
pacs.009.001.13,/Document/FICdtTrf/CdtTrfTxInf/UndrlygCstmrCdtTrf/Cdtr/PstlAdr/Dept,Dept,Max70Text,0,1
pacs.009.001.13,/Document/FICdtTrf/CdtTrfTxInf/UndrlygCstmrCdtTrf/Cdtr/PstlAdr/SubDept,SubDept,Max70Text,0,1
pacs.009.001.13,/Document/FICdtTrf/CdtTrfTxInf/UndrlygCstmrCdtTrf/Cdtr/PstlAdr/StrtNm,StrtNm,Max140Text,0,1
pacs.009.001.13,/Document/FICdtTrf/CdtTrfTxInf/UndrlygCstmrCdtTrf/Cdtr/PstlAdr/BldgNb,BldgNb,Max16Text,0,1
pacs.009.001.13,/Document/FICdtTrf/CdtTrfTxInf/UndrlygCstmrCdtTrf/Cdtr/PstlAdr/BldgNm,BldgNm,Max140Text,0,1
pacs.009.001.13,/Document/FICdtTrf/CdtTrfTxInf/UndrlygCstmrCdtTrf/Cdtr/PstlAdr/Flr,Flr,Max70Text,0,1
pacs.009.001.13,/Document/FICdtTrf/CdtTrfTxInf/UndrlygCstmrCdtTrf/Cdtr/PstlAdr/UnitNb,UnitNb,Max16Text,0,1
pacs.009.001.13,/Document/FICdtTrf/CdtTrfTxInf/UndrlygCstmrCdtTrf/Cdtr/PstlAdr/PstBx,PstBx,Max16Text,0,1
pacs.009.001.13,/Document/FICdtTrf/CdtTrfTxInf/UndrlygCstmrCdtTrf/Cdtr/PstlAdr/Room,Room,Max70Text,0,1
pacs.009.001.13,/Document/FICdtTrf/CdtTrfTxInf/UndrlygCstmrCdtTrf/Cdtr/PstlAdr/PstCd,PstCd,Max16Text,0,1
pacs.009.001.13,/Document/FICdtTrf/CdtTrfTxInf/UndrlygCstmrCdtTrf/Cdtr/PstlAdr/TwnNm,TwnNm,Max140Text,0,1
pacs.009.001.13,/Document/FICdtTrf/CdtTrfTxInf/UndrlygCstmrCdtTrf/Cdtr/PstlAdr/TwnLctnNm,TwnLctnNm,Max140Text,0,1
pacs.009.001.13,/Document/FICdtTrf/CdtTrfTxInf/UndrlygCstmrCdtTrf/Cdtr/PstlAdr/DstrctNm,DstrctNm,Max140Text,0,1
pacs.009.001.13,/Document/FICdtTrf/CdtTrfTxInf/UndrlygCstmrCdtTrf/Cdtr/PstlAdr/CtrySubDvsn,CtrySubDvsn,Max35Text,0,1
pacs.009.001.13,/Document/FICdtTrf/CdtTrfTxInf/UndrlygCstmrCdtTrf/Cdtr/PstlAdr/Ctry,Ctry,CountryCode,0,1
pacs.009.001.13,/Document/FICdtTrf/CdtTrfTxInf/UndrlygCstmrCdtTrf/Cdtr/PstlAdr/AdrLine,AdrLine,Max70Text,0,7
pacs.009.001.13,/Document/FICdtTrf/CdtTrfTxInf/UndrlygCstmrCdtTrf/Cdtr/Id,Id,Party52Choice,0,1
pacs.009.001.13,/Document/FICdtTrf/CdtTrfTxInf/UndrlygCstmrCdtTrf/Cdtr/Id/OrgId,OrgId,OrganisationIdentification39,1,1
pacs.009.001.13,/Document/FICdtTrf/CdtTrfTxInf/UndrlygCstmrCdtTrf/Cdtr/Id/OrgId/AnyBIC,AnyBIC,AnyBICDec2014Identifier,0,1
pacs.009.001.13,/Document/FICdtTrf/CdtTrfTxInf/UndrlygCstmrCdtTrf/Cdtr/Id/OrgId/LEI,LEI,LEIIdentifier,0,1
pacs.009.001.13,/Document/FICdtTrf/CdtTrfTxInf/UndrlygCstmrCdtTrf/Cdtr/Id/OrgId/Othr,Othr,GenericOrganisationIdentification3,0,
pacs.009.001.13,/Document/FICdtTrf/CdtTrfTxInf/UndrlygCstmrCdtTrf/Cdtr/Id/OrgId/Othr/Id,Id,Max256Text,1,1
pacs.009.001.13,/Document/FICdtTrf/CdtTrfTxInf/UndrlygCstmrCdtTrf/Cdtr/Id/OrgId/Othr/SchmeNm,SchmeNm,OrganisationIdentificationSchemeName1Choice,0,1
pacs.009.001.13,/Document/FICdtTrf/CdtTrfTxInf/UndrlygCstmrCdtTrf/Cdtr/Id/OrgId/Othr/SchmeNm/Cd,Cd,ExternalOrganisationIdentification1Code,1,1
pacs.009.001.13,/Document/FICdtTrf/CdtTrfTxInf/UndrlygCstmrCdtTrf/Cdtr/Id/OrgId/Othr/SchmeNm/Prtry,Prtry,Max35Text,1,1
pacs.009.001.13,/Document/FICdtTrf/CdtTrfTxInf/UndrlygCstmrCdtTrf/Cdtr/Id/OrgId/Othr/Issr,Issr,Max35Text,0,1
pacs.009.001.13,/Document/FICdtTrf/CdtTrfTxInf/UndrlygCstmrCdtTrf/Cdtr/Id/PrvtId,PrvtId,PersonIdentification18,1,1
pacs.009.001.13,/Document/FICdtTrf/CdtTrfTxInf/UndrlygCstmrCdtTrf/Cdtr/Id/PrvtId/DtAndPlcOfBirth,DtAndPlcOfBirth,DateAndPlaceOfBirth1,0,1
pacs.009.001.13,/Document/FICdtTrf/CdtTrfTxInf/UndrlygCstmrCdtTrf/Cdtr/Id/PrvtId/DtAndPlcOfBirth/BirthDt,BirthDt,ISODate,1,1
pacs.009.001.13,/Document/FICdtTrf/CdtTrfTxInf/UndrlygCstmrCdtTrf/Cdtr/Id/PrvtId/DtAndPlcOfBirth/PrvcOfBirth,PrvcOfBirth,Max35Text,0,1
pacs.009.001.13,/Document/FICdtTrf/CdtTrfTxInf/UndrlygCstmrCdtTrf/Cdtr/Id/PrvtId/DtAndPlcOfBirth/CityOfBirth,CityOfBirth,Max35Text,1,1
pacs.009.001.13,/Document/FICdtTrf/CdtTrfTxInf/UndrlygCstmrCdtTrf/Cdtr/Id/PrvtId/DtAndPlcOfBirth/CtryOfBirth,CtryOfBirth,CountryCode,1,1
pacs.009.001.13,/Document/FICdtTrf/CdtTrfTxInf/UndrlygCstmrCdtTrf/Cdtr/Id/PrvtId/Othr,Othr,GenericPersonIdentification2,0,
pacs.009.001.13,/Document/FICdtTrf/CdtTrfTxInf/UndrlygCstmrCdtTrf/Cdtr/Id/PrvtId/Othr/Id,Id,Max256Text,1,1
pacs.009.001.13,/Document/FICdtTrf/CdtTrfTxInf/UndrlygCstmrCdtTrf/Cdtr/Id/PrvtId/Othr/SchmeNm,SchmeNm,PersonIdentificationSchemeName1Choice,0,1
pacs.009.001.13,/Document/FICdtTrf/CdtTrfTxInf/UndrlygCstmrCdtTrf/Cdtr/Id/PrvtId/Othr/SchmeNm/Cd,Cd,ExternalPersonIdentification1Code,1,1
pacs.009.001.13,/Document/FICdtTrf/CdtTrfTxInf/UndrlygCstmrCdtTrf/Cdtr/Id/PrvtId/Othr/SchmeNm/Prtry,Prtry,Max35Text,1,1
pacs.009.001.13,/Document/FICdtTrf/CdtTrfTxInf/UndrlygCstmrCdtTrf/Cdtr/Id/PrvtId/Othr/Issr,Issr,Max35Text,0,1
pacs.009.001.13,/Document/FICdtTrf/CdtTrfTxInf/UndrlygCstmrCdtTrf/Cdtr/CtryOfRes,CtryOfRes,CountryCode,0,1
pacs.009.001.13,/Document/FICdtTrf/CdtTrfTxInf/UndrlygCstmrCdtTrf/Cdtr/CtctDtls,CtctDtls,Contact13,0,1
pacs.009.001.13,/Document/FICdtTrf/CdtTrfTxInf/UndrlygCstmrCdtTrf/Cdtr/CtctDtls/NmPrfx,NmPrfx,NamePrefix2Code,0,1
pacs.009.001.13,/Document/FICdtTrf/CdtTrfTxInf/UndrlygCstmrCdtTrf/Cdtr/CtctDtls/Nm,Nm,Max140Text,0,1
pacs.009.001.13,/Document/FICdtTrf/CdtTrfTxInf/UndrlygCstmrCdtTrf/Cdtr/CtctDtls/PhneNb,PhneNb,PhoneNumber,0,1
pacs.009.001.13,/Document/FICdtTrf/CdtTrfTxInf/UndrlygCstmrCdtTrf/Cdtr/CtctDtls/MobNb,MobNb,PhoneNumber,0,1
pacs.009.001.13,/Document/FICdtTrf/CdtTrfTxInf/UndrlygCstmrCdtTrf/Cdtr/CtctDtls/FaxNb,FaxNb,PhoneNumber,0,1
pacs.009.001.13,/Document/FICdtTrf/CdtTrfTxInf/UndrlygCstmrCdtTrf/Cdtr/CtctDtls/URLAdr,URLAdr,Max2048Text,0,1
pacs.009.001.13,/Document/FICdtTrf/CdtTrfTxInf/UndrlygCstmrCdtTrf/Cdtr/CtctDtls/EmailAdr,EmailAdr,Max256Text,0,1
pacs.009.001.13,/Document/FICdtTrf/CdtTrfTxInf/UndrlygCstmrCdtTrf/Cdtr/CtctDtls/EmailPurp,EmailPurp,Max35Text,0,1
pacs.009.001.13,/Document/FICdtTrf/CdtTrfTxInf/UndrlygCstmrCdtTrf/Cdtr/CtctDtls/JobTitl,JobTitl,Max35Text,0,1
pacs.009.001.13,/Document/FICdtTrf/CdtTrfTxInf/UndrlygCstmrCdtTrf/Cdtr/CtctDtls/Rspnsblty,Rspnsblty,Max35Text,0,1
pacs.009.001.13,/Document/FICdtTrf/CdtTrfTxInf/UndrlygCstmrCdtTrf/Cdtr/CtctDtls/Dept,Dept,Max70Text,0,1
pacs.009.001.13,/Document/FICdtTrf/CdtTrfTxInf/UndrlygCstmrCdtTrf/Cdtr/CtctDtls/Othr,Othr,OtherContact1,0,
pacs.009.001.13,/Document/FICdtTrf/CdtTrfTxInf/UndrlygCstmrCdtTrf/Cdtr/CtctDtls/Othr/ChanlTp,ChanlTp,Max4Text,1,1
pacs.009.001.13,/Document/FICdtTrf/CdtTrfTxInf/UndrlygCstmrCdtTrf/Cdtr/CtctDtls/Othr/Id,Id,Max128Text,0,1
pacs.009.001.13,/Document/FICdtTrf/CdtTrfTxInf/UndrlygCstmrCdtTrf/Cdtr/CtctDtls/PrefrdMtd,PrefrdMtd,PreferredContactMethod2Code,0,1
pacs.009.001.13,/Document/FICdtTrf/CdtTrfTxInf/UndrlygCstmrCdtTrf/CdtrAcct,CdtrAcct,CashAccount40,0,1
pacs.009.001.13,/Document/FICdtTrf/CdtTrfTxInf/UndrlygCstmrCdtTrf/CdtrAcct/Id,Id,AccountIdentification4Choice,0,1
pacs.009.001.13,/Document/FICdtTrf/CdtTrfTxInf/UndrlygCstmrCdtTrf/CdtrAcct/Id/IBAN,IBAN,IBAN2007Identifier,1,1
pacs.009.001.13,/Document/FICdtTrf/CdtTrfTxInf/UndrlygCstmrCdtTrf/CdtrAcct/Id/Othr,Othr,GenericAccountIdentification1,1,1
pacs.009.001.13,/Document/FICdtTrf/CdtTrfTxInf/UndrlygCstmrCdtTrf/CdtrAcct/Id/Othr/Id,Id,Max34Text,1,1
pacs.009.001.13,/Document/FICdtTrf/CdtTrfTxInf/UndrlygCstmrCdtTrf/CdtrAcct/Id/Othr/SchmeNm,SchmeNm,AccountSchemeName1Choice,0,1
pacs.009.001.13,/Document/FICdtTrf/CdtTrfTxInf/UndrlygCstmrCdtTrf/CdtrAcct/Id/Othr/SchmeNm/Cd,Cd,ExternalAccountIdentification1Code,1,1
pacs.009.001.13,/Document/FICdtTrf/CdtTrfTxInf/UndrlygCstmrCdtTrf/CdtrAcct/Id/Othr/SchmeNm/Prtry,Prtry,Max35Text,1,1
pacs.009.001.13,/Document/FICdtTrf/CdtTrfTxInf/UndrlygCstmrCdtTrf/CdtrAcct/Id/Othr/Issr,Issr,Max35Text,0,1
pacs.009.001.13,/Document/FICdtTrf/CdtTrfTxInf/UndrlygCstmrCdtTrf/CdtrAcct/Tp,Tp,CashAccountType2Choice,0,1
pacs.009.001.13,/Document/FICdtTrf/CdtTrfTxInf/UndrlygCstmrCdtTrf/CdtrAcct/Tp/Cd,Cd,ExternalCashAccountType1Code,1,1
pacs.009.001.13,/Document/FICdtTrf/CdtTrfTxInf/UndrlygCstmrCdtTrf/CdtrAcct/Tp/Prtry,Prtry,Max35Text,1,1
pacs.009.001.13,/Document/FICdtTrf/CdtTrfTxInf/UndrlygCstmrCdtTrf/CdtrAcct/Ccy,Ccy,ActiveOrHistoricCurrencyCode,0,1
pacs.009.001.13,/Document/FICdtTrf/CdtTrfTxInf/UndrlygCstmrCdtTrf/CdtrAcct/Nm,Nm,Max70Text,0,1
pacs.009.001.13,/Document/FICdtTrf/CdtTrfTxInf/UndrlygCstmrCdtTrf/CdtrAcct/Prxy,Prxy,ProxyAccountIdentification1,0,1
pacs.009.001.13,/Document/FICdtTrf/CdtTrfTxInf/UndrlygCstmrCdtTrf/CdtrAcct/Prxy/Tp,Tp,ProxyAccountType1Choice,0,1
pacs.009.001.13,/Document/FICdtTrf/CdtTrfTxInf/UndrlygCstmrCdtTrf/CdtrAcct/Prxy/Tp/Cd,Cd,ExternalProxyAccountType1Code,1,1
pacs.009.001.13,/Document/FICdtTrf/CdtTrfTxInf/UndrlygCstmrCdtTrf/CdtrAcct/Prxy/Tp/Prtry,Prtry,Max35Text,1,1
pacs.009.001.13,/Document/FICdtTrf/CdtTrfTxInf/UndrlygCstmrCdtTrf/CdtrAcct/Prxy/Id,Id,Max2048Text,1,1
pacs.009.001.13,/Document/FICdtTrf/CdtTrfTxInf/UndrlygCstmrCdtTrf/UltmtCdtr,UltmtCdtr,PartyIdentification272,0,1
pacs.009.001.13,/Document/FICdtTrf/CdtTrfTxInf/UndrlygCstmrCdtTrf/UltmtCdtr/Nm,Nm,Max140Text,0,1
pacs.009.001.13,/Document/FICdtTrf/CdtTrfTxInf/UndrlygCstmrCdtTrf/UltmtCdtr/PstlAdr,PstlAdr,PostalAddress27,0,1
pacs.009.001.13,/Document/FICdtTrf/CdtTrfTxInf/UndrlygCstmrCdtTrf/UltmtCdtr/PstlAdr/AdrTp,AdrTp,AddressType3Choice,0,1
pacs.009.001.13,/Document/FICdtTrf/CdtTrfTxInf/UndrlygCstmrCdtTrf/UltmtCdtr/PstlAdr/AdrTp/Cd,Cd,AddressType2Code,1,1
pacs.009.001.13,/Document/FICdtTrf/CdtTrfTxInf/UndrlygCstmrCdtTrf/UltmtCdtr/PstlAdr/AdrTp/Prtry,Prtry,GenericIdentification30,1,1
pacs.009.001.13,/Document/FICdtTrf/CdtTrfTxInf/UndrlygCstmrCdtTrf/UltmtCdtr/PstlAdr/AdrTp/Prtry/Id,Id,Exact4AlphaNumericText,1,1
pacs.009.001.13,/Document/FICdtTrf/CdtTrfTxInf/UndrlygCstmrCdtTrf/UltmtCdtr/PstlAdr/AdrTp/Prtry/Issr,Issr,Max35Text,1,1
pacs.009.001.13,/Document/FICdtTrf/CdtTrfTxInf/UndrlygCstmrCdtTrf/UltmtCdtr/PstlAdr/AdrTp/Prtry/SchmeNm,SchmeNm,Max35Text,0,1
pacs.009.001.13,/Document/FICdtTrf/CdtTrfTxInf/UndrlygCstmrCdtTrf/UltmtCdtr/PstlAdr/CareOf,CareOf,Max140Text,0,1
pacs.009.001.13,/Document/FICdtTrf/CdtTrfTxInf/UndrlygCstmrCdtTrf/UltmtCdtr/PstlAdr/Dept,Dept,Max70Text,0,1
pacs.009.001.13,/Document/FICdtTrf/CdtTrfTxInf/UndrlygCstmrCdtTrf/UltmtCdtr/PstlAdr/SubDept,SubDept,Max70Text,0,1
pacs.009.001.13,/Document/FICdtTrf/CdtTrfTxInf/UndrlygCstmrCdtTrf/UltmtCdtr/PstlAdr/StrtNm,StrtNm,Max140Text,0,1
pacs.009.001.13,/Document/FICdtTrf/CdtTrfTxInf/UndrlygCstmrCdtTrf/UltmtCdtr/PstlAdr/BldgNb,BldgNb,Max16Text,0,1
pacs.009.001.13,/Document/FICdtTrf/CdtTrfTxInf/UndrlygCstmrCdtTrf/UltmtCdtr/PstlAdr/BldgNm,BldgNm,Max140Text,0,1
pacs.009.001.13,/Document/FICdtTrf/CdtTrfTxInf/UndrlygCstmrCdtTrf/UltmtCdtr/PstlAdr/Flr,Flr,Max70Text,0,1
pacs.009.001.13,/Document/FICdtTrf/CdtTrfTxInf/UndrlygCstmrCdtTrf/UltmtCdtr/PstlAdr/UnitNb,UnitNb,Max16Text,0,1
pacs.009.001.13,/Document/FICdtTrf/CdtTrfTxInf/UndrlygCstmrCdtTrf/UltmtCdtr/PstlAdr/PstBx,PstBx,Max16Text,0,1
pacs.009.001.13,/Document/FICdtTrf/CdtTrfTxInf/UndrlygCstmrCdtTrf/UltmtCdtr/PstlAdr/Room,Room,Max70Text,0,1
pacs.009.001.13,/Document/FICdtTrf/CdtTrfTxInf/UndrlygCstmrCdtTrf/UltmtCdtr/PstlAdr/PstCd,PstCd,Max16Text,0,1
pacs.009.001.13,/Document/FICdtTrf/CdtTrfTxInf/UndrlygCstmrCdtTrf/UltmtCdtr/PstlAdr/TwnNm,TwnNm,Max140Text,0,1
pacs.009.001.13,/Document/FICdtTrf/CdtTrfTxInf/UndrlygCstmrCdtTrf/UltmtCdtr/PstlAdr/TwnLctnNm,TwnLctnNm,Max140Text,0,1
pacs.009.001.13,/Document/FICdtTrf/CdtTrfTxInf/UndrlygCstmrCdtTrf/UltmtCdtr/PstlAdr/DstrctNm,DstrctNm,Max140Text,0,1
pacs.009.001.13,/Document/FICdtTrf/CdtTrfTxInf/UndrlygCstmrCdtTrf/UltmtCdtr/PstlAdr/CtrySubDvsn,CtrySubDvsn,Max35Text,0,1
pacs.009.001.13,/Document/FICdtTrf/CdtTrfTxInf/UndrlygCstmrCdtTrf/UltmtCdtr/PstlAdr/Ctry,Ctry,CountryCode,0,1
pacs.009.001.13,/Document/FICdtTrf/CdtTrfTxInf/UndrlygCstmrCdtTrf/UltmtCdtr/PstlAdr/AdrLine,AdrLine,Max70Text,0,7
pacs.009.001.13,/Document/FICdtTrf/CdtTrfTxInf/UndrlygCstmrCdtTrf/UltmtCdtr/Id,Id,Party52Choice,0,1
pacs.009.001.13,/Document/FICdtTrf/CdtTrfTxInf/UndrlygCstmrCdtTrf/UltmtCdtr/Id/OrgId,OrgId,OrganisationIdentification39,1,1
pacs.009.001.13,/Document/FICdtTrf/CdtTrfTxInf/UndrlygCstmrCdtTrf/UltmtCdtr/Id/OrgId/AnyBIC,AnyBIC,AnyBICDec2014Identifier,0,1
pacs.009.001.13,/Document/FICdtTrf/CdtTrfTxInf/UndrlygCstmrCdtTrf/UltmtCdtr/Id/OrgId/LEI,LEI,LEIIdentifier,0,1
pacs.009.001.13,/Document/FICdtTrf/CdtTrfTxInf/UndrlygCstmrCdtTrf/UltmtCdtr/Id/OrgId/Othr,Othr,GenericOrganisationIdentification3,0,
pacs.009.001.13,/Document/FICdtTrf/CdtTrfTxInf/UndrlygCstmrCdtTrf/UltmtCdtr/Id/OrgId/Othr/Id,Id,Max256Text,1,1
pacs.009.001.13,/Document/FICdtTrf/CdtTrfTxInf/UndrlygCstmrCdtTrf/UltmtCdtr/Id/OrgId/Othr/SchmeNm,SchmeNm,OrganisationIdentificationSchemeName1Choice,0,1
pacs.009.001.13,/Document/FICdtTrf/CdtTrfTxInf/UndrlygCstmrCdtTrf/UltmtCdtr/Id/OrgId/Othr/SchmeNm/Cd,Cd,ExternalOrganisationIdentification1Code,1,1
pacs.009.001.13,/Document/FICdtTrf/CdtTrfTxInf/UndrlygCstmrCdtTrf/UltmtCdtr/Id/OrgId/Othr/SchmeNm/Prtry,Prtry,Max35Text,1,1
pacs.009.001.13,/Document/FICdtTrf/CdtTrfTxInf/UndrlygCstmrCdtTrf/UltmtCdtr/Id/OrgId/Othr/Issr,Issr,Max35Text,0,1
pacs.009.001.13,/Document/FICdtTrf/CdtTrfTxInf/UndrlygCstmrCdtTrf/UltmtCdtr/Id/PrvtId,PrvtId,PersonIdentification18,1,1
pacs.009.001.13,/Document/FICdtTrf/CdtTrfTxInf/UndrlygCstmrCdtTrf/UltmtCdtr/Id/PrvtId/DtAndPlcOfBirth,DtAndPlcOfBirth,DateAndPlaceOfBirth1,0,1
pacs.009.001.13,/Document/FICdtTrf/CdtTrfTxInf/UndrlygCstmrCdtTrf/UltmtCdtr/Id/PrvtId/DtAndPlcOfBirth/BirthDt,BirthDt,ISODate,1,1
pacs.009.001.13,/Document/FICdtTrf/CdtTrfTxInf/UndrlygCstmrCdtTrf/UltmtCdtr/Id/PrvtId/DtAndPlcOfBirth/PrvcOfBirth,PrvcOfBirth,Max35Text,0,1
pacs.009.001.13,/Document/FICdtTrf/CdtTrfTxInf/UndrlygCstmrCdtTrf/UltmtCdtr/Id/PrvtId/DtAndPlcOfBirth/CityOfBirth,CityOfBirth,Max35Text,1,1
pacs.009.001.13,/Document/FICdtTrf/CdtTrfTxInf/UndrlygCstmrCdtTrf/UltmtCdtr/Id/PrvtId/DtAndPlcOfBirth/CtryOfBirth,CtryOfBirth,CountryCode,1,1
pacs.009.001.13,/Document/FICdtTrf/CdtTrfTxInf/UndrlygCstmrCdtTrf/UltmtCdtr/Id/PrvtId/Othr,Othr,GenericPersonIdentification2,0,
pacs.009.001.13,/Document/FICdtTrf/CdtTrfTxInf/UndrlygCstmrCdtTrf/UltmtCdtr/Id/PrvtId/Othr/Id,Id,Max256Text,1,1
pacs.009.001.13,/Document/FICdtTrf/CdtTrfTxInf/UndrlygCstmrCdtTrf/UltmtCdtr/Id/PrvtId/Othr/SchmeNm,SchmeNm,PersonIdentificationSchemeName1Choice,0,1
pacs.009.001.13,/Document/FICdtTrf/CdtTrfTxInf/UndrlygCstmrCdtTrf/UltmtCdtr/Id/PrvtId/Othr/SchmeNm/Cd,Cd,ExternalPersonIdentification1Code,1,1
pacs.009.001.13,/Document/FICdtTrf/CdtTrfTxInf/UndrlygCstmrCdtTrf/UltmtCdtr/Id/PrvtId/Othr/SchmeNm/Prtry,Prtry,Max35Text,1,1
pacs.009.001.13,/Document/FICdtTrf/CdtTrfTxInf/UndrlygCstmrCdtTrf/UltmtCdtr/Id/PrvtId/Othr/Issr,Issr,Max35Text,0,1
pacs.009.001.13,/Document/FICdtTrf/CdtTrfTxInf/UndrlygCstmrCdtTrf/UltmtCdtr/CtryOfRes,CtryOfRes,CountryCode,0,1
pacs.009.001.13,/Document/FICdtTrf/CdtTrfTxInf/UndrlygCstmrCdtTrf/UltmtCdtr/CtctDtls,CtctDtls,Contact13,0,1
pacs.009.001.13,/Document/FICdtTrf/CdtTrfTxInf/UndrlygCstmrCdtTrf/UltmtCdtr/CtctDtls/NmPrfx,NmPrfx,NamePrefix2Code,0,1
pacs.009.001.13,/Document/FICdtTrf/CdtTrfTxInf/UndrlygCstmrCdtTrf/UltmtCdtr/CtctDtls/Nm,Nm,Max140Text,0,1
pacs.009.001.13,/Document/FICdtTrf/CdtTrfTxInf/UndrlygCstmrCdtTrf/UltmtCdtr/CtctDtls/PhneNb,PhneNb,PhoneNumber,0,1
pacs.009.001.13,/Document/FICdtTrf/CdtTrfTxInf/UndrlygCstmrCdtTrf/UltmtCdtr/CtctDtls/MobNb,MobNb,PhoneNumber,0,1
pacs.009.001.13,/Document/FICdtTrf/CdtTrfTxInf/UndrlygCstmrCdtTrf/UltmtCdtr/CtctDtls/FaxNb,FaxNb,PhoneNumber,0,1
pacs.009.001.13,/Document/FICdtTrf/CdtTrfTxInf/UndrlygCstmrCdtTrf/UltmtCdtr/CtctDtls/URLAdr,URLAdr,Max2048Text,0,1
pacs.009.001.13,/Document/FICdtTrf/CdtTrfTxInf/UndrlygCstmrCdtTrf/UltmtCdtr/CtctDtls/EmailAdr,EmailAdr,Max256Text,0,1
pacs.009.001.13,/Document/FICdtTrf/CdtTrfTxInf/UndrlygCstmrCdtTrf/UltmtCdtr/CtctDtls/EmailPurp,EmailPurp,Max35Text,0,1
pacs.009.001.13,/Document/FICdtTrf/CdtTrfTxInf/UndrlygCstmrCdtTrf/UltmtCdtr/CtctDtls/JobTitl,JobTitl,Max35Text,0,1
pacs.009.001.13,/Document/FICdtTrf/CdtTrfTxInf/UndrlygCstmrCdtTrf/UltmtCdtr/CtctDtls/Rspnsblty,Rspnsblty,Max35Text,0,1
pacs.009.001.13,/Document/FICdtTrf/CdtTrfTxInf/UndrlygCstmrCdtTrf/UltmtCdtr/CtctDtls/Dept,Dept,Max70Text,0,1
pacs.009.001.13,/Document/FICdtTrf/CdtTrfTxInf/UndrlygCstmrCdtTrf/UltmtCdtr/CtctDtls/Othr,Othr,OtherContact1,0,
pacs.009.001.13,/Document/FICdtTrf/CdtTrfTxInf/UndrlygCstmrCdtTrf/UltmtCdtr/CtctDtls/Othr/ChanlTp,ChanlTp,Max4Text,1,1
pacs.009.001.13,/Document/FICdtTrf/CdtTrfTxInf/UndrlygCstmrCdtTrf/UltmtCdtr/CtctDtls/Othr/Id,Id,Max128Text,0,1
pacs.009.001.13,/Document/FICdtTrf/CdtTrfTxInf/UndrlygCstmrCdtTrf/UltmtCdtr/CtctDtls/PrefrdMtd,PrefrdMtd,PreferredContactMethod2Code,0,1
pacs.009.001.13,/Document/FICdtTrf/CdtTrfTxInf/UndrlygCstmrCdtTrf/InstrForCdtrAgt,InstrForCdtrAgt,InstructionForCreditorAgent3,0,
pacs.009.001.13,/Document/FICdtTrf/CdtTrfTxInf/UndrlygCstmrCdtTrf/InstrForCdtrAgt/Cd,Cd,ExternalCreditorAgentInstruction1Code,0,1
pacs.009.001.13,/Document/FICdtTrf/CdtTrfTxInf/UndrlygCstmrCdtTrf/InstrForCdtrAgt/InstrInf,InstrInf,Max140Text,0,1
pacs.009.001.13,/Document/FICdtTrf/CdtTrfTxInf/UndrlygCstmrCdtTrf/InstrForNxtAgt,InstrForNxtAgt,InstructionForNextAgent1,0,
pacs.009.001.13,/Document/FICdtTrf/CdtTrfTxInf/UndrlygCstmrCdtTrf/InstrForNxtAgt/Cd,Cd,Instruction4Code,0,1
pacs.009.001.13,/Document/FICdtTrf/CdtTrfTxInf/UndrlygCstmrCdtTrf/InstrForNxtAgt/InstrInf,InstrInf,Max140Text,0,1
pacs.009.001.13,/Document/FICdtTrf/CdtTrfTxInf/UndrlygCstmrCdtTrf/Purp,Purp,Purpose2Choice,0,1
pacs.009.001.13,/Document/FICdtTrf/CdtTrfTxInf/UndrlygCstmrCdtTrf/Purp/Cd,Cd,ExternalPurpose1Code,1,1
pacs.009.001.13,/Document/FICdtTrf/CdtTrfTxInf/UndrlygCstmrCdtTrf/Purp/Prtry,Prtry,Max35Text,1,1
pacs.009.001.13,/Document/FICdtTrf/CdtTrfTxInf/UndrlygCstmrCdtTrf/Tax,Tax,TaxData1,0,1
pacs.009.001.13,/Document/FICdtTrf/CdtTrfTxInf/UndrlygCstmrCdtTrf/Tax/Cdtr,Cdtr,TaxParty1,0,1
pacs.009.001.13,/Document/FICdtTrf/CdtTrfTxInf/UndrlygCstmrCdtTrf/Tax/Cdtr/TaxId,TaxId,Max35Text,0,1
pacs.009.001.13,/Document/FICdtTrf/CdtTrfTxInf/UndrlygCstmrCdtTrf/Tax/Cdtr/RegnId,RegnId,Max35Text,0,1
pacs.009.001.13,/Document/FICdtTrf/CdtTrfTxInf/UndrlygCstmrCdtTrf/Tax/Cdtr/TaxTp,TaxTp,Max35Text,0,1
pacs.009.001.13,/Document/FICdtTrf/CdtTrfTxInf/UndrlygCstmrCdtTrf/Tax/Dbtr,Dbtr,TaxParty2,0,1
pacs.009.001.13,/Document/FICdtTrf/CdtTrfTxInf/UndrlygCstmrCdtTrf/Tax/Dbtr/TaxId,TaxId,Max35Text,0,1
pacs.009.001.13,/Document/FICdtTrf/CdtTrfTxInf/UndrlygCstmrCdtTrf/Tax/Dbtr/RegnId,RegnId,Max35Text,0,1
pacs.009.001.13,/Document/FICdtTrf/CdtTrfTxInf/UndrlygCstmrCdtTrf/Tax/Dbtr/TaxTp,TaxTp,Max35Text,0,1
pacs.009.001.13,/Document/FICdtTrf/CdtTrfTxInf/UndrlygCstmrCdtTrf/Tax/Dbtr/Authstn,Authstn,TaxAuthorisation1,0,1
pacs.009.001.13,/Document/FICdtTrf/CdtTrfTxInf/UndrlygCstmrCdtTrf/Tax/Dbtr/Authstn/Titl,Titl,Max35Text,0,1
pacs.009.001.13,/Document/FICdtTrf/CdtTrfTxInf/UndrlygCstmrCdtTrf/Tax/Dbtr/Authstn/Nm,Nm,Max140Text,0,1
pacs.009.001.13,/Document/FICdtTrf/CdtTrfTxInf/UndrlygCstmrCdtTrf/Tax/UltmtDbtr,UltmtDbtr,TaxParty2,0,1
pacs.009.001.13,/Document/FICdtTrf/CdtTrfTxInf/UndrlygCstmrCdtTrf/Tax/UltmtDbtr/TaxId,TaxId,Max35Text,0,1
pacs.009.001.13,/Document/FICdtTrf/CdtTrfTxInf/UndrlygCstmrCdtTrf/Tax/UltmtDbtr/RegnId,RegnId,Max35Text,0,1
pacs.009.001.13,/Document/FICdtTrf/CdtTrfTxInf/UndrlygCstmrCdtTrf/Tax/UltmtDbtr/TaxTp,TaxTp,Max35Text,0,1
pacs.009.001.13,/Document/FICdtTrf/CdtTrfTxInf/UndrlygCstmrCdtTrf/Tax/UltmtDbtr/Authstn,Authstn,TaxAuthorisation1,0,1
pacs.009.001.13,/Document/FICdtTrf/CdtTrfTxInf/UndrlygCstmrCdtTrf/Tax/UltmtDbtr/Authstn/Titl,Titl,Max35Text,0,1
pacs.009.001.13,/Document/FICdtTrf/CdtTrfTxInf/UndrlygCstmrCdtTrf/Tax/UltmtDbtr/Authstn/Nm,Nm,Max140Text,0,1
pacs.009.001.13,/Document/FICdtTrf/CdtTrfTxInf/UndrlygCstmrCdtTrf/Tax/AdmstnZone,AdmstnZone,Max35Text,0,1
pacs.009.001.13,/Document/FICdtTrf/CdtTrfTxInf/UndrlygCstmrCdtTrf/Tax/RefNb,RefNb,Max140Text,0,1
pacs.009.001.13,/Document/FICdtTrf/CdtTrfTxInf/UndrlygCstmrCdtTrf/Tax/Mtd,Mtd,Max35Text,0,1
pacs.009.001.13,/Document/FICdtTrf/CdtTrfTxInf/UndrlygCstmrCdtTrf/Tax/TtlTaxblBaseAmt,TtlTaxblBaseAmt,ActiveOrHistoricCurrencyAndAmount,0,1
pacs.009.001.13,/Document/FICdtTrf/CdtTrfTxInf/UndrlygCstmrCdtTrf/Tax/TtlTaxAmt,TtlTaxAmt,ActiveOrHistoricCurrencyAndAmount,0,1
pacs.009.001.13,/Document/FICdtTrf/CdtTrfTxInf/UndrlygCstmrCdtTrf/Tax/Dt,Dt,ISODate,0,1
pacs.009.001.13,/Document/FICdtTrf/CdtTrfTxInf/UndrlygCstmrCdtTrf/Tax/SeqNb,SeqNb,Number,0,1
pacs.009.001.13,/Document/FICdtTrf/CdtTrfTxInf/UndrlygCstmrCdtTrf/Tax/Rcrd,Rcrd,TaxRecord3,0,
pacs.009.001.13,/Document/FICdtTrf/CdtTrfTxInf/UndrlygCstmrCdtTrf/Tax/Rcrd/Tp,Tp,Max35Text,0,1
pacs.009.001.13,/Document/FICdtTrf/CdtTrfTxInf/UndrlygCstmrCdtTrf/Tax/Rcrd/Ctgy,Ctgy,Max35Text,0,1
pacs.009.001.13,/Document/FICdtTrf/CdtTrfTxInf/UndrlygCstmrCdtTrf/Tax/Rcrd/CtgyDtls,CtgyDtls,Max35Text,0,1
pacs.009.001.13,/Document/FICdtTrf/CdtTrfTxInf/UndrlygCstmrCdtTrf/Tax/Rcrd/DbtrSts,DbtrSts,Max35Text,0,1
pacs.009.001.13,/Document/FICdtTrf/CdtTrfTxInf/UndrlygCstmrCdtTrf/Tax/Rcrd/CertId,CertId,Max35Text,0,1
pacs.009.001.13,/Document/FICdtTrf/CdtTrfTxInf/UndrlygCstmrCdtTrf/Tax/Rcrd/FrmsCd,FrmsCd,Max35Text,0,1
pacs.009.001.13,/Document/FICdtTrf/CdtTrfTxInf/UndrlygCstmrCdtTrf/Tax/Rcrd/Prd,Prd,TaxPeriod3,0,1
pacs.009.001.13,/Document/FICdtTrf/CdtTrfTxInf/UndrlygCstmrCdtTrf/Tax/Rcrd/Prd/Yr,Yr,ISOYear,0,1
pacs.009.001.13,/Document/FICdtTrf/CdtTrfTxInf/UndrlygCstmrCdtTrf/Tax/Rcrd/Prd/Tp,Tp,TaxRecordPeriod1Code,0,1
pacs.009.001.13,/Document/FICdtTrf/CdtTrfTxInf/UndrlygCstmrCdtTrf/Tax/Rcrd/Prd/FrToDt,FrToDt,DatePeriod2,0,1
pacs.009.001.13,/Document/FICdtTrf/CdtTrfTxInf/UndrlygCstmrCdtTrf/Tax/Rcrd/Prd/FrToDt/FrDt,FrDt,ISODate,1,1
pacs.009.001.13,/Document/FICdtTrf/CdtTrfTxInf/UndrlygCstmrCdtTrf/Tax/Rcrd/Prd/FrToDt/ToDt,ToDt,ISODate,1,1
pacs.009.001.13,/Document/FICdtTrf/CdtTrfTxInf/UndrlygCstmrCdtTrf/Tax/Rcrd/TaxAmt,TaxAmt,TaxAmount3,0,1
pacs.009.001.13,/Document/FICdtTrf/CdtTrfTxInf/UndrlygCstmrCdtTrf/Tax/Rcrd/TaxAmt/Rate,Rate,PercentageRate,0,1
pacs.009.001.13,/Document/FICdtTrf/CdtTrfTxInf/UndrlygCstmrCdtTrf/Tax/Rcrd/TaxAmt/TaxblBaseAmt,TaxblBaseAmt,ActiveOrHistoricCurrencyAndAmount,0,1
pacs.009.001.13,/Document/FICdtTrf/CdtTrfTxInf/UndrlygCstmrCdtTrf/Tax/Rcrd/TaxAmt/TtlAmt,TtlAmt,ActiveOrHistoricCurrencyAndAmount,0,1
pacs.009.001.13,/Document/FICdtTrf/CdtTrfTxInf/UndrlygCstmrCdtTrf/Tax/Rcrd/TaxAmt/Dtls,Dtls,TaxRecordDetails3,0,
pacs.009.001.13,/Document/FICdtTrf/CdtTrfTxInf/UndrlygCstmrCdtTrf/Tax/Rcrd/TaxAmt/Dtls/Prd,Prd,TaxPeriod3,0,1
pacs.009.001.13,/Document/FICdtTrf/CdtTrfTxInf/UndrlygCstmrCdtTrf/Tax/Rcrd/TaxAmt/Dtls/Prd/Yr,Yr,ISOYear,0,1
pacs.009.001.13,/Document/FICdtTrf/CdtTrfTxInf/UndrlygCstmrCdtTrf/Tax/Rcrd/TaxAmt/Dtls/Prd/Tp,Tp,TaxRecordPeriod1Code,0,1
pacs.009.001.13,/Document/FICdtTrf/CdtTrfTxInf/UndrlygCstmrCdtTrf/Tax/Rcrd/TaxAmt/Dtls/Prd/FrToDt,FrToDt,DatePeriod2,0,1
pacs.009.001.13,/Document/FICdtTrf/CdtTrfTxInf/UndrlygCstmrCdtTrf/Tax/Rcrd/TaxAmt/Dtls/Prd/FrToDt/FrDt,FrDt,ISODate,1,1
pacs.009.001.13,/Document/FICdtTrf/CdtTrfTxInf/UndrlygCstmrCdtTrf/Tax/Rcrd/TaxAmt/Dtls/Prd/FrToDt/ToDt,ToDt,ISODate,1,1
pacs.009.001.13,/Document/FICdtTrf/CdtTrfTxInf/UndrlygCstmrCdtTrf/Tax/Rcrd/TaxAmt/Dtls/Amt,Amt,ActiveOrHistoricCurrencyAndAmount,1,1
pacs.009.001.13,/Document/FICdtTrf/CdtTrfTxInf/UndrlygCstmrCdtTrf/Tax/Rcrd/AddtlInf,AddtlInf,Max140Text,0,1
pacs.009.001.13,/Document/FICdtTrf/CdtTrfTxInf/UndrlygCstmrCdtTrf/RmtInf,RmtInf,RemittanceInformation26,0,1
pacs.009.001.13,/Document/FICdtTrf/CdtTrfTxInf/UndrlygCstmrCdtTrf/RmtInf/Ustrd,Ustrd,Max140Text,0,
pacs.009.001.13,/Document/FICdtTrf/CdtTrfTxInf/UndrlygCstmrCdtTrf/RmtInf/Strd,Strd,StructuredRemittanceInformation22,0,
pacs.009.001.13,/Document/FICdtTrf/CdtTrfTxInf/UndrlygCstmrCdtTrf/RmtInf/Strd/RfrdDocInf,RfrdDocInf,ReferredDocumentInformation8,0,
pacs.009.001.13,/Document/FICdtTrf/CdtTrfTxInf/UndrlygCstmrCdtTrf/RmtInf/Strd/RfrdDocInf/Tp,Tp,DocumentType1,0,1
pacs.009.001.13,/Document/FICdtTrf/CdtTrfTxInf/UndrlygCstmrCdtTrf/RmtInf/Strd/RfrdDocInf/Tp/CdOrPrtry,CdOrPrtry,DocumentType2Choice,1,1
pacs.009.001.13,/Document/FICdtTrf/CdtTrfTxInf/UndrlygCstmrCdtTrf/RmtInf/Strd/RfrdDocInf/Tp/CdOrPrtry/Cd,Cd,ExternalDocumentType1Code,1,1
pacs.009.001.13,/Document/FICdtTrf/CdtTrfTxInf/UndrlygCstmrCdtTrf/RmtInf/Strd/RfrdDocInf/Tp/CdOrPrtry/Prtry,Prtry,Max35Text,1,1
pacs.009.001.13,/Document/FICdtTrf/CdtTrfTxInf/UndrlygCstmrCdtTrf/RmtInf/Strd/RfrdDocInf/Tp/Issr,Issr,Max35Text,0,1
pacs.009.001.13,/Document/FICdtTrf/CdtTrfTxInf/UndrlygCstmrCdtTrf/RmtInf/Strd/RfrdDocInf/Nb,Nb,Max35Text,0,1
pacs.009.001.13,/Document/FICdtTrf/CdtTrfTxInf/UndrlygCstmrCdtTrf/RmtInf/Strd/RfrdDocInf/RltdDt,RltdDt,DateAndType1,0,1
pacs.009.001.13,/Document/FICdtTrf/CdtTrfTxInf/UndrlygCstmrCdtTrf/RmtInf/Strd/RfrdDocInf/RltdDt/Tp,Tp,DateType2Choice,1,1
pacs.009.001.13,/Document/FICdtTrf/CdtTrfTxInf/UndrlygCstmrCdtTrf/RmtInf/Strd/RfrdDocInf/RltdDt/Tp/Cd,Cd,ExternalDateType1Code,1,1
pacs.009.001.13,/Document/FICdtTrf/CdtTrfTxInf/UndrlygCstmrCdtTrf/RmtInf/Strd/RfrdDocInf/RltdDt/Tp/Prtry,Prtry,Max35Text,1,1
pacs.009.001.13,/Document/FICdtTrf/CdtTrfTxInf/UndrlygCstmrCdtTrf/RmtInf/Strd/RfrdDocInf/RltdDt/Dt,Dt,ISODate,1,1
pacs.009.001.13,/Document/FICdtTrf/CdtTrfTxInf/UndrlygCstmrCdtTrf/RmtInf/Strd/RfrdDocInf/LineDtls,LineDtls,DocumentLineInformation2,0,
pacs.009.001.13,/Document/FICdtTrf/CdtTrfTxInf/UndrlygCstmrCdtTrf/RmtInf/Strd/RfrdDocInf/LineDtls/Id,Id,DocumentLineIdentification1,1,
pacs.009.001.13,/Document/FICdtTrf/CdtTrfTxInf/UndrlygCstmrCdtTrf/RmtInf/Strd/RfrdDocInf/LineDtls/Id/Tp,Tp,DocumentLineType1,0,1
pacs.009.001.13,/Document/FICdtTrf/CdtTrfTxInf/UndrlygCstmrCdtTrf/RmtInf/Strd/RfrdDocInf/LineDtls/Id/Tp/CdOrPrtry,CdOrPrtry,DocumentLineType1Choice,1,1
pacs.009.001.13,/Document/FICdtTrf/CdtTrfTxInf/UndrlygCstmrCdtTrf/RmtInf/Strd/RfrdDocInf/LineDtls/Id/Tp/CdOrPrtry/Cd,Cd,ExternalDocumentLineType1Code,1,1
pacs.009.001.13,/Document/FICdtTrf/CdtTrfTxInf/UndrlygCstmrCdtTrf/RmtInf/Strd/RfrdDocInf/LineDtls/Id/Tp/CdOrPrtry/Prtry,Prtry,Max35Text,1,1
pacs.009.001.13,/Document/FICdtTrf/CdtTrfTxInf/UndrlygCstmrCdtTrf/RmtInf/Strd/RfrdDocInf/LineDtls/Id/Tp/Issr,Issr,Max35Text,0,1
pacs.009.001.13,/Document/FICdtTrf/CdtTrfTxInf/UndrlygCstmrCdtTrf/RmtInf/Strd/RfrdDocInf/LineDtls/Id/Nb,Nb,Max35Text,0,1
pacs.009.001.13,/Document/FICdtTrf/CdtTrfTxInf/UndrlygCstmrCdtTrf/RmtInf/Strd/RfrdDocInf/LineDtls/Id/RltdDt,RltdDt,ISODate,0,1
pacs.009.001.13,/Document/FICdtTrf/CdtTrfTxInf/UndrlygCstmrCdtTrf/RmtInf/Strd/RfrdDocInf/LineDtls/Desc,Desc,Max2048Text,0,1
pacs.009.001.13,/Document/FICdtTrf/CdtTrfTxInf/UndrlygCstmrCdtTrf/RmtInf/Strd/RfrdDocInf/LineDtls/Amt,Amt,RemittanceAmount4,0,1
pacs.009.001.13,/Document/FICdtTrf/CdtTrfTxInf/UndrlygCstmrCdtTrf/RmtInf/Strd/RfrdDocInf/LineDtls/Amt/RmtAmtAndTp,RmtAmtAndTp,DocumentAmount1,0,
pacs.009.001.13,/Document/FICdtTrf/CdtTrfTxInf/UndrlygCstmrCdtTrf/RmtInf/Strd/RfrdDocInf/LineDtls/Amt/RmtAmtAndTp/Tp,Tp,DocumentAmountType1Choice,1,1
pacs.009.001.13,/Document/FICdtTrf/CdtTrfTxInf/UndrlygCstmrCdtTrf/RmtInf/Strd/RfrdDocInf/LineDtls/Amt/RmtAmtAndTp/Tp/Cd,Cd,ExternalDocumentAmountType1Code,1,1
pacs.009.001.13,/Document/FICdtTrf/CdtTrfTxInf/UndrlygCstmrCdtTrf/RmtInf/Strd/RfrdDocInf/LineDtls/Amt/RmtAmtAndTp/Tp/Prtry,Prtry,Max35Text,1,1
pacs.009.001.13,/Document/FICdtTrf/CdtTrfTxInf/UndrlygCstmrCdtTrf/RmtInf/Strd/RfrdDocInf/LineDtls/Amt/RmtAmtAndTp/Amt,Amt,ActiveOrHistoricCurrencyAndAmount,1,1
pacs.009.001.13,/Document/FICdtTrf/CdtTrfTxInf/UndrlygCstmrCdtTrf/RmtInf/Strd/RfrdDocInf/LineDtls/Amt/AdjstmntAmtAndRsn,AdjstmntAmtAndRsn,DocumentAdjustment1,0,
pacs.009.001.13,/Document/FICdtTrf/CdtTrfTxInf/UndrlygCstmrCdtTrf/RmtInf/Strd/RfrdDocInf/LineDtls/Amt/AdjstmntAmtAndRsn/Amt,Amt,ActiveOrHistoricCurrencyAndAmount,1,1
pacs.009.001.13,/Document/FICdtTrf/CdtTrfTxInf/UndrlygCstmrCdtTrf/RmtInf/Strd/RfrdDocInf/LineDtls/Amt/AdjstmntAmtAndRsn/CdtDbtInd,CdtDbtInd,CreditDebitCode,0,1
pacs.009.001.13,/Document/FICdtTrf/CdtTrfTxInf/UndrlygCstmrCdtTrf/RmtInf/Strd/RfrdDocInf/LineDtls/Amt/AdjstmntAmtAndRsn/Rsn,Rsn,Max4Text,0,1
pacs.009.001.13,/Document/FICdtTrf/CdtTrfTxInf/UndrlygCstmrCdtTrf/RmtInf/Strd/RfrdDocInf/LineDtls/Amt/AdjstmntAmtAndRsn/AddtlInf,AddtlInf,Max140Text,0,1
pacs.009.001.13,/Document/FICdtTrf/CdtTrfTxInf/UndrlygCstmrCdtTrf/RmtInf/Strd/RfrdDocAmt,RfrdDocAmt,RemittanceAmount4,0,1
pacs.009.001.13,/Document/FICdtTrf/CdtTrfTxInf/UndrlygCstmrCdtTrf/RmtInf/Strd/RfrdDocAmt/RmtAmtAndTp,RmtAmtAndTp,DocumentAmount1,0,
pacs.009.001.13,/Document/FICdtTrf/CdtTrfTxInf/UndrlygCstmrCdtTrf/RmtInf/Strd/RfrdDocAmt/RmtAmtAndTp/Tp,Tp,DocumentAmountType1Choice,1,1
pacs.009.001.13,/Document/FICdtTrf/CdtTrfTxInf/UndrlygCstmrCdtTrf/RmtInf/Strd/RfrdDocAmt/RmtAmtAndTp/Tp/Cd,Cd,ExternalDocumentAmountType1Code,1,1
pacs.009.001.13,/Document/FICdtTrf/CdtTrfTxInf/UndrlygCstmrCdtTrf/RmtInf/Strd/RfrdDocAmt/RmtAmtAndTp/Tp/Prtry,Prtry,Max35Text,1,1
pacs.009.001.13,/Document/FICdtTrf/CdtTrfTxInf/UndrlygCstmrCdtTrf/RmtInf/Strd/RfrdDocAmt/RmtAmtAndTp/Amt,Amt,ActiveOrHistoricCurrencyAndAmount,1,1
pacs.009.001.13,/Document/FICdtTrf/CdtTrfTxInf/UndrlygCstmrCdtTrf/RmtInf/Strd/RfrdDocAmt/AdjstmntAmtAndRsn,AdjstmntAmtAndRsn,DocumentAdjustment1,0,
pacs.009.001.13,/Document/FICdtTrf/CdtTrfTxInf/UndrlygCstmrCdtTrf/RmtInf/Strd/RfrdDocAmt/AdjstmntAmtAndRsn/Amt,Amt,ActiveOrHistoricCurrencyAndAmount,1,1
pacs.009.001.13,/Document/FICdtTrf/CdtTrfTxInf/UndrlygCstmrCdtTrf/RmtInf/Strd/RfrdDocAmt/AdjstmntAmtAndRsn/CdtDbtInd,CdtDbtInd,CreditDebitCode,0,1
pacs.009.001.13,/Document/FICdtTrf/CdtTrfTxInf/UndrlygCstmrCdtTrf/RmtInf/Strd/RfrdDocAmt/AdjstmntAmtAndRsn/Rsn,Rsn,Max4Text,0,1
pacs.009.001.13,/Document/FICdtTrf/CdtTrfTxInf/UndrlygCstmrCdtTrf/RmtInf/Strd/RfrdDocAmt/AdjstmntAmtAndRsn/AddtlInf,AddtlInf,Max140Text,0,1
pacs.009.001.13,/Document/FICdtTrf/CdtTrfTxInf/UndrlygCstmrCdtTrf/RmtInf/Strd/CdtrRefInf,CdtrRefInf,CreditorReferenceInformation3,0,1
pacs.009.001.13,/Document/FICdtTrf/CdtTrfTxInf/UndrlygCstmrCdtTrf/RmtInf/Strd/CdtrRefInf/Tp,Tp,CreditorReferenceType3,0,1
pacs.009.001.13,/Document/FICdtTrf/CdtTrfTxInf/UndrlygCstmrCdtTrf/RmtInf/Strd/CdtrRefInf/Tp/CdOrPrtry,CdOrPrtry,CreditorReferenceType2Choice,1,1
pacs.009.001.13,/Document/FICdtTrf/CdtTrfTxInf/UndrlygCstmrCdtTrf/RmtInf/Strd/CdtrRefInf/Tp/CdOrPrtry/Cd,Cd,ExternalCreditorReferenceType1Code,1,1
pacs.009.001.13,/Document/FICdtTrf/CdtTrfTxInf/UndrlygCstmrCdtTrf/RmtInf/Strd/CdtrRefInf/Tp/CdOrPrtry/Prtry,Prtry,Max35Text,1,1
pacs.009.001.13,/Document/FICdtTrf/CdtTrfTxInf/UndrlygCstmrCdtTrf/RmtInf/Strd/CdtrRefInf/Tp/Issr,Issr,Max35Text,0,1
pacs.009.001.13,/Document/FICdtTrf/CdtTrfTxInf/UndrlygCstmrCdtTrf/RmtInf/Strd/CdtrRefInf/Ref,Ref,Max35Text,0,1
pacs.009.001.13,/Document/FICdtTrf/CdtTrfTxInf/UndrlygCstmrCdtTrf/RmtInf/Strd/Invcr,Invcr,PartyIdentification272,0,1
pacs.009.001.13,/Document/FICdtTrf/CdtTrfTxInf/UndrlygCstmrCdtTrf/RmtInf/Strd/Invcr/Nm,Nm,Max140Text,0,1
pacs.009.001.13,/Document/FICdtTrf/CdtTrfTxInf/UndrlygCstmrCdtTrf/RmtInf/Strd/Invcr/PstlAdr,PstlAdr,PostalAddress27,0,1
pacs.009.001.13,/Document/FICdtTrf/CdtTrfTxInf/UndrlygCstmrCdtTrf/RmtInf/Strd/Invcr/PstlAdr/AdrTp,AdrTp,AddressType3Choice,0,1
pacs.009.001.13,/Document/FICdtTrf/CdtTrfTxInf/UndrlygCstmrCdtTrf/RmtInf/Strd/Invcr/PstlAdr/AdrTp/Cd,Cd,AddressType2Code,1,1
pacs.009.001.13,/Document/FICdtTrf/CdtTrfTxInf/UndrlygCstmrCdtTrf/RmtInf/Strd/Invcr/PstlAdr/AdrTp/Prtry,Prtry,GenericIdentification30,1,1
pacs.009.001.13,/Document/FICdtTrf/CdtTrfTxInf/UndrlygCstmrCdtTrf/RmtInf/Strd/Invcr/PstlAdr/AdrTp/Prtry/Id,Id,Exact4AlphaNumericText,1,1
pacs.009.001.13,/Document/FICdtTrf/CdtTrfTxInf/UndrlygCstmrCdtTrf/RmtInf/Strd/Invcr/PstlAdr/AdrTp/Prtry/Issr,Issr,Max35Text,1,1
pacs.009.001.13,/Document/FICdtTrf/CdtTrfTxInf/UndrlygCstmrCdtTrf/RmtInf/Strd/Invcr/PstlAdr/AdrTp/Prtry/SchmeNm,SchmeNm,Max35Text,0,1
pacs.009.001.13,/Document/FICdtTrf/CdtTrfTxInf/UndrlygCstmrCdtTrf/RmtInf/Strd/Invcr/PstlAdr/CareOf,CareOf,Max140Text,0,1
pacs.009.001.13,/Document/FICdtTrf/CdtTrfTxInf/UndrlygCstmrCdtTrf/RmtInf/Strd/Invcr/PstlAdr/Dept,Dept,Max70Text,0,1
pacs.009.001.13,/Document/FICdtTrf/CdtTrfTxInf/UndrlygCstmrCdtTrf/RmtInf/Strd/Invcr/PstlAdr/SubDept,SubDept,Max70Text,0,1
pacs.009.001.13,/Document/FICdtTrf/CdtTrfTxInf/UndrlygCstmrCdtTrf/RmtInf/Strd/Invcr/PstlAdr/StrtNm,StrtNm,Max140Text,0,1
pacs.009.001.13,/Document/FICdtTrf/CdtTrfTxInf/UndrlygCstmrCdtTrf/RmtInf/Strd/Invcr/PstlAdr/BldgNb,BldgNb,Max16Text,0,1
pacs.009.001.13,/Document/FICdtTrf/CdtTrfTxInf/UndrlygCstmrCdtTrf/RmtInf/Strd/Invcr/PstlAdr/BldgNm,BldgNm,Max140Text,0,1
pacs.009.001.13,/Document/FICdtTrf/CdtTrfTxInf/UndrlygCstmrCdtTrf/RmtInf/Strd/Invcr/PstlAdr/Flr,Flr,Max70Text,0,1
pacs.009.001.13,/Document/FICdtTrf/CdtTrfTxInf/UndrlygCstmrCdtTrf/RmtInf/Strd/Invcr/PstlAdr/UnitNb,UnitNb,Max16Text,0,1
pacs.009.001.13,/Document/FICdtTrf/CdtTrfTxInf/UndrlygCstmrCdtTrf/RmtInf/Strd/Invcr/PstlAdr/PstBx,PstBx,Max16Text,0,1
pacs.009.001.13,/Document/FICdtTrf/CdtTrfTxInf/UndrlygCstmrCdtTrf/RmtInf/Strd/Invcr/PstlAdr/Room,Room,Max70Text,0,1
pacs.009.001.13,/Document/FICdtTrf/CdtTrfTxInf/UndrlygCstmrCdtTrf/RmtInf/Strd/Invcr/PstlAdr/PstCd,PstCd,Max16Text,0,1
pacs.009.001.13,/Document/FICdtTrf/CdtTrfTxInf/UndrlygCstmrCdtTrf/RmtInf/Strd/Invcr/PstlAdr/TwnNm,TwnNm,Max140Text,0,1
pacs.009.001.13,/Document/FICdtTrf/CdtTrfTxInf/UndrlygCstmrCdtTrf/RmtInf/Strd/Invcr/PstlAdr/TwnLctnNm,TwnLctnNm,Max140Text,0,1
pacs.009.001.13,/Document/FICdtTrf/CdtTrfTxInf/UndrlygCstmrCdtTrf/RmtInf/Strd/Invcr/PstlAdr/DstrctNm,DstrctNm,Max140Text,0,1
pacs.009.001.13,/Document/FICdtTrf/CdtTrfTxInf/UndrlygCstmrCdtTrf/RmtInf/Strd/Invcr/PstlAdr/CtrySubDvsn,CtrySubDvsn,Max35Text,0,1
pacs.009.001.13,/Document/FICdtTrf/CdtTrfTxInf/UndrlygCstmrCdtTrf/RmtInf/Strd/Invcr/PstlAdr/Ctry,Ctry,CountryCode,0,1
pacs.009.001.13,/Document/FICdtTrf/CdtTrfTxInf/UndrlygCstmrCdtTrf/RmtInf/Strd/Invcr/PstlAdr/AdrLine,AdrLine,Max70Text,0,7
pacs.009.001.13,/Document/FICdtTrf/CdtTrfTxInf/UndrlygCstmrCdtTrf/RmtInf/Strd/Invcr/Id,Id,Party52Choice,0,1
pacs.009.001.13,/Document/FICdtTrf/CdtTrfTxInf/UndrlygCstmrCdtTrf/RmtInf/Strd/Invcr/Id/OrgId,OrgId,OrganisationIdentification39,1,1
pacs.009.001.13,/Document/FICdtTrf/CdtTrfTxInf/UndrlygCstmrCdtTrf/RmtInf/Strd/Invcr/Id/OrgId/AnyBIC,AnyBIC,AnyBICDec2014Identifier,0,1
pacs.009.001.13,/Document/FICdtTrf/CdtTrfTxInf/UndrlygCstmrCdtTrf/RmtInf/Strd/Invcr/Id/OrgId/LEI,LEI,LEIIdentifier,0,1
pacs.009.001.13,/Document/FICdtTrf/CdtTrfTxInf/UndrlygCstmrCdtTrf/RmtInf/Strd/Invcr/Id/OrgId/Othr,Othr,GenericOrganisationIdentification3,0,
pacs.009.001.13,/Document/FICdtTrf/CdtTrfTxInf/UndrlygCstmrCdtTrf/RmtInf/Strd/Invcr/Id/OrgId/Othr/Id,Id,Max256Text,1,1
pacs.009.001.13,/Document/FICdtTrf/CdtTrfTxInf/UndrlygCstmrCdtTrf/RmtInf/Strd/Invcr/Id/OrgId/Othr/SchmeNm,SchmeNm,OrganisationIdentificationSchemeName1Choice,0,1
pacs.009.001.13,/Document/FICdtTrf/CdtTrfTxInf/UndrlygCstmrCdtTrf/RmtInf/Strd/Invcr/Id/OrgId/Othr/SchmeNm/Cd,Cd,ExternalOrganisationIdentification1Code,1,1
pacs.009.001.13,/Document/FICdtTrf/CdtTrfTxInf/UndrlygCstmrCdtTrf/RmtInf/Strd/Invcr/Id/OrgId/Othr/SchmeNm/Prtry,Prtry,Max35Text,1,1
pacs.009.001.13,/Document/FICdtTrf/CdtTrfTxInf/UndrlygCstmrCdtTrf/RmtInf/Strd/Invcr/Id/OrgId/Othr/Issr,Issr,Max35Text,0,1
pacs.009.001.13,/Document/FICdtTrf/CdtTrfTxInf/UndrlygCstmrCdtTrf/RmtInf/Strd/Invcr/Id/PrvtId,PrvtId,PersonIdentification18,1,1
pacs.009.001.13,/Document/FICdtTrf/CdtTrfTxInf/UndrlygCstmrCdtTrf/RmtInf/Strd/Invcr/Id/PrvtId/DtAndPlcOfBirth,DtAndPlcOfBirth,DateAndPlaceOfBirth1,0,1
pacs.009.001.13,/Document/FICdtTrf/CdtTrfTxInf/UndrlygCstmrCdtTrf/RmtInf/Strd/Invcr/Id/PrvtId/DtAndPlcOfBirth/BirthDt,BirthDt,ISODate,1,1
pacs.009.001.13,/Document/FICdtTrf/CdtTrfTxInf/UndrlygCstmrCdtTrf/RmtInf/Strd/Invcr/Id/PrvtId/DtAndPlcOfBirth/PrvcOfBirth,PrvcOfBirth,Max35Text,0,1
pacs.009.001.13,/Document/FICdtTrf/CdtTrfTxInf/UndrlygCstmrCdtTrf/RmtInf/Strd/Invcr/Id/PrvtId/DtAndPlcOfBirth/CityOfBirth,CityOfBirth,Max35Text,1,1
pacs.009.001.13,/Document/FICdtTrf/CdtTrfTxInf/UndrlygCstmrCdtTrf/RmtInf/Strd/Invcr/Id/PrvtId/DtAndPlcOfBirth/CtryOfBirth,CtryOfBirth,CountryCode,1,1
pacs.009.001.13,/Document/FICdtTrf/CdtTrfTxInf/UndrlygCstmrCdtTrf/RmtInf/Strd/Invcr/Id/PrvtId/Othr,Othr,GenericPersonIdentification2,0,
pacs.009.001.13,/Document/FICdtTrf/CdtTrfTxInf/UndrlygCstmrCdtTrf/RmtInf/Strd/Invcr/Id/PrvtId/Othr/Id,Id,Max256Text,1,1
pacs.009.001.13,/Document/FICdtTrf/CdtTrfTxInf/UndrlygCstmrCdtTrf/RmtInf/Strd/Invcr/Id/PrvtId/Othr/SchmeNm,SchmeNm,PersonIdentificationSchemeName1Choice,0,1
pacs.009.001.13,/Document/FICdtTrf/CdtTrfTxInf/UndrlygCstmrCdtTrf/RmtInf/Strd/Invcr/Id/PrvtId/Othr/SchmeNm/Cd,Cd,ExternalPersonIdentification1Code,1,1
pacs.009.001.13,/Document/FICdtTrf/CdtTrfTxInf/UndrlygCstmrCdtTrf/RmtInf/Strd/Invcr/Id/PrvtId/Othr/SchmeNm/Prtry,Prtry,Max35Text,1,1
pacs.009.001.13,/Document/FICdtTrf/CdtTrfTxInf/UndrlygCstmrCdtTrf/RmtInf/Strd/Invcr/Id/PrvtId/Othr/Issr,Issr,Max35Text,0,1
pacs.009.001.13,/Document/FICdtTrf/CdtTrfTxInf/UndrlygCstmrCdtTrf/RmtInf/Strd/Invcr/CtryOfRes,CtryOfRes,CountryCode,0,1
pacs.009.001.13,/Document/FICdtTrf/CdtTrfTxInf/UndrlygCstmrCdtTrf/RmtInf/Strd/Invcr/CtctDtls,CtctDtls,Contact13,0,1
pacs.009.001.13,/Document/FICdtTrf/CdtTrfTxInf/UndrlygCstmrCdtTrf/RmtInf/Strd/Invcr/CtctDtls/NmPrfx,NmPrfx,NamePrefix2Code,0,1
pacs.009.001.13,/Document/FICdtTrf/CdtTrfTxInf/UndrlygCstmrCdtTrf/RmtInf/Strd/Invcr/CtctDtls/Nm,Nm,Max140Text,0,1
pacs.009.001.13,/Document/FICdtTrf/CdtTrfTxInf/UndrlygCstmrCdtTrf/RmtInf/Strd/Invcr/CtctDtls/PhneNb,PhneNb,PhoneNumber,0,1
pacs.009.001.13,/Document/FICdtTrf/CdtTrfTxInf/UndrlygCstmrCdtTrf/RmtInf/Strd/Invcr/CtctDtls/MobNb,MobNb,PhoneNumber,0,1
pacs.009.001.13,/Document/FICdtTrf/CdtTrfTxInf/UndrlygCstmrCdtTrf/RmtInf/Strd/Invcr/CtctDtls/FaxNb,FaxNb,PhoneNumber,0,1
pacs.009.001.13,/Document/FICdtTrf/CdtTrfTxInf/UndrlygCstmrCdtTrf/RmtInf/Strd/Invcr/CtctDtls/URLAdr,URLAdr,Max2048Text,0,1
pacs.009.001.13,/Document/FICdtTrf/CdtTrfTxInf/UndrlygCstmrCdtTrf/RmtInf/Strd/Invcr/CtctDtls/EmailAdr,EmailAdr,Max256Text,0,1
pacs.009.001.13,/Document/FICdtTrf/CdtTrfTxInf/UndrlygCstmrCdtTrf/RmtInf/Strd/Invcr/CtctDtls/EmailPurp,EmailPurp,Max35Text,0,1
pacs.009.001.13,/Document/FICdtTrf/CdtTrfTxInf/UndrlygCstmrCdtTrf/RmtInf/Strd/Invcr/CtctDtls/JobTitl,JobTitl,Max35Text,0,1
pacs.009.001.13,/Document/FICdtTrf/CdtTrfTxInf/UndrlygCstmrCdtTrf/RmtInf/Strd/Invcr/CtctDtls/Rspnsblty,Rspnsblty,Max35Text,0,1
pacs.009.001.13,/Document/FICdtTrf/CdtTrfTxInf/UndrlygCstmrCdtTrf/RmtInf/Strd/Invcr/CtctDtls/Dept,Dept,Max70Text,0,1
pacs.009.001.13,/Document/FICdtTrf/CdtTrfTxInf/UndrlygCstmrCdtTrf/RmtInf/Strd/Invcr/CtctDtls/Othr,Othr,OtherContact1,0,
pacs.009.001.13,/Document/FICdtTrf/CdtTrfTxInf/UndrlygCstmrCdtTrf/RmtInf/Strd/Invcr/CtctDtls/Othr/ChanlTp,ChanlTp,Max4Text,1,1
pacs.009.001.13,/Document/FICdtTrf/CdtTrfTxInf/UndrlygCstmrCdtTrf/RmtInf/Strd/Invcr/CtctDtls/Othr/Id,Id,Max128Text,0,1
pacs.009.001.13,/Document/FICdtTrf/CdtTrfTxInf/UndrlygCstmrCdtTrf/RmtInf/Strd/Invcr/CtctDtls/PrefrdMtd,PrefrdMtd,PreferredContactMethod2Code,0,1
pacs.009.001.13,/Document/FICdtTrf/CdtTrfTxInf/UndrlygCstmrCdtTrf/RmtInf/Strd/Invcee,Invcee,PartyIdentification272,0,1
pacs.009.001.13,/Document/FICdtTrf/CdtTrfTxInf/UndrlygCstmrCdtTrf/RmtInf/Strd/Invcee/Nm,Nm,Max140Text,0,1
pacs.009.001.13,/Document/FICdtTrf/CdtTrfTxInf/UndrlygCstmrCdtTrf/RmtInf/Strd/Invcee/PstlAdr,PstlAdr,PostalAddress27,0,1
pacs.009.001.13,/Document/FICdtTrf/CdtTrfTxInf/UndrlygCstmrCdtTrf/RmtInf/Strd/Invcee/PstlAdr/AdrTp,AdrTp,AddressType3Choice,0,1
pacs.009.001.13,/Document/FICdtTrf/CdtTrfTxInf/UndrlygCstmrCdtTrf/RmtInf/Strd/Invcee/PstlAdr/AdrTp/Cd,Cd,AddressType2Code,1,1
pacs.009.001.13,/Document/FICdtTrf/CdtTrfTxInf/UndrlygCstmrCdtTrf/RmtInf/Strd/Invcee/PstlAdr/AdrTp/Prtry,Prtry,GenericIdentification30,1,1
pacs.009.001.13,/Document/FICdtTrf/CdtTrfTxInf/UndrlygCstmrCdtTrf/RmtInf/Strd/Invcee/PstlAdr/AdrTp/Prtry/Id,Id,Exact4AlphaNumericText,1,1
pacs.009.001.13,/Document/FICdtTrf/CdtTrfTxInf/UndrlygCstmrCdtTrf/RmtInf/Strd/Invcee/PstlAdr/AdrTp/Prtry/Issr,Issr,Max35Text,1,1
pacs.009.001.13,/Document/FICdtTrf/CdtTrfTxInf/UndrlygCstmrCdtTrf/RmtInf/Strd/Invcee/PstlAdr/AdrTp/Prtry/SchmeNm,SchmeNm,Max35Text,0,1
pacs.009.001.13,/Document/FICdtTrf/CdtTrfTxInf/UndrlygCstmrCdtTrf/RmtInf/Strd/Invcee/PstlAdr/CareOf,CareOf,Max140Text,0,1
pacs.009.001.13,/Document/FICdtTrf/CdtTrfTxInf/UndrlygCstmrCdtTrf/RmtInf/Strd/Invcee/PstlAdr/Dept,Dept,Max70Text,0,1
pacs.009.001.13,/Document/FICdtTrf/CdtTrfTxInf/UndrlygCstmrCdtTrf/RmtInf/Strd/Invcee/PstlAdr/SubDept,SubDept,Max70Text,0,1
pacs.009.001.13,/Document/FICdtTrf/CdtTrfTxInf/UndrlygCstmrCdtTrf/RmtInf/Strd/Invcee/PstlAdr/StrtNm,StrtNm,Max140Text,0,1
pacs.009.001.13,/Document/FICdtTrf/CdtTrfTxInf/UndrlygCstmrCdtTrf/RmtInf/Strd/Invcee/PstlAdr/BldgNb,BldgNb,Max16Text,0,1
pacs.009.001.13,/Document/FICdtTrf/CdtTrfTxInf/UndrlygCstmrCdtTrf/RmtInf/Strd/Invcee/PstlAdr/BldgNm,BldgNm,Max140Text,0,1
pacs.009.001.13,/Document/FICdtTrf/CdtTrfTxInf/UndrlygCstmrCdtTrf/RmtInf/Strd/Invcee/PstlAdr/Flr,Flr,Max70Text,0,1
pacs.009.001.13,/Document/FICdtTrf/CdtTrfTxInf/UndrlygCstmrCdtTrf/RmtInf/Strd/Invcee/PstlAdr/UnitNb,UnitNb,Max16Text,0,1
pacs.009.001.13,/Document/FICdtTrf/CdtTrfTxInf/UndrlygCstmrCdtTrf/RmtInf/Strd/Invcee/PstlAdr/PstBx,PstBx,Max16Text,0,1
pacs.009.001.13,/Document/FICdtTrf/CdtTrfTxInf/UndrlygCstmrCdtTrf/RmtInf/Strd/Invcee/PstlAdr/Room,Room,Max70Text,0,1
pacs.009.001.13,/Document/FICdtTrf/CdtTrfTxInf/UndrlygCstmrCdtTrf/RmtInf/Strd/Invcee/PstlAdr/PstCd,PstCd,Max16Text,0,1
pacs.009.001.13,/Document/FICdtTrf/CdtTrfTxInf/UndrlygCstmrCdtTrf/RmtInf/Strd/Invcee/PstlAdr/TwnNm,TwnNm,Max140Text,0,1
pacs.009.001.13,/Document/FICdtTrf/CdtTrfTxInf/UndrlygCstmrCdtTrf/RmtInf/Strd/Invcee/PstlAdr/TwnLctnNm,TwnLctnNm,Max140Text,0,1
pacs.009.001.13,/Document/FICdtTrf/CdtTrfTxInf/UndrlygCstmrCdtTrf/RmtInf/Strd/Invcee/PstlAdr/DstrctNm,DstrctNm,Max140Text,0,1
pacs.009.001.13,/Document/FICdtTrf/CdtTrfTxInf/UndrlygCstmrCdtTrf/RmtInf/Strd/Invcee/PstlAdr/CtrySubDvsn,CtrySubDvsn,Max35Text,0,1
pacs.009.001.13,/Document/FICdtTrf/CdtTrfTxInf/UndrlygCstmrCdtTrf/RmtInf/Strd/Invcee/PstlAdr/Ctry,Ctry,CountryCode,0,1
pacs.009.001.13,/Document/FICdtTrf/CdtTrfTxInf/UndrlygCstmrCdtTrf/RmtInf/Strd/Invcee/PstlAdr/AdrLine,AdrLine,Max70Text,0,7
pacs.009.001.13,/Document/FICdtTrf/CdtTrfTxInf/UndrlygCstmrCdtTrf/RmtInf/Strd/Invcee/Id,Id,Party52Choice,0,1
pacs.009.001.13,/Document/FICdtTrf/CdtTrfTxInf/UndrlygCstmrCdtTrf/RmtInf/Strd/Invcee/Id/OrgId,OrgId,OrganisationIdentification39,1,1
pacs.009.001.13,/Document/FICdtTrf/CdtTrfTxInf/UndrlygCstmrCdtTrf/RmtInf/Strd/Invcee/Id/OrgId/AnyBIC,AnyBIC,AnyBICDec2014Identifier,0,1
pacs.009.001.13,/Document/FICdtTrf/CdtTrfTxInf/UndrlygCstmrCdtTrf/RmtInf/Strd/Invcee/Id/OrgId/LEI,LEI,LEIIdentifier,0,1
pacs.009.001.13,/Document/FICdtTrf/CdtTrfTxInf/UndrlygCstmrCdtTrf/RmtInf/Strd/Invcee/Id/OrgId/Othr,Othr,GenericOrganisationIdentification3,0,
pacs.009.001.13,/Document/FICdtTrf/CdtTrfTxInf/UndrlygCstmrCdtTrf/RmtInf/Strd/Invcee/Id/OrgId/Othr/Id,Id,Max256Text,1,1
pacs.009.001.13,/Document/FICdtTrf/CdtTrfTxInf/UndrlygCstmrCdtTrf/RmtInf/Strd/Invcee/Id/OrgId/Othr/SchmeNm,SchmeNm,OrganisationIdentificationSchemeName1Choice,0,1
pacs.009.001.13,/Document/FICdtTrf/CdtTrfTxInf/UndrlygCstmrCdtTrf/RmtInf/Strd/Invcee/Id/OrgId/Othr/SchmeNm/Cd,Cd,ExternalOrganisationIdentification1Code,1,1
pacs.009.001.13,/Document/FICdtTrf/CdtTrfTxInf/UndrlygCstmrCdtTrf/RmtInf/Strd/Invcee/Id/OrgId/Othr/SchmeNm/Prtry,Prtry,Max35Text,1,1
pacs.009.001.13,/Document/FICdtTrf/CdtTrfTxInf/UndrlygCstmrCdtTrf/RmtInf/Strd/Invcee/Id/OrgId/Othr/Issr,Issr,Max35Text,0,1
pacs.009.001.13,/Document/FICdtTrf/CdtTrfTxInf/UndrlygCstmrCdtTrf/RmtInf/Strd/Invcee/Id/PrvtId,PrvtId,PersonIdentification18,1,1
pacs.009.001.13,/Document/FICdtTrf/CdtTrfTxInf/UndrlygCstmrCdtTrf/RmtInf/Strd/Invcee/Id/PrvtId/DtAndPlcOfBirth,DtAndPlcOfBirth,DateAndPlaceOfBirth1,0,1
pacs.009.001.13,/Document/FICdtTrf/CdtTrfTxInf/UndrlygCstmrCdtTrf/RmtInf/Strd/Invcee/Id/PrvtId/DtAndPlcOfBirth/BirthDt,BirthDt,ISODate,1,1
pacs.009.001.13,/Document/FICdtTrf/CdtTrfTxInf/UndrlygCstmrCdtTrf/RmtInf/Strd/Invcee/Id/PrvtId/DtAndPlcOfBirth/PrvcOfBirth,PrvcOfBirth,Max35Text,0,1
pacs.009.001.13,/Document/FICdtTrf/CdtTrfTxInf/UndrlygCstmrCdtTrf/RmtInf/Strd/Invcee/Id/PrvtId/DtAndPlcOfBirth/CityOfBirth,CityOfBirth,Max35Text,1,1
pacs.009.001.13,/Document/FICdtTrf/CdtTrfTxInf/UndrlygCstmrCdtTrf/RmtInf/Strd/Invcee/Id/PrvtId/DtAndPlcOfBirth/CtryOfBirth,CtryOfBirth,CountryCode,1,1
pacs.009.001.13,/Document/FICdtTrf/CdtTrfTxInf/UndrlygCstmrCdtTrf/RmtInf/Strd/Invcee/Id/PrvtId/Othr,Othr,GenericPersonIdentification2,0,
pacs.009.001.13,/Document/FICdtTrf/CdtTrfTxInf/UndrlygCstmrCdtTrf/RmtInf/Strd/Invcee/Id/PrvtId/Othr/Id,Id,Max256Text,1,1
pacs.009.001.13,/Document/FICdtTrf/CdtTrfTxInf/UndrlygCstmrCdtTrf/RmtInf/Strd/Invcee/Id/PrvtId/Othr/SchmeNm,SchmeNm,PersonIdentificationSchemeName1Choice,0,1
pacs.009.001.13,/Document/FICdtTrf/CdtTrfTxInf/UndrlygCstmrCdtTrf/RmtInf/Strd/Invcee/Id/PrvtId/Othr/SchmeNm/Cd,Cd,ExternalPersonIdentification1Code,1,1
pacs.009.001.13,/Document/FICdtTrf/CdtTrfTxInf/UndrlygCstmrCdtTrf/RmtInf/Strd/Invcee/Id/PrvtId/Othr/SchmeNm/Prtry,Prtry,Max35Text,1,1
pacs.009.001.13,/Document/FICdtTrf/CdtTrfTxInf/UndrlygCstmrCdtTrf/RmtInf/Strd/Invcee/Id/PrvtId/Othr/Issr,Issr,Max35Text,0,1
pacs.009.001.13,/Document/FICdtTrf/CdtTrfTxInf/UndrlygCstmrCdtTrf/RmtInf/Strd/Invcee/CtryOfRes,CtryOfRes,CountryCode,0,1
pacs.009.001.13,/Document/FICdtTrf/CdtTrfTxInf/UndrlygCstmrCdtTrf/RmtInf/Strd/Invcee/CtctDtls,CtctDtls,Contact13,0,1
pacs.009.001.13,/Document/FICdtTrf/CdtTrfTxInf/UndrlygCstmrCdtTrf/RmtInf/Strd/Invcee/CtctDtls/NmPrfx,NmPrfx,NamePrefix2Code,0,1
pacs.009.001.13,/Document/FICdtTrf/CdtTrfTxInf/UndrlygCstmrCdtTrf/RmtInf/Strd/Invcee/CtctDtls/Nm,Nm,Max140Text,0,1
pacs.009.001.13,/Document/FICdtTrf/CdtTrfTxInf/UndrlygCstmrCdtTrf/RmtInf/Strd/Invcee/CtctDtls/PhneNb,PhneNb,PhoneNumber,0,1
pacs.009.001.13,/Document/FICdtTrf/CdtTrfTxInf/UndrlygCstmrCdtTrf/RmtInf/Strd/Invcee/CtctDtls/MobNb,MobNb,PhoneNumber,0,1
pacs.009.001.13,/Document/FICdtTrf/CdtTrfTxInf/UndrlygCstmrCdtTrf/RmtInf/Strd/Invcee/CtctDtls/FaxNb,FaxNb,PhoneNumber,0,1
pacs.009.001.13,/Document/FICdtTrf/CdtTrfTxInf/UndrlygCstmrCdtTrf/RmtInf/Strd/Invcee/CtctDtls/URLAdr,URLAdr,Max2048Text,0,1
pacs.009.001.13,/Document/FICdtTrf/CdtTrfTxInf/UndrlygCstmrCdtTrf/RmtInf/Strd/Invcee/CtctDtls/EmailAdr,EmailAdr,Max256Text,0,1
pacs.009.001.13,/Document/FICdtTrf/CdtTrfTxInf/UndrlygCstmrCdtTrf/RmtInf/Strd/Invcee/CtctDtls/EmailPurp,EmailPurp,Max35Text,0,1
pacs.009.001.13,/Document/FICdtTrf/CdtTrfTxInf/UndrlygCstmrCdtTrf/RmtInf/Strd/Invcee/CtctDtls/JobTitl,JobTitl,Max35Text,0,1
pacs.009.001.13,/Document/FICdtTrf/CdtTrfTxInf/UndrlygCstmrCdtTrf/RmtInf/Strd/Invcee/CtctDtls/Rspnsblty,Rspnsblty,Max35Text,0,1
pacs.009.001.13,/Document/FICdtTrf/CdtTrfTxInf/UndrlygCstmrCdtTrf/RmtInf/Strd/Invcee/CtctDtls/Dept,Dept,Max70Text,0,1
pacs.009.001.13,/Document/FICdtTrf/CdtTrfTxInf/UndrlygCstmrCdtTrf/RmtInf/Strd/Invcee/CtctDtls/Othr,Othr,OtherContact1,0,
pacs.009.001.13,/Document/FICdtTrf/CdtTrfTxInf/UndrlygCstmrCdtTrf/RmtInf/Strd/Invcee/CtctDtls/Othr/ChanlTp,ChanlTp,Max4Text,1,1
pacs.009.001.13,/Document/FICdtTrf/CdtTrfTxInf/UndrlygCstmrCdtTrf/RmtInf/Strd/Invcee/CtctDtls/Othr/Id,Id,Max128Text,0,1
pacs.009.001.13,/Document/FICdtTrf/CdtTrfTxInf/UndrlygCstmrCdtTrf/RmtInf/Strd/Invcee/CtctDtls/PrefrdMtd,PrefrdMtd,PreferredContactMethod2Code,0,1
pacs.009.001.13,/Document/FICdtTrf/CdtTrfTxInf/UndrlygCstmrCdtTrf/RmtInf/Strd/TaxRmt,TaxRmt,TaxData1,0,1
pacs.009.001.13,/Document/FICdtTrf/CdtTrfTxInf/UndrlygCstmrCdtTrf/RmtInf/Strd/TaxRmt/Cdtr,Cdtr,TaxParty1,0,1
pacs.009.001.13,/Document/FICdtTrf/CdtTrfTxInf/UndrlygCstmrCdtTrf/RmtInf/Strd/TaxRmt/Cdtr/TaxId,TaxId,Max35Text,0,1
pacs.009.001.13,/Document/FICdtTrf/CdtTrfTxInf/UndrlygCstmrCdtTrf/RmtInf/Strd/TaxRmt/Cdtr/RegnId,RegnId,Max35Text,0,1
pacs.009.001.13,/Document/FICdtTrf/CdtTrfTxInf/UndrlygCstmrCdtTrf/RmtInf/Strd/TaxRmt/Cdtr/TaxTp,TaxTp,Max35Text,0,1
pacs.009.001.13,/Document/FICdtTrf/CdtTrfTxInf/UndrlygCstmrCdtTrf/RmtInf/Strd/TaxRmt/Dbtr,Dbtr,TaxParty2,0,1
pacs.009.001.13,/Document/FICdtTrf/CdtTrfTxInf/UndrlygCstmrCdtTrf/RmtInf/Strd/TaxRmt/Dbtr/TaxId,TaxId,Max35Text,0,1
pacs.009.001.13,/Document/FICdtTrf/CdtTrfTxInf/UndrlygCstmrCdtTrf/RmtInf/Strd/TaxRmt/Dbtr/RegnId,RegnId,Max35Text,0,1
pacs.009.001.13,/Document/FICdtTrf/CdtTrfTxInf/UndrlygCstmrCdtTrf/RmtInf/Strd/TaxRmt/Dbtr/TaxTp,TaxTp,Max35Text,0,1
pacs.009.001.13,/Document/FICdtTrf/CdtTrfTxInf/UndrlygCstmrCdtTrf/RmtInf/Strd/TaxRmt/Dbtr/Authstn,Authstn,TaxAuthorisation1,0,1
pacs.009.001.13,/Document/FICdtTrf/CdtTrfTxInf/UndrlygCstmrCdtTrf/RmtInf/Strd/TaxRmt/Dbtr/Authstn/Titl,Titl,Max35Text,0,1
pacs.009.001.13,/Document/FICdtTrf/CdtTrfTxInf/UndrlygCstmrCdtTrf/RmtInf/Strd/TaxRmt/Dbtr/Authstn/Nm,Nm,Max140Text,0,1
pacs.009.001.13,/Document/FICdtTrf/CdtTrfTxInf/UndrlygCstmrCdtTrf/RmtInf/Strd/TaxRmt/UltmtDbtr,UltmtDbtr,TaxParty2,0,1
pacs.009.001.13,/Document/FICdtTrf/CdtTrfTxInf/UndrlygCstmrCdtTrf/RmtInf/Strd/TaxRmt/UltmtDbtr/TaxId,TaxId,Max35Text,0,1
pacs.009.001.13,/Document/FICdtTrf/CdtTrfTxInf/UndrlygCstmrCdtTrf/RmtInf/Strd/TaxRmt/UltmtDbtr/RegnId,RegnId,Max35Text,0,1
pacs.009.001.13,/Document/FICdtTrf/CdtTrfTxInf/UndrlygCstmrCdtTrf/RmtInf/Strd/TaxRmt/UltmtDbtr/TaxTp,TaxTp,Max35Text,0,1
pacs.009.001.13,/Document/FICdtTrf/CdtTrfTxInf/UndrlygCstmrCdtTrf/RmtInf/Strd/TaxRmt/UltmtDbtr/Authstn,Authstn,TaxAuthorisation1,0,1
pacs.009.001.13,/Document/FICdtTrf/CdtTrfTxInf/UndrlygCstmrCdtTrf/RmtInf/Strd/TaxRmt/UltmtDbtr/Authstn/Titl,Titl,Max35Text,0,1
pacs.009.001.13,/Document/FICdtTrf/CdtTrfTxInf/UndrlygCstmrCdtTrf/RmtInf/Strd/TaxRmt/UltmtDbtr/Authstn/Nm,Nm,Max140Text,0,1
pacs.009.001.13,/Document/FICdtTrf/CdtTrfTxInf/UndrlygCstmrCdtTrf/RmtInf/Strd/TaxRmt/AdmstnZone,AdmstnZone,Max35Text,0,1
pacs.009.001.13,/Document/FICdtTrf/CdtTrfTxInf/UndrlygCstmrCdtTrf/RmtInf/Strd/TaxRmt/RefNb,RefNb,Max140Text,0,1
pacs.009.001.13,/Document/FICdtTrf/CdtTrfTxInf/UndrlygCstmrCdtTrf/RmtInf/Strd/TaxRmt/Mtd,Mtd,Max35Text,0,1
pacs.009.001.13,/Document/FICdtTrf/CdtTrfTxInf/UndrlygCstmrCdtTrf/RmtInf/Strd/TaxRmt/TtlTaxblBaseAmt,TtlTaxblBaseAmt,ActiveOrHistoricCurrencyAndAmount,0,1
pacs.009.001.13,/Document/FICdtTrf/CdtTrfTxInf/UndrlygCstmrCdtTrf/RmtInf/Strd/TaxRmt/TtlTaxAmt,TtlTaxAmt,ActiveOrHistoricCurrencyAndAmount,0,1
pacs.009.001.13,/Document/FICdtTrf/CdtTrfTxInf/UndrlygCstmrCdtTrf/RmtInf/Strd/TaxRmt/Dt,Dt,ISODate,0,1
pacs.009.001.13,/Document/FICdtTrf/CdtTrfTxInf/UndrlygCstmrCdtTrf/RmtInf/Strd/TaxRmt/SeqNb,SeqNb,Number,0,1
pacs.009.001.13,/Document/FICdtTrf/CdtTrfTxInf/UndrlygCstmrCdtTrf/RmtInf/Strd/TaxRmt/Rcrd,Rcrd,TaxRecord3,0,
pacs.009.001.13,/Document/FICdtTrf/CdtTrfTxInf/UndrlygCstmrCdtTrf/RmtInf/Strd/TaxRmt/Rcrd/Tp,Tp,Max35Text,0,1
pacs.009.001.13,/Document/FICdtTrf/CdtTrfTxInf/UndrlygCstmrCdtTrf/RmtInf/Strd/TaxRmt/Rcrd/Ctgy,Ctgy,Max35Text,0,1
pacs.009.001.13,/Document/FICdtTrf/CdtTrfTxInf/UndrlygCstmrCdtTrf/RmtInf/Strd/TaxRmt/Rcrd/CtgyDtls,CtgyDtls,Max35Text,0,1
pacs.009.001.13,/Document/FICdtTrf/CdtTrfTxInf/UndrlygCstmrCdtTrf/RmtInf/Strd/TaxRmt/Rcrd/DbtrSts,DbtrSts,Max35Text,0,1
pacs.009.001.13,/Document/FICdtTrf/CdtTrfTxInf/UndrlygCstmrCdtTrf/RmtInf/Strd/TaxRmt/Rcrd/CertId,CertId,Max35Text,0,1
pacs.009.001.13,/Document/FICdtTrf/CdtTrfTxInf/UndrlygCstmrCdtTrf/RmtInf/Strd/TaxRmt/Rcrd/FrmsCd,FrmsCd,Max35Text,0,1
pacs.009.001.13,/Document/FICdtTrf/CdtTrfTxInf/UndrlygCstmrCdtTrf/RmtInf/Strd/TaxRmt/Rcrd/Prd,Prd,TaxPeriod3,0,1
pacs.009.001.13,/Document/FICdtTrf/CdtTrfTxInf/UndrlygCstmrCdtTrf/RmtInf/Strd/TaxRmt/Rcrd/Prd/Yr,Yr,ISOYear,0,1
pacs.009.001.13,/Document/FICdtTrf/CdtTrfTxInf/UndrlygCstmrCdtTrf/RmtInf/Strd/TaxRmt/Rcrd/Prd/Tp,Tp,TaxRecordPeriod1Code,0,1
pacs.009.001.13,/Document/FICdtTrf/CdtTrfTxInf/UndrlygCstmrCdtTrf/RmtInf/Strd/TaxRmt/Rcrd/Prd/FrToDt,FrToDt,DatePeriod2,0,1
pacs.009.001.13,/Document/FICdtTrf/CdtTrfTxInf/UndrlygCstmrCdtTrf/RmtInf/Strd/TaxRmt/Rcrd/Prd/FrToDt/FrDt,FrDt,ISODate,1,1
pacs.009.001.13,/Document/FICdtTrf/CdtTrfTxInf/UndrlygCstmrCdtTrf/RmtInf/Strd/TaxRmt/Rcrd/Prd/FrToDt/ToDt,ToDt,ISODate,1,1
pacs.009.001.13,/Document/FICdtTrf/CdtTrfTxInf/UndrlygCstmrCdtTrf/RmtInf/Strd/TaxRmt/Rcrd/TaxAmt,TaxAmt,TaxAmount3,0,1
pacs.009.001.13,/Document/FICdtTrf/CdtTrfTxInf/UndrlygCstmrCdtTrf/RmtInf/Strd/TaxRmt/Rcrd/TaxAmt/Rate,Rate,PercentageRate,0,1
pacs.009.001.13,/Document/FICdtTrf/CdtTrfTxInf/UndrlygCstmrCdtTrf/RmtInf/Strd/TaxRmt/Rcrd/TaxAmt/TaxblBaseAmt,TaxblBaseAmt,ActiveOrHistoricCurrencyAndAmount,0,1
pacs.009.001.13,/Document/FICdtTrf/CdtTrfTxInf/UndrlygCstmrCdtTrf/RmtInf/Strd/TaxRmt/Rcrd/TaxAmt/TtlAmt,TtlAmt,ActiveOrHistoricCurrencyAndAmount,0,1
pacs.009.001.13,/Document/FICdtTrf/CdtTrfTxInf/UndrlygCstmrCdtTrf/RmtInf/Strd/TaxRmt/Rcrd/TaxAmt/Dtls,Dtls,TaxRecordDetails3,0,
pacs.009.001.13,/Document/FICdtTrf/CdtTrfTxInf/UndrlygCstmrCdtTrf/RmtInf/Strd/TaxRmt/Rcrd/TaxAmt/Dtls/Prd,Prd,TaxPeriod3,0,1
pacs.009.001.13,/Document/FICdtTrf/CdtTrfTxInf/UndrlygCstmrCdtTrf/RmtInf/Strd/TaxRmt/Rcrd/TaxAmt/Dtls/Prd/Yr,Yr,ISOYear,0,1
pacs.009.001.13,/Document/FICdtTrf/CdtTrfTxInf/UndrlygCstmrCdtTrf/RmtInf/Strd/TaxRmt/Rcrd/TaxAmt/Dtls/Prd/Tp,Tp,TaxRecordPeriod1Code,0,1
pacs.009.001.13,/Document/FICdtTrf/CdtTrfTxInf/UndrlygCstmrCdtTrf/RmtInf/Strd/TaxRmt/Rcrd/TaxAmt/Dtls/Prd/FrToDt,FrToDt,DatePeriod2,0,1
pacs.009.001.13,/Document/FICdtTrf/CdtTrfTxInf/UndrlygCstmrCdtTrf/RmtInf/Strd/TaxRmt/Rcrd/TaxAmt/Dtls/Prd/FrToDt/FrDt,FrDt,ISODate,1,1
pacs.009.001.13,/Document/FICdtTrf/CdtTrfTxInf/UndrlygCstmrCdtTrf/RmtInf/Strd/TaxRmt/Rcrd/TaxAmt/Dtls/Prd/FrToDt/ToDt,ToDt,ISODate,1,1
pacs.009.001.13,/Document/FICdtTrf/CdtTrfTxInf/UndrlygCstmrCdtTrf/RmtInf/Strd/TaxRmt/Rcrd/TaxAmt/Dtls/Amt,Amt,ActiveOrHistoricCurrencyAndAmount,1,1
pacs.009.001.13,/Document/FICdtTrf/CdtTrfTxInf/UndrlygCstmrCdtTrf/RmtInf/Strd/TaxRmt/Rcrd/AddtlInf,AddtlInf,Max140Text,0,1
pacs.009.001.13,/Document/FICdtTrf/CdtTrfTxInf/UndrlygCstmrCdtTrf/RmtInf/Strd/GrnshmtRmt,GrnshmtRmt,Garnishment4,0,1
pacs.009.001.13,/Document/FICdtTrf/CdtTrfTxInf/UndrlygCstmrCdtTrf/RmtInf/Strd/GrnshmtRmt/Tp,Tp,GarnishmentType1,1,1
pacs.009.001.13,/Document/FICdtTrf/CdtTrfTxInf/UndrlygCstmrCdtTrf/RmtInf/Strd/GrnshmtRmt/Tp/CdOrPrtry,CdOrPrtry,GarnishmentType1Choice,1,1
pacs.009.001.13,/Document/FICdtTrf/CdtTrfTxInf/UndrlygCstmrCdtTrf/RmtInf/Strd/GrnshmtRmt/Tp/CdOrPrtry/Cd,Cd,ExternalGarnishmentType1Code,1,1
pacs.009.001.13,/Document/FICdtTrf/CdtTrfTxInf/UndrlygCstmrCdtTrf/RmtInf/Strd/GrnshmtRmt/Tp/CdOrPrtry/Prtry,Prtry,Max35Text,1,1
pacs.009.001.13,/Document/FICdtTrf/CdtTrfTxInf/UndrlygCstmrCdtTrf/RmtInf/Strd/GrnshmtRmt/Tp/Issr,Issr,Max35Text,0,1
pacs.009.001.13,/Document/FICdtTrf/CdtTrfTxInf/UndrlygCstmrCdtTrf/RmtInf/Strd/GrnshmtRmt/Grnshee,Grnshee,PartyIdentification272,0,1
pacs.009.001.13,/Document/FICdtTrf/CdtTrfTxInf/UndrlygCstmrCdtTrf/RmtInf/Strd/GrnshmtRmt/Grnshee/Nm,Nm,Max140Text,0,1
pacs.009.001.13,/Document/FICdtTrf/CdtTrfTxInf/UndrlygCstmrCdtTrf/RmtInf/Strd/GrnshmtRmt/Grnshee/PstlAdr,PstlAdr,PostalAddress27,0,1
pacs.009.001.13,/Document/FICdtTrf/CdtTrfTxInf/UndrlygCstmrCdtTrf/RmtInf/Strd/GrnshmtRmt/Grnshee/PstlAdr/AdrTp,AdrTp,AddressType3Choice,0,1
pacs.009.001.13,/Document/FICdtTrf/CdtTrfTxInf/UndrlygCstmrCdtTrf/RmtInf/Strd/GrnshmtRmt/Grnshee/PstlAdr/AdrTp/Cd,Cd,AddressType2Code,1,1
pacs.009.001.13,/Document/FICdtTrf/CdtTrfTxInf/UndrlygCstmrCdtTrf/RmtInf/Strd/GrnshmtRmt/Grnshee/PstlAdr/AdrTp/Prtry,Prtry,GenericIdentification30,1,1
pacs.009.001.13,/Document/FICdtTrf/CdtTrfTxInf/UndrlygCstmrCdtTrf/RmtInf/Strd/GrnshmtRmt/Grnshee/PstlAdr/AdrTp/Prtry/Id,Id,Exact4AlphaNumericText,1,1
pacs.009.001.13,/Document/FICdtTrf/CdtTrfTxInf/UndrlygCstmrCdtTrf/RmtInf/Strd/GrnshmtRmt/Grnshee/PstlAdr/AdrTp/Prtry/Issr,Issr,Max35Text,1,1
pacs.009.001.13,/Document/FICdtTrf/CdtTrfTxInf/UndrlygCstmrCdtTrf/RmtInf/Strd/GrnshmtRmt/Grnshee/PstlAdr/AdrTp/Prtry/SchmeNm,SchmeNm,Max35Text,0,1
pacs.009.001.13,/Document/FICdtTrf/CdtTrfTxInf/UndrlygCstmrCdtTrf/RmtInf/Strd/GrnshmtRmt/Grnshee/PstlAdr/CareOf,CareOf,Max140Text,0,1
pacs.009.001.13,/Document/FICdtTrf/CdtTrfTxInf/UndrlygCstmrCdtTrf/RmtInf/Strd/GrnshmtRmt/Grnshee/PstlAdr/Dept,Dept,Max70Text,0,1
pacs.009.001.13,/Document/FICdtTrf/CdtTrfTxInf/UndrlygCstmrCdtTrf/RmtInf/Strd/GrnshmtRmt/Grnshee/PstlAdr/SubDept,SubDept,Max70Text,0,1
pacs.009.001.13,/Document/FICdtTrf/CdtTrfTxInf/UndrlygCstmrCdtTrf/RmtInf/Strd/GrnshmtRmt/Grnshee/PstlAdr/StrtNm,StrtNm,Max140Text,0,1
pacs.009.001.13,/Document/FICdtTrf/CdtTrfTxInf/UndrlygCstmrCdtTrf/RmtInf/Strd/GrnshmtRmt/Grnshee/PstlAdr/BldgNb,BldgNb,Max16Text,0,1
pacs.009.001.13,/Document/FICdtTrf/CdtTrfTxInf/UndrlygCstmrCdtTrf/RmtInf/Strd/GrnshmtRmt/Grnshee/PstlAdr/BldgNm,BldgNm,Max140Text,0,1
pacs.009.001.13,/Document/FICdtTrf/CdtTrfTxInf/UndrlygCstmrCdtTrf/RmtInf/Strd/GrnshmtRmt/Grnshee/PstlAdr/Flr,Flr,Max70Text,0,1
pacs.009.001.13,/Document/FICdtTrf/CdtTrfTxInf/UndrlygCstmrCdtTrf/RmtInf/Strd/GrnshmtRmt/Grnshee/PstlAdr/UnitNb,UnitNb,Max16Text,0,1
pacs.009.001.13,/Document/FICdtTrf/CdtTrfTxInf/UndrlygCstmrCdtTrf/RmtInf/Strd/GrnshmtRmt/Grnshee/PstlAdr/PstBx,PstBx,Max16Text,0,1
pacs.009.001.13,/Document/FICdtTrf/CdtTrfTxInf/UndrlygCstmrCdtTrf/RmtInf/Strd/GrnshmtRmt/Grnshee/PstlAdr/Room,Room,Max70Text,0,1
pacs.009.001.13,/Document/FICdtTrf/CdtTrfTxInf/UndrlygCstmrCdtTrf/RmtInf/Strd/GrnshmtRmt/Grnshee/PstlAdr/PstCd,PstCd,Max16Text,0,1
pacs.009.001.13,/Document/FICdtTrf/CdtTrfTxInf/UndrlygCstmrCdtTrf/RmtInf/Strd/GrnshmtRmt/Grnshee/PstlAdr/TwnNm,TwnNm,Max140Text,0,1
pacs.009.001.13,/Document/FICdtTrf/CdtTrfTxInf/UndrlygCstmrCdtTrf/RmtInf/Strd/GrnshmtRmt/Grnshee/PstlAdr/TwnLctnNm,TwnLctnNm,Max140Text,0,1
pacs.009.001.13,/Document/FICdtTrf/CdtTrfTxInf/UndrlygCstmrCdtTrf/RmtInf/Strd/GrnshmtRmt/Grnshee/PstlAdr/DstrctNm,DstrctNm,Max140Text,0,1
pacs.009.001.13,/Document/FICdtTrf/CdtTrfTxInf/UndrlygCstmrCdtTrf/RmtInf/Strd/GrnshmtRmt/Grnshee/PstlAdr/CtrySubDvsn,CtrySubDvsn,Max35Text,0,1
pacs.009.001.13,/Document/FICdtTrf/CdtTrfTxInf/UndrlygCstmrCdtTrf/RmtInf/Strd/GrnshmtRmt/Grnshee/PstlAdr/Ctry,Ctry,CountryCode,0,1
pacs.009.001.13,/Document/FICdtTrf/CdtTrfTxInf/UndrlygCstmrCdtTrf/RmtInf/Strd/GrnshmtRmt/Grnshee/PstlAdr/AdrLine,AdrLine,Max70Text,0,7
pacs.009.001.13,/Document/FICdtTrf/CdtTrfTxInf/UndrlygCstmrCdtTrf/RmtInf/Strd/GrnshmtRmt/Grnshee/Id,Id,Party52Choice,0,1
pacs.009.001.13,/Document/FICdtTrf/CdtTrfTxInf/UndrlygCstmrCdtTrf/RmtInf/Strd/GrnshmtRmt/Grnshee/Id/OrgId,OrgId,OrganisationIdentification39,1,1
pacs.009.001.13,/Document/FICdtTrf/CdtTrfTxInf/UndrlygCstmrCdtTrf/RmtInf/Strd/GrnshmtRmt/Grnshee/Id/OrgId/AnyBIC,AnyBIC,AnyBICDec2014Identifier,0,1
pacs.009.001.13,/Document/FICdtTrf/CdtTrfTxInf/UndrlygCstmrCdtTrf/RmtInf/Strd/GrnshmtRmt/Grnshee/Id/OrgId/LEI,LEI,LEIIdentifier,0,1
pacs.009.001.13,/Document/FICdtTrf/CdtTrfTxInf/UndrlygCstmrCdtTrf/RmtInf/Strd/GrnshmtRmt/Grnshee/Id/OrgId/Othr,Othr,GenericOrganisationIdentification3,0,
pacs.009.001.13,/Document/FICdtTrf/CdtTrfTxInf/UndrlygCstmrCdtTrf/RmtInf/Strd/GrnshmtRmt/Grnshee/Id/OrgId/Othr/Id,Id,Max256Text,1,1
pacs.009.001.13,/Document/FICdtTrf/CdtTrfTxInf/UndrlygCstmrCdtTrf/RmtInf/Strd/GrnshmtRmt/Grnshee/Id/OrgId/Othr/SchmeNm,SchmeNm,OrganisationIdentificationSchemeName1Choice,0,1
pacs.009.001.13,/Document/FICdtTrf/CdtTrfTxInf/UndrlygCstmrCdtTrf/RmtInf/Strd/GrnshmtRmt/Grnshee/Id/OrgId/Othr/SchmeNm/Cd,Cd,ExternalOrganisationIdentification1Code,1,1
pacs.009.001.13,/Document/FICdtTrf/CdtTrfTxInf/UndrlygCstmrCdtTrf/RmtInf/Strd/GrnshmtRmt/Grnshee/Id/OrgId/Othr/SchmeNm/Prtry,Prtry,Max35Text,1,1
pacs.009.001.13,/Document/FICdtTrf/CdtTrfTxInf/UndrlygCstmrCdtTrf/RmtInf/Strd/GrnshmtRmt/Grnshee/Id/OrgId/Othr/Issr,Issr,Max35Text,0,1
pacs.009.001.13,/Document/FICdtTrf/CdtTrfTxInf/UndrlygCstmrCdtTrf/RmtInf/Strd/GrnshmtRmt/Grnshee/Id/PrvtId,PrvtId,PersonIdentification18,1,1
pacs.009.001.13,/Document/FICdtTrf/CdtTrfTxInf/UndrlygCstmrCdtTrf/RmtInf/Strd/GrnshmtRmt/Grnshee/Id/PrvtId/DtAndPlcOfBirth,DtAndPlcOfBirth,DateAndPlaceOfBirth1,0,1
pacs.009.001.13,/Document/FICdtTrf/CdtTrfTxInf/UndrlygCstmrCdtTrf/RmtInf/Strd/GrnshmtRmt/Grnshee/Id/PrvtId/DtAndPlcOfBirth/BirthDt,BirthDt,ISODate,1,1
pacs.009.001.13,/Document/FICdtTrf/CdtTrfTxInf/UndrlygCstmrCdtTrf/RmtInf/Strd/GrnshmtRmt/Grnshee/Id/PrvtId/DtAndPlcOfBirth/PrvcOfBirth,PrvcOfBirth,Max35Text,0,1
pacs.009.001.13,/Document/FICdtTrf/CdtTrfTxInf/UndrlygCstmrCdtTrf/RmtInf/Strd/GrnshmtRmt/Grnshee/Id/PrvtId/DtAndPlcOfBirth/CityOfBirth,CityOfBirth,Max35Text,1,1
pacs.009.001.13,/Document/FICdtTrf/CdtTrfTxInf/UndrlygCstmrCdtTrf/RmtInf/Strd/GrnshmtRmt/Grnshee/Id/PrvtId/DtAndPlcOfBirth/CtryOfBirth,CtryOfBirth,CountryCode,1,1
pacs.009.001.13,/Document/FICdtTrf/CdtTrfTxInf/UndrlygCstmrCdtTrf/RmtInf/Strd/GrnshmtRmt/Grnshee/Id/PrvtId/Othr,Othr,GenericPersonIdentification2,0,
pacs.009.001.13,/Document/FICdtTrf/CdtTrfTxInf/UndrlygCstmrCdtTrf/RmtInf/Strd/GrnshmtRmt/Grnshee/Id/PrvtId/Othr/Id,Id,Max256Text,1,1
pacs.009.001.13,/Document/FICdtTrf/CdtTrfTxInf/UndrlygCstmrCdtTrf/RmtInf/Strd/GrnshmtRmt/Grnshee/Id/PrvtId/Othr/SchmeNm,SchmeNm,PersonIdentificationSchemeName1Choice,0,1
pacs.009.001.13,/Document/FICdtTrf/CdtTrfTxInf/UndrlygCstmrCdtTrf/RmtInf/Strd/GrnshmtRmt/Grnshee/Id/PrvtId/Othr/SchmeNm/Cd,Cd,ExternalPersonIdentification1Code,1,1
pacs.009.001.13,/Document/FICdtTrf/CdtTrfTxInf/UndrlygCstmrCdtTrf/RmtInf/Strd/GrnshmtRmt/Grnshee/Id/PrvtId/Othr/SchmeNm/Prtry,Prtry,Max35Text,1,1
pacs.009.001.13,/Document/FICdtTrf/CdtTrfTxInf/UndrlygCstmrCdtTrf/RmtInf/Strd/GrnshmtRmt/Grnshee/Id/PrvtId/Othr/Issr,Issr,Max35Text,0,1
pacs.009.001.13,/Document/FICdtTrf/CdtTrfTxInf/UndrlygCstmrCdtTrf/RmtInf/Strd/GrnshmtRmt/Grnshee/CtryOfRes,CtryOfRes,CountryCode,0,1
pacs.009.001.13,/Document/FICdtTrf/CdtTrfTxInf/UndrlygCstmrCdtTrf/RmtInf/Strd/GrnshmtRmt/Grnshee/CtctDtls,CtctDtls,Contact13,0,1
pacs.009.001.13,/Document/FICdtTrf/CdtTrfTxInf/UndrlygCstmrCdtTrf/RmtInf/Strd/GrnshmtRmt/Grnshee/CtctDtls/NmPrfx,NmPrfx,NamePrefix2Code,0,1
pacs.009.001.13,/Document/FICdtTrf/CdtTrfTxInf/UndrlygCstmrCdtTrf/RmtInf/Strd/GrnshmtRmt/Grnshee/CtctDtls/Nm,Nm,Max140Text,0,1
pacs.009.001.13,/Document/FICdtTrf/CdtTrfTxInf/UndrlygCstmrCdtTrf/RmtInf/Strd/GrnshmtRmt/Grnshee/CtctDtls/PhneNb,PhneNb,PhoneNumber,0,1
pacs.009.001.13,/Document/FICdtTrf/CdtTrfTxInf/UndrlygCstmrCdtTrf/RmtInf/Strd/GrnshmtRmt/Grnshee/CtctDtls/MobNb,MobNb,PhoneNumber,0,1
pacs.009.001.13,/Document/FICdtTrf/CdtTrfTxInf/UndrlygCstmrCdtTrf/RmtInf/Strd/GrnshmtRmt/Grnshee/CtctDtls/FaxNb,FaxNb,PhoneNumber,0,1
pacs.009.001.13,/Document/FICdtTrf/CdtTrfTxInf/UndrlygCstmrCdtTrf/RmtInf/Strd/GrnshmtRmt/Grnshee/CtctDtls/URLAdr,URLAdr,Max2048Text,0,1
pacs.009.001.13,/Document/FICdtTrf/CdtTrfTxInf/UndrlygCstmrCdtTrf/RmtInf/Strd/GrnshmtRmt/Grnshee/CtctDtls/EmailAdr,EmailAdr,Max256Text,0,1
pacs.009.001.13,/Document/FICdtTrf/CdtTrfTxInf/UndrlygCstmrCdtTrf/RmtInf/Strd/GrnshmtRmt/Grnshee/CtctDtls/EmailPurp,EmailPurp,Max35Text,0,1
pacs.009.001.13,/Document/FICdtTrf/CdtTrfTxInf/UndrlygCstmrCdtTrf/RmtInf/Strd/GrnshmtRmt/Grnshee/CtctDtls/JobTitl,JobTitl,Max35Text,0,1
pacs.009.001.13,/Document/FICdtTrf/CdtTrfTxInf/UndrlygCstmrCdtTrf/RmtInf/Strd/GrnshmtRmt/Grnshee/CtctDtls/Rspnsblty,Rspnsblty,Max35Text,0,1
pacs.009.001.13,/Document/FICdtTrf/CdtTrfTxInf/UndrlygCstmrCdtTrf/RmtInf/Strd/GrnshmtRmt/Grnshee/CtctDtls/Dept,Dept,Max70Text,0,1
pacs.009.001.13,/Document/FICdtTrf/CdtTrfTxInf/UndrlygCstmrCdtTrf/RmtInf/Strd/GrnshmtRmt/Grnshee/CtctDtls/Othr,Othr,OtherContact1,0,
pacs.009.001.13,/Document/FICdtTrf/CdtTrfTxInf/UndrlygCstmrCdtTrf/RmtInf/Strd/GrnshmtRmt/Grnshee/CtctDtls/Othr/ChanlTp,ChanlTp,Max4Text,1,1
pacs.009.001.13,/Document/FICdtTrf/CdtTrfTxInf/UndrlygCstmrCdtTrf/RmtInf/Strd/GrnshmtRmt/Grnshee/CtctDtls/Othr/Id,Id,Max128Text,0,1
pacs.009.001.13,/Document/FICdtTrf/CdtTrfTxInf/UndrlygCstmrCdtTrf/RmtInf/Strd/GrnshmtRmt/Grnshee/CtctDtls/PrefrdMtd,PrefrdMtd,PreferredContactMethod2Code,0,1
pacs.009.001.13,/Document/FICdtTrf/CdtTrfTxInf/UndrlygCstmrCdtTrf/RmtInf/Strd/GrnshmtRmt/GrnshmtAdmstr,GrnshmtAdmstr,PartyIdentification272,0,1
pacs.009.001.13,/Document/FICdtTrf/CdtTrfTxInf/UndrlygCstmrCdtTrf/RmtInf/Strd/GrnshmtRmt/GrnshmtAdmstr/Nm,Nm,Max140Text,0,1
pacs.009.001.13,/Document/FICdtTrf/CdtTrfTxInf/UndrlygCstmrCdtTrf/RmtInf/Strd/GrnshmtRmt/GrnshmtAdmstr/PstlAdr,PstlAdr,PostalAddress27,0,1
pacs.009.001.13,/Document/FICdtTrf/CdtTrfTxInf/UndrlygCstmrCdtTrf/RmtInf/Strd/GrnshmtRmt/GrnshmtAdmstr/PstlAdr/AdrTp,AdrTp,AddressType3Choice,0,1
pacs.009.001.13,/Document/FICdtTrf/CdtTrfTxInf/UndrlygCstmrCdtTrf/RmtInf/Strd/GrnshmtRmt/GrnshmtAdmstr/PstlAdr/AdrTp/Cd,Cd,AddressType2Code,1,1
pacs.009.001.13,/Document/FICdtTrf/CdtTrfTxInf/UndrlygCstmrCdtTrf/RmtInf/Strd/GrnshmtRmt/GrnshmtAdmstr/PstlAdr/AdrTp/Prtry,Prtry,GenericIdentification30,1,1
pacs.009.001.13,/Document/FICdtTrf/CdtTrfTxInf/UndrlygCstmrCdtTrf/RmtInf/Strd/GrnshmtRmt/GrnshmtAdmstr/PstlAdr/AdrTp/Prtry/Id,Id,Exact4AlphaNumericText,1,1
pacs.009.001.13,/Document/FICdtTrf/CdtTrfTxInf/UndrlygCstmrCdtTrf/RmtInf/Strd/GrnshmtRmt/GrnshmtAdmstr/PstlAdr/AdrTp/Prtry/Issr,Issr,Max35Text,1,1
pacs.009.001.13,/Document/FICdtTrf/CdtTrfTxInf/UndrlygCstmrCdtTrf/RmtInf/Strd/GrnshmtRmt/GrnshmtAdmstr/PstlAdr/AdrTp/Prtry/SchmeNm,SchmeNm,Max35Text,0,1
pacs.009.001.13,/Document/FICdtTrf/CdtTrfTxInf/UndrlygCstmrCdtTrf/RmtInf/Strd/GrnshmtRmt/GrnshmtAdmstr/PstlAdr/CareOf,CareOf,Max140Text,0,1
pacs.009.001.13,/Document/FICdtTrf/CdtTrfTxInf/UndrlygCstmrCdtTrf/RmtInf/Strd/GrnshmtRmt/GrnshmtAdmstr/PstlAdr/Dept,Dept,Max70Text,0,1
pacs.009.001.13,/Document/FICdtTrf/CdtTrfTxInf/UndrlygCstmrCdtTrf/RmtInf/Strd/GrnshmtRmt/GrnshmtAdmstr/PstlAdr/SubDept,SubDept,Max70Text,0,1
pacs.009.001.13,/Document/FICdtTrf/CdtTrfTxInf/UndrlygCstmrCdtTrf/RmtInf/Strd/GrnshmtRmt/GrnshmtAdmstr/PstlAdr/StrtNm,StrtNm,Max140Text,0,1
pacs.009.001.13,/Document/FICdtTrf/CdtTrfTxInf/UndrlygCstmrCdtTrf/RmtInf/Strd/GrnshmtRmt/GrnshmtAdmstr/PstlAdr/BldgNb,BldgNb,Max16Text,0,1
pacs.009.001.13,/Document/FICdtTrf/CdtTrfTxInf/UndrlygCstmrCdtTrf/RmtInf/Strd/GrnshmtRmt/GrnshmtAdmstr/PstlAdr/BldgNm,BldgNm,Max140Text,0,1
pacs.009.001.13,/Document/FICdtTrf/CdtTrfTxInf/UndrlygCstmrCdtTrf/RmtInf/Strd/GrnshmtRmt/GrnshmtAdmstr/PstlAdr/Flr,Flr,Max70Text,0,1
pacs.009.001.13,/Document/FICdtTrf/CdtTrfTxInf/UndrlygCstmrCdtTrf/RmtInf/Strd/GrnshmtRmt/GrnshmtAdmstr/PstlAdr/UnitNb,UnitNb,Max16Text,0,1
pacs.009.001.13,/Document/FICdtTrf/CdtTrfTxInf/UndrlygCstmrCdtTrf/RmtInf/Strd/GrnshmtRmt/GrnshmtAdmstr/PstlAdr/PstBx,PstBx,Max16Text,0,1
pacs.009.001.13,/Document/FICdtTrf/CdtTrfTxInf/UndrlygCstmrCdtTrf/RmtInf/Strd/GrnshmtRmt/GrnshmtAdmstr/PstlAdr/Room,Room,Max70Text,0,1
pacs.009.001.13,/Document/FICdtTrf/CdtTrfTxInf/UndrlygCstmrCdtTrf/RmtInf/Strd/GrnshmtRmt/GrnshmtAdmstr/PstlAdr/PstCd,PstCd,Max16Text,0,1
pacs.009.001.13,/Document/FICdtTrf/CdtTrfTxInf/UndrlygCstmrCdtTrf/RmtInf/Strd/GrnshmtRmt/GrnshmtAdmstr/PstlAdr/TwnNm,TwnNm,Max140Text,0,1
pacs.009.001.13,/Document/FICdtTrf/CdtTrfTxInf/UndrlygCstmrCdtTrf/RmtInf/Strd/GrnshmtRmt/GrnshmtAdmstr/PstlAdr/TwnLctnNm,TwnLctnNm,Max140Text,0,1
pacs.009.001.13,/Document/FICdtTrf/CdtTrfTxInf/UndrlygCstmrCdtTrf/RmtInf/Strd/GrnshmtRmt/GrnshmtAdmstr/PstlAdr/DstrctNm,DstrctNm,Max140Text,0,1
pacs.009.001.13,/Document/FICdtTrf/CdtTrfTxInf/UndrlygCstmrCdtTrf/RmtInf/Strd/GrnshmtRmt/GrnshmtAdmstr/PstlAdr/CtrySubDvsn,CtrySubDvsn,Max35Text,0,1
pacs.009.001.13,/Document/FICdtTrf/CdtTrfTxInf/UndrlygCstmrCdtTrf/RmtInf/Strd/GrnshmtRmt/GrnshmtAdmstr/PstlAdr/Ctry,Ctry,CountryCode,0,1
pacs.009.001.13,/Document/FICdtTrf/CdtTrfTxInf/UndrlygCstmrCdtTrf/RmtInf/Strd/GrnshmtRmt/GrnshmtAdmstr/PstlAdr/AdrLine,AdrLine,Max70Text,0,7
pacs.009.001.13,/Document/FICdtTrf/CdtTrfTxInf/UndrlygCstmrCdtTrf/RmtInf/Strd/GrnshmtRmt/GrnshmtAdmstr/Id,Id,Party52Choice,0,1
pacs.009.001.13,/Document/FICdtTrf/CdtTrfTxInf/UndrlygCstmrCdtTrf/RmtInf/Strd/GrnshmtRmt/GrnshmtAdmstr/Id/OrgId,OrgId,OrganisationIdentification39,1,1
pacs.009.001.13,/Document/FICdtTrf/CdtTrfTxInf/UndrlygCstmrCdtTrf/RmtInf/Strd/GrnshmtRmt/GrnshmtAdmstr/Id/OrgId/AnyBIC,AnyBIC,AnyBICDec2014Identifier,0,1
pacs.009.001.13,/Document/FICdtTrf/CdtTrfTxInf/UndrlygCstmrCdtTrf/RmtInf/Strd/GrnshmtRmt/GrnshmtAdmstr/Id/OrgId/LEI,LEI,LEIIdentifier,0,1
pacs.009.001.13,/Document/FICdtTrf/CdtTrfTxInf/UndrlygCstmrCdtTrf/RmtInf/Strd/GrnshmtRmt/GrnshmtAdmstr/Id/OrgId/Othr,Othr,GenericOrganisationIdentification3,0,
pacs.009.001.13,/Document/FICdtTrf/CdtTrfTxInf/UndrlygCstmrCdtTrf/RmtInf/Strd/GrnshmtRmt/GrnshmtAdmstr/Id/OrgId/Othr/Id,Id,Max256Text,1,1
pacs.009.001.13,/Document/FICdtTrf/CdtTrfTxInf/UndrlygCstmrCdtTrf/RmtInf/Strd/GrnshmtRmt/GrnshmtAdmstr/Id/OrgId/Othr/SchmeNm,SchmeNm,OrganisationIdentificationSchemeName1Choice,0,1
pacs.009.001.13,/Document/FICdtTrf/CdtTrfTxInf/UndrlygCstmrCdtTrf/RmtInf/Strd/GrnshmtRmt/GrnshmtAdmstr/Id/OrgId/Othr/SchmeNm/Cd,Cd,ExternalOrganisationIdentification1Code,1,1
pacs.009.001.13,/Document/FICdtTrf/CdtTrfTxInf/UndrlygCstmrCdtTrf/RmtInf/Strd/GrnshmtRmt/GrnshmtAdmstr/Id/OrgId/Othr/SchmeNm/Prtry,Prtry,Max35Text,1,1
pacs.009.001.13,/Document/FICdtTrf/CdtTrfTxInf/UndrlygCstmrCdtTrf/RmtInf/Strd/GrnshmtRmt/GrnshmtAdmstr/Id/OrgId/Othr/Issr,Issr,Max35Text,0,1
pacs.009.001.13,/Document/FICdtTrf/CdtTrfTxInf/UndrlygCstmrCdtTrf/RmtInf/Strd/GrnshmtRmt/GrnshmtAdmstr/Id/PrvtId,PrvtId,PersonIdentification18,1,1
pacs.009.001.13,/Document/FICdtTrf/CdtTrfTxInf/UndrlygCstmrCdtTrf/RmtInf/Strd/GrnshmtRmt/GrnshmtAdmstr/Id/PrvtId/DtAndPlcOfBirth,DtAndPlcOfBirth,DateAndPlaceOfBirth1,0,1
pacs.009.001.13,/Document/FICdtTrf/CdtTrfTxInf/UndrlygCstmrCdtTrf/RmtInf/Strd/GrnshmtRmt/GrnshmtAdmstr/Id/PrvtId/DtAndPlcOfBirth/BirthDt,BirthDt,ISODate,1,1
pacs.009.001.13,/Document/FICdtTrf/CdtTrfTxInf/UndrlygCstmrCdtTrf/RmtInf/Strd/GrnshmtRmt/GrnshmtAdmstr/Id/PrvtId/DtAndPlcOfBirth/PrvcOfBirth,PrvcOfBirth,Max35Text,0,1
pacs.009.001.13,/Document/FICdtTrf/CdtTrfTxInf/UndrlygCstmrCdtTrf/RmtInf/Strd/GrnshmtRmt/GrnshmtAdmstr/Id/PrvtId/DtAndPlcOfBirth/CityOfBirth,CityOfBirth,Max35Text,1,1
pacs.009.001.13,/Document/FICdtTrf/CdtTrfTxInf/UndrlygCstmrCdtTrf/RmtInf/Strd/GrnshmtRmt/GrnshmtAdmstr/Id/PrvtId/DtAndPlcOfBirth/CtryOfBirth,CtryOfBirth,CountryCode,1,1
pacs.009.001.13,/Document/FICdtTrf/CdtTrfTxInf/UndrlygCstmrCdtTrf/RmtInf/Strd/GrnshmtRmt/GrnshmtAdmstr/Id/PrvtId/Othr,Othr,GenericPersonIdentification2,0,
pacs.009.001.13,/Document/FICdtTrf/CdtTrfTxInf/UndrlygCstmrCdtTrf/RmtInf/Strd/GrnshmtRmt/GrnshmtAdmstr/Id/PrvtId/Othr/Id,Id,Max256Text,1,1
pacs.009.001.13,/Document/FICdtTrf/CdtTrfTxInf/UndrlygCstmrCdtTrf/RmtInf/Strd/GrnshmtRmt/GrnshmtAdmstr/Id/PrvtId/Othr/SchmeNm,SchmeNm,PersonIdentificationSchemeName1Choice,0,1
pacs.009.001.13,/Document/FICdtTrf/CdtTrfTxInf/UndrlygCstmrCdtTrf/RmtInf/Strd/GrnshmtRmt/GrnshmtAdmstr/Id/PrvtId/Othr/SchmeNm/Cd,Cd,ExternalPersonIdentification1Code,1,1
pacs.009.001.13,/Document/FICdtTrf/CdtTrfTxInf/UndrlygCstmrCdtTrf/RmtInf/Strd/GrnshmtRmt/GrnshmtAdmstr/Id/PrvtId/Othr/SchmeNm/Prtry,Prtry,Max35Text,1,1
pacs.009.001.13,/Document/FICdtTrf/CdtTrfTxInf/UndrlygCstmrCdtTrf/RmtInf/Strd/GrnshmtRmt/GrnshmtAdmstr/Id/PrvtId/Othr/Issr,Issr,Max35Text,0,1
pacs.009.001.13,/Document/FICdtTrf/CdtTrfTxInf/UndrlygCstmrCdtTrf/RmtInf/Strd/GrnshmtRmt/GrnshmtAdmstr/CtryOfRes,CtryOfRes,CountryCode,0,1
pacs.009.001.13,/Document/FICdtTrf/CdtTrfTxInf/UndrlygCstmrCdtTrf/RmtInf/Strd/GrnshmtRmt/GrnshmtAdmstr/CtctDtls,CtctDtls,Contact13,0,1
pacs.009.001.13,/Document/FICdtTrf/CdtTrfTxInf/UndrlygCstmrCdtTrf/RmtInf/Strd/GrnshmtRmt/GrnshmtAdmstr/CtctDtls/NmPrfx,NmPrfx,NamePrefix2Code,0,1
pacs.009.001.13,/Document/FICdtTrf/CdtTrfTxInf/UndrlygCstmrCdtTrf/RmtInf/Strd/GrnshmtRmt/GrnshmtAdmstr/CtctDtls/Nm,Nm,Max140Text,0,1
pacs.009.001.13,/Document/FICdtTrf/CdtTrfTxInf/UndrlygCstmrCdtTrf/RmtInf/Strd/GrnshmtRmt/GrnshmtAdmstr/CtctDtls/PhneNb,PhneNb,PhoneNumber,0,1
pacs.009.001.13,/Document/FICdtTrf/CdtTrfTxInf/UndrlygCstmrCdtTrf/RmtInf/Strd/GrnshmtRmt/GrnshmtAdmstr/CtctDtls/MobNb,MobNb,PhoneNumber,0,1
pacs.009.001.13,/Document/FICdtTrf/CdtTrfTxInf/UndrlygCstmrCdtTrf/RmtInf/Strd/GrnshmtRmt/GrnshmtAdmstr/CtctDtls/FaxNb,FaxNb,PhoneNumber,0,1
pacs.009.001.13,/Document/FICdtTrf/CdtTrfTxInf/UndrlygCstmrCdtTrf/RmtInf/Strd/GrnshmtRmt/GrnshmtAdmstr/CtctDtls/URLAdr,URLAdr,Max2048Text,0,1
pacs.009.001.13,/Document/FICdtTrf/CdtTrfTxInf/UndrlygCstmrCdtTrf/RmtInf/Strd/GrnshmtRmt/GrnshmtAdmstr/CtctDtls/EmailAdr,EmailAdr,Max256Text,0,1
pacs.009.001.13,/Document/FICdtTrf/CdtTrfTxInf/UndrlygCstmrCdtTrf/RmtInf/Strd/GrnshmtRmt/GrnshmtAdmstr/CtctDtls/EmailPurp,EmailPurp,Max35Text,0,1
pacs.009.001.13,/Document/FICdtTrf/CdtTrfTxInf/UndrlygCstmrCdtTrf/RmtInf/Strd/GrnshmtRmt/GrnshmtAdmstr/CtctDtls/JobTitl,JobTitl,Max35Text,0,1
pacs.009.001.13,/Document/FICdtTrf/CdtTrfTxInf/UndrlygCstmrCdtTrf/RmtInf/Strd/GrnshmtRmt/GrnshmtAdmstr/CtctDtls/Rspnsblty,Rspnsblty,Max35Text,0,1
pacs.009.001.13,/Document/FICdtTrf/CdtTrfTxInf/UndrlygCstmrCdtTrf/RmtInf/Strd/GrnshmtRmt/GrnshmtAdmstr/CtctDtls/Dept,Dept,Max70Text,0,1
pacs.009.001.13,/Document/FICdtTrf/CdtTrfTxInf/UndrlygCstmrCdtTrf/RmtInf/Strd/GrnshmtRmt/GrnshmtAdmstr/CtctDtls/Othr,Othr,OtherContact1,0,
pacs.009.001.13,/Document/FICdtTrf/CdtTrfTxInf/UndrlygCstmrCdtTrf/RmtInf/Strd/GrnshmtRmt/GrnshmtAdmstr/CtctDtls/Othr/ChanlTp,ChanlTp,Max4Text,1,1
pacs.009.001.13,/Document/FICdtTrf/CdtTrfTxInf/UndrlygCstmrCdtTrf/RmtInf/Strd/GrnshmtRmt/GrnshmtAdmstr/CtctDtls/Othr/Id,Id,Max128Text,0,1
pacs.009.001.13,/Document/FICdtTrf/CdtTrfTxInf/UndrlygCstmrCdtTrf/RmtInf/Strd/GrnshmtRmt/GrnshmtAdmstr/CtctDtls/PrefrdMtd,PrefrdMtd,PreferredContactMethod2Code,0,1
pacs.009.001.13,/Document/FICdtTrf/CdtTrfTxInf/UndrlygCstmrCdtTrf/RmtInf/Strd/GrnshmtRmt/RefNb,RefNb,Max140Text,0,1
pacs.009.001.13,/Document/FICdtTrf/CdtTrfTxInf/UndrlygCstmrCdtTrf/RmtInf/Strd/GrnshmtRmt/Dt,Dt,ISODate,0,1
pacs.009.001.13,/Document/FICdtTrf/CdtTrfTxInf/UndrlygCstmrCdtTrf/RmtInf/Strd/GrnshmtRmt/RmtdAmt,RmtdAmt,ActiveOrHistoricCurrencyAndAmount,0,1
pacs.009.001.13,/Document/FICdtTrf/CdtTrfTxInf/UndrlygCstmrCdtTrf/RmtInf/Strd/GrnshmtRmt/FmlyMdclInsrncInd,FmlyMdclInsrncInd,TrueFalseIndicator,0,1
pacs.009.001.13,/Document/FICdtTrf/CdtTrfTxInf/UndrlygCstmrCdtTrf/RmtInf/Strd/GrnshmtRmt/MplyeeTermntnInd,MplyeeTermntnInd,TrueFalseIndicator,0,1
pacs.009.001.13,/Document/FICdtTrf/CdtTrfTxInf/UndrlygCstmrCdtTrf/RmtInf/Strd/SctiesData,SctiesData,SecuritiesAttributes1,0,
pacs.009.001.13,/Document/FICdtTrf/CdtTrfTxInf/UndrlygCstmrCdtTrf/RmtInf/Strd/SctiesData/UnqTxIdr,UnqTxIdr,UTIIdentifier,1,1
pacs.009.001.13,/Document/FICdtTrf/CdtTrfTxInf/UndrlygCstmrCdtTrf/RmtInf/Strd/SctiesData/Amt,Amt,ActiveCurrencyAndAmount,0,1
pacs.009.001.13,/Document/FICdtTrf/CdtTrfTxInf/UndrlygCstmrCdtTrf/RmtInf/Strd/AddtlRmtInf,AddtlRmtInf,Max140Text,0,3
pacs.009.001.13,/Document/FICdtTrf/CdtTrfTxInf/UndrlygCstmrCdtTrf/InstdAmt,InstdAmt,ActiveOrHistoricCurrencyAndAmount,0,1
pacs.009.001.13,/Document/FICdtTrf/CdtTrfTxInf/UndrlygFICdtTrf,UndrlygFICdtTrf,CreditTransferTransaction80,0,1
pacs.009.001.13,/Document/FICdtTrf/CdtTrfTxInf/UndrlygFICdtTrf/PmtId,PmtId,PaymentIdentification13,1,1
pacs.009.001.13,/Document/FICdtTrf/CdtTrfTxInf/UndrlygFICdtTrf/PmtId/InstrId,InstrId,Max35Text,0,1
pacs.009.001.13,/Document/FICdtTrf/CdtTrfTxInf/UndrlygFICdtTrf/PmtId/EndToEndId,EndToEndId,Max35Text,1,1
pacs.009.001.13,/Document/FICdtTrf/CdtTrfTxInf/UndrlygFICdtTrf/PmtId/TxId,TxId,Max35Text,0,1
pacs.009.001.13,/Document/FICdtTrf/CdtTrfTxInf/UndrlygFICdtTrf/PmtId/UETR,UETR,UUIDv4Identifier,0,1
pacs.009.001.13,/Document/FICdtTrf/CdtTrfTxInf/UndrlygFICdtTrf/PmtId/ClrSysRef,ClrSysRef,Max35Text,0,1
pacs.009.001.13,/Document/FICdtTrf/CdtTrfTxInf/UndrlygFICdtTrf/PmtTpInf,PmtTpInf,PaymentTypeInformation28,0,1
pacs.009.001.13,/Document/FICdtTrf/CdtTrfTxInf/UndrlygFICdtTrf/PmtTpInf/InstrPrty,InstrPrty,Priority2Code,0,1
pacs.009.001.13,/Document/FICdtTrf/CdtTrfTxInf/UndrlygFICdtTrf/PmtTpInf/ClrChanl,ClrChanl,ClearingChannel2Code,0,1
pacs.009.001.13,/Document/FICdtTrf/CdtTrfTxInf/UndrlygFICdtTrf/PmtTpInf/SvcLvl,SvcLvl,ServiceLevel8Choice,0,
pacs.009.001.13,/Document/FICdtTrf/CdtTrfTxInf/UndrlygFICdtTrf/PmtTpInf/SvcLvl/Cd,Cd,ExternalServiceLevel1Code,1,1
pacs.009.001.13,/Document/FICdtTrf/CdtTrfTxInf/UndrlygFICdtTrf/PmtTpInf/SvcLvl/Prtry,Prtry,Max35Text,1,1
pacs.009.001.13,/Document/FICdtTrf/CdtTrfTxInf/UndrlygFICdtTrf/PmtTpInf/LclInstrm,LclInstrm,LocalInstrument2Choice,0,1
pacs.009.001.13,/Document/FICdtTrf/CdtTrfTxInf/UndrlygFICdtTrf/PmtTpInf/LclInstrm/Cd,Cd,ExternalLocalInstrument1Code,1,1
pacs.009.001.13,/Document/FICdtTrf/CdtTrfTxInf/UndrlygFICdtTrf/PmtTpInf/LclInstrm/Prtry,Prtry,Max35Text,1,1
pacs.009.001.13,/Document/FICdtTrf/CdtTrfTxInf/UndrlygFICdtTrf/PmtTpInf/CtgyPurp,CtgyPurp,CategoryPurpose1Choice,0,1
pacs.009.001.13,/Document/FICdtTrf/CdtTrfTxInf/UndrlygFICdtTrf/PmtTpInf/CtgyPurp/Cd,Cd,ExternalCategoryPurpose1Code,1,1
pacs.009.001.13,/Document/FICdtTrf/CdtTrfTxInf/UndrlygFICdtTrf/PmtTpInf/CtgyPurp/Prtry,Prtry,Max35Text,1,1
pacs.009.001.13,/Document/FICdtTrf/CdtTrfTxInf/UndrlygFICdtTrf/IntrBkSttlmAmt,IntrBkSttlmAmt,ActiveCurrencyAndAmount,1,1
pacs.009.001.13,/Document/FICdtTrf/CdtTrfTxInf/UndrlygFICdtTrf/IntrBkSttlmDt,IntrBkSttlmDt,ISODate,0,1
pacs.009.001.13,/Document/FICdtTrf/CdtTrfTxInf/UndrlygFICdtTrf/SttlmPrty,SttlmPrty,Priority3Code,0,1
pacs.009.001.13,/Document/FICdtTrf/CdtTrfTxInf/UndrlygFICdtTrf/SttlmTmIndctn,SttlmTmIndctn,SettlementDateTimeIndication1,0,1
pacs.009.001.13,/Document/FICdtTrf/CdtTrfTxInf/UndrlygFICdtTrf/SttlmTmIndctn/DbtDtTm,DbtDtTm,ISODateTime,0,1
pacs.009.001.13,/Document/FICdtTrf/CdtTrfTxInf/UndrlygFICdtTrf/SttlmTmIndctn/CdtDtTm,CdtDtTm,ISODateTime,0,1
pacs.009.001.13,/Document/FICdtTrf/CdtTrfTxInf/UndrlygFICdtTrf/SttlmTmReq,SttlmTmReq,SettlementTimeRequest2,0,1
pacs.009.001.13,/Document/FICdtTrf/CdtTrfTxInf/UndrlygFICdtTrf/SttlmTmReq/CLSTm,CLSTm,ISOTime,0,1
pacs.009.001.13,/Document/FICdtTrf/CdtTrfTxInf/UndrlygFICdtTrf/SttlmTmReq/TillTm,TillTm,ISOTime,0,1
pacs.009.001.13,/Document/FICdtTrf/CdtTrfTxInf/UndrlygFICdtTrf/SttlmTmReq/FrTm,FrTm,ISOTime,0,1
pacs.009.001.13,/Document/FICdtTrf/CdtTrfTxInf/UndrlygFICdtTrf/SttlmTmReq/RjctTm,RjctTm,ISOTime,0,1
pacs.009.001.13,/Document/FICdtTrf/CdtTrfTxInf/UndrlygFICdtTrf/XpryDtTm,XpryDtTm,ISODateTime,0,1
pacs.009.001.13,/Document/FICdtTrf/CdtTrfTxInf/UndrlygFICdtTrf/PmtSgntr,PmtSgntr,CryptographicKey1Choice,0,1
pacs.009.001.13,/Document/FICdtTrf/CdtTrfTxInf/UndrlygFICdtTrf/PmtSgntr/ILPV4,ILPV4,HexBinaryText,1,1
pacs.009.001.13,/Document/FICdtTrf/CdtTrfTxInf/UndrlygFICdtTrf/PmtSgntr/Sgntr,Sgntr,SHA256SignatureText,1,1
pacs.009.001.13,/Document/FICdtTrf/CdtTrfTxInf/UndrlygFICdtTrf/PrvsInstgAgt1,PrvsInstgAgt1,BranchAndFinancialInstitutionIdentification8,0,1
pacs.009.001.13,/Document/FICdtTrf/CdtTrfTxInf/UndrlygFICdtTrf/PrvsInstgAgt1/FinInstnId,FinInstnId,FinancialInstitutionIdentification23,1,1
pacs.009.001.13,/Document/FICdtTrf/CdtTrfTxInf/UndrlygFICdtTrf/PrvsInstgAgt1/FinInstnId/BICFI,BICFI,BICFIDec2014Identifier,0,1
pacs.009.001.13,/Document/FICdtTrf/CdtTrfTxInf/UndrlygFICdtTrf/PrvsInstgAgt1/FinInstnId/ClrSysMmbId,ClrSysMmbId,ClearingSystemMemberIdentification2,0,1
pacs.009.001.13,/Document/FICdtTrf/CdtTrfTxInf/UndrlygFICdtTrf/PrvsInstgAgt1/FinInstnId/ClrSysMmbId/ClrSysId,ClrSysId,ClearingSystemIdentification2Choice,0,1
pacs.009.001.13,/Document/FICdtTrf/CdtTrfTxInf/UndrlygFICdtTrf/PrvsInstgAgt1/FinInstnId/ClrSysMmbId/ClrSysId/Cd,Cd,ExternalClearingSystemIdentification1Code,1,1
pacs.009.001.13,/Document/FICdtTrf/CdtTrfTxInf/UndrlygFICdtTrf/PrvsInstgAgt1/FinInstnId/ClrSysMmbId/ClrSysId/Prtry,Prtry,Max35Text,1,1
pacs.009.001.13,/Document/FICdtTrf/CdtTrfTxInf/UndrlygFICdtTrf/PrvsInstgAgt1/FinInstnId/ClrSysMmbId/MmbId,MmbId,Max35Text,1,1
pacs.009.001.13,/Document/FICdtTrf/CdtTrfTxInf/UndrlygFICdtTrf/PrvsInstgAgt1/FinInstnId/LEI,LEI,LEIIdentifier,0,1
pacs.009.001.13,/Document/FICdtTrf/CdtTrfTxInf/UndrlygFICdtTrf/PrvsInstgAgt1/FinInstnId/Nm,Nm,Max140Text,0,1
pacs.009.001.13,/Document/FICdtTrf/CdtTrfTxInf/UndrlygFICdtTrf/PrvsInstgAgt1/FinInstnId/PstlAdr,PstlAdr,PostalAddress27,0,1
pacs.009.001.13,/Document/FICdtTrf/CdtTrfTxInf/UndrlygFICdtTrf/PrvsInstgAgt1/FinInstnId/PstlAdr/AdrTp,AdrTp,AddressType3Choice,0,1
pacs.009.001.13,/Document/FICdtTrf/CdtTrfTxInf/UndrlygFICdtTrf/PrvsInstgAgt1/FinInstnId/PstlAdr/AdrTp/Cd,Cd,AddressType2Code,1,1
pacs.009.001.13,/Document/FICdtTrf/CdtTrfTxInf/UndrlygFICdtTrf/PrvsInstgAgt1/FinInstnId/PstlAdr/AdrTp/Prtry,Prtry,GenericIdentification30,1,1
pacs.009.001.13,/Document/FICdtTrf/CdtTrfTxInf/UndrlygFICdtTrf/PrvsInstgAgt1/FinInstnId/PstlAdr/AdrTp/Prtry/Id,Id,Exact4AlphaNumericText,1,1
pacs.009.001.13,/Document/FICdtTrf/CdtTrfTxInf/UndrlygFICdtTrf/PrvsInstgAgt1/FinInstnId/PstlAdr/AdrTp/Prtry/Issr,Issr,Max35Text,1,1
pacs.009.001.13,/Document/FICdtTrf/CdtTrfTxInf/UndrlygFICdtTrf/PrvsInstgAgt1/FinInstnId/PstlAdr/AdrTp/Prtry/SchmeNm,SchmeNm,Max35Text,0,1
pacs.009.001.13,/Document/FICdtTrf/CdtTrfTxInf/UndrlygFICdtTrf/PrvsInstgAgt1/FinInstnId/PstlAdr/CareOf,CareOf,Max140Text,0,1
pacs.009.001.13,/Document/FICdtTrf/CdtTrfTxInf/UndrlygFICdtTrf/PrvsInstgAgt1/FinInstnId/PstlAdr/Dept,Dept,Max70Text,0,1
pacs.009.001.13,/Document/FICdtTrf/CdtTrfTxInf/UndrlygFICdtTrf/PrvsInstgAgt1/FinInstnId/PstlAdr/SubDept,SubDept,Max70Text,0,1
pacs.009.001.13,/Document/FICdtTrf/CdtTrfTxInf/UndrlygFICdtTrf/PrvsInstgAgt1/FinInstnId/PstlAdr/StrtNm,StrtNm,Max140Text,0,1
pacs.009.001.13,/Document/FICdtTrf/CdtTrfTxInf/UndrlygFICdtTrf/PrvsInstgAgt1/FinInstnId/PstlAdr/BldgNb,BldgNb,Max16Text,0,1
pacs.009.001.13,/Document/FICdtTrf/CdtTrfTxInf/UndrlygFICdtTrf/PrvsInstgAgt1/FinInstnId/PstlAdr/BldgNm,BldgNm,Max140Text,0,1
pacs.009.001.13,/Document/FICdtTrf/CdtTrfTxInf/UndrlygFICdtTrf/PrvsInstgAgt1/FinInstnId/PstlAdr/Flr,Flr,Max70Text,0,1
pacs.009.001.13,/Document/FICdtTrf/CdtTrfTxInf/UndrlygFICdtTrf/PrvsInstgAgt1/FinInstnId/PstlAdr/UnitNb,UnitNb,Max16Text,0,1
pacs.009.001.13,/Document/FICdtTrf/CdtTrfTxInf/UndrlygFICdtTrf/PrvsInstgAgt1/FinInstnId/PstlAdr/PstBx,PstBx,Max16Text,0,1
pacs.009.001.13,/Document/FICdtTrf/CdtTrfTxInf/UndrlygFICdtTrf/PrvsInstgAgt1/FinInstnId/PstlAdr/Room,Room,Max70Text,0,1
pacs.009.001.13,/Document/FICdtTrf/CdtTrfTxInf/UndrlygFICdtTrf/PrvsInstgAgt1/FinInstnId/PstlAdr/PstCd,PstCd,Max16Text,0,1
pacs.009.001.13,/Document/FICdtTrf/CdtTrfTxInf/UndrlygFICdtTrf/PrvsInstgAgt1/FinInstnId/PstlAdr/TwnNm,TwnNm,Max140Text,0,1
pacs.009.001.13,/Document/FICdtTrf/CdtTrfTxInf/UndrlygFICdtTrf/PrvsInstgAgt1/FinInstnId/PstlAdr/TwnLctnNm,TwnLctnNm,Max140Text,0,1
pacs.009.001.13,/Document/FICdtTrf/CdtTrfTxInf/UndrlygFICdtTrf/PrvsInstgAgt1/FinInstnId/PstlAdr/DstrctNm,DstrctNm,Max140Text,0,1
pacs.009.001.13,/Document/FICdtTrf/CdtTrfTxInf/UndrlygFICdtTrf/PrvsInstgAgt1/FinInstnId/PstlAdr/CtrySubDvsn,CtrySubDvsn,Max35Text,0,1
pacs.009.001.13,/Document/FICdtTrf/CdtTrfTxInf/UndrlygFICdtTrf/PrvsInstgAgt1/FinInstnId/PstlAdr/Ctry,Ctry,CountryCode,0,1
pacs.009.001.13,/Document/FICdtTrf/CdtTrfTxInf/UndrlygFICdtTrf/PrvsInstgAgt1/FinInstnId/PstlAdr/AdrLine,AdrLine,Max70Text,0,7
pacs.009.001.13,/Document/FICdtTrf/CdtTrfTxInf/UndrlygFICdtTrf/PrvsInstgAgt1/FinInstnId/Othr,Othr,GenericFinancialIdentification1,0,1
pacs.009.001.13,/Document/FICdtTrf/CdtTrfTxInf/UndrlygFICdtTrf/PrvsInstgAgt1/FinInstnId/Othr/Id,Id,Max35Text,1,1
pacs.009.001.13,/Document/FICdtTrf/CdtTrfTxInf/UndrlygFICdtTrf/PrvsInstgAgt1/FinInstnId/Othr/SchmeNm,SchmeNm,FinancialIdentificationSchemeName1Choice,0,1
pacs.009.001.13,/Document/FICdtTrf/CdtTrfTxInf/UndrlygFICdtTrf/PrvsInstgAgt1/FinInstnId/Othr/SchmeNm/Cd,Cd,ExternalFinancialInstitutionIdentification1Code,1,1
pacs.009.001.13,/Document/FICdtTrf/CdtTrfTxInf/UndrlygFICdtTrf/PrvsInstgAgt1/FinInstnId/Othr/SchmeNm/Prtry,Prtry,Max35Text,1,1
pacs.009.001.13,/Document/FICdtTrf/CdtTrfTxInf/UndrlygFICdtTrf/PrvsInstgAgt1/FinInstnId/Othr/Issr,Issr,Max35Text,0,1
pacs.009.001.13,/Document/FICdtTrf/CdtTrfTxInf/UndrlygFICdtTrf/PrvsInstgAgt1/BrnchId,BrnchId,BranchData5,0,1
pacs.009.001.13,/Document/FICdtTrf/CdtTrfTxInf/UndrlygFICdtTrf/PrvsInstgAgt1/BrnchId/Id,Id,Max35Text,0,1
pacs.009.001.13,/Document/FICdtTrf/CdtTrfTxInf/UndrlygFICdtTrf/PrvsInstgAgt1/BrnchId/LEI,LEI,LEIIdentifier,0,1
pacs.009.001.13,/Document/FICdtTrf/CdtTrfTxInf/UndrlygFICdtTrf/PrvsInstgAgt1/BrnchId/Nm,Nm,Max140Text,0,1
pacs.009.001.13,/Document/FICdtTrf/CdtTrfTxInf/UndrlygFICdtTrf/PrvsInstgAgt1/BrnchId/PstlAdr,PstlAdr,PostalAddress27,0,1
pacs.009.001.13,/Document/FICdtTrf/CdtTrfTxInf/UndrlygFICdtTrf/PrvsInstgAgt1/BrnchId/PstlAdr/AdrTp,AdrTp,AddressType3Choice,0,1
pacs.009.001.13,/Document/FICdtTrf/CdtTrfTxInf/UndrlygFICdtTrf/PrvsInstgAgt1/BrnchId/PstlAdr/AdrTp/Cd,Cd,AddressType2Code,1,1
pacs.009.001.13,/Document/FICdtTrf/CdtTrfTxInf/UndrlygFICdtTrf/PrvsInstgAgt1/BrnchId/PstlAdr/AdrTp/Prtry,Prtry,GenericIdentification30,1,1
pacs.009.001.13,/Document/FICdtTrf/CdtTrfTxInf/UndrlygFICdtTrf/PrvsInstgAgt1/BrnchId/PstlAdr/AdrTp/Prtry/Id,Id,Exact4AlphaNumericText,1,1
pacs.009.001.13,/Document/FICdtTrf/CdtTrfTxInf/UndrlygFICdtTrf/PrvsInstgAgt1/BrnchId/PstlAdr/AdrTp/Prtry/Issr,Issr,Max35Text,1,1
pacs.009.001.13,/Document/FICdtTrf/CdtTrfTxInf/UndrlygFICdtTrf/PrvsInstgAgt1/BrnchId/PstlAdr/AdrTp/Prtry/SchmeNm,SchmeNm,Max35Text,0,1
pacs.009.001.13,/Document/FICdtTrf/CdtTrfTxInf/UndrlygFICdtTrf/PrvsInstgAgt1/BrnchId/PstlAdr/CareOf,CareOf,Max140Text,0,1
pacs.009.001.13,/Document/FICdtTrf/CdtTrfTxInf/UndrlygFICdtTrf/PrvsInstgAgt1/BrnchId/PstlAdr/Dept,Dept,Max70Text,0,1
pacs.009.001.13,/Document/FICdtTrf/CdtTrfTxInf/UndrlygFICdtTrf/PrvsInstgAgt1/BrnchId/PstlAdr/SubDept,SubDept,Max70Text,0,1
pacs.009.001.13,/Document/FICdtTrf/CdtTrfTxInf/UndrlygFICdtTrf/PrvsInstgAgt1/BrnchId/PstlAdr/StrtNm,StrtNm,Max140Text,0,1
pacs.009.001.13,/Document/FICdtTrf/CdtTrfTxInf/UndrlygFICdtTrf/PrvsInstgAgt1/BrnchId/PstlAdr/BldgNb,BldgNb,Max16Text,0,1
pacs.009.001.13,/Document/FICdtTrf/CdtTrfTxInf/UndrlygFICdtTrf/PrvsInstgAgt1/BrnchId/PstlAdr/BldgNm,BldgNm,Max140Text,0,1
pacs.009.001.13,/Document/FICdtTrf/CdtTrfTxInf/UndrlygFICdtTrf/PrvsInstgAgt1/BrnchId/PstlAdr/Flr,Flr,Max70Text,0,1
pacs.009.001.13,/Document/FICdtTrf/CdtTrfTxInf/UndrlygFICdtTrf/PrvsInstgAgt1/BrnchId/PstlAdr/UnitNb,UnitNb,Max16Text,0,1
pacs.009.001.13,/Document/FICdtTrf/CdtTrfTxInf/UndrlygFICdtTrf/PrvsInstgAgt1/BrnchId/PstlAdr/PstBx,PstBx,Max16Text,0,1
pacs.009.001.13,/Document/FICdtTrf/CdtTrfTxInf/UndrlygFICdtTrf/PrvsInstgAgt1/BrnchId/PstlAdr/Room,Room,Max70Text,0,1
pacs.009.001.13,/Document/FICdtTrf/CdtTrfTxInf/UndrlygFICdtTrf/PrvsInstgAgt1/BrnchId/PstlAdr/PstCd,PstCd,Max16Text,0,1
pacs.009.001.13,/Document/FICdtTrf/CdtTrfTxInf/UndrlygFICdtTrf/PrvsInstgAgt1/BrnchId/PstlAdr/TwnNm,TwnNm,Max140Text,0,1
pacs.009.001.13,/Document/FICdtTrf/CdtTrfTxInf/UndrlygFICdtTrf/PrvsInstgAgt1/BrnchId/PstlAdr/TwnLctnNm,TwnLctnNm,Max140Text,0,1
pacs.009.001.13,/Document/FICdtTrf/CdtTrfTxInf/UndrlygFICdtTrf/PrvsInstgAgt1/BrnchId/PstlAdr/DstrctNm,DstrctNm,Max140Text,0,1
pacs.009.001.13,/Document/FICdtTrf/CdtTrfTxInf/UndrlygFICdtTrf/PrvsInstgAgt1/BrnchId/PstlAdr/CtrySubDvsn,CtrySubDvsn,Max35Text,0,1
pacs.009.001.13,/Document/FICdtTrf/CdtTrfTxInf/UndrlygFICdtTrf/PrvsInstgAgt1/BrnchId/PstlAdr/Ctry,Ctry,CountryCode,0,1
pacs.009.001.13,/Document/FICdtTrf/CdtTrfTxInf/UndrlygFICdtTrf/PrvsInstgAgt1/BrnchId/PstlAdr/AdrLine,AdrLine,Max70Text,0,7
pacs.009.001.13,/Document/FICdtTrf/CdtTrfTxInf/UndrlygFICdtTrf/PrvsInstgAgt1Acct,PrvsInstgAgt1Acct,CashAccount40,0,1
pacs.009.001.13,/Document/FICdtTrf/CdtTrfTxInf/UndrlygFICdtTrf/PrvsInstgAgt1Acct/Id,Id,AccountIdentification4Choice,0,1
pacs.009.001.13,/Document/FICdtTrf/CdtTrfTxInf/UndrlygFICdtTrf/PrvsInstgAgt1Acct/Id/IBAN,IBAN,IBAN2007Identifier,1,1
pacs.009.001.13,/Document/FICdtTrf/CdtTrfTxInf/UndrlygFICdtTrf/PrvsInstgAgt1Acct/Id/Othr,Othr,GenericAccountIdentification1,1,1
pacs.009.001.13,/Document/FICdtTrf/CdtTrfTxInf/UndrlygFICdtTrf/PrvsInstgAgt1Acct/Id/Othr/Id,Id,Max34Text,1,1
pacs.009.001.13,/Document/FICdtTrf/CdtTrfTxInf/UndrlygFICdtTrf/PrvsInstgAgt1Acct/Id/Othr/SchmeNm,SchmeNm,AccountSchemeName1Choice,0,1
pacs.009.001.13,/Document/FICdtTrf/CdtTrfTxInf/UndrlygFICdtTrf/PrvsInstgAgt1Acct/Id/Othr/SchmeNm/Cd,Cd,ExternalAccountIdentification1Code,1,1
pacs.009.001.13,/Document/FICdtTrf/CdtTrfTxInf/UndrlygFICdtTrf/PrvsInstgAgt1Acct/Id/Othr/SchmeNm/Prtry,Prtry,Max35Text,1,1
pacs.009.001.13,/Document/FICdtTrf/CdtTrfTxInf/UndrlygFICdtTrf/PrvsInstgAgt1Acct/Id/Othr/Issr,Issr,Max35Text,0,1
pacs.009.001.13,/Document/FICdtTrf/CdtTrfTxInf/UndrlygFICdtTrf/PrvsInstgAgt1Acct/Tp,Tp,CashAccountType2Choice,0,1
pacs.009.001.13,/Document/FICdtTrf/CdtTrfTxInf/UndrlygFICdtTrf/PrvsInstgAgt1Acct/Tp/Cd,Cd,ExternalCashAccountType1Code,1,1
pacs.009.001.13,/Document/FICdtTrf/CdtTrfTxInf/UndrlygFICdtTrf/PrvsInstgAgt1Acct/Tp/Prtry,Prtry,Max35Text,1,1
pacs.009.001.13,/Document/FICdtTrf/CdtTrfTxInf/UndrlygFICdtTrf/PrvsInstgAgt1Acct/Ccy,Ccy,ActiveOrHistoricCurrencyCode,0,1
pacs.009.001.13,/Document/FICdtTrf/CdtTrfTxInf/UndrlygFICdtTrf/PrvsInstgAgt1Acct/Nm,Nm,Max70Text,0,1
pacs.009.001.13,/Document/FICdtTrf/CdtTrfTxInf/UndrlygFICdtTrf/PrvsInstgAgt1Acct/Prxy,Prxy,ProxyAccountIdentification1,0,1
pacs.009.001.13,/Document/FICdtTrf/CdtTrfTxInf/UndrlygFICdtTrf/PrvsInstgAgt1Acct/Prxy/Tp,Tp,ProxyAccountType1Choice,0,1
pacs.009.001.13,/Document/FICdtTrf/CdtTrfTxInf/UndrlygFICdtTrf/PrvsInstgAgt1Acct/Prxy/Tp/Cd,Cd,ExternalProxyAccountType1Code,1,1
pacs.009.001.13,/Document/FICdtTrf/CdtTrfTxInf/UndrlygFICdtTrf/PrvsInstgAgt1Acct/Prxy/Tp/Prtry,Prtry,Max35Text,1,1
pacs.009.001.13,/Document/FICdtTrf/CdtTrfTxInf/UndrlygFICdtTrf/PrvsInstgAgt1Acct/Prxy/Id,Id,Max2048Text,1,1
pacs.009.001.13,/Document/FICdtTrf/CdtTrfTxInf/UndrlygFICdtTrf/PrvsInstgAgt2,PrvsInstgAgt2,BranchAndFinancialInstitutionIdentification8,0,1
pacs.009.001.13,/Document/FICdtTrf/CdtTrfTxInf/UndrlygFICdtTrf/PrvsInstgAgt2/FinInstnId,FinInstnId,FinancialInstitutionIdentification23,1,1
pacs.009.001.13,/Document/FICdtTrf/CdtTrfTxInf/UndrlygFICdtTrf/PrvsInstgAgt2/FinInstnId/BICFI,BICFI,BICFIDec2014Identifier,0,1
pacs.009.001.13,/Document/FICdtTrf/CdtTrfTxInf/UndrlygFICdtTrf/PrvsInstgAgt2/FinInstnId/ClrSysMmbId,ClrSysMmbId,ClearingSystemMemberIdentification2,0,1
pacs.009.001.13,/Document/FICdtTrf/CdtTrfTxInf/UndrlygFICdtTrf/PrvsInstgAgt2/FinInstnId/ClrSysMmbId/ClrSysId,ClrSysId,ClearingSystemIdentification2Choice,0,1
pacs.009.001.13,/Document/FICdtTrf/CdtTrfTxInf/UndrlygFICdtTrf/PrvsInstgAgt2/FinInstnId/ClrSysMmbId/ClrSysId/Cd,Cd,ExternalClearingSystemIdentification1Code,1,1
pacs.009.001.13,/Document/FICdtTrf/CdtTrfTxInf/UndrlygFICdtTrf/PrvsInstgAgt2/FinInstnId/ClrSysMmbId/ClrSysId/Prtry,Prtry,Max35Text,1,1
pacs.009.001.13,/Document/FICdtTrf/CdtTrfTxInf/UndrlygFICdtTrf/PrvsInstgAgt2/FinInstnId/ClrSysMmbId/MmbId,MmbId,Max35Text,1,1
pacs.009.001.13,/Document/FICdtTrf/CdtTrfTxInf/UndrlygFICdtTrf/PrvsInstgAgt2/FinInstnId/LEI,LEI,LEIIdentifier,0,1
pacs.009.001.13,/Document/FICdtTrf/CdtTrfTxInf/UndrlygFICdtTrf/PrvsInstgAgt2/FinInstnId/Nm,Nm,Max140Text,0,1
pacs.009.001.13,/Document/FICdtTrf/CdtTrfTxInf/UndrlygFICdtTrf/PrvsInstgAgt2/FinInstnId/PstlAdr,PstlAdr,PostalAddress27,0,1
pacs.009.001.13,/Document/FICdtTrf/CdtTrfTxInf/UndrlygFICdtTrf/PrvsInstgAgt2/FinInstnId/PstlAdr/AdrTp,AdrTp,AddressType3Choice,0,1
pacs.009.001.13,/Document/FICdtTrf/CdtTrfTxInf/UndrlygFICdtTrf/PrvsInstgAgt2/FinInstnId/PstlAdr/AdrTp/Cd,Cd,AddressType2Code,1,1
pacs.009.001.13,/Document/FICdtTrf/CdtTrfTxInf/UndrlygFICdtTrf/PrvsInstgAgt2/FinInstnId/PstlAdr/AdrTp/Prtry,Prtry,GenericIdentification30,1,1
pacs.009.001.13,/Document/FICdtTrf/CdtTrfTxInf/UndrlygFICdtTrf/PrvsInstgAgt2/FinInstnId/PstlAdr/AdrTp/Prtry/Id,Id,Exact4AlphaNumericText,1,1
pacs.009.001.13,/Document/FICdtTrf/CdtTrfTxInf/UndrlygFICdtTrf/PrvsInstgAgt2/FinInstnId/PstlAdr/AdrTp/Prtry/Issr,Issr,Max35Text,1,1
pacs.009.001.13,/Document/FICdtTrf/CdtTrfTxInf/UndrlygFICdtTrf/PrvsInstgAgt2/FinInstnId/PstlAdr/AdrTp/Prtry/SchmeNm,SchmeNm,Max35Text,0,1
pacs.009.001.13,/Document/FICdtTrf/CdtTrfTxInf/UndrlygFICdtTrf/PrvsInstgAgt2/FinInstnId/PstlAdr/CareOf,CareOf,Max140Text,0,1
pacs.009.001.13,/Document/FICdtTrf/CdtTrfTxInf/UndrlygFICdtTrf/PrvsInstgAgt2/FinInstnId/PstlAdr/Dept,Dept,Max70Text,0,1
pacs.009.001.13,/Document/FICdtTrf/CdtTrfTxInf/UndrlygFICdtTrf/PrvsInstgAgt2/FinInstnId/PstlAdr/SubDept,SubDept,Max70Text,0,1
pacs.009.001.13,/Document/FICdtTrf/CdtTrfTxInf/UndrlygFICdtTrf/PrvsInstgAgt2/FinInstnId/PstlAdr/StrtNm,StrtNm,Max140Text,0,1
pacs.009.001.13,/Document/FICdtTrf/CdtTrfTxInf/UndrlygFICdtTrf/PrvsInstgAgt2/FinInstnId/PstlAdr/BldgNb,BldgNb,Max16Text,0,1
pacs.009.001.13,/Document/FICdtTrf/CdtTrfTxInf/UndrlygFICdtTrf/PrvsInstgAgt2/FinInstnId/PstlAdr/BldgNm,BldgNm,Max140Text,0,1
pacs.009.001.13,/Document/FICdtTrf/CdtTrfTxInf/UndrlygFICdtTrf/PrvsInstgAgt2/FinInstnId/PstlAdr/Flr,Flr,Max70Text,0,1
pacs.009.001.13,/Document/FICdtTrf/CdtTrfTxInf/UndrlygFICdtTrf/PrvsInstgAgt2/FinInstnId/PstlAdr/UnitNb,UnitNb,Max16Text,0,1
pacs.009.001.13,/Document/FICdtTrf/CdtTrfTxInf/UndrlygFICdtTrf/PrvsInstgAgt2/FinInstnId/PstlAdr/PstBx,PstBx,Max16Text,0,1
pacs.009.001.13,/Document/FICdtTrf/CdtTrfTxInf/UndrlygFICdtTrf/PrvsInstgAgt2/FinInstnId/PstlAdr/Room,Room,Max70Text,0,1
pacs.009.001.13,/Document/FICdtTrf/CdtTrfTxInf/UndrlygFICdtTrf/PrvsInstgAgt2/FinInstnId/PstlAdr/PstCd,PstCd,Max16Text,0,1
pacs.009.001.13,/Document/FICdtTrf/CdtTrfTxInf/UndrlygFICdtTrf/PrvsInstgAgt2/FinInstnId/PstlAdr/TwnNm,TwnNm,Max140Text,0,1
pacs.009.001.13,/Document/FICdtTrf/CdtTrfTxInf/UndrlygFICdtTrf/PrvsInstgAgt2/FinInstnId/PstlAdr/TwnLctnNm,TwnLctnNm,Max140Text,0,1
pacs.009.001.13,/Document/FICdtTrf/CdtTrfTxInf/UndrlygFICdtTrf/PrvsInstgAgt2/FinInstnId/PstlAdr/DstrctNm,DstrctNm,Max140Text,0,1
pacs.009.001.13,/Document/FICdtTrf/CdtTrfTxInf/UndrlygFICdtTrf/PrvsInstgAgt2/FinInstnId/PstlAdr/CtrySubDvsn,CtrySubDvsn,Max35Text,0,1
pacs.009.001.13,/Document/FICdtTrf/CdtTrfTxInf/UndrlygFICdtTrf/PrvsInstgAgt2/FinInstnId/PstlAdr/Ctry,Ctry,CountryCode,0,1
pacs.009.001.13,/Document/FICdtTrf/CdtTrfTxInf/UndrlygFICdtTrf/PrvsInstgAgt2/FinInstnId/PstlAdr/AdrLine,AdrLine,Max70Text,0,7
pacs.009.001.13,/Document/FICdtTrf/CdtTrfTxInf/UndrlygFICdtTrf/PrvsInstgAgt2/FinInstnId/Othr,Othr,GenericFinancialIdentification1,0,1
pacs.009.001.13,/Document/FICdtTrf/CdtTrfTxInf/UndrlygFICdtTrf/PrvsInstgAgt2/FinInstnId/Othr/Id,Id,Max35Text,1,1
pacs.009.001.13,/Document/FICdtTrf/CdtTrfTxInf/UndrlygFICdtTrf/PrvsInstgAgt2/FinInstnId/Othr/SchmeNm,SchmeNm,FinancialIdentificationSchemeName1Choice,0,1
pacs.009.001.13,/Document/FICdtTrf/CdtTrfTxInf/UndrlygFICdtTrf/PrvsInstgAgt2/FinInstnId/Othr/SchmeNm/Cd,Cd,ExternalFinancialInstitutionIdentification1Code,1,1
pacs.009.001.13,/Document/FICdtTrf/CdtTrfTxInf/UndrlygFICdtTrf/PrvsInstgAgt2/FinInstnId/Othr/SchmeNm/Prtry,Prtry,Max35Text,1,1
pacs.009.001.13,/Document/FICdtTrf/CdtTrfTxInf/UndrlygFICdtTrf/PrvsInstgAgt2/FinInstnId/Othr/Issr,Issr,Max35Text,0,1
pacs.009.001.13,/Document/FICdtTrf/CdtTrfTxInf/UndrlygFICdtTrf/PrvsInstgAgt2/BrnchId,BrnchId,BranchData5,0,1
pacs.009.001.13,/Document/FICdtTrf/CdtTrfTxInf/UndrlygFICdtTrf/PrvsInstgAgt2/BrnchId/Id,Id,Max35Text,0,1
pacs.009.001.13,/Document/FICdtTrf/CdtTrfTxInf/UndrlygFICdtTrf/PrvsInstgAgt2/BrnchId/LEI,LEI,LEIIdentifier,0,1
pacs.009.001.13,/Document/FICdtTrf/CdtTrfTxInf/UndrlygFICdtTrf/PrvsInstgAgt2/BrnchId/Nm,Nm,Max140Text,0,1
pacs.009.001.13,/Document/FICdtTrf/CdtTrfTxInf/UndrlygFICdtTrf/PrvsInstgAgt2/BrnchId/PstlAdr,PstlAdr,PostalAddress27,0,1
pacs.009.001.13,/Document/FICdtTrf/CdtTrfTxInf/UndrlygFICdtTrf/PrvsInstgAgt2/BrnchId/PstlAdr/AdrTp,AdrTp,AddressType3Choice,0,1
pacs.009.001.13,/Document/FICdtTrf/CdtTrfTxInf/UndrlygFICdtTrf/PrvsInstgAgt2/BrnchId/PstlAdr/AdrTp/Cd,Cd,AddressType2Code,1,1
pacs.009.001.13,/Document/FICdtTrf/CdtTrfTxInf/UndrlygFICdtTrf/PrvsInstgAgt2/BrnchId/PstlAdr/AdrTp/Prtry,Prtry,GenericIdentification30,1,1
pacs.009.001.13,/Document/FICdtTrf/CdtTrfTxInf/UndrlygFICdtTrf/PrvsInstgAgt2/BrnchId/PstlAdr/AdrTp/Prtry/Id,Id,Exact4AlphaNumericText,1,1
pacs.009.001.13,/Document/FICdtTrf/CdtTrfTxInf/UndrlygFICdtTrf/PrvsInstgAgt2/BrnchId/PstlAdr/AdrTp/Prtry/Issr,Issr,Max35Text,1,1
pacs.009.001.13,/Document/FICdtTrf/CdtTrfTxInf/UndrlygFICdtTrf/PrvsInstgAgt2/BrnchId/PstlAdr/AdrTp/Prtry/SchmeNm,SchmeNm,Max35Text,0,1
pacs.009.001.13,/Document/FICdtTrf/CdtTrfTxInf/UndrlygFICdtTrf/PrvsInstgAgt2/BrnchId/PstlAdr/CareOf,CareOf,Max140Text,0,1
pacs.009.001.13,/Document/FICdtTrf/CdtTrfTxInf/UndrlygFICdtTrf/PrvsInstgAgt2/BrnchId/PstlAdr/Dept,Dept,Max70Text,0,1
pacs.009.001.13,/Document/FICdtTrf/CdtTrfTxInf/UndrlygFICdtTrf/PrvsInstgAgt2/BrnchId/PstlAdr/SubDept,SubDept,Max70Text,0,1
pacs.009.001.13,/Document/FICdtTrf/CdtTrfTxInf/UndrlygFICdtTrf/PrvsInstgAgt2/BrnchId/PstlAdr/StrtNm,StrtNm,Max140Text,0,1
pacs.009.001.13,/Document/FICdtTrf/CdtTrfTxInf/UndrlygFICdtTrf/PrvsInstgAgt2/BrnchId/PstlAdr/BldgNb,BldgNb,Max16Text,0,1
pacs.009.001.13,/Document/FICdtTrf/CdtTrfTxInf/UndrlygFICdtTrf/PrvsInstgAgt2/BrnchId/PstlAdr/BldgNm,BldgNm,Max140Text,0,1
pacs.009.001.13,/Document/FICdtTrf/CdtTrfTxInf/UndrlygFICdtTrf/PrvsInstgAgt2/BrnchId/PstlAdr/Flr,Flr,Max70Text,0,1
pacs.009.001.13,/Document/FICdtTrf/CdtTrfTxInf/UndrlygFICdtTrf/PrvsInstgAgt2/BrnchId/PstlAdr/UnitNb,UnitNb,Max16Text,0,1
pacs.009.001.13,/Document/FICdtTrf/CdtTrfTxInf/UndrlygFICdtTrf/PrvsInstgAgt2/BrnchId/PstlAdr/PstBx,PstBx,Max16Text,0,1
pacs.009.001.13,/Document/FICdtTrf/CdtTrfTxInf/UndrlygFICdtTrf/PrvsInstgAgt2/BrnchId/PstlAdr/Room,Room,Max70Text,0,1
pacs.009.001.13,/Document/FICdtTrf/CdtTrfTxInf/UndrlygFICdtTrf/PrvsInstgAgt2/BrnchId/PstlAdr/PstCd,PstCd,Max16Text,0,1
pacs.009.001.13,/Document/FICdtTrf/CdtTrfTxInf/UndrlygFICdtTrf/PrvsInstgAgt2/BrnchId/PstlAdr/TwnNm,TwnNm,Max140Text,0,1
pacs.009.001.13,/Document/FICdtTrf/CdtTrfTxInf/UndrlygFICdtTrf/PrvsInstgAgt2/BrnchId/PstlAdr/TwnLctnNm,TwnLctnNm,Max140Text,0,1
pacs.009.001.13,/Document/FICdtTrf/CdtTrfTxInf/UndrlygFICdtTrf/PrvsInstgAgt2/BrnchId/PstlAdr/DstrctNm,DstrctNm,Max140Text,0,1
pacs.009.001.13,/Document/FICdtTrf/CdtTrfTxInf/UndrlygFICdtTrf/PrvsInstgAgt2/BrnchId/PstlAdr/CtrySubDvsn,CtrySubDvsn,Max35Text,0,1
pacs.009.001.13,/Document/FICdtTrf/CdtTrfTxInf/UndrlygFICdtTrf/PrvsInstgAgt2/BrnchId/PstlAdr/Ctry,Ctry,CountryCode,0,1
pacs.009.001.13,/Document/FICdtTrf/CdtTrfTxInf/UndrlygFICdtTrf/PrvsInstgAgt2/BrnchId/PstlAdr/AdrLine,AdrLine,Max70Text,0,7
pacs.009.001.13,/Document/FICdtTrf/CdtTrfTxInf/UndrlygFICdtTrf/PrvsInstgAgt2Acct,PrvsInstgAgt2Acct,CashAccount40,0,1
pacs.009.001.13,/Document/FICdtTrf/CdtTrfTxInf/UndrlygFICdtTrf/PrvsInstgAgt2Acct/Id,Id,AccountIdentification4Choice,0,1
pacs.009.001.13,/Document/FICdtTrf/CdtTrfTxInf/UndrlygFICdtTrf/PrvsInstgAgt2Acct/Id/IBAN,IBAN,IBAN2007Identifier,1,1
pacs.009.001.13,/Document/FICdtTrf/CdtTrfTxInf/UndrlygFICdtTrf/PrvsInstgAgt2Acct/Id/Othr,Othr,GenericAccountIdentification1,1,1
pacs.009.001.13,/Document/FICdtTrf/CdtTrfTxInf/UndrlygFICdtTrf/PrvsInstgAgt2Acct/Id/Othr/Id,Id,Max34Text,1,1
pacs.009.001.13,/Document/FICdtTrf/CdtTrfTxInf/UndrlygFICdtTrf/PrvsInstgAgt2Acct/Id/Othr/SchmeNm,SchmeNm,AccountSchemeName1Choice,0,1
pacs.009.001.13,/Document/FICdtTrf/CdtTrfTxInf/UndrlygFICdtTrf/PrvsInstgAgt2Acct/Id/Othr/SchmeNm/Cd,Cd,ExternalAccountIdentification1Code,1,1
pacs.009.001.13,/Document/FICdtTrf/CdtTrfTxInf/UndrlygFICdtTrf/PrvsInstgAgt2Acct/Id/Othr/SchmeNm/Prtry,Prtry,Max35Text,1,1
pacs.009.001.13,/Document/FICdtTrf/CdtTrfTxInf/UndrlygFICdtTrf/PrvsInstgAgt2Acct/Id/Othr/Issr,Issr,Max35Text,0,1
pacs.009.001.13,/Document/FICdtTrf/CdtTrfTxInf/UndrlygFICdtTrf/PrvsInstgAgt2Acct/Tp,Tp,CashAccountType2Choice,0,1
pacs.009.001.13,/Document/FICdtTrf/CdtTrfTxInf/UndrlygFICdtTrf/PrvsInstgAgt2Acct/Tp/Cd,Cd,ExternalCashAccountType1Code,1,1
pacs.009.001.13,/Document/FICdtTrf/CdtTrfTxInf/UndrlygFICdtTrf/PrvsInstgAgt2Acct/Tp/Prtry,Prtry,Max35Text,1,1
pacs.009.001.13,/Document/FICdtTrf/CdtTrfTxInf/UndrlygFICdtTrf/PrvsInstgAgt2Acct/Ccy,Ccy,ActiveOrHistoricCurrencyCode,0,1
pacs.009.001.13,/Document/FICdtTrf/CdtTrfTxInf/UndrlygFICdtTrf/PrvsInstgAgt2Acct/Nm,Nm,Max70Text,0,1
pacs.009.001.13,/Document/FICdtTrf/CdtTrfTxInf/UndrlygFICdtTrf/PrvsInstgAgt2Acct/Prxy,Prxy,ProxyAccountIdentification1,0,1
pacs.009.001.13,/Document/FICdtTrf/CdtTrfTxInf/UndrlygFICdtTrf/PrvsInstgAgt2Acct/Prxy/Tp,Tp,ProxyAccountType1Choice,0,1
pacs.009.001.13,/Document/FICdtTrf/CdtTrfTxInf/UndrlygFICdtTrf/PrvsInstgAgt2Acct/Prxy/Tp/Cd,Cd,ExternalProxyAccountType1Code,1,1
pacs.009.001.13,/Document/FICdtTrf/CdtTrfTxInf/UndrlygFICdtTrf/PrvsInstgAgt2Acct/Prxy/Tp/Prtry,Prtry,Max35Text,1,1
pacs.009.001.13,/Document/FICdtTrf/CdtTrfTxInf/UndrlygFICdtTrf/PrvsInstgAgt2Acct/Prxy/Id,Id,Max2048Text,1,1
pacs.009.001.13,/Document/FICdtTrf/CdtTrfTxInf/UndrlygFICdtTrf/PrvsInstgAgt3,PrvsInstgAgt3,BranchAndFinancialInstitutionIdentification8,0,1
pacs.009.001.13,/Document/FICdtTrf/CdtTrfTxInf/UndrlygFICdtTrf/PrvsInstgAgt3/FinInstnId,FinInstnId,FinancialInstitutionIdentification23,1,1
pacs.009.001.13,/Document/FICdtTrf/CdtTrfTxInf/UndrlygFICdtTrf/PrvsInstgAgt3/FinInstnId/BICFI,BICFI,BICFIDec2014Identifier,0,1
pacs.009.001.13,/Document/FICdtTrf/CdtTrfTxInf/UndrlygFICdtTrf/PrvsInstgAgt3/FinInstnId/ClrSysMmbId,ClrSysMmbId,ClearingSystemMemberIdentification2,0,1
pacs.009.001.13,/Document/FICdtTrf/CdtTrfTxInf/UndrlygFICdtTrf/PrvsInstgAgt3/FinInstnId/ClrSysMmbId/ClrSysId,ClrSysId,ClearingSystemIdentification2Choice,0,1
pacs.009.001.13,/Document/FICdtTrf/CdtTrfTxInf/UndrlygFICdtTrf/PrvsInstgAgt3/FinInstnId/ClrSysMmbId/ClrSysId/Cd,Cd,ExternalClearingSystemIdentification1Code,1,1
pacs.009.001.13,/Document/FICdtTrf/CdtTrfTxInf/UndrlygFICdtTrf/PrvsInstgAgt3/FinInstnId/ClrSysMmbId/ClrSysId/Prtry,Prtry,Max35Text,1,1
pacs.009.001.13,/Document/FICdtTrf/CdtTrfTxInf/UndrlygFICdtTrf/PrvsInstgAgt3/FinInstnId/ClrSysMmbId/MmbId,MmbId,Max35Text,1,1
pacs.009.001.13,/Document/FICdtTrf/CdtTrfTxInf/UndrlygFICdtTrf/PrvsInstgAgt3/FinInstnId/LEI,LEI,LEIIdentifier,0,1
pacs.009.001.13,/Document/FICdtTrf/CdtTrfTxInf/UndrlygFICdtTrf/PrvsInstgAgt3/FinInstnId/Nm,Nm,Max140Text,0,1
pacs.009.001.13,/Document/FICdtTrf/CdtTrfTxInf/UndrlygFICdtTrf/PrvsInstgAgt3/FinInstnId/PstlAdr,PstlAdr,PostalAddress27,0,1
pacs.009.001.13,/Document/FICdtTrf/CdtTrfTxInf/UndrlygFICdtTrf/PrvsInstgAgt3/FinInstnId/PstlAdr/AdrTp,AdrTp,AddressType3Choice,0,1
pacs.009.001.13,/Document/FICdtTrf/CdtTrfTxInf/UndrlygFICdtTrf/PrvsInstgAgt3/FinInstnId/PstlAdr/AdrTp/Cd,Cd,AddressType2Code,1,1
pacs.009.001.13,/Document/FICdtTrf/CdtTrfTxInf/UndrlygFICdtTrf/PrvsInstgAgt3/FinInstnId/PstlAdr/AdrTp/Prtry,Prtry,GenericIdentification30,1,1
pacs.009.001.13,/Document/FICdtTrf/CdtTrfTxInf/UndrlygFICdtTrf/PrvsInstgAgt3/FinInstnId/PstlAdr/AdrTp/Prtry/Id,Id,Exact4AlphaNumericText,1,1
pacs.009.001.13,/Document/FICdtTrf/CdtTrfTxInf/UndrlygFICdtTrf/PrvsInstgAgt3/FinInstnId/PstlAdr/AdrTp/Prtry/Issr,Issr,Max35Text,1,1
pacs.009.001.13,/Document/FICdtTrf/CdtTrfTxInf/UndrlygFICdtTrf/PrvsInstgAgt3/FinInstnId/PstlAdr/AdrTp/Prtry/SchmeNm,SchmeNm,Max35Text,0,1
pacs.009.001.13,/Document/FICdtTrf/CdtTrfTxInf/UndrlygFICdtTrf/PrvsInstgAgt3/FinInstnId/PstlAdr/CareOf,CareOf,Max140Text,0,1
pacs.009.001.13,/Document/FICdtTrf/CdtTrfTxInf/UndrlygFICdtTrf/PrvsInstgAgt3/FinInstnId/PstlAdr/Dept,Dept,Max70Text,0,1
pacs.009.001.13,/Document/FICdtTrf/CdtTrfTxInf/UndrlygFICdtTrf/PrvsInstgAgt3/FinInstnId/PstlAdr/SubDept,SubDept,Max70Text,0,1
pacs.009.001.13,/Document/FICdtTrf/CdtTrfTxInf/UndrlygFICdtTrf/PrvsInstgAgt3/FinInstnId/PstlAdr/StrtNm,StrtNm,Max140Text,0,1
pacs.009.001.13,/Document/FICdtTrf/CdtTrfTxInf/UndrlygFICdtTrf/PrvsInstgAgt3/FinInstnId/PstlAdr/BldgNb,BldgNb,Max16Text,0,1
pacs.009.001.13,/Document/FICdtTrf/CdtTrfTxInf/UndrlygFICdtTrf/PrvsInstgAgt3/FinInstnId/PstlAdr/BldgNm,BldgNm,Max140Text,0,1
pacs.009.001.13,/Document/FICdtTrf/CdtTrfTxInf/UndrlygFICdtTrf/PrvsInstgAgt3/FinInstnId/PstlAdr/Flr,Flr,Max70Text,0,1
pacs.009.001.13,/Document/FICdtTrf/CdtTrfTxInf/UndrlygFICdtTrf/PrvsInstgAgt3/FinInstnId/PstlAdr/UnitNb,UnitNb,Max16Text,0,1
pacs.009.001.13,/Document/FICdtTrf/CdtTrfTxInf/UndrlygFICdtTrf/PrvsInstgAgt3/FinInstnId/PstlAdr/PstBx,PstBx,Max16Text,0,1
pacs.009.001.13,/Document/FICdtTrf/CdtTrfTxInf/UndrlygFICdtTrf/PrvsInstgAgt3/FinInstnId/PstlAdr/Room,Room,Max70Text,0,1
pacs.009.001.13,/Document/FICdtTrf/CdtTrfTxInf/UndrlygFICdtTrf/PrvsInstgAgt3/FinInstnId/PstlAdr/PstCd,PstCd,Max16Text,0,1
pacs.009.001.13,/Document/FICdtTrf/CdtTrfTxInf/UndrlygFICdtTrf/PrvsInstgAgt3/FinInstnId/PstlAdr/TwnNm,TwnNm,Max140Text,0,1
pacs.009.001.13,/Document/FICdtTrf/CdtTrfTxInf/UndrlygFICdtTrf/PrvsInstgAgt3/FinInstnId/PstlAdr/TwnLctnNm,TwnLctnNm,Max140Text,0,1
pacs.009.001.13,/Document/FICdtTrf/CdtTrfTxInf/UndrlygFICdtTrf/PrvsInstgAgt3/FinInstnId/PstlAdr/DstrctNm,DstrctNm,Max140Text,0,1
pacs.009.001.13,/Document/FICdtTrf/CdtTrfTxInf/UndrlygFICdtTrf/PrvsInstgAgt3/FinInstnId/PstlAdr/CtrySubDvsn,CtrySubDvsn,Max35Text,0,1
pacs.009.001.13,/Document/FICdtTrf/CdtTrfTxInf/UndrlygFICdtTrf/PrvsInstgAgt3/FinInstnId/PstlAdr/Ctry,Ctry,CountryCode,0,1
pacs.009.001.13,/Document/FICdtTrf/CdtTrfTxInf/UndrlygFICdtTrf/PrvsInstgAgt3/FinInstnId/PstlAdr/AdrLine,AdrLine,Max70Text,0,7
pacs.009.001.13,/Document/FICdtTrf/CdtTrfTxInf/UndrlygFICdtTrf/PrvsInstgAgt3/FinInstnId/Othr,Othr,GenericFinancialIdentification1,0,1
pacs.009.001.13,/Document/FICdtTrf/CdtTrfTxInf/UndrlygFICdtTrf/PrvsInstgAgt3/FinInstnId/Othr/Id,Id,Max35Text,1,1
pacs.009.001.13,/Document/FICdtTrf/CdtTrfTxInf/UndrlygFICdtTrf/PrvsInstgAgt3/FinInstnId/Othr/SchmeNm,SchmeNm,FinancialIdentificationSchemeName1Choice,0,1
pacs.009.001.13,/Document/FICdtTrf/CdtTrfTxInf/UndrlygFICdtTrf/PrvsInstgAgt3/FinInstnId/Othr/SchmeNm/Cd,Cd,ExternalFinancialInstitutionIdentification1Code,1,1
pacs.009.001.13,/Document/FICdtTrf/CdtTrfTxInf/UndrlygFICdtTrf/PrvsInstgAgt3/FinInstnId/Othr/SchmeNm/Prtry,Prtry,Max35Text,1,1
pacs.009.001.13,/Document/FICdtTrf/CdtTrfTxInf/UndrlygFICdtTrf/PrvsInstgAgt3/FinInstnId/Othr/Issr,Issr,Max35Text,0,1
pacs.009.001.13,/Document/FICdtTrf/CdtTrfTxInf/UndrlygFICdtTrf/PrvsInstgAgt3/BrnchId,BrnchId,BranchData5,0,1
pacs.009.001.13,/Document/FICdtTrf/CdtTrfTxInf/UndrlygFICdtTrf/PrvsInstgAgt3/BrnchId/Id,Id,Max35Text,0,1
pacs.009.001.13,/Document/FICdtTrf/CdtTrfTxInf/UndrlygFICdtTrf/PrvsInstgAgt3/BrnchId/LEI,LEI,LEIIdentifier,0,1
pacs.009.001.13,/Document/FICdtTrf/CdtTrfTxInf/UndrlygFICdtTrf/PrvsInstgAgt3/BrnchId/Nm,Nm,Max140Text,0,1
pacs.009.001.13,/Document/FICdtTrf/CdtTrfTxInf/UndrlygFICdtTrf/PrvsInstgAgt3/BrnchId/PstlAdr,PstlAdr,PostalAddress27,0,1
pacs.009.001.13,/Document/FICdtTrf/CdtTrfTxInf/UndrlygFICdtTrf/PrvsInstgAgt3/BrnchId/PstlAdr/AdrTp,AdrTp,AddressType3Choice,0,1
pacs.009.001.13,/Document/FICdtTrf/CdtTrfTxInf/UndrlygFICdtTrf/PrvsInstgAgt3/BrnchId/PstlAdr/AdrTp/Cd,Cd,AddressType2Code,1,1
pacs.009.001.13,/Document/FICdtTrf/CdtTrfTxInf/UndrlygFICdtTrf/PrvsInstgAgt3/BrnchId/PstlAdr/AdrTp/Prtry,Prtry,GenericIdentification30,1,1
pacs.009.001.13,/Document/FICdtTrf/CdtTrfTxInf/UndrlygFICdtTrf/PrvsInstgAgt3/BrnchId/PstlAdr/AdrTp/Prtry/Id,Id,Exact4AlphaNumericText,1,1
pacs.009.001.13,/Document/FICdtTrf/CdtTrfTxInf/UndrlygFICdtTrf/PrvsInstgAgt3/BrnchId/PstlAdr/AdrTp/Prtry/Issr,Issr,Max35Text,1,1
pacs.009.001.13,/Document/FICdtTrf/CdtTrfTxInf/UndrlygFICdtTrf/PrvsInstgAgt3/BrnchId/PstlAdr/AdrTp/Prtry/SchmeNm,SchmeNm,Max35Text,0,1
pacs.009.001.13,/Document/FICdtTrf/CdtTrfTxInf/UndrlygFICdtTrf/PrvsInstgAgt3/BrnchId/PstlAdr/CareOf,CareOf,Max140Text,0,1
pacs.009.001.13,/Document/FICdtTrf/CdtTrfTxInf/UndrlygFICdtTrf/PrvsInstgAgt3/BrnchId/PstlAdr/Dept,Dept,Max70Text,0,1
pacs.009.001.13,/Document/FICdtTrf/CdtTrfTxInf/UndrlygFICdtTrf/PrvsInstgAgt3/BrnchId/PstlAdr/SubDept,SubDept,Max70Text,0,1
pacs.009.001.13,/Document/FICdtTrf/CdtTrfTxInf/UndrlygFICdtTrf/PrvsInstgAgt3/BrnchId/PstlAdr/StrtNm,StrtNm,Max140Text,0,1
pacs.009.001.13,/Document/FICdtTrf/CdtTrfTxInf/UndrlygFICdtTrf/PrvsInstgAgt3/BrnchId/PstlAdr/BldgNb,BldgNb,Max16Text,0,1
pacs.009.001.13,/Document/FICdtTrf/CdtTrfTxInf/UndrlygFICdtTrf/PrvsInstgAgt3/BrnchId/PstlAdr/BldgNm,BldgNm,Max140Text,0,1
pacs.009.001.13,/Document/FICdtTrf/CdtTrfTxInf/UndrlygFICdtTrf/PrvsInstgAgt3/BrnchId/PstlAdr/Flr,Flr,Max70Text,0,1
pacs.009.001.13,/Document/FICdtTrf/CdtTrfTxInf/UndrlygFICdtTrf/PrvsInstgAgt3/BrnchId/PstlAdr/UnitNb,UnitNb,Max16Text,0,1
pacs.009.001.13,/Document/FICdtTrf/CdtTrfTxInf/UndrlygFICdtTrf/PrvsInstgAgt3/BrnchId/PstlAdr/PstBx,PstBx,Max16Text,0,1
pacs.009.001.13,/Document/FICdtTrf/CdtTrfTxInf/UndrlygFICdtTrf/PrvsInstgAgt3/BrnchId/PstlAdr/Room,Room,Max70Text,0,1
pacs.009.001.13,/Document/FICdtTrf/CdtTrfTxInf/UndrlygFICdtTrf/PrvsInstgAgt3/BrnchId/PstlAdr/PstCd,PstCd,Max16Text,0,1
pacs.009.001.13,/Document/FICdtTrf/CdtTrfTxInf/UndrlygFICdtTrf/PrvsInstgAgt3/BrnchId/PstlAdr/TwnNm,TwnNm,Max140Text,0,1
pacs.009.001.13,/Document/FICdtTrf/CdtTrfTxInf/UndrlygFICdtTrf/PrvsInstgAgt3/BrnchId/PstlAdr/TwnLctnNm,TwnLctnNm,Max140Text,0,1
pacs.009.001.13,/Document/FICdtTrf/CdtTrfTxInf/UndrlygFICdtTrf/PrvsInstgAgt3/BrnchId/PstlAdr/DstrctNm,DstrctNm,Max140Text,0,1
pacs.009.001.13,/Document/FICdtTrf/CdtTrfTxInf/UndrlygFICdtTrf/PrvsInstgAgt3/BrnchId/PstlAdr/CtrySubDvsn,CtrySubDvsn,Max35Text,0,1
pacs.009.001.13,/Document/FICdtTrf/CdtTrfTxInf/UndrlygFICdtTrf/PrvsInstgAgt3/BrnchId/PstlAdr/Ctry,Ctry,CountryCode,0,1
pacs.009.001.13,/Document/FICdtTrf/CdtTrfTxInf/UndrlygFICdtTrf/PrvsInstgAgt3/BrnchId/PstlAdr/AdrLine,AdrLine,Max70Text,0,7
pacs.009.001.13,/Document/FICdtTrf/CdtTrfTxInf/UndrlygFICdtTrf/PrvsInstgAgt3Acct,PrvsInstgAgt3Acct,CashAccount40,0,1
pacs.009.001.13,/Document/FICdtTrf/CdtTrfTxInf/UndrlygFICdtTrf/PrvsInstgAgt3Acct/Id,Id,AccountIdentification4Choice,0,1
pacs.009.001.13,/Document/FICdtTrf/CdtTrfTxInf/UndrlygFICdtTrf/PrvsInstgAgt3Acct/Id/IBAN,IBAN,IBAN2007Identifier,1,1
pacs.009.001.13,/Document/FICdtTrf/CdtTrfTxInf/UndrlygFICdtTrf/PrvsInstgAgt3Acct/Id/Othr,Othr,GenericAccountIdentification1,1,1
pacs.009.001.13,/Document/FICdtTrf/CdtTrfTxInf/UndrlygFICdtTrf/PrvsInstgAgt3Acct/Id/Othr/Id,Id,Max34Text,1,1
pacs.009.001.13,/Document/FICdtTrf/CdtTrfTxInf/UndrlygFICdtTrf/PrvsInstgAgt3Acct/Id/Othr/SchmeNm,SchmeNm,AccountSchemeName1Choice,0,1
pacs.009.001.13,/Document/FICdtTrf/CdtTrfTxInf/UndrlygFICdtTrf/PrvsInstgAgt3Acct/Id/Othr/SchmeNm/Cd,Cd,ExternalAccountIdentification1Code,1,1
pacs.009.001.13,/Document/FICdtTrf/CdtTrfTxInf/UndrlygFICdtTrf/PrvsInstgAgt3Acct/Id/Othr/SchmeNm/Prtry,Prtry,Max35Text,1,1
pacs.009.001.13,/Document/FICdtTrf/CdtTrfTxInf/UndrlygFICdtTrf/PrvsInstgAgt3Acct/Id/Othr/Issr,Issr,Max35Text,0,1
pacs.009.001.13,/Document/FICdtTrf/CdtTrfTxInf/UndrlygFICdtTrf/PrvsInstgAgt3Acct/Tp,Tp,CashAccountType2Choice,0,1
pacs.009.001.13,/Document/FICdtTrf/CdtTrfTxInf/UndrlygFICdtTrf/PrvsInstgAgt3Acct/Tp/Cd,Cd,ExternalCashAccountType1Code,1,1
pacs.009.001.13,/Document/FICdtTrf/CdtTrfTxInf/UndrlygFICdtTrf/PrvsInstgAgt3Acct/Tp/Prtry,Prtry,Max35Text,1,1
pacs.009.001.13,/Document/FICdtTrf/CdtTrfTxInf/UndrlygFICdtTrf/PrvsInstgAgt3Acct/Ccy,Ccy,ActiveOrHistoricCurrencyCode,0,1
pacs.009.001.13,/Document/FICdtTrf/CdtTrfTxInf/UndrlygFICdtTrf/PrvsInstgAgt3Acct/Nm,Nm,Max70Text,0,1
pacs.009.001.13,/Document/FICdtTrf/CdtTrfTxInf/UndrlygFICdtTrf/PrvsInstgAgt3Acct/Prxy,Prxy,ProxyAccountIdentification1,0,1
pacs.009.001.13,/Document/FICdtTrf/CdtTrfTxInf/UndrlygFICdtTrf/PrvsInstgAgt3Acct/Prxy/Tp,Tp,ProxyAccountType1Choice,0,1
pacs.009.001.13,/Document/FICdtTrf/CdtTrfTxInf/UndrlygFICdtTrf/PrvsInstgAgt3Acct/Prxy/Tp/Cd,Cd,ExternalProxyAccountType1Code,1,1
pacs.009.001.13,/Document/FICdtTrf/CdtTrfTxInf/UndrlygFICdtTrf/PrvsInstgAgt3Acct/Prxy/Tp/Prtry,Prtry,Max35Text,1,1
pacs.009.001.13,/Document/FICdtTrf/CdtTrfTxInf/UndrlygFICdtTrf/PrvsInstgAgt3Acct/Prxy/Id,Id,Max2048Text,1,1
pacs.009.001.13,/Document/FICdtTrf/CdtTrfTxInf/UndrlygFICdtTrf/InstgAgt,InstgAgt,BranchAndFinancialInstitutionIdentification8,0,1
pacs.009.001.13,/Document/FICdtTrf/CdtTrfTxInf/UndrlygFICdtTrf/InstgAgt/FinInstnId,FinInstnId,FinancialInstitutionIdentification23,1,1
pacs.009.001.13,/Document/FICdtTrf/CdtTrfTxInf/UndrlygFICdtTrf/InstgAgt/FinInstnId/BICFI,BICFI,BICFIDec2014Identifier,0,1
pacs.009.001.13,/Document/FICdtTrf/CdtTrfTxInf/UndrlygFICdtTrf/InstgAgt/FinInstnId/ClrSysMmbId,ClrSysMmbId,ClearingSystemMemberIdentification2,0,1
pacs.009.001.13,/Document/FICdtTrf/CdtTrfTxInf/UndrlygFICdtTrf/InstgAgt/FinInstnId/ClrSysMmbId/ClrSysId,ClrSysId,ClearingSystemIdentification2Choice,0,1
pacs.009.001.13,/Document/FICdtTrf/CdtTrfTxInf/UndrlygFICdtTrf/InstgAgt/FinInstnId/ClrSysMmbId/ClrSysId/Cd,Cd,ExternalClearingSystemIdentification1Code,1,1
pacs.009.001.13,/Document/FICdtTrf/CdtTrfTxInf/UndrlygFICdtTrf/InstgAgt/FinInstnId/ClrSysMmbId/ClrSysId/Prtry,Prtry,Max35Text,1,1
pacs.009.001.13,/Document/FICdtTrf/CdtTrfTxInf/UndrlygFICdtTrf/InstgAgt/FinInstnId/ClrSysMmbId/MmbId,MmbId,Max35Text,1,1
pacs.009.001.13,/Document/FICdtTrf/CdtTrfTxInf/UndrlygFICdtTrf/InstgAgt/FinInstnId/LEI,LEI,LEIIdentifier,0,1
pacs.009.001.13,/Document/FICdtTrf/CdtTrfTxInf/UndrlygFICdtTrf/InstgAgt/FinInstnId/Nm,Nm,Max140Text,0,1
pacs.009.001.13,/Document/FICdtTrf/CdtTrfTxInf/UndrlygFICdtTrf/InstgAgt/FinInstnId/PstlAdr,PstlAdr,PostalAddress27,0,1
pacs.009.001.13,/Document/FICdtTrf/CdtTrfTxInf/UndrlygFICdtTrf/InstgAgt/FinInstnId/PstlAdr/AdrTp,AdrTp,AddressType3Choice,0,1
pacs.009.001.13,/Document/FICdtTrf/CdtTrfTxInf/UndrlygFICdtTrf/InstgAgt/FinInstnId/PstlAdr/AdrTp/Cd,Cd,AddressType2Code,1,1
pacs.009.001.13,/Document/FICdtTrf/CdtTrfTxInf/UndrlygFICdtTrf/InstgAgt/FinInstnId/PstlAdr/AdrTp/Prtry,Prtry,GenericIdentification30,1,1
pacs.009.001.13,/Document/FICdtTrf/CdtTrfTxInf/UndrlygFICdtTrf/InstgAgt/FinInstnId/PstlAdr/AdrTp/Prtry/Id,Id,Exact4AlphaNumericText,1,1
pacs.009.001.13,/Document/FICdtTrf/CdtTrfTxInf/UndrlygFICdtTrf/InstgAgt/FinInstnId/PstlAdr/AdrTp/Prtry/Issr,Issr,Max35Text,1,1
pacs.009.001.13,/Document/FICdtTrf/CdtTrfTxInf/UndrlygFICdtTrf/InstgAgt/FinInstnId/PstlAdr/AdrTp/Prtry/SchmeNm,SchmeNm,Max35Text,0,1
pacs.009.001.13,/Document/FICdtTrf/CdtTrfTxInf/UndrlygFICdtTrf/InstgAgt/FinInstnId/PstlAdr/CareOf,CareOf,Max140Text,0,1
pacs.009.001.13,/Document/FICdtTrf/CdtTrfTxInf/UndrlygFICdtTrf/InstgAgt/FinInstnId/PstlAdr/Dept,Dept,Max70Text,0,1
pacs.009.001.13,/Document/FICdtTrf/CdtTrfTxInf/UndrlygFICdtTrf/InstgAgt/FinInstnId/PstlAdr/SubDept,SubDept,Max70Text,0,1
pacs.009.001.13,/Document/FICdtTrf/CdtTrfTxInf/UndrlygFICdtTrf/InstgAgt/FinInstnId/PstlAdr/StrtNm,StrtNm,Max140Text,0,1
pacs.009.001.13,/Document/FICdtTrf/CdtTrfTxInf/UndrlygFICdtTrf/InstgAgt/FinInstnId/PstlAdr/BldgNb,BldgNb,Max16Text,0,1
pacs.009.001.13,/Document/FICdtTrf/CdtTrfTxInf/UndrlygFICdtTrf/InstgAgt/FinInstnId/PstlAdr/BldgNm,BldgNm,Max140Text,0,1
pacs.009.001.13,/Document/FICdtTrf/CdtTrfTxInf/UndrlygFICdtTrf/InstgAgt/FinInstnId/PstlAdr/Flr,Flr,Max70Text,0,1
pacs.009.001.13,/Document/FICdtTrf/CdtTrfTxInf/UndrlygFICdtTrf/InstgAgt/FinInstnId/PstlAdr/UnitNb,UnitNb,Max16Text,0,1
pacs.009.001.13,/Document/FICdtTrf/CdtTrfTxInf/UndrlygFICdtTrf/InstgAgt/FinInstnId/PstlAdr/PstBx,PstBx,Max16Text,0,1
pacs.009.001.13,/Document/FICdtTrf/CdtTrfTxInf/UndrlygFICdtTrf/InstgAgt/FinInstnId/PstlAdr/Room,Room,Max70Text,0,1
pacs.009.001.13,/Document/FICdtTrf/CdtTrfTxInf/UndrlygFICdtTrf/InstgAgt/FinInstnId/PstlAdr/PstCd,PstCd,Max16Text,0,1
pacs.009.001.13,/Document/FICdtTrf/CdtTrfTxInf/UndrlygFICdtTrf/InstgAgt/FinInstnId/PstlAdr/TwnNm,TwnNm,Max140Text,0,1
pacs.009.001.13,/Document/FICdtTrf/CdtTrfTxInf/UndrlygFICdtTrf/InstgAgt/FinInstnId/PstlAdr/TwnLctnNm,TwnLctnNm,Max140Text,0,1
pacs.009.001.13,/Document/FICdtTrf/CdtTrfTxInf/UndrlygFICdtTrf/InstgAgt/FinInstnId/PstlAdr/DstrctNm,DstrctNm,Max140Text,0,1
pacs.009.001.13,/Document/FICdtTrf/CdtTrfTxInf/UndrlygFICdtTrf/InstgAgt/FinInstnId/PstlAdr/CtrySubDvsn,CtrySubDvsn,Max35Text,0,1
pacs.009.001.13,/Document/FICdtTrf/CdtTrfTxInf/UndrlygFICdtTrf/InstgAgt/FinInstnId/PstlAdr/Ctry,Ctry,CountryCode,0,1
pacs.009.001.13,/Document/FICdtTrf/CdtTrfTxInf/UndrlygFICdtTrf/InstgAgt/FinInstnId/PstlAdr/AdrLine,AdrLine,Max70Text,0,7
pacs.009.001.13,/Document/FICdtTrf/CdtTrfTxInf/UndrlygFICdtTrf/InstgAgt/FinInstnId/Othr,Othr,GenericFinancialIdentification1,0,1
pacs.009.001.13,/Document/FICdtTrf/CdtTrfTxInf/UndrlygFICdtTrf/InstgAgt/FinInstnId/Othr/Id,Id,Max35Text,1,1
pacs.009.001.13,/Document/FICdtTrf/CdtTrfTxInf/UndrlygFICdtTrf/InstgAgt/FinInstnId/Othr/SchmeNm,SchmeNm,FinancialIdentificationSchemeName1Choice,0,1
pacs.009.001.13,/Document/FICdtTrf/CdtTrfTxInf/UndrlygFICdtTrf/InstgAgt/FinInstnId/Othr/SchmeNm/Cd,Cd,ExternalFinancialInstitutionIdentification1Code,1,1
pacs.009.001.13,/Document/FICdtTrf/CdtTrfTxInf/UndrlygFICdtTrf/InstgAgt/FinInstnId/Othr/SchmeNm/Prtry,Prtry,Max35Text,1,1
pacs.009.001.13,/Document/FICdtTrf/CdtTrfTxInf/UndrlygFICdtTrf/InstgAgt/FinInstnId/Othr/Issr,Issr,Max35Text,0,1
pacs.009.001.13,/Document/FICdtTrf/CdtTrfTxInf/UndrlygFICdtTrf/InstgAgt/BrnchId,BrnchId,BranchData5,0,1
pacs.009.001.13,/Document/FICdtTrf/CdtTrfTxInf/UndrlygFICdtTrf/InstgAgt/BrnchId/Id,Id,Max35Text,0,1
pacs.009.001.13,/Document/FICdtTrf/CdtTrfTxInf/UndrlygFICdtTrf/InstgAgt/BrnchId/LEI,LEI,LEIIdentifier,0,1
pacs.009.001.13,/Document/FICdtTrf/CdtTrfTxInf/UndrlygFICdtTrf/InstgAgt/BrnchId/Nm,Nm,Max140Text,0,1
pacs.009.001.13,/Document/FICdtTrf/CdtTrfTxInf/UndrlygFICdtTrf/InstgAgt/BrnchId/PstlAdr,PstlAdr,PostalAddress27,0,1
pacs.009.001.13,/Document/FICdtTrf/CdtTrfTxInf/UndrlygFICdtTrf/InstgAgt/BrnchId/PstlAdr/AdrTp,AdrTp,AddressType3Choice,0,1
pacs.009.001.13,/Document/FICdtTrf/CdtTrfTxInf/UndrlygFICdtTrf/InstgAgt/BrnchId/PstlAdr/AdrTp/Cd,Cd,AddressType2Code,1,1
pacs.009.001.13,/Document/FICdtTrf/CdtTrfTxInf/UndrlygFICdtTrf/InstgAgt/BrnchId/PstlAdr/AdrTp/Prtry,Prtry,GenericIdentification30,1,1
pacs.009.001.13,/Document/FICdtTrf/CdtTrfTxInf/UndrlygFICdtTrf/InstgAgt/BrnchId/PstlAdr/AdrTp/Prtry/Id,Id,Exact4AlphaNumericText,1,1
pacs.009.001.13,/Document/FICdtTrf/CdtTrfTxInf/UndrlygFICdtTrf/InstgAgt/BrnchId/PstlAdr/AdrTp/Prtry/Issr,Issr,Max35Text,1,1
pacs.009.001.13,/Document/FICdtTrf/CdtTrfTxInf/UndrlygFICdtTrf/InstgAgt/BrnchId/PstlAdr/AdrTp/Prtry/SchmeNm,SchmeNm,Max35Text,0,1
pacs.009.001.13,/Document/FICdtTrf/CdtTrfTxInf/UndrlygFICdtTrf/InstgAgt/BrnchId/PstlAdr/CareOf,CareOf,Max140Text,0,1
pacs.009.001.13,/Document/FICdtTrf/CdtTrfTxInf/UndrlygFICdtTrf/InstgAgt/BrnchId/PstlAdr/Dept,Dept,Max70Text,0,1
pacs.009.001.13,/Document/FICdtTrf/CdtTrfTxInf/UndrlygFICdtTrf/InstgAgt/BrnchId/PstlAdr/SubDept,SubDept,Max70Text,0,1
pacs.009.001.13,/Document/FICdtTrf/CdtTrfTxInf/UndrlygFICdtTrf/InstgAgt/BrnchId/PstlAdr/StrtNm,StrtNm,Max140Text,0,1
pacs.009.001.13,/Document/FICdtTrf/CdtTrfTxInf/UndrlygFICdtTrf/InstgAgt/BrnchId/PstlAdr/BldgNb,BldgNb,Max16Text,0,1
pacs.009.001.13,/Document/FICdtTrf/CdtTrfTxInf/UndrlygFICdtTrf/InstgAgt/BrnchId/PstlAdr/BldgNm,BldgNm,Max140Text,0,1
pacs.009.001.13,/Document/FICdtTrf/CdtTrfTxInf/UndrlygFICdtTrf/InstgAgt/BrnchId/PstlAdr/Flr,Flr,Max70Text,0,1
pacs.009.001.13,/Document/FICdtTrf/CdtTrfTxInf/UndrlygFICdtTrf/InstgAgt/BrnchId/PstlAdr/UnitNb,UnitNb,Max16Text,0,1
pacs.009.001.13,/Document/FICdtTrf/CdtTrfTxInf/UndrlygFICdtTrf/InstgAgt/BrnchId/PstlAdr/PstBx,PstBx,Max16Text,0,1
pacs.009.001.13,/Document/FICdtTrf/CdtTrfTxInf/UndrlygFICdtTrf/InstgAgt/BrnchId/PstlAdr/Room,Room,Max70Text,0,1
pacs.009.001.13,/Document/FICdtTrf/CdtTrfTxInf/UndrlygFICdtTrf/InstgAgt/BrnchId/PstlAdr/PstCd,PstCd,Max16Text,0,1
pacs.009.001.13,/Document/FICdtTrf/CdtTrfTxInf/UndrlygFICdtTrf/InstgAgt/BrnchId/PstlAdr/TwnNm,TwnNm,Max140Text,0,1
pacs.009.001.13,/Document/FICdtTrf/CdtTrfTxInf/UndrlygFICdtTrf/InstgAgt/BrnchId/PstlAdr/TwnLctnNm,TwnLctnNm,Max140Text,0,1
pacs.009.001.13,/Document/FICdtTrf/CdtTrfTxInf/UndrlygFICdtTrf/InstgAgt/BrnchId/PstlAdr/DstrctNm,DstrctNm,Max140Text,0,1
pacs.009.001.13,/Document/FICdtTrf/CdtTrfTxInf/UndrlygFICdtTrf/InstgAgt/BrnchId/PstlAdr/CtrySubDvsn,CtrySubDvsn,Max35Text,0,1
pacs.009.001.13,/Document/FICdtTrf/CdtTrfTxInf/UndrlygFICdtTrf/InstgAgt/BrnchId/PstlAdr/Ctry,Ctry,CountryCode,0,1
pacs.009.001.13,/Document/FICdtTrf/CdtTrfTxInf/UndrlygFICdtTrf/InstgAgt/BrnchId/PstlAdr/AdrLine,AdrLine,Max70Text,0,7
pacs.009.001.13,/Document/FICdtTrf/CdtTrfTxInf/UndrlygFICdtTrf/InstdAgt,InstdAgt,BranchAndFinancialInstitutionIdentification8,0,1
pacs.009.001.13,/Document/FICdtTrf/CdtTrfTxInf/UndrlygFICdtTrf/InstdAgt/FinInstnId,FinInstnId,FinancialInstitutionIdentification23,1,1
pacs.009.001.13,/Document/FICdtTrf/CdtTrfTxInf/UndrlygFICdtTrf/InstdAgt/FinInstnId/BICFI,BICFI,BICFIDec2014Identifier,0,1
pacs.009.001.13,/Document/FICdtTrf/CdtTrfTxInf/UndrlygFICdtTrf/InstdAgt/FinInstnId/ClrSysMmbId,ClrSysMmbId,ClearingSystemMemberIdentification2,0,1
pacs.009.001.13,/Document/FICdtTrf/CdtTrfTxInf/UndrlygFICdtTrf/InstdAgt/FinInstnId/ClrSysMmbId/ClrSysId,ClrSysId,ClearingSystemIdentification2Choice,0,1
pacs.009.001.13,/Document/FICdtTrf/CdtTrfTxInf/UndrlygFICdtTrf/InstdAgt/FinInstnId/ClrSysMmbId/ClrSysId/Cd,Cd,ExternalClearingSystemIdentification1Code,1,1
pacs.009.001.13,/Document/FICdtTrf/CdtTrfTxInf/UndrlygFICdtTrf/InstdAgt/FinInstnId/ClrSysMmbId/ClrSysId/Prtry,Prtry,Max35Text,1,1
pacs.009.001.13,/Document/FICdtTrf/CdtTrfTxInf/UndrlygFICdtTrf/InstdAgt/FinInstnId/ClrSysMmbId/MmbId,MmbId,Max35Text,1,1
pacs.009.001.13,/Document/FICdtTrf/CdtTrfTxInf/UndrlygFICdtTrf/InstdAgt/FinInstnId/LEI,LEI,LEIIdentifier,0,1
pacs.009.001.13,/Document/FICdtTrf/CdtTrfTxInf/UndrlygFICdtTrf/InstdAgt/FinInstnId/Nm,Nm,Max140Text,0,1
pacs.009.001.13,/Document/FICdtTrf/CdtTrfTxInf/UndrlygFICdtTrf/InstdAgt/FinInstnId/PstlAdr,PstlAdr,PostalAddress27,0,1
pacs.009.001.13,/Document/FICdtTrf/CdtTrfTxInf/UndrlygFICdtTrf/InstdAgt/FinInstnId/PstlAdr/AdrTp,AdrTp,AddressType3Choice,0,1
pacs.009.001.13,/Document/FICdtTrf/CdtTrfTxInf/UndrlygFICdtTrf/InstdAgt/FinInstnId/PstlAdr/AdrTp/Cd,Cd,AddressType2Code,1,1
pacs.009.001.13,/Document/FICdtTrf/CdtTrfTxInf/UndrlygFICdtTrf/InstdAgt/FinInstnId/PstlAdr/AdrTp/Prtry,Prtry,GenericIdentification30,1,1
pacs.009.001.13,/Document/FICdtTrf/CdtTrfTxInf/UndrlygFICdtTrf/InstdAgt/FinInstnId/PstlAdr/AdrTp/Prtry/Id,Id,Exact4AlphaNumericText,1,1
pacs.009.001.13,/Document/FICdtTrf/CdtTrfTxInf/UndrlygFICdtTrf/InstdAgt/FinInstnId/PstlAdr/AdrTp/Prtry/Issr,Issr,Max35Text,1,1
pacs.009.001.13,/Document/FICdtTrf/CdtTrfTxInf/UndrlygFICdtTrf/InstdAgt/FinInstnId/PstlAdr/AdrTp/Prtry/SchmeNm,SchmeNm,Max35Text,0,1
pacs.009.001.13,/Document/FICdtTrf/CdtTrfTxInf/UndrlygFICdtTrf/InstdAgt/FinInstnId/PstlAdr/CareOf,CareOf,Max140Text,0,1
pacs.009.001.13,/Document/FICdtTrf/CdtTrfTxInf/UndrlygFICdtTrf/InstdAgt/FinInstnId/PstlAdr/Dept,Dept,Max70Text,0,1
pacs.009.001.13,/Document/FICdtTrf/CdtTrfTxInf/UndrlygFICdtTrf/InstdAgt/FinInstnId/PstlAdr/SubDept,SubDept,Max70Text,0,1
pacs.009.001.13,/Document/FICdtTrf/CdtTrfTxInf/UndrlygFICdtTrf/InstdAgt/FinInstnId/PstlAdr/StrtNm,StrtNm,Max140Text,0,1
pacs.009.001.13,/Document/FICdtTrf/CdtTrfTxInf/UndrlygFICdtTrf/InstdAgt/FinInstnId/PstlAdr/BldgNb,BldgNb,Max16Text,0,1
pacs.009.001.13,/Document/FICdtTrf/CdtTrfTxInf/UndrlygFICdtTrf/InstdAgt/FinInstnId/PstlAdr/BldgNm,BldgNm,Max140Text,0,1
pacs.009.001.13,/Document/FICdtTrf/CdtTrfTxInf/UndrlygFICdtTrf/InstdAgt/FinInstnId/PstlAdr/Flr,Flr,Max70Text,0,1
pacs.009.001.13,/Document/FICdtTrf/CdtTrfTxInf/UndrlygFICdtTrf/InstdAgt/FinInstnId/PstlAdr/UnitNb,UnitNb,Max16Text,0,1
pacs.009.001.13,/Document/FICdtTrf/CdtTrfTxInf/UndrlygFICdtTrf/InstdAgt/FinInstnId/PstlAdr/PstBx,PstBx,Max16Text,0,1
pacs.009.001.13,/Document/FICdtTrf/CdtTrfTxInf/UndrlygFICdtTrf/InstdAgt/FinInstnId/PstlAdr/Room,Room,Max70Text,0,1
pacs.009.001.13,/Document/FICdtTrf/CdtTrfTxInf/UndrlygFICdtTrf/InstdAgt/FinInstnId/PstlAdr/PstCd,PstCd,Max16Text,0,1
pacs.009.001.13,/Document/FICdtTrf/CdtTrfTxInf/UndrlygFICdtTrf/InstdAgt/FinInstnId/PstlAdr/TwnNm,TwnNm,Max140Text,0,1
pacs.009.001.13,/Document/FICdtTrf/CdtTrfTxInf/UndrlygFICdtTrf/InstdAgt/FinInstnId/PstlAdr/TwnLctnNm,TwnLctnNm,Max140Text,0,1
pacs.009.001.13,/Document/FICdtTrf/CdtTrfTxInf/UndrlygFICdtTrf/InstdAgt/FinInstnId/PstlAdr/DstrctNm,DstrctNm,Max140Text,0,1
pacs.009.001.13,/Document/FICdtTrf/CdtTrfTxInf/UndrlygFICdtTrf/InstdAgt/FinInstnId/PstlAdr/CtrySubDvsn,CtrySubDvsn,Max35Text,0,1
pacs.009.001.13,/Document/FICdtTrf/CdtTrfTxInf/UndrlygFICdtTrf/InstdAgt/FinInstnId/PstlAdr/Ctry,Ctry,CountryCode,0,1
pacs.009.001.13,/Document/FICdtTrf/CdtTrfTxInf/UndrlygFICdtTrf/InstdAgt/FinInstnId/PstlAdr/AdrLine,AdrLine,Max70Text,0,7
pacs.009.001.13,/Document/FICdtTrf/CdtTrfTxInf/UndrlygFICdtTrf/InstdAgt/FinInstnId/Othr,Othr,GenericFinancialIdentification1,0,1
pacs.009.001.13,/Document/FICdtTrf/CdtTrfTxInf/UndrlygFICdtTrf/InstdAgt/FinInstnId/Othr/Id,Id,Max35Text,1,1
pacs.009.001.13,/Document/FICdtTrf/CdtTrfTxInf/UndrlygFICdtTrf/InstdAgt/FinInstnId/Othr/SchmeNm,SchmeNm,FinancialIdentificationSchemeName1Choice,0,1
pacs.009.001.13,/Document/FICdtTrf/CdtTrfTxInf/UndrlygFICdtTrf/InstdAgt/FinInstnId/Othr/SchmeNm/Cd,Cd,ExternalFinancialInstitutionIdentification1Code,1,1
pacs.009.001.13,/Document/FICdtTrf/CdtTrfTxInf/UndrlygFICdtTrf/InstdAgt/FinInstnId/Othr/SchmeNm/Prtry,Prtry,Max35Text,1,1
pacs.009.001.13,/Document/FICdtTrf/CdtTrfTxInf/UndrlygFICdtTrf/InstdAgt/FinInstnId/Othr/Issr,Issr,Max35Text,0,1
pacs.009.001.13,/Document/FICdtTrf/CdtTrfTxInf/UndrlygFICdtTrf/InstdAgt/BrnchId,BrnchId,BranchData5,0,1
pacs.009.001.13,/Document/FICdtTrf/CdtTrfTxInf/UndrlygFICdtTrf/InstdAgt/BrnchId/Id,Id,Max35Text,0,1
pacs.009.001.13,/Document/FICdtTrf/CdtTrfTxInf/UndrlygFICdtTrf/InstdAgt/BrnchId/LEI,LEI,LEIIdentifier,0,1
pacs.009.001.13,/Document/FICdtTrf/CdtTrfTxInf/UndrlygFICdtTrf/InstdAgt/BrnchId/Nm,Nm,Max140Text,0,1
pacs.009.001.13,/Document/FICdtTrf/CdtTrfTxInf/UndrlygFICdtTrf/InstdAgt/BrnchId/PstlAdr,PstlAdr,PostalAddress27,0,1
pacs.009.001.13,/Document/FICdtTrf/CdtTrfTxInf/UndrlygFICdtTrf/InstdAgt/BrnchId/PstlAdr/AdrTp,AdrTp,AddressType3Choice,0,1
pacs.009.001.13,/Document/FICdtTrf/CdtTrfTxInf/UndrlygFICdtTrf/InstdAgt/BrnchId/PstlAdr/AdrTp/Cd,Cd,AddressType2Code,1,1
pacs.009.001.13,/Document/FICdtTrf/CdtTrfTxInf/UndrlygFICdtTrf/InstdAgt/BrnchId/PstlAdr/AdrTp/Prtry,Prtry,GenericIdentification30,1,1
pacs.009.001.13,/Document/FICdtTrf/CdtTrfTxInf/UndrlygFICdtTrf/InstdAgt/BrnchId/PstlAdr/AdrTp/Prtry/Id,Id,Exact4AlphaNumericText,1,1
pacs.009.001.13,/Document/FICdtTrf/CdtTrfTxInf/UndrlygFICdtTrf/InstdAgt/BrnchId/PstlAdr/AdrTp/Prtry/Issr,Issr,Max35Text,1,1
pacs.009.001.13,/Document/FICdtTrf/CdtTrfTxInf/UndrlygFICdtTrf/InstdAgt/BrnchId/PstlAdr/AdrTp/Prtry/SchmeNm,SchmeNm,Max35Text,0,1
pacs.009.001.13,/Document/FICdtTrf/CdtTrfTxInf/UndrlygFICdtTrf/InstdAgt/BrnchId/PstlAdr/CareOf,CareOf,Max140Text,0,1
pacs.009.001.13,/Document/FICdtTrf/CdtTrfTxInf/UndrlygFICdtTrf/InstdAgt/BrnchId/PstlAdr/Dept,Dept,Max70Text,0,1
pacs.009.001.13,/Document/FICdtTrf/CdtTrfTxInf/UndrlygFICdtTrf/InstdAgt/BrnchId/PstlAdr/SubDept,SubDept,Max70Text,0,1
pacs.009.001.13,/Document/FICdtTrf/CdtTrfTxInf/UndrlygFICdtTrf/InstdAgt/BrnchId/PstlAdr/StrtNm,StrtNm,Max140Text,0,1
pacs.009.001.13,/Document/FICdtTrf/CdtTrfTxInf/UndrlygFICdtTrf/InstdAgt/BrnchId/PstlAdr/BldgNb,BldgNb,Max16Text,0,1
pacs.009.001.13,/Document/FICdtTrf/CdtTrfTxInf/UndrlygFICdtTrf/InstdAgt/BrnchId/PstlAdr/BldgNm,BldgNm,Max140Text,0,1
pacs.009.001.13,/Document/FICdtTrf/CdtTrfTxInf/UndrlygFICdtTrf/InstdAgt/BrnchId/PstlAdr/Flr,Flr,Max70Text,0,1
pacs.009.001.13,/Document/FICdtTrf/CdtTrfTxInf/UndrlygFICdtTrf/InstdAgt/BrnchId/PstlAdr/UnitNb,UnitNb,Max16Text,0,1
pacs.009.001.13,/Document/FICdtTrf/CdtTrfTxInf/UndrlygFICdtTrf/InstdAgt/BrnchId/PstlAdr/PstBx,PstBx,Max16Text,0,1
pacs.009.001.13,/Document/FICdtTrf/CdtTrfTxInf/UndrlygFICdtTrf/InstdAgt/BrnchId/PstlAdr/Room,Room,Max70Text,0,1
pacs.009.001.13,/Document/FICdtTrf/CdtTrfTxInf/UndrlygFICdtTrf/InstdAgt/BrnchId/PstlAdr/PstCd,PstCd,Max16Text,0,1
pacs.009.001.13,/Document/FICdtTrf/CdtTrfTxInf/UndrlygFICdtTrf/InstdAgt/BrnchId/PstlAdr/TwnNm,TwnNm,Max140Text,0,1
pacs.009.001.13,/Document/FICdtTrf/CdtTrfTxInf/UndrlygFICdtTrf/InstdAgt/BrnchId/PstlAdr/TwnLctnNm,TwnLctnNm,Max140Text,0,1
pacs.009.001.13,/Document/FICdtTrf/CdtTrfTxInf/UndrlygFICdtTrf/InstdAgt/BrnchId/PstlAdr/DstrctNm,DstrctNm,Max140Text,0,1
pacs.009.001.13,/Document/FICdtTrf/CdtTrfTxInf/UndrlygFICdtTrf/InstdAgt/BrnchId/PstlAdr/CtrySubDvsn,CtrySubDvsn,Max35Text,0,1
pacs.009.001.13,/Document/FICdtTrf/CdtTrfTxInf/UndrlygFICdtTrf/InstdAgt/BrnchId/PstlAdr/Ctry,Ctry,CountryCode,0,1
pacs.009.001.13,/Document/FICdtTrf/CdtTrfTxInf/UndrlygFICdtTrf/InstdAgt/BrnchId/PstlAdr/AdrLine,AdrLine,Max70Text,0,7
pacs.009.001.13,/Document/FICdtTrf/CdtTrfTxInf/UndrlygFICdtTrf/IntrmyAgt1,IntrmyAgt1,BranchAndFinancialInstitutionIdentification8,0,1
pacs.009.001.13,/Document/FICdtTrf/CdtTrfTxInf/UndrlygFICdtTrf/IntrmyAgt1/FinInstnId,FinInstnId,FinancialInstitutionIdentification23,1,1
pacs.009.001.13,/Document/FICdtTrf/CdtTrfTxInf/UndrlygFICdtTrf/IntrmyAgt1/FinInstnId/BICFI,BICFI,BICFIDec2014Identifier,0,1
pacs.009.001.13,/Document/FICdtTrf/CdtTrfTxInf/UndrlygFICdtTrf/IntrmyAgt1/FinInstnId/ClrSysMmbId,ClrSysMmbId,ClearingSystemMemberIdentification2,0,1
pacs.009.001.13,/Document/FICdtTrf/CdtTrfTxInf/UndrlygFICdtTrf/IntrmyAgt1/FinInstnId/ClrSysMmbId/ClrSysId,ClrSysId,ClearingSystemIdentification2Choice,0,1
pacs.009.001.13,/Document/FICdtTrf/CdtTrfTxInf/UndrlygFICdtTrf/IntrmyAgt1/FinInstnId/ClrSysMmbId/ClrSysId/Cd,Cd,ExternalClearingSystemIdentification1Code,1,1
pacs.009.001.13,/Document/FICdtTrf/CdtTrfTxInf/UndrlygFICdtTrf/IntrmyAgt1/FinInstnId/ClrSysMmbId/ClrSysId/Prtry,Prtry,Max35Text,1,1
pacs.009.001.13,/Document/FICdtTrf/CdtTrfTxInf/UndrlygFICdtTrf/IntrmyAgt1/FinInstnId/ClrSysMmbId/MmbId,MmbId,Max35Text,1,1
pacs.009.001.13,/Document/FICdtTrf/CdtTrfTxInf/UndrlygFICdtTrf/IntrmyAgt1/FinInstnId/LEI,LEI,LEIIdentifier,0,1
pacs.009.001.13,/Document/FICdtTrf/CdtTrfTxInf/UndrlygFICdtTrf/IntrmyAgt1/FinInstnId/Nm,Nm,Max140Text,0,1
pacs.009.001.13,/Document/FICdtTrf/CdtTrfTxInf/UndrlygFICdtTrf/IntrmyAgt1/FinInstnId/PstlAdr,PstlAdr,PostalAddress27,0,1
pacs.009.001.13,/Document/FICdtTrf/CdtTrfTxInf/UndrlygFICdtTrf/IntrmyAgt1/FinInstnId/PstlAdr/AdrTp,AdrTp,AddressType3Choice,0,1
pacs.009.001.13,/Document/FICdtTrf/CdtTrfTxInf/UndrlygFICdtTrf/IntrmyAgt1/FinInstnId/PstlAdr/AdrTp/Cd,Cd,AddressType2Code,1,1
pacs.009.001.13,/Document/FICdtTrf/CdtTrfTxInf/UndrlygFICdtTrf/IntrmyAgt1/FinInstnId/PstlAdr/AdrTp/Prtry,Prtry,GenericIdentification30,1,1
pacs.009.001.13,/Document/FICdtTrf/CdtTrfTxInf/UndrlygFICdtTrf/IntrmyAgt1/FinInstnId/PstlAdr/AdrTp/Prtry/Id,Id,Exact4AlphaNumericText,1,1
pacs.009.001.13,/Document/FICdtTrf/CdtTrfTxInf/UndrlygFICdtTrf/IntrmyAgt1/FinInstnId/PstlAdr/AdrTp/Prtry/Issr,Issr,Max35Text,1,1
pacs.009.001.13,/Document/FICdtTrf/CdtTrfTxInf/UndrlygFICdtTrf/IntrmyAgt1/FinInstnId/PstlAdr/AdrTp/Prtry/SchmeNm,SchmeNm,Max35Text,0,1
pacs.009.001.13,/Document/FICdtTrf/CdtTrfTxInf/UndrlygFICdtTrf/IntrmyAgt1/FinInstnId/PstlAdr/CareOf,CareOf,Max140Text,0,1
pacs.009.001.13,/Document/FICdtTrf/CdtTrfTxInf/UndrlygFICdtTrf/IntrmyAgt1/FinInstnId/PstlAdr/Dept,Dept,Max70Text,0,1
pacs.009.001.13,/Document/FICdtTrf/CdtTrfTxInf/UndrlygFICdtTrf/IntrmyAgt1/FinInstnId/PstlAdr/SubDept,SubDept,Max70Text,0,1
pacs.009.001.13,/Document/FICdtTrf/CdtTrfTxInf/UndrlygFICdtTrf/IntrmyAgt1/FinInstnId/PstlAdr/StrtNm,StrtNm,Max140Text,0,1
pacs.009.001.13,/Document/FICdtTrf/CdtTrfTxInf/UndrlygFICdtTrf/IntrmyAgt1/FinInstnId/PstlAdr/BldgNb,BldgNb,Max16Text,0,1
pacs.009.001.13,/Document/FICdtTrf/CdtTrfTxInf/UndrlygFICdtTrf/IntrmyAgt1/FinInstnId/PstlAdr/BldgNm,BldgNm,Max140Text,0,1
pacs.009.001.13,/Document/FICdtTrf/CdtTrfTxInf/UndrlygFICdtTrf/IntrmyAgt1/FinInstnId/PstlAdr/Flr,Flr,Max70Text,0,1
pacs.009.001.13,/Document/FICdtTrf/CdtTrfTxInf/UndrlygFICdtTrf/IntrmyAgt1/FinInstnId/PstlAdr/UnitNb,UnitNb,Max16Text,0,1
pacs.009.001.13,/Document/FICdtTrf/CdtTrfTxInf/UndrlygFICdtTrf/IntrmyAgt1/FinInstnId/PstlAdr/PstBx,PstBx,Max16Text,0,1
pacs.009.001.13,/Document/FICdtTrf/CdtTrfTxInf/UndrlygFICdtTrf/IntrmyAgt1/FinInstnId/PstlAdr/Room,Room,Max70Text,0,1
pacs.009.001.13,/Document/FICdtTrf/CdtTrfTxInf/UndrlygFICdtTrf/IntrmyAgt1/FinInstnId/PstlAdr/PstCd,PstCd,Max16Text,0,1
pacs.009.001.13,/Document/FICdtTrf/CdtTrfTxInf/UndrlygFICdtTrf/IntrmyAgt1/FinInstnId/PstlAdr/TwnNm,TwnNm,Max140Text,0,1
pacs.009.001.13,/Document/FICdtTrf/CdtTrfTxInf/UndrlygFICdtTrf/IntrmyAgt1/FinInstnId/PstlAdr/TwnLctnNm,TwnLctnNm,Max140Text,0,1
pacs.009.001.13,/Document/FICdtTrf/CdtTrfTxInf/UndrlygFICdtTrf/IntrmyAgt1/FinInstnId/PstlAdr/DstrctNm,DstrctNm,Max140Text,0,1
pacs.009.001.13,/Document/FICdtTrf/CdtTrfTxInf/UndrlygFICdtTrf/IntrmyAgt1/FinInstnId/PstlAdr/CtrySubDvsn,CtrySubDvsn,Max35Text,0,1
pacs.009.001.13,/Document/FICdtTrf/CdtTrfTxInf/UndrlygFICdtTrf/IntrmyAgt1/FinInstnId/PstlAdr/Ctry,Ctry,CountryCode,0,1
pacs.009.001.13,/Document/FICdtTrf/CdtTrfTxInf/UndrlygFICdtTrf/IntrmyAgt1/FinInstnId/PstlAdr/AdrLine,AdrLine,Max70Text,0,7
pacs.009.001.13,/Document/FICdtTrf/CdtTrfTxInf/UndrlygFICdtTrf/IntrmyAgt1/FinInstnId/Othr,Othr,GenericFinancialIdentification1,0,1
pacs.009.001.13,/Document/FICdtTrf/CdtTrfTxInf/UndrlygFICdtTrf/IntrmyAgt1/FinInstnId/Othr/Id,Id,Max35Text,1,1
pacs.009.001.13,/Document/FICdtTrf/CdtTrfTxInf/UndrlygFICdtTrf/IntrmyAgt1/FinInstnId/Othr/SchmeNm,SchmeNm,FinancialIdentificationSchemeName1Choice,0,1
pacs.009.001.13,/Document/FICdtTrf/CdtTrfTxInf/UndrlygFICdtTrf/IntrmyAgt1/FinInstnId/Othr/SchmeNm/Cd,Cd,ExternalFinancialInstitutionIdentification1Code,1,1
pacs.009.001.13,/Document/FICdtTrf/CdtTrfTxInf/UndrlygFICdtTrf/IntrmyAgt1/FinInstnId/Othr/SchmeNm/Prtry,Prtry,Max35Text,1,1
pacs.009.001.13,/Document/FICdtTrf/CdtTrfTxInf/UndrlygFICdtTrf/IntrmyAgt1/FinInstnId/Othr/Issr,Issr,Max35Text,0,1
pacs.009.001.13,/Document/FICdtTrf/CdtTrfTxInf/UndrlygFICdtTrf/IntrmyAgt1/BrnchId,BrnchId,BranchData5,0,1
pacs.009.001.13,/Document/FICdtTrf/CdtTrfTxInf/UndrlygFICdtTrf/IntrmyAgt1/BrnchId/Id,Id,Max35Text,0,1
pacs.009.001.13,/Document/FICdtTrf/CdtTrfTxInf/UndrlygFICdtTrf/IntrmyAgt1/BrnchId/LEI,LEI,LEIIdentifier,0,1
pacs.009.001.13,/Document/FICdtTrf/CdtTrfTxInf/UndrlygFICdtTrf/IntrmyAgt1/BrnchId/Nm,Nm,Max140Text,0,1
pacs.009.001.13,/Document/FICdtTrf/CdtTrfTxInf/UndrlygFICdtTrf/IntrmyAgt1/BrnchId/PstlAdr,PstlAdr,PostalAddress27,0,1
pacs.009.001.13,/Document/FICdtTrf/CdtTrfTxInf/UndrlygFICdtTrf/IntrmyAgt1/BrnchId/PstlAdr/AdrTp,AdrTp,AddressType3Choice,0,1
pacs.009.001.13,/Document/FICdtTrf/CdtTrfTxInf/UndrlygFICdtTrf/IntrmyAgt1/BrnchId/PstlAdr/AdrTp/Cd,Cd,AddressType2Code,1,1
pacs.009.001.13,/Document/FICdtTrf/CdtTrfTxInf/UndrlygFICdtTrf/IntrmyAgt1/BrnchId/PstlAdr/AdrTp/Prtry,Prtry,GenericIdentification30,1,1
pacs.009.001.13,/Document/FICdtTrf/CdtTrfTxInf/UndrlygFICdtTrf/IntrmyAgt1/BrnchId/PstlAdr/AdrTp/Prtry/Id,Id,Exact4AlphaNumericText,1,1
pacs.009.001.13,/Document/FICdtTrf/CdtTrfTxInf/UndrlygFICdtTrf/IntrmyAgt1/BrnchId/PstlAdr/AdrTp/Prtry/Issr,Issr,Max35Text,1,1
pacs.009.001.13,/Document/FICdtTrf/CdtTrfTxInf/UndrlygFICdtTrf/IntrmyAgt1/BrnchId/PstlAdr/AdrTp/Prtry/SchmeNm,SchmeNm,Max35Text,0,1
pacs.009.001.13,/Document/FICdtTrf/CdtTrfTxInf/UndrlygFICdtTrf/IntrmyAgt1/BrnchId/PstlAdr/CareOf,CareOf,Max140Text,0,1
pacs.009.001.13,/Document/FICdtTrf/CdtTrfTxInf/UndrlygFICdtTrf/IntrmyAgt1/BrnchId/PstlAdr/Dept,Dept,Max70Text,0,1
pacs.009.001.13,/Document/FICdtTrf/CdtTrfTxInf/UndrlygFICdtTrf/IntrmyAgt1/BrnchId/PstlAdr/SubDept,SubDept,Max70Text,0,1
pacs.009.001.13,/Document/FICdtTrf/CdtTrfTxInf/UndrlygFICdtTrf/IntrmyAgt1/BrnchId/PstlAdr/StrtNm,StrtNm,Max140Text,0,1
pacs.009.001.13,/Document/FICdtTrf/CdtTrfTxInf/UndrlygFICdtTrf/IntrmyAgt1/BrnchId/PstlAdr/BldgNb,BldgNb,Max16Text,0,1
pacs.009.001.13,/Document/FICdtTrf/CdtTrfTxInf/UndrlygFICdtTrf/IntrmyAgt1/BrnchId/PstlAdr/BldgNm,BldgNm,Max140Text,0,1
pacs.009.001.13,/Document/FICdtTrf/CdtTrfTxInf/UndrlygFICdtTrf/IntrmyAgt1/BrnchId/PstlAdr/Flr,Flr,Max70Text,0,1
pacs.009.001.13,/Document/FICdtTrf/CdtTrfTxInf/UndrlygFICdtTrf/IntrmyAgt1/BrnchId/PstlAdr/UnitNb,UnitNb,Max16Text,0,1
pacs.009.001.13,/Document/FICdtTrf/CdtTrfTxInf/UndrlygFICdtTrf/IntrmyAgt1/BrnchId/PstlAdr/PstBx,PstBx,Max16Text,0,1
pacs.009.001.13,/Document/FICdtTrf/CdtTrfTxInf/UndrlygFICdtTrf/IntrmyAgt1/BrnchId/PstlAdr/Room,Room,Max70Text,0,1
pacs.009.001.13,/Document/FICdtTrf/CdtTrfTxInf/UndrlygFICdtTrf/IntrmyAgt1/BrnchId/PstlAdr/PstCd,PstCd,Max16Text,0,1
pacs.009.001.13,/Document/FICdtTrf/CdtTrfTxInf/UndrlygFICdtTrf/IntrmyAgt1/BrnchId/PstlAdr/TwnNm,TwnNm,Max140Text,0,1
pacs.009.001.13,/Document/FICdtTrf/CdtTrfTxInf/UndrlygFICdtTrf/IntrmyAgt1/BrnchId/PstlAdr/TwnLctnNm,TwnLctnNm,Max140Text,0,1
pacs.009.001.13,/Document/FICdtTrf/CdtTrfTxInf/UndrlygFICdtTrf/IntrmyAgt1/BrnchId/PstlAdr/DstrctNm,DstrctNm,Max140Text,0,1
pacs.009.001.13,/Document/FICdtTrf/CdtTrfTxInf/UndrlygFICdtTrf/IntrmyAgt1/BrnchId/PstlAdr/CtrySubDvsn,CtrySubDvsn,Max35Text,0,1
pacs.009.001.13,/Document/FICdtTrf/CdtTrfTxInf/UndrlygFICdtTrf/IntrmyAgt1/BrnchId/PstlAdr/Ctry,Ctry,CountryCode,0,1
pacs.009.001.13,/Document/FICdtTrf/CdtTrfTxInf/UndrlygFICdtTrf/IntrmyAgt1/BrnchId/PstlAdr/AdrLine,AdrLine,Max70Text,0,7
pacs.009.001.13,/Document/FICdtTrf/CdtTrfTxInf/UndrlygFICdtTrf/IntrmyAgt1Acct,IntrmyAgt1Acct,CashAccount40,0,1
pacs.009.001.13,/Document/FICdtTrf/CdtTrfTxInf/UndrlygFICdtTrf/IntrmyAgt1Acct/Id,Id,AccountIdentification4Choice,0,1
pacs.009.001.13,/Document/FICdtTrf/CdtTrfTxInf/UndrlygFICdtTrf/IntrmyAgt1Acct/Id/IBAN,IBAN,IBAN2007Identifier,1,1
pacs.009.001.13,/Document/FICdtTrf/CdtTrfTxInf/UndrlygFICdtTrf/IntrmyAgt1Acct/Id/Othr,Othr,GenericAccountIdentification1,1,1
pacs.009.001.13,/Document/FICdtTrf/CdtTrfTxInf/UndrlygFICdtTrf/IntrmyAgt1Acct/Id/Othr/Id,Id,Max34Text,1,1
pacs.009.001.13,/Document/FICdtTrf/CdtTrfTxInf/UndrlygFICdtTrf/IntrmyAgt1Acct/Id/Othr/SchmeNm,SchmeNm,AccountSchemeName1Choice,0,1
pacs.009.001.13,/Document/FICdtTrf/CdtTrfTxInf/UndrlygFICdtTrf/IntrmyAgt1Acct/Id/Othr/SchmeNm/Cd,Cd,ExternalAccountIdentification1Code,1,1
pacs.009.001.13,/Document/FICdtTrf/CdtTrfTxInf/UndrlygFICdtTrf/IntrmyAgt1Acct/Id/Othr/SchmeNm/Prtry,Prtry,Max35Text,1,1
pacs.009.001.13,/Document/FICdtTrf/CdtTrfTxInf/UndrlygFICdtTrf/IntrmyAgt1Acct/Id/Othr/Issr,Issr,Max35Text,0,1
pacs.009.001.13,/Document/FICdtTrf/CdtTrfTxInf/UndrlygFICdtTrf/IntrmyAgt1Acct/Tp,Tp,CashAccountType2Choice,0,1
pacs.009.001.13,/Document/FICdtTrf/CdtTrfTxInf/UndrlygFICdtTrf/IntrmyAgt1Acct/Tp/Cd,Cd,ExternalCashAccountType1Code,1,1
pacs.009.001.13,/Document/FICdtTrf/CdtTrfTxInf/UndrlygFICdtTrf/IntrmyAgt1Acct/Tp/Prtry,Prtry,Max35Text,1,1
pacs.009.001.13,/Document/FICdtTrf/CdtTrfTxInf/UndrlygFICdtTrf/IntrmyAgt1Acct/Ccy,Ccy,ActiveOrHistoricCurrencyCode,0,1
pacs.009.001.13,/Document/FICdtTrf/CdtTrfTxInf/UndrlygFICdtTrf/IntrmyAgt1Acct/Nm,Nm,Max70Text,0,1
pacs.009.001.13,/Document/FICdtTrf/CdtTrfTxInf/UndrlygFICdtTrf/IntrmyAgt1Acct/Prxy,Prxy,ProxyAccountIdentification1,0,1
pacs.009.001.13,/Document/FICdtTrf/CdtTrfTxInf/UndrlygFICdtTrf/IntrmyAgt1Acct/Prxy/Tp,Tp,ProxyAccountType1Choice,0,1
pacs.009.001.13,/Document/FICdtTrf/CdtTrfTxInf/UndrlygFICdtTrf/IntrmyAgt1Acct/Prxy/Tp/Cd,Cd,ExternalProxyAccountType1Code,1,1
pacs.009.001.13,/Document/FICdtTrf/CdtTrfTxInf/UndrlygFICdtTrf/IntrmyAgt1Acct/Prxy/Tp/Prtry,Prtry,Max35Text,1,1
pacs.009.001.13,/Document/FICdtTrf/CdtTrfTxInf/UndrlygFICdtTrf/IntrmyAgt1Acct/Prxy/Id,Id,Max2048Text,1,1
pacs.009.001.13,/Document/FICdtTrf/CdtTrfTxInf/UndrlygFICdtTrf/IntrmyAgt2,IntrmyAgt2,BranchAndFinancialInstitutionIdentification8,0,1
pacs.009.001.13,/Document/FICdtTrf/CdtTrfTxInf/UndrlygFICdtTrf/IntrmyAgt2/FinInstnId,FinInstnId,FinancialInstitutionIdentification23,1,1
pacs.009.001.13,/Document/FICdtTrf/CdtTrfTxInf/UndrlygFICdtTrf/IntrmyAgt2/FinInstnId/BICFI,BICFI,BICFIDec2014Identifier,0,1
pacs.009.001.13,/Document/FICdtTrf/CdtTrfTxInf/UndrlygFICdtTrf/IntrmyAgt2/FinInstnId/ClrSysMmbId,ClrSysMmbId,ClearingSystemMemberIdentification2,0,1
pacs.009.001.13,/Document/FICdtTrf/CdtTrfTxInf/UndrlygFICdtTrf/IntrmyAgt2/FinInstnId/ClrSysMmbId/ClrSysId,ClrSysId,ClearingSystemIdentification2Choice,0,1
pacs.009.001.13,/Document/FICdtTrf/CdtTrfTxInf/UndrlygFICdtTrf/IntrmyAgt2/FinInstnId/ClrSysMmbId/ClrSysId/Cd,Cd,ExternalClearingSystemIdentification1Code,1,1
pacs.009.001.13,/Document/FICdtTrf/CdtTrfTxInf/UndrlygFICdtTrf/IntrmyAgt2/FinInstnId/ClrSysMmbId/ClrSysId/Prtry,Prtry,Max35Text,1,1
pacs.009.001.13,/Document/FICdtTrf/CdtTrfTxInf/UndrlygFICdtTrf/IntrmyAgt2/FinInstnId/ClrSysMmbId/MmbId,MmbId,Max35Text,1,1
pacs.009.001.13,/Document/FICdtTrf/CdtTrfTxInf/UndrlygFICdtTrf/IntrmyAgt2/FinInstnId/LEI,LEI,LEIIdentifier,0,1
pacs.009.001.13,/Document/FICdtTrf/CdtTrfTxInf/UndrlygFICdtTrf/IntrmyAgt2/FinInstnId/Nm,Nm,Max140Text,0,1
pacs.009.001.13,/Document/FICdtTrf/CdtTrfTxInf/UndrlygFICdtTrf/IntrmyAgt2/FinInstnId/PstlAdr,PstlAdr,PostalAddress27,0,1
pacs.009.001.13,/Document/FICdtTrf/CdtTrfTxInf/UndrlygFICdtTrf/IntrmyAgt2/FinInstnId/PstlAdr/AdrTp,AdrTp,AddressType3Choice,0,1
pacs.009.001.13,/Document/FICdtTrf/CdtTrfTxInf/UndrlygFICdtTrf/IntrmyAgt2/FinInstnId/PstlAdr/AdrTp/Cd,Cd,AddressType2Code,1,1
pacs.009.001.13,/Document/FICdtTrf/CdtTrfTxInf/UndrlygFICdtTrf/IntrmyAgt2/FinInstnId/PstlAdr/AdrTp/Prtry,Prtry,GenericIdentification30,1,1
pacs.009.001.13,/Document/FICdtTrf/CdtTrfTxInf/UndrlygFICdtTrf/IntrmyAgt2/FinInstnId/PstlAdr/AdrTp/Prtry/Id,Id,Exact4AlphaNumericText,1,1
pacs.009.001.13,/Document/FICdtTrf/CdtTrfTxInf/UndrlygFICdtTrf/IntrmyAgt2/FinInstnId/PstlAdr/AdrTp/Prtry/Issr,Issr,Max35Text,1,1
pacs.009.001.13,/Document/FICdtTrf/CdtTrfTxInf/UndrlygFICdtTrf/IntrmyAgt2/FinInstnId/PstlAdr/AdrTp/Prtry/SchmeNm,SchmeNm,Max35Text,0,1
pacs.009.001.13,/Document/FICdtTrf/CdtTrfTxInf/UndrlygFICdtTrf/IntrmyAgt2/FinInstnId/PstlAdr/CareOf,CareOf,Max140Text,0,1
pacs.009.001.13,/Document/FICdtTrf/CdtTrfTxInf/UndrlygFICdtTrf/IntrmyAgt2/FinInstnId/PstlAdr/Dept,Dept,Max70Text,0,1
pacs.009.001.13,/Document/FICdtTrf/CdtTrfTxInf/UndrlygFICdtTrf/IntrmyAgt2/FinInstnId/PstlAdr/SubDept,SubDept,Max70Text,0,1
pacs.009.001.13,/Document/FICdtTrf/CdtTrfTxInf/UndrlygFICdtTrf/IntrmyAgt2/FinInstnId/PstlAdr/StrtNm,StrtNm,Max140Text,0,1
pacs.009.001.13,/Document/FICdtTrf/CdtTrfTxInf/UndrlygFICdtTrf/IntrmyAgt2/FinInstnId/PstlAdr/BldgNb,BldgNb,Max16Text,0,1
pacs.009.001.13,/Document/FICdtTrf/CdtTrfTxInf/UndrlygFICdtTrf/IntrmyAgt2/FinInstnId/PstlAdr/BldgNm,BldgNm,Max140Text,0,1
pacs.009.001.13,/Document/FICdtTrf/CdtTrfTxInf/UndrlygFICdtTrf/IntrmyAgt2/FinInstnId/PstlAdr/Flr,Flr,Max70Text,0,1
pacs.009.001.13,/Document/FICdtTrf/CdtTrfTxInf/UndrlygFICdtTrf/IntrmyAgt2/FinInstnId/PstlAdr/UnitNb,UnitNb,Max16Text,0,1
pacs.009.001.13,/Document/FICdtTrf/CdtTrfTxInf/UndrlygFICdtTrf/IntrmyAgt2/FinInstnId/PstlAdr/PstBx,PstBx,Max16Text,0,1
pacs.009.001.13,/Document/FICdtTrf/CdtTrfTxInf/UndrlygFICdtTrf/IntrmyAgt2/FinInstnId/PstlAdr/Room,Room,Max70Text,0,1
pacs.009.001.13,/Document/FICdtTrf/CdtTrfTxInf/UndrlygFICdtTrf/IntrmyAgt2/FinInstnId/PstlAdr/PstCd,PstCd,Max16Text,0,1
pacs.009.001.13,/Document/FICdtTrf/CdtTrfTxInf/UndrlygFICdtTrf/IntrmyAgt2/FinInstnId/PstlAdr/TwnNm,TwnNm,Max140Text,0,1
pacs.009.001.13,/Document/FICdtTrf/CdtTrfTxInf/UndrlygFICdtTrf/IntrmyAgt2/FinInstnId/PstlAdr/TwnLctnNm,TwnLctnNm,Max140Text,0,1
pacs.009.001.13,/Document/FICdtTrf/CdtTrfTxInf/UndrlygFICdtTrf/IntrmyAgt2/FinInstnId/PstlAdr/DstrctNm,DstrctNm,Max140Text,0,1
pacs.009.001.13,/Document/FICdtTrf/CdtTrfTxInf/UndrlygFICdtTrf/IntrmyAgt2/FinInstnId/PstlAdr/CtrySubDvsn,CtrySubDvsn,Max35Text,0,1
pacs.009.001.13,/Document/FICdtTrf/CdtTrfTxInf/UndrlygFICdtTrf/IntrmyAgt2/FinInstnId/PstlAdr/Ctry,Ctry,CountryCode,0,1
pacs.009.001.13,/Document/FICdtTrf/CdtTrfTxInf/UndrlygFICdtTrf/IntrmyAgt2/FinInstnId/PstlAdr/AdrLine,AdrLine,Max70Text,0,7
pacs.009.001.13,/Document/FICdtTrf/CdtTrfTxInf/UndrlygFICdtTrf/IntrmyAgt2/FinInstnId/Othr,Othr,GenericFinancialIdentification1,0,1
pacs.009.001.13,/Document/FICdtTrf/CdtTrfTxInf/UndrlygFICdtTrf/IntrmyAgt2/FinInstnId/Othr/Id,Id,Max35Text,1,1
pacs.009.001.13,/Document/FICdtTrf/CdtTrfTxInf/UndrlygFICdtTrf/IntrmyAgt2/FinInstnId/Othr/SchmeNm,SchmeNm,FinancialIdentificationSchemeName1Choice,0,1
pacs.009.001.13,/Document/FICdtTrf/CdtTrfTxInf/UndrlygFICdtTrf/IntrmyAgt2/FinInstnId/Othr/SchmeNm/Cd,Cd,ExternalFinancialInstitutionIdentification1Code,1,1
pacs.009.001.13,/Document/FICdtTrf/CdtTrfTxInf/UndrlygFICdtTrf/IntrmyAgt2/FinInstnId/Othr/SchmeNm/Prtry,Prtry,Max35Text,1,1
pacs.009.001.13,/Document/FICdtTrf/CdtTrfTxInf/UndrlygFICdtTrf/IntrmyAgt2/FinInstnId/Othr/Issr,Issr,Max35Text,0,1
pacs.009.001.13,/Document/FICdtTrf/CdtTrfTxInf/UndrlygFICdtTrf/IntrmyAgt2/BrnchId,BrnchId,BranchData5,0,1
pacs.009.001.13,/Document/FICdtTrf/CdtTrfTxInf/UndrlygFICdtTrf/IntrmyAgt2/BrnchId/Id,Id,Max35Text,0,1
pacs.009.001.13,/Document/FICdtTrf/CdtTrfTxInf/UndrlygFICdtTrf/IntrmyAgt2/BrnchId/LEI,LEI,LEIIdentifier,0,1
pacs.009.001.13,/Document/FICdtTrf/CdtTrfTxInf/UndrlygFICdtTrf/IntrmyAgt2/BrnchId/Nm,Nm,Max140Text,0,1
pacs.009.001.13,/Document/FICdtTrf/CdtTrfTxInf/UndrlygFICdtTrf/IntrmyAgt2/BrnchId/PstlAdr,PstlAdr,PostalAddress27,0,1
pacs.009.001.13,/Document/FICdtTrf/CdtTrfTxInf/UndrlygFICdtTrf/IntrmyAgt2/BrnchId/PstlAdr/AdrTp,AdrTp,AddressType3Choice,0,1
pacs.009.001.13,/Document/FICdtTrf/CdtTrfTxInf/UndrlygFICdtTrf/IntrmyAgt2/BrnchId/PstlAdr/AdrTp/Cd,Cd,AddressType2Code,1,1
pacs.009.001.13,/Document/FICdtTrf/CdtTrfTxInf/UndrlygFICdtTrf/IntrmyAgt2/BrnchId/PstlAdr/AdrTp/Prtry,Prtry,GenericIdentification30,1,1
pacs.009.001.13,/Document/FICdtTrf/CdtTrfTxInf/UndrlygFICdtTrf/IntrmyAgt2/BrnchId/PstlAdr/AdrTp/Prtry/Id,Id,Exact4AlphaNumericText,1,1
pacs.009.001.13,/Document/FICdtTrf/CdtTrfTxInf/UndrlygFICdtTrf/IntrmyAgt2/BrnchId/PstlAdr/AdrTp/Prtry/Issr,Issr,Max35Text,1,1
pacs.009.001.13,/Document/FICdtTrf/CdtTrfTxInf/UndrlygFICdtTrf/IntrmyAgt2/BrnchId/PstlAdr/AdrTp/Prtry/SchmeNm,SchmeNm,Max35Text,0,1
pacs.009.001.13,/Document/FICdtTrf/CdtTrfTxInf/UndrlygFICdtTrf/IntrmyAgt2/BrnchId/PstlAdr/CareOf,CareOf,Max140Text,0,1
pacs.009.001.13,/Document/FICdtTrf/CdtTrfTxInf/UndrlygFICdtTrf/IntrmyAgt2/BrnchId/PstlAdr/Dept,Dept,Max70Text,0,1
pacs.009.001.13,/Document/FICdtTrf/CdtTrfTxInf/UndrlygFICdtTrf/IntrmyAgt2/BrnchId/PstlAdr/SubDept,SubDept,Max70Text,0,1
pacs.009.001.13,/Document/FICdtTrf/CdtTrfTxInf/UndrlygFICdtTrf/IntrmyAgt2/BrnchId/PstlAdr/StrtNm,StrtNm,Max140Text,0,1
pacs.009.001.13,/Document/FICdtTrf/CdtTrfTxInf/UndrlygFICdtTrf/IntrmyAgt2/BrnchId/PstlAdr/BldgNb,BldgNb,Max16Text,0,1
pacs.009.001.13,/Document/FICdtTrf/CdtTrfTxInf/UndrlygFICdtTrf/IntrmyAgt2/BrnchId/PstlAdr/BldgNm,BldgNm,Max140Text,0,1
pacs.009.001.13,/Document/FICdtTrf/CdtTrfTxInf/UndrlygFICdtTrf/IntrmyAgt2/BrnchId/PstlAdr/Flr,Flr,Max70Text,0,1
pacs.009.001.13,/Document/FICdtTrf/CdtTrfTxInf/UndrlygFICdtTrf/IntrmyAgt2/BrnchId/PstlAdr/UnitNb,UnitNb,Max16Text,0,1
pacs.009.001.13,/Document/FICdtTrf/CdtTrfTxInf/UndrlygFICdtTrf/IntrmyAgt2/BrnchId/PstlAdr/PstBx,PstBx,Max16Text,0,1
pacs.009.001.13,/Document/FICdtTrf/CdtTrfTxInf/UndrlygFICdtTrf/IntrmyAgt2/BrnchId/PstlAdr/Room,Room,Max70Text,0,1
pacs.009.001.13,/Document/FICdtTrf/CdtTrfTxInf/UndrlygFICdtTrf/IntrmyAgt2/BrnchId/PstlAdr/PstCd,PstCd,Max16Text,0,1
pacs.009.001.13,/Document/FICdtTrf/CdtTrfTxInf/UndrlygFICdtTrf/IntrmyAgt2/BrnchId/PstlAdr/TwnNm,TwnNm,Max140Text,0,1
pacs.009.001.13,/Document/FICdtTrf/CdtTrfTxInf/UndrlygFICdtTrf/IntrmyAgt2/BrnchId/PstlAdr/TwnLctnNm,TwnLctnNm,Max140Text,0,1
pacs.009.001.13,/Document/FICdtTrf/CdtTrfTxInf/UndrlygFICdtTrf/IntrmyAgt2/BrnchId/PstlAdr/DstrctNm,DstrctNm,Max140Text,0,1
pacs.009.001.13,/Document/FICdtTrf/CdtTrfTxInf/UndrlygFICdtTrf/IntrmyAgt2/BrnchId/PstlAdr/CtrySubDvsn,CtrySubDvsn,Max35Text,0,1
pacs.009.001.13,/Document/FICdtTrf/CdtTrfTxInf/UndrlygFICdtTrf/IntrmyAgt2/BrnchId/PstlAdr/Ctry,Ctry,CountryCode,0,1
pacs.009.001.13,/Document/FICdtTrf/CdtTrfTxInf/UndrlygFICdtTrf/IntrmyAgt2/BrnchId/PstlAdr/AdrLine,AdrLine,Max70Text,0,7
pacs.009.001.13,/Document/FICdtTrf/CdtTrfTxInf/UndrlygFICdtTrf/IntrmyAgt2Acct,IntrmyAgt2Acct,CashAccount40,0,1
pacs.009.001.13,/Document/FICdtTrf/CdtTrfTxInf/UndrlygFICdtTrf/IntrmyAgt2Acct/Id,Id,AccountIdentification4Choice,0,1
pacs.009.001.13,/Document/FICdtTrf/CdtTrfTxInf/UndrlygFICdtTrf/IntrmyAgt2Acct/Id/IBAN,IBAN,IBAN2007Identifier,1,1
pacs.009.001.13,/Document/FICdtTrf/CdtTrfTxInf/UndrlygFICdtTrf/IntrmyAgt2Acct/Id/Othr,Othr,GenericAccountIdentification1,1,1
pacs.009.001.13,/Document/FICdtTrf/CdtTrfTxInf/UndrlygFICdtTrf/IntrmyAgt2Acct/Id/Othr/Id,Id,Max34Text,1,1
pacs.009.001.13,/Document/FICdtTrf/CdtTrfTxInf/UndrlygFICdtTrf/IntrmyAgt2Acct/Id/Othr/SchmeNm,SchmeNm,AccountSchemeName1Choice,0,1
pacs.009.001.13,/Document/FICdtTrf/CdtTrfTxInf/UndrlygFICdtTrf/IntrmyAgt2Acct/Id/Othr/SchmeNm/Cd,Cd,ExternalAccountIdentification1Code,1,1
pacs.009.001.13,/Document/FICdtTrf/CdtTrfTxInf/UndrlygFICdtTrf/IntrmyAgt2Acct/Id/Othr/SchmeNm/Prtry,Prtry,Max35Text,1,1
pacs.009.001.13,/Document/FICdtTrf/CdtTrfTxInf/UndrlygFICdtTrf/IntrmyAgt2Acct/Id/Othr/Issr,Issr,Max35Text,0,1
pacs.009.001.13,/Document/FICdtTrf/CdtTrfTxInf/UndrlygFICdtTrf/IntrmyAgt2Acct/Tp,Tp,CashAccountType2Choice,0,1
pacs.009.001.13,/Document/FICdtTrf/CdtTrfTxInf/UndrlygFICdtTrf/IntrmyAgt2Acct/Tp/Cd,Cd,ExternalCashAccountType1Code,1,1
pacs.009.001.13,/Document/FICdtTrf/CdtTrfTxInf/UndrlygFICdtTrf/IntrmyAgt2Acct/Tp/Prtry,Prtry,Max35Text,1,1
pacs.009.001.13,/Document/FICdtTrf/CdtTrfTxInf/UndrlygFICdtTrf/IntrmyAgt2Acct/Ccy,Ccy,ActiveOrHistoricCurrencyCode,0,1
pacs.009.001.13,/Document/FICdtTrf/CdtTrfTxInf/UndrlygFICdtTrf/IntrmyAgt2Acct/Nm,Nm,Max70Text,0,1
pacs.009.001.13,/Document/FICdtTrf/CdtTrfTxInf/UndrlygFICdtTrf/IntrmyAgt2Acct/Prxy,Prxy,ProxyAccountIdentification1,0,1
pacs.009.001.13,/Document/FICdtTrf/CdtTrfTxInf/UndrlygFICdtTrf/IntrmyAgt2Acct/Prxy/Tp,Tp,ProxyAccountType1Choice,0,1
pacs.009.001.13,/Document/FICdtTrf/CdtTrfTxInf/UndrlygFICdtTrf/IntrmyAgt2Acct/Prxy/Tp/Cd,Cd,ExternalProxyAccountType1Code,1,1
pacs.009.001.13,/Document/FICdtTrf/CdtTrfTxInf/UndrlygFICdtTrf/IntrmyAgt2Acct/Prxy/Tp/Prtry,Prtry,Max35Text,1,1
pacs.009.001.13,/Document/FICdtTrf/CdtTrfTxInf/UndrlygFICdtTrf/IntrmyAgt2Acct/Prxy/Id,Id,Max2048Text,1,1
pacs.009.001.13,/Document/FICdtTrf/CdtTrfTxInf/UndrlygFICdtTrf/IntrmyAgt3,IntrmyAgt3,BranchAndFinancialInstitutionIdentification8,0,1
pacs.009.001.13,/Document/FICdtTrf/CdtTrfTxInf/UndrlygFICdtTrf/IntrmyAgt3/FinInstnId,FinInstnId,FinancialInstitutionIdentification23,1,1
pacs.009.001.13,/Document/FICdtTrf/CdtTrfTxInf/UndrlygFICdtTrf/IntrmyAgt3/FinInstnId/BICFI,BICFI,BICFIDec2014Identifier,0,1
pacs.009.001.13,/Document/FICdtTrf/CdtTrfTxInf/UndrlygFICdtTrf/IntrmyAgt3/FinInstnId/ClrSysMmbId,ClrSysMmbId,ClearingSystemMemberIdentification2,0,1
pacs.009.001.13,/Document/FICdtTrf/CdtTrfTxInf/UndrlygFICdtTrf/IntrmyAgt3/FinInstnId/ClrSysMmbId/ClrSysId,ClrSysId,ClearingSystemIdentification2Choice,0,1
pacs.009.001.13,/Document/FICdtTrf/CdtTrfTxInf/UndrlygFICdtTrf/IntrmyAgt3/FinInstnId/ClrSysMmbId/ClrSysId/Cd,Cd,ExternalClearingSystemIdentification1Code,1,1
pacs.009.001.13,/Document/FICdtTrf/CdtTrfTxInf/UndrlygFICdtTrf/IntrmyAgt3/FinInstnId/ClrSysMmbId/ClrSysId/Prtry,Prtry,Max35Text,1,1
pacs.009.001.13,/Document/FICdtTrf/CdtTrfTxInf/UndrlygFICdtTrf/IntrmyAgt3/FinInstnId/ClrSysMmbId/MmbId,MmbId,Max35Text,1,1
pacs.009.001.13,/Document/FICdtTrf/CdtTrfTxInf/UndrlygFICdtTrf/IntrmyAgt3/FinInstnId/LEI,LEI,LEIIdentifier,0,1
pacs.009.001.13,/Document/FICdtTrf/CdtTrfTxInf/UndrlygFICdtTrf/IntrmyAgt3/FinInstnId/Nm,Nm,Max140Text,0,1
pacs.009.001.13,/Document/FICdtTrf/CdtTrfTxInf/UndrlygFICdtTrf/IntrmyAgt3/FinInstnId/PstlAdr,PstlAdr,PostalAddress27,0,1
pacs.009.001.13,/Document/FICdtTrf/CdtTrfTxInf/UndrlygFICdtTrf/IntrmyAgt3/FinInstnId/PstlAdr/AdrTp,AdrTp,AddressType3Choice,0,1
pacs.009.001.13,/Document/FICdtTrf/CdtTrfTxInf/UndrlygFICdtTrf/IntrmyAgt3/FinInstnId/PstlAdr/AdrTp/Cd,Cd,AddressType2Code,1,1
pacs.009.001.13,/Document/FICdtTrf/CdtTrfTxInf/UndrlygFICdtTrf/IntrmyAgt3/FinInstnId/PstlAdr/AdrTp/Prtry,Prtry,GenericIdentification30,1,1
pacs.009.001.13,/Document/FICdtTrf/CdtTrfTxInf/UndrlygFICdtTrf/IntrmyAgt3/FinInstnId/PstlAdr/AdrTp/Prtry/Id,Id,Exact4AlphaNumericText,1,1
pacs.009.001.13,/Document/FICdtTrf/CdtTrfTxInf/UndrlygFICdtTrf/IntrmyAgt3/FinInstnId/PstlAdr/AdrTp/Prtry/Issr,Issr,Max35Text,1,1
pacs.009.001.13,/Document/FICdtTrf/CdtTrfTxInf/UndrlygFICdtTrf/IntrmyAgt3/FinInstnId/PstlAdr/AdrTp/Prtry/SchmeNm,SchmeNm,Max35Text,0,1
pacs.009.001.13,/Document/FICdtTrf/CdtTrfTxInf/UndrlygFICdtTrf/IntrmyAgt3/FinInstnId/PstlAdr/CareOf,CareOf,Max140Text,0,1
pacs.009.001.13,/Document/FICdtTrf/CdtTrfTxInf/UndrlygFICdtTrf/IntrmyAgt3/FinInstnId/PstlAdr/Dept,Dept,Max70Text,0,1
pacs.009.001.13,/Document/FICdtTrf/CdtTrfTxInf/UndrlygFICdtTrf/IntrmyAgt3/FinInstnId/PstlAdr/SubDept,SubDept,Max70Text,0,1
pacs.009.001.13,/Document/FICdtTrf/CdtTrfTxInf/UndrlygFICdtTrf/IntrmyAgt3/FinInstnId/PstlAdr/StrtNm,StrtNm,Max140Text,0,1
pacs.009.001.13,/Document/FICdtTrf/CdtTrfTxInf/UndrlygFICdtTrf/IntrmyAgt3/FinInstnId/PstlAdr/BldgNb,BldgNb,Max16Text,0,1
pacs.009.001.13,/Document/FICdtTrf/CdtTrfTxInf/UndrlygFICdtTrf/IntrmyAgt3/FinInstnId/PstlAdr/BldgNm,BldgNm,Max140Text,0,1
pacs.009.001.13,/Document/FICdtTrf/CdtTrfTxInf/UndrlygFICdtTrf/IntrmyAgt3/FinInstnId/PstlAdr/Flr,Flr,Max70Text,0,1
pacs.009.001.13,/Document/FICdtTrf/CdtTrfTxInf/UndrlygFICdtTrf/IntrmyAgt3/FinInstnId/PstlAdr/UnitNb,UnitNb,Max16Text,0,1
pacs.009.001.13,/Document/FICdtTrf/CdtTrfTxInf/UndrlygFICdtTrf/IntrmyAgt3/FinInstnId/PstlAdr/PstBx,PstBx,Max16Text,0,1
pacs.009.001.13,/Document/FICdtTrf/CdtTrfTxInf/UndrlygFICdtTrf/IntrmyAgt3/FinInstnId/PstlAdr/Room,Room,Max70Text,0,1
pacs.009.001.13,/Document/FICdtTrf/CdtTrfTxInf/UndrlygFICdtTrf/IntrmyAgt3/FinInstnId/PstlAdr/PstCd,PstCd,Max16Text,0,1
pacs.009.001.13,/Document/FICdtTrf/CdtTrfTxInf/UndrlygFICdtTrf/IntrmyAgt3/FinInstnId/PstlAdr/TwnNm,TwnNm,Max140Text,0,1
pacs.009.001.13,/Document/FICdtTrf/CdtTrfTxInf/UndrlygFICdtTrf/IntrmyAgt3/FinInstnId/PstlAdr/TwnLctnNm,TwnLctnNm,Max140Text,0,1
pacs.009.001.13,/Document/FICdtTrf/CdtTrfTxInf/UndrlygFICdtTrf/IntrmyAgt3/FinInstnId/PstlAdr/DstrctNm,DstrctNm,Max140Text,0,1
pacs.009.001.13,/Document/FICdtTrf/CdtTrfTxInf/UndrlygFICdtTrf/IntrmyAgt3/FinInstnId/PstlAdr/CtrySubDvsn,CtrySubDvsn,Max35Text,0,1
pacs.009.001.13,/Document/FICdtTrf/CdtTrfTxInf/UndrlygFICdtTrf/IntrmyAgt3/FinInstnId/PstlAdr/Ctry,Ctry,CountryCode,0,1
pacs.009.001.13,/Document/FICdtTrf/CdtTrfTxInf/UndrlygFICdtTrf/IntrmyAgt3/FinInstnId/PstlAdr/AdrLine,AdrLine,Max70Text,0,7
pacs.009.001.13,/Document/FICdtTrf/CdtTrfTxInf/UndrlygFICdtTrf/IntrmyAgt3/FinInstnId/Othr,Othr,GenericFinancialIdentification1,0,1
pacs.009.001.13,/Document/FICdtTrf/CdtTrfTxInf/UndrlygFICdtTrf/IntrmyAgt3/FinInstnId/Othr/Id,Id,Max35Text,1,1
pacs.009.001.13,/Document/FICdtTrf/CdtTrfTxInf/UndrlygFICdtTrf/IntrmyAgt3/FinInstnId/Othr/SchmeNm,SchmeNm,FinancialIdentificationSchemeName1Choice,0,1
pacs.009.001.13,/Document/FICdtTrf/CdtTrfTxInf/UndrlygFICdtTrf/IntrmyAgt3/FinInstnId/Othr/SchmeNm/Cd,Cd,ExternalFinancialInstitutionIdentification1Code,1,1
pacs.009.001.13,/Document/FICdtTrf/CdtTrfTxInf/UndrlygFICdtTrf/IntrmyAgt3/FinInstnId/Othr/SchmeNm/Prtry,Prtry,Max35Text,1,1
pacs.009.001.13,/Document/FICdtTrf/CdtTrfTxInf/UndrlygFICdtTrf/IntrmyAgt3/FinInstnId/Othr/Issr,Issr,Max35Text,0,1
pacs.009.001.13,/Document/FICdtTrf/CdtTrfTxInf/UndrlygFICdtTrf/IntrmyAgt3/BrnchId,BrnchId,BranchData5,0,1
pacs.009.001.13,/Document/FICdtTrf/CdtTrfTxInf/UndrlygFICdtTrf/IntrmyAgt3/BrnchId/Id,Id,Max35Text,0,1
pacs.009.001.13,/Document/FICdtTrf/CdtTrfTxInf/UndrlygFICdtTrf/IntrmyAgt3/BrnchId/LEI,LEI,LEIIdentifier,0,1
pacs.009.001.13,/Document/FICdtTrf/CdtTrfTxInf/UndrlygFICdtTrf/IntrmyAgt3/BrnchId/Nm,Nm,Max140Text,0,1
pacs.009.001.13,/Document/FICdtTrf/CdtTrfTxInf/UndrlygFICdtTrf/IntrmyAgt3/BrnchId/PstlAdr,PstlAdr,PostalAddress27,0,1
pacs.009.001.13,/Document/FICdtTrf/CdtTrfTxInf/UndrlygFICdtTrf/IntrmyAgt3/BrnchId/PstlAdr/AdrTp,AdrTp,AddressType3Choice,0,1
pacs.009.001.13,/Document/FICdtTrf/CdtTrfTxInf/UndrlygFICdtTrf/IntrmyAgt3/BrnchId/PstlAdr/AdrTp/Cd,Cd,AddressType2Code,1,1
pacs.009.001.13,/Document/FICdtTrf/CdtTrfTxInf/UndrlygFICdtTrf/IntrmyAgt3/BrnchId/PstlAdr/AdrTp/Prtry,Prtry,GenericIdentification30,1,1
pacs.009.001.13,/Document/FICdtTrf/CdtTrfTxInf/UndrlygFICdtTrf/IntrmyAgt3/BrnchId/PstlAdr/AdrTp/Prtry/Id,Id,Exact4AlphaNumericText,1,1
pacs.009.001.13,/Document/FICdtTrf/CdtTrfTxInf/UndrlygFICdtTrf/IntrmyAgt3/BrnchId/PstlAdr/AdrTp/Prtry/Issr,Issr,Max35Text,1,1
pacs.009.001.13,/Document/FICdtTrf/CdtTrfTxInf/UndrlygFICdtTrf/IntrmyAgt3/BrnchId/PstlAdr/AdrTp/Prtry/SchmeNm,SchmeNm,Max35Text,0,1
pacs.009.001.13,/Document/FICdtTrf/CdtTrfTxInf/UndrlygFICdtTrf/IntrmyAgt3/BrnchId/PstlAdr/CareOf,CareOf,Max140Text,0,1
pacs.009.001.13,/Document/FICdtTrf/CdtTrfTxInf/UndrlygFICdtTrf/IntrmyAgt3/BrnchId/PstlAdr/Dept,Dept,Max70Text,0,1
pacs.009.001.13,/Document/FICdtTrf/CdtTrfTxInf/UndrlygFICdtTrf/IntrmyAgt3/BrnchId/PstlAdr/SubDept,SubDept,Max70Text,0,1
pacs.009.001.13,/Document/FICdtTrf/CdtTrfTxInf/UndrlygFICdtTrf/IntrmyAgt3/BrnchId/PstlAdr/StrtNm,StrtNm,Max140Text,0,1
pacs.009.001.13,/Document/FICdtTrf/CdtTrfTxInf/UndrlygFICdtTrf/IntrmyAgt3/BrnchId/PstlAdr/BldgNb,BldgNb,Max16Text,0,1
pacs.009.001.13,/Document/FICdtTrf/CdtTrfTxInf/UndrlygFICdtTrf/IntrmyAgt3/BrnchId/PstlAdr/BldgNm,BldgNm,Max140Text,0,1
pacs.009.001.13,/Document/FICdtTrf/CdtTrfTxInf/UndrlygFICdtTrf/IntrmyAgt3/BrnchId/PstlAdr/Flr,Flr,Max70Text,0,1
pacs.009.001.13,/Document/FICdtTrf/CdtTrfTxInf/UndrlygFICdtTrf/IntrmyAgt3/BrnchId/PstlAdr/UnitNb,UnitNb,Max16Text,0,1
pacs.009.001.13,/Document/FICdtTrf/CdtTrfTxInf/UndrlygFICdtTrf/IntrmyAgt3/BrnchId/PstlAdr/PstBx,PstBx,Max16Text,0,1
pacs.009.001.13,/Document/FICdtTrf/CdtTrfTxInf/UndrlygFICdtTrf/IntrmyAgt3/BrnchId/PstlAdr/Room,Room,Max70Text,0,1
pacs.009.001.13,/Document/FICdtTrf/CdtTrfTxInf/UndrlygFICdtTrf/IntrmyAgt3/BrnchId/PstlAdr/PstCd,PstCd,Max16Text,0,1
pacs.009.001.13,/Document/FICdtTrf/CdtTrfTxInf/UndrlygFICdtTrf/IntrmyAgt3/BrnchId/PstlAdr/TwnNm,TwnNm,Max140Text,0,1
pacs.009.001.13,/Document/FICdtTrf/CdtTrfTxInf/UndrlygFICdtTrf/IntrmyAgt3/BrnchId/PstlAdr/TwnLctnNm,TwnLctnNm,Max140Text,0,1
pacs.009.001.13,/Document/FICdtTrf/CdtTrfTxInf/UndrlygFICdtTrf/IntrmyAgt3/BrnchId/PstlAdr/DstrctNm,DstrctNm,Max140Text,0,1
pacs.009.001.13,/Document/FICdtTrf/CdtTrfTxInf/UndrlygFICdtTrf/IntrmyAgt3/BrnchId/PstlAdr/CtrySubDvsn,CtrySubDvsn,Max35Text,0,1
pacs.009.001.13,/Document/FICdtTrf/CdtTrfTxInf/UndrlygFICdtTrf/IntrmyAgt3/BrnchId/PstlAdr/Ctry,Ctry,CountryCode,0,1
pacs.009.001.13,/Document/FICdtTrf/CdtTrfTxInf/UndrlygFICdtTrf/IntrmyAgt3/BrnchId/PstlAdr/AdrLine,AdrLine,Max70Text,0,7
pacs.009.001.13,/Document/FICdtTrf/CdtTrfTxInf/UndrlygFICdtTrf/IntrmyAgt3Acct,IntrmyAgt3Acct,CashAccount40,0,1
pacs.009.001.13,/Document/FICdtTrf/CdtTrfTxInf/UndrlygFICdtTrf/IntrmyAgt3Acct/Id,Id,AccountIdentification4Choice,0,1
pacs.009.001.13,/Document/FICdtTrf/CdtTrfTxInf/UndrlygFICdtTrf/IntrmyAgt3Acct/Id/IBAN,IBAN,IBAN2007Identifier,1,1
pacs.009.001.13,/Document/FICdtTrf/CdtTrfTxInf/UndrlygFICdtTrf/IntrmyAgt3Acct/Id/Othr,Othr,GenericAccountIdentification1,1,1
pacs.009.001.13,/Document/FICdtTrf/CdtTrfTxInf/UndrlygFICdtTrf/IntrmyAgt3Acct/Id/Othr/Id,Id,Max34Text,1,1
pacs.009.001.13,/Document/FICdtTrf/CdtTrfTxInf/UndrlygFICdtTrf/IntrmyAgt3Acct/Id/Othr/SchmeNm,SchmeNm,AccountSchemeName1Choice,0,1
pacs.009.001.13,/Document/FICdtTrf/CdtTrfTxInf/UndrlygFICdtTrf/IntrmyAgt3Acct/Id/Othr/SchmeNm/Cd,Cd,ExternalAccountIdentification1Code,1,1
pacs.009.001.13,/Document/FICdtTrf/CdtTrfTxInf/UndrlygFICdtTrf/IntrmyAgt3Acct/Id/Othr/SchmeNm/Prtry,Prtry,Max35Text,1,1
pacs.009.001.13,/Document/FICdtTrf/CdtTrfTxInf/UndrlygFICdtTrf/IntrmyAgt3Acct/Id/Othr/Issr,Issr,Max35Text,0,1
pacs.009.001.13,/Document/FICdtTrf/CdtTrfTxInf/UndrlygFICdtTrf/IntrmyAgt3Acct/Tp,Tp,CashAccountType2Choice,0,1
pacs.009.001.13,/Document/FICdtTrf/CdtTrfTxInf/UndrlygFICdtTrf/IntrmyAgt3Acct/Tp/Cd,Cd,ExternalCashAccountType1Code,1,1
pacs.009.001.13,/Document/FICdtTrf/CdtTrfTxInf/UndrlygFICdtTrf/IntrmyAgt3Acct/Tp/Prtry,Prtry,Max35Text,1,1
pacs.009.001.13,/Document/FICdtTrf/CdtTrfTxInf/UndrlygFICdtTrf/IntrmyAgt3Acct/Ccy,Ccy,ActiveOrHistoricCurrencyCode,0,1
pacs.009.001.13,/Document/FICdtTrf/CdtTrfTxInf/UndrlygFICdtTrf/IntrmyAgt3Acct/Nm,Nm,Max70Text,0,1
pacs.009.001.13,/Document/FICdtTrf/CdtTrfTxInf/UndrlygFICdtTrf/IntrmyAgt3Acct/Prxy,Prxy,ProxyAccountIdentification1,0,1
pacs.009.001.13,/Document/FICdtTrf/CdtTrfTxInf/UndrlygFICdtTrf/IntrmyAgt3Acct/Prxy/Tp,Tp,ProxyAccountType1Choice,0,1
pacs.009.001.13,/Document/FICdtTrf/CdtTrfTxInf/UndrlygFICdtTrf/IntrmyAgt3Acct/Prxy/Tp/Cd,Cd,ExternalProxyAccountType1Code,1,1
pacs.009.001.13,/Document/FICdtTrf/CdtTrfTxInf/UndrlygFICdtTrf/IntrmyAgt3Acct/Prxy/Tp/Prtry,Prtry,Max35Text,1,1
pacs.009.001.13,/Document/FICdtTrf/CdtTrfTxInf/UndrlygFICdtTrf/IntrmyAgt3Acct/Prxy/Id,Id,Max2048Text,1,1
pacs.009.001.13,/Document/FICdtTrf/CdtTrfTxInf/UndrlygFICdtTrf/UltmtDbtr,UltmtDbtr,BranchAndFinancialInstitutionIdentification8,0,1
pacs.009.001.13,/Document/FICdtTrf/CdtTrfTxInf/UndrlygFICdtTrf/UltmtDbtr/FinInstnId,FinInstnId,FinancialInstitutionIdentification23,1,1
pacs.009.001.13,/Document/FICdtTrf/CdtTrfTxInf/UndrlygFICdtTrf/UltmtDbtr/FinInstnId/BICFI,BICFI,BICFIDec2014Identifier,0,1
pacs.009.001.13,/Document/FICdtTrf/CdtTrfTxInf/UndrlygFICdtTrf/UltmtDbtr/FinInstnId/ClrSysMmbId,ClrSysMmbId,ClearingSystemMemberIdentification2,0,1
pacs.009.001.13,/Document/FICdtTrf/CdtTrfTxInf/UndrlygFICdtTrf/UltmtDbtr/FinInstnId/ClrSysMmbId/ClrSysId,ClrSysId,ClearingSystemIdentification2Choice,0,1
pacs.009.001.13,/Document/FICdtTrf/CdtTrfTxInf/UndrlygFICdtTrf/UltmtDbtr/FinInstnId/ClrSysMmbId/ClrSysId/Cd,Cd,ExternalClearingSystemIdentification1Code,1,1
pacs.009.001.13,/Document/FICdtTrf/CdtTrfTxInf/UndrlygFICdtTrf/UltmtDbtr/FinInstnId/ClrSysMmbId/ClrSysId/Prtry,Prtry,Max35Text,1,1
pacs.009.001.13,/Document/FICdtTrf/CdtTrfTxInf/UndrlygFICdtTrf/UltmtDbtr/FinInstnId/ClrSysMmbId/MmbId,MmbId,Max35Text,1,1
pacs.009.001.13,/Document/FICdtTrf/CdtTrfTxInf/UndrlygFICdtTrf/UltmtDbtr/FinInstnId/LEI,LEI,LEIIdentifier,0,1
pacs.009.001.13,/Document/FICdtTrf/CdtTrfTxInf/UndrlygFICdtTrf/UltmtDbtr/FinInstnId/Nm,Nm,Max140Text,0,1
pacs.009.001.13,/Document/FICdtTrf/CdtTrfTxInf/UndrlygFICdtTrf/UltmtDbtr/FinInstnId/PstlAdr,PstlAdr,PostalAddress27,0,1
pacs.009.001.13,/Document/FICdtTrf/CdtTrfTxInf/UndrlygFICdtTrf/UltmtDbtr/FinInstnId/PstlAdr/AdrTp,AdrTp,AddressType3Choice,0,1
pacs.009.001.13,/Document/FICdtTrf/CdtTrfTxInf/UndrlygFICdtTrf/UltmtDbtr/FinInstnId/PstlAdr/AdrTp/Cd,Cd,AddressType2Code,1,1
pacs.009.001.13,/Document/FICdtTrf/CdtTrfTxInf/UndrlygFICdtTrf/UltmtDbtr/FinInstnId/PstlAdr/AdrTp/Prtry,Prtry,GenericIdentification30,1,1
pacs.009.001.13,/Document/FICdtTrf/CdtTrfTxInf/UndrlygFICdtTrf/UltmtDbtr/FinInstnId/PstlAdr/AdrTp/Prtry/Id,Id,Exact4AlphaNumericText,1,1
pacs.009.001.13,/Document/FICdtTrf/CdtTrfTxInf/UndrlygFICdtTrf/UltmtDbtr/FinInstnId/PstlAdr/AdrTp/Prtry/Issr,Issr,Max35Text,1,1
pacs.009.001.13,/Document/FICdtTrf/CdtTrfTxInf/UndrlygFICdtTrf/UltmtDbtr/FinInstnId/PstlAdr/AdrTp/Prtry/SchmeNm,SchmeNm,Max35Text,0,1
pacs.009.001.13,/Document/FICdtTrf/CdtTrfTxInf/UndrlygFICdtTrf/UltmtDbtr/FinInstnId/PstlAdr/CareOf,CareOf,Max140Text,0,1
pacs.009.001.13,/Document/FICdtTrf/CdtTrfTxInf/UndrlygFICdtTrf/UltmtDbtr/FinInstnId/PstlAdr/Dept,Dept,Max70Text,0,1
pacs.009.001.13,/Document/FICdtTrf/CdtTrfTxInf/UndrlygFICdtTrf/UltmtDbtr/FinInstnId/PstlAdr/SubDept,SubDept,Max70Text,0,1
pacs.009.001.13,/Document/FICdtTrf/CdtTrfTxInf/UndrlygFICdtTrf/UltmtDbtr/FinInstnId/PstlAdr/StrtNm,StrtNm,Max140Text,0,1
pacs.009.001.13,/Document/FICdtTrf/CdtTrfTxInf/UndrlygFICdtTrf/UltmtDbtr/FinInstnId/PstlAdr/BldgNb,BldgNb,Max16Text,0,1
pacs.009.001.13,/Document/FICdtTrf/CdtTrfTxInf/UndrlygFICdtTrf/UltmtDbtr/FinInstnId/PstlAdr/BldgNm,BldgNm,Max140Text,0,1
pacs.009.001.13,/Document/FICdtTrf/CdtTrfTxInf/UndrlygFICdtTrf/UltmtDbtr/FinInstnId/PstlAdr/Flr,Flr,Max70Text,0,1
pacs.009.001.13,/Document/FICdtTrf/CdtTrfTxInf/UndrlygFICdtTrf/UltmtDbtr/FinInstnId/PstlAdr/UnitNb,UnitNb,Max16Text,0,1
pacs.009.001.13,/Document/FICdtTrf/CdtTrfTxInf/UndrlygFICdtTrf/UltmtDbtr/FinInstnId/PstlAdr/PstBx,PstBx,Max16Text,0,1
pacs.009.001.13,/Document/FICdtTrf/CdtTrfTxInf/UndrlygFICdtTrf/UltmtDbtr/FinInstnId/PstlAdr/Room,Room,Max70Text,0,1
pacs.009.001.13,/Document/FICdtTrf/CdtTrfTxInf/UndrlygFICdtTrf/UltmtDbtr/FinInstnId/PstlAdr/PstCd,PstCd,Max16Text,0,1
pacs.009.001.13,/Document/FICdtTrf/CdtTrfTxInf/UndrlygFICdtTrf/UltmtDbtr/FinInstnId/PstlAdr/TwnNm,TwnNm,Max140Text,0,1
pacs.009.001.13,/Document/FICdtTrf/CdtTrfTxInf/UndrlygFICdtTrf/UltmtDbtr/FinInstnId/PstlAdr/TwnLctnNm,TwnLctnNm,Max140Text,0,1
pacs.009.001.13,/Document/FICdtTrf/CdtTrfTxInf/UndrlygFICdtTrf/UltmtDbtr/FinInstnId/PstlAdr/DstrctNm,DstrctNm,Max140Text,0,1
pacs.009.001.13,/Document/FICdtTrf/CdtTrfTxInf/UndrlygFICdtTrf/UltmtDbtr/FinInstnId/PstlAdr/CtrySubDvsn,CtrySubDvsn,Max35Text,0,1
pacs.009.001.13,/Document/FICdtTrf/CdtTrfTxInf/UndrlygFICdtTrf/UltmtDbtr/FinInstnId/PstlAdr/Ctry,Ctry,CountryCode,0,1
pacs.009.001.13,/Document/FICdtTrf/CdtTrfTxInf/UndrlygFICdtTrf/UltmtDbtr/FinInstnId/PstlAdr/AdrLine,AdrLine,Max70Text,0,7
pacs.009.001.13,/Document/FICdtTrf/CdtTrfTxInf/UndrlygFICdtTrf/UltmtDbtr/FinInstnId/Othr,Othr,GenericFinancialIdentification1,0,1
pacs.009.001.13,/Document/FICdtTrf/CdtTrfTxInf/UndrlygFICdtTrf/UltmtDbtr/FinInstnId/Othr/Id,Id,Max35Text,1,1
pacs.009.001.13,/Document/FICdtTrf/CdtTrfTxInf/UndrlygFICdtTrf/UltmtDbtr/FinInstnId/Othr/SchmeNm,SchmeNm,FinancialIdentificationSchemeName1Choice,0,1
pacs.009.001.13,/Document/FICdtTrf/CdtTrfTxInf/UndrlygFICdtTrf/UltmtDbtr/FinInstnId/Othr/SchmeNm/Cd,Cd,ExternalFinancialInstitutionIdentification1Code,1,1
pacs.009.001.13,/Document/FICdtTrf/CdtTrfTxInf/UndrlygFICdtTrf/UltmtDbtr/FinInstnId/Othr/SchmeNm/Prtry,Prtry,Max35Text,1,1
pacs.009.001.13,/Document/FICdtTrf/CdtTrfTxInf/UndrlygFICdtTrf/UltmtDbtr/FinInstnId/Othr/Issr,Issr,Max35Text,0,1
pacs.009.001.13,/Document/FICdtTrf/CdtTrfTxInf/UndrlygFICdtTrf/UltmtDbtr/BrnchId,BrnchId,BranchData5,0,1
pacs.009.001.13,/Document/FICdtTrf/CdtTrfTxInf/UndrlygFICdtTrf/UltmtDbtr/BrnchId/Id,Id,Max35Text,0,1
pacs.009.001.13,/Document/FICdtTrf/CdtTrfTxInf/UndrlygFICdtTrf/UltmtDbtr/BrnchId/LEI,LEI,LEIIdentifier,0,1
pacs.009.001.13,/Document/FICdtTrf/CdtTrfTxInf/UndrlygFICdtTrf/UltmtDbtr/BrnchId/Nm,Nm,Max140Text,0,1
pacs.009.001.13,/Document/FICdtTrf/CdtTrfTxInf/UndrlygFICdtTrf/UltmtDbtr/BrnchId/PstlAdr,PstlAdr,PostalAddress27,0,1
pacs.009.001.13,/Document/FICdtTrf/CdtTrfTxInf/UndrlygFICdtTrf/UltmtDbtr/BrnchId/PstlAdr/AdrTp,AdrTp,AddressType3Choice,0,1
pacs.009.001.13,/Document/FICdtTrf/CdtTrfTxInf/UndrlygFICdtTrf/UltmtDbtr/BrnchId/PstlAdr/AdrTp/Cd,Cd,AddressType2Code,1,1
pacs.009.001.13,/Document/FICdtTrf/CdtTrfTxInf/UndrlygFICdtTrf/UltmtDbtr/BrnchId/PstlAdr/AdrTp/Prtry,Prtry,GenericIdentification30,1,1
pacs.009.001.13,/Document/FICdtTrf/CdtTrfTxInf/UndrlygFICdtTrf/UltmtDbtr/BrnchId/PstlAdr/AdrTp/Prtry/Id,Id,Exact4AlphaNumericText,1,1
pacs.009.001.13,/Document/FICdtTrf/CdtTrfTxInf/UndrlygFICdtTrf/UltmtDbtr/BrnchId/PstlAdr/AdrTp/Prtry/Issr,Issr,Max35Text,1,1
pacs.009.001.13,/Document/FICdtTrf/CdtTrfTxInf/UndrlygFICdtTrf/UltmtDbtr/BrnchId/PstlAdr/AdrTp/Prtry/SchmeNm,SchmeNm,Max35Text,0,1
pacs.009.001.13,/Document/FICdtTrf/CdtTrfTxInf/UndrlygFICdtTrf/UltmtDbtr/BrnchId/PstlAdr/CareOf,CareOf,Max140Text,0,1
pacs.009.001.13,/Document/FICdtTrf/CdtTrfTxInf/UndrlygFICdtTrf/UltmtDbtr/BrnchId/PstlAdr/Dept,Dept,Max70Text,0,1
pacs.009.001.13,/Document/FICdtTrf/CdtTrfTxInf/UndrlygFICdtTrf/UltmtDbtr/BrnchId/PstlAdr/SubDept,SubDept,Max70Text,0,1
pacs.009.001.13,/Document/FICdtTrf/CdtTrfTxInf/UndrlygFICdtTrf/UltmtDbtr/BrnchId/PstlAdr/StrtNm,StrtNm,Max140Text,0,1
pacs.009.001.13,/Document/FICdtTrf/CdtTrfTxInf/UndrlygFICdtTrf/UltmtDbtr/BrnchId/PstlAdr/BldgNb,BldgNb,Max16Text,0,1
pacs.009.001.13,/Document/FICdtTrf/CdtTrfTxInf/UndrlygFICdtTrf/UltmtDbtr/BrnchId/PstlAdr/BldgNm,BldgNm,Max140Text,0,1
pacs.009.001.13,/Document/FICdtTrf/CdtTrfTxInf/UndrlygFICdtTrf/UltmtDbtr/BrnchId/PstlAdr/Flr,Flr,Max70Text,0,1
pacs.009.001.13,/Document/FICdtTrf/CdtTrfTxInf/UndrlygFICdtTrf/UltmtDbtr/BrnchId/PstlAdr/UnitNb,UnitNb,Max16Text,0,1
pacs.009.001.13,/Document/FICdtTrf/CdtTrfTxInf/UndrlygFICdtTrf/UltmtDbtr/BrnchId/PstlAdr/PstBx,PstBx,Max16Text,0,1
pacs.009.001.13,/Document/FICdtTrf/CdtTrfTxInf/UndrlygFICdtTrf/UltmtDbtr/BrnchId/PstlAdr/Room,Room,Max70Text,0,1
pacs.009.001.13,/Document/FICdtTrf/CdtTrfTxInf/UndrlygFICdtTrf/UltmtDbtr/BrnchId/PstlAdr/PstCd,PstCd,Max16Text,0,1
pacs.009.001.13,/Document/FICdtTrf/CdtTrfTxInf/UndrlygFICdtTrf/UltmtDbtr/BrnchId/PstlAdr/TwnNm,TwnNm,Max140Text,0,1
pacs.009.001.13,/Document/FICdtTrf/CdtTrfTxInf/UndrlygFICdtTrf/UltmtDbtr/BrnchId/PstlAdr/TwnLctnNm,TwnLctnNm,Max140Text,0,1
pacs.009.001.13,/Document/FICdtTrf/CdtTrfTxInf/UndrlygFICdtTrf/UltmtDbtr/BrnchId/PstlAdr/DstrctNm,DstrctNm,Max140Text,0,1
pacs.009.001.13,/Document/FICdtTrf/CdtTrfTxInf/UndrlygFICdtTrf/UltmtDbtr/BrnchId/PstlAdr/CtrySubDvsn,CtrySubDvsn,Max35Text,0,1
pacs.009.001.13,/Document/FICdtTrf/CdtTrfTxInf/UndrlygFICdtTrf/UltmtDbtr/BrnchId/PstlAdr/Ctry,Ctry,CountryCode,0,1
pacs.009.001.13,/Document/FICdtTrf/CdtTrfTxInf/UndrlygFICdtTrf/UltmtDbtr/BrnchId/PstlAdr/AdrLine,AdrLine,Max70Text,0,7
pacs.009.001.13,/Document/FICdtTrf/CdtTrfTxInf/UndrlygFICdtTrf/Dbtr,Dbtr,BranchAndFinancialInstitutionIdentification8,1,1
pacs.009.001.13,/Document/FICdtTrf/CdtTrfTxInf/UndrlygFICdtTrf/Dbtr/FinInstnId,FinInstnId,FinancialInstitutionIdentification23,1,1
pacs.009.001.13,/Document/FICdtTrf/CdtTrfTxInf/UndrlygFICdtTrf/Dbtr/FinInstnId/BICFI,BICFI,BICFIDec2014Identifier,0,1
pacs.009.001.13,/Document/FICdtTrf/CdtTrfTxInf/UndrlygFICdtTrf/Dbtr/FinInstnId/ClrSysMmbId,ClrSysMmbId,ClearingSystemMemberIdentification2,0,1
pacs.009.001.13,/Document/FICdtTrf/CdtTrfTxInf/UndrlygFICdtTrf/Dbtr/FinInstnId/ClrSysMmbId/ClrSysId,ClrSysId,ClearingSystemIdentification2Choice,0,1
pacs.009.001.13,/Document/FICdtTrf/CdtTrfTxInf/UndrlygFICdtTrf/Dbtr/FinInstnId/ClrSysMmbId/ClrSysId/Cd,Cd,ExternalClearingSystemIdentification1Code,1,1
pacs.009.001.13,/Document/FICdtTrf/CdtTrfTxInf/UndrlygFICdtTrf/Dbtr/FinInstnId/ClrSysMmbId/ClrSysId/Prtry,Prtry,Max35Text,1,1
pacs.009.001.13,/Document/FICdtTrf/CdtTrfTxInf/UndrlygFICdtTrf/Dbtr/FinInstnId/ClrSysMmbId/MmbId,MmbId,Max35Text,1,1
pacs.009.001.13,/Document/FICdtTrf/CdtTrfTxInf/UndrlygFICdtTrf/Dbtr/FinInstnId/LEI,LEI,LEIIdentifier,0,1
pacs.009.001.13,/Document/FICdtTrf/CdtTrfTxInf/UndrlygFICdtTrf/Dbtr/FinInstnId/Nm,Nm,Max140Text,0,1
pacs.009.001.13,/Document/FICdtTrf/CdtTrfTxInf/UndrlygFICdtTrf/Dbtr/FinInstnId/PstlAdr,PstlAdr,PostalAddress27,0,1
pacs.009.001.13,/Document/FICdtTrf/CdtTrfTxInf/UndrlygFICdtTrf/Dbtr/FinInstnId/PstlAdr/AdrTp,AdrTp,AddressType3Choice,0,1
pacs.009.001.13,/Document/FICdtTrf/CdtTrfTxInf/UndrlygFICdtTrf/Dbtr/FinInstnId/PstlAdr/AdrTp/Cd,Cd,AddressType2Code,1,1
pacs.009.001.13,/Document/FICdtTrf/CdtTrfTxInf/UndrlygFICdtTrf/Dbtr/FinInstnId/PstlAdr/AdrTp/Prtry,Prtry,GenericIdentification30,1,1
pacs.009.001.13,/Document/FICdtTrf/CdtTrfTxInf/UndrlygFICdtTrf/Dbtr/FinInstnId/PstlAdr/AdrTp/Prtry/Id,Id,Exact4AlphaNumericText,1,1
pacs.009.001.13,/Document/FICdtTrf/CdtTrfTxInf/UndrlygFICdtTrf/Dbtr/FinInstnId/PstlAdr/AdrTp/Prtry/Issr,Issr,Max35Text,1,1
pacs.009.001.13,/Document/FICdtTrf/CdtTrfTxInf/UndrlygFICdtTrf/Dbtr/FinInstnId/PstlAdr/AdrTp/Prtry/SchmeNm,SchmeNm,Max35Text,0,1
pacs.009.001.13,/Document/FICdtTrf/CdtTrfTxInf/UndrlygFICdtTrf/Dbtr/FinInstnId/PstlAdr/CareOf,CareOf,Max140Text,0,1
pacs.009.001.13,/Document/FICdtTrf/CdtTrfTxInf/UndrlygFICdtTrf/Dbtr/FinInstnId/PstlAdr/Dept,Dept,Max70Text,0,1
pacs.009.001.13,/Document/FICdtTrf/CdtTrfTxInf/UndrlygFICdtTrf/Dbtr/FinInstnId/PstlAdr/SubDept,SubDept,Max70Text,0,1
pacs.009.001.13,/Document/FICdtTrf/CdtTrfTxInf/UndrlygFICdtTrf/Dbtr/FinInstnId/PstlAdr/StrtNm,StrtNm,Max140Text,0,1
pacs.009.001.13,/Document/FICdtTrf/CdtTrfTxInf/UndrlygFICdtTrf/Dbtr/FinInstnId/PstlAdr/BldgNb,BldgNb,Max16Text,0,1
pacs.009.001.13,/Document/FICdtTrf/CdtTrfTxInf/UndrlygFICdtTrf/Dbtr/FinInstnId/PstlAdr/BldgNm,BldgNm,Max140Text,0,1
pacs.009.001.13,/Document/FICdtTrf/CdtTrfTxInf/UndrlygFICdtTrf/Dbtr/FinInstnId/PstlAdr/Flr,Flr,Max70Text,0,1
pacs.009.001.13,/Document/FICdtTrf/CdtTrfTxInf/UndrlygFICdtTrf/Dbtr/FinInstnId/PstlAdr/UnitNb,UnitNb,Max16Text,0,1
pacs.009.001.13,/Document/FICdtTrf/CdtTrfTxInf/UndrlygFICdtTrf/Dbtr/FinInstnId/PstlAdr/PstBx,PstBx,Max16Text,0,1
pacs.009.001.13,/Document/FICdtTrf/CdtTrfTxInf/UndrlygFICdtTrf/Dbtr/FinInstnId/PstlAdr/Room,Room,Max70Text,0,1
pacs.009.001.13,/Document/FICdtTrf/CdtTrfTxInf/UndrlygFICdtTrf/Dbtr/FinInstnId/PstlAdr/PstCd,PstCd,Max16Text,0,1
pacs.009.001.13,/Document/FICdtTrf/CdtTrfTxInf/UndrlygFICdtTrf/Dbtr/FinInstnId/PstlAdr/TwnNm,TwnNm,Max140Text,0,1
pacs.009.001.13,/Document/FICdtTrf/CdtTrfTxInf/UndrlygFICdtTrf/Dbtr/FinInstnId/PstlAdr/TwnLctnNm,TwnLctnNm,Max140Text,0,1
pacs.009.001.13,/Document/FICdtTrf/CdtTrfTxInf/UndrlygFICdtTrf/Dbtr/FinInstnId/PstlAdr/DstrctNm,DstrctNm,Max140Text,0,1
pacs.009.001.13,/Document/FICdtTrf/CdtTrfTxInf/UndrlygFICdtTrf/Dbtr/FinInstnId/PstlAdr/CtrySubDvsn,CtrySubDvsn,Max35Text,0,1
pacs.009.001.13,/Document/FICdtTrf/CdtTrfTxInf/UndrlygFICdtTrf/Dbtr/FinInstnId/PstlAdr/Ctry,Ctry,CountryCode,0,1
pacs.009.001.13,/Document/FICdtTrf/CdtTrfTxInf/UndrlygFICdtTrf/Dbtr/FinInstnId/PstlAdr/AdrLine,AdrLine,Max70Text,0,7
pacs.009.001.13,/Document/FICdtTrf/CdtTrfTxInf/UndrlygFICdtTrf/Dbtr/FinInstnId/Othr,Othr,GenericFinancialIdentification1,0,1
pacs.009.001.13,/Document/FICdtTrf/CdtTrfTxInf/UndrlygFICdtTrf/Dbtr/FinInstnId/Othr/Id,Id,Max35Text,1,1
pacs.009.001.13,/Document/FICdtTrf/CdtTrfTxInf/UndrlygFICdtTrf/Dbtr/FinInstnId/Othr/SchmeNm,SchmeNm,FinancialIdentificationSchemeName1Choice,0,1
pacs.009.001.13,/Document/FICdtTrf/CdtTrfTxInf/UndrlygFICdtTrf/Dbtr/FinInstnId/Othr/SchmeNm/Cd,Cd,ExternalFinancialInstitutionIdentification1Code,1,1
pacs.009.001.13,/Document/FICdtTrf/CdtTrfTxInf/UndrlygFICdtTrf/Dbtr/FinInstnId/Othr/SchmeNm/Prtry,Prtry,Max35Text,1,1
pacs.009.001.13,/Document/FICdtTrf/CdtTrfTxInf/UndrlygFICdtTrf/Dbtr/FinInstnId/Othr/Issr,Issr,Max35Text,0,1
pacs.009.001.13,/Document/FICdtTrf/CdtTrfTxInf/UndrlygFICdtTrf/Dbtr/BrnchId,BrnchId,BranchData5,0,1
pacs.009.001.13,/Document/FICdtTrf/CdtTrfTxInf/UndrlygFICdtTrf/Dbtr/BrnchId/Id,Id,Max35Text,0,1
pacs.009.001.13,/Document/FICdtTrf/CdtTrfTxInf/UndrlygFICdtTrf/Dbtr/BrnchId/LEI,LEI,LEIIdentifier,0,1
pacs.009.001.13,/Document/FICdtTrf/CdtTrfTxInf/UndrlygFICdtTrf/Dbtr/BrnchId/Nm,Nm,Max140Text,0,1
pacs.009.001.13,/Document/FICdtTrf/CdtTrfTxInf/UndrlygFICdtTrf/Dbtr/BrnchId/PstlAdr,PstlAdr,PostalAddress27,0,1
pacs.009.001.13,/Document/FICdtTrf/CdtTrfTxInf/UndrlygFICdtTrf/Dbtr/BrnchId/PstlAdr/AdrTp,AdrTp,AddressType3Choice,0,1
pacs.009.001.13,/Document/FICdtTrf/CdtTrfTxInf/UndrlygFICdtTrf/Dbtr/BrnchId/PstlAdr/AdrTp/Cd,Cd,AddressType2Code,1,1
pacs.009.001.13,/Document/FICdtTrf/CdtTrfTxInf/UndrlygFICdtTrf/Dbtr/BrnchId/PstlAdr/AdrTp/Prtry,Prtry,GenericIdentification30,1,1
pacs.009.001.13,/Document/FICdtTrf/CdtTrfTxInf/UndrlygFICdtTrf/Dbtr/BrnchId/PstlAdr/AdrTp/Prtry/Id,Id,Exact4AlphaNumericText,1,1
pacs.009.001.13,/Document/FICdtTrf/CdtTrfTxInf/UndrlygFICdtTrf/Dbtr/BrnchId/PstlAdr/AdrTp/Prtry/Issr,Issr,Max35Text,1,1
pacs.009.001.13,/Document/FICdtTrf/CdtTrfTxInf/UndrlygFICdtTrf/Dbtr/BrnchId/PstlAdr/AdrTp/Prtry/SchmeNm,SchmeNm,Max35Text,0,1
pacs.009.001.13,/Document/FICdtTrf/CdtTrfTxInf/UndrlygFICdtTrf/Dbtr/BrnchId/PstlAdr/CareOf,CareOf,Max140Text,0,1
pacs.009.001.13,/Document/FICdtTrf/CdtTrfTxInf/UndrlygFICdtTrf/Dbtr/BrnchId/PstlAdr/Dept,Dept,Max70Text,0,1
pacs.009.001.13,/Document/FICdtTrf/CdtTrfTxInf/UndrlygFICdtTrf/Dbtr/BrnchId/PstlAdr/SubDept,SubDept,Max70Text,0,1
pacs.009.001.13,/Document/FICdtTrf/CdtTrfTxInf/UndrlygFICdtTrf/Dbtr/BrnchId/PstlAdr/StrtNm,StrtNm,Max140Text,0,1
pacs.009.001.13,/Document/FICdtTrf/CdtTrfTxInf/UndrlygFICdtTrf/Dbtr/BrnchId/PstlAdr/BldgNb,BldgNb,Max16Text,0,1
pacs.009.001.13,/Document/FICdtTrf/CdtTrfTxInf/UndrlygFICdtTrf/Dbtr/BrnchId/PstlAdr/BldgNm,BldgNm,Max140Text,0,1
pacs.009.001.13,/Document/FICdtTrf/CdtTrfTxInf/UndrlygFICdtTrf/Dbtr/BrnchId/PstlAdr/Flr,Flr,Max70Text,0,1
pacs.009.001.13,/Document/FICdtTrf/CdtTrfTxInf/UndrlygFICdtTrf/Dbtr/BrnchId/PstlAdr/UnitNb,UnitNb,Max16Text,0,1
pacs.009.001.13,/Document/FICdtTrf/CdtTrfTxInf/UndrlygFICdtTrf/Dbtr/BrnchId/PstlAdr/PstBx,PstBx,Max16Text,0,1
pacs.009.001.13,/Document/FICdtTrf/CdtTrfTxInf/UndrlygFICdtTrf/Dbtr/BrnchId/PstlAdr/Room,Room,Max70Text,0,1
pacs.009.001.13,/Document/FICdtTrf/CdtTrfTxInf/UndrlygFICdtTrf/Dbtr/BrnchId/PstlAdr/PstCd,PstCd,Max16Text,0,1
pacs.009.001.13,/Document/FICdtTrf/CdtTrfTxInf/UndrlygFICdtTrf/Dbtr/BrnchId/PstlAdr/TwnNm,TwnNm,Max140Text,0,1
pacs.009.001.13,/Document/FICdtTrf/CdtTrfTxInf/UndrlygFICdtTrf/Dbtr/BrnchId/PstlAdr/TwnLctnNm,TwnLctnNm,Max140Text,0,1
pacs.009.001.13,/Document/FICdtTrf/CdtTrfTxInf/UndrlygFICdtTrf/Dbtr/BrnchId/PstlAdr/DstrctNm,DstrctNm,Max140Text,0,1
pacs.009.001.13,/Document/FICdtTrf/CdtTrfTxInf/UndrlygFICdtTrf/Dbtr/BrnchId/PstlAdr/CtrySubDvsn,CtrySubDvsn,Max35Text,0,1
pacs.009.001.13,/Document/FICdtTrf/CdtTrfTxInf/UndrlygFICdtTrf/Dbtr/BrnchId/PstlAdr/Ctry,Ctry,CountryCode,0,1
pacs.009.001.13,/Document/FICdtTrf/CdtTrfTxInf/UndrlygFICdtTrf/Dbtr/BrnchId/PstlAdr/AdrLine,AdrLine,Max70Text,0,7
pacs.009.001.13,/Document/FICdtTrf/CdtTrfTxInf/UndrlygFICdtTrf/DbtrAcct,DbtrAcct,CashAccount40,0,1
pacs.009.001.13,/Document/FICdtTrf/CdtTrfTxInf/UndrlygFICdtTrf/DbtrAcct/Id,Id,AccountIdentification4Choice,0,1
pacs.009.001.13,/Document/FICdtTrf/CdtTrfTxInf/UndrlygFICdtTrf/DbtrAcct/Id/IBAN,IBAN,IBAN2007Identifier,1,1
pacs.009.001.13,/Document/FICdtTrf/CdtTrfTxInf/UndrlygFICdtTrf/DbtrAcct/Id/Othr,Othr,GenericAccountIdentification1,1,1
pacs.009.001.13,/Document/FICdtTrf/CdtTrfTxInf/UndrlygFICdtTrf/DbtrAcct/Id/Othr/Id,Id,Max34Text,1,1
pacs.009.001.13,/Document/FICdtTrf/CdtTrfTxInf/UndrlygFICdtTrf/DbtrAcct/Id/Othr/SchmeNm,SchmeNm,AccountSchemeName1Choice,0,1
pacs.009.001.13,/Document/FICdtTrf/CdtTrfTxInf/UndrlygFICdtTrf/DbtrAcct/Id/Othr/SchmeNm/Cd,Cd,ExternalAccountIdentification1Code,1,1
pacs.009.001.13,/Document/FICdtTrf/CdtTrfTxInf/UndrlygFICdtTrf/DbtrAcct/Id/Othr/SchmeNm/Prtry,Prtry,Max35Text,1,1
pacs.009.001.13,/Document/FICdtTrf/CdtTrfTxInf/UndrlygFICdtTrf/DbtrAcct/Id/Othr/Issr,Issr,Max35Text,0,1
pacs.009.001.13,/Document/FICdtTrf/CdtTrfTxInf/UndrlygFICdtTrf/DbtrAcct/Tp,Tp,CashAccountType2Choice,0,1
pacs.009.001.13,/Document/FICdtTrf/CdtTrfTxInf/UndrlygFICdtTrf/DbtrAcct/Tp/Cd,Cd,ExternalCashAccountType1Code,1,1
pacs.009.001.13,/Document/FICdtTrf/CdtTrfTxInf/UndrlygFICdtTrf/DbtrAcct/Tp/Prtry,Prtry,Max35Text,1,1
pacs.009.001.13,/Document/FICdtTrf/CdtTrfTxInf/UndrlygFICdtTrf/DbtrAcct/Ccy,Ccy,ActiveOrHistoricCurrencyCode,0,1
pacs.009.001.13,/Document/FICdtTrf/CdtTrfTxInf/UndrlygFICdtTrf/DbtrAcct/Nm,Nm,Max70Text,0,1
pacs.009.001.13,/Document/FICdtTrf/CdtTrfTxInf/UndrlygFICdtTrf/DbtrAcct/Prxy,Prxy,ProxyAccountIdentification1,0,1
pacs.009.001.13,/Document/FICdtTrf/CdtTrfTxInf/UndrlygFICdtTrf/DbtrAcct/Prxy/Tp,Tp,ProxyAccountType1Choice,0,1
pacs.009.001.13,/Document/FICdtTrf/CdtTrfTxInf/UndrlygFICdtTrf/DbtrAcct/Prxy/Tp/Cd,Cd,ExternalProxyAccountType1Code,1,1
pacs.009.001.13,/Document/FICdtTrf/CdtTrfTxInf/UndrlygFICdtTrf/DbtrAcct/Prxy/Tp/Prtry,Prtry,Max35Text,1,1
pacs.009.001.13,/Document/FICdtTrf/CdtTrfTxInf/UndrlygFICdtTrf/DbtrAcct/Prxy/Id,Id,Max2048Text,1,1
pacs.009.001.13,/Document/FICdtTrf/CdtTrfTxInf/UndrlygFICdtTrf/DbtrAgt,DbtrAgt,BranchAndFinancialInstitutionIdentification8,0,1
pacs.009.001.13,/Document/FICdtTrf/CdtTrfTxInf/UndrlygFICdtTrf/DbtrAgt/FinInstnId,FinInstnId,FinancialInstitutionIdentification23,1,1
pacs.009.001.13,/Document/FICdtTrf/CdtTrfTxInf/UndrlygFICdtTrf/DbtrAgt/FinInstnId/BICFI,BICFI,BICFIDec2014Identifier,0,1
pacs.009.001.13,/Document/FICdtTrf/CdtTrfTxInf/UndrlygFICdtTrf/DbtrAgt/FinInstnId/ClrSysMmbId,ClrSysMmbId,ClearingSystemMemberIdentification2,0,1
pacs.009.001.13,/Document/FICdtTrf/CdtTrfTxInf/UndrlygFICdtTrf/DbtrAgt/FinInstnId/ClrSysMmbId/ClrSysId,ClrSysId,ClearingSystemIdentification2Choice,0,1
pacs.009.001.13,/Document/FICdtTrf/CdtTrfTxInf/UndrlygFICdtTrf/DbtrAgt/FinInstnId/ClrSysMmbId/ClrSysId/Cd,Cd,ExternalClearingSystemIdentification1Code,1,1
pacs.009.001.13,/Document/FICdtTrf/CdtTrfTxInf/UndrlygFICdtTrf/DbtrAgt/FinInstnId/ClrSysMmbId/ClrSysId/Prtry,Prtry,Max35Text,1,1
pacs.009.001.13,/Document/FICdtTrf/CdtTrfTxInf/UndrlygFICdtTrf/DbtrAgt/FinInstnId/ClrSysMmbId/MmbId,MmbId,Max35Text,1,1
pacs.009.001.13,/Document/FICdtTrf/CdtTrfTxInf/UndrlygFICdtTrf/DbtrAgt/FinInstnId/LEI,LEI,LEIIdentifier,0,1
pacs.009.001.13,/Document/FICdtTrf/CdtTrfTxInf/UndrlygFICdtTrf/DbtrAgt/FinInstnId/Nm,Nm,Max140Text,0,1
pacs.009.001.13,/Document/FICdtTrf/CdtTrfTxInf/UndrlygFICdtTrf/DbtrAgt/FinInstnId/PstlAdr,PstlAdr,PostalAddress27,0,1
pacs.009.001.13,/Document/FICdtTrf/CdtTrfTxInf/UndrlygFICdtTrf/DbtrAgt/FinInstnId/PstlAdr/AdrTp,AdrTp,AddressType3Choice,0,1
pacs.009.001.13,/Document/FICdtTrf/CdtTrfTxInf/UndrlygFICdtTrf/DbtrAgt/FinInstnId/PstlAdr/AdrTp/Cd,Cd,AddressType2Code,1,1
pacs.009.001.13,/Document/FICdtTrf/CdtTrfTxInf/UndrlygFICdtTrf/DbtrAgt/FinInstnId/PstlAdr/AdrTp/Prtry,Prtry,GenericIdentification30,1,1
pacs.009.001.13,/Document/FICdtTrf/CdtTrfTxInf/UndrlygFICdtTrf/DbtrAgt/FinInstnId/PstlAdr/AdrTp/Prtry/Id,Id,Exact4AlphaNumericText,1,1
pacs.009.001.13,/Document/FICdtTrf/CdtTrfTxInf/UndrlygFICdtTrf/DbtrAgt/FinInstnId/PstlAdr/AdrTp/Prtry/Issr,Issr,Max35Text,1,1
pacs.009.001.13,/Document/FICdtTrf/CdtTrfTxInf/UndrlygFICdtTrf/DbtrAgt/FinInstnId/PstlAdr/AdrTp/Prtry/SchmeNm,SchmeNm,Max35Text,0,1
pacs.009.001.13,/Document/FICdtTrf/CdtTrfTxInf/UndrlygFICdtTrf/DbtrAgt/FinInstnId/PstlAdr/CareOf,CareOf,Max140Text,0,1
pacs.009.001.13,/Document/FICdtTrf/CdtTrfTxInf/UndrlygFICdtTrf/DbtrAgt/FinInstnId/PstlAdr/Dept,Dept,Max70Text,0,1
pacs.009.001.13,/Document/FICdtTrf/CdtTrfTxInf/UndrlygFICdtTrf/DbtrAgt/FinInstnId/PstlAdr/SubDept,SubDept,Max70Text,0,1
pacs.009.001.13,/Document/FICdtTrf/CdtTrfTxInf/UndrlygFICdtTrf/DbtrAgt/FinInstnId/PstlAdr/StrtNm,StrtNm,Max140Text,0,1
pacs.009.001.13,/Document/FICdtTrf/CdtTrfTxInf/UndrlygFICdtTrf/DbtrAgt/FinInstnId/PstlAdr/BldgNb,BldgNb,Max16Text,0,1
pacs.009.001.13,/Document/FICdtTrf/CdtTrfTxInf/UndrlygFICdtTrf/DbtrAgt/FinInstnId/PstlAdr/BldgNm,BldgNm,Max140Text,0,1
pacs.009.001.13,/Document/FICdtTrf/CdtTrfTxInf/UndrlygFICdtTrf/DbtrAgt/FinInstnId/PstlAdr/Flr,Flr,Max70Text,0,1
pacs.009.001.13,/Document/FICdtTrf/CdtTrfTxInf/UndrlygFICdtTrf/DbtrAgt/FinInstnId/PstlAdr/UnitNb,UnitNb,Max16Text,0,1
pacs.009.001.13,/Document/FICdtTrf/CdtTrfTxInf/UndrlygFICdtTrf/DbtrAgt/FinInstnId/PstlAdr/PstBx,PstBx,Max16Text,0,1
pacs.009.001.13,/Document/FICdtTrf/CdtTrfTxInf/UndrlygFICdtTrf/DbtrAgt/FinInstnId/PstlAdr/Room,Room,Max70Text,0,1
pacs.009.001.13,/Document/FICdtTrf/CdtTrfTxInf/UndrlygFICdtTrf/DbtrAgt/FinInstnId/PstlAdr/PstCd,PstCd,Max16Text,0,1
pacs.009.001.13,/Document/FICdtTrf/CdtTrfTxInf/UndrlygFICdtTrf/DbtrAgt/FinInstnId/PstlAdr/TwnNm,TwnNm,Max140Text,0,1
pacs.009.001.13,/Document/FICdtTrf/CdtTrfTxInf/UndrlygFICdtTrf/DbtrAgt/FinInstnId/PstlAdr/TwnLctnNm,TwnLctnNm,Max140Text,0,1
pacs.009.001.13,/Document/FICdtTrf/CdtTrfTxInf/UndrlygFICdtTrf/DbtrAgt/FinInstnId/PstlAdr/DstrctNm,DstrctNm,Max140Text,0,1
pacs.009.001.13,/Document/FICdtTrf/CdtTrfTxInf/UndrlygFICdtTrf/DbtrAgt/FinInstnId/PstlAdr/CtrySubDvsn,CtrySubDvsn,Max35Text,0,1
pacs.009.001.13,/Document/FICdtTrf/CdtTrfTxInf/UndrlygFICdtTrf/DbtrAgt/FinInstnId/PstlAdr/Ctry,Ctry,CountryCode,0,1
pacs.009.001.13,/Document/FICdtTrf/CdtTrfTxInf/UndrlygFICdtTrf/DbtrAgt/FinInstnId/PstlAdr/AdrLine,AdrLine,Max70Text,0,7
pacs.009.001.13,/Document/FICdtTrf/CdtTrfTxInf/UndrlygFICdtTrf/DbtrAgt/FinInstnId/Othr,Othr,GenericFinancialIdentification1,0,1
pacs.009.001.13,/Document/FICdtTrf/CdtTrfTxInf/UndrlygFICdtTrf/DbtrAgt/FinInstnId/Othr/Id,Id,Max35Text,1,1
pacs.009.001.13,/Document/FICdtTrf/CdtTrfTxInf/UndrlygFICdtTrf/DbtrAgt/FinInstnId/Othr/SchmeNm,SchmeNm,FinancialIdentificationSchemeName1Choice,0,1
pacs.009.001.13,/Document/FICdtTrf/CdtTrfTxInf/UndrlygFICdtTrf/DbtrAgt/FinInstnId/Othr/SchmeNm/Cd,Cd,ExternalFinancialInstitutionIdentification1Code,1,1
pacs.009.001.13,/Document/FICdtTrf/CdtTrfTxInf/UndrlygFICdtTrf/DbtrAgt/FinInstnId/Othr/SchmeNm/Prtry,Prtry,Max35Text,1,1
pacs.009.001.13,/Document/FICdtTrf/CdtTrfTxInf/UndrlygFICdtTrf/DbtrAgt/FinInstnId/Othr/Issr,Issr,Max35Text,0,1
pacs.009.001.13,/Document/FICdtTrf/CdtTrfTxInf/UndrlygFICdtTrf/DbtrAgt/BrnchId,BrnchId,BranchData5,0,1
pacs.009.001.13,/Document/FICdtTrf/CdtTrfTxInf/UndrlygFICdtTrf/DbtrAgt/BrnchId/Id,Id,Max35Text,0,1
pacs.009.001.13,/Document/FICdtTrf/CdtTrfTxInf/UndrlygFICdtTrf/DbtrAgt/BrnchId/LEI,LEI,LEIIdentifier,0,1
pacs.009.001.13,/Document/FICdtTrf/CdtTrfTxInf/UndrlygFICdtTrf/DbtrAgt/BrnchId/Nm,Nm,Max140Text,0,1
pacs.009.001.13,/Document/FICdtTrf/CdtTrfTxInf/UndrlygFICdtTrf/DbtrAgt/BrnchId/PstlAdr,PstlAdr,PostalAddress27,0,1
pacs.009.001.13,/Document/FICdtTrf/CdtTrfTxInf/UndrlygFICdtTrf/DbtrAgt/BrnchId/PstlAdr/AdrTp,AdrTp,AddressType3Choice,0,1
pacs.009.001.13,/Document/FICdtTrf/CdtTrfTxInf/UndrlygFICdtTrf/DbtrAgt/BrnchId/PstlAdr/AdrTp/Cd,Cd,AddressType2Code,1,1
pacs.009.001.13,/Document/FICdtTrf/CdtTrfTxInf/UndrlygFICdtTrf/DbtrAgt/BrnchId/PstlAdr/AdrTp/Prtry,Prtry,GenericIdentification30,1,1
pacs.009.001.13,/Document/FICdtTrf/CdtTrfTxInf/UndrlygFICdtTrf/DbtrAgt/BrnchId/PstlAdr/AdrTp/Prtry/Id,Id,Exact4AlphaNumericText,1,1
pacs.009.001.13,/Document/FICdtTrf/CdtTrfTxInf/UndrlygFICdtTrf/DbtrAgt/BrnchId/PstlAdr/AdrTp/Prtry/Issr,Issr,Max35Text,1,1
pacs.009.001.13,/Document/FICdtTrf/CdtTrfTxInf/UndrlygFICdtTrf/DbtrAgt/BrnchId/PstlAdr/AdrTp/Prtry/SchmeNm,SchmeNm,Max35Text,0,1
pacs.009.001.13,/Document/FICdtTrf/CdtTrfTxInf/UndrlygFICdtTrf/DbtrAgt/BrnchId/PstlAdr/CareOf,CareOf,Max140Text,0,1
pacs.009.001.13,/Document/FICdtTrf/CdtTrfTxInf/UndrlygFICdtTrf/DbtrAgt/BrnchId/PstlAdr/Dept,Dept,Max70Text,0,1
pacs.009.001.13,/Document/FICdtTrf/CdtTrfTxInf/UndrlygFICdtTrf/DbtrAgt/BrnchId/PstlAdr/SubDept,SubDept,Max70Text,0,1
pacs.009.001.13,/Document/FICdtTrf/CdtTrfTxInf/UndrlygFICdtTrf/DbtrAgt/BrnchId/PstlAdr/StrtNm,StrtNm,Max140Text,0,1
pacs.009.001.13,/Document/FICdtTrf/CdtTrfTxInf/UndrlygFICdtTrf/DbtrAgt/BrnchId/PstlAdr/BldgNb,BldgNb,Max16Text,0,1
pacs.009.001.13,/Document/FICdtTrf/CdtTrfTxInf/UndrlygFICdtTrf/DbtrAgt/BrnchId/PstlAdr/BldgNm,BldgNm,Max140Text,0,1
pacs.009.001.13,/Document/FICdtTrf/CdtTrfTxInf/UndrlygFICdtTrf/DbtrAgt/BrnchId/PstlAdr/Flr,Flr,Max70Text,0,1
pacs.009.001.13,/Document/FICdtTrf/CdtTrfTxInf/UndrlygFICdtTrf/DbtrAgt/BrnchId/PstlAdr/UnitNb,UnitNb,Max16Text,0,1
pacs.009.001.13,/Document/FICdtTrf/CdtTrfTxInf/UndrlygFICdtTrf/DbtrAgt/BrnchId/PstlAdr/PstBx,PstBx,Max16Text,0,1
pacs.009.001.13,/Document/FICdtTrf/CdtTrfTxInf/UndrlygFICdtTrf/DbtrAgt/BrnchId/PstlAdr/Room,Room,Max70Text,0,1
pacs.009.001.13,/Document/FICdtTrf/CdtTrfTxInf/UndrlygFICdtTrf/DbtrAgt/BrnchId/PstlAdr/PstCd,PstCd,Max16Text,0,1
pacs.009.001.13,/Document/FICdtTrf/CdtTrfTxInf/UndrlygFICdtTrf/DbtrAgt/BrnchId/PstlAdr/TwnNm,TwnNm,Max140Text,0,1
pacs.009.001.13,/Document/FICdtTrf/CdtTrfTxInf/UndrlygFICdtTrf/DbtrAgt/BrnchId/PstlAdr/TwnLctnNm,TwnLctnNm,Max140Text,0,1
pacs.009.001.13,/Document/FICdtTrf/CdtTrfTxInf/UndrlygFICdtTrf/DbtrAgt/BrnchId/PstlAdr/DstrctNm,DstrctNm,Max140Text,0,1
pacs.009.001.13,/Document/FICdtTrf/CdtTrfTxInf/UndrlygFICdtTrf/DbtrAgt/BrnchId/PstlAdr/CtrySubDvsn,CtrySubDvsn,Max35Text,0,1
pacs.009.001.13,/Document/FICdtTrf/CdtTrfTxInf/UndrlygFICdtTrf/DbtrAgt/BrnchId/PstlAdr/Ctry,Ctry,CountryCode,0,1
pacs.009.001.13,/Document/FICdtTrf/CdtTrfTxInf/UndrlygFICdtTrf/DbtrAgt/BrnchId/PstlAdr/AdrLine,AdrLine,Max70Text,0,7
pacs.009.001.13,/Document/FICdtTrf/CdtTrfTxInf/UndrlygFICdtTrf/DbtrAgtAcct,DbtrAgtAcct,CashAccount40,0,1
pacs.009.001.13,/Document/FICdtTrf/CdtTrfTxInf/UndrlygFICdtTrf/DbtrAgtAcct/Id,Id,AccountIdentification4Choice,0,1
pacs.009.001.13,/Document/FICdtTrf/CdtTrfTxInf/UndrlygFICdtTrf/DbtrAgtAcct/Id/IBAN,IBAN,IBAN2007Identifier,1,1
pacs.009.001.13,/Document/FICdtTrf/CdtTrfTxInf/UndrlygFICdtTrf/DbtrAgtAcct/Id/Othr,Othr,GenericAccountIdentification1,1,1
pacs.009.001.13,/Document/FICdtTrf/CdtTrfTxInf/UndrlygFICdtTrf/DbtrAgtAcct/Id/Othr/Id,Id,Max34Text,1,1
pacs.009.001.13,/Document/FICdtTrf/CdtTrfTxInf/UndrlygFICdtTrf/DbtrAgtAcct/Id/Othr/SchmeNm,SchmeNm,AccountSchemeName1Choice,0,1
pacs.009.001.13,/Document/FICdtTrf/CdtTrfTxInf/UndrlygFICdtTrf/DbtrAgtAcct/Id/Othr/SchmeNm/Cd,Cd,ExternalAccountIdentification1Code,1,1
pacs.009.001.13,/Document/FICdtTrf/CdtTrfTxInf/UndrlygFICdtTrf/DbtrAgtAcct/Id/Othr/SchmeNm/Prtry,Prtry,Max35Text,1,1
pacs.009.001.13,/Document/FICdtTrf/CdtTrfTxInf/UndrlygFICdtTrf/DbtrAgtAcct/Id/Othr/Issr,Issr,Max35Text,0,1
pacs.009.001.13,/Document/FICdtTrf/CdtTrfTxInf/UndrlygFICdtTrf/DbtrAgtAcct/Tp,Tp,CashAccountType2Choice,0,1
pacs.009.001.13,/Document/FICdtTrf/CdtTrfTxInf/UndrlygFICdtTrf/DbtrAgtAcct/Tp/Cd,Cd,ExternalCashAccountType1Code,1,1
pacs.009.001.13,/Document/FICdtTrf/CdtTrfTxInf/UndrlygFICdtTrf/DbtrAgtAcct/Tp/Prtry,Prtry,Max35Text,1,1
pacs.009.001.13,/Document/FICdtTrf/CdtTrfTxInf/UndrlygFICdtTrf/DbtrAgtAcct/Ccy,Ccy,ActiveOrHistoricCurrencyCode,0,1
pacs.009.001.13,/Document/FICdtTrf/CdtTrfTxInf/UndrlygFICdtTrf/DbtrAgtAcct/Nm,Nm,Max70Text,0,1
pacs.009.001.13,/Document/FICdtTrf/CdtTrfTxInf/UndrlygFICdtTrf/DbtrAgtAcct/Prxy,Prxy,ProxyAccountIdentification1,0,1
pacs.009.001.13,/Document/FICdtTrf/CdtTrfTxInf/UndrlygFICdtTrf/DbtrAgtAcct/Prxy/Tp,Tp,ProxyAccountType1Choice,0,1
pacs.009.001.13,/Document/FICdtTrf/CdtTrfTxInf/UndrlygFICdtTrf/DbtrAgtAcct/Prxy/Tp/Cd,Cd,ExternalProxyAccountType1Code,1,1
pacs.009.001.13,/Document/FICdtTrf/CdtTrfTxInf/UndrlygFICdtTrf/DbtrAgtAcct/Prxy/Tp/Prtry,Prtry,Max35Text,1,1
pacs.009.001.13,/Document/FICdtTrf/CdtTrfTxInf/UndrlygFICdtTrf/DbtrAgtAcct/Prxy/Id,Id,Max2048Text,1,1
pacs.009.001.13,/Document/FICdtTrf/CdtTrfTxInf/UndrlygFICdtTrf/CdtrAgt,CdtrAgt,BranchAndFinancialInstitutionIdentification8,0,1
pacs.009.001.13,/Document/FICdtTrf/CdtTrfTxInf/UndrlygFICdtTrf/CdtrAgt/FinInstnId,FinInstnId,FinancialInstitutionIdentification23,1,1
pacs.009.001.13,/Document/FICdtTrf/CdtTrfTxInf/UndrlygFICdtTrf/CdtrAgt/FinInstnId/BICFI,BICFI,BICFIDec2014Identifier,0,1
pacs.009.001.13,/Document/FICdtTrf/CdtTrfTxInf/UndrlygFICdtTrf/CdtrAgt/FinInstnId/ClrSysMmbId,ClrSysMmbId,ClearingSystemMemberIdentification2,0,1
pacs.009.001.13,/Document/FICdtTrf/CdtTrfTxInf/UndrlygFICdtTrf/CdtrAgt/FinInstnId/ClrSysMmbId/ClrSysId,ClrSysId,ClearingSystemIdentification2Choice,0,1
pacs.009.001.13,/Document/FICdtTrf/CdtTrfTxInf/UndrlygFICdtTrf/CdtrAgt/FinInstnId/ClrSysMmbId/ClrSysId/Cd,Cd,ExternalClearingSystemIdentification1Code,1,1
pacs.009.001.13,/Document/FICdtTrf/CdtTrfTxInf/UndrlygFICdtTrf/CdtrAgt/FinInstnId/ClrSysMmbId/ClrSysId/Prtry,Prtry,Max35Text,1,1
pacs.009.001.13,/Document/FICdtTrf/CdtTrfTxInf/UndrlygFICdtTrf/CdtrAgt/FinInstnId/ClrSysMmbId/MmbId,MmbId,Max35Text,1,1
pacs.009.001.13,/Document/FICdtTrf/CdtTrfTxInf/UndrlygFICdtTrf/CdtrAgt/FinInstnId/LEI,LEI,LEIIdentifier,0,1
pacs.009.001.13,/Document/FICdtTrf/CdtTrfTxInf/UndrlygFICdtTrf/CdtrAgt/FinInstnId/Nm,Nm,Max140Text,0,1
pacs.009.001.13,/Document/FICdtTrf/CdtTrfTxInf/UndrlygFICdtTrf/CdtrAgt/FinInstnId/PstlAdr,PstlAdr,PostalAddress27,0,1
pacs.009.001.13,/Document/FICdtTrf/CdtTrfTxInf/UndrlygFICdtTrf/CdtrAgt/FinInstnId/PstlAdr/AdrTp,AdrTp,AddressType3Choice,0,1
pacs.009.001.13,/Document/FICdtTrf/CdtTrfTxInf/UndrlygFICdtTrf/CdtrAgt/FinInstnId/PstlAdr/AdrTp/Cd,Cd,AddressType2Code,1,1
pacs.009.001.13,/Document/FICdtTrf/CdtTrfTxInf/UndrlygFICdtTrf/CdtrAgt/FinInstnId/PstlAdr/AdrTp/Prtry,Prtry,GenericIdentification30,1,1
pacs.009.001.13,/Document/FICdtTrf/CdtTrfTxInf/UndrlygFICdtTrf/CdtrAgt/FinInstnId/PstlAdr/AdrTp/Prtry/Id,Id,Exact4AlphaNumericText,1,1
pacs.009.001.13,/Document/FICdtTrf/CdtTrfTxInf/UndrlygFICdtTrf/CdtrAgt/FinInstnId/PstlAdr/AdrTp/Prtry/Issr,Issr,Max35Text,1,1
pacs.009.001.13,/Document/FICdtTrf/CdtTrfTxInf/UndrlygFICdtTrf/CdtrAgt/FinInstnId/PstlAdr/AdrTp/Prtry/SchmeNm,SchmeNm,Max35Text,0,1
pacs.009.001.13,/Document/FICdtTrf/CdtTrfTxInf/UndrlygFICdtTrf/CdtrAgt/FinInstnId/PstlAdr/CareOf,CareOf,Max140Text,0,1
pacs.009.001.13,/Document/FICdtTrf/CdtTrfTxInf/UndrlygFICdtTrf/CdtrAgt/FinInstnId/PstlAdr/Dept,Dept,Max70Text,0,1
pacs.009.001.13,/Document/FICdtTrf/CdtTrfTxInf/UndrlygFICdtTrf/CdtrAgt/FinInstnId/PstlAdr/SubDept,SubDept,Max70Text,0,1
pacs.009.001.13,/Document/FICdtTrf/CdtTrfTxInf/UndrlygFICdtTrf/CdtrAgt/FinInstnId/PstlAdr/StrtNm,StrtNm,Max140Text,0,1
pacs.009.001.13,/Document/FICdtTrf/CdtTrfTxInf/UndrlygFICdtTrf/CdtrAgt/FinInstnId/PstlAdr/BldgNb,BldgNb,Max16Text,0,1
pacs.009.001.13,/Document/FICdtTrf/CdtTrfTxInf/UndrlygFICdtTrf/CdtrAgt/FinInstnId/PstlAdr/BldgNm,BldgNm,Max140Text,0,1
pacs.009.001.13,/Document/FICdtTrf/CdtTrfTxInf/UndrlygFICdtTrf/CdtrAgt/FinInstnId/PstlAdr/Flr,Flr,Max70Text,0,1
pacs.009.001.13,/Document/FICdtTrf/CdtTrfTxInf/UndrlygFICdtTrf/CdtrAgt/FinInstnId/PstlAdr/UnitNb,UnitNb,Max16Text,0,1
pacs.009.001.13,/Document/FICdtTrf/CdtTrfTxInf/UndrlygFICdtTrf/CdtrAgt/FinInstnId/PstlAdr/PstBx,PstBx,Max16Text,0,1
pacs.009.001.13,/Document/FICdtTrf/CdtTrfTxInf/UndrlygFICdtTrf/CdtrAgt/FinInstnId/PstlAdr/Room,Room,Max70Text,0,1
pacs.009.001.13,/Document/FICdtTrf/CdtTrfTxInf/UndrlygFICdtTrf/CdtrAgt/FinInstnId/PstlAdr/PstCd,PstCd,Max16Text,0,1
pacs.009.001.13,/Document/FICdtTrf/CdtTrfTxInf/UndrlygFICdtTrf/CdtrAgt/FinInstnId/PstlAdr/TwnNm,TwnNm,Max140Text,0,1
pacs.009.001.13,/Document/FICdtTrf/CdtTrfTxInf/UndrlygFICdtTrf/CdtrAgt/FinInstnId/PstlAdr/TwnLctnNm,TwnLctnNm,Max140Text,0,1
pacs.009.001.13,/Document/FICdtTrf/CdtTrfTxInf/UndrlygFICdtTrf/CdtrAgt/FinInstnId/PstlAdr/DstrctNm,DstrctNm,Max140Text,0,1
pacs.009.001.13,/Document/FICdtTrf/CdtTrfTxInf/UndrlygFICdtTrf/CdtrAgt/FinInstnId/PstlAdr/CtrySubDvsn,CtrySubDvsn,Max35Text,0,1
pacs.009.001.13,/Document/FICdtTrf/CdtTrfTxInf/UndrlygFICdtTrf/CdtrAgt/FinInstnId/PstlAdr/Ctry,Ctry,CountryCode,0,1
pacs.009.001.13,/Document/FICdtTrf/CdtTrfTxInf/UndrlygFICdtTrf/CdtrAgt/FinInstnId/PstlAdr/AdrLine,AdrLine,Max70Text,0,7
pacs.009.001.13,/Document/FICdtTrf/CdtTrfTxInf/UndrlygFICdtTrf/CdtrAgt/FinInstnId/Othr,Othr,GenericFinancialIdentification1,0,1
pacs.009.001.13,/Document/FICdtTrf/CdtTrfTxInf/UndrlygFICdtTrf/CdtrAgt/FinInstnId/Othr/Id,Id,Max35Text,1,1
pacs.009.001.13,/Document/FICdtTrf/CdtTrfTxInf/UndrlygFICdtTrf/CdtrAgt/FinInstnId/Othr/SchmeNm,SchmeNm,FinancialIdentificationSchemeName1Choice,0,1
pacs.009.001.13,/Document/FICdtTrf/CdtTrfTxInf/UndrlygFICdtTrf/CdtrAgt/FinInstnId/Othr/SchmeNm/Cd,Cd,ExternalFinancialInstitutionIdentification1Code,1,1
pacs.009.001.13,/Document/FICdtTrf/CdtTrfTxInf/UndrlygFICdtTrf/CdtrAgt/FinInstnId/Othr/SchmeNm/Prtry,Prtry,Max35Text,1,1
pacs.009.001.13,/Document/FICdtTrf/CdtTrfTxInf/UndrlygFICdtTrf/CdtrAgt/FinInstnId/Othr/Issr,Issr,Max35Text,0,1
pacs.009.001.13,/Document/FICdtTrf/CdtTrfTxInf/UndrlygFICdtTrf/CdtrAgt/BrnchId,BrnchId,BranchData5,0,1
pacs.009.001.13,/Document/FICdtTrf/CdtTrfTxInf/UndrlygFICdtTrf/CdtrAgt/BrnchId/Id,Id,Max35Text,0,1
pacs.009.001.13,/Document/FICdtTrf/CdtTrfTxInf/UndrlygFICdtTrf/CdtrAgt/BrnchId/LEI,LEI,LEIIdentifier,0,1
pacs.009.001.13,/Document/FICdtTrf/CdtTrfTxInf/UndrlygFICdtTrf/CdtrAgt/BrnchId/Nm,Nm,Max140Text,0,1
pacs.009.001.13,/Document/FICdtTrf/CdtTrfTxInf/UndrlygFICdtTrf/CdtrAgt/BrnchId/PstlAdr,PstlAdr,PostalAddress27,0,1
pacs.009.001.13,/Document/FICdtTrf/CdtTrfTxInf/UndrlygFICdtTrf/CdtrAgt/BrnchId/PstlAdr/AdrTp,AdrTp,AddressType3Choice,0,1
pacs.009.001.13,/Document/FICdtTrf/CdtTrfTxInf/UndrlygFICdtTrf/CdtrAgt/BrnchId/PstlAdr/AdrTp/Cd,Cd,AddressType2Code,1,1
pacs.009.001.13,/Document/FICdtTrf/CdtTrfTxInf/UndrlygFICdtTrf/CdtrAgt/BrnchId/PstlAdr/AdrTp/Prtry,Prtry,GenericIdentification30,1,1
pacs.009.001.13,/Document/FICdtTrf/CdtTrfTxInf/UndrlygFICdtTrf/CdtrAgt/BrnchId/PstlAdr/AdrTp/Prtry/Id,Id,Exact4AlphaNumericText,1,1
pacs.009.001.13,/Document/FICdtTrf/CdtTrfTxInf/UndrlygFICdtTrf/CdtrAgt/BrnchId/PstlAdr/AdrTp/Prtry/Issr,Issr,Max35Text,1,1
pacs.009.001.13,/Document/FICdtTrf/CdtTrfTxInf/UndrlygFICdtTrf/CdtrAgt/BrnchId/PstlAdr/AdrTp/Prtry/SchmeNm,SchmeNm,Max35Text,0,1
pacs.009.001.13,/Document/FICdtTrf/CdtTrfTxInf/UndrlygFICdtTrf/CdtrAgt/BrnchId/PstlAdr/CareOf,CareOf,Max140Text,0,1
pacs.009.001.13,/Document/FICdtTrf/CdtTrfTxInf/UndrlygFICdtTrf/CdtrAgt/BrnchId/PstlAdr/Dept,Dept,Max70Text,0,1
pacs.009.001.13,/Document/FICdtTrf/CdtTrfTxInf/UndrlygFICdtTrf/CdtrAgt/BrnchId/PstlAdr/SubDept,SubDept,Max70Text,0,1
pacs.009.001.13,/Document/FICdtTrf/CdtTrfTxInf/UndrlygFICdtTrf/CdtrAgt/BrnchId/PstlAdr/StrtNm,StrtNm,Max140Text,0,1
pacs.009.001.13,/Document/FICdtTrf/CdtTrfTxInf/UndrlygFICdtTrf/CdtrAgt/BrnchId/PstlAdr/BldgNb,BldgNb,Max16Text,0,1
pacs.009.001.13,/Document/FICdtTrf/CdtTrfTxInf/UndrlygFICdtTrf/CdtrAgt/BrnchId/PstlAdr/BldgNm,BldgNm,Max140Text,0,1
pacs.009.001.13,/Document/FICdtTrf/CdtTrfTxInf/UndrlygFICdtTrf/CdtrAgt/BrnchId/PstlAdr/Flr,Flr,Max70Text,0,1
pacs.009.001.13,/Document/FICdtTrf/CdtTrfTxInf/UndrlygFICdtTrf/CdtrAgt/BrnchId/PstlAdr/UnitNb,UnitNb,Max16Text,0,1
pacs.009.001.13,/Document/FICdtTrf/CdtTrfTxInf/UndrlygFICdtTrf/CdtrAgt/BrnchId/PstlAdr/PstBx,PstBx,Max16Text,0,1
pacs.009.001.13,/Document/FICdtTrf/CdtTrfTxInf/UndrlygFICdtTrf/CdtrAgt/BrnchId/PstlAdr/Room,Room,Max70Text,0,1
pacs.009.001.13,/Document/FICdtTrf/CdtTrfTxInf/UndrlygFICdtTrf/CdtrAgt/BrnchId/PstlAdr/PstCd,PstCd,Max16Text,0,1
pacs.009.001.13,/Document/FICdtTrf/CdtTrfTxInf/UndrlygFICdtTrf/CdtrAgt/BrnchId/PstlAdr/TwnNm,TwnNm,Max140Text,0,1
pacs.009.001.13,/Document/FICdtTrf/CdtTrfTxInf/UndrlygFICdtTrf/CdtrAgt/BrnchId/PstlAdr/TwnLctnNm,TwnLctnNm,Max140Text,0,1
pacs.009.001.13,/Document/FICdtTrf/CdtTrfTxInf/UndrlygFICdtTrf/CdtrAgt/BrnchId/PstlAdr/DstrctNm,DstrctNm,Max140Text,0,1
pacs.009.001.13,/Document/FICdtTrf/CdtTrfTxInf/UndrlygFICdtTrf/CdtrAgt/BrnchId/PstlAdr/CtrySubDvsn,CtrySubDvsn,Max35Text,0,1
pacs.009.001.13,/Document/FICdtTrf/CdtTrfTxInf/UndrlygFICdtTrf/CdtrAgt/BrnchId/PstlAdr/Ctry,Ctry,CountryCode,0,1
pacs.009.001.13,/Document/FICdtTrf/CdtTrfTxInf/UndrlygFICdtTrf/CdtrAgt/BrnchId/PstlAdr/AdrLine,AdrLine,Max70Text,0,7
pacs.009.001.13,/Document/FICdtTrf/CdtTrfTxInf/UndrlygFICdtTrf/CdtrAgtAcct,CdtrAgtAcct,CashAccount40,0,1
pacs.009.001.13,/Document/FICdtTrf/CdtTrfTxInf/UndrlygFICdtTrf/CdtrAgtAcct/Id,Id,AccountIdentification4Choice,0,1
pacs.009.001.13,/Document/FICdtTrf/CdtTrfTxInf/UndrlygFICdtTrf/CdtrAgtAcct/Id/IBAN,IBAN,IBAN2007Identifier,1,1
pacs.009.001.13,/Document/FICdtTrf/CdtTrfTxInf/UndrlygFICdtTrf/CdtrAgtAcct/Id/Othr,Othr,GenericAccountIdentification1,1,1
pacs.009.001.13,/Document/FICdtTrf/CdtTrfTxInf/UndrlygFICdtTrf/CdtrAgtAcct/Id/Othr/Id,Id,Max34Text,1,1
pacs.009.001.13,/Document/FICdtTrf/CdtTrfTxInf/UndrlygFICdtTrf/CdtrAgtAcct/Id/Othr/SchmeNm,SchmeNm,AccountSchemeName1Choice,0,1
pacs.009.001.13,/Document/FICdtTrf/CdtTrfTxInf/UndrlygFICdtTrf/CdtrAgtAcct/Id/Othr/SchmeNm/Cd,Cd,ExternalAccountIdentification1Code,1,1
pacs.009.001.13,/Document/FICdtTrf/CdtTrfTxInf/UndrlygFICdtTrf/CdtrAgtAcct/Id/Othr/SchmeNm/Prtry,Prtry,Max35Text,1,1
pacs.009.001.13,/Document/FICdtTrf/CdtTrfTxInf/UndrlygFICdtTrf/CdtrAgtAcct/Id/Othr/Issr,Issr,Max35Text,0,1
pacs.009.001.13,/Document/FICdtTrf/CdtTrfTxInf/UndrlygFICdtTrf/CdtrAgtAcct/Tp,Tp,CashAccountType2Choice,0,1
pacs.009.001.13,/Document/FICdtTrf/CdtTrfTxInf/UndrlygFICdtTrf/CdtrAgtAcct/Tp/Cd,Cd,ExternalCashAccountType1Code,1,1
pacs.009.001.13,/Document/FICdtTrf/CdtTrfTxInf/UndrlygFICdtTrf/CdtrAgtAcct/Tp/Prtry,Prtry,Max35Text,1,1
pacs.009.001.13,/Document/FICdtTrf/CdtTrfTxInf/UndrlygFICdtTrf/CdtrAgtAcct/Ccy,Ccy,ActiveOrHistoricCurrencyCode,0,1
pacs.009.001.13,/Document/FICdtTrf/CdtTrfTxInf/UndrlygFICdtTrf/CdtrAgtAcct/Nm,Nm,Max70Text,0,1
pacs.009.001.13,/Document/FICdtTrf/CdtTrfTxInf/UndrlygFICdtTrf/CdtrAgtAcct/Prxy,Prxy,ProxyAccountIdentification1,0,1
pacs.009.001.13,/Document/FICdtTrf/CdtTrfTxInf/UndrlygFICdtTrf/CdtrAgtAcct/Prxy/Tp,Tp,ProxyAccountType1Choice,0,1
pacs.009.001.13,/Document/FICdtTrf/CdtTrfTxInf/UndrlygFICdtTrf/CdtrAgtAcct/Prxy/Tp/Cd,Cd,ExternalProxyAccountType1Code,1,1
pacs.009.001.13,/Document/FICdtTrf/CdtTrfTxInf/UndrlygFICdtTrf/CdtrAgtAcct/Prxy/Tp/Prtry,Prtry,Max35Text,1,1
pacs.009.001.13,/Document/FICdtTrf/CdtTrfTxInf/UndrlygFICdtTrf/CdtrAgtAcct/Prxy/Id,Id,Max2048Text,1,1
pacs.009.001.13,/Document/FICdtTrf/CdtTrfTxInf/UndrlygFICdtTrf/Cdtr,Cdtr,BranchAndFinancialInstitutionIdentification8,1,1
pacs.009.001.13,/Document/FICdtTrf/CdtTrfTxInf/UndrlygFICdtTrf/Cdtr/FinInstnId,FinInstnId,FinancialInstitutionIdentification23,1,1
pacs.009.001.13,/Document/FICdtTrf/CdtTrfTxInf/UndrlygFICdtTrf/Cdtr/FinInstnId/BICFI,BICFI,BICFIDec2014Identifier,0,1
pacs.009.001.13,/Document/FICdtTrf/CdtTrfTxInf/UndrlygFICdtTrf/Cdtr/FinInstnId/ClrSysMmbId,ClrSysMmbId,ClearingSystemMemberIdentification2,0,1
pacs.009.001.13,/Document/FICdtTrf/CdtTrfTxInf/UndrlygFICdtTrf/Cdtr/FinInstnId/ClrSysMmbId/ClrSysId,ClrSysId,ClearingSystemIdentification2Choice,0,1
pacs.009.001.13,/Document/FICdtTrf/CdtTrfTxInf/UndrlygFICdtTrf/Cdtr/FinInstnId/ClrSysMmbId/ClrSysId/Cd,Cd,ExternalClearingSystemIdentification1Code,1,1
pacs.009.001.13,/Document/FICdtTrf/CdtTrfTxInf/UndrlygFICdtTrf/Cdtr/FinInstnId/ClrSysMmbId/ClrSysId/Prtry,Prtry,Max35Text,1,1
pacs.009.001.13,/Document/FICdtTrf/CdtTrfTxInf/UndrlygFICdtTrf/Cdtr/FinInstnId/ClrSysMmbId/MmbId,MmbId,Max35Text,1,1
pacs.009.001.13,/Document/FICdtTrf/CdtTrfTxInf/UndrlygFICdtTrf/Cdtr/FinInstnId/LEI,LEI,LEIIdentifier,0,1
pacs.009.001.13,/Document/FICdtTrf/CdtTrfTxInf/UndrlygFICdtTrf/Cdtr/FinInstnId/Nm,Nm,Max140Text,0,1
pacs.009.001.13,/Document/FICdtTrf/CdtTrfTxInf/UndrlygFICdtTrf/Cdtr/FinInstnId/PstlAdr,PstlAdr,PostalAddress27,0,1
pacs.009.001.13,/Document/FICdtTrf/CdtTrfTxInf/UndrlygFICdtTrf/Cdtr/FinInstnId/PstlAdr/AdrTp,AdrTp,AddressType3Choice,0,1
pacs.009.001.13,/Document/FICdtTrf/CdtTrfTxInf/UndrlygFICdtTrf/Cdtr/FinInstnId/PstlAdr/AdrTp/Cd,Cd,AddressType2Code,1,1
pacs.009.001.13,/Document/FICdtTrf/CdtTrfTxInf/UndrlygFICdtTrf/Cdtr/FinInstnId/PstlAdr/AdrTp/Prtry,Prtry,GenericIdentification30,1,1
pacs.009.001.13,/Document/FICdtTrf/CdtTrfTxInf/UndrlygFICdtTrf/Cdtr/FinInstnId/PstlAdr/AdrTp/Prtry/Id,Id,Exact4AlphaNumericText,1,1
pacs.009.001.13,/Document/FICdtTrf/CdtTrfTxInf/UndrlygFICdtTrf/Cdtr/FinInstnId/PstlAdr/AdrTp/Prtry/Issr,Issr,Max35Text,1,1
pacs.009.001.13,/Document/FICdtTrf/CdtTrfTxInf/UndrlygFICdtTrf/Cdtr/FinInstnId/PstlAdr/AdrTp/Prtry/SchmeNm,SchmeNm,Max35Text,0,1
pacs.009.001.13,/Document/FICdtTrf/CdtTrfTxInf/UndrlygFICdtTrf/Cdtr/FinInstnId/PstlAdr/CareOf,CareOf,Max140Text,0,1
pacs.009.001.13,/Document/FICdtTrf/CdtTrfTxInf/UndrlygFICdtTrf/Cdtr/FinInstnId/PstlAdr/Dept,Dept,Max70Text,0,1
pacs.009.001.13,/Document/FICdtTrf/CdtTrfTxInf/UndrlygFICdtTrf/Cdtr/FinInstnId/PstlAdr/SubDept,SubDept,Max70Text,0,1
pacs.009.001.13,/Document/FICdtTrf/CdtTrfTxInf/UndrlygFICdtTrf/Cdtr/FinInstnId/PstlAdr/StrtNm,StrtNm,Max140Text,0,1
pacs.009.001.13,/Document/FICdtTrf/CdtTrfTxInf/UndrlygFICdtTrf/Cdtr/FinInstnId/PstlAdr/BldgNb,BldgNb,Max16Text,0,1
pacs.009.001.13,/Document/FICdtTrf/CdtTrfTxInf/UndrlygFICdtTrf/Cdtr/FinInstnId/PstlAdr/BldgNm,BldgNm,Max140Text,0,1
pacs.009.001.13,/Document/FICdtTrf/CdtTrfTxInf/UndrlygFICdtTrf/Cdtr/FinInstnId/PstlAdr/Flr,Flr,Max70Text,0,1
pacs.009.001.13,/Document/FICdtTrf/CdtTrfTxInf/UndrlygFICdtTrf/Cdtr/FinInstnId/PstlAdr/UnitNb,UnitNb,Max16Text,0,1
pacs.009.001.13,/Document/FICdtTrf/CdtTrfTxInf/UndrlygFICdtTrf/Cdtr/FinInstnId/PstlAdr/PstBx,PstBx,Max16Text,0,1
pacs.009.001.13,/Document/FICdtTrf/CdtTrfTxInf/UndrlygFICdtTrf/Cdtr/FinInstnId/PstlAdr/Room,Room,Max70Text,0,1
pacs.009.001.13,/Document/FICdtTrf/CdtTrfTxInf/UndrlygFICdtTrf/Cdtr/FinInstnId/PstlAdr/PstCd,PstCd,Max16Text,0,1
pacs.009.001.13,/Document/FICdtTrf/CdtTrfTxInf/UndrlygFICdtTrf/Cdtr/FinInstnId/PstlAdr/TwnNm,TwnNm,Max140Text,0,1
pacs.009.001.13,/Document/FICdtTrf/CdtTrfTxInf/UndrlygFICdtTrf/Cdtr/FinInstnId/PstlAdr/TwnLctnNm,TwnLctnNm,Max140Text,0,1
pacs.009.001.13,/Document/FICdtTrf/CdtTrfTxInf/UndrlygFICdtTrf/Cdtr/FinInstnId/PstlAdr/DstrctNm,DstrctNm,Max140Text,0,1
pacs.009.001.13,/Document/FICdtTrf/CdtTrfTxInf/UndrlygFICdtTrf/Cdtr/FinInstnId/PstlAdr/CtrySubDvsn,CtrySubDvsn,Max35Text,0,1
pacs.009.001.13,/Document/FICdtTrf/CdtTrfTxInf/UndrlygFICdtTrf/Cdtr/FinInstnId/PstlAdr/Ctry,Ctry,CountryCode,0,1
pacs.009.001.13,/Document/FICdtTrf/CdtTrfTxInf/UndrlygFICdtTrf/Cdtr/FinInstnId/PstlAdr/AdrLine,AdrLine,Max70Text,0,7
pacs.009.001.13,/Document/FICdtTrf/CdtTrfTxInf/UndrlygFICdtTrf/Cdtr/FinInstnId/Othr,Othr,GenericFinancialIdentification1,0,1
pacs.009.001.13,/Document/FICdtTrf/CdtTrfTxInf/UndrlygFICdtTrf/Cdtr/FinInstnId/Othr/Id,Id,Max35Text,1,1
pacs.009.001.13,/Document/FICdtTrf/CdtTrfTxInf/UndrlygFICdtTrf/Cdtr/FinInstnId/Othr/SchmeNm,SchmeNm,FinancialIdentificationSchemeName1Choice,0,1
pacs.009.001.13,/Document/FICdtTrf/CdtTrfTxInf/UndrlygFICdtTrf/Cdtr/FinInstnId/Othr/SchmeNm/Cd,Cd,ExternalFinancialInstitutionIdentification1Code,1,1
pacs.009.001.13,/Document/FICdtTrf/CdtTrfTxInf/UndrlygFICdtTrf/Cdtr/FinInstnId/Othr/SchmeNm/Prtry,Prtry,Max35Text,1,1
pacs.009.001.13,/Document/FICdtTrf/CdtTrfTxInf/UndrlygFICdtTrf/Cdtr/FinInstnId/Othr/Issr,Issr,Max35Text,0,1
pacs.009.001.13,/Document/FICdtTrf/CdtTrfTxInf/UndrlygFICdtTrf/Cdtr/BrnchId,BrnchId,BranchData5,0,1
pacs.009.001.13,/Document/FICdtTrf/CdtTrfTxInf/UndrlygFICdtTrf/Cdtr/BrnchId/Id,Id,Max35Text,0,1
pacs.009.001.13,/Document/FICdtTrf/CdtTrfTxInf/UndrlygFICdtTrf/Cdtr/BrnchId/LEI,LEI,LEIIdentifier,0,1
pacs.009.001.13,/Document/FICdtTrf/CdtTrfTxInf/UndrlygFICdtTrf/Cdtr/BrnchId/Nm,Nm,Max140Text,0,1
pacs.009.001.13,/Document/FICdtTrf/CdtTrfTxInf/UndrlygFICdtTrf/Cdtr/BrnchId/PstlAdr,PstlAdr,PostalAddress27,0,1
pacs.009.001.13,/Document/FICdtTrf/CdtTrfTxInf/UndrlygFICdtTrf/Cdtr/BrnchId/PstlAdr/AdrTp,AdrTp,AddressType3Choice,0,1
pacs.009.001.13,/Document/FICdtTrf/CdtTrfTxInf/UndrlygFICdtTrf/Cdtr/BrnchId/PstlAdr/AdrTp/Cd,Cd,AddressType2Code,1,1
pacs.009.001.13,/Document/FICdtTrf/CdtTrfTxInf/UndrlygFICdtTrf/Cdtr/BrnchId/PstlAdr/AdrTp/Prtry,Prtry,GenericIdentification30,1,1
pacs.009.001.13,/Document/FICdtTrf/CdtTrfTxInf/UndrlygFICdtTrf/Cdtr/BrnchId/PstlAdr/AdrTp/Prtry/Id,Id,Exact4AlphaNumericText,1,1
pacs.009.001.13,/Document/FICdtTrf/CdtTrfTxInf/UndrlygFICdtTrf/Cdtr/BrnchId/PstlAdr/AdrTp/Prtry/Issr,Issr,Max35Text,1,1
pacs.009.001.13,/Document/FICdtTrf/CdtTrfTxInf/UndrlygFICdtTrf/Cdtr/BrnchId/PstlAdr/AdrTp/Prtry/SchmeNm,SchmeNm,Max35Text,0,1
pacs.009.001.13,/Document/FICdtTrf/CdtTrfTxInf/UndrlygFICdtTrf/Cdtr/BrnchId/PstlAdr/CareOf,CareOf,Max140Text,0,1
pacs.009.001.13,/Document/FICdtTrf/CdtTrfTxInf/UndrlygFICdtTrf/Cdtr/BrnchId/PstlAdr/Dept,Dept,Max70Text,0,1
pacs.009.001.13,/Document/FICdtTrf/CdtTrfTxInf/UndrlygFICdtTrf/Cdtr/BrnchId/PstlAdr/SubDept,SubDept,Max70Text,0,1
pacs.009.001.13,/Document/FICdtTrf/CdtTrfTxInf/UndrlygFICdtTrf/Cdtr/BrnchId/PstlAdr/StrtNm,StrtNm,Max140Text,0,1
pacs.009.001.13,/Document/FICdtTrf/CdtTrfTxInf/UndrlygFICdtTrf/Cdtr/BrnchId/PstlAdr/BldgNb,BldgNb,Max16Text,0,1
pacs.009.001.13,/Document/FICdtTrf/CdtTrfTxInf/UndrlygFICdtTrf/Cdtr/BrnchId/PstlAdr/BldgNm,BldgNm,Max140Text,0,1
pacs.009.001.13,/Document/FICdtTrf/CdtTrfTxInf/UndrlygFICdtTrf/Cdtr/BrnchId/PstlAdr/Flr,Flr,Max70Text,0,1
pacs.009.001.13,/Document/FICdtTrf/CdtTrfTxInf/UndrlygFICdtTrf/Cdtr/BrnchId/PstlAdr/UnitNb,UnitNb,Max16Text,0,1
pacs.009.001.13,/Document/FICdtTrf/CdtTrfTxInf/UndrlygFICdtTrf/Cdtr/BrnchId/PstlAdr/PstBx,PstBx,Max16Text,0,1
pacs.009.001.13,/Document/FICdtTrf/CdtTrfTxInf/UndrlygFICdtTrf/Cdtr/BrnchId/PstlAdr/Room,Room,Max70Text,0,1
pacs.009.001.13,/Document/FICdtTrf/CdtTrfTxInf/UndrlygFICdtTrf/Cdtr/BrnchId/PstlAdr/PstCd,PstCd,Max16Text,0,1
pacs.009.001.13,/Document/FICdtTrf/CdtTrfTxInf/UndrlygFICdtTrf/Cdtr/BrnchId/PstlAdr/TwnNm,TwnNm,Max140Text,0,1
pacs.009.001.13,/Document/FICdtTrf/CdtTrfTxInf/UndrlygFICdtTrf/Cdtr/BrnchId/PstlAdr/TwnLctnNm,TwnLctnNm,Max140Text,0,1
pacs.009.001.13,/Document/FICdtTrf/CdtTrfTxInf/UndrlygFICdtTrf/Cdtr/BrnchId/PstlAdr/DstrctNm,DstrctNm,Max140Text,0,1
pacs.009.001.13,/Document/FICdtTrf/CdtTrfTxInf/UndrlygFICdtTrf/Cdtr/BrnchId/PstlAdr/CtrySubDvsn,CtrySubDvsn,Max35Text,0,1
pacs.009.001.13,/Document/FICdtTrf/CdtTrfTxInf/UndrlygFICdtTrf/Cdtr/BrnchId/PstlAdr/Ctry,Ctry,CountryCode,0,1
pacs.009.001.13,/Document/FICdtTrf/CdtTrfTxInf/UndrlygFICdtTrf/Cdtr/BrnchId/PstlAdr/AdrLine,AdrLine,Max70Text,0,7
pacs.009.001.13,/Document/FICdtTrf/CdtTrfTxInf/UndrlygFICdtTrf/CdtrAcct,CdtrAcct,CashAccount40,0,1
pacs.009.001.13,/Document/FICdtTrf/CdtTrfTxInf/UndrlygFICdtTrf/CdtrAcct/Id,Id,AccountIdentification4Choice,0,1
pacs.009.001.13,/Document/FICdtTrf/CdtTrfTxInf/UndrlygFICdtTrf/CdtrAcct/Id/IBAN,IBAN,IBAN2007Identifier,1,1
pacs.009.001.13,/Document/FICdtTrf/CdtTrfTxInf/UndrlygFICdtTrf/CdtrAcct/Id/Othr,Othr,GenericAccountIdentification1,1,1
pacs.009.001.13,/Document/FICdtTrf/CdtTrfTxInf/UndrlygFICdtTrf/CdtrAcct/Id/Othr/Id,Id,Max34Text,1,1
pacs.009.001.13,/Document/FICdtTrf/CdtTrfTxInf/UndrlygFICdtTrf/CdtrAcct/Id/Othr/SchmeNm,SchmeNm,AccountSchemeName1Choice,0,1
pacs.009.001.13,/Document/FICdtTrf/CdtTrfTxInf/UndrlygFICdtTrf/CdtrAcct/Id/Othr/SchmeNm/Cd,Cd,ExternalAccountIdentification1Code,1,1
pacs.009.001.13,/Document/FICdtTrf/CdtTrfTxInf/UndrlygFICdtTrf/CdtrAcct/Id/Othr/SchmeNm/Prtry,Prtry,Max35Text,1,1
pacs.009.001.13,/Document/FICdtTrf/CdtTrfTxInf/UndrlygFICdtTrf/CdtrAcct/Id/Othr/Issr,Issr,Max35Text,0,1
pacs.009.001.13,/Document/FICdtTrf/CdtTrfTxInf/UndrlygFICdtTrf/CdtrAcct/Tp,Tp,CashAccountType2Choice,0,1
pacs.009.001.13,/Document/FICdtTrf/CdtTrfTxInf/UndrlygFICdtTrf/CdtrAcct/Tp/Cd,Cd,ExternalCashAccountType1Code,1,1
pacs.009.001.13,/Document/FICdtTrf/CdtTrfTxInf/UndrlygFICdtTrf/CdtrAcct/Tp/Prtry,Prtry,Max35Text,1,1
pacs.009.001.13,/Document/FICdtTrf/CdtTrfTxInf/UndrlygFICdtTrf/CdtrAcct/Ccy,Ccy,ActiveOrHistoricCurrencyCode,0,1
pacs.009.001.13,/Document/FICdtTrf/CdtTrfTxInf/UndrlygFICdtTrf/CdtrAcct/Nm,Nm,Max70Text,0,1
pacs.009.001.13,/Document/FICdtTrf/CdtTrfTxInf/UndrlygFICdtTrf/CdtrAcct/Prxy,Prxy,ProxyAccountIdentification1,0,1
pacs.009.001.13,/Document/FICdtTrf/CdtTrfTxInf/UndrlygFICdtTrf/CdtrAcct/Prxy/Tp,Tp,ProxyAccountType1Choice,0,1
pacs.009.001.13,/Document/FICdtTrf/CdtTrfTxInf/UndrlygFICdtTrf/CdtrAcct/Prxy/Tp/Cd,Cd,ExternalProxyAccountType1Code,1,1
pacs.009.001.13,/Document/FICdtTrf/CdtTrfTxInf/UndrlygFICdtTrf/CdtrAcct/Prxy/Tp/Prtry,Prtry,Max35Text,1,1
pacs.009.001.13,/Document/FICdtTrf/CdtTrfTxInf/UndrlygFICdtTrf/CdtrAcct/Prxy/Id,Id,Max2048Text,1,1
pacs.009.001.13,/Document/FICdtTrf/CdtTrfTxInf/UndrlygFICdtTrf/UltmtCdtr,UltmtCdtr,BranchAndFinancialInstitutionIdentification8,0,1
pacs.009.001.13,/Document/FICdtTrf/CdtTrfTxInf/UndrlygFICdtTrf/UltmtCdtr/FinInstnId,FinInstnId,FinancialInstitutionIdentification23,1,1
pacs.009.001.13,/Document/FICdtTrf/CdtTrfTxInf/UndrlygFICdtTrf/UltmtCdtr/FinInstnId/BICFI,BICFI,BICFIDec2014Identifier,0,1
pacs.009.001.13,/Document/FICdtTrf/CdtTrfTxInf/UndrlygFICdtTrf/UltmtCdtr/FinInstnId/ClrSysMmbId,ClrSysMmbId,ClearingSystemMemberIdentification2,0,1
pacs.009.001.13,/Document/FICdtTrf/CdtTrfTxInf/UndrlygFICdtTrf/UltmtCdtr/FinInstnId/ClrSysMmbId/ClrSysId,ClrSysId,ClearingSystemIdentification2Choice,0,1
pacs.009.001.13,/Document/FICdtTrf/CdtTrfTxInf/UndrlygFICdtTrf/UltmtCdtr/FinInstnId/ClrSysMmbId/ClrSysId/Cd,Cd,ExternalClearingSystemIdentification1Code,1,1
pacs.009.001.13,/Document/FICdtTrf/CdtTrfTxInf/UndrlygFICdtTrf/UltmtCdtr/FinInstnId/ClrSysMmbId/ClrSysId/Prtry,Prtry,Max35Text,1,1
pacs.009.001.13,/Document/FICdtTrf/CdtTrfTxInf/UndrlygFICdtTrf/UltmtCdtr/FinInstnId/ClrSysMmbId/MmbId,MmbId,Max35Text,1,1
pacs.009.001.13,/Document/FICdtTrf/CdtTrfTxInf/UndrlygFICdtTrf/UltmtCdtr/FinInstnId/LEI,LEI,LEIIdentifier,0,1
pacs.009.001.13,/Document/FICdtTrf/CdtTrfTxInf/UndrlygFICdtTrf/UltmtCdtr/FinInstnId/Nm,Nm,Max140Text,0,1
pacs.009.001.13,/Document/FICdtTrf/CdtTrfTxInf/UndrlygFICdtTrf/UltmtCdtr/FinInstnId/PstlAdr,PstlAdr,PostalAddress27,0,1
pacs.009.001.13,/Document/FICdtTrf/CdtTrfTxInf/UndrlygFICdtTrf/UltmtCdtr/FinInstnId/PstlAdr/AdrTp,AdrTp,AddressType3Choice,0,1
pacs.009.001.13,/Document/FICdtTrf/CdtTrfTxInf/UndrlygFICdtTrf/UltmtCdtr/FinInstnId/PstlAdr/AdrTp/Cd,Cd,AddressType2Code,1,1
pacs.009.001.13,/Document/FICdtTrf/CdtTrfTxInf/UndrlygFICdtTrf/UltmtCdtr/FinInstnId/PstlAdr/AdrTp/Prtry,Prtry,GenericIdentification30,1,1
pacs.009.001.13,/Document/FICdtTrf/CdtTrfTxInf/UndrlygFICdtTrf/UltmtCdtr/FinInstnId/PstlAdr/AdrTp/Prtry/Id,Id,Exact4AlphaNumericText,1,1
pacs.009.001.13,/Document/FICdtTrf/CdtTrfTxInf/UndrlygFICdtTrf/UltmtCdtr/FinInstnId/PstlAdr/AdrTp/Prtry/Issr,Issr,Max35Text,1,1
pacs.009.001.13,/Document/FICdtTrf/CdtTrfTxInf/UndrlygFICdtTrf/UltmtCdtr/FinInstnId/PstlAdr/AdrTp/Prtry/SchmeNm,SchmeNm,Max35Text,0,1
pacs.009.001.13,/Document/FICdtTrf/CdtTrfTxInf/UndrlygFICdtTrf/UltmtCdtr/FinInstnId/PstlAdr/CareOf,CareOf,Max140Text,0,1
pacs.009.001.13,/Document/FICdtTrf/CdtTrfTxInf/UndrlygFICdtTrf/UltmtCdtr/FinInstnId/PstlAdr/Dept,Dept,Max70Text,0,1
pacs.009.001.13,/Document/FICdtTrf/CdtTrfTxInf/UndrlygFICdtTrf/UltmtCdtr/FinInstnId/PstlAdr/SubDept,SubDept,Max70Text,0,1
pacs.009.001.13,/Document/FICdtTrf/CdtTrfTxInf/UndrlygFICdtTrf/UltmtCdtr/FinInstnId/PstlAdr/StrtNm,StrtNm,Max140Text,0,1
pacs.009.001.13,/Document/FICdtTrf/CdtTrfTxInf/UndrlygFICdtTrf/UltmtCdtr/FinInstnId/PstlAdr/BldgNb,BldgNb,Max16Text,0,1
pacs.009.001.13,/Document/FICdtTrf/CdtTrfTxInf/UndrlygFICdtTrf/UltmtCdtr/FinInstnId/PstlAdr/BldgNm,BldgNm,Max140Text,0,1
pacs.009.001.13,/Document/FICdtTrf/CdtTrfTxInf/UndrlygFICdtTrf/UltmtCdtr/FinInstnId/PstlAdr/Flr,Flr,Max70Text,0,1
pacs.009.001.13,/Document/FICdtTrf/CdtTrfTxInf/UndrlygFICdtTrf/UltmtCdtr/FinInstnId/PstlAdr/UnitNb,UnitNb,Max16Text,0,1
pacs.009.001.13,/Document/FICdtTrf/CdtTrfTxInf/UndrlygFICdtTrf/UltmtCdtr/FinInstnId/PstlAdr/PstBx,PstBx,Max16Text,0,1
pacs.009.001.13,/Document/FICdtTrf/CdtTrfTxInf/UndrlygFICdtTrf/UltmtCdtr/FinInstnId/PstlAdr/Room,Room,Max70Text,0,1
pacs.009.001.13,/Document/FICdtTrf/CdtTrfTxInf/UndrlygFICdtTrf/UltmtCdtr/FinInstnId/PstlAdr/PstCd,PstCd,Max16Text,0,1
pacs.009.001.13,/Document/FICdtTrf/CdtTrfTxInf/UndrlygFICdtTrf/UltmtCdtr/FinInstnId/PstlAdr/TwnNm,TwnNm,Max140Text,0,1
pacs.009.001.13,/Document/FICdtTrf/CdtTrfTxInf/UndrlygFICdtTrf/UltmtCdtr/FinInstnId/PstlAdr/TwnLctnNm,TwnLctnNm,Max140Text,0,1
pacs.009.001.13,/Document/FICdtTrf/CdtTrfTxInf/UndrlygFICdtTrf/UltmtCdtr/FinInstnId/PstlAdr/DstrctNm,DstrctNm,Max140Text,0,1
pacs.009.001.13,/Document/FICdtTrf/CdtTrfTxInf/UndrlygFICdtTrf/UltmtCdtr/FinInstnId/PstlAdr/CtrySubDvsn,CtrySubDvsn,Max35Text,0,1
pacs.009.001.13,/Document/FICdtTrf/CdtTrfTxInf/UndrlygFICdtTrf/UltmtCdtr/FinInstnId/PstlAdr/Ctry,Ctry,CountryCode,0,1
pacs.009.001.13,/Document/FICdtTrf/CdtTrfTxInf/UndrlygFICdtTrf/UltmtCdtr/FinInstnId/PstlAdr/AdrLine,AdrLine,Max70Text,0,7
pacs.009.001.13,/Document/FICdtTrf/CdtTrfTxInf/UndrlygFICdtTrf/UltmtCdtr/FinInstnId/Othr,Othr,GenericFinancialIdentification1,0,1
pacs.009.001.13,/Document/FICdtTrf/CdtTrfTxInf/UndrlygFICdtTrf/UltmtCdtr/FinInstnId/Othr/Id,Id,Max35Text,1,1
pacs.009.001.13,/Document/FICdtTrf/CdtTrfTxInf/UndrlygFICdtTrf/UltmtCdtr/FinInstnId/Othr/SchmeNm,SchmeNm,FinancialIdentificationSchemeName1Choice,0,1
pacs.009.001.13,/Document/FICdtTrf/CdtTrfTxInf/UndrlygFICdtTrf/UltmtCdtr/FinInstnId/Othr/SchmeNm/Cd,Cd,ExternalFinancialInstitutionIdentification1Code,1,1
pacs.009.001.13,/Document/FICdtTrf/CdtTrfTxInf/UndrlygFICdtTrf/UltmtCdtr/FinInstnId/Othr/SchmeNm/Prtry,Prtry,Max35Text,1,1
pacs.009.001.13,/Document/FICdtTrf/CdtTrfTxInf/UndrlygFICdtTrf/UltmtCdtr/FinInstnId/Othr/Issr,Issr,Max35Text,0,1
pacs.009.001.13,/Document/FICdtTrf/CdtTrfTxInf/UndrlygFICdtTrf/UltmtCdtr/BrnchId,BrnchId,BranchData5,0,1
pacs.009.001.13,/Document/FICdtTrf/CdtTrfTxInf/UndrlygFICdtTrf/UltmtCdtr/BrnchId/Id,Id,Max35Text,0,1
pacs.009.001.13,/Document/FICdtTrf/CdtTrfTxInf/UndrlygFICdtTrf/UltmtCdtr/BrnchId/LEI,LEI,LEIIdentifier,0,1
pacs.009.001.13,/Document/FICdtTrf/CdtTrfTxInf/UndrlygFICdtTrf/UltmtCdtr/BrnchId/Nm,Nm,Max140Text,0,1
pacs.009.001.13,/Document/FICdtTrf/CdtTrfTxInf/UndrlygFICdtTrf/UltmtCdtr/BrnchId/PstlAdr,PstlAdr,PostalAddress27,0,1
pacs.009.001.13,/Document/FICdtTrf/CdtTrfTxInf/UndrlygFICdtTrf/UltmtCdtr/BrnchId/PstlAdr/AdrTp,AdrTp,AddressType3Choice,0,1
pacs.009.001.13,/Document/FICdtTrf/CdtTrfTxInf/UndrlygFICdtTrf/UltmtCdtr/BrnchId/PstlAdr/AdrTp/Cd,Cd,AddressType2Code,1,1
pacs.009.001.13,/Document/FICdtTrf/CdtTrfTxInf/UndrlygFICdtTrf/UltmtCdtr/BrnchId/PstlAdr/AdrTp/Prtry,Prtry,GenericIdentification30,1,1
pacs.009.001.13,/Document/FICdtTrf/CdtTrfTxInf/UndrlygFICdtTrf/UltmtCdtr/BrnchId/PstlAdr/AdrTp/Prtry/Id,Id,Exact4AlphaNumericText,1,1
pacs.009.001.13,/Document/FICdtTrf/CdtTrfTxInf/UndrlygFICdtTrf/UltmtCdtr/BrnchId/PstlAdr/AdrTp/Prtry/Issr,Issr,Max35Text,1,1
pacs.009.001.13,/Document/FICdtTrf/CdtTrfTxInf/UndrlygFICdtTrf/UltmtCdtr/BrnchId/PstlAdr/AdrTp/Prtry/SchmeNm,SchmeNm,Max35Text,0,1
pacs.009.001.13,/Document/FICdtTrf/CdtTrfTxInf/UndrlygFICdtTrf/UltmtCdtr/BrnchId/PstlAdr/CareOf,CareOf,Max140Text,0,1
pacs.009.001.13,/Document/FICdtTrf/CdtTrfTxInf/UndrlygFICdtTrf/UltmtCdtr/BrnchId/PstlAdr/Dept,Dept,Max70Text,0,1
pacs.009.001.13,/Document/FICdtTrf/CdtTrfTxInf/UndrlygFICdtTrf/UltmtCdtr/BrnchId/PstlAdr/SubDept,SubDept,Max70Text,0,1
pacs.009.001.13,/Document/FICdtTrf/CdtTrfTxInf/UndrlygFICdtTrf/UltmtCdtr/BrnchId/PstlAdr/StrtNm,StrtNm,Max140Text,0,1
pacs.009.001.13,/Document/FICdtTrf/CdtTrfTxInf/UndrlygFICdtTrf/UltmtCdtr/BrnchId/PstlAdr/BldgNb,BldgNb,Max16Text,0,1
pacs.009.001.13,/Document/FICdtTrf/CdtTrfTxInf/UndrlygFICdtTrf/UltmtCdtr/BrnchId/PstlAdr/BldgNm,BldgNm,Max140Text,0,1
pacs.009.001.13,/Document/FICdtTrf/CdtTrfTxInf/UndrlygFICdtTrf/UltmtCdtr/BrnchId/PstlAdr/Flr,Flr,Max70Text,0,1
pacs.009.001.13,/Document/FICdtTrf/CdtTrfTxInf/UndrlygFICdtTrf/UltmtCdtr/BrnchId/PstlAdr/UnitNb,UnitNb,Max16Text,0,1
pacs.009.001.13,/Document/FICdtTrf/CdtTrfTxInf/UndrlygFICdtTrf/UltmtCdtr/BrnchId/PstlAdr/PstBx,PstBx,Max16Text,0,1
pacs.009.001.13,/Document/FICdtTrf/CdtTrfTxInf/UndrlygFICdtTrf/UltmtCdtr/BrnchId/PstlAdr/Room,Room,Max70Text,0,1
pacs.009.001.13,/Document/FICdtTrf/CdtTrfTxInf/UndrlygFICdtTrf/UltmtCdtr/BrnchId/PstlAdr/PstCd,PstCd,Max16Text,0,1
pacs.009.001.13,/Document/FICdtTrf/CdtTrfTxInf/UndrlygFICdtTrf/UltmtCdtr/BrnchId/PstlAdr/TwnNm,TwnNm,Max140Text,0,1
pacs.009.001.13,/Document/FICdtTrf/CdtTrfTxInf/UndrlygFICdtTrf/UltmtCdtr/BrnchId/PstlAdr/TwnLctnNm,TwnLctnNm,Max140Text,0,1
pacs.009.001.13,/Document/FICdtTrf/CdtTrfTxInf/UndrlygFICdtTrf/UltmtCdtr/BrnchId/PstlAdr/DstrctNm,DstrctNm,Max140Text,0,1
pacs.009.001.13,/Document/FICdtTrf/CdtTrfTxInf/UndrlygFICdtTrf/UltmtCdtr/BrnchId/PstlAdr/CtrySubDvsn,CtrySubDvsn,Max35Text,0,1
pacs.009.001.13,/Document/FICdtTrf/CdtTrfTxInf/UndrlygFICdtTrf/UltmtCdtr/BrnchId/PstlAdr/Ctry,Ctry,CountryCode,0,1
pacs.009.001.13,/Document/FICdtTrf/CdtTrfTxInf/UndrlygFICdtTrf/UltmtCdtr/BrnchId/PstlAdr/AdrLine,AdrLine,Max70Text,0,7
pacs.009.001.13,/Document/FICdtTrf/CdtTrfTxInf/UndrlygFICdtTrf/InstrForCdtrAgt,InstrForCdtrAgt,InstructionForCreditorAgent3,0,
pacs.009.001.13,/Document/FICdtTrf/CdtTrfTxInf/UndrlygFICdtTrf/InstrForCdtrAgt/Cd,Cd,ExternalCreditorAgentInstruction1Code,0,1
pacs.009.001.13,/Document/FICdtTrf/CdtTrfTxInf/UndrlygFICdtTrf/InstrForCdtrAgt/InstrInf,InstrInf,Max140Text,0,1
pacs.009.001.13,/Document/FICdtTrf/CdtTrfTxInf/UndrlygFICdtTrf/InstrForNxtAgt,InstrForNxtAgt,InstructionForNextAgent1,0,
pacs.009.001.13,/Document/FICdtTrf/CdtTrfTxInf/UndrlygFICdtTrf/InstrForNxtAgt/Cd,Cd,Instruction4Code,0,1
pacs.009.001.13,/Document/FICdtTrf/CdtTrfTxInf/UndrlygFICdtTrf/InstrForNxtAgt/InstrInf,InstrInf,Max140Text,0,1
pacs.009.001.13,/Document/FICdtTrf/CdtTrfTxInf/UndrlygFICdtTrf/Purp,Purp,Purpose2Choice,0,1
pacs.009.001.13,/Document/FICdtTrf/CdtTrfTxInf/UndrlygFICdtTrf/Purp/Cd,Cd,ExternalPurpose1Code,1,1
pacs.009.001.13,/Document/FICdtTrf/CdtTrfTxInf/UndrlygFICdtTrf/Purp/Prtry,Prtry,Max35Text,1,1
pacs.009.001.13,/Document/FICdtTrf/CdtTrfTxInf/UndrlygFICdtTrf/RgltryRptg,RgltryRptg,RegulatoryReporting10,0,10
pacs.009.001.13,/Document/FICdtTrf/CdtTrfTxInf/UndrlygFICdtTrf/RgltryRptg/DbtCdtRptgInd,DbtCdtRptgInd,RegulatoryReportingType1Code,1,1
pacs.009.001.13,/Document/FICdtTrf/CdtTrfTxInf/UndrlygFICdtTrf/RgltryRptg/Authrty,Authrty,RegulatoryAuthority2,0,1
pacs.009.001.13,/Document/FICdtTrf/CdtTrfTxInf/UndrlygFICdtTrf/RgltryRptg/Authrty/Nm,Nm,Max140Text,0,1
pacs.009.001.13,/Document/FICdtTrf/CdtTrfTxInf/UndrlygFICdtTrf/RgltryRptg/Authrty/Ctry,Ctry,CountryCode,0,1
pacs.009.001.13,/Document/FICdtTrf/CdtTrfTxInf/UndrlygFICdtTrf/RgltryRptg/Dtls,Dtls,StructuredRegulatoryReporting5,0,
pacs.009.001.13,/Document/FICdtTrf/CdtTrfTxInf/UndrlygFICdtTrf/RgltryRptg/Dtls/Tp,Tp,RegulatoryReportingType1Choice,0,1
pacs.009.001.13,/Document/FICdtTrf/CdtTrfTxInf/UndrlygFICdtTrf/RgltryRptg/Dtls/Tp/Cd,Cd,ExternalRegulatoryReportingType1Code,1,1
pacs.009.001.13,/Document/FICdtTrf/CdtTrfTxInf/UndrlygFICdtTrf/RgltryRptg/Dtls/Tp/Prtry,Prtry,Max35Text,1,1
pacs.009.001.13,/Document/FICdtTrf/CdtTrfTxInf/UndrlygFICdtTrf/RgltryRptg/Dtls/Dt,Dt,ISODate,0,1
pacs.009.001.13,/Document/FICdtTrf/CdtTrfTxInf/UndrlygFICdtTrf/RgltryRptg/Dtls/Ctry,Ctry,CountryCode,0,1
pacs.009.001.13,/Document/FICdtTrf/CdtTrfTxInf/UndrlygFICdtTrf/RgltryRptg/Dtls/RptgCd,RptgCd,Max10Text,0,1
pacs.009.001.13,/Document/FICdtTrf/CdtTrfTxInf/UndrlygFICdtTrf/RgltryRptg/Dtls/Amt,Amt,ActiveOrHistoricCurrencyAndAmount,0,1
pacs.009.001.13,/Document/FICdtTrf/CdtTrfTxInf/UndrlygFICdtTrf/RgltryRptg/Dtls/Inf,Inf,Max35Text,0,
pacs.009.001.13,/Document/FICdtTrf/CdtTrfTxInf/UndrlygFICdtTrf/RmtInf,RmtInf,RemittanceInformation2,0,1
pacs.009.001.13,/Document/FICdtTrf/CdtTrfTxInf/UndrlygFICdtTrf/RmtInf/Ustrd,Ustrd,Max140Text,0,
pacs.009.001.13,/Document/FICdtTrf/CdtTrfTxInf/UndrlygFICdtTrf/UndrlygAllcn,UndrlygAllcn,TransactionAllocation2,0,
pacs.009.001.13,/Document/FICdtTrf/CdtTrfTxInf/UndrlygFICdtTrf/UndrlygAllcn/Amt,Amt,ActiveOrHistoricCurrencyAndAmount,1,1
pacs.009.001.13,/Document/FICdtTrf/CdtTrfTxInf/UndrlygFICdtTrf/UndrlygAllcn/CdtDbtInd,CdtDbtInd,CreditDebitCode,1,1
pacs.009.001.13,/Document/FICdtTrf/CdtTrfTxInf/UndrlygFICdtTrf/UndrlygAllcn/Acct,Acct,CashAccount40,1,1
pacs.009.001.13,/Document/FICdtTrf/CdtTrfTxInf/UndrlygFICdtTrf/UndrlygAllcn/Acct/Id,Id,AccountIdentification4Choice,0,1
pacs.009.001.13,/Document/FICdtTrf/CdtTrfTxInf/UndrlygFICdtTrf/UndrlygAllcn/Acct/Id/IBAN,IBAN,IBAN2007Identifier,1,1
pacs.009.001.13,/Document/FICdtTrf/CdtTrfTxInf/UndrlygFICdtTrf/UndrlygAllcn/Acct/Id/Othr,Othr,GenericAccountIdentification1,1,1
pacs.009.001.13,/Document/FICdtTrf/CdtTrfTxInf/UndrlygFICdtTrf/UndrlygAllcn/Acct/Id/Othr/Id,Id,Max34Text,1,1
pacs.009.001.13,/Document/FICdtTrf/CdtTrfTxInf/UndrlygFICdtTrf/UndrlygAllcn/Acct/Id/Othr/SchmeNm,SchmeNm,AccountSchemeName1Choice,0,1
pacs.009.001.13,/Document/FICdtTrf/CdtTrfTxInf/UndrlygFICdtTrf/UndrlygAllcn/Acct/Id/Othr/SchmeNm/Cd,Cd,ExternalAccountIdentification1Code,1,1
pacs.009.001.13,/Document/FICdtTrf/CdtTrfTxInf/UndrlygFICdtTrf/UndrlygAllcn/Acct/Id/Othr/SchmeNm/Prtry,Prtry,Max35Text,1,1
pacs.009.001.13,/Document/FICdtTrf/CdtTrfTxInf/UndrlygFICdtTrf/UndrlygAllcn/Acct/Id/Othr/Issr,Issr,Max35Text,0,1
pacs.009.001.13,/Document/FICdtTrf/CdtTrfTxInf/UndrlygFICdtTrf/UndrlygAllcn/Acct/Tp,Tp,CashAccountType2Choice,0,1
pacs.009.001.13,/Document/FICdtTrf/CdtTrfTxInf/UndrlygFICdtTrf/UndrlygAllcn/Acct/Tp/Cd,Cd,ExternalCashAccountType1Code,1,1
pacs.009.001.13,/Document/FICdtTrf/CdtTrfTxInf/UndrlygFICdtTrf/UndrlygAllcn/Acct/Tp/Prtry,Prtry,Max35Text,1,1
pacs.009.001.13,/Document/FICdtTrf/CdtTrfTxInf/UndrlygFICdtTrf/UndrlygAllcn/Acct/Ccy,Ccy,ActiveOrHistoricCurrencyCode,0,1
pacs.009.001.13,/Document/FICdtTrf/CdtTrfTxInf/UndrlygFICdtTrf/UndrlygAllcn/Acct/Nm,Nm,Max70Text,0,1
pacs.009.001.13,/Document/FICdtTrf/CdtTrfTxInf/UndrlygFICdtTrf/UndrlygAllcn/Acct/Prxy,Prxy,ProxyAccountIdentification1,0,1
pacs.009.001.13,/Document/FICdtTrf/CdtTrfTxInf/UndrlygFICdtTrf/UndrlygAllcn/Acct/Prxy/Tp,Tp,ProxyAccountType1Choice,0,1
pacs.009.001.13,/Document/FICdtTrf/CdtTrfTxInf/UndrlygFICdtTrf/UndrlygAllcn/Acct/Prxy/Tp/Cd,Cd,ExternalProxyAccountType1Code,1,1
pacs.009.001.13,/Document/FICdtTrf/CdtTrfTxInf/UndrlygFICdtTrf/UndrlygAllcn/Acct/Prxy/Tp/Prtry,Prtry,Max35Text,1,1
pacs.009.001.13,/Document/FICdtTrf/CdtTrfTxInf/UndrlygFICdtTrf/UndrlygAllcn/Acct/Prxy/Id,Id,Max2048Text,1,1
pacs.009.001.13,/Document/FICdtTrf/CdtTrfTxInf/UndrlygFICdtTrf/UndrlygAllcn/Purp,Purp,Purpose2Choice,1,1
pacs.009.001.13,/Document/FICdtTrf/CdtTrfTxInf/UndrlygFICdtTrf/UndrlygAllcn/Purp/Cd,Cd,ExternalPurpose1Code,1,1
pacs.009.001.13,/Document/FICdtTrf/CdtTrfTxInf/UndrlygFICdtTrf/UndrlygAllcn/Purp/Prtry,Prtry,Max35Text,1,1
pacs.009.001.13,/Document/FICdtTrf/CdtTrfTxInf/UndrlygFICdtTrf/UndrlygAllcn/Ref,Ref,Max35Text,1,1
pacs.009.001.13,/Document/FICdtTrf/CdtTrfTxInf/UndrlygFICdtTrf/UndrlygAllcn/RltdRefs,RltdRefs,References80Choice,0,
pacs.009.001.13,/Document/FICdtTrf/CdtTrfTxInf/UndrlygFICdtTrf/UndrlygAllcn/RltdRefs/SctiesSttlmTxId,SctiesSttlmTxId,Max35Text,1,1
pacs.009.001.13,/Document/FICdtTrf/CdtTrfTxInf/UndrlygFICdtTrf/UndrlygAllcn/RltdRefs/IntraPosMvmntId,IntraPosMvmntId,Max35Text,1,1
pacs.009.001.13,/Document/FICdtTrf/CdtTrfTxInf/UndrlygFICdtTrf/UndrlygAllcn/RltdRefs/IntraBalMvmntId,IntraBalMvmntId,Max35Text,1,1
pacs.009.001.13,/Document/FICdtTrf/CdtTrfTxInf/UndrlygFICdtTrf/UndrlygAllcn/RltdRefs/AcctSvcrTxId,AcctSvcrTxId,Max35Text,1,1
pacs.009.001.13,/Document/FICdtTrf/CdtTrfTxInf/UndrlygFICdtTrf/UndrlygAllcn/RltdRefs/MktInfrstrctrTxId,MktInfrstrctrTxId,Max35Text,1,1
pacs.009.001.13,/Document/FICdtTrf/CdtTrfTxInf/UndrlygFICdtTrf/UndrlygAllcn/RltdRefs/CtrPtyMktInfrstrctrTxId,CtrPtyMktInfrstrctrTxId,Max35Text,1,1
pacs.009.001.13,/Document/FICdtTrf/CdtTrfTxInf/UndrlygFICdtTrf/UndrlygAllcn/RltdRefs/PoolId,PoolId,Max35Text,1,1
pacs.009.001.13,/Document/FICdtTrf/CdtTrfTxInf/UndrlygFICdtTrf/UndrlygAllcn/RltdRefs/CmonId,CmonId,Max35Text,1,1
pacs.009.001.13,/Document/FICdtTrf/CdtTrfTxInf/UndrlygFICdtTrf/UndrlygAllcn/RltdRefs/TradId,TradId,Max35Text,1,1
pacs.009.001.13,/Document/FICdtTrf/CdtTrfTxInf/UndrlygFICdtTrf/UndrlygAllcn/RltdRefs/UnqTxIdr,UnqTxIdr,UTIIdentifier,1,1
pacs.009.001.13,/Document/FICdtTrf/CdtTrfTxInf/UndrlygFICdtTrf/UndrlygAllcn/RltdRefs/OthrTxId,OthrTxId,Max35Text,1,1
pacs.009.001.13,/Document/FICdtTrf/CdtTrfTxInf/SplmtryData,SplmtryData,SupplementaryData1,0,
pacs.009.001.13,/Document/FICdtTrf/CdtTrfTxInf/SplmtryData/PlcAndNm,PlcAndNm,Max350Text,0,1
pacs.009.001.13,/Document/FICdtTrf/CdtTrfTxInf/SplmtryData/Envlp,Envlp,SupplementaryDataEnvelope1,1,1
pacs.009.001.13,/Document/FICdtTrf/SplmtryData,SplmtryData,SupplementaryData1,0,
pacs.009.001.13,/Document/FICdtTrf/SplmtryData/PlcAndNm,PlcAndNm,Max350Text,0,1
pacs.009.001.13,/Document/FICdtTrf/SplmtryData/Envlp,Envlp,SupplementaryDataEnvelope1,1,1
