Message,XPath,XML Tag,Type,MinOccurs,MaxOccurs
pacs.004.001.15,/Document,Document,Document,1,1
pacs.004.001.15,/Document/PmtRtr,PmtRtr,PaymentReturnV15,1,1
pacs.004.001.15,/Document/PmtRtr/GrpHdr,GrpHdr,GroupHeader123,1,1
pacs.004.001.15,/Document/PmtRtr/GrpHdr/MsgId,MsgId,Max35Text,1,1
pacs.004.001.15,/Document/PmtRtr/GrpHdr/CreDtTm,CreDtTm,ISODateTime,1,1
pacs.004.001.15,/Document/PmtRtr/GrpHdr/Authstn,Authstn,Authorisation1Choice,0,2
pacs.004.001.15,/Document/PmtRtr/GrpHdr/Authstn/Cd,Cd,Authorisation1Code,1,1
pacs.004.001.15,/Document/PmtRtr/GrpHdr/Authstn/Prtry,Prtry,Max128Text,1,1
pacs.004.001.15,/Document/PmtRtr/GrpHdr/BtchBookg,BtchBookg,BatchBookingIndicator,0,1
pacs.004.001.15,/Document/PmtRtr/GrpHdr/NbOfTxs,NbOfTxs,Max15NumericText,1,1
pacs.004.001.15,/Document/PmtRtr/GrpHdr/CtrlSum,CtrlSum,DecimalNumber,0,1
pacs.004.001.15,/Document/PmtRtr/GrpHdr/GrpRtr,GrpRtr,TrueFalseIndicator,0,1
pacs.004.001.15,/Document/PmtRtr/GrpHdr/TtlRtrdIntrBkSttlmAmt,TtlRtrdIntrBkSttlmAmt,ActiveCurrencyAndAmount,0,1
pacs.004.001.15,/Document/PmtRtr/GrpHdr/IntrBkSttlmDt,IntrBkSttlmDt,ISODate,0,1
pacs.004.001.15,/Document/PmtRtr/GrpHdr/SttlmInf,SttlmInf,SettlementInstruction15,1,1
pacs.004.001.15,/Document/PmtRtr/GrpHdr/SttlmInf/SttlmMtd,SttlmMtd,SettlementMethod1Code,1,1
pacs.004.001.15,/Document/PmtRtr/GrpHdr/SttlmInf/SttlmAcct,SttlmAcct,CashAccount40,0,1
pacs.004.001.15,/Document/PmtRtr/GrpHdr/SttlmInf/SttlmAcct/Id,Id,AccountIdentification4Choice,0,1
pacs.004.001.15,/Document/PmtRtr/GrpHdr/SttlmInf/SttlmAcct/Id/IBAN,IBAN,IBAN2007Identifier,1,1
pacs.004.001.15,/Document/PmtRtr/GrpHdr/SttlmInf/SttlmAcct/Id/Othr,Othr,GenericAccountIdentification1,1,1
pacs.004.001.15,/Document/PmtRtr/GrpHdr/SttlmInf/SttlmAcct/Id/Othr/Id,Id,Max34Text,1,1
pacs.004.001.15,/Document/PmtRtr/GrpHdr/SttlmInf/SttlmAcct/Id/Othr/SchmeNm,SchmeNm,AccountSchemeName1Choice,0,1
pacs.004.001.15,/Document/PmtRtr/GrpHdr/SttlmInf/SttlmAcct/Id/Othr/SchmeNm/Cd,Cd,ExternalAccountIdentification1Code,1,1
pacs.004.001.15,/Document/PmtRtr/GrpHdr/SttlmInf/SttlmAcct/Id/Othr/SchmeNm/Prtry,Prtry,Max35Text,1,1
pacs.004.001.15,/Document/PmtRtr/GrpHdr/SttlmInf/SttlmAcct/Id/Othr/Issr,Issr,Max35Text,0,1
pacs.004.001.15,/Document/PmtRtr/GrpHdr/SttlmInf/SttlmAcct/Tp,Tp,CashAccountType2Choice,0,1
pacs.004.001.15,/Document/PmtRtr/GrpHdr/SttlmInf/SttlmAcct/Tp/Cd,Cd,ExternalCashAccountType1Code,1,1
pacs.004.001.15,/Document/PmtRtr/GrpHdr/SttlmInf/SttlmAcct/Tp/Prtry,Prtry,Max35Text,1,1
pacs.004.001.15,/Document/PmtRtr/GrpHdr/SttlmInf/SttlmAcct/Ccy,Ccy,ActiveOrHistoricCurrencyCode,0,1
pacs.004.001.15,/Document/PmtRtr/GrpHdr/SttlmInf/SttlmAcct/Nm,Nm,Max70Text,0,1
pacs.004.001.15,/Document/PmtRtr/GrpHdr/SttlmInf/SttlmAcct/Prxy,Prxy,ProxyAccountIdentification1,0,1
pacs.004.001.15,/Document/PmtRtr/GrpHdr/SttlmInf/SttlmAcct/Prxy/Tp,Tp,ProxyAccountType1Choice,0,1
pacs.004.001.15,/Document/PmtRtr/GrpHdr/SttlmInf/SttlmAcct/Prxy/Tp/Cd,Cd,ExternalProxyAccountType1Code,1,1
pacs.004.001.15,/Document/PmtRtr/GrpHdr/SttlmInf/SttlmAcct/Prxy/Tp/Prtry,Prtry,Max35Text,1,1
pacs.004.001.15,/Document/PmtRtr/GrpHdr/SttlmInf/SttlmAcct/Prxy/Id,Id,Max2048Text,1,1
pacs.004.001.15,/Document/PmtRtr/GrpHdr/SttlmInf/ClrSys,ClrSys,ClearingSystemIdentification3Choice,0,1
pacs.004.001.15,/Document/PmtRtr/GrpHdr/SttlmInf/ClrSys/Cd,Cd,ExternalCashClearingSystem1Code,1,1
pacs.004.001.15,/Document/PmtRtr/GrpHdr/SttlmInf/ClrSys/Prtry,Prtry,Max35Text,1,1
pacs.004.001.15,/Document/PmtRtr/GrpHdr/SttlmInf/InstgRmbrsmntAgt,InstgRmbrsmntAgt,BranchAndFinancialInstitutionIdentification8,0,1
pacs.004.001.15,/Document/PmtRtr/GrpHdr/SttlmInf/InstgRmbrsmntAgt/FinInstnId,FinInstnId,FinancialInstitutionIdentification23,1,1
pacs.004.001.15,/Document/PmtRtr/GrpHdr/SttlmInf/InstgRmbrsmntAgt/FinInstnId/BICFI,BICFI,BICFIDec2014Identifier,0,1
pacs.004.001.15,/Document/PmtRtr/GrpHdr/SttlmInf/InstgRmbrsmntAgt/FinInstnId/ClrSysMmbId,ClrSysMmbId,ClearingSystemMemberIdentification2,0,1
pacs.004.001.15,/Document/PmtRtr/GrpHdr/SttlmInf/InstgRmbrsmntAgt/FinInstnId/ClrSysMmbId/ClrSysId,ClrSysId,ClearingSystemIdentification2Choice,0,1
pacs.004.001.15,/Document/PmtRtr/GrpHdr/SttlmInf/InstgRmbrsmntAgt/FinInstnId/ClrSysMmbId/ClrSysId/Cd,Cd,ExternalClearingSystemIdentification1Code,1,1
pacs.004.001.15,/Document/PmtRtr/GrpHdr/SttlmInf/InstgRmbrsmntAgt/FinInstnId/ClrSysMmbId/ClrSysId/Prtry,Prtry,Max35Text,1,1
pacs.004.001.15,/Document/PmtRtr/GrpHdr/SttlmInf/InstgRmbrsmntAgt/FinInstnId/ClrSysMmbId/MmbId,MmbId,Max35Text,1,1
pacs.004.001.15,/Document/PmtRtr/GrpHdr/SttlmInf/InstgRmbrsmntAgt/FinInstnId/LEI,LEI,LEIIdentifier,0,1
pacs.004.001.15,/Document/PmtRtr/GrpHdr/SttlmInf/InstgRmbrsmntAgt/FinInstnId/Nm,Nm,Max140Text,0,1
pacs.004.001.15,/Document/PmtRtr/GrpHdr/SttlmInf/InstgRmbrsmntAgt/FinInstnId/PstlAdr,PstlAdr,PostalAddress27,0,1
pacs.004.001.15,/Document/PmtRtr/GrpHdr/SttlmInf/InstgRmbrsmntAgt/FinInstnId/PstlAdr/AdrTp,AdrTp,AddressType3Choice,0,1
pacs.004.001.15,/Document/PmtRtr/GrpHdr/SttlmInf/InstgRmbrsmntAgt/FinInstnId/PstlAdr/AdrTp/Cd,Cd,AddressType2Code,1,1
pacs.004.001.15,/Document/PmtRtr/GrpHdr/SttlmInf/InstgRmbrsmntAgt/FinInstnId/PstlAdr/AdrTp/Prtry,Prtry,GenericIdentification30,1,1
pacs.004.001.15,/Document/PmtRtr/GrpHdr/SttlmInf/InstgRmbrsmntAgt/FinInstnId/PstlAdr/AdrTp/Prtry/Id,Id,Exact4AlphaNumericText,1,1
pacs.004.001.15,/Document/PmtRtr/GrpHdr/SttlmInf/InstgRmbrsmntAgt/FinInstnId/PstlAdr/AdrTp/Prtry/Issr,Issr,Max35Text,1,1
pacs.004.001.15,/Document/PmtRtr/GrpHdr/SttlmInf/InstgRmbrsmntAgt/FinInstnId/PstlAdr/AdrTp/Prtry/SchmeNm,SchmeNm,Max35Text,0,1
pacs.004.001.15,/Document/PmtRtr/GrpHdr/SttlmInf/InstgRmbrsmntAgt/FinInstnId/PstlAdr/CareOf,CareOf,Max140Text,0,1
pacs.004.001.15,/Document/PmtRtr/GrpHdr/SttlmInf/InstgRmbrsmntAgt/FinInstnId/PstlAdr/Dept,Dept,Max70Text,0,1
pacs.004.001.15,/Document/PmtRtr/GrpHdr/SttlmInf/InstgRmbrsmntAgt/FinInstnId/PstlAdr/SubDept,SubDept,Max70Text,0,1
pacs.004.001.15,/Document/PmtRtr/GrpHdr/SttlmInf/InstgRmbrsmntAgt/FinInstnId/PstlAdr/StrtNm,StrtNm,Max140Text,0,1
pacs.004.001.15,/Document/PmtRtr/GrpHdr/SttlmInf/InstgRmbrsmntAgt/FinInstnId/PstlAdr/BldgNb,BldgNb,Max16Text,0,1
pacs.004.001.15,/Document/PmtRtr/GrpHdr/SttlmInf/InstgRmbrsmntAgt/FinInstnId/PstlAdr/BldgNm,BldgNm,Max140Text,0,1
pacs.004.001.15,/Document/PmtRtr/GrpHdr/SttlmInf/InstgRmbrsmntAgt/FinInstnId/PstlAdr/Flr,Flr,Max70Text,0,1
pacs.004.001.15,/Document/PmtRtr/GrpHdr/SttlmInf/InstgRmbrsmntAgt/FinInstnId/PstlAdr/UnitNb,UnitNb,Max16Text,0,1
pacs.004.001.15,/Document/PmtRtr/GrpHdr/SttlmInf/InstgRmbrsmntAgt/FinInstnId/PstlAdr/PstBx,PstBx,Max16Text,0,1
pacs.004.001.15,/Document/PmtRtr/GrpHdr/SttlmInf/InstgRmbrsmntAgt/FinInstnId/PstlAdr/Room,Room,Max70Text,0,1
pacs.004.001.15,/Document/PmtRtr/GrpHdr/SttlmInf/InstgRmbrsmntAgt/FinInstnId/PstlAdr/PstCd,PstCd,Max16Text,0,1
pacs.004.001.15,/Document/PmtRtr/GrpHdr/SttlmInf/InstgRmbrsmntAgt/FinInstnId/PstlAdr/TwnNm,TwnNm,Max140Text,0,1
pacs.004.001.15,/Document/PmtRtr/GrpHdr/SttlmInf/InstgRmbrsmntAgt/FinInstnId/PstlAdr/TwnLctnNm,TwnLctnNm,Max140Text,0,1
pacs.004.001.15,/Document/PmtRtr/GrpHdr/SttlmInf/InstgRmbrsmntAgt/FinInstnId/PstlAdr/DstrctNm,DstrctNm,Max140Text,0,1
pacs.004.001.15,/Document/PmtRtr/GrpHdr/SttlmInf/InstgRmbrsmntAgt/FinInstnId/PstlAdr/CtrySubDvsn,CtrySubDvsn,Max35Text,0,1
pacs.004.001.15,/Document/PmtRtr/GrpHdr/SttlmInf/InstgRmbrsmntAgt/FinInstnId/PstlAdr/Ctry,Ctry,CountryCode,0,1
pacs.004.001.15,/Document/PmtRtr/GrpHdr/SttlmInf/InstgRmbrsmntAgt/FinInstnId/PstlAdr/AdrLine,AdrLine,Max70Text,0,7
pacs.004.001.15,/Document/PmtRtr/GrpHdr/SttlmInf/InstgRmbrsmntAgt/FinInstnId/Othr,Othr,GenericFinancialIdentification1,0,1
pacs.004.001.15,/Document/PmtRtr/GrpHdr/SttlmInf/InstgRmbrsmntAgt/FinInstnId/Othr/Id,Id,Max35Text,1,1
pacs.004.001.15,/Document/PmtRtr/GrpHdr/SttlmInf/InstgRmbrsmntAgt/FinInstnId/Othr/SchmeNm,SchmeNm,FinancialIdentificationSchemeName1Choice,0,1
pacs.004.001.15,/Document/PmtRtr/GrpHdr/SttlmInf/InstgRmbrsmntAgt/FinInstnId/Othr/SchmeNm/Cd,Cd,ExternalFinancialInstitutionIdentification1Code,1,1
pacs.004.001.15,/Document/PmtRtr/GrpHdr/SttlmInf/InstgRmbrsmntAgt/FinInstnId/Othr/SchmeNm/Prtry,Prtry,Max35Text,1,1
pacs.004.001.15,/Document/PmtRtr/GrpHdr/SttlmInf/InstgRmbrsmntAgt/FinInstnId/Othr/Issr,Issr,Max35Text,0,1
pacs.004.001.15,/Document/PmtRtr/GrpHdr/SttlmInf/InstgRmbrsmntAgt/BrnchId,BrnchId,BranchData5,0,1
pacs.004.001.15,/Document/PmtRtr/GrpHdr/SttlmInf/InstgRmbrsmntAgt/BrnchId/Id,Id,Max35Text,0,1
pacs.004.001.15,/Document/PmtRtr/GrpHdr/SttlmInf/InstgRmbrsmntAgt/BrnchId/LEI,LEI,LEIIdentifier,0,1
pacs.004.001.15,/Document/PmtRtr/GrpHdr/SttlmInf/InstgRmbrsmntAgt/BrnchId/Nm,Nm,Max140Text,0,1
pacs.004.001.15,/Document/PmtRtr/GrpHdr/SttlmInf/InstgRmbrsmntAgt/BrnchId/PstlAdr,PstlAdr,PostalAddress27,0,1
pacs.004.001.15,/Document/PmtRtr/GrpHdr/SttlmInf/InstgRmbrsmntAgt/BrnchId/PstlAdr/AdrTp,AdrTp,AddressType3Choice,0,1
pacs.004.001.15,/Document/PmtRtr/GrpHdr/SttlmInf/InstgRmbrsmntAgt/BrnchId/PstlAdr/AdrTp/Cd,Cd,AddressType2Code,1,1
pacs.004.001.15,/Document/PmtRtr/GrpHdr/SttlmInf/InstgRmbrsmntAgt/BrnchId/PstlAdr/AdrTp/Prtry,Prtry,GenericIdentification30,1,1
pacs.004.001.15,/Document/PmtRtr/GrpHdr/SttlmInf/InstgRmbrsmntAgt/BrnchId/PstlAdr/AdrTp/Prtry/Id,Id,Exact4AlphaNumericText,1,1
pacs.004.001.15,/Document/PmtRtr/GrpHdr/SttlmInf/InstgRmbrsmntAgt/BrnchId/PstlAdr/AdrTp/Prtry/Issr,Issr,Max35Text,1,1
pacs.004.001.15,/Document/PmtRtr/GrpHdr/SttlmInf/InstgRmbrsmntAgt/BrnchId/PstlAdr/AdrTp/Prtry/SchmeNm,SchmeNm,Max35Text,0,1
pacs.004.001.15,/Document/PmtRtr/GrpHdr/SttlmInf/InstgRmbrsmntAgt/BrnchId/PstlAdr/CareOf,CareOf,Max140Text,0,1
pacs.004.001.15,/Document/PmtRtr/GrpHdr/SttlmInf/InstgRmbrsmntAgt/BrnchId/PstlAdr/Dept,Dept,Max70Text,0,1
pacs.004.001.15,/Document/PmtRtr/GrpHdr/SttlmInf/InstgRmbrsmntAgt/BrnchId/PstlAdr/SubDept,SubDept,Max70Text,0,1
pacs.004.001.15,/Document/PmtRtr/GrpHdr/SttlmInf/InstgRmbrsmntAgt/BrnchId/PstlAdr/StrtNm,StrtNm,Max140Text,0,1
pacs.004.001.15,/Document/PmtRtr/GrpHdr/SttlmInf/InstgRmbrsmntAgt/BrnchId/PstlAdr/BldgNb,BldgNb,Max16Text,0,1
pacs.004.001.15,/Document/PmtRtr/GrpHdr/SttlmInf/InstgRmbrsmntAgt/BrnchId/PstlAdr/BldgNm,BldgNm,Max140Text,0,1
pacs.004.001.15,/Document/PmtRtr/GrpHdr/SttlmInf/InstgRmbrsmntAgt/BrnchId/PstlAdr/Flr,Flr,Max70Text,0,1
pacs.004.001.15,/Document/PmtRtr/GrpHdr/SttlmInf/InstgRmbrsmntAgt/BrnchId/PstlAdr/UnitNb,UnitNb,Max16Text,0,1
pacs.004.001.15,/Document/PmtRtr/GrpHdr/SttlmInf/InstgRmbrsmntAgt/BrnchId/PstlAdr/PstBx,PstBx,Max16Text,0,1
pacs.004.001.15,/Document/PmtRtr/GrpHdr/SttlmInf/InstgRmbrsmntAgt/BrnchId/PstlAdr/Room,Room,Max70Text,0,1
pacs.004.001.15,/Document/PmtRtr/GrpHdr/SttlmInf/InstgRmbrsmntAgt/BrnchId/PstlAdr/PstCd,PstCd,Max16Text,0,1
pacs.004.001.15,/Document/PmtRtr/GrpHdr/SttlmInf/InstgRmbrsmntAgt/BrnchId/PstlAdr/TwnNm,TwnNm,Max140Text,0,1
pacs.004.001.15,/Document/PmtRtr/GrpHdr/SttlmInf/InstgRmbrsmntAgt/BrnchId/PstlAdr/TwnLctnNm,TwnLctnNm,Max140Text,0,1
pacs.004.001.15,/Document/PmtRtr/GrpHdr/SttlmInf/InstgRmbrsmntAgt/BrnchId/PstlAdr/DstrctNm,DstrctNm,Max140Text,0,1
pacs.004.001.15,/Document/PmtRtr/GrpHdr/SttlmInf/InstgRmbrsmntAgt/BrnchId/PstlAdr/CtrySubDvsn,CtrySubDvsn,Max35Text,0,1
pacs.004.001.15,/Document/PmtRtr/GrpHdr/SttlmInf/InstgRmbrsmntAgt/BrnchId/PstlAdr/Ctry,Ctry,CountryCode,0,1
pacs.004.001.15,/Document/PmtRtr/GrpHdr/SttlmInf/InstgRmbrsmntAgt/BrnchId/PstlAdr/AdrLine,AdrLine,Max70Text,0,7
pacs.004.001.15,/Document/PmtRtr/GrpHdr/SttlmInf/InstgRmbrsmntAgtAcct,InstgRmbrsmntAgtAcct,CashAccount40,0,1
pacs.004.001.15,/Document/PmtRtr/GrpHdr/SttlmInf/InstgRmbrsmntAgtAcct/Id,Id,AccountIdentification4Choice,0,1
pacs.004.001.15,/Document/PmtRtr/GrpHdr/SttlmInf/InstgRmbrsmntAgtAcct/Id/IBAN,IBAN,IBAN2007Identifier,1,1
pacs.004.001.15,/Document/PmtRtr/GrpHdr/SttlmInf/InstgRmbrsmntAgtAcct/Id/Othr,Othr,GenericAccountIdentification1,1,1
pacs.004.001.15,/Document/PmtRtr/GrpHdr/SttlmInf/InstgRmbrsmntAgtAcct/Id/Othr/Id,Id,Max34Text,1,1
pacs.004.001.15,/Document/PmtRtr/GrpHdr/SttlmInf/InstgRmbrsmntAgtAcct/Id/Othr/SchmeNm,SchmeNm,AccountSchemeName1Choice,0,1
pacs.004.001.15,/Document/PmtRtr/GrpHdr/SttlmInf/InstgRmbrsmntAgtAcct/Id/Othr/SchmeNm/Cd,Cd,ExternalAccountIdentification1Code,1,1
pacs.004.001.15,/Document/PmtRtr/GrpHdr/SttlmInf/InstgRmbrsmntAgtAcct/Id/Othr/SchmeNm/Prtry,Prtry,Max35Text,1,1
pacs.004.001.15,/Document/PmtRtr/GrpHdr/SttlmInf/InstgRmbrsmntAgtAcct/Id/Othr/Issr,Issr,Max35Text,0,1
pacs.004.001.15,/Document/PmtRtr/GrpHdr/SttlmInf/InstgRmbrsmntAgtAcct/Tp,Tp,CashAccountType2Choice,0,1
pacs.004.001.15,/Document/PmtRtr/GrpHdr/SttlmInf/InstgRmbrsmntAgtAcct/Tp/Cd,Cd,ExternalCashAccountType1Code,1,1
pacs.004.001.15,/Document/PmtRtr/GrpHdr/SttlmInf/InstgRmbrsmntAgtAcct/Tp/Prtry,Prtry,Max35Text,1,1
pacs.004.001.15,/Document/PmtRtr/GrpHdr/SttlmInf/InstgRmbrsmntAgtAcct/Ccy,Ccy,ActiveOrHistoricCurrencyCode,0,1
pacs.004.001.15,/Document/PmtRtr/GrpHdr/SttlmInf/InstgRmbrsmntAgtAcct/Nm,Nm,Max70Text,0,1
pacs.004.001.15,/Document/PmtRtr/GrpHdr/SttlmInf/InstgRmbrsmntAgtAcct/Prxy,Prxy,ProxyAccountIdentification1,0,1
pacs.004.001.15,/Document/PmtRtr/GrpHdr/SttlmInf/InstgRmbrsmntAgtAcct/Prxy/Tp,Tp,ProxyAccountType1Choice,0,1
pacs.004.001.15,/Document/PmtRtr/GrpHdr/SttlmInf/InstgRmbrsmntAgtAcct/Prxy/Tp/Cd,Cd,ExternalProxyAccountType1Code,1,1
pacs.004.001.15,/Document/PmtRtr/GrpHdr/SttlmInf/InstgRmbrsmntAgtAcct/Prxy/Tp/Prtry,Prtry,Max35Text,1,1
pacs.004.001.15,/Document/PmtRtr/GrpHdr/SttlmInf/InstgRmbrsmntAgtAcct/Prxy/Id,Id,Max2048Text,1,1
pacs.004.001.15,/Document/PmtRtr/GrpHdr/SttlmInf/InstdRmbrsmntAgt,InstdRmbrsmntAgt,BranchAndFinancialInstitutionIdentification8,0,1
pacs.004.001.15,/Document/PmtRtr/GrpHdr/SttlmInf/InstdRmbrsmntAgt/FinInstnId,FinInstnId,FinancialInstitutionIdentification23,1,1
pacs.004.001.15,/Document/PmtRtr/GrpHdr/SttlmInf/InstdRmbrsmntAgt/FinInstnId/BICFI,BICFI,BICFIDec2014Identifier,0,1
pacs.004.001.15,/Document/PmtRtr/GrpHdr/SttlmInf/InstdRmbrsmntAgt/FinInstnId/ClrSysMmbId,ClrSysMmbId,ClearingSystemMemberIdentification2,0,1
pacs.004.001.15,/Document/PmtRtr/GrpHdr/SttlmInf/InstdRmbrsmntAgt/FinInstnId/ClrSysMmbId/ClrSysId,ClrSysId,ClearingSystemIdentification2Choice,0,1
pacs.004.001.15,/Document/PmtRtr/GrpHdr/SttlmInf/InstdRmbrsmntAgt/FinInstnId/ClrSysMmbId/ClrSysId/Cd,Cd,ExternalClearingSystemIdentification1Code,1,1
pacs.004.001.15,/Document/PmtRtr/GrpHdr/SttlmInf/InstdRmbrsmntAgt/FinInstnId/ClrSysMmbId/ClrSysId/Prtry,Prtry,Max35Text,1,1
pacs.004.001.15,/Document/PmtRtr/GrpHdr/SttlmInf/InstdRmbrsmntAgt/FinInstnId/ClrSysMmbId/MmbId,MmbId,Max35Text,1,1
pacs.004.001.15,/Document/PmtRtr/GrpHdr/SttlmInf/InstdRmbrsmntAgt/FinInstnId/LEI,LEI,LEIIdentifier,0,1
pacs.004.001.15,/Document/PmtRtr/GrpHdr/SttlmInf/InstdRmbrsmntAgt/FinInstnId/Nm,Nm,Max140Text,0,1
pacs.004.001.15,/Document/PmtRtr/GrpHdr/SttlmInf/InstdRmbrsmntAgt/FinInstnId/PstlAdr,PstlAdr,PostalAddress27,0,1
pacs.004.001.15,/Document/PmtRtr/GrpHdr/SttlmInf/InstdRmbrsmntAgt/FinInstnId/PstlAdr/AdrTp,AdrTp,AddressType3Choice,0,1
pacs.004.001.15,/Document/PmtRtr/GrpHdr/SttlmInf/InstdRmbrsmntAgt/FinInstnId/PstlAdr/AdrTp/Cd,Cd,AddressType2Code,1,1
pacs.004.001.15,/Document/PmtRtr/GrpHdr/SttlmInf/InstdRmbrsmntAgt/FinInstnId/PstlAdr/AdrTp/Prtry,Prtry,GenericIdentification30,1,1
pacs.004.001.15,/Document/PmtRtr/GrpHdr/SttlmInf/InstdRmbrsmntAgt/FinInstnId/PstlAdr/AdrTp/Prtry/Id,Id,Exact4AlphaNumericText,1,1
pacs.004.001.15,/Document/PmtRtr/GrpHdr/SttlmInf/InstdRmbrsmntAgt/FinInstnId/PstlAdr/AdrTp/Prtry/Issr,Issr,Max35Text,1,1
pacs.004.001.15,/Document/PmtRtr/GrpHdr/SttlmInf/InstdRmbrsmntAgt/FinInstnId/PstlAdr/AdrTp/Prtry/SchmeNm,SchmeNm,Max35Text,0,1
pacs.004.001.15,/Document/PmtRtr/GrpHdr/SttlmInf/InstdRmbrsmntAgt/FinInstnId/PstlAdr/CareOf,CareOf,Max140Text,0,1
pacs.004.001.15,/Document/PmtRtr/GrpHdr/SttlmInf/InstdRmbrsmntAgt/FinInstnId/PstlAdr/Dept,Dept,Max70Text,0,1
pacs.004.001.15,/Document/PmtRtr/GrpHdr/SttlmInf/InstdRmbrsmntAgt/FinInstnId/PstlAdr/SubDept,SubDept,Max70Text,0,1
pacs.004.001.15,/Document/PmtRtr/GrpHdr/SttlmInf/InstdRmbrsmntAgt/FinInstnId/PstlAdr/StrtNm,StrtNm,Max140Text,0,1
pacs.004.001.15,/Document/PmtRtr/GrpHdr/SttlmInf/InstdRmbrsmntAgt/FinInstnId/PstlAdr/BldgNb,BldgNb,Max16Text,0,1
pacs.004.001.15,/Document/PmtRtr/GrpHdr/SttlmInf/InstdRmbrsmntAgt/FinInstnId/PstlAdr/BldgNm,BldgNm,Max140Text,0,1
pacs.004.001.15,/Document/PmtRtr/GrpHdr/SttlmInf/InstdRmbrsmntAgt/FinInstnId/PstlAdr/Flr,Flr,Max70Text,0,1
pacs.004.001.15,/Document/PmtRtr/GrpHdr/SttlmInf/InstdRmbrsmntAgt/FinInstnId/PstlAdr/UnitNb,UnitNb,Max16Text,0,1
pacs.004.001.15,/Document/PmtRtr/GrpHdr/SttlmInf/InstdRmbrsmntAgt/FinInstnId/PstlAdr/PstBx,PstBx,Max16Text,0,1
pacs.004.001.15,/Document/PmtRtr/GrpHdr/SttlmInf/InstdRmbrsmntAgt/FinInstnId/PstlAdr/Room,Room,Max70Text,0,1
pacs.004.001.15,/Document/PmtRtr/GrpHdr/SttlmInf/InstdRmbrsmntAgt/FinInstnId/PstlAdr/PstCd,PstCd,Max16Text,0,1
pacs.004.001.15,/Document/PmtRtr/GrpHdr/SttlmInf/InstdRmbrsmntAgt/FinInstnId/PstlAdr/TwnNm,TwnNm,Max140Text,0,1
pacs.004.001.15,/Document/PmtRtr/GrpHdr/SttlmInf/InstdRmbrsmntAgt/FinInstnId/PstlAdr/TwnLctnNm,TwnLctnNm,Max140Text,0,1
pacs.004.001.15,/Document/PmtRtr/GrpHdr/SttlmInf/InstdRmbrsmntAgt/FinInstnId/PstlAdr/DstrctNm,DstrctNm,Max140Text,0,1
pacs.004.001.15,/Document/PmtRtr/GrpHdr/SttlmInf/InstdRmbrsmntAgt/FinInstnId/PstlAdr/CtrySubDvsn,CtrySubDvsn,Max35Text,0,1
pacs.004.001.15,/Document/PmtRtr/GrpHdr/SttlmInf/InstdRmbrsmntAgt/FinInstnId/PstlAdr/Ctry,Ctry,CountryCode,0,1
pacs.004.001.15,/Document/PmtRtr/GrpHdr/SttlmInf/InstdRmbrsmntAgt/FinInstnId/PstlAdr/AdrLine,AdrLine,Max70Text,0,7
pacs.004.001.15,/Document/PmtRtr/GrpHdr/SttlmInf/InstdRmbrsmntAgt/FinInstnId/Othr,Othr,GenericFinancialIdentification1,0,1
pacs.004.001.15,/Document/PmtRtr/GrpHdr/SttlmInf/InstdRmbrsmntAgt/FinInstnId/Othr/Id,Id,Max35Text,1,1
pacs.004.001.15,/Document/PmtRtr/GrpHdr/SttlmInf/InstdRmbrsmntAgt/FinInstnId/Othr/SchmeNm,SchmeNm,FinancialIdentificationSchemeName1Choice,0,1
pacs.004.001.15,/Document/PmtRtr/GrpHdr/SttlmInf/InstdRmbrsmntAgt/FinInstnId/Othr/SchmeNm/Cd,Cd,ExternalFinancialInstitutionIdentification1Code,1,1
pacs.004.001.15,/Document/PmtRtr/GrpHdr/SttlmInf/InstdRmbrsmntAgt/FinInstnId/Othr/SchmeNm/Prtry,Prtry,Max35Text,1,1
pacs.004.001.15,/Document/PmtRtr/GrpHdr/SttlmInf/InstdRmbrsmntAgt/FinInstnId/Othr/Issr,Issr,Max35Text,0,1
pacs.004.001.15,/Document/PmtRtr/GrpHdr/SttlmInf/InstdRmbrsmntAgt/BrnchId,BrnchId,BranchData5,0,1
pacs.004.001.15,/Document/PmtRtr/GrpHdr/SttlmInf/InstdRmbrsmntAgt/BrnchId/Id,Id,Max35Text,0,1
pacs.004.001.15,/Document/PmtRtr/GrpHdr/SttlmInf/InstdRmbrsmntAgt/BrnchId/LEI,LEI,LEIIdentifier,0,1
pacs.004.001.15,/Document/PmtRtr/GrpHdr/SttlmInf/InstdRmbrsmntAgt/BrnchId/Nm,Nm,Max140Text,0,1
pacs.004.001.15,/Document/PmtRtr/GrpHdr/SttlmInf/InstdRmbrsmntAgt/BrnchId/PstlAdr,PstlAdr,PostalAddress27,0,1
pacs.004.001.15,/Document/PmtRtr/GrpHdr/SttlmInf/InstdRmbrsmntAgt/BrnchId/PstlAdr/AdrTp,AdrTp,AddressType3Choice,0,1
pacs.004.001.15,/Document/PmtRtr/GrpHdr/SttlmInf/InstdRmbrsmntAgt/BrnchId/PstlAdr/AdrTp/Cd,Cd,AddressType2Code,1,1
pacs.004.001.15,/Document/PmtRtr/GrpHdr/SttlmInf/InstdRmbrsmntAgt/BrnchId/PstlAdr/AdrTp/Prtry,Prtry,GenericIdentification30,1,1
pacs.004.001.15,/Document/PmtRtr/GrpHdr/SttlmInf/InstdRmbrsmntAgt/BrnchId/PstlAdr/AdrTp/Prtry/Id,Id,Exact4AlphaNumericText,1,1
pacs.004.001.15,/Document/PmtRtr/GrpHdr/SttlmInf/InstdRmbrsmntAgt/BrnchId/PstlAdr/AdrTp/Prtry/Issr,Issr,Max35Text,1,1
pacs.004.001.15,/Document/PmtRtr/GrpHdr/SttlmInf/InstdRmbrsmntAgt/BrnchId/PstlAdr/AdrTp/Prtry/SchmeNm,SchmeNm,Max35Text,0,1
pacs.004.001.15,/Document/PmtRtr/GrpHdr/SttlmInf/InstdRmbrsmntAgt/BrnchId/PstlAdr/CareOf,CareOf,Max140Text,0,1
pacs.004.001.15,/Document/PmtRtr/GrpHdr/SttlmInf/InstdRmbrsmntAgt/BrnchId/PstlAdr/Dept,Dept,Max70Text,0,1
pacs.004.001.15,/Document/PmtRtr/GrpHdr/SttlmInf/InstdRmbrsmntAgt/BrnchId/PstlAdr/SubDept,SubDept,Max70Text,0,1
pacs.004.001.15,/Document/PmtRtr/GrpHdr/SttlmInf/InstdRmbrsmntAgt/BrnchId/PstlAdr/StrtNm,StrtNm,Max140Text,0,1
pacs.004.001.15,/Document/PmtRtr/GrpHdr/SttlmInf/InstdRmbrsmntAgt/BrnchId/PstlAdr/BldgNb,BldgNb,Max16Text,0,1
pacs.004.001.15,/Document/PmtRtr/GrpHdr/SttlmInf/InstdRmbrsmntAgt/BrnchId/PstlAdr/BldgNm,BldgNm,Max140Text,0,1
pacs.004.001.15,/Document/PmtRtr/GrpHdr/SttlmInf/InstdRmbrsmntAgt/BrnchId/PstlAdr/Flr,Flr,Max70Text,0,1
pacs.004.001.15,/Document/PmtRtr/GrpHdr/SttlmInf/InstdRmbrsmntAgt/BrnchId/PstlAdr/UnitNb,UnitNb,Max16Text,0,1
pacs.004.001.15,/Document/PmtRtr/GrpHdr/SttlmInf/InstdRmbrsmntAgt/BrnchId/PstlAdr/PstBx,PstBx,Max16Text,0,1
pacs.004.001.15,/Document/PmtRtr/GrpHdr/SttlmInf/InstdRmbrsmntAgt/BrnchId/PstlAdr/Room,Room,Max70Text,0,1
pacs.004.001.15,/Document/PmtRtr/GrpHdr/SttlmInf/InstdRmbrsmntAgt/BrnchId/PstlAdr/PstCd,PstCd,Max16Text,0,1
pacs.004.001.15,/Document/PmtRtr/GrpHdr/SttlmInf/InstdRmbrsmntAgt/BrnchId/PstlAdr/TwnNm,TwnNm,Max140Text,0,1
pacs.004.001.15,/Document/PmtRtr/GrpHdr/SttlmInf/InstdRmbrsmntAgt/BrnchId/PstlAdr/TwnLctnNm,TwnLctnNm,Max140Text,0,1
pacs.004.001.15,/Document/PmtRtr/GrpHdr/SttlmInf/InstdRmbrsmntAgt/BrnchId/PstlAdr/DstrctNm,DstrctNm,Max140Text,0,1
pacs.004.001.15,/Document/PmtRtr/GrpHdr/SttlmInf/InstdRmbrsmntAgt/BrnchId/PstlAdr/CtrySubDvsn,CtrySubDvsn,Max35Text,0,1
pacs.004.001.15,/Document/PmtRtr/GrpHdr/SttlmInf/InstdRmbrsmntAgt/BrnchId/PstlAdr/Ctry,Ctry,CountryCode,0,1
pacs.004.001.15,/Document/PmtRtr/GrpHdr/SttlmInf/InstdRmbrsmntAgt/BrnchId/PstlAdr/AdrLine,AdrLine,Max70Text,0,7
pacs.004.001.15,/Document/PmtRtr/GrpHdr/SttlmInf/InstdRmbrsmntAgtAcct,InstdRmbrsmntAgtAcct,CashAccount40,0,1
pacs.004.001.15,/Document/PmtRtr/GrpHdr/SttlmInf/InstdRmbrsmntAgtAcct/Id,Id,AccountIdentification4Choice,0,1
pacs.004.001.15,/Document/PmtRtr/GrpHdr/SttlmInf/InstdRmbrsmntAgtAcct/Id/IBAN,IBAN,IBAN2007Identifier,1,1
pacs.004.001.15,/Document/PmtRtr/GrpHdr/SttlmInf/InstdRmbrsmntAgtAcct/Id/Othr,Othr,GenericAccountIdentification1,1,1
pacs.004.001.15,/Document/PmtRtr/GrpHdr/SttlmInf/InstdRmbrsmntAgtAcct/Id/Othr/Id,Id,Max34Text,1,1
pacs.004.001.15,/Document/PmtRtr/GrpHdr/SttlmInf/InstdRmbrsmntAgtAcct/Id/Othr/SchmeNm,SchmeNm,AccountSchemeName1Choice,0,1
pacs.004.001.15,/Document/PmtRtr/GrpHdr/SttlmInf/InstdRmbrsmntAgtAcct/Id/Othr/SchmeNm/Cd,Cd,ExternalAccountIdentification1Code,1,1
pacs.004.001.15,/Document/PmtRtr/GrpHdr/SttlmInf/InstdRmbrsmntAgtAcct/Id/Othr/SchmeNm/Prtry,Prtry,Max35Text,1,1
pacs.004.001.15,/Document/PmtRtr/GrpHdr/SttlmInf/InstdRmbrsmntAgtAcct/Id/Othr/Issr,Issr,Max35Text,0,1
pacs.004.001.15,/Document/PmtRtr/GrpHdr/SttlmInf/InstdRmbrsmntAgtAcct/Tp,Tp,CashAccountType2Choice,0,1
pacs.004.001.15,/Document/PmtRtr/GrpHdr/SttlmInf/InstdRmbrsmntAgtAcct/Tp/Cd,Cd,ExternalCashAccountType1Code,1,1
pacs.004.001.15,/Document/PmtRtr/GrpHdr/SttlmInf/InstdRmbrsmntAgtAcct/Tp/Prtry,Prtry,Max35Text,1,1
pacs.004.001.15,/Document/PmtRtr/GrpHdr/SttlmInf/InstdRmbrsmntAgtAcct/Ccy,Ccy,ActiveOrHistoricCurrencyCode,0,1
pacs.004.001.15,/Document/PmtRtr/GrpHdr/SttlmInf/InstdRmbrsmntAgtAcct/Nm,Nm,Max70Text,0,1
pacs.004.001.15,/Document/PmtRtr/GrpHdr/SttlmInf/InstdRmbrsmntAgtAcct/Prxy,Prxy,ProxyAccountIdentification1,0,1
pacs.004.001.15,/Document/PmtRtr/GrpHdr/SttlmInf/InstdRmbrsmntAgtAcct/Prxy/Tp,Tp,ProxyAccountType1Choice,0,1
pacs.004.001.15,/Document/PmtRtr/GrpHdr/SttlmInf/InstdRmbrsmntAgtAcct/Prxy/Tp/Cd,Cd,ExternalProxyAccountType1Code,1,1
pacs.004.001.15,/Document/PmtRtr/GrpHdr/SttlmInf/InstdRmbrsmntAgtAcct/Prxy/Tp/Prtry,Prtry,Max35Text,1,1
pacs.004.001.15,/Document/PmtRtr/GrpHdr/SttlmInf/InstdRmbrsmntAgtAcct/Prxy/Id,Id,Max2048Text,1,1
pacs.004.001.15,/Document/PmtRtr/GrpHdr/SttlmInf/ThrdRmbrsmntAgt,ThrdRmbrsmntAgt,BranchAndFinancialInstitutionIdentification8,0,1
pacs.004.001.15,/Document/PmtRtr/GrpHdr/SttlmInf/ThrdRmbrsmntAgt/FinInstnId,FinInstnId,FinancialInstitutionIdentification23,1,1
pacs.004.001.15,/Document/PmtRtr/GrpHdr/SttlmInf/ThrdRmbrsmntAgt/FinInstnId/BICFI,BICFI,BICFIDec2014Identifier,0,1
pacs.004.001.15,/Document/PmtRtr/GrpHdr/SttlmInf/ThrdRmbrsmntAgt/FinInstnId/ClrSysMmbId,ClrSysMmbId,ClearingSystemMemberIdentification2,0,1
pacs.004.001.15,/Document/PmtRtr/GrpHdr/SttlmInf/ThrdRmbrsmntAgt/FinInstnId/ClrSysMmbId/ClrSysId,ClrSysId,ClearingSystemIdentification2Choice,0,1
pacs.004.001.15,/Document/PmtRtr/GrpHdr/SttlmInf/ThrdRmbrsmntAgt/FinInstnId/ClrSysMmbId/ClrSysId/Cd,Cd,ExternalClearingSystemIdentification1Code,1,1
pacs.004.001.15,/Document/PmtRtr/GrpHdr/SttlmInf/ThrdRmbrsmntAgt/FinInstnId/ClrSysMmbId/ClrSysId/Prtry,Prtry,Max35Text,1,1
pacs.004.001.15,/Document/PmtRtr/GrpHdr/SttlmInf/ThrdRmbrsmntAgt/FinInstnId/ClrSysMmbId/MmbId,MmbId,Max35Text,1,1
pacs.004.001.15,/Document/PmtRtr/GrpHdr/SttlmInf/ThrdRmbrsmntAgt/FinInstnId/LEI,LEI,LEIIdentifier,0,1
pacs.004.001.15,/Document/PmtRtr/GrpHdr/SttlmInf/ThrdRmbrsmntAgt/FinInstnId/Nm,Nm,Max140Text,0,1
pacs.004.001.15,/Document/PmtRtr/GrpHdr/SttlmInf/ThrdRmbrsmntAgt/FinInstnId/PstlAdr,PstlAdr,PostalAddress27,0,1
pacs.004.001.15,/Document/PmtRtr/GrpHdr/SttlmInf/ThrdRmbrsmntAgt/FinInstnId/PstlAdr/AdrTp,AdrTp,AddressType3Choice,0,1
pacs.004.001.15,/Document/PmtRtr/GrpHdr/SttlmInf/ThrdRmbrsmntAgt/FinInstnId/PstlAdr/AdrTp/Cd,Cd,AddressType2Code,1,1
pacs.004.001.15,/Document/PmtRtr/GrpHdr/SttlmInf/ThrdRmbrsmntAgt/FinInstnId/PstlAdr/AdrTp/Prtry,Prtry,GenericIdentification30,1,1
pacs.004.001.15,/Document/PmtRtr/GrpHdr/SttlmInf/ThrdRmbrsmntAgt/FinInstnId/PstlAdr/AdrTp/Prtry/Id,Id,Exact4AlphaNumericText,1,1
pacs.004.001.15,/Document/PmtRtr/GrpHdr/SttlmInf/ThrdRmbrsmntAgt/FinInstnId/PstlAdr/AdrTp/Prtry/Issr,Issr,Max35Text,1,1
pacs.004.001.15,/Document/PmtRtr/GrpHdr/SttlmInf/ThrdRmbrsmntAgt/FinInstnId/PstlAdr/AdrTp/Prtry/SchmeNm,SchmeNm,Max35Text,0,1
pacs.004.001.15,/Document/PmtRtr/GrpHdr/SttlmInf/ThrdRmbrsmntAgt/FinInstnId/PstlAdr/CareOf,CareOf,Max140Text,0,1
pacs.004.001.15,/Document/PmtRtr/GrpHdr/SttlmInf/ThrdRmbrsmntAgt/FinInstnId/PstlAdr/Dept,Dept,Max70Text,0,1
pacs.004.001.15,/Document/PmtRtr/GrpHdr/SttlmInf/ThrdRmbrsmntAgt/FinInstnId/PstlAdr/SubDept,SubDept,Max70Text,0,1
pacs.004.001.15,/Document/PmtRtr/GrpHdr/SttlmInf/ThrdRmbrsmntAgt/FinInstnId/PstlAdr/StrtNm,StrtNm,Max140Text,0,1
pacs.004.001.15,/Document/PmtRtr/GrpHdr/SttlmInf/ThrdRmbrsmntAgt/FinInstnId/PstlAdr/BldgNb,BldgNb,Max16Text,0,1
pacs.004.001.15,/Document/PmtRtr/GrpHdr/SttlmInf/ThrdRmbrsmntAgt/FinInstnId/PstlAdr/BldgNm,BldgNm,Max140Text,0,1
pacs.004.001.15,/Document/PmtRtr/GrpHdr/SttlmInf/ThrdRmbrsmntAgt/FinInstnId/PstlAdr/Flr,Flr,Max70Text,0,1
pacs.004.001.15,/Document/PmtRtr/GrpHdr/SttlmInf/ThrdRmbrsmntAgt/FinInstnId/PstlAdr/UnitNb,UnitNb,Max16Text,0,1
pacs.004.001.15,/Document/PmtRtr/GrpHdr/SttlmInf/ThrdRmbrsmntAgt/FinInstnId/PstlAdr/PstBx,PstBx,Max16Text,0,1
pacs.004.001.15,/Document/PmtRtr/GrpHdr/SttlmInf/ThrdRmbrsmntAgt/FinInstnId/PstlAdr/Room,Room,Max70Text,0,1
pacs.004.001.15,/Document/PmtRtr/GrpHdr/SttlmInf/ThrdRmbrsmntAgt/FinInstnId/PstlAdr/PstCd,PstCd,Max16Text,0,1
pacs.004.001.15,/Document/PmtRtr/GrpHdr/SttlmInf/ThrdRmbrsmntAgt/FinInstnId/PstlAdr/TwnNm,TwnNm,Max140Text,0,1
pacs.004.001.15,/Document/PmtRtr/GrpHdr/SttlmInf/ThrdRmbrsmntAgt/FinInstnId/PstlAdr/TwnLctnNm,TwnLctnNm,Max140Text,0,1
pacs.004.001.15,/Document/PmtRtr/GrpHdr/SttlmInf/ThrdRmbrsmntAgt/FinInstnId/PstlAdr/DstrctNm,DstrctNm,Max140Text,0,1
pacs.004.001.15,/Document/PmtRtr/GrpHdr/SttlmInf/ThrdRmbrsmntAgt/FinInstnId/PstlAdr/CtrySubDvsn,CtrySubDvsn,Max35Text,0,1
pacs.004.001.15,/Document/PmtRtr/GrpHdr/SttlmInf/ThrdRmbrsmntAgt/FinInstnId/PstlAdr/Ctry,Ctry,CountryCode,0,1
pacs.004.001.15,/Document/PmtRtr/GrpHdr/SttlmInf/ThrdRmbrsmntAgt/FinInstnId/PstlAdr/AdrLine,AdrLine,Max70Text,0,7
pacs.004.001.15,/Document/PmtRtr/GrpHdr/SttlmInf/ThrdRmbrsmntAgt/FinInstnId/Othr,Othr,GenericFinancialIdentification1,0,1
pacs.004.001.15,/Document/PmtRtr/GrpHdr/SttlmInf/ThrdRmbrsmntAgt/FinInstnId/Othr/Id,Id,Max35Text,1,1
pacs.004.001.15,/Document/PmtRtr/GrpHdr/SttlmInf/ThrdRmbrsmntAgt/FinInstnId/Othr/SchmeNm,SchmeNm,FinancialIdentificationSchemeName1Choice,0,1
pacs.004.001.15,/Document/PmtRtr/GrpHdr/SttlmInf/ThrdRmbrsmntAgt/FinInstnId/Othr/SchmeNm/Cd,Cd,ExternalFinancialInstitutionIdentification1Code,1,1
pacs.004.001.15,/Document/PmtRtr/GrpHdr/SttlmInf/ThrdRmbrsmntAgt/FinInstnId/Othr/SchmeNm/Prtry,Prtry,Max35Text,1,1
pacs.004.001.15,/Document/PmtRtr/GrpHdr/SttlmInf/ThrdRmbrsmntAgt/FinInstnId/Othr/Issr,Issr,Max35Text,0,1
pacs.004.001.15,/Document/PmtRtr/GrpHdr/SttlmInf/ThrdRmbrsmntAgt/BrnchId,BrnchId,BranchData5,0,1
pacs.004.001.15,/Document/PmtRtr/GrpHdr/SttlmInf/ThrdRmbrsmntAgt/BrnchId/Id,Id,Max35Text,0,1
pacs.004.001.15,/Document/PmtRtr/GrpHdr/SttlmInf/ThrdRmbrsmntAgt/BrnchId/LEI,LEI,LEIIdentifier,0,1
pacs.004.001.15,/Document/PmtRtr/GrpHdr/SttlmInf/ThrdRmbrsmntAgt/BrnchId/Nm,Nm,Max140Text,0,1
pacs.004.001.15,/Document/PmtRtr/GrpHdr/SttlmInf/ThrdRmbrsmntAgt/BrnchId/PstlAdr,PstlAdr,PostalAddress27,0,1
pacs.004.001.15,/Document/PmtRtr/GrpHdr/SttlmInf/ThrdRmbrsmntAgt/BrnchId/PstlAdr/AdrTp,AdrTp,AddressType3Choice,0,1
pacs.004.001.15,/Document/PmtRtr/GrpHdr/SttlmInf/ThrdRmbrsmntAgt/BrnchId/PstlAdr/AdrTp/Cd,Cd,AddressType2Code,1,1
pacs.004.001.15,/Document/PmtRtr/GrpHdr/SttlmInf/ThrdRmbrsmntAgt/BrnchId/PstlAdr/AdrTp/Prtry,Prtry,GenericIdentification30,1,1
pacs.004.001.15,/Document/PmtRtr/GrpHdr/SttlmInf/ThrdRmbrsmntAgt/BrnchId/PstlAdr/AdrTp/Prtry/Id,Id,Exact4AlphaNumericText,1,1
pacs.004.001.15,/Document/PmtRtr/GrpHdr/SttlmInf/ThrdRmbrsmntAgt/BrnchId/PstlAdr/AdrTp/Prtry/Issr,Issr,Max35Text,1,1
pacs.004.001.15,/Document/PmtRtr/GrpHdr/SttlmInf/ThrdRmbrsmntAgt/BrnchId/PstlAdr/AdrTp/Prtry/SchmeNm,SchmeNm,Max35Text,0,1
pacs.004.001.15,/Document/PmtRtr/GrpHdr/SttlmInf/ThrdRmbrsmntAgt/BrnchId/PstlAdr/CareOf,CareOf,Max140Text,0,1
pacs.004.001.15,/Document/PmtRtr/GrpHdr/SttlmInf/ThrdRmbrsmntAgt/BrnchId/PstlAdr/Dept,Dept,Max70Text,0,1
pacs.004.001.15,/Document/PmtRtr/GrpHdr/SttlmInf/ThrdRmbrsmntAgt/BrnchId/PstlAdr/SubDept,SubDept,Max70Text,0,1
pacs.004.001.15,/Document/PmtRtr/GrpHdr/SttlmInf/ThrdRmbrsmntAgt/BrnchId/PstlAdr/StrtNm,StrtNm,Max140Text,0,1
pacs.004.001.15,/Document/PmtRtr/GrpHdr/SttlmInf/ThrdRmbrsmntAgt/BrnchId/PstlAdr/BldgNb,BldgNb,Max16Text,0,1
pacs.004.001.15,/Document/PmtRtr/GrpHdr/SttlmInf/ThrdRmbrsmntAgt/BrnchId/PstlAdr/BldgNm,BldgNm,Max140Text,0,1
pacs.004.001.15,/Document/PmtRtr/GrpHdr/SttlmInf/ThrdRmbrsmntAgt/BrnchId/PstlAdr/Flr,Flr,Max70Text,0,1
pacs.004.001.15,/Document/PmtRtr/GrpHdr/SttlmInf/ThrdRmbrsmntAgt/BrnchId/PstlAdr/UnitNb,UnitNb,Max16Text,0,1
pacs.004.001.15,/Document/PmtRtr/GrpHdr/SttlmInf/ThrdRmbrsmntAgt/BrnchId/PstlAdr/PstBx,PstBx,Max16Text,0,1
pacs.004.001.15,/Document/PmtRtr/GrpHdr/SttlmInf/ThrdRmbrsmntAgt/BrnchId/PstlAdr/Room,Room,Max70Text,0,1
pacs.004.001.15,/Document/PmtRtr/GrpHdr/SttlmInf/ThrdRmbrsmntAgt/BrnchId/PstlAdr/PstCd,PstCd,Max16Text,0,1
pacs.004.001.15,/Document/PmtRtr/GrpHdr/SttlmInf/ThrdRmbrsmntAgt/BrnchId/PstlAdr/TwnNm,TwnNm,Max140Text,0,1
pacs.004.001.15,/Document/PmtRtr/GrpHdr/SttlmInf/ThrdRmbrsmntAgt/BrnchId/PstlAdr/TwnLctnNm,TwnLctnNm,Max140Text,0,1
pacs.004.001.15,/Document/PmtRtr/GrpHdr/SttlmInf/ThrdRmbrsmntAgt/BrnchId/PstlAdr/DstrctNm,DstrctNm,Max140Text,0,1
pacs.004.001.15,/Document/PmtRtr/GrpHdr/SttlmInf/ThrdRmbrsmntAgt/BrnchId/PstlAdr/CtrySubDvsn,CtrySubDvsn,Max35Text,0,1
pacs.004.001.15,/Document/PmtRtr/GrpHdr/SttlmInf/ThrdRmbrsmntAgt/BrnchId/PstlAdr/Ctry,Ctry,CountryCode,0,1
pacs.004.001.15,/Document/PmtRtr/GrpHdr/SttlmInf/ThrdRmbrsmntAgt/BrnchId/PstlAdr/AdrLine,AdrLine,Max70Text,0,7
pacs.004.001.15,/Document/PmtRtr/GrpHdr/SttlmInf/ThrdRmbrsmntAgtAcct,ThrdRmbrsmntAgtAcct,CashAccount40,0,1
pacs.004.001.15,/Document/PmtRtr/GrpHdr/SttlmInf/ThrdRmbrsmntAgtAcct/Id,Id,AccountIdentification4Choice,0,1
pacs.004.001.15,/Document/PmtRtr/GrpHdr/SttlmInf/ThrdRmbrsmntAgtAcct/Id/IBAN,IBAN,IBAN2007Identifier,1,1
pacs.004.001.15,/Document/PmtRtr/GrpHdr/SttlmInf/ThrdRmbrsmntAgtAcct/Id/Othr,Othr,GenericAccountIdentification1,1,1
pacs.004.001.15,/Document/PmtRtr/GrpHdr/SttlmInf/ThrdRmbrsmntAgtAcct/Id/Othr/Id,Id,Max34Text,1,1
pacs.004.001.15,/Document/PmtRtr/GrpHdr/SttlmInf/ThrdRmbrsmntAgtAcct/Id/Othr/SchmeNm,SchmeNm,AccountSchemeName1Choice,0,1
pacs.004.001.15,/Document/PmtRtr/GrpHdr/SttlmInf/ThrdRmbrsmntAgtAcct/Id/Othr/SchmeNm/Cd,Cd,ExternalAccountIdentification1Code,1,1
pacs.004.001.15,/Document/PmtRtr/GrpHdr/SttlmInf/ThrdRmbrsmntAgtAcct/Id/Othr/SchmeNm/Prtry,Prtry,Max35Text,1,1
pacs.004.001.15,/Document/PmtRtr/GrpHdr/SttlmInf/ThrdRmbrsmntAgtAcct/Id/Othr/Issr,Issr,Max35Text,0,1
pacs.004.001.15,/Document/PmtRtr/GrpHdr/SttlmInf/ThrdRmbrsmntAgtAcct/Tp,Tp,CashAccountType2Choice,0,1
pacs.004.001.15,/Document/PmtRtr/GrpHdr/SttlmInf/ThrdRmbrsmntAgtAcct/Tp/Cd,Cd,ExternalCashAccountType1Code,1,1
pacs.004.001.15,/Document/PmtRtr/GrpHdr/SttlmInf/ThrdRmbrsmntAgtAcct/Tp/Prtry,Prtry,Max35Text,1,1
pacs.004.001.15,/Document/PmtRtr/GrpHdr/SttlmInf/ThrdRmbrsmntAgtAcct/Ccy,Ccy,ActiveOrHistoricCurrencyCode,0,1
pacs.004.001.15,/Document/PmtRtr/GrpHdr/SttlmInf/ThrdRmbrsmntAgtAcct/Nm,Nm,Max70Text,0,1
pacs.004.001.15,/Document/PmtRtr/GrpHdr/SttlmInf/ThrdRmbrsmntAgtAcct/Prxy,Prxy,ProxyAccountIdentification1,0,1
pacs.004.001.15,/Document/PmtRtr/GrpHdr/SttlmInf/ThrdRmbrsmntAgtAcct/Prxy/Tp,Tp,ProxyAccountType1Choice,0,1
pacs.004.001.15,/Document/PmtRtr/GrpHdr/SttlmInf/ThrdRmbrsmntAgtAcct/Prxy/Tp/Cd,Cd,ExternalProxyAccountType1Code,1,1
pacs.004.001.15,/Document/PmtRtr/GrpHdr/SttlmInf/ThrdRmbrsmntAgtAcct/Prxy/Tp/Prtry,Prtry,Max35Text,1,1
pacs.004.001.15,/Document/PmtRtr/GrpHdr/SttlmInf/ThrdRmbrsmntAgtAcct/Prxy/Id,Id,Max2048Text,1,1
pacs.004.001.15,/Document/PmtRtr/GrpHdr/PmtTpInf,PmtTpInf,PaymentTypeInformation28,0,1
pacs.004.001.15,/Document/PmtRtr/GrpHdr/PmtTpInf/InstrPrty,InstrPrty,Priority2Code,0,1
pacs.004.001.15,/Document/PmtRtr/GrpHdr/PmtTpInf/ClrChanl,ClrChanl,ClearingChannel2Code,0,1
pacs.004.001.15,/Document/PmtRtr/GrpHdr/PmtTpInf/SvcLvl,SvcLvl,ServiceLevel8Choice,0,
pacs.004.001.15,/Document/PmtRtr/GrpHdr/PmtTpInf/SvcLvl/Cd,Cd,ExternalServiceLevel1Code,1,1
pacs.004.001.15,/Document/PmtRtr/GrpHdr/PmtTpInf/SvcLvl/Prtry,Prtry,Max35Text,1,1
pacs.004.001.15,/Document/PmtRtr/GrpHdr/PmtTpInf/LclInstrm,LclInstrm,LocalInstrument2Choice,0,1
pacs.004.001.15,/Document/PmtRtr/GrpHdr/PmtTpInf/LclInstrm/Cd,Cd,ExternalLocalInstrument1Code,1,1
pacs.004.001.15,/Document/PmtRtr/GrpHdr/PmtTpInf/LclInstrm/Prtry,Prtry,Max35Text,1,1
pacs.004.001.15,/Document/PmtRtr/GrpHdr/PmtTpInf/CtgyPurp,CtgyPurp,CategoryPurpose1Choice,0,1
pacs.004.001.15,/Document/PmtRtr/GrpHdr/PmtTpInf/CtgyPurp/Cd,Cd,ExternalCategoryPurpose1Code,1,1
pacs.004.001.15,/Document/PmtRtr/GrpHdr/PmtTpInf/CtgyPurp/Prtry,Prtry,Max35Text,1,1
pacs.004.001.15,/Document/PmtRtr/GrpHdr/InstgAgt,InstgAgt,BranchAndFinancialInstitutionIdentification8,0,1
pacs.004.001.15,/Document/PmtRtr/GrpHdr/InstgAgt/FinInstnId,FinInstnId,FinancialInstitutionIdentification23,1,1
pacs.004.001.15,/Document/PmtRtr/GrpHdr/InstgAgt/FinInstnId/BICFI,BICFI,BICFIDec2014Identifier,0,1
pacs.004.001.15,/Document/PmtRtr/GrpHdr/InstgAgt/FinInstnId/ClrSysMmbId,ClrSysMmbId,ClearingSystemMemberIdentification2,0,1
pacs.004.001.15,/Document/PmtRtr/GrpHdr/InstgAgt/FinInstnId/ClrSysMmbId/ClrSysId,ClrSysId,ClearingSystemIdentification2Choice,0,1
pacs.004.001.15,/Document/PmtRtr/GrpHdr/InstgAgt/FinInstnId/ClrSysMmbId/ClrSysId/Cd,Cd,ExternalClearingSystemIdentification1Code,1,1
pacs.004.001.15,/Document/PmtRtr/GrpHdr/InstgAgt/FinInstnId/ClrSysMmbId/ClrSysId/Prtry,Prtry,Max35Text,1,1
pacs.004.001.15,/Document/PmtRtr/GrpHdr/InstgAgt/FinInstnId/ClrSysMmbId/MmbId,MmbId,Max35Text,1,1
pacs.004.001.15,/Document/PmtRtr/GrpHdr/InstgAgt/FinInstnId/LEI,LEI,LEIIdentifier,0,1
pacs.004.001.15,/Document/PmtRtr/GrpHdr/InstgAgt/FinInstnId/Nm,Nm,Max140Text,0,1
pacs.004.001.15,/Document/PmtRtr/GrpHdr/InstgAgt/FinInstnId/PstlAdr,PstlAdr,PostalAddress27,0,1
pacs.004.001.15,/Document/PmtRtr/GrpHdr/InstgAgt/FinInstnId/PstlAdr/AdrTp,AdrTp,AddressType3Choice,0,1
pacs.004.001.15,/Document/PmtRtr/GrpHdr/InstgAgt/FinInstnId/PstlAdr/AdrTp/Cd,Cd,AddressType2Code,1,1
pacs.004.001.15,/Document/PmtRtr/GrpHdr/InstgAgt/FinInstnId/PstlAdr/AdrTp/Prtry,Prtry,GenericIdentification30,1,1
pacs.004.001.15,/Document/PmtRtr/GrpHdr/InstgAgt/FinInstnId/PstlAdr/AdrTp/Prtry/Id,Id,Exact4AlphaNumericText,1,1
pacs.004.001.15,/Document/PmtRtr/GrpHdr/InstgAgt/FinInstnId/PstlAdr/AdrTp/Prtry/Issr,Issr,Max35Text,1,1
pacs.004.001.15,/Document/PmtRtr/GrpHdr/InstgAgt/FinInstnId/PstlAdr/AdrTp/Prtry/SchmeNm,SchmeNm,Max35Text,0,1
pacs.004.001.15,/Document/PmtRtr/GrpHdr/InstgAgt/FinInstnId/PstlAdr/CareOf,CareOf,Max140Text,0,1
pacs.004.001.15,/Document/PmtRtr/GrpHdr/InstgAgt/FinInstnId/PstlAdr/Dept,Dept,Max70Text,0,1
pacs.004.001.15,/Document/PmtRtr/GrpHdr/InstgAgt/FinInstnId/PstlAdr/SubDept,SubDept,Max70Text,0,1
pacs.004.001.15,/Document/PmtRtr/GrpHdr/InstgAgt/FinInstnId/PstlAdr/StrtNm,StrtNm,Max140Text,0,1
pacs.004.001.15,/Document/PmtRtr/GrpHdr/InstgAgt/FinInstnId/PstlAdr/BldgNb,BldgNb,Max16Text,0,1
pacs.004.001.15,/Document/PmtRtr/GrpHdr/InstgAgt/FinInstnId/PstlAdr/BldgNm,BldgNm,Max140Text,0,1
pacs.004.001.15,/Document/PmtRtr/GrpHdr/InstgAgt/FinInstnId/PstlAdr/Flr,Flr,Max70Text,0,1
pacs.004.001.15,/Document/PmtRtr/GrpHdr/InstgAgt/FinInstnId/PstlAdr/UnitNb,UnitNb,Max16Text,0,1
pacs.004.001.15,/Document/PmtRtr/GrpHdr/InstgAgt/FinInstnId/PstlAdr/PstBx,PstBx,Max16Text,0,1
pacs.004.001.15,/Document/PmtRtr/GrpHdr/InstgAgt/FinInstnId/PstlAdr/Room,Room,Max70Text,0,1
pacs.004.001.15,/Document/PmtRtr/GrpHdr/InstgAgt/FinInstnId/PstlAdr/PstCd,PstCd,Max16Text,0,1
pacs.004.001.15,/Document/PmtRtr/GrpHdr/InstgAgt/FinInstnId/PstlAdr/TwnNm,TwnNm,Max140Text,0,1
pacs.004.001.15,/Document/PmtRtr/GrpHdr/InstgAgt/FinInstnId/PstlAdr/TwnLctnNm,TwnLctnNm,Max140Text,0,1
pacs.004.001.15,/Document/PmtRtr/GrpHdr/InstgAgt/FinInstnId/PstlAdr/DstrctNm,DstrctNm,Max140Text,0,1
pacs.004.001.15,/Document/PmtRtr/GrpHdr/InstgAgt/FinInstnId/PstlAdr/CtrySubDvsn,CtrySubDvsn,Max35Text,0,1
pacs.004.001.15,/Document/PmtRtr/GrpHdr/InstgAgt/FinInstnId/PstlAdr/Ctry,Ctry,CountryCode,0,1
pacs.004.001.15,/Document/PmtRtr/GrpHdr/InstgAgt/FinInstnId/PstlAdr/AdrLine,AdrLine,Max70Text,0,7
pacs.004.001.15,/Document/PmtRtr/GrpHdr/InstgAgt/FinInstnId/Othr,Othr,GenericFinancialIdentification1,0,1
pacs.004.001.15,/Document/PmtRtr/GrpHdr/InstgAgt/FinInstnId/Othr/Id,Id,Max35Text,1,1
pacs.004.001.15,/Document/PmtRtr/GrpHdr/InstgAgt/FinInstnId/Othr/SchmeNm,SchmeNm,FinancialIdentificationSchemeName1Choice,0,1
pacs.004.001.15,/Document/PmtRtr/GrpHdr/InstgAgt/FinInstnId/Othr/SchmeNm/Cd,Cd,ExternalFinancialInstitutionIdentification1Code,1,1
pacs.004.001.15,/Document/PmtRtr/GrpHdr/InstgAgt/FinInstnId/Othr/SchmeNm/Prtry,Prtry,Max35Text,1,1
pacs.004.001.15,/Document/PmtRtr/GrpHdr/InstgAgt/FinInstnId/Othr/Issr,Issr,Max35Text,0,1
pacs.004.001.15,/Document/PmtRtr/GrpHdr/InstgAgt/BrnchId,BrnchId,BranchData5,0,1
pacs.004.001.15,/Document/PmtRtr/GrpHdr/InstgAgt/BrnchId/Id,Id,Max35Text,0,1
pacs.004.001.15,/Document/PmtRtr/GrpHdr/InstgAgt/BrnchId/LEI,LEI,LEIIdentifier,0,1
pacs.004.001.15,/Document/PmtRtr/GrpHdr/InstgAgt/BrnchId/Nm,Nm,Max140Text,0,1
pacs.004.001.15,/Document/PmtRtr/GrpHdr/InstgAgt/BrnchId/PstlAdr,PstlAdr,PostalAddress27,0,1
pacs.004.001.15,/Document/PmtRtr/GrpHdr/InstgAgt/BrnchId/PstlAdr/AdrTp,AdrTp,AddressType3Choice,0,1
pacs.004.001.15,/Document/PmtRtr/GrpHdr/InstgAgt/BrnchId/PstlAdr/AdrTp/Cd,Cd,AddressType2Code,1,1
pacs.004.001.15,/Document/PmtRtr/GrpHdr/InstgAgt/BrnchId/PstlAdr/AdrTp/Prtry,Prtry,GenericIdentification30,1,1
pacs.004.001.15,/Document/PmtRtr/GrpHdr/InstgAgt/BrnchId/PstlAdr/AdrTp/Prtry/Id,Id,Exact4AlphaNumericText,1,1
pacs.004.001.15,/Document/PmtRtr/GrpHdr/InstgAgt/BrnchId/PstlAdr/AdrTp/Prtry/Issr,Issr,Max35Text,1,1
pacs.004.001.15,/Document/PmtRtr/GrpHdr/InstgAgt/BrnchId/PstlAdr/AdrTp/Prtry/SchmeNm,SchmeNm,Max35Text,0,1
pacs.004.001.15,/Document/PmtRtr/GrpHdr/InstgAgt/BrnchId/PstlAdr/CareOf,CareOf,Max140Text,0,1
pacs.004.001.15,/Document/PmtRtr/GrpHdr/InstgAgt/BrnchId/PstlAdr/Dept,Dept,Max70Text,0,1
pacs.004.001.15,/Document/PmtRtr/GrpHdr/InstgAgt/BrnchId/PstlAdr/SubDept,SubDept,Max70Text,0,1
pacs.004.001.15,/Document/PmtRtr/GrpHdr/InstgAgt/BrnchId/PstlAdr/StrtNm,StrtNm,Max140Text,0,1
pacs.004.001.15,/Document/PmtRtr/GrpHdr/InstgAgt/BrnchId/PstlAdr/BldgNb,BldgNb,Max16Text,0,1
pacs.004.001.15,/Document/PmtRtr/GrpHdr/InstgAgt/BrnchId/PstlAdr/BldgNm,BldgNm,Max140Text,0,1
pacs.004.001.15,/Document/PmtRtr/GrpHdr/InstgAgt/BrnchId/PstlAdr/Flr,Flr,Max70Text,0,1
pacs.004.001.15,/Document/PmtRtr/GrpHdr/InstgAgt/BrnchId/PstlAdr/UnitNb,UnitNb,Max16Text,0,1
pacs.004.001.15,/Document/PmtRtr/GrpHdr/InstgAgt/BrnchId/PstlAdr/PstBx,PstBx,Max16Text,0,1
pacs.004.001.15,/Document/PmtRtr/GrpHdr/InstgAgt/BrnchId/PstlAdr/Room,Room,Max70Text,0,1
pacs.004.001.15,/Document/PmtRtr/GrpHdr/InstgAgt/BrnchId/PstlAdr/PstCd,PstCd,Max16Text,0,1
pacs.004.001.15,/Document/PmtRtr/GrpHdr/InstgAgt/BrnchId/PstlAdr/TwnNm,TwnNm,Max140Text,0,1
pacs.004.001.15,/Document/PmtRtr/GrpHdr/InstgAgt/BrnchId/PstlAdr/TwnLctnNm,TwnLctnNm,Max140Text,0,1
pacs.004.001.15,/Document/PmtRtr/GrpHdr/InstgAgt/BrnchId/PstlAdr/DstrctNm,DstrctNm,Max140Text,0,1
pacs.004.001.15,/Document/PmtRtr/GrpHdr/InstgAgt/BrnchId/PstlAdr/CtrySubDvsn,CtrySubDvsn,Max35Text,0,1
pacs.004.001.15,/Document/PmtRtr/GrpHdr/InstgAgt/BrnchId/PstlAdr/Ctry,Ctry,CountryCode,0,1
pacs.004.001.15,/Document/PmtRtr/GrpHdr/InstgAgt/BrnchId/PstlAdr/AdrLine,AdrLine,Max70Text,0,7
pacs.004.001.15,/Document/PmtRtr/GrpHdr/InstdAgt,InstdAgt,BranchAndFinancialInstitutionIdentification8,0,1
pacs.004.001.15,/Document/PmtRtr/GrpHdr/InstdAgt/FinInstnId,FinInstnId,FinancialInstitutionIdentification23,1,1
pacs.004.001.15,/Document/PmtRtr/GrpHdr/InstdAgt/FinInstnId/BICFI,BICFI,BICFIDec2014Identifier,0,1
pacs.004.001.15,/Document/PmtRtr/GrpHdr/InstdAgt/FinInstnId/ClrSysMmbId,ClrSysMmbId,ClearingSystemMemberIdentification2,0,1
pacs.004.001.15,/Document/PmtRtr/GrpHdr/InstdAgt/FinInstnId/ClrSysMmbId/ClrSysId,ClrSysId,ClearingSystemIdentification2Choice,0,1
pacs.004.001.15,/Document/PmtRtr/GrpHdr/InstdAgt/FinInstnId/ClrSysMmbId/ClrSysId/Cd,Cd,ExternalClearingSystemIdentification1Code,1,1
pacs.004.001.15,/Document/PmtRtr/GrpHdr/InstdAgt/FinInstnId/ClrSysMmbId/ClrSysId/Prtry,Prtry,Max35Text,1,1
pacs.004.001.15,/Document/PmtRtr/GrpHdr/InstdAgt/FinInstnId/ClrSysMmbId/MmbId,MmbId,Max35Text,1,1
pacs.004.001.15,/Document/PmtRtr/GrpHdr/InstdAgt/FinInstnId/LEI,LEI,LEIIdentifier,0,1
pacs.004.001.15,/Document/PmtRtr/GrpHdr/InstdAgt/FinInstnId/Nm,Nm,Max140Text,0,1
pacs.004.001.15,/Document/PmtRtr/GrpHdr/InstdAgt/FinInstnId/PstlAdr,PstlAdr,PostalAddress27,0,1
pacs.004.001.15,/Document/PmtRtr/GrpHdr/InstdAgt/FinInstnId/PstlAdr/AdrTp,AdrTp,AddressType3Choice,0,1
pacs.004.001.15,/Document/PmtRtr/GrpHdr/InstdAgt/FinInstnId/PstlAdr/AdrTp/Cd,Cd,AddressType2Code,1,1
pacs.004.001.15,/Document/PmtRtr/GrpHdr/InstdAgt/FinInstnId/PstlAdr/AdrTp/Prtry,Prtry,GenericIdentification30,1,1
pacs.004.001.15,/Document/PmtRtr/GrpHdr/InstdAgt/FinInstnId/PstlAdr/AdrTp/Prtry/Id,Id,Exact4AlphaNumericText,1,1
pacs.004.001.15,/Document/PmtRtr/GrpHdr/InstdAgt/FinInstnId/PstlAdr/AdrTp/Prtry/Issr,Issr,Max35Text,1,1
pacs.004.001.15,/Document/PmtRtr/GrpHdr/InstdAgt/FinInstnId/PstlAdr/AdrTp/Prtry/SchmeNm,SchmeNm,Max35Text,0,1
pacs.004.001.15,/Document/PmtRtr/GrpHdr/InstdAgt/FinInstnId/PstlAdr/CareOf,CareOf,Max140Text,0,1
pacs.004.001.15,/Document/PmtRtr/GrpHdr/InstdAgt/FinInstnId/PstlAdr/Dept,Dept,Max70Text,0,1
pacs.004.001.15,/Document/PmtRtr/GrpHdr/InstdAgt/FinInstnId/PstlAdr/SubDept,SubDept,Max70Text,0,1
pacs.004.001.15,/Document/PmtRtr/GrpHdr/InstdAgt/FinInstnId/PstlAdr/StrtNm,StrtNm,Max140Text,0,1
pacs.004.001.15,/Document/PmtRtr/GrpHdr/InstdAgt/FinInstnId/PstlAdr/BldgNb,BldgNb,Max16Text,0,1
pacs.004.001.15,/Document/PmtRtr/GrpHdr/InstdAgt/FinInstnId/PstlAdr/BldgNm,BldgNm,Max140Text,0,1
pacs.004.001.15,/Document/PmtRtr/GrpHdr/InstdAgt/FinInstnId/PstlAdr/Flr,Flr,Max70Text,0,1
pacs.004.001.15,/Document/PmtRtr/GrpHdr/InstdAgt/FinInstnId/PstlAdr/UnitNb,UnitNb,Max16Text,0,1
pacs.004.001.15,/Document/PmtRtr/GrpHdr/InstdAgt/FinInstnId/PstlAdr/PstBx,PstBx,Max16Text,0,1
pacs.004.001.15,/Document/PmtRtr/GrpHdr/InstdAgt/FinInstnId/PstlAdr/Room,Room,Max70Text,0,1
pacs.004.001.15,/Document/PmtRtr/GrpHdr/InstdAgt/FinInstnId/PstlAdr/PstCd,PstCd,Max16Text,0,1
pacs.004.001.15,/Document/PmtRtr/GrpHdr/InstdAgt/FinInstnId/PstlAdr/TwnNm,TwnNm,Max140Text,0,1
pacs.004.001.15,/Document/PmtRtr/GrpHdr/InstdAgt/FinInstnId/PstlAdr/TwnLctnNm,TwnLctnNm,Max140Text,0,1
pacs.004.001.15,/Document/PmtRtr/GrpHdr/InstdAgt/FinInstnId/PstlAdr/DstrctNm,DstrctNm,Max140Text,0,1
pacs.004.001.15,/Document/PmtRtr/GrpHdr/InstdAgt/FinInstnId/PstlAdr/CtrySubDvsn,CtrySubDvsn,Max35Text,0,1
pacs.004.001.15,/Document/PmtRtr/GrpHdr/InstdAgt/FinInstnId/PstlAdr/Ctry,Ctry,CountryCode,0,1
pacs.004.001.15,/Document/PmtRtr/GrpHdr/InstdAgt/FinInstnId/PstlAdr/AdrLine,AdrLine,Max70Text,0,7
pacs.004.001.15,/Document/PmtRtr/GrpHdr/InstdAgt/FinInstnId/Othr,Othr,GenericFinancialIdentification1,0,1
pacs.004.001.15,/Document/PmtRtr/GrpHdr/InstdAgt/FinInstnId/Othr/Id,Id,Max35Text,1,1
pacs.004.001.15,/Document/PmtRtr/GrpHdr/InstdAgt/FinInstnId/Othr/SchmeNm,SchmeNm,FinancialIdentificationSchemeName1Choice,0,1
pacs.004.001.15,/Document/PmtRtr/GrpHdr/InstdAgt/FinInstnId/Othr/SchmeNm/Cd,Cd,ExternalFinancialInstitutionIdentification1Code,1,1
pacs.004.001.15,/Document/PmtRtr/GrpHdr/InstdAgt/FinInstnId/Othr/SchmeNm/Prtry,Prtry,Max35Text,1,1
pacs.004.001.15,/Document/PmtRtr/GrpHdr/InstdAgt/FinInstnId/Othr/Issr,Issr,Max35Text,0,1
pacs.004.001.15,/Document/PmtRtr/GrpHdr/InstdAgt/BrnchId,BrnchId,BranchData5,0,1
pacs.004.001.15,/Document/PmtRtr/GrpHdr/InstdAgt/BrnchId/Id,Id,Max35Text,0,1
pacs.004.001.15,/Document/PmtRtr/GrpHdr/InstdAgt/BrnchId/LEI,LEI,LEIIdentifier,0,1
pacs.004.001.15,/Document/PmtRtr/GrpHdr/InstdAgt/BrnchId/Nm,Nm,Max140Text,0,1
pacs.004.001.15,/Document/PmtRtr/GrpHdr/InstdAgt/BrnchId/PstlAdr,PstlAdr,PostalAddress27,0,1
pacs.004.001.15,/Document/PmtRtr/GrpHdr/InstdAgt/BrnchId/PstlAdr/AdrTp,AdrTp,AddressType3Choice,0,1
pacs.004.001.15,/Document/PmtRtr/GrpHdr/InstdAgt/BrnchId/PstlAdr/AdrTp/Cd,Cd,AddressType2Code,1,1
pacs.004.001.15,/Document/PmtRtr/GrpHdr/InstdAgt/BrnchId/PstlAdr/AdrTp/Prtry,Prtry,GenericIdentification30,1,1
pacs.004.001.15,/Document/PmtRtr/GrpHdr/InstdAgt/BrnchId/PstlAdr/AdrTp/Prtry/Id,Id,Exact4AlphaNumericText,1,1
pacs.004.001.15,/Document/PmtRtr/GrpHdr/InstdAgt/BrnchId/PstlAdr/AdrTp/Prtry/Issr,Issr,Max35Text,1,1
pacs.004.001.15,/Document/PmtRtr/GrpHdr/InstdAgt/BrnchId/PstlAdr/AdrTp/Prtry/SchmeNm,SchmeNm,Max35Text,0,1
pacs.004.001.15,/Document/PmtRtr/GrpHdr/InstdAgt/BrnchId/PstlAdr/CareOf,CareOf,Max140Text,0,1
pacs.004.001.15,/Document/PmtRtr/GrpHdr/InstdAgt/BrnchId/PstlAdr/Dept,Dept,Max70Text,0,1
pacs.004.001.15,/Document/PmtRtr/GrpHdr/InstdAgt/BrnchId/PstlAdr/SubDept,SubDept,Max70Text,0,1
pacs.004.001.15,/Document/PmtRtr/GrpHdr/InstdAgt/BrnchId/PstlAdr/StrtNm,StrtNm,Max140Text,0,1
pacs.004.001.15,/Document/PmtRtr/GrpHdr/InstdAgt/BrnchId/PstlAdr/BldgNb,BldgNb,Max16Text,0,1
pacs.004.001.15,/Document/PmtRtr/GrpHdr/InstdAgt/BrnchId/PstlAdr/BldgNm,BldgNm,Max140Text,0,1
pacs.004.001.15,/Document/PmtRtr/GrpHdr/InstdAgt/BrnchId/PstlAdr/Flr,Flr,Max70Text,0,1
pacs.004.001.15,/Document/PmtRtr/GrpHdr/InstdAgt/BrnchId/PstlAdr/UnitNb,UnitNb,Max16Text,0,1
pacs.004.001.15,/Document/PmtRtr/GrpHdr/InstdAgt/BrnchId/PstlAdr/PstBx,PstBx,Max16Text,0,1
pacs.004.001.15,/Document/PmtRtr/GrpHdr/InstdAgt/BrnchId/PstlAdr/Room,Room,Max70Text,0,1
pacs.004.001.15,/Document/PmtRtr/GrpHdr/InstdAgt/BrnchId/PstlAdr/PstCd,PstCd,Max16Text,0,1
pacs.004.001.15,/Document/PmtRtr/GrpHdr/InstdAgt/BrnchId/PstlAdr/TwnNm,TwnNm,Max140Text,0,1
pacs.004.001.15,/Document/PmtRtr/GrpHdr/InstdAgt/BrnchId/PstlAdr/TwnLctnNm,TwnLctnNm,Max140Text,0,1
pacs.004.001.15,/Document/PmtRtr/GrpHdr/InstdAgt/BrnchId/PstlAdr/DstrctNm,DstrctNm,Max140Text,0,1
pacs.004.001.15,/Document/PmtRtr/GrpHdr/InstdAgt/BrnchId/PstlAdr/CtrySubDvsn,CtrySubDvsn,Max35Text,0,1
pacs.004.001.15,/Document/PmtRtr/GrpHdr/InstdAgt/BrnchId/PstlAdr/Ctry,Ctry,CountryCode,0,1
pacs.004.001.15,/Document/PmtRtr/GrpHdr/InstdAgt/BrnchId/PstlAdr/AdrLine,AdrLine,Max70Text,0,7
pacs.004.001.15,/Document/PmtRtr/OrgnlGrpInf,OrgnlGrpInf,OriginalGroupHeader19,0,1
pacs.004.001.15,/Document/PmtRtr/OrgnlGrpInf/OrgnlMsgId,OrgnlMsgId,Max35Text,1,1
pacs.004.001.15,/Document/PmtRtr/OrgnlGrpInf/OrgnlMsgNmId,OrgnlMsgNmId,Max35Text,1,1
pacs.004.001.15,/Document/PmtRtr/OrgnlGrpInf/OrgnlCreDtTm,OrgnlCreDtTm,ISODateTime,0,1
pacs.004.001.15,/Document/PmtRtr/OrgnlGrpInf/RtrRsnInf,RtrRsnInf,PaymentReturnReason7,0,
pacs.004.001.15,/Document/PmtRtr/OrgnlGrpInf/RtrRsnInf/Orgtr,Orgtr,PartyIdentification272,0,1
pacs.004.001.15,/Document/PmtRtr/OrgnlGrpInf/RtrRsnInf/Orgtr/Nm,Nm,Max140Text,0,1
pacs.004.001.15,/Document/PmtRtr/OrgnlGrpInf/RtrRsnInf/Orgtr/PstlAdr,PstlAdr,PostalAddress27,0,1
pacs.004.001.15,/Document/PmtRtr/OrgnlGrpInf/RtrRsnInf/Orgtr/PstlAdr/AdrTp,AdrTp,AddressType3Choice,0,1
pacs.004.001.15,/Document/PmtRtr/OrgnlGrpInf/RtrRsnInf/Orgtr/PstlAdr/AdrTp/Cd,Cd,AddressType2Code,1,1
pacs.004.001.15,/Document/PmtRtr/OrgnlGrpInf/RtrRsnInf/Orgtr/PstlAdr/AdrTp/Prtry,Prtry,GenericIdentification30,1,1
pacs.004.001.15,/Document/PmtRtr/OrgnlGrpInf/RtrRsnInf/Orgtr/PstlAdr/AdrTp/Prtry/Id,Id,Exact4AlphaNumericText,1,1
pacs.004.001.15,/Document/PmtRtr/OrgnlGrpInf/RtrRsnInf/Orgtr/PstlAdr/AdrTp/Prtry/Issr,Issr,Max35Text,1,1
pacs.004.001.15,/Document/PmtRtr/OrgnlGrpInf/RtrRsnInf/Orgtr/PstlAdr/AdrTp/Prtry/SchmeNm,SchmeNm,Max35Text,0,1
pacs.004.001.15,/Document/PmtRtr/OrgnlGrpInf/RtrRsnInf/Orgtr/PstlAdr/CareOf,CareOf,Max140Text,0,1
pacs.004.001.15,/Document/PmtRtr/OrgnlGrpInf/RtrRsnInf/Orgtr/PstlAdr/Dept,Dept,Max70Text,0,1
pacs.004.001.15,/Document/PmtRtr/OrgnlGrpInf/RtrRsnInf/Orgtr/PstlAdr/SubDept,SubDept,Max70Text,0,1
pacs.004.001.15,/Document/PmtRtr/OrgnlGrpInf/RtrRsnInf/Orgtr/PstlAdr/StrtNm,StrtNm,Max140Text,0,1
pacs.004.001.15,/Document/PmtRtr/OrgnlGrpInf/RtrRsnInf/Orgtr/PstlAdr/BldgNb,BldgNb,Max16Text,0,1
pacs.004.001.15,/Document/PmtRtr/OrgnlGrpInf/RtrRsnInf/Orgtr/PstlAdr/BldgNm,BldgNm,Max140Text,0,1
pacs.004.001.15,/Document/PmtRtr/OrgnlGrpInf/RtrRsnInf/Orgtr/PstlAdr/Flr,Flr,Max70Text,0,1
pacs.004.001.15,/Document/PmtRtr/OrgnlGrpInf/RtrRsnInf/Orgtr/PstlAdr/UnitNb,UnitNb,Max16Text,0,1
pacs.004.001.15,/Document/PmtRtr/OrgnlGrpInf/RtrRsnInf/Orgtr/PstlAdr/PstBx,PstBx,Max16Text,0,1
pacs.004.001.15,/Document/PmtRtr/OrgnlGrpInf/RtrRsnInf/Orgtr/PstlAdr/Room,Room,Max70Text,0,1
pacs.004.001.15,/Document/PmtRtr/OrgnlGrpInf/RtrRsnInf/Orgtr/PstlAdr/PstCd,PstCd,Max16Text,0,1
pacs.004.001.15,/Document/PmtRtr/OrgnlGrpInf/RtrRsnInf/Orgtr/PstlAdr/TwnNm,TwnNm,Max140Text,0,1
pacs.004.001.15,/Document/PmtRtr/OrgnlGrpInf/RtrRsnInf/Orgtr/PstlAdr/TwnLctnNm,TwnLctnNm,Max140Text,0,1
pacs.004.001.15,/Document/PmtRtr/OrgnlGrpInf/RtrRsnInf/Orgtr/PstlAdr/DstrctNm,DstrctNm,Max140Text,0,1
pacs.004.001.15,/Document/PmtRtr/OrgnlGrpInf/RtrRsnInf/Orgtr/PstlAdr/CtrySubDvsn,CtrySubDvsn,Max35Text,0,1
pacs.004.001.15,/Document/PmtRtr/OrgnlGrpInf/RtrRsnInf/Orgtr/PstlAdr/Ctry,Ctry,CountryCode,0,1
pacs.004.001.15,/Document/PmtRtr/OrgnlGrpInf/RtrRsnInf/Orgtr/PstlAdr/AdrLine,AdrLine,Max70Text,0,7
pacs.004.001.15,/Document/PmtRtr/OrgnlGrpInf/RtrRsnInf/Orgtr/Id,Id,Party52Choice,0,1
pacs.004.001.15,/Document/PmtRtr/OrgnlGrpInf/RtrRsnInf/Orgtr/Id/OrgId,OrgId,OrganisationIdentification39,1,1
pacs.004.001.15,/Document/PmtRtr/OrgnlGrpInf/RtrRsnInf/Orgtr/Id/OrgId/AnyBIC,AnyBIC,AnyBICDec2014Identifier,0,1
pacs.004.001.15,/Document/PmtRtr/OrgnlGrpInf/RtrRsnInf/Orgtr/Id/OrgId/LEI,LEI,LEIIdentifier,0,1
pacs.004.001.15,/Document/PmtRtr/OrgnlGrpInf/RtrRsnInf/Orgtr/Id/OrgId/Othr,Othr,GenericOrganisationIdentification3,0,
pacs.004.001.15,/Document/PmtRtr/OrgnlGrpInf/RtrRsnInf/Orgtr/Id/OrgId/Othr/Id,Id,Max256Text,1,1
pacs.004.001.15,/Document/PmtRtr/OrgnlGrpInf/RtrRsnInf/Orgtr/Id/OrgId/Othr/SchmeNm,SchmeNm,OrganisationIdentificationSchemeName1Choice,0,1
pacs.004.001.15,/Document/PmtRtr/OrgnlGrpInf/RtrRsnInf/Orgtr/Id/OrgId/Othr/SchmeNm/Cd,Cd,ExternalOrganisationIdentification1Code,1,1
pacs.004.001.15,/Document/PmtRtr/OrgnlGrpInf/RtrRsnInf/Orgtr/Id/OrgId/Othr/SchmeNm/Prtry,Prtry,Max35Text,1,1
pacs.004.001.15,/Document/PmtRtr/OrgnlGrpInf/RtrRsnInf/Orgtr/Id/OrgId/Othr/Issr,Issr,Max35Text,0,1
pacs.004.001.15,/Document/PmtRtr/OrgnlGrpInf/RtrRsnInf/Orgtr/Id/PrvtId,PrvtId,PersonIdentification18,1,1
pacs.004.001.15,/Document/PmtRtr/OrgnlGrpInf/RtrRsnInf/Orgtr/Id/PrvtId/DtAndPlcOfBirth,DtAndPlcOfBirth,DateAndPlaceOfBirth1,0,1
pacs.004.001.15,/Document/PmtRtr/OrgnlGrpInf/RtrRsnInf/Orgtr/Id/PrvtId/DtAndPlcOfBirth/BirthDt,BirthDt,ISODate,1,1
pacs.004.001.15,/Document/PmtRtr/OrgnlGrpInf/RtrRsnInf/Orgtr/Id/PrvtId/DtAndPlcOfBirth/PrvcOfBirth,PrvcOfBirth,Max35Text,0,1
pacs.004.001.15,/Document/PmtRtr/OrgnlGrpInf/RtrRsnInf/Orgtr/Id/PrvtId/DtAndPlcOfBirth/CityOfBirth,CityOfBirth,Max35Text,1,1
pacs.004.001.15,/Document/PmtRtr/OrgnlGrpInf/RtrRsnInf/Orgtr/Id/PrvtId/DtAndPlcOfBirth/CtryOfBirth,CtryOfBirth,CountryCode,1,1
pacs.004.001.15,/Document/PmtRtr/OrgnlGrpInf/RtrRsnInf/Orgtr/Id/PrvtId/Othr,Othr,GenericPersonIdentification2,0,
pacs.004.001.15,/Document/PmtRtr/OrgnlGrpInf/RtrRsnInf/Orgtr/Id/PrvtId/Othr/Id,Id,Max256Text,1,1
pacs.004.001.15,/Document/PmtRtr/OrgnlGrpInf/RtrRsnInf/Orgtr/Id/PrvtId/Othr/SchmeNm,SchmeNm,PersonIdentificationSchemeName1Choice,0,1
pacs.004.001.15,/Document/PmtRtr/OrgnlGrpInf/RtrRsnInf/Orgtr/Id/PrvtId/Othr/SchmeNm/Cd,Cd,ExternalPersonIdentification1Code,1,1
pacs.004.001.15,/Document/PmtRtr/OrgnlGrpInf/RtrRsnInf/Orgtr/Id/PrvtId/Othr/SchmeNm/Prtry,Prtry,Max35Text,1,1
pacs.004.001.15,/Document/PmtRtr/OrgnlGrpInf/RtrRsnInf/Orgtr/Id/PrvtId/Othr/Issr,Issr,Max35Text,0,1
pacs.004.001.15,/Document/PmtRtr/OrgnlGrpInf/RtrRsnInf/Orgtr/CtryOfRes,CtryOfRes,CountryCode,0,1
pacs.004.001.15,/Document/PmtRtr/OrgnlGrpInf/RtrRsnInf/Orgtr/CtctDtls,CtctDtls,Contact13,0,1
pacs.004.001.15,/Document/PmtRtr/OrgnlGrpInf/RtrRsnInf/Orgtr/CtctDtls/NmPrfx,NmPrfx,NamePrefix2Code,0,1
pacs.004.001.15,/Document/PmtRtr/OrgnlGrpInf/RtrRsnInf/Orgtr/CtctDtls/Nm,Nm,Max140Text,0,1
pacs.004.001.15,/Document/PmtRtr/OrgnlGrpInf/RtrRsnInf/Orgtr/CtctDtls/PhneNb,PhneNb,PhoneNumber,0,1
pacs.004.001.15,/Document/PmtRtr/OrgnlGrpInf/RtrRsnInf/Orgtr/CtctDtls/MobNb,MobNb,PhoneNumber,0,1
pacs.004.001.15,/Document/PmtRtr/OrgnlGrpInf/RtrRsnInf/Orgtr/CtctDtls/FaxNb,FaxNb,PhoneNumber,0,1
pacs.004.001.15,/Document/PmtRtr/OrgnlGrpInf/RtrRsnInf/Orgtr/CtctDtls/URLAdr,URLAdr,Max2048Text,0,1
pacs.004.001.15,/Document/PmtRtr/OrgnlGrpInf/RtrRsnInf/Orgtr/CtctDtls/EmailAdr,EmailAdr,Max256Text,0,1
pacs.004.001.15,/Document/PmtRtr/OrgnlGrpInf/RtrRsnInf/Orgtr/CtctDtls/EmailPurp,EmailPurp,Max35Text,0,1
pacs.004.001.15,/Document/PmtRtr/OrgnlGrpInf/RtrRsnInf/Orgtr/CtctDtls/JobTitl,JobTitl,Max35Text,0,1
pacs.004.001.15,/Document/PmtRtr/OrgnlGrpInf/RtrRsnInf/Orgtr/CtctDtls/Rspnsblty,Rspnsblty,Max35Text,0,1
pacs.004.001.15,/Document/PmtRtr/OrgnlGrpInf/RtrRsnInf/Orgtr/CtctDtls/Dept,Dept,Max70Text,0,1
pacs.004.001.15,/Document/PmtRtr/OrgnlGrpInf/RtrRsnInf/Orgtr/CtctDtls/Othr,Othr,OtherContact1,0,
pacs.004.001.15,/Document/PmtRtr/OrgnlGrpInf/RtrRsnInf/Orgtr/CtctDtls/Othr/ChanlTp,ChanlTp,Max4Text,1,1
pacs.004.001.15,/Document/PmtRtr/OrgnlGrpInf/RtrRsnInf/Orgtr/CtctDtls/Othr/Id,Id,Max128Text,0,1
pacs.004.001.15,/Document/PmtRtr/OrgnlGrpInf/RtrRsnInf/Orgtr/CtctDtls/PrefrdMtd,PrefrdMtd,PreferredContactMethod2Code,0,1
pacs.004.001.15,/Document/PmtRtr/OrgnlGrpInf/RtrRsnInf/Rsn,Rsn,ReturnReason5Choice,0,1
pacs.004.001.15,/Document/PmtRtr/OrgnlGrpInf/RtrRsnInf/Rsn/Cd,Cd,ExternalReturnReason1Code,1,1
pacs.004.001.15,/Document/PmtRtr/OrgnlGrpInf/RtrRsnInf/Rsn/Prtry,Prtry,Max35Text,1,1
pacs.004.001.15,/Document/PmtRtr/OrgnlGrpInf/RtrRsnInf/AddtlInf,AddtlInf,Max105Text,0,
pacs.004.001.15,/Document/PmtRtr/TxInf,TxInf,PaymentTransaction168,0,
pacs.004.001.15,/Document/PmtRtr/TxInf/RtrId,RtrId,Max35Text,0,1
pacs.004.001.15,/Document/PmtRtr/TxInf/OrgnlGrpInf,OrgnlGrpInf,OriginalGroupInformation33,0,1
pacs.004.001.15,/Document/PmtRtr/TxInf/OrgnlGrpInf/OrgnlMsgId,OrgnlMsgId,Max35Text,1,1
pacs.004.001.15,/Document/PmtRtr/TxInf/OrgnlGrpInf/OrgnlMsgNmId,OrgnlMsgNmId,Max35Text,1,1
pacs.004.001.15,/Document/PmtRtr/TxInf/OrgnlGrpInf/OrgnlCreDtTm,OrgnlCreDtTm,ISODateTime,0,1
pacs.004.001.15,/Document/PmtRtr/TxInf/OrgnlInstrId,OrgnlInstrId,Max35Text,0,1
pacs.004.001.15,/Document/PmtRtr/TxInf/OrgnlEndToEndId,OrgnlEndToEndId,Max35Text,0,1
pacs.004.001.15,/Document/PmtRtr/TxInf/OrgnlTxId,OrgnlTxId,Max35Text,0,1
pacs.004.001.15,/Document/PmtRtr/TxInf/OrgnlUETR,OrgnlUETR,UUIDv4Identifier,0,1
pacs.004.001.15,/Document/PmtRtr/TxInf/OrgnlClrSysRef,OrgnlClrSysRef,Max35Text,0,1
pacs.004.001.15,/Document/PmtRtr/TxInf/OrgnlIntrBkSttlmAmt,OrgnlIntrBkSttlmAmt,ActiveOrHistoricCurrencyAndAmount,0,1
pacs.004.001.15,/Document/PmtRtr/TxInf/OrgnlIntrBkSttlmDt,OrgnlIntrBkSttlmDt,ISODate,0,1
pacs.004.001.15,/Document/PmtRtr/TxInf/PmtTpInf,PmtTpInf,PaymentTypeInformation28,0,1
pacs.004.001.15,/Document/PmtRtr/TxInf/PmtTpInf/InstrPrty,InstrPrty,Priority2Code,0,1
pacs.004.001.15,/Document/PmtRtr/TxInf/PmtTpInf/ClrChanl,ClrChanl,ClearingChannel2Code,0,1
pacs.004.001.15,/Document/PmtRtr/TxInf/PmtTpInf/SvcLvl,SvcLvl,ServiceLevel8Choice,0,
pacs.004.001.15,/Document/PmtRtr/TxInf/PmtTpInf/SvcLvl/Cd,Cd,ExternalServiceLevel1Code,1,1
pacs.004.001.15,/Document/PmtRtr/TxInf/PmtTpInf/SvcLvl/Prtry,Prtry,Max35Text,1,1
pacs.004.001.15,/Document/PmtRtr/TxInf/PmtTpInf/LclInstrm,LclInstrm,LocalInstrument2Choice,0,1
pacs.004.001.15,/Document/PmtRtr/TxInf/PmtTpInf/LclInstrm/Cd,Cd,ExternalLocalInstrument1Code,1,1
pacs.004.001.15,/Document/PmtRtr/TxInf/PmtTpInf/LclInstrm/Prtry,Prtry,Max35Text,1,1
pacs.004.001.15,/Document/PmtRtr/TxInf/PmtTpInf/CtgyPurp,CtgyPurp,CategoryPurpose1Choice,0,1
pacs.004.001.15,/Document/PmtRtr/TxInf/PmtTpInf/CtgyPurp/Cd,Cd,ExternalCategoryPurpose1Code,1,1
pacs.004.001.15,/Document/PmtRtr/TxInf/PmtTpInf/CtgyPurp/Prtry,Prtry,Max35Text,1,1
pacs.004.001.15,/Document/PmtRtr/TxInf/RtrdIntrBkSttlmAmt,RtrdIntrBkSttlmAmt,ActiveCurrencyAndAmount,1,1
pacs.004.001.15,/Document/PmtRtr/TxInf/IntrBkSttlmDt,IntrBkSttlmDt,ISODate,0,1
pacs.004.001.15,/Document/PmtRtr/TxInf/SttlmPrty,SttlmPrty,Priority3Code,0,1
pacs.004.001.15,/Document/PmtRtr/TxInf/SttlmTmIndctn,SttlmTmIndctn,SettlementDateTimeIndication1,0,1
pacs.004.001.15,/Document/PmtRtr/TxInf/SttlmTmIndctn/DbtDtTm,DbtDtTm,ISODateTime,0,1
pacs.004.001.15,/Document/PmtRtr/TxInf/SttlmTmIndctn/CdtDtTm,CdtDtTm,ISODateTime,0,1
pacs.004.001.15,/Document/PmtRtr/TxInf/SttlmTmReq,SttlmTmReq,SettlementTimeRequest2,0,1
pacs.004.001.15,/Document/PmtRtr/TxInf/SttlmTmReq/CLSTm,CLSTm,ISOTime,0,1
pacs.004.001.15,/Document/PmtRtr/TxInf/SttlmTmReq/TillTm,TillTm,ISOTime,0,1
pacs.004.001.15,/Document/PmtRtr/TxInf/SttlmTmReq/FrTm,FrTm,ISOTime,0,1
pacs.004.001.15,/Document/PmtRtr/TxInf/SttlmTmReq/RjctTm,RjctTm,ISOTime,0,1
pacs.004.001.15,/Document/PmtRtr/TxInf/RtrdInstdAmt,RtrdInstdAmt,ActiveOrHistoricCurrencyAndAmount,0,1
pacs.004.001.15,/Document/PmtRtr/TxInf/XchgRate,XchgRate,BaseOneRate,0,1
pacs.004.001.15,/Document/PmtRtr/TxInf/AgrdRate,AgrdRate,CurrencyExchange26,0,1
pacs.004.001.15,/Document/PmtRtr/TxInf/AgrdRate/UnitCcy,UnitCcy,ActiveOrHistoricCurrencyCode,0,1
pacs.004.001.15,/Document/PmtRtr/TxInf/AgrdRate/QtdCcy,QtdCcy,ActiveOrHistoricCurrencyCode,0,1
pacs.004.001.15,/Document/PmtRtr/TxInf/AgrdRate/PreAgrdXchgRate,PreAgrdXchgRate,BaseOneRate,1,1
pacs.004.001.15,/Document/PmtRtr/TxInf/AgrdRate/QtnDtTm,QtnDtTm,ISODateTime,0,1
pacs.004.001.15,/Document/PmtRtr/TxInf/AgrdRate/QtId,QtId,UUIDv4Identifier,0,1
pacs.004.001.15,/Document/PmtRtr/TxInf/AgrdRate/FXAgt,FXAgt,BranchAndFinancialInstitutionIdentification8,0,1
pacs.004.001.15,/Document/PmtRtr/TxInf/AgrdRate/FXAgt/FinInstnId,FinInstnId,FinancialInstitutionIdentification23,1,1
pacs.004.001.15,/Document/PmtRtr/TxInf/AgrdRate/FXAgt/FinInstnId/BICFI,BICFI,BICFIDec2014Identifier,0,1
pacs.004.001.15,/Document/PmtRtr/TxInf/AgrdRate/FXAgt/FinInstnId/ClrSysMmbId,ClrSysMmbId,ClearingSystemMemberIdentification2,0,1
pacs.004.001.15,/Document/PmtRtr/TxInf/AgrdRate/FXAgt/FinInstnId/ClrSysMmbId/ClrSysId,ClrSysId,ClearingSystemIdentification2Choice,0,1
pacs.004.001.15,/Document/PmtRtr/TxInf/AgrdRate/FXAgt/FinInstnId/ClrSysMmbId/ClrSysId/Cd,Cd,ExternalClearingSystemIdentification1Code,1,1
pacs.004.001.15,/Document/PmtRtr/TxInf/AgrdRate/FXAgt/FinInstnId/ClrSysMmbId/ClrSysId/Prtry,Prtry,Max35Text,1,1
pacs.004.001.15,/Document/PmtRtr/TxInf/AgrdRate/FXAgt/FinInstnId/ClrSysMmbId/MmbId,MmbId,Max35Text,1,1
pacs.004.001.15,/Document/PmtRtr/TxInf/AgrdRate/FXAgt/FinInstnId/LEI,LEI,LEIIdentifier,0,1
pacs.004.001.15,/Document/PmtRtr/TxInf/AgrdRate/FXAgt/FinInstnId/Nm,Nm,Max140Text,0,1
pacs.004.001.15,/Document/PmtRtr/TxInf/AgrdRate/FXAgt/FinInstnId/PstlAdr,PstlAdr,PostalAddress27,0,1
pacs.004.001.15,/Document/PmtRtr/TxInf/AgrdRate/FXAgt/FinInstnId/PstlAdr/AdrTp,AdrTp,AddressType3Choice,0,1
pacs.004.001.15,/Document/PmtRtr/TxInf/AgrdRate/FXAgt/FinInstnId/PstlAdr/AdrTp/Cd,Cd,AddressType2Code,1,1
pacs.004.001.15,/Document/PmtRtr/TxInf/AgrdRate/FXAgt/FinInstnId/PstlAdr/AdrTp/Prtry,Prtry,GenericIdentification30,1,1
pacs.004.001.15,/Document/PmtRtr/TxInf/AgrdRate/FXAgt/FinInstnId/PstlAdr/AdrTp/Prtry/Id,Id,Exact4AlphaNumericText,1,1
pacs.004.001.15,/Document/PmtRtr/TxInf/AgrdRate/FXAgt/FinInstnId/PstlAdr/AdrTp/Prtry/Issr,Issr,Max35Text,1,1
pacs.004.001.15,/Document/PmtRtr/TxInf/AgrdRate/FXAgt/FinInstnId/PstlAdr/AdrTp/Prtry/SchmeNm,SchmeNm,Max35Text,0,1
pacs.004.001.15,/Document/PmtRtr/TxInf/AgrdRate/FXAgt/FinInstnId/PstlAdr/CareOf,CareOf,Max140Text,0,1
pacs.004.001.15,/Document/PmtRtr/TxInf/AgrdRate/FXAgt/FinInstnId/PstlAdr/Dept,Dept,Max70Text,0,1
pacs.004.001.15,/Document/PmtRtr/TxInf/AgrdRate/FXAgt/FinInstnId/PstlAdr/SubDept,SubDept,Max70Text,0,1
pacs.004.001.15,/Document/PmtRtr/TxInf/AgrdRate/FXAgt/FinInstnId/PstlAdr/StrtNm,StrtNm,Max140Text,0,1
pacs.004.001.15,/Document/PmtRtr/TxInf/AgrdRate/FXAgt/FinInstnId/PstlAdr/BldgNb,BldgNb,Max16Text,0,1
pacs.004.001.15,/Document/PmtRtr/TxInf/AgrdRate/FXAgt/FinInstnId/PstlAdr/BldgNm,BldgNm,Max140Text,0,1
pacs.004.001.15,/Document/PmtRtr/TxInf/AgrdRate/FXAgt/FinInstnId/PstlAdr/Flr,Flr,Max70Text,0,1
pacs.004.001.15,/Document/PmtRtr/TxInf/AgrdRate/FXAgt/FinInstnId/PstlAdr/UnitNb,UnitNb,Max16Text,0,1
pacs.004.001.15,/Document/PmtRtr/TxInf/AgrdRate/FXAgt/FinInstnId/PstlAdr/PstBx,PstBx,Max16Text,0,1
pacs.004.001.15,/Document/PmtRtr/TxInf/AgrdRate/FXAgt/FinInstnId/PstlAdr/Room,Room,Max70Text,0,1
pacs.004.001.15,/Document/PmtRtr/TxInf/AgrdRate/FXAgt/FinInstnId/PstlAdr/PstCd,PstCd,Max16Text,0,1
pacs.004.001.15,/Document/PmtRtr/TxInf/AgrdRate/FXAgt/FinInstnId/PstlAdr/TwnNm,TwnNm,Max140Text,0,1
pacs.004.001.15,/Document/PmtRtr/TxInf/AgrdRate/FXAgt/FinInstnId/PstlAdr/TwnLctnNm,TwnLctnNm,Max140Text,0,1
pacs.004.001.15,/Document/PmtRtr/TxInf/AgrdRate/FXAgt/FinInstnId/PstlAdr/DstrctNm,DstrctNm,Max140Text,0,1
pacs.004.001.15,/Document/PmtRtr/TxInf/AgrdRate/FXAgt/FinInstnId/PstlAdr/CtrySubDvsn,CtrySubDvsn,Max35Text,0,1
pacs.004.001.15,/Document/PmtRtr/TxInf/AgrdRate/FXAgt/FinInstnId/PstlAdr/Ctry,Ctry,CountryCode,0,1
pacs.004.001.15,/Document/PmtRtr/TxInf/AgrdRate/FXAgt/FinInstnId/PstlAdr/AdrLine,AdrLine,Max70Text,0,7
pacs.004.001.15,/Document/PmtRtr/TxInf/AgrdRate/FXAgt/FinInstnId/Othr,Othr,GenericFinancialIdentification1,0,1
pacs.004.001.15,/Document/PmtRtr/TxInf/AgrdRate/FXAgt/FinInstnId/Othr/Id,Id,Max35Text,1,1
pacs.004.001.15,/Document/PmtRtr/TxInf/AgrdRate/FXAgt/FinInstnId/Othr/SchmeNm,SchmeNm,FinancialIdentificationSchemeName1Choice,0,1
pacs.004.001.15,/Document/PmtRtr/TxInf/AgrdRate/FXAgt/FinInstnId/Othr/SchmeNm/Cd,Cd,ExternalFinancialInstitutionIdentification1Code,1,1
pacs.004.001.15,/Document/PmtRtr/TxInf/AgrdRate/FXAgt/FinInstnId/Othr/SchmeNm/Prtry,Prtry,Max35Text,1,1
pacs.004.001.15,/Document/PmtRtr/TxInf/AgrdRate/FXAgt/FinInstnId/Othr/Issr,Issr,Max35Text,0,1
pacs.004.001.15,/Document/PmtRtr/TxInf/AgrdRate/FXAgt/BrnchId,BrnchId,BranchData5,0,1
pacs.004.001.15,/Document/PmtRtr/TxInf/AgrdRate/FXAgt/BrnchId/Id,Id,Max35Text,0,1
pacs.004.001.15,/Document/PmtRtr/TxInf/AgrdRate/FXAgt/BrnchId/LEI,LEI,LEIIdentifier,0,1
pacs.004.001.15,/Document/PmtRtr/TxInf/AgrdRate/FXAgt/BrnchId/Nm,Nm,Max140Text,0,1
pacs.004.001.15,/Document/PmtRtr/TxInf/AgrdRate/FXAgt/BrnchId/PstlAdr,PstlAdr,PostalAddress27,0,1
pacs.004.001.15,/Document/PmtRtr/TxInf/AgrdRate/FXAgt/BrnchId/PstlAdr/AdrTp,AdrTp,AddressType3Choice,0,1
pacs.004.001.15,/Document/PmtRtr/TxInf/AgrdRate/FXAgt/BrnchId/PstlAdr/AdrTp/Cd,Cd,AddressType2Code,1,1
pacs.004.001.15,/Document/PmtRtr/TxInf/AgrdRate/FXAgt/BrnchId/PstlAdr/AdrTp/Prtry,Prtry,GenericIdentification30,1,1
pacs.004.001.15,/Document/PmtRtr/TxInf/AgrdRate/FXAgt/BrnchId/PstlAdr/AdrTp/Prtry/Id,Id,Exact4AlphaNumericText,1,1
pacs.004.001.15,/Document/PmtRtr/TxInf/AgrdRate/FXAgt/BrnchId/PstlAdr/AdrTp/Prtry/Issr,Issr,Max35Text,1,1
pacs.004.001.15,/Document/PmtRtr/TxInf/AgrdRate/FXAgt/BrnchId/PstlAdr/AdrTp/Prtry/SchmeNm,SchmeNm,Max35Text,0,1
pacs.004.001.15,/Document/PmtRtr/TxInf/AgrdRate/FXAgt/BrnchId/PstlAdr/CareOf,CareOf,Max140Text,0,1
pacs.004.001.15,/Document/PmtRtr/TxInf/AgrdRate/FXAgt/BrnchId/PstlAdr/Dept,Dept,Max70Text,0,1
pacs.004.001.15,/Document/PmtRtr/TxInf/AgrdRate/FXAgt/BrnchId/PstlAdr/SubDept,SubDept,Max70Text,0,1
pacs.004.001.15,/Document/PmtRtr/TxInf/AgrdRate/FXAgt/BrnchId/PstlAdr/StrtNm,StrtNm,Max140Text,0,1
pacs.004.001.15,/Document/PmtRtr/TxInf/AgrdRate/FXAgt/BrnchId/PstlAdr/BldgNb,BldgNb,Max16Text,0,1
pacs.004.001.15,/Document/PmtRtr/TxInf/AgrdRate/FXAgt/BrnchId/PstlAdr/BldgNm,BldgNm,Max140Text,0,1
pacs.004.001.15,/Document/PmtRtr/TxInf/AgrdRate/FXAgt/BrnchId/PstlAdr/Flr,Flr,Max70Text,0,1
pacs.004.001.15,/Document/PmtRtr/TxInf/AgrdRate/FXAgt/BrnchId/PstlAdr/UnitNb,UnitNb,Max16Text,0,1
pacs.004.001.15,/Document/PmtRtr/TxInf/AgrdRate/FXAgt/BrnchId/PstlAdr/PstBx,PstBx,Max16Text,0,1
pacs.004.001.15,/Document/PmtRtr/TxInf/AgrdRate/FXAgt/BrnchId/PstlAdr/Room,Room,Max70Text,0,1
pacs.004.001.15,/Document/PmtRtr/TxInf/AgrdRate/FXAgt/BrnchId/PstlAdr/PstCd,PstCd,Max16Text,0,1
pacs.004.001.15,/Document/PmtRtr/TxInf/AgrdRate/FXAgt/BrnchId/PstlAdr/TwnNm,TwnNm,Max140Text,0,1
pacs.004.001.15,/Document/PmtRtr/TxInf/AgrdRate/FXAgt/BrnchId/PstlAdr/TwnLctnNm,TwnLctnNm,Max140Text,0,1
pacs.004.001.15,/Document/PmtRtr/TxInf/AgrdRate/FXAgt/BrnchId/PstlAdr/DstrctNm,DstrctNm,Max140Text,0,1
pacs.004.001.15,/Document/PmtRtr/TxInf/AgrdRate/FXAgt/BrnchId/PstlAdr/CtrySubDvsn,CtrySubDvsn,Max35Text,0,1
pacs.004.001.15,/Document/PmtRtr/TxInf/AgrdRate/FXAgt/BrnchId/PstlAdr/Ctry,Ctry,CountryCode,0,1
pacs.004.001.15,/Document/PmtRtr/TxInf/AgrdRate/FXAgt/BrnchId/PstlAdr/AdrLine,AdrLine,Max70Text,0,7
pacs.004.001.15,/Document/PmtRtr/TxInf/CompstnAmt,CompstnAmt,ActiveOrHistoricCurrencyAndAmount,0,1
pacs.004.001.15,/Document/PmtRtr/TxInf/ChrgBr,ChrgBr,ChargeBearerType1Code,0,1
pacs.004.001.15,/Document/PmtRtr/TxInf/ChrgsInf,ChrgsInf,Charges16,0,
pacs.004.001.15,/Document/PmtRtr/TxInf/ChrgsInf/Amt,Amt,ActiveOrHistoricCurrencyAndAmount,1,1
pacs.004.001.15,/Document/PmtRtr/TxInf/ChrgsInf/Agt,Agt,BranchAndFinancialInstitutionIdentification8,1,1
pacs.004.001.15,/Document/PmtRtr/TxInf/ChrgsInf/Agt/FinInstnId,FinInstnId,FinancialInstitutionIdentification23,1,1
pacs.004.001.15,/Document/PmtRtr/TxInf/ChrgsInf/Agt/FinInstnId/BICFI,BICFI,BICFIDec2014Identifier,0,1
pacs.004.001.15,/Document/PmtRtr/TxInf/ChrgsInf/Agt/FinInstnId/ClrSysMmbId,ClrSysMmbId,ClearingSystemMemberIdentification2,0,1
pacs.004.001.15,/Document/PmtRtr/TxInf/ChrgsInf/Agt/FinInstnId/ClrSysMmbId/ClrSysId,ClrSysId,ClearingSystemIdentification2Choice,0,1
pacs.004.001.15,/Document/PmtRtr/TxInf/ChrgsInf/Agt/FinInstnId/ClrSysMmbId/ClrSysId/Cd,Cd,ExternalClearingSystemIdentification1Code,1,1
pacs.004.001.15,/Document/PmtRtr/TxInf/ChrgsInf/Agt/FinInstnId/ClrSysMmbId/ClrSysId/Prtry,Prtry,Max35Text,1,1
pacs.004.001.15,/Document/PmtRtr/TxInf/ChrgsInf/Agt/FinInstnId/ClrSysMmbId/MmbId,MmbId,Max35Text,1,1
pacs.004.001.15,/Document/PmtRtr/TxInf/ChrgsInf/Agt/FinInstnId/LEI,LEI,LEIIdentifier,0,1
pacs.004.001.15,/Document/PmtRtr/TxInf/ChrgsInf/Agt/FinInstnId/Nm,Nm,Max140Text,0,1
pacs.004.001.15,/Document/PmtRtr/TxInf/ChrgsInf/Agt/FinInstnId/PstlAdr,PstlAdr,PostalAddress27,0,1
pacs.004.001.15,/Document/PmtRtr/TxInf/ChrgsInf/Agt/FinInstnId/PstlAdr/AdrTp,AdrTp,AddressType3Choice,0,1
pacs.004.001.15,/Document/PmtRtr/TxInf/ChrgsInf/Agt/FinInstnId/PstlAdr/AdrTp/Cd,Cd,AddressType2Code,1,1
pacs.004.001.15,/Document/PmtRtr/TxInf/ChrgsInf/Agt/FinInstnId/PstlAdr/AdrTp/Prtry,Prtry,GenericIdentification30,1,1
pacs.004.001.15,/Document/PmtRtr/TxInf/ChrgsInf/Agt/FinInstnId/PstlAdr/AdrTp/Prtry/Id,Id,Exact4AlphaNumericText,1,1
pacs.004.001.15,/Document/PmtRtr/TxInf/ChrgsInf/Agt/FinInstnId/PstlAdr/AdrTp/Prtry/Issr,Issr,Max35Text,1,1
pacs.004.001.15,/Document/PmtRtr/TxInf/ChrgsInf/Agt/FinInstnId/PstlAdr/AdrTp/Prtry/SchmeNm,SchmeNm,Max35Text,0,1
pacs.004.001.15,/Document/PmtRtr/TxInf/ChrgsInf/Agt/FinInstnId/PstlAdr/CareOf,CareOf,Max140Text,0,1
pacs.004.001.15,/Document/PmtRtr/TxInf/ChrgsInf/Agt/FinInstnId/PstlAdr/Dept,Dept,Max70Text,0,1
pacs.004.001.15,/Document/PmtRtr/TxInf/ChrgsInf/Agt/FinInstnId/PstlAdr/SubDept,SubDept,Max70Text,0,1
pacs.004.001.15,/Document/PmtRtr/TxInf/ChrgsInf/Agt/FinInstnId/PstlAdr/StrtNm,StrtNm,Max140Text,0,1
pacs.004.001.15,/Document/PmtRtr/TxInf/ChrgsInf/Agt/FinInstnId/PstlAdr/BldgNb,BldgNb,Max16Text,0,1
pacs.004.001.15,/Document/PmtRtr/TxInf/ChrgsInf/Agt/FinInstnId/PstlAdr/BldgNm,BldgNm,Max140Text,0,1
pacs.004.001.15,/Document/PmtRtr/TxInf/ChrgsInf/Agt/FinInstnId/PstlAdr/Flr,Flr,Max70Text,0,1
pacs.004.001.15,/Document/PmtRtr/TxInf/ChrgsInf/Agt/FinInstnId/PstlAdr/UnitNb,UnitNb,Max16Text,0,1
pacs.004.001.15,/Document/PmtRtr/TxInf/ChrgsInf/Agt/FinInstnId/PstlAdr/PstBx,PstBx,Max16Text,0,1
pacs.004.001.15,/Document/PmtRtr/TxInf/ChrgsInf/Agt/FinInstnId/PstlAdr/Room,Room,Max70Text,0,1
pacs.004.001.15,/Document/PmtRtr/TxInf/ChrgsInf/Agt/FinInstnId/PstlAdr/PstCd,PstCd,Max16Text,0,1
pacs.004.001.15,/Document/PmtRtr/TxInf/ChrgsInf/Agt/FinInstnId/PstlAdr/TwnNm,TwnNm,Max140Text,0,1
pacs.004.001.15,/Document/PmtRtr/TxInf/ChrgsInf/Agt/FinInstnId/PstlAdr/TwnLctnNm,TwnLctnNm,Max140Text,0,1
pacs.004.001.15,/Document/PmtRtr/TxInf/ChrgsInf/Agt/FinInstnId/PstlAdr/DstrctNm,DstrctNm,Max140Text,0,1
pacs.004.001.15,/Document/PmtRtr/TxInf/ChrgsInf/Agt/FinInstnId/PstlAdr/CtrySubDvsn,CtrySubDvsn,Max35Text,0,1
pacs.004.001.15,/Document/PmtRtr/TxInf/ChrgsInf/Agt/FinInstnId/PstlAdr/Ctry,Ctry,CountryCode,0,1
pacs.004.001.15,/Document/PmtRtr/TxInf/ChrgsInf/Agt/FinInstnId/PstlAdr/AdrLine,AdrLine,Max70Text,0,7
pacs.004.001.15,/Document/PmtRtr/TxInf/ChrgsInf/Agt/FinInstnId/Othr,Othr,GenericFinancialIdentification1,0,1
pacs.004.001.15,/Document/PmtRtr/TxInf/ChrgsInf/Agt/FinInstnId/Othr/Id,Id,Max35Text,1,1
pacs.004.001.15,/Document/PmtRtr/TxInf/ChrgsInf/Agt/FinInstnId/Othr/SchmeNm,SchmeNm,FinancialIdentificationSchemeName1Choice,0,1
pacs.004.001.15,/Document/PmtRtr/TxInf/ChrgsInf/Agt/FinInstnId/Othr/SchmeNm/Cd,Cd,ExternalFinancialInstitutionIdentification1Code,1,1
pacs.004.001.15,/Document/PmtRtr/TxInf/ChrgsInf/Agt/FinInstnId/Othr/SchmeNm/Prtry,Prtry,Max35Text,1,1
pacs.004.001.15,/Document/PmtRtr/TxInf/ChrgsInf/Agt/FinInstnId/Othr/Issr,Issr,Max35Text,0,1
pacs.004.001.15,/Document/PmtRtr/TxInf/ChrgsInf/Agt/BrnchId,BrnchId,BranchData5,0,1
pacs.004.001.15,/Document/PmtRtr/TxInf/ChrgsInf/Agt/BrnchId/Id,Id,Max35Text,0,1
pacs.004.001.15,/Document/PmtRtr/TxInf/ChrgsInf/Agt/BrnchId/LEI,LEI,LEIIdentifier,0,1
pacs.004.001.15,/Document/PmtRtr/TxInf/ChrgsInf/Agt/BrnchId/Nm,Nm,Max140Text,0,1
pacs.004.001.15,/Document/PmtRtr/TxInf/ChrgsInf/Agt/BrnchId/PstlAdr,PstlAdr,PostalAddress27,0,1
pacs.004.001.15,/Document/PmtRtr/TxInf/ChrgsInf/Agt/BrnchId/PstlAdr/AdrTp,AdrTp,AddressType3Choice,0,1
pacs.004.001.15,/Document/PmtRtr/TxInf/ChrgsInf/Agt/BrnchId/PstlAdr/AdrTp/Cd,Cd,AddressType2Code,1,1
pacs.004.001.15,/Document/PmtRtr/TxInf/ChrgsInf/Agt/BrnchId/PstlAdr/AdrTp/Prtry,Prtry,GenericIdentification30,1,1
pacs.004.001.15,/Document/PmtRtr/TxInf/ChrgsInf/Agt/BrnchId/PstlAdr/AdrTp/Prtry/Id,Id,Exact4AlphaNumericText,1,1
pacs.004.001.15,/Document/PmtRtr/TxInf/ChrgsInf/Agt/BrnchId/PstlAdr/AdrTp/Prtry/Issr,Issr,Max35Text,1,1
pacs.004.001.15,/Document/PmtRtr/TxInf/ChrgsInf/Agt/BrnchId/PstlAdr/AdrTp/Prtry/SchmeNm,SchmeNm,Max35Text,0,1
pacs.004.001.15,/Document/PmtRtr/TxInf/ChrgsInf/Agt/BrnchId/PstlAdr/CareOf,CareOf,Max140Text,0,1
pacs.004.001.15,/Document/PmtRtr/TxInf/ChrgsInf/Agt/BrnchId/PstlAdr/Dept,Dept,Max70Text,0,1
pacs.004.001.15,/Document/PmtRtr/TxInf/ChrgsInf/Agt/BrnchId/PstlAdr/SubDept,SubDept,Max70Text,0,1
pacs.004.001.15,/Document/PmtRtr/TxInf/ChrgsInf/Agt/BrnchId/PstlAdr/StrtNm,StrtNm,Max140Text,0,1
pacs.004.001.15,/Document/PmtRtr/TxInf/ChrgsInf/Agt/BrnchId/PstlAdr/BldgNb,BldgNb,Max16Text,0,1
pacs.004.001.15,/Document/PmtRtr/TxInf/ChrgsInf/Agt/BrnchId/PstlAdr/BldgNm,BldgNm,Max140Text,0,1
pacs.004.001.15,/Document/PmtRtr/TxInf/ChrgsInf/Agt/BrnchId/PstlAdr/Flr,Flr,Max70Text,0,1
pacs.004.001.15,/Document/PmtRtr/TxInf/ChrgsInf/Agt/BrnchId/PstlAdr/UnitNb,UnitNb,Max16Text,0,1
pacs.004.001.15,/Document/PmtRtr/TxInf/ChrgsInf/Agt/BrnchId/PstlAdr/PstBx,PstBx,Max16Text,0,1
pacs.004.001.15,/Document/PmtRtr/TxInf/ChrgsInf/Agt/BrnchId/PstlAdr/Room,Room,Max70Text,0,1
pacs.004.001.15,/Document/PmtRtr/TxInf/ChrgsInf/Agt/BrnchId/PstlAdr/PstCd,PstCd,Max16Text,0,1
pacs.004.001.15,/Document/PmtRtr/TxInf/ChrgsInf/Agt/BrnchId/PstlAdr/TwnNm,TwnNm,Max140Text,0,1
pacs.004.001.15,/Document/PmtRtr/TxInf/ChrgsInf/Agt/BrnchId/PstlAdr/TwnLctnNm,TwnLctnNm,Max140Text,0,1
pacs.004.001.15,/Document/PmtRtr/TxInf/ChrgsInf/Agt/BrnchId/PstlAdr/DstrctNm,DstrctNm,Max140Text,0,1
pacs.004.001.15,/Document/PmtRtr/TxInf/ChrgsInf/Agt/BrnchId/PstlAdr/CtrySubDvsn,CtrySubDvsn,Max35Text,0,1
pacs.004.001.15,/Document/PmtRtr/TxInf/ChrgsInf/Agt/BrnchId/PstlAdr/Ctry,Ctry,CountryCode,0,1
pacs.004.001.15,/Document/PmtRtr/TxInf/ChrgsInf/Agt/BrnchId/PstlAdr/AdrLine,AdrLine,Max70Text,0,7
pacs.004.001.15,/Document/PmtRtr/TxInf/ChrgsInf/Tp,Tp,ChargeType3Choice,0,1
pacs.004.001.15,/Document/PmtRtr/TxInf/ChrgsInf/Tp/Cd,Cd,ExternalChargeType1Code,1,1
pacs.004.001.15,/Document/PmtRtr/TxInf/ChrgsInf/Tp/Prtry,Prtry,GenericIdentification3,1,1
pacs.004.001.15,/Document/PmtRtr/TxInf/ChrgsInf/Tp/Prtry/Id,Id,Max35Text,1,1
pacs.004.001.15,/Document/PmtRtr/TxInf/ChrgsInf/Tp/Prtry/Issr,Issr,Max35Text,0,1
pacs.004.001.15,/Document/PmtRtr/TxInf/ClrSysRef,ClrSysRef,Max35Text,0,1
pacs.004.001.15,/Document/PmtRtr/TxInf/InstgAgt,InstgAgt,BranchAndFinancialInstitutionIdentification8,0,1
pacs.004.001.15,/Document/PmtRtr/TxInf/InstgAgt/FinInstnId,FinInstnId,FinancialInstitutionIdentification23,1,1
pacs.004.001.15,/Document/PmtRtr/TxInf/InstgAgt/FinInstnId/BICFI,BICFI,BICFIDec2014Identifier,0,1
pacs.004.001.15,/Document/PmtRtr/TxInf/InstgAgt/FinInstnId/ClrSysMmbId,ClrSysMmbId,ClearingSystemMemberIdentification2,0,1
pacs.004.001.15,/Document/PmtRtr/TxInf/InstgAgt/FinInstnId/ClrSysMmbId/ClrSysId,ClrSysId,ClearingSystemIdentification2Choice,0,1
pacs.004.001.15,/Document/PmtRtr/TxInf/InstgAgt/FinInstnId/ClrSysMmbId/ClrSysId/Cd,Cd,ExternalClearingSystemIdentification1Code,1,1
pacs.004.001.15,/Document/PmtRtr/TxInf/InstgAgt/FinInstnId/ClrSysMmbId/ClrSysId/Prtry,Prtry,Max35Text,1,1
pacs.004.001.15,/Document/PmtRtr/TxInf/InstgAgt/FinInstnId/ClrSysMmbId/MmbId,MmbId,Max35Text,1,1
pacs.004.001.15,/Document/PmtRtr/TxInf/InstgAgt/FinInstnId/LEI,LEI,LEIIdentifier,0,1
pacs.004.001.15,/Document/PmtRtr/TxInf/InstgAgt/FinInstnId/Nm,Nm,Max140Text,0,1
pacs.004.001.15,/Document/PmtRtr/TxInf/InstgAgt/FinInstnId/PstlAdr,PstlAdr,PostalAddress27,0,1
pacs.004.001.15,/Document/PmtRtr/TxInf/InstgAgt/FinInstnId/PstlAdr/AdrTp,AdrTp,AddressType3Choice,0,1
pacs.004.001.15,/Document/PmtRtr/TxInf/InstgAgt/FinInstnId/PstlAdr/AdrTp/Cd,Cd,AddressType2Code,1,1
pacs.004.001.15,/Document/PmtRtr/TxInf/InstgAgt/FinInstnId/PstlAdr/AdrTp/Prtry,Prtry,GenericIdentification30,1,1
pacs.004.001.15,/Document/PmtRtr/TxInf/InstgAgt/FinInstnId/PstlAdr/AdrTp/Prtry/Id,Id,Exact4AlphaNumericText,1,1
pacs.004.001.15,/Document/PmtRtr/TxInf/InstgAgt/FinInstnId/PstlAdr/AdrTp/Prtry/Issr,Issr,Max35Text,1,1
pacs.004.001.15,/Document/PmtRtr/TxInf/InstgAgt/FinInstnId/PstlAdr/AdrTp/Prtry/SchmeNm,SchmeNm,Max35Text,0,1
pacs.004.001.15,/Document/PmtRtr/TxInf/InstgAgt/FinInstnId/PstlAdr/CareOf,CareOf,Max140Text,0,1
pacs.004.001.15,/Document/PmtRtr/TxInf/InstgAgt/FinInstnId/PstlAdr/Dept,Dept,Max70Text,0,1
pacs.004.001.15,/Document/PmtRtr/TxInf/InstgAgt/FinInstnId/PstlAdr/SubDept,SubDept,Max70Text,0,1
pacs.004.001.15,/Document/PmtRtr/TxInf/InstgAgt/FinInstnId/PstlAdr/StrtNm,StrtNm,Max140Text,0,1
pacs.004.001.15,/Document/PmtRtr/TxInf/InstgAgt/FinInstnId/PstlAdr/BldgNb,BldgNb,Max16Text,0,1
pacs.004.001.15,/Document/PmtRtr/TxInf/InstgAgt/FinInstnId/PstlAdr/BldgNm,BldgNm,Max140Text,0,1
pacs.004.001.15,/Document/PmtRtr/TxInf/InstgAgt/FinInstnId/PstlAdr/Flr,Flr,Max70Text,0,1
pacs.004.001.15,/Document/PmtRtr/TxInf/InstgAgt/FinInstnId/PstlAdr/UnitNb,UnitNb,Max16Text,0,1
pacs.004.001.15,/Document/PmtRtr/TxInf/InstgAgt/FinInstnId/PstlAdr/PstBx,PstBx,Max16Text,0,1
pacs.004.001.15,/Document/PmtRtr/TxInf/InstgAgt/FinInstnId/PstlAdr/Room,Room,Max70Text,0,1
pacs.004.001.15,/Document/PmtRtr/TxInf/InstgAgt/FinInstnId/PstlAdr/PstCd,PstCd,Max16Text,0,1
pacs.004.001.15,/Document/PmtRtr/TxInf/InstgAgt/FinInstnId/PstlAdr/TwnNm,TwnNm,Max140Text,0,1
pacs.004.001.15,/Document/PmtRtr/TxInf/InstgAgt/FinInstnId/PstlAdr/TwnLctnNm,TwnLctnNm,Max140Text,0,1
pacs.004.001.15,/Document/PmtRtr/TxInf/InstgAgt/FinInstnId/PstlAdr/DstrctNm,DstrctNm,Max140Text,0,1
pacs.004.001.15,/Document/PmtRtr/TxInf/InstgAgt/FinInstnId/PstlAdr/CtrySubDvsn,CtrySubDvsn,Max35Text,0,1
pacs.004.001.15,/Document/PmtRtr/TxInf/InstgAgt/FinInstnId/PstlAdr/Ctry,Ctry,CountryCode,0,1
pacs.004.001.15,/Document/PmtRtr/TxInf/InstgAgt/FinInstnId/PstlAdr/AdrLine,AdrLine,Max70Text,0,7
pacs.004.001.15,/Document/PmtRtr/TxInf/InstgAgt/FinInstnId/Othr,Othr,GenericFinancialIdentification1,0,1
pacs.004.001.15,/Document/PmtRtr/TxInf/InstgAgt/FinInstnId/Othr/Id,Id,Max35Text,1,1
pacs.004.001.15,/Document/PmtRtr/TxInf/InstgAgt/FinInstnId/Othr/SchmeNm,SchmeNm,FinancialIdentificationSchemeName1Choice,0,1
pacs.004.001.15,/Document/PmtRtr/TxInf/InstgAgt/FinInstnId/Othr/SchmeNm/Cd,Cd,ExternalFinancialInstitutionIdentification1Code,1,1
pacs.004.001.15,/Document/PmtRtr/TxInf/InstgAgt/FinInstnId/Othr/SchmeNm/Prtry,Prtry,Max35Text,1,1
pacs.004.001.15,/Document/PmtRtr/TxInf/InstgAgt/FinInstnId/Othr/Issr,Issr,Max35Text,0,1
pacs.004.001.15,/Document/PmtRtr/TxInf/InstgAgt/BrnchId,BrnchId,BranchData5,0,1
pacs.004.001.15,/Document/PmtRtr/TxInf/InstgAgt/BrnchId/Id,Id,Max35Text,0,1
pacs.004.001.15,/Document/PmtRtr/TxInf/InstgAgt/BrnchId/LEI,LEI,LEIIdentifier,0,1
pacs.004.001.15,/Document/PmtRtr/TxInf/InstgAgt/BrnchId/Nm,Nm,Max140Text,0,1
pacs.004.001.15,/Document/PmtRtr/TxInf/InstgAgt/BrnchId/PstlAdr,PstlAdr,PostalAddress27,0,1
pacs.004.001.15,/Document/PmtRtr/TxInf/InstgAgt/BrnchId/PstlAdr/AdrTp,AdrTp,AddressType3Choice,0,1
pacs.004.001.15,/Document/PmtRtr/TxInf/InstgAgt/BrnchId/PstlAdr/AdrTp/Cd,Cd,AddressType2Code,1,1
pacs.004.001.15,/Document/PmtRtr/TxInf/InstgAgt/BrnchId/PstlAdr/AdrTp/Prtry,Prtry,GenericIdentification30,1,1
pacs.004.001.15,/Document/PmtRtr/TxInf/InstgAgt/BrnchId/PstlAdr/AdrTp/Prtry/Id,Id,Exact4AlphaNumericText,1,1
pacs.004.001.15,/Document/PmtRtr/TxInf/InstgAgt/BrnchId/PstlAdr/AdrTp/Prtry/Issr,Issr,Max35Text,1,1
pacs.004.001.15,/Document/PmtRtr/TxInf/InstgAgt/BrnchId/PstlAdr/AdrTp/Prtry/SchmeNm,SchmeNm,Max35Text,0,1
pacs.004.001.15,/Document/PmtRtr/TxInf/InstgAgt/BrnchId/PstlAdr/CareOf,CareOf,Max140Text,0,1
pacs.004.001.15,/Document/PmtRtr/TxInf/InstgAgt/BrnchId/PstlAdr/Dept,Dept,Max70Text,0,1
pacs.004.001.15,/Document/PmtRtr/TxInf/InstgAgt/BrnchId/PstlAdr/SubDept,SubDept,Max70Text,0,1
pacs.004.001.15,/Document/PmtRtr/TxInf/InstgAgt/BrnchId/PstlAdr/StrtNm,StrtNm,Max140Text,0,1
pacs.004.001.15,/Document/PmtRtr/TxInf/InstgAgt/BrnchId/PstlAdr/BldgNb,BldgNb,Max16Text,0,1
pacs.004.001.15,/Document/PmtRtr/TxInf/InstgAgt/BrnchId/PstlAdr/BldgNm,BldgNm,Max140Text,0,1
pacs.004.001.15,/Document/PmtRtr/TxInf/InstgAgt/BrnchId/PstlAdr/Flr,Flr,Max70Text,0,1
pacs.004.001.15,/Document/PmtRtr/TxInf/InstgAgt/BrnchId/PstlAdr/UnitNb,UnitNb,Max16Text,0,1
pacs.004.001.15,/Document/PmtRtr/TxInf/InstgAgt/BrnchId/PstlAdr/PstBx,PstBx,Max16Text,0,1
pacs.004.001.15,/Document/PmtRtr/TxInf/InstgAgt/BrnchId/PstlAdr/Room,Room,Max70Text,0,1
pacs.004.001.15,/Document/PmtRtr/TxInf/InstgAgt/BrnchId/PstlAdr/PstCd,PstCd,Max16Text,0,1
pacs.004.001.15,/Document/PmtRtr/TxInf/InstgAgt/BrnchId/PstlAdr/TwnNm,TwnNm,Max140Text,0,1
pacs.004.001.15,/Document/PmtRtr/TxInf/InstgAgt/BrnchId/PstlAdr/TwnLctnNm,TwnLctnNm,Max140Text,0,1
pacs.004.001.15,/Document/PmtRtr/TxInf/InstgAgt/BrnchId/PstlAdr/DstrctNm,DstrctNm,Max140Text,0,1
pacs.004.001.15,/Document/PmtRtr/TxInf/InstgAgt/BrnchId/PstlAdr/CtrySubDvsn,CtrySubDvsn,Max35Text,0,1
pacs.004.001.15,/Document/PmtRtr/TxInf/InstgAgt/BrnchId/PstlAdr/Ctry,Ctry,CountryCode,0,1
pacs.004.001.15,/Document/PmtRtr/TxInf/InstgAgt/BrnchId/PstlAdr/AdrLine,AdrLine,Max70Text,0,7
pacs.004.001.15,/Document/PmtRtr/TxInf/InstdAgt,InstdAgt,BranchAndFinancialInstitutionIdentification8,0,1
pacs.004.001.15,/Document/PmtRtr/TxInf/InstdAgt/FinInstnId,FinInstnId,FinancialInstitutionIdentification23,1,1
pacs.004.001.15,/Document/PmtRtr/TxInf/InstdAgt/FinInstnId/BICFI,BICFI,BICFIDec2014Identifier,0,1
pacs.004.001.15,/Document/PmtRtr/TxInf/InstdAgt/FinInstnId/ClrSysMmbId,ClrSysMmbId,ClearingSystemMemberIdentification2,0,1
pacs.004.001.15,/Document/PmtRtr/TxInf/InstdAgt/FinInstnId/ClrSysMmbId/ClrSysId,ClrSysId,ClearingSystemIdentification2Choice,0,1
pacs.004.001.15,/Document/PmtRtr/TxInf/InstdAgt/FinInstnId/ClrSysMmbId/ClrSysId/Cd,Cd,ExternalClearingSystemIdentification1Code,1,1
pacs.004.001.15,/Document/PmtRtr/TxInf/InstdAgt/FinInstnId/ClrSysMmbId/ClrSysId/Prtry,Prtry,Max35Text,1,1
pacs.004.001.15,/Document/PmtRtr/TxInf/InstdAgt/FinInstnId/ClrSysMmbId/MmbId,MmbId,Max35Text,1,1
pacs.004.001.15,/Document/PmtRtr/TxInf/InstdAgt/FinInstnId/LEI,LEI,LEIIdentifier,0,1
pacs.004.001.15,/Document/PmtRtr/TxInf/InstdAgt/FinInstnId/Nm,Nm,Max140Text,0,1
pacs.004.001.15,/Document/PmtRtr/TxInf/InstdAgt/FinInstnId/PstlAdr,PstlAdr,PostalAddress27,0,1
pacs.004.001.15,/Document/PmtRtr/TxInf/InstdAgt/FinInstnId/PstlAdr/AdrTp,AdrTp,AddressType3Choice,0,1
pacs.004.001.15,/Document/PmtRtr/TxInf/InstdAgt/FinInstnId/PstlAdr/AdrTp/Cd,Cd,AddressType2Code,1,1
pacs.004.001.15,/Document/PmtRtr/TxInf/InstdAgt/FinInstnId/PstlAdr/AdrTp/Prtry,Prtry,GenericIdentification30,1,1
pacs.004.001.15,/Document/PmtRtr/TxInf/InstdAgt/FinInstnId/PstlAdr/AdrTp/Prtry/Id,Id,Exact4AlphaNumericText,1,1
pacs.004.001.15,/Document/PmtRtr/TxInf/InstdAgt/FinInstnId/PstlAdr/AdrTp/Prtry/Issr,Issr,Max35Text,1,1
pacs.004.001.15,/Document/PmtRtr/TxInf/InstdAgt/FinInstnId/PstlAdr/AdrTp/Prtry/SchmeNm,SchmeNm,Max35Text,0,1
pacs.004.001.15,/Document/PmtRtr/TxInf/InstdAgt/FinInstnId/PstlAdr/CareOf,CareOf,Max140Text,0,1
pacs.004.001.15,/Document/PmtRtr/TxInf/InstdAgt/FinInstnId/PstlAdr/Dept,Dept,Max70Text,0,1
pacs.004.001.15,/Document/PmtRtr/TxInf/InstdAgt/FinInstnId/PstlAdr/SubDept,SubDept,Max70Text,0,1
pacs.004.001.15,/Document/PmtRtr/TxInf/InstdAgt/FinInstnId/PstlAdr/StrtNm,StrtNm,Max140Text,0,1
pacs.004.001.15,/Document/PmtRtr/TxInf/InstdAgt/FinInstnId/PstlAdr/BldgNb,BldgNb,Max16Text,0,1
pacs.004.001.15,/Document/PmtRtr/TxInf/InstdAgt/FinInstnId/PstlAdr/BldgNm,BldgNm,Max140Text,0,1
pacs.004.001.15,/Document/PmtRtr/TxInf/InstdAgt/FinInstnId/PstlAdr/Flr,Flr,Max70Text,0,1
pacs.004.001.15,/Document/PmtRtr/TxInf/InstdAgt/FinInstnId/PstlAdr/UnitNb,UnitNb,Max16Text,0,1
pacs.004.001.15,/Document/PmtRtr/TxInf/InstdAgt/FinInstnId/PstlAdr/PstBx,PstBx,Max16Text,0,1
pacs.004.001.15,/Document/PmtRtr/TxInf/InstdAgt/FinInstnId/PstlAdr/Room,Room,Max70Text,0,1
pacs.004.001.15,/Document/PmtRtr/TxInf/InstdAgt/FinInstnId/PstlAdr/PstCd,PstCd,Max16Text,0,1
pacs.004.001.15,/Document/PmtRtr/TxInf/InstdAgt/FinInstnId/PstlAdr/TwnNm,TwnNm,Max140Text,0,1
pacs.004.001.15,/Document/PmtRtr/TxInf/InstdAgt/FinInstnId/PstlAdr/TwnLctnNm,TwnLctnNm,Max140Text,0,1
pacs.004.001.15,/Document/PmtRtr/TxInf/InstdAgt/FinInstnId/PstlAdr/DstrctNm,DstrctNm,Max140Text,0,1
pacs.004.001.15,/Document/PmtRtr/TxInf/InstdAgt/FinInstnId/PstlAdr/CtrySubDvsn,CtrySubDvsn,Max35Text,0,1
pacs.004.001.15,/Document/PmtRtr/TxInf/InstdAgt/FinInstnId/PstlAdr/Ctry,Ctry,CountryCode,0,1
pacs.004.001.15,/Document/PmtRtr/TxInf/InstdAgt/FinInstnId/PstlAdr/AdrLine,AdrLine,Max70Text,0,7
pacs.004.001.15,/Document/PmtRtr/TxInf/InstdAgt/FinInstnId/Othr,Othr,GenericFinancialIdentification1,0,1
pacs.004.001.15,/Document/PmtRtr/TxInf/InstdAgt/FinInstnId/Othr/Id,Id,Max35Text,1,1
pacs.004.001.15,/Document/PmtRtr/TxInf/InstdAgt/FinInstnId/Othr/SchmeNm,SchmeNm,FinancialIdentificationSchemeName1Choice,0,1
pacs.004.001.15,/Document/PmtRtr/TxInf/InstdAgt/FinInstnId/Othr/SchmeNm/Cd,Cd,ExternalFinancialInstitutionIdentification1Code,1,1
pacs.004.001.15,/Document/PmtRtr/TxInf/InstdAgt/FinInstnId/Othr/SchmeNm/Prtry,Prtry,Max35Text,1,1
pacs.004.001.15,/Document/PmtRtr/TxInf/InstdAgt/FinInstnId/Othr/Issr,Issr,Max35Text,0,1
pacs.004.001.15,/Document/PmtRtr/TxInf/InstdAgt/BrnchId,BrnchId,BranchData5,0,1
pacs.004.001.15,/Document/PmtRtr/TxInf/InstdAgt/BrnchId/Id,Id,Max35Text,0,1
pacs.004.001.15,/Document/PmtRtr/TxInf/InstdAgt/BrnchId/LEI,LEI,LEIIdentifier,0,1
pacs.004.001.15,/Document/PmtRtr/TxInf/InstdAgt/BrnchId/Nm,Nm,Max140Text,0,1
pacs.004.001.15,/Document/PmtRtr/TxInf/InstdAgt/BrnchId/PstlAdr,PstlAdr,PostalAddress27,0,1
pacs.004.001.15,/Document/PmtRtr/TxInf/InstdAgt/BrnchId/PstlAdr/AdrTp,AdrTp,AddressType3Choice,0,1
pacs.004.001.15,/Document/PmtRtr/TxInf/InstdAgt/BrnchId/PstlAdr/AdrTp/Cd,Cd,AddressType2Code,1,1
pacs.004.001.15,/Document/PmtRtr/TxInf/InstdAgt/BrnchId/PstlAdr/AdrTp/Prtry,Prtry,GenericIdentification30,1,1
pacs.004.001.15,/Document/PmtRtr/TxInf/InstdAgt/BrnchId/PstlAdr/AdrTp/Prtry/Id,Id,Exact4AlphaNumericText,1,1
pacs.004.001.15,/Document/PmtRtr/TxInf/InstdAgt/BrnchId/PstlAdr/AdrTp/Prtry/Issr,Issr,Max35Text,1,1
pacs.004.001.15,/Document/PmtRtr/TxInf/InstdAgt/BrnchId/PstlAdr/AdrTp/Prtry/SchmeNm,SchmeNm,Max35Text,0,1
pacs.004.001.15,/Document/PmtRtr/TxInf/InstdAgt/BrnchId/PstlAdr/CareOf,CareOf,Max140Text,0,1
pacs.004.001.15,/Document/PmtRtr/TxInf/InstdAgt/BrnchId/PstlAdr/Dept,Dept,Max70Text,0,1
pacs.004.001.15,/Document/PmtRtr/TxInf/InstdAgt/BrnchId/PstlAdr/SubDept,SubDept,Max70Text,0,1
pacs.004.001.15,/Document/PmtRtr/TxInf/InstdAgt/BrnchId/PstlAdr/StrtNm,StrtNm,Max140Text,0,1
pacs.004.001.15,/Document/PmtRtr/TxInf/InstdAgt/BrnchId/PstlAdr/BldgNb,BldgNb,Max16Text,0,1
pacs.004.001.15,/Document/PmtRtr/TxInf/InstdAgt/BrnchId/PstlAdr/BldgNm,BldgNm,Max140Text,0,1
pacs.004.001.15,/Document/PmtRtr/TxInf/InstdAgt/BrnchId/PstlAdr/Flr,Flr,Max70Text,0,1
pacs.004.001.15,/Document/PmtRtr/TxInf/InstdAgt/BrnchId/PstlAdr/UnitNb,UnitNb,Max16Text,0,1
pacs.004.001.15,/Document/PmtRtr/TxInf/InstdAgt/BrnchId/PstlAdr/PstBx,PstBx,Max16Text,0,1
pacs.004.001.15,/Document/PmtRtr/TxInf/InstdAgt/BrnchId/PstlAdr/Room,Room,Max70Text,0,1
pacs.004.001.15,/Document/PmtRtr/TxInf/InstdAgt/BrnchId/PstlAdr/PstCd,PstCd,Max16Text,0,1
pacs.004.001.15,/Document/PmtRtr/TxInf/InstdAgt/BrnchId/PstlAdr/TwnNm,TwnNm,Max140Text,0,1
pacs.004.001.15,/Document/PmtRtr/TxInf/InstdAgt/BrnchId/PstlAdr/TwnLctnNm,TwnLctnNm,Max140Text,0,1
pacs.004.001.15,/Document/PmtRtr/TxInf/InstdAgt/BrnchId/PstlAdr/DstrctNm,DstrctNm,Max140Text,0,1
pacs.004.001.15,/Document/PmtRtr/TxInf/InstdAgt/BrnchId/PstlAdr/CtrySubDvsn,CtrySubDvsn,Max35Text,0,1
pacs.004.001.15,/Document/PmtRtr/TxInf/InstdAgt/BrnchId/PstlAdr/Ctry,Ctry,CountryCode,0,1
pacs.004.001.15,/Document/PmtRtr/TxInf/InstdAgt/BrnchId/PstlAdr/AdrLine,AdrLine,Max70Text,0,7
pacs.004.001.15,/Document/PmtRtr/TxInf/RtrChain,RtrChain,TransactionParties11,0,1
pacs.004.001.15,/Document/PmtRtr/TxInf/RtrChain/UltmtDbtr,UltmtDbtr,Party50Choice,0,1
pacs.004.001.15,/Document/PmtRtr/TxInf/RtrChain/UltmtDbtr/Pty,Pty,PartyIdentification272,1,1
pacs.004.001.15,/Document/PmtRtr/TxInf/RtrChain/UltmtDbtr/Pty/Nm,Nm,Max140Text,0,1
pacs.004.001.15,/Document/PmtRtr/TxInf/RtrChain/UltmtDbtr/Pty/PstlAdr,PstlAdr,PostalAddress27,0,1
pacs.004.001.15,/Document/PmtRtr/TxInf/RtrChain/UltmtDbtr/Pty/PstlAdr/AdrTp,AdrTp,AddressType3Choice,0,1
pacs.004.001.15,/Document/PmtRtr/TxInf/RtrChain/UltmtDbtr/Pty/PstlAdr/AdrTp/Cd,Cd,AddressType2Code,1,1
pacs.004.001.15,/Document/PmtRtr/TxInf/RtrChain/UltmtDbtr/Pty/PstlAdr/AdrTp/Prtry,Prtry,GenericIdentification30,1,1
pacs.004.001.15,/Document/PmtRtr/TxInf/RtrChain/UltmtDbtr/Pty/PstlAdr/AdrTp/Prtry/Id,Id,Exact4AlphaNumericText,1,1
pacs.004.001.15,/Document/PmtRtr/TxInf/RtrChain/UltmtDbtr/Pty/PstlAdr/AdrTp/Prtry/Issr,Issr,Max35Text,1,1
pacs.004.001.15,/Document/PmtRtr/TxInf/RtrChain/UltmtDbtr/Pty/PstlAdr/AdrTp/Prtry/SchmeNm,SchmeNm,Max35Text,0,1
pacs.004.001.15,/Document/PmtRtr/TxInf/RtrChain/UltmtDbtr/Pty/PstlAdr/CareOf,CareOf,Max140Text,0,1
pacs.004.001.15,/Document/PmtRtr/TxInf/RtrChain/UltmtDbtr/Pty/PstlAdr/Dept,Dept,Max70Text,0,1
pacs.004.001.15,/Document/PmtRtr/TxInf/RtrChain/UltmtDbtr/Pty/PstlAdr/SubDept,SubDept,Max70Text,0,1
pacs.004.001.15,/Document/PmtRtr/TxInf/RtrChain/UltmtDbtr/Pty/PstlAdr/StrtNm,StrtNm,Max140Text,0,1
pacs.004.001.15,/Document/PmtRtr/TxInf/RtrChain/UltmtDbtr/Pty/PstlAdr/BldgNb,BldgNb,Max16Text,0,1
pacs.004.001.15,/Document/PmtRtr/TxInf/RtrChain/UltmtDbtr/Pty/PstlAdr/BldgNm,BldgNm,Max140Text,0,1
pacs.004.001.15,/Document/PmtRtr/TxInf/RtrChain/UltmtDbtr/Pty/PstlAdr/Flr,Flr,Max70Text,0,1
pacs.004.001.15,/Document/PmtRtr/TxInf/RtrChain/UltmtDbtr/Pty/PstlAdr/UnitNb,UnitNb,Max16Text,0,1
pacs.004.001.15,/Document/PmtRtr/TxInf/RtrChain/UltmtDbtr/Pty/PstlAdr/PstBx,PstBx,Max16Text,0,1
pacs.004.001.15,/Document/PmtRtr/TxInf/RtrChain/UltmtDbtr/Pty/PstlAdr/Room,Room,Max70Text,0,1
pacs.004.001.15,/Document/PmtRtr/TxInf/RtrChain/UltmtDbtr/Pty/PstlAdr/PstCd,PstCd,Max16Text,0,1
pacs.004.001.15,/Document/PmtRtr/TxInf/RtrChain/UltmtDbtr/Pty/PstlAdr/TwnNm,TwnNm,Max140Text,0,1
pacs.004.001.15,/Document/PmtRtr/TxInf/RtrChain/UltmtDbtr/Pty/PstlAdr/TwnLctnNm,TwnLctnNm,Max140Text,0,1
pacs.004.001.15,/Document/PmtRtr/TxInf/RtrChain/UltmtDbtr/Pty/PstlAdr/DstrctNm,DstrctNm,Max140Text,0,1
pacs.004.001.15,/Document/PmtRtr/TxInf/RtrChain/UltmtDbtr/Pty/PstlAdr/CtrySubDvsn,CtrySubDvsn,Max35Text,0,1
pacs.004.001.15,/Document/PmtRtr/TxInf/RtrChain/UltmtDbtr/Pty/PstlAdr/Ctry,Ctry,CountryCode,0,1
pacs.004.001.15,/Document/PmtRtr/TxInf/RtrChain/UltmtDbtr/Pty/PstlAdr/AdrLine,AdrLine,Max70Text,0,7
pacs.004.001.15,/Document/PmtRtr/TxInf/RtrChain/UltmtDbtr/Pty/Id,Id,Party52Choice,0,1
pacs.004.001.15,/Document/PmtRtr/TxInf/RtrChain/UltmtDbtr/Pty/Id/OrgId,OrgId,OrganisationIdentification39,1,1
pacs.004.001.15,/Document/PmtRtr/TxInf/RtrChain/UltmtDbtr/Pty/Id/OrgId/AnyBIC,AnyBIC,AnyBICDec2014Identifier,0,1
pacs.004.001.15,/Document/PmtRtr/TxInf/RtrChain/UltmtDbtr/Pty/Id/OrgId/LEI,LEI,LEIIdentifier,0,1
pacs.004.001.15,/Document/PmtRtr/TxInf/RtrChain/UltmtDbtr/Pty/Id/OrgId/Othr,Othr,GenericOrganisationIdentification3,0,
pacs.004.001.15,/Document/PmtRtr/TxInf/RtrChain/UltmtDbtr/Pty/Id/OrgId/Othr/Id,Id,Max256Text,1,1
pacs.004.001.15,/Document/PmtRtr/TxInf/RtrChain/UltmtDbtr/Pty/Id/OrgId/Othr/SchmeNm,SchmeNm,OrganisationIdentificationSchemeName1Choice,0,1
pacs.004.001.15,/Document/PmtRtr/TxInf/RtrChain/UltmtDbtr/Pty/Id/OrgId/Othr/SchmeNm/Cd,Cd,ExternalOrganisationIdentification1Code,1,1
pacs.004.001.15,/Document/PmtRtr/TxInf/RtrChain/UltmtDbtr/Pty/Id/OrgId/Othr/SchmeNm/Prtry,Prtry,Max35Text,1,1
pacs.004.001.15,/Document/PmtRtr/TxInf/RtrChain/UltmtDbtr/Pty/Id/OrgId/Othr/Issr,Issr,Max35Text,0,1
pacs.004.001.15,/Document/PmtRtr/TxInf/RtrChain/UltmtDbtr/Pty/Id/PrvtId,PrvtId,PersonIdentification18,1,1
pacs.004.001.15,/Document/PmtRtr/TxInf/RtrChain/UltmtDbtr/Pty/Id/PrvtId/DtAndPlcOfBirth,DtAndPlcOfBirth,DateAndPlaceOfBirth1,0,1
pacs.004.001.15,/Document/PmtRtr/TxInf/RtrChain/UltmtDbtr/Pty/Id/PrvtId/DtAndPlcOfBirth/BirthDt,BirthDt,ISODate,1,1
pacs.004.001.15,/Document/PmtRtr/TxInf/RtrChain/UltmtDbtr/Pty/Id/PrvtId/DtAndPlcOfBirth/PrvcOfBirth,PrvcOfBirth,Max35Text,0,1
pacs.004.001.15,/Document/PmtRtr/TxInf/RtrChain/UltmtDbtr/Pty/Id/PrvtId/DtAndPlcOfBirth/CityOfBirth,CityOfBirth,Max35Text,1,1
pacs.004.001.15,/Document/PmtRtr/TxInf/RtrChain/UltmtDbtr/Pty/Id/PrvtId/DtAndPlcOfBirth/CtryOfBirth,CtryOfBirth,CountryCode,1,1
pacs.004.001.15,/Document/PmtRtr/TxInf/RtrChain/UltmtDbtr/Pty/Id/PrvtId/Othr,Othr,GenericPersonIdentification2,0,
pacs.004.001.15,/Document/PmtRtr/TxInf/RtrChain/UltmtDbtr/Pty/Id/PrvtId/Othr/Id,Id,Max256Text,1,1
pacs.004.001.15,/Document/PmtRtr/TxInf/RtrChain/UltmtDbtr/Pty/Id/PrvtId/Othr/SchmeNm,SchmeNm,PersonIdentificationSchemeName1Choice,0,1
pacs.004.001.15,/Document/PmtRtr/TxInf/RtrChain/UltmtDbtr/Pty/Id/PrvtId/Othr/SchmeNm/Cd,Cd,ExternalPersonIdentification1Code,1,1
pacs.004.001.15,/Document/PmtRtr/TxInf/RtrChain/UltmtDbtr/Pty/Id/PrvtId/Othr/SchmeNm/Prtry,Prtry,Max35Text,1,1
pacs.004.001.15,/Document/PmtRtr/TxInf/RtrChain/UltmtDbtr/Pty/Id/PrvtId/Othr/Issr,Issr,Max35Text,0,1
pacs.004.001.15,/Document/PmtRtr/TxInf/RtrChain/UltmtDbtr/Pty/CtryOfRes,CtryOfRes,CountryCode,0,1
pacs.004.001.15,/Document/PmtRtr/TxInf/RtrChain/UltmtDbtr/Pty/CtctDtls,CtctDtls,Contact13,0,1
pacs.004.001.15,/Document/PmtRtr/TxInf/RtrChain/UltmtDbtr/Pty/CtctDtls/NmPrfx,NmPrfx,NamePrefix2Code,0,1
pacs.004.001.15,/Document/PmtRtr/TxInf/RtrChain/UltmtDbtr/Pty/CtctDtls/Nm,Nm,Max140Text,0,1
pacs.004.001.15,/Document/PmtRtr/TxInf/RtrChain/UltmtDbtr/Pty/CtctDtls/PhneNb,PhneNb,PhoneNumber,0,1
pacs.004.001.15,/Document/PmtRtr/TxInf/RtrChain/UltmtDbtr/Pty/CtctDtls/MobNb,MobNb,PhoneNumber,0,1
pacs.004.001.15,/Document/PmtRtr/TxInf/RtrChain/UltmtDbtr/Pty/CtctDtls/FaxNb,FaxNb,PhoneNumber,0,1
pacs.004.001.15,/Document/PmtRtr/TxInf/RtrChain/UltmtDbtr/Pty/CtctDtls/URLAdr,URLAdr,Max2048Text,0,1
pacs.004.001.15,/Document/PmtRtr/TxInf/RtrChain/UltmtDbtr/Pty/CtctDtls/EmailAdr,EmailAdr,Max256Text,0,1
pacs.004.001.15,/Document/PmtRtr/TxInf/RtrChain/UltmtDbtr/Pty/CtctDtls/EmailPurp,EmailPurp,Max35Text,0,1
pacs.004.001.15,/Document/PmtRtr/TxInf/RtrChain/UltmtDbtr/Pty/CtctDtls/JobTitl,JobTitl,Max35Text,0,1
pacs.004.001.15,/Document/PmtRtr/TxInf/RtrChain/UltmtDbtr/Pty/CtctDtls/Rspnsblty,Rspnsblty,Max35Text,0,1
pacs.004.001.15,/Document/PmtRtr/TxInf/RtrChain/UltmtDbtr/Pty/CtctDtls/Dept,Dept,Max70Text,0,1
pacs.004.001.15,/Document/PmtRtr/TxInf/RtrChain/UltmtDbtr/Pty/CtctDtls/Othr,Othr,OtherContact1,0,
pacs.004.001.15,/Document/PmtRtr/TxInf/RtrChain/UltmtDbtr/Pty/CtctDtls/Othr/ChanlTp,ChanlTp,Max4Text,1,1
pacs.004.001.15,/Document/PmtRtr/TxInf/RtrChain/UltmtDbtr/Pty/CtctDtls/Othr/Id,Id,Max128Text,0,1
pacs.004.001.15,/Document/PmtRtr/TxInf/RtrChain/UltmtDbtr/Pty/CtctDtls/PrefrdMtd,PrefrdMtd,PreferredContactMethod2Code,0,1
pacs.004.001.15,/Document/PmtRtr/TxInf/RtrChain/UltmtDbtr/Agt,Agt,BranchAndFinancialInstitutionIdentification8,1,1
pacs.004.001.15,/Document/PmtRtr/TxInf/RtrChain/UltmtDbtr/Agt/FinInstnId,FinInstnId,FinancialInstitutionIdentification23,1,1
pacs.004.001.15,/Document/PmtRtr/TxInf/RtrChain/UltmtDbtr/Agt/FinInstnId/BICFI,BICFI,BICFIDec2014Identifier,0,1
pacs.004.001.15,/Document/PmtRtr/TxInf/RtrChain/UltmtDbtr/Agt/FinInstnId/ClrSysMmbId,ClrSysMmbId,ClearingSystemMemberIdentification2,0,1
pacs.004.001.15,/Document/PmtRtr/TxInf/RtrChain/UltmtDbtr/Agt/FinInstnId/ClrSysMmbId/ClrSysId,ClrSysId,ClearingSystemIdentification2Choice,0,1
pacs.004.001.15,/Document/PmtRtr/TxInf/RtrChain/UltmtDbtr/Agt/FinInstnId/ClrSysMmbId/ClrSysId/Cd,Cd,ExternalClearingSystemIdentification1Code,1,1
pacs.004.001.15,/Document/PmtRtr/TxInf/RtrChain/UltmtDbtr/Agt/FinInstnId/ClrSysMmbId/ClrSysId/Prtry,Prtry,Max35Text,1,1
pacs.004.001.15,/Document/PmtRtr/TxInf/RtrChain/UltmtDbtr/Agt/FinInstnId/ClrSysMmbId/MmbId,MmbId,Max35Text,1,1
pacs.004.001.15,/Document/PmtRtr/TxInf/RtrChain/UltmtDbtr/Agt/FinInstnId/LEI,LEI,LEIIdentifier,0,1
pacs.004.001.15,/Document/PmtRtr/TxInf/RtrChain/UltmtDbtr/Agt/FinInstnId/Nm,Nm,Max140Text,0,1
pacs.004.001.15,/Document/PmtRtr/TxInf/RtrChain/UltmtDbtr/Agt/FinInstnId/PstlAdr,PstlAdr,PostalAddress27,0,1
pacs.004.001.15,/Document/PmtRtr/TxInf/RtrChain/UltmtDbtr/Agt/FinInstnId/PstlAdr/AdrTp,AdrTp,AddressType3Choice,0,1
pacs.004.001.15,/Document/PmtRtr/TxInf/RtrChain/UltmtDbtr/Agt/FinInstnId/PstlAdr/AdrTp/Cd,Cd,AddressType2Code,1,1
pacs.004.001.15,/Document/PmtRtr/TxInf/RtrChain/UltmtDbtr/Agt/FinInstnId/PstlAdr/AdrTp/Prtry,Prtry,GenericIdentification30,1,1
pacs.004.001.15,/Document/PmtRtr/TxInf/RtrChain/UltmtDbtr/Agt/FinInstnId/PstlAdr/AdrTp/Prtry/Id,Id,Exact4AlphaNumericText,1,1
pacs.004.001.15,/Document/PmtRtr/TxInf/RtrChain/UltmtDbtr/Agt/FinInstnId/PstlAdr/AdrTp/Prtry/Issr,Issr,Max35Text,1,1
pacs.004.001.15,/Document/PmtRtr/TxInf/RtrChain/UltmtDbtr/Agt/FinInstnId/PstlAdr/AdrTp/Prtry/SchmeNm,SchmeNm,Max35Text,0,1
pacs.004.001.15,/Document/PmtRtr/TxInf/RtrChain/UltmtDbtr/Agt/FinInstnId/PstlAdr/CareOf,CareOf,Max140Text,0,1
pacs.004.001.15,/Document/PmtRtr/TxInf/RtrChain/UltmtDbtr/Agt/FinInstnId/PstlAdr/Dept,Dept,Max70Text,0,1
pacs.004.001.15,/Document/PmtRtr/TxInf/RtrChain/UltmtDbtr/Agt/FinInstnId/PstlAdr/SubDept,SubDept,Max70Text,0,1
pacs.004.001.15,/Document/PmtRtr/TxInf/RtrChain/UltmtDbtr/Agt/FinInstnId/PstlAdr/StrtNm,StrtNm,Max140Text,0,1
pacs.004.001.15,/Document/PmtRtr/TxInf/RtrChain/UltmtDbtr/Agt/FinInstnId/PstlAdr/BldgNb,BldgNb,Max16Text,0,1
pacs.004.001.15,/Document/PmtRtr/TxInf/RtrChain/UltmtDbtr/Agt/FinInstnId/PstlAdr/BldgNm,BldgNm,Max140Text,0,1
pacs.004.001.15,/Document/PmtRtr/TxInf/RtrChain/UltmtDbtr/Agt/FinInstnId/PstlAdr/Flr,Flr,Max70Text,0,1
pacs.004.001.15,/Document/PmtRtr/TxInf/RtrChain/UltmtDbtr/Agt/FinInstnId/PstlAdr/UnitNb,UnitNb,Max16Text,0,1
pacs.004.001.15,/Document/PmtRtr/TxInf/RtrChain/UltmtDbtr/Agt/FinInstnId/PstlAdr/PstBx,PstBx,Max16Text,0,1
pacs.004.001.15,/Document/PmtRtr/TxInf/RtrChain/UltmtDbtr/Agt/FinInstnId/PstlAdr/Room,Room,Max70Text,0,1
pacs.004.001.15,/Document/PmtRtr/TxInf/RtrChain/UltmtDbtr/Agt/FinInstnId/PstlAdr/PstCd,PstCd,Max16Text,0,1
pacs.004.001.15,/Document/PmtRtr/TxInf/RtrChain/UltmtDbtr/Agt/FinInstnId/PstlAdr/TwnNm,TwnNm,Max140Text,0,1
pacs.004.001.15,/Document/PmtRtr/TxInf/RtrChain/UltmtDbtr/Agt/FinInstnId/PstlAdr/TwnLctnNm,TwnLctnNm,Max140Text,0,1
pacs.004.001.15,/Document/PmtRtr/TxInf/RtrChain/UltmtDbtr/Agt/FinInstnId/PstlAdr/DstrctNm,DstrctNm,Max140Text,0,1
pacs.004.001.15,/Document/PmtRtr/TxInf/RtrChain/UltmtDbtr/Agt/FinInstnId/PstlAdr/CtrySubDvsn,CtrySubDvsn,Max35Text,0,1
pacs.004.001.15,/Document/PmtRtr/TxInf/RtrChain/UltmtDbtr/Agt/FinInstnId/PstlAdr/Ctry,Ctry,CountryCode,0,1
pacs.004.001.15,/Document/PmtRtr/TxInf/RtrChain/UltmtDbtr/Agt/FinInstnId/PstlAdr/AdrLine,AdrLine,Max70Text,0,7
pacs.004.001.15,/Document/PmtRtr/TxInf/RtrChain/UltmtDbtr/Agt/FinInstnId/Othr,Othr,GenericFinancialIdentification1,0,1
pacs.004.001.15,/Document/PmtRtr/TxInf/RtrChain/UltmtDbtr/Agt/FinInstnId/Othr/Id,Id,Max35Text,1,1
pacs.004.001.15,/Document/PmtRtr/TxInf/RtrChain/UltmtDbtr/Agt/FinInstnId/Othr/SchmeNm,SchmeNm,FinancialIdentificationSchemeName1Choice,0,1
pacs.004.001.15,/Document/PmtRtr/TxInf/RtrChain/UltmtDbtr/Agt/FinInstnId/Othr/SchmeNm/Cd,Cd,ExternalFinancialInstitutionIdentification1Code,1,1
pacs.004.001.15,/Document/PmtRtr/TxInf/RtrChain/UltmtDbtr/Agt/FinInstnId/Othr/SchmeNm/Prtry,Prtry,Max35Text,1,1
pacs.004.001.15,/Document/PmtRtr/TxInf/RtrChain/UltmtDbtr/Agt/FinInstnId/Othr/Issr,Issr,Max35Text,0,1
pacs.004.001.15,/Document/PmtRtr/TxInf/RtrChain/UltmtDbtr/Agt/BrnchId,BrnchId,BranchData5,0,1
pacs.004.001.15,/Document/PmtRtr/TxInf/RtrChain/UltmtDbtr/Agt/BrnchId/Id,Id,Max35Text,0,1
pacs.004.001.15,/Document/PmtRtr/TxInf/RtrChain/UltmtDbtr/Agt/BrnchId/LEI,LEI,LEIIdentifier,0,1
pacs.004.001.15,/Document/PmtRtr/TxInf/RtrChain/UltmtDbtr/Agt/BrnchId/Nm,Nm,Max140Text,0,1
pacs.004.001.15,/Document/PmtRtr/TxInf/RtrChain/UltmtDbtr/Agt/BrnchId/PstlAdr,PstlAdr,PostalAddress27,0,1
pacs.004.001.15,/Document/PmtRtr/TxInf/RtrChain/UltmtDbtr/Agt/BrnchId/PstlAdr/AdrTp,AdrTp,AddressType3Choice,0,1
pacs.004.001.15,/Document/PmtRtr/TxInf/RtrChain/UltmtDbtr/Agt/BrnchId/PstlAdr/AdrTp/Cd,Cd,AddressType2Code,1,1
pacs.004.001.15,/Document/PmtRtr/TxInf/RtrChain/UltmtDbtr/Agt/BrnchId/PstlAdr/AdrTp/Prtry,Prtry,GenericIdentification30,1,1
pacs.004.001.15,/Document/PmtRtr/TxInf/RtrChain/UltmtDbtr/Agt/BrnchId/PstlAdr/AdrTp/Prtry/Id,Id,Exact4AlphaNumericText,1,1
pacs.004.001.15,/Document/PmtRtr/TxInf/RtrChain/UltmtDbtr/Agt/BrnchId/PstlAdr/AdrTp/Prtry/Issr,Issr,Max35Text,1,1
pacs.004.001.15,/Document/PmtRtr/TxInf/RtrChain/UltmtDbtr/Agt/BrnchId/PstlAdr/AdrTp/Prtry/SchmeNm,SchmeNm,Max35Text,0,1
pacs.004.001.15,/Document/PmtRtr/TxInf/RtrChain/UltmtDbtr/Agt/BrnchId/PstlAdr/CareOf,CareOf,Max140Text,0,1
pacs.004.001.15,/Document/PmtRtr/TxInf/RtrChain/UltmtDbtr/Agt/BrnchId/PstlAdr/Dept,Dept,Max70Text,0,1
pacs.004.001.15,/Document/PmtRtr/TxInf/RtrChain/UltmtDbtr/Agt/BrnchId/PstlAdr/SubDept,SubDept,Max70Text,0,1
pacs.004.001.15,/Document/PmtRtr/TxInf/RtrChain/UltmtDbtr/Agt/BrnchId/PstlAdr/StrtNm,StrtNm,Max140Text,0,1
pacs.004.001.15,/Document/PmtRtr/TxInf/RtrChain/UltmtDbtr/Agt/BrnchId/PstlAdr/BldgNb,BldgNb,Max16Text,0,1
pacs.004.001.15,/Document/PmtRtr/TxInf/RtrChain/UltmtDbtr/Agt/BrnchId/PstlAdr/BldgNm,BldgNm,Max140Text,0,1
pacs.004.001.15,/Document/PmtRtr/TxInf/RtrChain/UltmtDbtr/Agt/BrnchId/PstlAdr/Flr,Flr,Max70Text,0,1
pacs.004.001.15,/Document/PmtRtr/TxInf/RtrChain/UltmtDbtr/Agt/BrnchId/PstlAdr/UnitNb,UnitNb,Max16Text,0,1
pacs.004.001.15,/Document/PmtRtr/TxInf/RtrChain/UltmtDbtr/Agt/BrnchId/PstlAdr/PstBx,PstBx,Max16Text,0,1
pacs.004.001.15,/Document/PmtRtr/TxInf/RtrChain/UltmtDbtr/Agt/BrnchId/PstlAdr/Room,Room,Max70Text,0,1
pacs.004.001.15,/Document/PmtRtr/TxInf/RtrChain/UltmtDbtr/Agt/BrnchId/PstlAdr/PstCd,PstCd,Max16Text,0,1
pacs.004.001.15,/Document/PmtRtr/TxInf/RtrChain/UltmtDbtr/Agt/BrnchId/PstlAdr/TwnNm,TwnNm,Max140Text,0,1
pacs.004.001.15,/Document/PmtRtr/TxInf/RtrChain/UltmtDbtr/Agt/BrnchId/PstlAdr/TwnLctnNm,TwnLctnNm,Max140Text,0,1
pacs.004.001.15,/Document/PmtRtr/TxInf/RtrChain/UltmtDbtr/Agt/BrnchId/PstlAdr/DstrctNm,DstrctNm,Max140Text,0,1
pacs.004.001.15,/Document/PmtRtr/TxInf/RtrChain/UltmtDbtr/Agt/BrnchId/PstlAdr/CtrySubDvsn,CtrySubDvsn,Max35Text,0,1
pacs.004.001.15,/Document/PmtRtr/TxInf/RtrChain/UltmtDbtr/Agt/BrnchId/PstlAdr/Ctry,Ctry,CountryCode,0,1
pacs.004.001.15,/Document/PmtRtr/TxInf/RtrChain/UltmtDbtr/Agt/BrnchId/PstlAdr/AdrLine,AdrLine,Max70Text,0,7
pacs.004.001.15,/Document/PmtRtr/TxInf/RtrChain/Dbtr,Dbtr,Party50Choice,1,1
pacs.004.001.15,/Document/PmtRtr/TxInf/RtrChain/Dbtr/Pty,Pty,PartyIdentification272,1,1
pacs.004.001.15,/Document/PmtRtr/TxInf/RtrChain/Dbtr/Pty/Nm,Nm,Max140Text,0,1
pacs.004.001.15,/Document/PmtRtr/TxInf/RtrChain/Dbtr/Pty/PstlAdr,PstlAdr,PostalAddress27,0,1
pacs.004.001.15,/Document/PmtRtr/TxInf/RtrChain/Dbtr/Pty/PstlAdr/AdrTp,AdrTp,AddressType3Choice,0,1
pacs.004.001.15,/Document/PmtRtr/TxInf/RtrChain/Dbtr/Pty/PstlAdr/AdrTp/Cd,Cd,AddressType2Code,1,1
pacs.004.001.15,/Document/PmtRtr/TxInf/RtrChain/Dbtr/Pty/PstlAdr/AdrTp/Prtry,Prtry,GenericIdentification30,1,1
pacs.004.001.15,/Document/PmtRtr/TxInf/RtrChain/Dbtr/Pty/PstlAdr/AdrTp/Prtry/Id,Id,Exact4AlphaNumericText,1,1
pacs.004.001.15,/Document/PmtRtr/TxInf/RtrChain/Dbtr/Pty/PstlAdr/AdrTp/Prtry/Issr,Issr,Max35Text,1,1
pacs.004.001.15,/Document/PmtRtr/TxInf/RtrChain/Dbtr/Pty/PstlAdr/AdrTp/Prtry/SchmeNm,SchmeNm,Max35Text,0,1
pacs.004.001.15,/Document/PmtRtr/TxInf/RtrChain/Dbtr/Pty/PstlAdr/CareOf,CareOf,Max140Text,0,1
pacs.004.001.15,/Document/PmtRtr/TxInf/RtrChain/Dbtr/Pty/PstlAdr/Dept,Dept,Max70Text,0,1
pacs.004.001.15,/Document/PmtRtr/TxInf/RtrChain/Dbtr/Pty/PstlAdr/SubDept,SubDept,Max70Text,0,1
pacs.004.001.15,/Document/PmtRtr/TxInf/RtrChain/Dbtr/Pty/PstlAdr/StrtNm,StrtNm,Max140Text,0,1
pacs.004.001.15,/Document/PmtRtr/TxInf/RtrChain/Dbtr/Pty/PstlAdr/BldgNb,BldgNb,Max16Text,0,1
pacs.004.001.15,/Document/PmtRtr/TxInf/RtrChain/Dbtr/Pty/PstlAdr/BldgNm,BldgNm,Max140Text,0,1
pacs.004.001.15,/Document/PmtRtr/TxInf/RtrChain/Dbtr/Pty/PstlAdr/Flr,Flr,Max70Text,0,1
pacs.004.001.15,/Document/PmtRtr/TxInf/RtrChain/Dbtr/Pty/PstlAdr/UnitNb,UnitNb,Max16Text,0,1
pacs.004.001.15,/Document/PmtRtr/TxInf/RtrChain/Dbtr/Pty/PstlAdr/PstBx,PstBx,Max16Text,0,1
pacs.004.001.15,/Document/PmtRtr/TxInf/RtrChain/Dbtr/Pty/PstlAdr/Room,Room,Max70Text,0,1
pacs.004.001.15,/Document/PmtRtr/TxInf/RtrChain/Dbtr/Pty/PstlAdr/PstCd,PstCd,Max16Text,0,1
pacs.004.001.15,/Document/PmtRtr/TxInf/RtrChain/Dbtr/Pty/PstlAdr/TwnNm,TwnNm,Max140Text,0,1
pacs.004.001.15,/Document/PmtRtr/TxInf/RtrChain/Dbtr/Pty/PstlAdr/TwnLctnNm,TwnLctnNm,Max140Text,0,1
pacs.004.001.15,/Document/PmtRtr/TxInf/RtrChain/Dbtr/Pty/PstlAdr/DstrctNm,DstrctNm,Max140Text,0,1
pacs.004.001.15,/Document/PmtRtr/TxInf/RtrChain/Dbtr/Pty/PstlAdr/CtrySubDvsn,CtrySubDvsn,Max35Text,0,1
pacs.004.001.15,/Document/PmtRtr/TxInf/RtrChain/Dbtr/Pty/PstlAdr/Ctry,Ctry,CountryCode,0,1
pacs.004.001.15,/Document/PmtRtr/TxInf/RtrChain/Dbtr/Pty/PstlAdr/AdrLine,AdrLine,Max70Text,0,7
pacs.004.001.15,/Document/PmtRtr/TxInf/RtrChain/Dbtr/Pty/Id,Id,Party52Choice,0,1
pacs.004.001.15,/Document/PmtRtr/TxInf/RtrChain/Dbtr/Pty/Id/OrgId,OrgId,OrganisationIdentification39,1,1
pacs.004.001.15,/Document/PmtRtr/TxInf/RtrChain/Dbtr/Pty/Id/OrgId/AnyBIC,AnyBIC,AnyBICDec2014Identifier,0,1
pacs.004.001.15,/Document/PmtRtr/TxInf/RtrChain/Dbtr/Pty/Id/OrgId/LEI,LEI,LEIIdentifier,0,1
pacs.004.001.15,/Document/PmtRtr/TxInf/RtrChain/Dbtr/Pty/Id/OrgId/Othr,Othr,GenericOrganisationIdentification3,0,
pacs.004.001.15,/Document/PmtRtr/TxInf/RtrChain/Dbtr/Pty/Id/OrgId/Othr/Id,Id,Max256Text,1,1
pacs.004.001.15,/Document/PmtRtr/TxInf/RtrChain/Dbtr/Pty/Id/OrgId/Othr/SchmeNm,SchmeNm,OrganisationIdentificationSchemeName1Choice,0,1
pacs.004.001.15,/Document/PmtRtr/TxInf/RtrChain/Dbtr/Pty/Id/OrgId/Othr/SchmeNm/Cd,Cd,ExternalOrganisationIdentification1Code,1,1
pacs.004.001.15,/Document/PmtRtr/TxInf/RtrChain/Dbtr/Pty/Id/OrgId/Othr/SchmeNm/Prtry,Prtry,Max35Text,1,1
pacs.004.001.15,/Document/PmtRtr/TxInf/RtrChain/Dbtr/Pty/Id/OrgId/Othr/Issr,Issr,Max35Text,0,1
pacs.004.001.15,/Document/PmtRtr/TxInf/RtrChain/Dbtr/Pty/Id/PrvtId,PrvtId,PersonIdentification18,1,1
pacs.004.001.15,/Document/PmtRtr/TxInf/RtrChain/Dbtr/Pty/Id/PrvtId/DtAndPlcOfBirth,DtAndPlcOfBirth,DateAndPlaceOfBirth1,0,1
pacs.004.001.15,/Document/PmtRtr/TxInf/RtrChain/Dbtr/Pty/Id/PrvtId/DtAndPlcOfBirth/BirthDt,BirthDt,ISODate,1,1
pacs.004.001.15,/Document/PmtRtr/TxInf/RtrChain/Dbtr/Pty/Id/PrvtId/DtAndPlcOfBirth/PrvcOfBirth,PrvcOfBirth,Max35Text,0,1
pacs.004.001.15,/Document/PmtRtr/TxInf/RtrChain/Dbtr/Pty/Id/PrvtId/DtAndPlcOfBirth/CityOfBirth,CityOfBirth,Max35Text,1,1
pacs.004.001.15,/Document/PmtRtr/TxInf/RtrChain/Dbtr/Pty/Id/PrvtId/DtAndPlcOfBirth/CtryOfBirth,CtryOfBirth,CountryCode,1,1
pacs.004.001.15,/Document/PmtRtr/TxInf/RtrChain/Dbtr/Pty/Id/PrvtId/Othr,Othr,GenericPersonIdentification2,0,
pacs.004.001.15,/Document/PmtRtr/TxInf/RtrChain/Dbtr/Pty/Id/PrvtId/Othr/Id,Id,Max256Text,1,1
pacs.004.001.15,/Document/PmtRtr/TxInf/RtrChain/Dbtr/Pty/Id/PrvtId/Othr/SchmeNm,SchmeNm,PersonIdentificationSchemeName1Choice,0,1
pacs.004.001.15,/Document/PmtRtr/TxInf/RtrChain/Dbtr/Pty/Id/PrvtId/Othr/SchmeNm/Cd,Cd,ExternalPersonIdentification1Code,1,1
pacs.004.001.15,/Document/PmtRtr/TxInf/RtrChain/Dbtr/Pty/Id/PrvtId/Othr/SchmeNm/Prtry,Prtry,Max35Text,1,1
pacs.004.001.15,/Document/PmtRtr/TxInf/RtrChain/Dbtr/Pty/Id/PrvtId/Othr/Issr,Issr,Max35Text,0,1
pacs.004.001.15,/Document/PmtRtr/TxInf/RtrChain/Dbtr/Pty/CtryOfRes,CtryOfRes,CountryCode,0,1
pacs.004.001.15,/Document/PmtRtr/TxInf/RtrChain/Dbtr/Pty/CtctDtls,CtctDtls,Contact13,0,1
pacs.004.001.15,/Document/PmtRtr/TxInf/RtrChain/Dbtr/Pty/CtctDtls/NmPrfx,NmPrfx,NamePrefix2Code,0,1
pacs.004.001.15,/Document/PmtRtr/TxInf/RtrChain/Dbtr/Pty/CtctDtls/Nm,Nm,Max140Text,0,1
pacs.004.001.15,/Document/PmtRtr/TxInf/RtrChain/Dbtr/Pty/CtctDtls/PhneNb,PhneNb,PhoneNumber,0,1
pacs.004.001.15,/Document/PmtRtr/TxInf/RtrChain/Dbtr/Pty/CtctDtls/MobNb,MobNb,PhoneNumber,0,1
pacs.004.001.15,/Document/PmtRtr/TxInf/RtrChain/Dbtr/Pty/CtctDtls/FaxNb,FaxNb,PhoneNumber,0,1
pacs.004.001.15,/Document/PmtRtr/TxInf/RtrChain/Dbtr/Pty/CtctDtls/URLAdr,URLAdr,Max2048Text,0,1
pacs.004.001.15,/Document/PmtRtr/TxInf/RtrChain/Dbtr/Pty/CtctDtls/EmailAdr,EmailAdr,Max256Text,0,1
pacs.004.001.15,/Document/PmtRtr/TxInf/RtrChain/Dbtr/Pty/CtctDtls/EmailPurp,EmailPurp,Max35Text,0,1
pacs.004.001.15,/Document/PmtRtr/TxInf/RtrChain/Dbtr/Pty/CtctDtls/JobTitl,JobTitl,Max35Text,0,1
pacs.004.001.15,/Document/PmtRtr/TxInf/RtrChain/Dbtr/Pty/CtctDtls/Rspnsblty,Rspnsblty,Max35Text,0,1
pacs.004.001.15,/Document/PmtRtr/TxInf/RtrChain/Dbtr/Pty/CtctDtls/Dept,Dept,Max70Text,0,1
pacs.004.001.15,/Document/PmtRtr/TxInf/RtrChain/Dbtr/Pty/CtctDtls/Othr,Othr,OtherContact1,0,
pacs.004.001.15,/Document/PmtRtr/TxInf/RtrChain/Dbtr/Pty/CtctDtls/Othr/ChanlTp,ChanlTp,Max4Text,1,1
pacs.004.001.15,/Document/PmtRtr/TxInf/RtrChain/Dbtr/Pty/CtctDtls/Othr/Id,Id,Max128Text,0,1
pacs.004.001.15,/Document/PmtRtr/TxInf/RtrChain/Dbtr/Pty/CtctDtls/PrefrdMtd,PrefrdMtd,PreferredContactMethod2Code,0,1
pacs.004.001.15,/Document/PmtRtr/TxInf/RtrChain/Dbtr/Agt,Agt,BranchAndFinancialInstitutionIdentification8,1,1
pacs.004.001.15,/Document/PmtRtr/TxInf/RtrChain/Dbtr/Agt/FinInstnId,FinInstnId,FinancialInstitutionIdentification23,1,1
pacs.004.001.15,/Document/PmtRtr/TxInf/RtrChain/Dbtr/Agt/FinInstnId/BICFI,BICFI,BICFIDec2014Identifier,0,1
pacs.004.001.15,/Document/PmtRtr/TxInf/RtrChain/Dbtr/Agt/FinInstnId/ClrSysMmbId,ClrSysMmbId,ClearingSystemMemberIdentification2,0,1
pacs.004.001.15,/Document/PmtRtr/TxInf/RtrChain/Dbtr/Agt/FinInstnId/ClrSysMmbId/ClrSysId,ClrSysId,ClearingSystemIdentification2Choice,0,1
pacs.004.001.15,/Document/PmtRtr/TxInf/RtrChain/Dbtr/Agt/FinInstnId/ClrSysMmbId/ClrSysId/Cd,Cd,ExternalClearingSystemIdentification1Code,1,1
pacs.004.001.15,/Document/PmtRtr/TxInf/RtrChain/Dbtr/Agt/FinInstnId/ClrSysMmbId/ClrSysId/Prtry,Prtry,Max35Text,1,1
pacs.004.001.15,/Document/PmtRtr/TxInf/RtrChain/Dbtr/Agt/FinInstnId/ClrSysMmbId/MmbId,MmbId,Max35Text,1,1
pacs.004.001.15,/Document/PmtRtr/TxInf/RtrChain/Dbtr/Agt/FinInstnId/LEI,LEI,LEIIdentifier,0,1
pacs.004.001.15,/Document/PmtRtr/TxInf/RtrChain/Dbtr/Agt/FinInstnId/Nm,Nm,Max140Text,0,1
pacs.004.001.15,/Document/PmtRtr/TxInf/RtrChain/Dbtr/Agt/FinInstnId/PstlAdr,PstlAdr,PostalAddress27,0,1
pacs.004.001.15,/Document/PmtRtr/TxInf/RtrChain/Dbtr/Agt/FinInstnId/PstlAdr/AdrTp,AdrTp,AddressType3Choice,0,1
pacs.004.001.15,/Document/PmtRtr/TxInf/RtrChain/Dbtr/Agt/FinInstnId/PstlAdr/AdrTp/Cd,Cd,AddressType2Code,1,1
pacs.004.001.15,/Document/PmtRtr/TxInf/RtrChain/Dbtr/Agt/FinInstnId/PstlAdr/AdrTp/Prtry,Prtry,GenericIdentification30,1,1
pacs.004.001.15,/Document/PmtRtr/TxInf/RtrChain/Dbtr/Agt/FinInstnId/PstlAdr/AdrTp/Prtry/Id,Id,Exact4AlphaNumericText,1,1
pacs.004.001.15,/Document/PmtRtr/TxInf/RtrChain/Dbtr/Agt/FinInstnId/PstlAdr/AdrTp/Prtry/Issr,Issr,Max35Text,1,1
pacs.004.001.15,/Document/PmtRtr/TxInf/RtrChain/Dbtr/Agt/FinInstnId/PstlAdr/AdrTp/Prtry/SchmeNm,SchmeNm,Max35Text,0,1
pacs.004.001.15,/Document/PmtRtr/TxInf/RtrChain/Dbtr/Agt/FinInstnId/PstlAdr/CareOf,CareOf,Max140Text,0,1
pacs.004.001.15,/Document/PmtRtr/TxInf/RtrChain/Dbtr/Agt/FinInstnId/PstlAdr/Dept,Dept,Max70Text,0,1
pacs.004.001.15,/Document/PmtRtr/TxInf/RtrChain/Dbtr/Agt/FinInstnId/PstlAdr/SubDept,SubDept,Max70Text,0,1
pacs.004.001.15,/Document/PmtRtr/TxInf/RtrChain/Dbtr/Agt/FinInstnId/PstlAdr/StrtNm,StrtNm,Max140Text,0,1
pacs.004.001.15,/Document/PmtRtr/TxInf/RtrChain/Dbtr/Agt/FinInstnId/PstlAdr/BldgNb,BldgNb,Max16Text,0,1
pacs.004.001.15,/Document/PmtRtr/TxInf/RtrChain/Dbtr/Agt/FinInstnId/PstlAdr/BldgNm,BldgNm,Max140Text,0,1
pacs.004.001.15,/Document/PmtRtr/TxInf/RtrChain/Dbtr/Agt/FinInstnId/PstlAdr/Flr,Flr,Max70Text,0,1
pacs.004.001.15,/Document/PmtRtr/TxInf/RtrChain/Dbtr/Agt/FinInstnId/PstlAdr/UnitNb,UnitNb,Max16Text,0,1
pacs.004.001.15,/Document/PmtRtr/TxInf/RtrChain/Dbtr/Agt/FinInstnId/PstlAdr/PstBx,PstBx,Max16Text,0,1
pacs.004.001.15,/Document/PmtRtr/TxInf/RtrChain/Dbtr/Agt/FinInstnId/PstlAdr/Room,Room,Max70Text,0,1
pacs.004.001.15,/Document/PmtRtr/TxInf/RtrChain/Dbtr/Agt/FinInstnId/PstlAdr/PstCd,PstCd,Max16Text,0,1
pacs.004.001.15,/Document/PmtRtr/TxInf/RtrChain/Dbtr/Agt/FinInstnId/PstlAdr/TwnNm,TwnNm,Max140Text,0,1
pacs.004.001.15,/Document/PmtRtr/TxInf/RtrChain/Dbtr/Agt/FinInstnId/PstlAdr/TwnLctnNm,TwnLctnNm,Max140Text,0,1
pacs.004.001.15,/Document/PmtRtr/TxInf/RtrChain/Dbtr/Agt/FinInstnId/PstlAdr/DstrctNm,DstrctNm,Max140Text,0,1
pacs.004.001.15,/Document/PmtRtr/TxInf/RtrChain/Dbtr/Agt/FinInstnId/PstlAdr/CtrySubDvsn,CtrySubDvsn,Max35Text,0,1
pacs.004.001.15,/Document/PmtRtr/TxInf/RtrChain/Dbtr/Agt/FinInstnId/PstlAdr/Ctry,Ctry,CountryCode,0,1
pacs.004.001.15,/Document/PmtRtr/TxInf/RtrChain/Dbtr/Agt/FinInstnId/PstlAdr/AdrLine,AdrLine,Max70Text,0,7
pacs.004.001.15,/Document/PmtRtr/TxInf/RtrChain/Dbtr/Agt/FinInstnId/Othr,Othr,GenericFinancialIdentification1,0,1
pacs.004.001.15,/Document/PmtRtr/TxInf/RtrChain/Dbtr/Agt/FinInstnId/Othr/Id,Id,Max35Text,1,1
pacs.004.001.15,/Document/PmtRtr/TxInf/RtrChain/Dbtr/Agt/FinInstnId/Othr/SchmeNm,SchmeNm,FinancialIdentificationSchemeName1Choice,0,1
pacs.004.001.15,/Document/PmtRtr/TxInf/RtrChain/Dbtr/Agt/FinInstnId/Othr/SchmeNm/Cd,Cd,ExternalFinancialInstitutionIdentification1Code,1,1
pacs.004.001.15,/Document/PmtRtr/TxInf/RtrChain/Dbtr/Agt/FinInstnId/Othr/SchmeNm/Prtry,Prtry,Max35Text,1,1
pacs.004.001.15,/Document/PmtRtr/TxInf/RtrChain/Dbtr/Agt/FinInstnId/Othr/Issr,Issr,Max35Text,0,1
pacs.004.001.15,/Document/PmtRtr/TxInf/RtrChain/Dbtr/Agt/BrnchId,BrnchId,BranchData5,0,1
pacs.004.001.15,/Document/PmtRtr/TxInf/RtrChain/Dbtr/Agt/BrnchId/Id,Id,Max35Text,0,1
pacs.004.001.15,/Document/PmtRtr/TxInf/RtrChain/Dbtr/Agt/BrnchId/LEI,LEI,LEIIdentifier,0,1
pacs.004.001.15,/Document/PmtRtr/TxInf/RtrChain/Dbtr/Agt/BrnchId/Nm,Nm,Max140Text,0,1
pacs.004.001.15,/Document/PmtRtr/TxInf/RtrChain/Dbtr/Agt/BrnchId/PstlAdr,PstlAdr,PostalAddress27,0,1
pacs.004.001.15,/Document/PmtRtr/TxInf/RtrChain/Dbtr/Agt/BrnchId/PstlAdr/AdrTp,AdrTp,AddressType3Choice,0,1
pacs.004.001.15,/Document/PmtRtr/TxInf/RtrChain/Dbtr/Agt/BrnchId/PstlAdr/AdrTp/Cd,Cd,AddressType2Code,1,1
pacs.004.001.15,/Document/PmtRtr/TxInf/RtrChain/Dbtr/Agt/BrnchId/PstlAdr/AdrTp/Prtry,Prtry,GenericIdentification30,1,1
pacs.004.001.15,/Document/PmtRtr/TxInf/RtrChain/Dbtr/Agt/BrnchId/PstlAdr/AdrTp/Prtry/Id,Id,Exact4AlphaNumericText,1,1
pacs.004.001.15,/Document/PmtRtr/TxInf/RtrChain/Dbtr/Agt/BrnchId/PstlAdr/AdrTp/Prtry/Issr,Issr,Max35Text,1,1
pacs.004.001.15,/Document/PmtRtr/TxInf/RtrChain/Dbtr/Agt/BrnchId/PstlAdr/AdrTp/Prtry/SchmeNm,SchmeNm,Max35Text,0,1
pacs.004.001.15,/Document/PmtRtr/TxInf/RtrChain/Dbtr/Agt/BrnchId/PstlAdr/CareOf,CareOf,Max140Text,0,1
pacs.004.001.15,/Document/PmtRtr/TxInf/RtrChain/Dbtr/Agt/BrnchId/PstlAdr/Dept,Dept,Max70Text,0,1
pacs.004.001.15,/Document/PmtRtr/TxInf/RtrChain/Dbtr/Agt/BrnchId/PstlAdr/SubDept,SubDept,Max70Text,0,1
pacs.004.001.15,/Document/PmtRtr/TxInf/RtrChain/Dbtr/Agt/BrnchId/PstlAdr/StrtNm,StrtNm,Max140Text,0,1
pacs.004.001.15,/Document/PmtRtr/TxInf/RtrChain/Dbtr/Agt/BrnchId/PstlAdr/BldgNb,BldgNb,Max16Text,0,1
pacs.004.001.15,/Document/PmtRtr/TxInf/RtrChain/Dbtr/Agt/BrnchId/PstlAdr/BldgNm,BldgNm,Max140Text,0,1
pacs.004.001.15,/Document/PmtRtr/TxInf/RtrChain/Dbtr/Agt/BrnchId/PstlAdr/Flr,Flr,Max70Text,0,1
pacs.004.001.15,/Document/PmtRtr/TxInf/RtrChain/Dbtr/Agt/BrnchId/PstlAdr/UnitNb,UnitNb,Max16Text,0,1
pacs.004.001.15,/Document/PmtRtr/TxInf/RtrChain/Dbtr/Agt/BrnchId/PstlAdr/PstBx,PstBx,Max16Text,0,1
pacs.004.001.15,/Document/PmtRtr/TxInf/RtrChain/Dbtr/Agt/BrnchId/PstlAdr/Room,Room,Max70Text,0,1
pacs.004.001.15,/Document/PmtRtr/TxInf/RtrChain/Dbtr/Agt/BrnchId/PstlAdr/PstCd,PstCd,Max16Text,0,1
pacs.004.001.15,/Document/PmtRtr/TxInf/RtrChain/Dbtr/Agt/BrnchId/PstlAdr/TwnNm,TwnNm,Max140Text,0,1
pacs.004.001.15,/Document/PmtRtr/TxInf/RtrChain/Dbtr/Agt/BrnchId/PstlAdr/TwnLctnNm,TwnLctnNm,Max140Text,0,1
pacs.004.001.15,/Document/PmtRtr/TxInf/RtrChain/Dbtr/Agt/BrnchId/PstlAdr/DstrctNm,DstrctNm,Max140Text,0,1
pacs.004.001.15,/Document/PmtRtr/TxInf/RtrChain/Dbtr/Agt/BrnchId/PstlAdr/CtrySubDvsn,CtrySubDvsn,Max35Text,0,1
pacs.004.001.15,/Document/PmtRtr/TxInf/RtrChain/Dbtr/Agt/BrnchId/PstlAdr/Ctry,Ctry,CountryCode,0,1
pacs.004.001.15,/Document/PmtRtr/TxInf/RtrChain/Dbtr/Agt/BrnchId/PstlAdr/AdrLine,AdrLine,Max70Text,0,7
pacs.004.001.15,/Document/PmtRtr/TxInf/RtrChain/DbtrAcct,DbtrAcct,CashAccount40,0,1
pacs.004.001.15,/Document/PmtRtr/TxInf/RtrChain/DbtrAcct/Id,Id,AccountIdentification4Choice,0,1
pacs.004.001.15,/Document/PmtRtr/TxInf/RtrChain/DbtrAcct/Id/IBAN,IBAN,IBAN2007Identifier,1,1
pacs.004.001.15,/Document/PmtRtr/TxInf/RtrChain/DbtrAcct/Id/Othr,Othr,GenericAccountIdentification1,1,1
pacs.004.001.15,/Document/PmtRtr/TxInf/RtrChain/DbtrAcct/Id/Othr/Id,Id,Max34Text,1,1
pacs.004.001.15,/Document/PmtRtr/TxInf/RtrChain/DbtrAcct/Id/Othr/SchmeNm,SchmeNm,AccountSchemeName1Choice,0,1
pacs.004.001.15,/Document/PmtRtr/TxInf/RtrChain/DbtrAcct/Id/Othr/SchmeNm/Cd,Cd,ExternalAccountIdentification1Code,1,1
pacs.004.001.15,/Document/PmtRtr/TxInf/RtrChain/DbtrAcct/Id/Othr/SchmeNm/Prtry,Prtry,Max35Text,1,1
pacs.004.001.15,/Document/PmtRtr/TxInf/RtrChain/DbtrAcct/Id/Othr/Issr,Issr,Max35Text,0,1
pacs.004.001.15,/Document/PmtRtr/TxInf/RtrChain/DbtrAcct/Tp,Tp,CashAccountType2Choice,0,1
pacs.004.001.15,/Document/PmtRtr/TxInf/RtrChain/DbtrAcct/Tp/Cd,Cd,ExternalCashAccountType1Code,1,1
pacs.004.001.15,/Document/PmtRtr/TxInf/RtrChain/DbtrAcct/Tp/Prtry,Prtry,Max35Text,1,1
pacs.004.001.15,/Document/PmtRtr/TxInf/RtrChain/DbtrAcct/Ccy,Ccy,ActiveOrHistoricCurrencyCode,0,1
pacs.004.001.15,/Document/PmtRtr/TxInf/RtrChain/DbtrAcct/Nm,Nm,Max70Text,0,1
pacs.004.001.15,/Document/PmtRtr/TxInf/RtrChain/DbtrAcct/Prxy,Prxy,ProxyAccountIdentification1,0,1
pacs.004.001.15,/Document/PmtRtr/TxInf/RtrChain/DbtrAcct/Prxy/Tp,Tp,ProxyAccountType1Choice,0,1
pacs.004.001.15,/Document/PmtRtr/TxInf/RtrChain/DbtrAcct/Prxy/Tp/Cd,Cd,ExternalProxyAccountType1Code,1,1
pacs.004.001.15,/Document/PmtRtr/TxInf/RtrChain/DbtrAcct/Prxy/Tp/Prtry,Prtry,Max35Text,1,1
pacs.004.001.15,/Document/PmtRtr/TxInf/RtrChain/DbtrAcct/Prxy/Id,Id,Max2048Text,1,1
pacs.004.001.15,/Document/PmtRtr/TxInf/RtrChain/InitgPty,InitgPty,Party50Choice,0,1
pacs.004.001.15,/Document/PmtRtr/TxInf/RtrChain/InitgPty/Pty,Pty,PartyIdentification272,1,1
pacs.004.001.15,/Document/PmtRtr/TxInf/RtrChain/InitgPty/Pty/Nm,Nm,Max140Text,0,1
pacs.004.001.15,/Document/PmtRtr/TxInf/RtrChain/InitgPty/Pty/PstlAdr,PstlAdr,PostalAddress27,0,1
pacs.004.001.15,/Document/PmtRtr/TxInf/RtrChain/InitgPty/Pty/PstlAdr/AdrTp,AdrTp,AddressType3Choice,0,1
pacs.004.001.15,/Document/PmtRtr/TxInf/RtrChain/InitgPty/Pty/PstlAdr/AdrTp/Cd,Cd,AddressType2Code,1,1
pacs.004.001.15,/Document/PmtRtr/TxInf/RtrChain/InitgPty/Pty/PstlAdr/AdrTp/Prtry,Prtry,GenericIdentification30,1,1
pacs.004.001.15,/Document/PmtRtr/TxInf/RtrChain/InitgPty/Pty/PstlAdr/AdrTp/Prtry/Id,Id,Exact4AlphaNumericText,1,1
pacs.004.001.15,/Document/PmtRtr/TxInf/RtrChain/InitgPty/Pty/PstlAdr/AdrTp/Prtry/Issr,Issr,Max35Text,1,1
pacs.004.001.15,/Document/PmtRtr/TxInf/RtrChain/InitgPty/Pty/PstlAdr/AdrTp/Prtry/SchmeNm,SchmeNm,Max35Text,0,1
pacs.004.001.15,/Document/PmtRtr/TxInf/RtrChain/InitgPty/Pty/PstlAdr/CareOf,CareOf,Max140Text,0,1
pacs.004.001.15,/Document/PmtRtr/TxInf/RtrChain/InitgPty/Pty/PstlAdr/Dept,Dept,Max70Text,0,1
pacs.004.001.15,/Document/PmtRtr/TxInf/RtrChain/InitgPty/Pty/PstlAdr/SubDept,SubDept,Max70Text,0,1
pacs.004.001.15,/Document/PmtRtr/TxInf/RtrChain/InitgPty/Pty/PstlAdr/StrtNm,StrtNm,Max140Text,0,1
pacs.004.001.15,/Document/PmtRtr/TxInf/RtrChain/InitgPty/Pty/PstlAdr/BldgNb,BldgNb,Max16Text,0,1
pacs.004.001.15,/Document/PmtRtr/TxInf/RtrChain/InitgPty/Pty/PstlAdr/BldgNm,BldgNm,Max140Text,0,1
pacs.004.001.15,/Document/PmtRtr/TxInf/RtrChain/InitgPty/Pty/PstlAdr/Flr,Flr,Max70Text,0,1
pacs.004.001.15,/Document/PmtRtr/TxInf/RtrChain/InitgPty/Pty/PstlAdr/UnitNb,UnitNb,Max16Text,0,1
pacs.004.001.15,/Document/PmtRtr/TxInf/RtrChain/InitgPty/Pty/PstlAdr/PstBx,PstBx,Max16Text,0,1
pacs.004.001.15,/Document/PmtRtr/TxInf/RtrChain/InitgPty/Pty/PstlAdr/Room,Room,Max70Text,0,1
pacs.004.001.15,/Document/PmtRtr/TxInf/RtrChain/InitgPty/Pty/PstlAdr/PstCd,PstCd,Max16Text,0,1
pacs.004.001.15,/Document/PmtRtr/TxInf/RtrChain/InitgPty/Pty/PstlAdr/TwnNm,TwnNm,Max140Text,0,1
pacs.004.001.15,/Document/PmtRtr/TxInf/RtrChain/InitgPty/Pty/PstlAdr/TwnLctnNm,TwnLctnNm,Max140Text,0,1
pacs.004.001.15,/Document/PmtRtr/TxInf/RtrChain/InitgPty/Pty/PstlAdr/DstrctNm,DstrctNm,Max140Text,0,1
pacs.004.001.15,/Document/PmtRtr/TxInf/RtrChain/InitgPty/Pty/PstlAdr/CtrySubDvsn,CtrySubDvsn,Max35Text,0,1
pacs.004.001.15,/Document/PmtRtr/TxInf/RtrChain/InitgPty/Pty/PstlAdr/Ctry,Ctry,CountryCode,0,1
pacs.004.001.15,/Document/PmtRtr/TxInf/RtrChain/InitgPty/Pty/PstlAdr/AdrLine,AdrLine,Max70Text,0,7
pacs.004.001.15,/Document/PmtRtr/TxInf/RtrChain/InitgPty/Pty/Id,Id,Party52Choice,0,1
pacs.004.001.15,/Document/PmtRtr/TxInf/RtrChain/InitgPty/Pty/Id/OrgId,OrgId,OrganisationIdentification39,1,1
pacs.004.001.15,/Document/PmtRtr/TxInf/RtrChain/InitgPty/Pty/Id/OrgId/AnyBIC,AnyBIC,AnyBICDec2014Identifier,0,1
pacs.004.001.15,/Document/PmtRtr/TxInf/RtrChain/InitgPty/Pty/Id/OrgId/LEI,LEI,LEIIdentifier,0,1
pacs.004.001.15,/Document/PmtRtr/TxInf/RtrChain/InitgPty/Pty/Id/OrgId/Othr,Othr,GenericOrganisationIdentification3,0,
pacs.004.001.15,/Document/PmtRtr/TxInf/RtrChain/InitgPty/Pty/Id/OrgId/Othr/Id,Id,Max256Text,1,1
pacs.004.001.15,/Document/PmtRtr/TxInf/RtrChain/InitgPty/Pty/Id/OrgId/Othr/SchmeNm,SchmeNm,OrganisationIdentificationSchemeName1Choice,0,1
pacs.004.001.15,/Document/PmtRtr/TxInf/RtrChain/InitgPty/Pty/Id/OrgId/Othr/SchmeNm/Cd,Cd,ExternalOrganisationIdentification1Code,1,1
pacs.004.001.15,/Document/PmtRtr/TxInf/RtrChain/InitgPty/Pty/Id/OrgId/Othr/SchmeNm/Prtry,Prtry,Max35Text,1,1
pacs.004.001.15,/Document/PmtRtr/TxInf/RtrChain/InitgPty/Pty/Id/OrgId/Othr/Issr,Issr,Max35Text,0,1
pacs.004.001.15,/Document/PmtRtr/TxInf/RtrChain/InitgPty/Pty/Id/PrvtId,PrvtId,PersonIdentification18,1,1
pacs.004.001.15,/Document/PmtRtr/TxInf/RtrChain/InitgPty/Pty/Id/PrvtId/DtAndPlcOfBirth,DtAndPlcOfBirth,DateAndPlaceOfBirth1,0,1
pacs.004.001.15,/Document/PmtRtr/TxInf/RtrChain/InitgPty/Pty/Id/PrvtId/DtAndPlcOfBirth/BirthDt,BirthDt,ISODate,1,1
pacs.004.001.15,/Document/PmtRtr/TxInf/RtrChain/InitgPty/Pty/Id/PrvtId/DtAndPlcOfBirth/PrvcOfBirth,PrvcOfBirth,Max35Text,0,1
pacs.004.001.15,/Document/PmtRtr/TxInf/RtrChain/InitgPty/Pty/Id/PrvtId/DtAndPlcOfBirth/CityOfBirth,CityOfBirth,Max35Text,1,1
pacs.004.001.15,/Document/PmtRtr/TxInf/RtrChain/InitgPty/Pty/Id/PrvtId/DtAndPlcOfBirth/CtryOfBirth,CtryOfBirth,CountryCode,1,1
pacs.004.001.15,/Document/PmtRtr/TxInf/RtrChain/InitgPty/Pty/Id/PrvtId/Othr,Othr,GenericPersonIdentification2,0,
pacs.004.001.15,/Document/PmtRtr/TxInf/RtrChain/InitgPty/Pty/Id/PrvtId/Othr/Id,Id,Max256Text,1,1
pacs.004.001.15,/Document/PmtRtr/TxInf/RtrChain/InitgPty/Pty/Id/PrvtId/Othr/SchmeNm,SchmeNm,PersonIdentificationSchemeName1Choice,0,1
pacs.004.001.15,/Document/PmtRtr/TxInf/RtrChain/InitgPty/Pty/Id/PrvtId/Othr/SchmeNm/Cd,Cd,ExternalPersonIdentification1Code,1,1
pacs.004.001.15,/Document/PmtRtr/TxInf/RtrChain/InitgPty/Pty/Id/PrvtId/Othr/SchmeNm/Prtry,Prtry,Max35Text,1,1
pacs.004.001.15,/Document/PmtRtr/TxInf/RtrChain/InitgPty/Pty/Id/PrvtId/Othr/Issr,Issr,Max35Text,0,1
pacs.004.001.15,/Document/PmtRtr/TxInf/RtrChain/InitgPty/Pty/CtryOfRes,CtryOfRes,CountryCode,0,1
pacs.004.001.15,/Document/PmtRtr/TxInf/RtrChain/InitgPty/Pty/CtctDtls,CtctDtls,Contact13,0,1
pacs.004.001.15,/Document/PmtRtr/TxInf/RtrChain/InitgPty/Pty/CtctDtls/NmPrfx,NmPrfx,NamePrefix2Code,0,1
pacs.004.001.15,/Document/PmtRtr/TxInf/RtrChain/InitgPty/Pty/CtctDtls/Nm,Nm,Max140Text,0,1
pacs.004.001.15,/Document/PmtRtr/TxInf/RtrChain/InitgPty/Pty/CtctDtls/PhneNb,PhneNb,PhoneNumber,0,1
pacs.004.001.15,/Document/PmtRtr/TxInf/RtrChain/InitgPty/Pty/CtctDtls/MobNb,MobNb,PhoneNumber,0,1
pacs.004.001.15,/Document/PmtRtr/TxInf/RtrChain/InitgPty/Pty/CtctDtls/FaxNb,FaxNb,PhoneNumber,0,1
pacs.004.001.15,/Document/PmtRtr/TxInf/RtrChain/InitgPty/Pty/CtctDtls/URLAdr,URLAdr,Max2048Text,0,1
pacs.004.001.15,/Document/PmtRtr/TxInf/RtrChain/InitgPty/Pty/CtctDtls/EmailAdr,EmailAdr,Max256Text,0,1
pacs.004.001.15,/Document/PmtRtr/TxInf/RtrChain/InitgPty/Pty/CtctDtls/EmailPurp,EmailPurp,Max35Text,0,1
pacs.004.001.15,/Document/PmtRtr/TxInf/RtrChain/InitgPty/Pty/CtctDtls/JobTitl,JobTitl,Max35Text,0,1
pacs.004.001.15,/Document/PmtRtr/TxInf/RtrChain/InitgPty/Pty/CtctDtls/Rspnsblty,Rspnsblty,Max35Text,0,1
pacs.004.001.15,/Document/PmtRtr/TxInf/RtrChain/InitgPty/Pty/CtctDtls/Dept,Dept,Max70Text,0,1
pacs.004.001.15,/Document/PmtRtr/TxInf/RtrChain/InitgPty/Pty/CtctDtls/Othr,Othr,OtherContact1,0,
pacs.004.001.15,/Document/PmtRtr/TxInf/RtrChain/InitgPty/Pty/CtctDtls/Othr/ChanlTp,ChanlTp,Max4Text,1,1
pacs.004.001.15,/Document/PmtRtr/TxInf/RtrChain/InitgPty/Pty/CtctDtls/Othr/Id,Id,Max128Text,0,1
pacs.004.001.15,/Document/PmtRtr/TxInf/RtrChain/InitgPty/Pty/CtctDtls/PrefrdMtd,PrefrdMtd,PreferredContactMethod2Code,0,1
pacs.004.001.15,/Document/PmtRtr/TxInf/RtrChain/InitgPty/Agt,Agt,BranchAndFinancialInstitutionIdentification8,1,1
pacs.004.001.15,/Document/PmtRtr/TxInf/RtrChain/InitgPty/Agt/FinInstnId,FinInstnId,FinancialInstitutionIdentification23,1,1
pacs.004.001.15,/Document/PmtRtr/TxInf/RtrChain/InitgPty/Agt/FinInstnId/BICFI,BICFI,BICFIDec2014Identifier,0,1
pacs.004.001.15,/Document/PmtRtr/TxInf/RtrChain/InitgPty/Agt/FinInstnId/ClrSysMmbId,ClrSysMmbId,ClearingSystemMemberIdentification2,0,1
pacs.004.001.15,/Document/PmtRtr/TxInf/RtrChain/InitgPty/Agt/FinInstnId/ClrSysMmbId/ClrSysId,ClrSysId,ClearingSystemIdentification2Choice,0,1
pacs.004.001.15,/Document/PmtRtr/TxInf/RtrChain/InitgPty/Agt/FinInstnId/ClrSysMmbId/ClrSysId/Cd,Cd,ExternalClearingSystemIdentification1Code,1,1
pacs.004.001.15,/Document/PmtRtr/TxInf/RtrChain/InitgPty/Agt/FinInstnId/ClrSysMmbId/ClrSysId/Prtry,Prtry,Max35Text,1,1
pacs.004.001.15,/Document/PmtRtr/TxInf/RtrChain/InitgPty/Agt/FinInstnId/ClrSysMmbId/MmbId,MmbId,Max35Text,1,1
pacs.004.001.15,/Document/PmtRtr/TxInf/RtrChain/InitgPty/Agt/FinInstnId/LEI,LEI,LEIIdentifier,0,1
pacs.004.001.15,/Document/PmtRtr/TxInf/RtrChain/InitgPty/Agt/FinInstnId/Nm,Nm,Max140Text,0,1
pacs.004.001.15,/Document/PmtRtr/TxInf/RtrChain/InitgPty/Agt/FinInstnId/PstlAdr,PstlAdr,PostalAddress27,0,1
pacs.004.001.15,/Document/PmtRtr/TxInf/RtrChain/InitgPty/Agt/FinInstnId/PstlAdr/AdrTp,AdrTp,AddressType3Choice,0,1
pacs.004.001.15,/Document/PmtRtr/TxInf/RtrChain/InitgPty/Agt/FinInstnId/PstlAdr/AdrTp/Cd,Cd,AddressType2Code,1,1
pacs.004.001.15,/Document/PmtRtr/TxInf/RtrChain/InitgPty/Agt/FinInstnId/PstlAdr/AdrTp/Prtry,Prtry,GenericIdentification30,1,1
pacs.004.001.15,/Document/PmtRtr/TxInf/RtrChain/InitgPty/Agt/FinInstnId/PstlAdr/AdrTp/Prtry/Id,Id,Exact4AlphaNumericText,1,1
pacs.004.001.15,/Document/PmtRtr/TxInf/RtrChain/InitgPty/Agt/FinInstnId/PstlAdr/AdrTp/Prtry/Issr,Issr,Max35Text,1,1
pacs.004.001.15,/Document/PmtRtr/TxInf/RtrChain/InitgPty/Agt/FinInstnId/PstlAdr/AdrTp/Prtry/SchmeNm,SchmeNm,Max35Text,0,1
pacs.004.001.15,/Document/PmtRtr/TxInf/RtrChain/InitgPty/Agt/FinInstnId/PstlAdr/CareOf,CareOf,Max140Text,0,1
pacs.004.001.15,/Document/PmtRtr/TxInf/RtrChain/InitgPty/Agt/FinInstnId/PstlAdr/Dept,Dept,Max70Text,0,1
pacs.004.001.15,/Document/PmtRtr/TxInf/RtrChain/InitgPty/Agt/FinInstnId/PstlAdr/SubDept,SubDept,Max70Text,0,1
pacs.004.001.15,/Document/PmtRtr/TxInf/RtrChain/InitgPty/Agt/FinInstnId/PstlAdr/StrtNm,StrtNm,Max140Text,0,1
pacs.004.001.15,/Document/PmtRtr/TxInf/RtrChain/InitgPty/Agt/FinInstnId/PstlAdr/BldgNb,BldgNb,Max16Text,0,1
pacs.004.001.15,/Document/PmtRtr/TxInf/RtrChain/InitgPty/Agt/FinInstnId/PstlAdr/BldgNm,BldgNm,Max140Text,0,1
pacs.004.001.15,/Document/PmtRtr/TxInf/RtrChain/InitgPty/Agt/FinInstnId/PstlAdr/Flr,Flr,Max70Text,0,1
pacs.004.001.15,/Document/PmtRtr/TxInf/RtrChain/InitgPty/Agt/FinInstnId/PstlAdr/UnitNb,UnitNb,Max16Text,0,1
pacs.004.001.15,/Document/PmtRtr/TxInf/RtrChain/InitgPty/Agt/FinInstnId/PstlAdr/PstBx,PstBx,Max16Text,0,1
pacs.004.001.15,/Document/PmtRtr/TxInf/RtrChain/InitgPty/Agt/FinInstnId/PstlAdr/Room,Room,Max70Text,0,1
pacs.004.001.15,/Document/PmtRtr/TxInf/RtrChain/InitgPty/Agt/FinInstnId/PstlAdr/PstCd,PstCd,Max16Text,0,1
pacs.004.001.15,/Document/PmtRtr/TxInf/RtrChain/InitgPty/Agt/FinInstnId/PstlAdr/TwnNm,TwnNm,Max140Text,0,1
pacs.004.001.15,/Document/PmtRtr/TxInf/RtrChain/InitgPty/Agt/FinInstnId/PstlAdr/TwnLctnNm,TwnLctnNm,Max140Text,0,1
pacs.004.001.15,/Document/PmtRtr/TxInf/RtrChain/InitgPty/Agt/FinInstnId/PstlAdr/DstrctNm,DstrctNm,Max140Text,0,1
pacs.004.001.15,/Document/PmtRtr/TxInf/RtrChain/InitgPty/Agt/FinInstnId/PstlAdr/CtrySubDvsn,CtrySubDvsn,Max35Text,0,1
pacs.004.001.15,/Document/PmtRtr/TxInf/RtrChain/InitgPty/Agt/FinInstnId/PstlAdr/Ctry,Ctry,CountryCode,0,1
pacs.004.001.15,/Document/PmtRtr/TxInf/RtrChain/InitgPty/Agt/FinInstnId/PstlAdr/AdrLine,AdrLine,Max70Text,0,7
pacs.004.001.15,/Document/PmtRtr/TxInf/RtrChain/InitgPty/Agt/FinInstnId/Othr,Othr,GenericFinancialIdentification1,0,1
pacs.004.001.15,/Document/PmtRtr/TxInf/RtrChain/InitgPty/Agt/FinInstnId/Othr/Id,Id,Max35Text,1,1
pacs.004.001.15,/Document/PmtRtr/TxInf/RtrChain/InitgPty/Agt/FinInstnId/Othr/SchmeNm,SchmeNm,FinancialIdentificationSchemeName1Choice,0,1
pacs.004.001.15,/Document/PmtRtr/TxInf/RtrChain/InitgPty/Agt/FinInstnId/Othr/SchmeNm/Cd,Cd,ExternalFinancialInstitutionIdentification1Code,1,1
pacs.004.001.15,/Document/PmtRtr/TxInf/RtrChain/InitgPty/Agt/FinInstnId/Othr/SchmeNm/Prtry,Prtry,Max35Text,1,1
pacs.004.001.15,/Document/PmtRtr/TxInf/RtrChain/InitgPty/Agt/FinInstnId/Othr/Issr,Issr,Max35Text,0,1
pacs.004.001.15,/Document/PmtRtr/TxInf/RtrChain/InitgPty/Agt/BrnchId,BrnchId,BranchData5,0,1
pacs.004.001.15,/Document/PmtRtr/TxInf/RtrChain/InitgPty/Agt/BrnchId/Id,Id,Max35Text,0,1
pacs.004.001.15,/Document/PmtRtr/TxInf/RtrChain/InitgPty/Agt/BrnchId/LEI,LEI,LEIIdentifier,0,1
pacs.004.001.15,/Document/PmtRtr/TxInf/RtrChain/InitgPty/Agt/BrnchId/Nm,Nm,Max140Text,0,1
pacs.004.001.15,/Document/PmtRtr/TxInf/RtrChain/InitgPty/Agt/BrnchId/PstlAdr,PstlAdr,PostalAddress27,0,1
pacs.004.001.15,/Document/PmtRtr/TxInf/RtrChain/InitgPty/Agt/BrnchId/PstlAdr/AdrTp,AdrTp,AddressType3Choice,0,1
pacs.004.001.15,/Document/PmtRtr/TxInf/RtrChain/InitgPty/Agt/BrnchId/PstlAdr/AdrTp/Cd,Cd,AddressType2Code,1,1
pacs.004.001.15,/Document/PmtRtr/TxInf/RtrChain/InitgPty/Agt/BrnchId/PstlAdr/AdrTp/Prtry,Prtry,GenericIdentification30,1,1
pacs.004.001.15,/Document/PmtRtr/TxInf/RtrChain/InitgPty/Agt/BrnchId/PstlAdr/AdrTp/Prtry/Id,Id,Exact4AlphaNumericText,1,1
pacs.004.001.15,/Document/PmtRtr/TxInf/RtrChain/InitgPty/Agt/BrnchId/PstlAdr/AdrTp/Prtry/Issr,Issr,Max35Text,1,1
pacs.004.001.15,/Document/PmtRtr/TxInf/RtrChain/InitgPty/Agt/BrnchId/PstlAdr/AdrTp/Prtry/SchmeNm,SchmeNm,Max35Text,0,1
pacs.004.001.15,/Document/PmtRtr/TxInf/RtrChain/InitgPty/Agt/BrnchId/PstlAdr/CareOf,CareOf,Max140Text,0,1
pacs.004.001.15,/Document/PmtRtr/TxInf/RtrChain/InitgPty/Agt/BrnchId/PstlAdr/Dept,Dept,Max70Text,0,1
pacs.004.001.15,/Document/PmtRtr/TxInf/RtrChain/InitgPty/Agt/BrnchId/PstlAdr/SubDept,SubDept,Max70Text,0,1
pacs.004.001.15,/Document/PmtRtr/TxInf/RtrChain/InitgPty/Agt/BrnchId/PstlAdr/StrtNm,StrtNm,Max140Text,0,1
pacs.004.001.15,/Document/PmtRtr/TxInf/RtrChain/InitgPty/Agt/BrnchId/PstlAdr/BldgNb,BldgNb,Max16Text,0,1
pacs.004.001.15,/Document/PmtRtr/TxInf/RtrChain/InitgPty/Agt/BrnchId/PstlAdr/BldgNm,BldgNm,Max140Text,0,1
pacs.004.001.15,/Document/PmtRtr/TxInf/RtrChain/InitgPty/Agt/BrnchId/PstlAdr/Flr,Flr,Max70Text,0,1
pacs.004.001.15,/Document/PmtRtr/TxInf/RtrChain/InitgPty/Agt/BrnchId/PstlAdr/UnitNb,UnitNb,Max16Text,0,1
pacs.004.001.15,/Document/PmtRtr/TxInf/RtrChain/InitgPty/Agt/BrnchId/PstlAdr/PstBx,PstBx,Max16Text,0,1
pacs.004.001.15,/Document/PmtRtr/TxInf/RtrChain/InitgPty/Agt/BrnchId/PstlAdr/Room,Room,Max70Text,0,1
pacs.004.001.15,/Document/PmtRtr/TxInf/RtrChain/InitgPty/Agt/BrnchId/PstlAdr/PstCd,PstCd,Max16Text,0,1
pacs.004.001.15,/Document/PmtRtr/TxInf/RtrChain/InitgPty/Agt/BrnchId/PstlAdr/TwnNm,TwnNm,Max140Text,0,1
pacs.004.001.15,/Document/PmtRtr/TxInf/RtrChain/InitgPty/Agt/BrnchId/PstlAdr/TwnLctnNm,TwnLctnNm,Max140Text,0,1
pacs.004.001.15,/Document/PmtRtr/TxInf/RtrChain/InitgPty/Agt/BrnchId/PstlAdr/DstrctNm,DstrctNm,Max140Text,0,1
pacs.004.001.15,/Document/PmtRtr/TxInf/RtrChain/InitgPty/Agt/BrnchId/PstlAdr/CtrySubDvsn,CtrySubDvsn,Max35Text,0,1
pacs.004.001.15,/Document/PmtRtr/TxInf/RtrChain/InitgPty/Agt/BrnchId/PstlAdr/Ctry,Ctry,CountryCode,0,1
pacs.004.001.15,/Document/PmtRtr/TxInf/RtrChain/InitgPty/Agt/BrnchId/PstlAdr/AdrLine,AdrLine,Max70Text,0,7
pacs.004.001.15,/Document/PmtRtr/TxInf/RtrChain/DbtrAgt,DbtrAgt,BranchAndFinancialInstitutionIdentification8,0,1
pacs.004.001.15,/Document/PmtRtr/TxInf/RtrChain/DbtrAgt/FinInstnId,FinInstnId,FinancialInstitutionIdentification23,1,1
pacs.004.001.15,/Document/PmtRtr/TxInf/RtrChain/DbtrAgt/FinInstnId/BICFI,BICFI,BICFIDec2014Identifier,0,1
pacs.004.001.15,/Document/PmtRtr/TxInf/RtrChain/DbtrAgt/FinInstnId/ClrSysMmbId,ClrSysMmbId,ClearingSystemMemberIdentification2,0,1
pacs.004.001.15,/Document/PmtRtr/TxInf/RtrChain/DbtrAgt/FinInstnId/ClrSysMmbId/ClrSysId,ClrSysId,ClearingSystemIdentification2Choice,0,1
pacs.004.001.15,/Document/PmtRtr/TxInf/RtrChain/DbtrAgt/FinInstnId/ClrSysMmbId/ClrSysId/Cd,Cd,ExternalClearingSystemIdentification1Code,1,1
pacs.004.001.15,/Document/PmtRtr/TxInf/RtrChain/DbtrAgt/FinInstnId/ClrSysMmbId/ClrSysId/Prtry,Prtry,Max35Text,1,1
pacs.004.001.15,/Document/PmtRtr/TxInf/RtrChain/DbtrAgt/FinInstnId/ClrSysMmbId/MmbId,MmbId,Max35Text,1,1
pacs.004.001.15,/Document/PmtRtr/TxInf/RtrChain/DbtrAgt/FinInstnId/LEI,LEI,LEIIdentifier,0,1
pacs.004.001.15,/Document/PmtRtr/TxInf/RtrChain/DbtrAgt/FinInstnId/Nm,Nm,Max140Text,0,1
pacs.004.001.15,/Document/PmtRtr/TxInf/RtrChain/DbtrAgt/FinInstnId/PstlAdr,PstlAdr,PostalAddress27,0,1
pacs.004.001.15,/Document/PmtRtr/TxInf/RtrChain/DbtrAgt/FinInstnId/PstlAdr/AdrTp,AdrTp,AddressType3Choice,0,1
pacs.004.001.15,/Document/PmtRtr/TxInf/RtrChain/DbtrAgt/FinInstnId/PstlAdr/AdrTp/Cd,Cd,AddressType2Code,1,1
pacs.004.001.15,/Document/PmtRtr/TxInf/RtrChain/DbtrAgt/FinInstnId/PstlAdr/AdrTp/Prtry,Prtry,GenericIdentification30,1,1
pacs.004.001.15,/Document/PmtRtr/TxInf/RtrChain/DbtrAgt/FinInstnId/PstlAdr/AdrTp/Prtry/Id,Id,Exact4AlphaNumericText,1,1
pacs.004.001.15,/Document/PmtRtr/TxInf/RtrChain/DbtrAgt/FinInstnId/PstlAdr/AdrTp/Prtry/Issr,Issr,Max35Text,1,1
pacs.004.001.15,/Document/PmtRtr/TxInf/RtrChain/DbtrAgt/FinInstnId/PstlAdr/AdrTp/Prtry/SchmeNm,SchmeNm,Max35Text,0,1
pacs.004.001.15,/Document/PmtRtr/TxInf/RtrChain/DbtrAgt/FinInstnId/PstlAdr/CareOf,CareOf,Max140Text,0,1
pacs.004.001.15,/Document/PmtRtr/TxInf/RtrChain/DbtrAgt/FinInstnId/PstlAdr/Dept,Dept,Max70Text,0,1
pacs.004.001.15,/Document/PmtRtr/TxInf/RtrChain/DbtrAgt/FinInstnId/PstlAdr/SubDept,SubDept,Max70Text,0,1
pacs.004.001.15,/Document/PmtRtr/TxInf/RtrChain/DbtrAgt/FinInstnId/PstlAdr/StrtNm,StrtNm,Max140Text,0,1
pacs.004.001.15,/Document/PmtRtr/TxInf/RtrChain/DbtrAgt/FinInstnId/PstlAdr/BldgNb,BldgNb,Max16Text,0,1
pacs.004.001.15,/Document/PmtRtr/TxInf/RtrChain/DbtrAgt/FinInstnId/PstlAdr/BldgNm,BldgNm,Max140Text,0,1
pacs.004.001.15,/Document/PmtRtr/TxInf/RtrChain/DbtrAgt/FinInstnId/PstlAdr/Flr,Flr,Max70Text,0,1
pacs.004.001.15,/Document/PmtRtr/TxInf/RtrChain/DbtrAgt/FinInstnId/PstlAdr/UnitNb,UnitNb,Max16Text,0,1
pacs.004.001.15,/Document/PmtRtr/TxInf/RtrChain/DbtrAgt/FinInstnId/PstlAdr/PstBx,PstBx,Max16Text,0,1
pacs.004.001.15,/Document/PmtRtr/TxInf/RtrChain/DbtrAgt/FinInstnId/PstlAdr/Room,Room,Max70Text,0,1
pacs.004.001.15,/Document/PmtRtr/TxInf/RtrChain/DbtrAgt/FinInstnId/PstlAdr/PstCd,PstCd,Max16Text,0,1
pacs.004.001.15,/Document/PmtRtr/TxInf/RtrChain/DbtrAgt/FinInstnId/PstlAdr/TwnNm,TwnNm,Max140Text,0,1
pacs.004.001.15,/Document/PmtRtr/TxInf/RtrChain/DbtrAgt/FinInstnId/PstlAdr/TwnLctnNm,TwnLctnNm,Max140Text,0,1
pacs.004.001.15,/Document/PmtRtr/TxInf/RtrChain/DbtrAgt/FinInstnId/PstlAdr/DstrctNm,DstrctNm,Max140Text,0,1
pacs.004.001.15,/Document/PmtRtr/TxInf/RtrChain/DbtrAgt/FinInstnId/PstlAdr/CtrySubDvsn,CtrySubDvsn,Max35Text,0,1
pacs.004.001.15,/Document/PmtRtr/TxInf/RtrChain/DbtrAgt/FinInstnId/PstlAdr/Ctry,Ctry,CountryCode,0,1
pacs.004.001.15,/Document/PmtRtr/TxInf/RtrChain/DbtrAgt/FinInstnId/PstlAdr/AdrLine,AdrLine,Max70Text,0,7
pacs.004.001.15,/Document/PmtRtr/TxInf/RtrChain/DbtrAgt/FinInstnId/Othr,Othr,GenericFinancialIdentification1,0,1
pacs.004.001.15,/Document/PmtRtr/TxInf/RtrChain/DbtrAgt/FinInstnId/Othr/Id,Id,Max35Text,1,1
pacs.004.001.15,/Document/PmtRtr/TxInf/RtrChain/DbtrAgt/FinInstnId/Othr/SchmeNm,SchmeNm,FinancialIdentificationSchemeName1Choice,0,1
pacs.004.001.15,/Document/PmtRtr/TxInf/RtrChain/DbtrAgt/FinInstnId/Othr/SchmeNm/Cd,Cd,ExternalFinancialInstitutionIdentification1Code,1,1
pacs.004.001.15,/Document/PmtRtr/TxInf/RtrChain/DbtrAgt/FinInstnId/Othr/SchmeNm/Prtry,Prtry,Max35Text,1,1
pacs.004.001.15,/Document/PmtRtr/TxInf/RtrChain/DbtrAgt/FinInstnId/Othr/Issr,Issr,Max35Text,0,1
pacs.004.001.15,/Document/PmtRtr/TxInf/RtrChain/DbtrAgt/BrnchId,BrnchId,BranchData5,0,1
pacs.004.001.15,/Document/PmtRtr/TxInf/RtrChain/DbtrAgt/BrnchId/Id,Id,Max35Text,0,1
pacs.004.001.15,/Document/PmtRtr/TxInf/RtrChain/DbtrAgt/BrnchId/LEI,LEI,LEIIdentifier,0,1
pacs.004.001.15,/Document/PmtRtr/TxInf/RtrChain/DbtrAgt/BrnchId/Nm,Nm,Max140Text,0,1
pacs.004.001.15,/Document/PmtRtr/TxInf/RtrChain/DbtrAgt/BrnchId/PstlAdr,PstlAdr,PostalAddress27,0,1
pacs.004.001.15,/Document/PmtRtr/TxInf/RtrChain/DbtrAgt/BrnchId/PstlAdr/AdrTp,AdrTp,AddressType3Choice,0,1
pacs.004.001.15,/Document/PmtRtr/TxInf/RtrChain/DbtrAgt/BrnchId/PstlAdr/AdrTp/Cd,Cd,AddressType2Code,1,1
pacs.004.001.15,/Document/PmtRtr/TxInf/RtrChain/DbtrAgt/BrnchId/PstlAdr/AdrTp/Prtry,Prtry,GenericIdentification30,1,1
pacs.004.001.15,/Document/PmtRtr/TxInf/RtrChain/DbtrAgt/BrnchId/PstlAdr/AdrTp/Prtry/Id,Id,Exact4AlphaNumericText,1,1
pacs.004.001.15,/Document/PmtRtr/TxInf/RtrChain/DbtrAgt/BrnchId/PstlAdr/AdrTp/Prtry/Issr,Issr,Max35Text,1,1
pacs.004.001.15,/Document/PmtRtr/TxInf/RtrChain/DbtrAgt/BrnchId/PstlAdr/AdrTp/Prtry/SchmeNm,SchmeNm,Max35Text,0,1
pacs.004.001.15,/Document/PmtRtr/TxInf/RtrChain/DbtrAgt/BrnchId/PstlAdr/CareOf,CareOf,Max140Text,0,1
pacs.004.001.15,/Document/PmtRtr/TxInf/RtrChain/DbtrAgt/BrnchId/PstlAdr/Dept,Dept,Max70Text,0,1
pacs.004.001.15,/Document/PmtRtr/TxInf/RtrChain/DbtrAgt/BrnchId/PstlAdr/SubDept,SubDept,Max70Text,0,1
pacs.004.001.15,/Document/PmtRtr/TxInf/RtrChain/DbtrAgt/BrnchId/PstlAdr/StrtNm,StrtNm,Max140Text,0,1
pacs.004.001.15,/Document/PmtRtr/TxInf/RtrChain/DbtrAgt/BrnchId/PstlAdr/BldgNb,BldgNb,Max16Text,0,1
pacs.004.001.15,/Document/PmtRtr/TxInf/RtrChain/DbtrAgt/BrnchId/PstlAdr/BldgNm,BldgNm,Max140Text,0,1
pacs.004.001.15,/Document/PmtRtr/TxInf/RtrChain/DbtrAgt/BrnchId/PstlAdr/Flr,Flr,Max70Text,0,1
pacs.004.001.15,/Document/PmtRtr/TxInf/RtrChain/DbtrAgt/BrnchId/PstlAdr/UnitNb,UnitNb,Max16Text,0,1
pacs.004.001.15,/Document/PmtRtr/TxInf/RtrChain/DbtrAgt/BrnchId/PstlAdr/PstBx,PstBx,Max16Text,0,1
pacs.004.001.15,/Document/PmtRtr/TxInf/RtrChain/DbtrAgt/BrnchId/PstlAdr/Room,Room,Max70Text,0,1
pacs.004.001.15,/Document/PmtRtr/TxInf/RtrChain/DbtrAgt/BrnchId/PstlAdr/PstCd,PstCd,Max16Text,0,1
pacs.004.001.15,/Document/PmtRtr/TxInf/RtrChain/DbtrAgt/BrnchId/PstlAdr/TwnNm,TwnNm,Max140Text,0,1
pacs.004.001.15,/Document/PmtRtr/TxInf/RtrChain/DbtrAgt/BrnchId/PstlAdr/TwnLctnNm,TwnLctnNm,Max140Text,0,1
pacs.004.001.15,/Document/PmtRtr/TxInf/RtrChain/DbtrAgt/BrnchId/PstlAdr/DstrctNm,DstrctNm,Max140Text,0,1
pacs.004.001.15,/Document/PmtRtr/TxInf/RtrChain/DbtrAgt/BrnchId/PstlAdr/CtrySubDvsn,CtrySubDvsn,Max35Text,0,1
pacs.004.001.15,/Document/PmtRtr/TxInf/RtrChain/DbtrAgt/BrnchId/PstlAdr/Ctry,Ctry,CountryCode,0,1
pacs.004.001.15,/Document/PmtRtr/TxInf/RtrChain/DbtrAgt/BrnchId/PstlAdr/AdrLine,AdrLine,Max70Text,0,7
pacs.004.001.15,/Document/PmtRtr/TxInf/RtrChain/DbtrAgtAcct,DbtrAgtAcct,CashAccount40,0,1
pacs.004.001.15,/Document/PmtRtr/TxInf/RtrChain/DbtrAgtAcct/Id,Id,AccountIdentification4Choice,0,1
pacs.004.001.15,/Document/PmtRtr/TxInf/RtrChain/DbtrAgtAcct/Id/IBAN,IBAN,IBAN2007Identifier,1,1
pacs.004.001.15,/Document/PmtRtr/TxInf/RtrChain/DbtrAgtAcct/Id/Othr,Othr,GenericAccountIdentification1,1,1
pacs.004.001.15,/Document/PmtRtr/TxInf/RtrChain/DbtrAgtAcct/Id/Othr/Id,Id,Max34Text,1,1
pacs.004.001.15,/Document/PmtRtr/TxInf/RtrChain/DbtrAgtAcct/Id/Othr/SchmeNm,SchmeNm,AccountSchemeName1Choice,0,1
pacs.004.001.15,/Document/PmtRtr/TxInf/RtrChain/DbtrAgtAcct/Id/Othr/SchmeNm/Cd,Cd,ExternalAccountIdentification1Code,1,1
pacs.004.001.15,/Document/PmtRtr/TxInf/RtrChain/DbtrAgtAcct/Id/Othr/SchmeNm/Prtry,Prtry,Max35Text,1,1
pacs.004.001.15,/Document/PmtRtr/TxInf/RtrChain/DbtrAgtAcct/Id/Othr/Issr,Issr,Max35Text,0,1
pacs.004.001.15,/Document/PmtRtr/TxInf/RtrChain/DbtrAgtAcct/Tp,Tp,CashAccountType2Choice,0,1
pacs.004.001.15,/Document/PmtRtr/TxInf/RtrChain/DbtrAgtAcct/Tp/Cd,Cd,ExternalCashAccountType1Code,1,1
pacs.004.001.15,/Document/PmtRtr/TxInf/RtrChain/DbtrAgtAcct/Tp/Prtry,Prtry,Max35Text,1,1
pacs.004.001.15,/Document/PmtRtr/TxInf/RtrChain/DbtrAgtAcct/Ccy,Ccy,ActiveOrHistoricCurrencyCode,0,1
pacs.004.001.15,/Document/PmtRtr/TxInf/RtrChain/DbtrAgtAcct/Nm,Nm,Max70Text,0,1
pacs.004.001.15,/Document/PmtRtr/TxInf/RtrChain/DbtrAgtAcct/Prxy,Prxy,ProxyAccountIdentification1,0,1
pacs.004.001.15,/Document/PmtRtr/TxInf/RtrChain/DbtrAgtAcct/Prxy/Tp,Tp,ProxyAccountType1Choice,0,1
pacs.004.001.15,/Document/PmtRtr/TxInf/RtrChain/DbtrAgtAcct/Prxy/Tp/Cd,Cd,ExternalProxyAccountType1Code,1,1
pacs.004.001.15,/Document/PmtRtr/TxInf/RtrChain/DbtrAgtAcct/Prxy/Tp/Prtry,Prtry,Max35Text,1,1
pacs.004.001.15,/Document/PmtRtr/TxInf/RtrChain/DbtrAgtAcct/Prxy/Id,Id,Max2048Text,1,1
pacs.004.001.15,/Document/PmtRtr/TxInf/RtrChain/PrvsInstgAgt1,PrvsInstgAgt1,BranchAndFinancialInstitutionIdentification8,0,1
pacs.004.001.15,/Document/PmtRtr/TxInf/RtrChain/PrvsInstgAgt1/FinInstnId,FinInstnId,FinancialInstitutionIdentification23,1,1
pacs.004.001.15,/Document/PmtRtr/TxInf/RtrChain/PrvsInstgAgt1/FinInstnId/BICFI,BICFI,BICFIDec2014Identifier,0,1
pacs.004.001.15,/Document/PmtRtr/TxInf/RtrChain/PrvsInstgAgt1/FinInstnId/ClrSysMmbId,ClrSysMmbId,ClearingSystemMemberIdentification2,0,1
pacs.004.001.15,/Document/PmtRtr/TxInf/RtrChain/PrvsInstgAgt1/FinInstnId/ClrSysMmbId/ClrSysId,ClrSysId,ClearingSystemIdentification2Choice,0,1
pacs.004.001.15,/Document/PmtRtr/TxInf/RtrChain/PrvsInstgAgt1/FinInstnId/ClrSysMmbId/ClrSysId/Cd,Cd,ExternalClearingSystemIdentification1Code,1,1
pacs.004.001.15,/Document/PmtRtr/TxInf/RtrChain/PrvsInstgAgt1/FinInstnId/ClrSysMmbId/ClrSysId/Prtry,Prtry,Max35Text,1,1
pacs.004.001.15,/Document/PmtRtr/TxInf/RtrChain/PrvsInstgAgt1/FinInstnId/ClrSysMmbId/MmbId,MmbId,Max35Text,1,1
pacs.004.001.15,/Document/PmtRtr/TxInf/RtrChain/PrvsInstgAgt1/FinInstnId/LEI,LEI,LEIIdentifier,0,1
pacs.004.001.15,/Document/PmtRtr/TxInf/RtrChain/PrvsInstgAgt1/FinInstnId/Nm,Nm,Max140Text,0,1
pacs.004.001.15,/Document/PmtRtr/TxInf/RtrChain/PrvsInstgAgt1/FinInstnId/PstlAdr,PstlAdr,PostalAddress27,0,1
pacs.004.001.15,/Document/PmtRtr/TxInf/RtrChain/PrvsInstgAgt1/FinInstnId/PstlAdr/AdrTp,AdrTp,AddressType3Choice,0,1
pacs.004.001.15,/Document/PmtRtr/TxInf/RtrChain/PrvsInstgAgt1/FinInstnId/PstlAdr/AdrTp/Cd,Cd,AddressType2Code,1,1
pacs.004.001.15,/Document/PmtRtr/TxInf/RtrChain/PrvsInstgAgt1/FinInstnId/PstlAdr/AdrTp/Prtry,Prtry,GenericIdentification30,1,1
pacs.004.001.15,/Document/PmtRtr/TxInf/RtrChain/PrvsInstgAgt1/FinInstnId/PstlAdr/AdrTp/Prtry/Id,Id,Exact4AlphaNumericText,1,1
pacs.004.001.15,/Document/PmtRtr/TxInf/RtrChain/PrvsInstgAgt1/FinInstnId/PstlAdr/AdrTp/Prtry/Issr,Issr,Max35Text,1,1
pacs.004.001.15,/Document/PmtRtr/TxInf/RtrChain/PrvsInstgAgt1/FinInstnId/PstlAdr/AdrTp/Prtry/SchmeNm,SchmeNm,Max35Text,0,1
pacs.004.001.15,/Document/PmtRtr/TxInf/RtrChain/PrvsInstgAgt1/FinInstnId/PstlAdr/CareOf,CareOf,Max140Text,0,1
pacs.004.001.15,/Document/PmtRtr/TxInf/RtrChain/PrvsInstgAgt1/FinInstnId/PstlAdr/Dept,Dept,Max70Text,0,1
pacs.004.001.15,/Document/PmtRtr/TxInf/RtrChain/PrvsInstgAgt1/FinInstnId/PstlAdr/SubDept,SubDept,Max70Text,0,1
pacs.004.001.15,/Document/PmtRtr/TxInf/RtrChain/PrvsInstgAgt1/FinInstnId/PstlAdr/StrtNm,StrtNm,Max140Text,0,1
pacs.004.001.15,/Document/PmtRtr/TxInf/RtrChain/PrvsInstgAgt1/FinInstnId/PstlAdr/BldgNb,BldgNb,Max16Text,0,1
pacs.004.001.15,/Document/PmtRtr/TxInf/RtrChain/PrvsInstgAgt1/FinInstnId/PstlAdr/BldgNm,BldgNm,Max140Text,0,1
pacs.004.001.15,/Document/PmtRtr/TxInf/RtrChain/PrvsInstgAgt1/FinInstnId/PstlAdr/Flr,Flr,Max70Text,0,1
pacs.004.001.15,/Document/PmtRtr/TxInf/RtrChain/PrvsInstgAgt1/FinInstnId/PstlAdr/UnitNb,UnitNb,Max16Text,0,1
pacs.004.001.15,/Document/PmtRtr/TxInf/RtrChain/PrvsInstgAgt1/FinInstnId/PstlAdr/PstBx,PstBx,Max16Text,0,1
pacs.004.001.15,/Document/PmtRtr/TxInf/RtrChain/PrvsInstgAgt1/FinInstnId/PstlAdr/Room,Room,Max70Text,0,1
pacs.004.001.15,/Document/PmtRtr/TxInf/RtrChain/PrvsInstgAgt1/FinInstnId/PstlAdr/PstCd,PstCd,Max16Text,0,1
pacs.004.001.15,/Document/PmtRtr/TxInf/RtrChain/PrvsInstgAgt1/FinInstnId/PstlAdr/TwnNm,TwnNm,Max140Text,0,1
pacs.004.001.15,/Document/PmtRtr/TxInf/RtrChain/PrvsInstgAgt1/FinInstnId/PstlAdr/TwnLctnNm,TwnLctnNm,Max140Text,0,1
pacs.004.001.15,/Document/PmtRtr/TxInf/RtrChain/PrvsInstgAgt1/FinInstnId/PstlAdr/DstrctNm,DstrctNm,Max140Text,0,1
pacs.004.001.15,/Document/PmtRtr/TxInf/RtrChain/PrvsInstgAgt1/FinInstnId/PstlAdr/CtrySubDvsn,CtrySubDvsn,Max35Text,0,1
pacs.004.001.15,/Document/PmtRtr/TxInf/RtrChain/PrvsInstgAgt1/FinInstnId/PstlAdr/Ctry,Ctry,CountryCode,0,1
pacs.004.001.15,/Document/PmtRtr/TxInf/RtrChain/PrvsInstgAgt1/FinInstnId/PstlAdr/AdrLine,AdrLine,Max70Text,0,7
pacs.004.001.15,/Document/PmtRtr/TxInf/RtrChain/PrvsInstgAgt1/FinInstnId/Othr,Othr,GenericFinancialIdentification1,0,1
pacs.004.001.15,/Document/PmtRtr/TxInf/RtrChain/PrvsInstgAgt1/FinInstnId/Othr/Id,Id,Max35Text,1,1
pacs.004.001.15,/Document/PmtRtr/TxInf/RtrChain/PrvsInstgAgt1/FinInstnId/Othr/SchmeNm,SchmeNm,FinancialIdentificationSchemeName1Choice,0,1
pacs.004.001.15,/Document/PmtRtr/TxInf/RtrChain/PrvsInstgAgt1/FinInstnId/Othr/SchmeNm/Cd,Cd,ExternalFinancialInstitutionIdentification1Code,1,1
pacs.004.001.15,/Document/PmtRtr/TxInf/RtrChain/PrvsInstgAgt1/FinInstnId/Othr/SchmeNm/Prtry,Prtry,Max35Text,1,1
pacs.004.001.15,/Document/PmtRtr/TxInf/RtrChain/PrvsInstgAgt1/FinInstnId/Othr/Issr,Issr,Max35Text,0,1
pacs.004.001.15,/Document/PmtRtr/TxInf/RtrChain/PrvsInstgAgt1/BrnchId,BrnchId,BranchData5,0,1
pacs.004.001.15,/Document/PmtRtr/TxInf/RtrChain/PrvsInstgAgt1/BrnchId/Id,Id,Max35Text,0,1
pacs.004.001.15,/Document/PmtRtr/TxInf/RtrChain/PrvsInstgAgt1/BrnchId/LEI,LEI,LEIIdentifier,0,1
pacs.004.001.15,/Document/PmtRtr/TxInf/RtrChain/PrvsInstgAgt1/BrnchId/Nm,Nm,Max140Text,0,1
pacs.004.001.15,/Document/PmtRtr/TxInf/RtrChain/PrvsInstgAgt1/BrnchId/PstlAdr,PstlAdr,PostalAddress27,0,1
pacs.004.001.15,/Document/PmtRtr/TxInf/RtrChain/PrvsInstgAgt1/BrnchId/PstlAdr/AdrTp,AdrTp,AddressType3Choice,0,1
pacs.004.001.15,/Document/PmtRtr/TxInf/RtrChain/PrvsInstgAgt1/BrnchId/PstlAdr/AdrTp/Cd,Cd,AddressType2Code,1,1
pacs.004.001.15,/Document/PmtRtr/TxInf/RtrChain/PrvsInstgAgt1/BrnchId/PstlAdr/AdrTp/Prtry,Prtry,GenericIdentification30,1,1
pacs.004.001.15,/Document/PmtRtr/TxInf/RtrChain/PrvsInstgAgt1/BrnchId/PstlAdr/AdrTp/Prtry/Id,Id,Exact4AlphaNumericText,1,1
pacs.004.001.15,/Document/PmtRtr/TxInf/RtrChain/PrvsInstgAgt1/BrnchId/PstlAdr/AdrTp/Prtry/Issr,Issr,Max35Text,1,1
pacs.004.001.15,/Document/PmtRtr/TxInf/RtrChain/PrvsInstgAgt1/BrnchId/PstlAdr/AdrTp/Prtry/SchmeNm,SchmeNm,Max35Text,0,1
pacs.004.001.15,/Document/PmtRtr/TxInf/RtrChain/PrvsInstgAgt1/BrnchId/PstlAdr/CareOf,CareOf,Max140Text,0,1
pacs.004.001.15,/Document/PmtRtr/TxInf/RtrChain/PrvsInstgAgt1/BrnchId/PstlAdr/Dept,Dept,Max70Text,0,1
pacs.004.001.15,/Document/PmtRtr/TxInf/RtrChain/PrvsInstgAgt1/BrnchId/PstlAdr/SubDept,SubDept,Max70Text,0,1
pacs.004.001.15,/Document/PmtRtr/TxInf/RtrChain/PrvsInstgAgt1/BrnchId/PstlAdr/StrtNm,StrtNm,Max140Text,0,1
pacs.004.001.15,/Document/PmtRtr/TxInf/RtrChain/PrvsInstgAgt1/BrnchId/PstlAdr/BldgNb,BldgNb,Max16Text,0,1
pacs.004.001.15,/Document/PmtRtr/TxInf/RtrChain/PrvsInstgAgt1/BrnchId/PstlAdr/BldgNm,BldgNm,Max140Text,0,1
pacs.004.001.15,/Document/PmtRtr/TxInf/RtrChain/PrvsInstgAgt1/BrnchId/PstlAdr/Flr,Flr,Max70Text,0,1
pacs.004.001.15,/Document/PmtRtr/TxInf/RtrChain/PrvsInstgAgt1/BrnchId/PstlAdr/UnitNb,UnitNb,Max16Text,0,1
pacs.004.001.15,/Document/PmtRtr/TxInf/RtrChain/PrvsInstgAgt1/BrnchId/PstlAdr/PstBx,PstBx,Max16Text,0,1
pacs.004.001.15,/Document/PmtRtr/TxInf/RtrChain/PrvsInstgAgt1/BrnchId/PstlAdr/Room,Room,Max70Text,0,1
pacs.004.001.15,/Document/PmtRtr/TxInf/RtrChain/PrvsInstgAgt1/BrnchId/PstlAdr/PstCd,PstCd,Max16Text,0,1
pacs.004.001.15,/Document/PmtRtr/TxInf/RtrChain/PrvsInstgAgt1/BrnchId/PstlAdr/TwnNm,TwnNm,Max140Text,0,1
pacs.004.001.15,/Document/PmtRtr/TxInf/RtrChain/PrvsInstgAgt1/BrnchId/PstlAdr/TwnLctnNm,TwnLctnNm,Max140Text,0,1
pacs.004.001.15,/Document/PmtRtr/TxInf/RtrChain/PrvsInstgAgt1/BrnchId/PstlAdr/DstrctNm,DstrctNm,Max140Text,0,1
pacs.004.001.15,/Document/PmtRtr/TxInf/RtrChain/PrvsInstgAgt1/BrnchId/PstlAdr/CtrySubDvsn,CtrySubDvsn,Max35Text,0,1
pacs.004.001.15,/Document/PmtRtr/TxInf/RtrChain/PrvsInstgAgt1/BrnchId/PstlAdr/Ctry,Ctry,CountryCode,0,1
pacs.004.001.15,/Document/PmtRtr/TxInf/RtrChain/PrvsInstgAgt1/BrnchId/PstlAdr/AdrLine,AdrLine,Max70Text,0,7
pacs.004.001.15,/Document/PmtRtr/TxInf/RtrChain/PrvsInstgAgt1Acct,PrvsInstgAgt1Acct,CashAccount40,0,1
pacs.004.001.15,/Document/PmtRtr/TxInf/RtrChain/PrvsInstgAgt1Acct/Id,Id,AccountIdentification4Choice,0,1
pacs.004.001.15,/Document/PmtRtr/TxInf/RtrChain/PrvsInstgAgt1Acct/Id/IBAN,IBAN,IBAN2007Identifier,1,1
pacs.004.001.15,/Document/PmtRtr/TxInf/RtrChain/PrvsInstgAgt1Acct/Id/Othr,Othr,GenericAccountIdentification1,1,1
pacs.004.001.15,/Document/PmtRtr/TxInf/RtrChain/PrvsInstgAgt1Acct/Id/Othr/Id,Id,Max34Text,1,1
pacs.004.001.15,/Document/PmtRtr/TxInf/RtrChain/PrvsInstgAgt1Acct/Id/Othr/SchmeNm,SchmeNm,AccountSchemeName1Choice,0,1
pacs.004.001.15,/Document/PmtRtr/TxInf/RtrChain/PrvsInstgAgt1Acct/Id/Othr/SchmeNm/Cd,Cd,ExternalAccountIdentification1Code,1,1
pacs.004.001.15,/Document/PmtRtr/TxInf/RtrChain/PrvsInstgAgt1Acct/Id/Othr/SchmeNm/Prtry,Prtry,Max35Text,1,1
pacs.004.001.15,/Document/PmtRtr/TxInf/RtrChain/PrvsInstgAgt1Acct/Id/Othr/Issr,Issr,Max35Text,0,1
pacs.004.001.15,/Document/PmtRtr/TxInf/RtrChain/PrvsInstgAgt1Acct/Tp,Tp,CashAccountType2Choice,0,1
pacs.004.001.15,/Document/PmtRtr/TxInf/RtrChain/PrvsInstgAgt1Acct/Tp/Cd,Cd,ExternalCashAccountType1Code,1,1
pacs.004.001.15,/Document/PmtRtr/TxInf/RtrChain/PrvsInstgAgt1Acct/Tp/Prtry,Prtry,Max35Text,1,1
pacs.004.001.15,/Document/PmtRtr/TxInf/RtrChain/PrvsInstgAgt1Acct/Ccy,Ccy,ActiveOrHistoricCurrencyCode,0,1
pacs.004.001.15,/Document/PmtRtr/TxInf/RtrChain/PrvsInstgAgt1Acct/Nm,Nm,Max70Text,0,1
pacs.004.001.15,/Document/PmtRtr/TxInf/RtrChain/PrvsInstgAgt1Acct/Prxy,Prxy,ProxyAccountIdentification1,0,1
pacs.004.001.15,/Document/PmtRtr/TxInf/RtrChain/PrvsInstgAgt1Acct/Prxy/Tp,Tp,ProxyAccountType1Choice,0,1
pacs.004.001.15,/Document/PmtRtr/TxInf/RtrChain/PrvsInstgAgt1Acct/Prxy/Tp/Cd,Cd,ExternalProxyAccountType1Code,1,1
pacs.004.001.15,/Document/PmtRtr/TxInf/RtrChain/PrvsInstgAgt1Acct/Prxy/Tp/Prtry,Prtry,Max35Text,1,1
pacs.004.001.15,/Document/PmtRtr/TxInf/RtrChain/PrvsInstgAgt1Acct/Prxy/Id,Id,Max2048Text,1,1
pacs.004.001.15,/Document/PmtRtr/TxInf/RtrChain/PrvsInstgAgt2,PrvsInstgAgt2,BranchAndFinancialInstitutionIdentification8,0,1
pacs.004.001.15,/Document/PmtRtr/TxInf/RtrChain/PrvsInstgAgt2/FinInstnId,FinInstnId,FinancialInstitutionIdentification23,1,1
pacs.004.001.15,/Document/PmtRtr/TxInf/RtrChain/PrvsInstgAgt2/FinInstnId/BICFI,BICFI,BICFIDec2014Identifier,0,1
pacs.004.001.15,/Document/PmtRtr/TxInf/RtrChain/PrvsInstgAgt2/FinInstnId/ClrSysMmbId,ClrSysMmbId,ClearingSystemMemberIdentification2,0,1
pacs.004.001.15,/Document/PmtRtr/TxInf/RtrChain/PrvsInstgAgt2/FinInstnId/ClrSysMmbId/ClrSysId,ClrSysId,ClearingSystemIdentification2Choice,0,1
pacs.004.001.15,/Document/PmtRtr/TxInf/RtrChain/PrvsInstgAgt2/FinInstnId/ClrSysMmbId/ClrSysId/Cd,Cd,ExternalClearingSystemIdentification1Code,1,1
pacs.004.001.15,/Document/PmtRtr/TxInf/RtrChain/PrvsInstgAgt2/FinInstnId/ClrSysMmbId/ClrSysId/Prtry,Prtry,Max35Text,1,1
pacs.004.001.15,/Document/PmtRtr/TxInf/RtrChain/PrvsInstgAgt2/FinInstnId/ClrSysMmbId/MmbId,MmbId,Max35Text,1,1
pacs.004.001.15,/Document/PmtRtr/TxInf/RtrChain/PrvsInstgAgt2/FinInstnId/LEI,LEI,LEIIdentifier,0,1
pacs.004.001.15,/Document/PmtRtr/TxInf/RtrChain/PrvsInstgAgt2/FinInstnId/Nm,Nm,Max140Text,0,1
pacs.004.001.15,/Document/PmtRtr/TxInf/RtrChain/PrvsInstgAgt2/FinInstnId/PstlAdr,PstlAdr,PostalAddress27,0,1
pacs.004.001.15,/Document/PmtRtr/TxInf/RtrChain/PrvsInstgAgt2/FinInstnId/PstlAdr/AdrTp,AdrTp,AddressType3Choice,0,1
pacs.004.001.15,/Document/PmtRtr/TxInf/RtrChain/PrvsInstgAgt2/FinInstnId/PstlAdr/AdrTp/Cd,Cd,AddressType2Code,1,1
pacs.004.001.15,/Document/PmtRtr/TxInf/RtrChain/PrvsInstgAgt2/FinInstnId/PstlAdr/AdrTp/Prtry,Prtry,GenericIdentification30,1,1
pacs.004.001.15,/Document/PmtRtr/TxInf/RtrChain/PrvsInstgAgt2/FinInstnId/PstlAdr/AdrTp/Prtry/Id,Id,Exact4AlphaNumericText,1,1
pacs.004.001.15,/Document/PmtRtr/TxInf/RtrChain/PrvsInstgAgt2/FinInstnId/PstlAdr/AdrTp/Prtry/Issr,Issr,Max35Text,1,1
pacs.004.001.15,/Document/PmtRtr/TxInf/RtrChain/PrvsInstgAgt2/FinInstnId/PstlAdr/AdrTp/Prtry/SchmeNm,SchmeNm,Max35Text,0,1
pacs.004.001.15,/Document/PmtRtr/TxInf/RtrChain/PrvsInstgAgt2/FinInstnId/PstlAdr/CareOf,CareOf,Max140Text,0,1
pacs.004.001.15,/Document/PmtRtr/TxInf/RtrChain/PrvsInstgAgt2/FinInstnId/PstlAdr/Dept,Dept,Max70Text,0,1
pacs.004.001.15,/Document/PmtRtr/TxInf/RtrChain/PrvsInstgAgt2/FinInstnId/PstlAdr/SubDept,SubDept,Max70Text,0,1
pacs.004.001.15,/Document/PmtRtr/TxInf/RtrChain/PrvsInstgAgt2/FinInstnId/PstlAdr/StrtNm,StrtNm,Max140Text,0,1
pacs.004.001.15,/Document/PmtRtr/TxInf/RtrChain/PrvsInstgAgt2/FinInstnId/PstlAdr/BldgNb,BldgNb,Max16Text,0,1
pacs.004.001.15,/Document/PmtRtr/TxInf/RtrChain/PrvsInstgAgt2/FinInstnId/PstlAdr/BldgNm,BldgNm,Max140Text,0,1
pacs.004.001.15,/Document/PmtRtr/TxInf/RtrChain/PrvsInstgAgt2/FinInstnId/PstlAdr/Flr,Flr,Max70Text,0,1
pacs.004.001.15,/Document/PmtRtr/TxInf/RtrChain/PrvsInstgAgt2/FinInstnId/PstlAdr/UnitNb,UnitNb,Max16Text,0,1
pacs.004.001.15,/Document/PmtRtr/TxInf/RtrChain/PrvsInstgAgt2/FinInstnId/PstlAdr/PstBx,PstBx,Max16Text,0,1
pacs.004.001.15,/Document/PmtRtr/TxInf/RtrChain/PrvsInstgAgt2/FinInstnId/PstlAdr/Room,Room,Max70Text,0,1
pacs.004.001.15,/Document/PmtRtr/TxInf/RtrChain/PrvsInstgAgt2/FinInstnId/PstlAdr/PstCd,PstCd,Max16Text,0,1
pacs.004.001.15,/Document/PmtRtr/TxInf/RtrChain/PrvsInstgAgt2/FinInstnId/PstlAdr/TwnNm,TwnNm,Max140Text,0,1
pacs.004.001.15,/Document/PmtRtr/TxInf/RtrChain/PrvsInstgAgt2/FinInstnId/PstlAdr/TwnLctnNm,TwnLctnNm,Max140Text,0,1
pacs.004.001.15,/Document/PmtRtr/TxInf/RtrChain/PrvsInstgAgt2/FinInstnId/PstlAdr/DstrctNm,DstrctNm,Max140Text,0,1
pacs.004.001.15,/Document/PmtRtr/TxInf/RtrChain/PrvsInstgAgt2/FinInstnId/PstlAdr/CtrySubDvsn,CtrySubDvsn,Max35Text,0,1
pacs.004.001.15,/Document/PmtRtr/TxInf/RtrChain/PrvsInstgAgt2/FinInstnId/PstlAdr/Ctry,Ctry,CountryCode,0,1
pacs.004.001.15,/Document/PmtRtr/TxInf/RtrChain/PrvsInstgAgt2/FinInstnId/PstlAdr/AdrLine,AdrLine,Max70Text,0,7
pacs.004.001.15,/Document/PmtRtr/TxInf/RtrChain/PrvsInstgAgt2/FinInstnId/Othr,Othr,GenericFinancialIdentification1,0,1
pacs.004.001.15,/Document/PmtRtr/TxInf/RtrChain/PrvsInstgAgt2/FinInstnId/Othr/Id,Id,Max35Text,1,1
pacs.004.001.15,/Document/PmtRtr/TxInf/RtrChain/PrvsInstgAgt2/FinInstnId/Othr/SchmeNm,SchmeNm,FinancialIdentificationSchemeName1Choice,0,1
pacs.004.001.15,/Document/PmtRtr/TxInf/RtrChain/PrvsInstgAgt2/FinInstnId/Othr/SchmeNm/Cd,Cd,ExternalFinancialInstitutionIdentification1Code,1,1
pacs.004.001.15,/Document/PmtRtr/TxInf/RtrChain/PrvsInstgAgt2/FinInstnId/Othr/SchmeNm/Prtry,Prtry,Max35Text,1,1
pacs.004.001.15,/Document/PmtRtr/TxInf/RtrChain/PrvsInstgAgt2/FinInstnId/Othr/Issr,Issr,Max35Text,0,1
pacs.004.001.15,/Document/PmtRtr/TxInf/RtrChain/PrvsInstgAgt2/BrnchId,BrnchId,BranchData5,0,1
pacs.004.001.15,/Document/PmtRtr/TxInf/RtrChain/PrvsInstgAgt2/BrnchId/Id,Id,Max35Text,0,1
pacs.004.001.15,/Document/PmtRtr/TxInf/RtrChain/PrvsInstgAgt2/BrnchId/LEI,LEI,LEIIdentifier,0,1
pacs.004.001.15,/Document/PmtRtr/TxInf/RtrChain/PrvsInstgAgt2/BrnchId/Nm,Nm,Max140Text,0,1
pacs.004.001.15,/Document/PmtRtr/TxInf/RtrChain/PrvsInstgAgt2/BrnchId/PstlAdr,PstlAdr,PostalAddress27,0,1
pacs.004.001.15,/Document/PmtRtr/TxInf/RtrChain/PrvsInstgAgt2/BrnchId/PstlAdr/AdrTp,AdrTp,AddressType3Choice,0,1
pacs.004.001.15,/Document/PmtRtr/TxInf/RtrChain/PrvsInstgAgt2/BrnchId/PstlAdr/AdrTp/Cd,Cd,AddressType2Code,1,1
pacs.004.001.15,/Document/PmtRtr/TxInf/RtrChain/PrvsInstgAgt2/BrnchId/PstlAdr/AdrTp/Prtry,Prtry,GenericIdentification30,1,1
pacs.004.001.15,/Document/PmtRtr/TxInf/RtrChain/PrvsInstgAgt2/BrnchId/PstlAdr/AdrTp/Prtry/Id,Id,Exact4AlphaNumericText,1,1
pacs.004.001.15,/Document/PmtRtr/TxInf/RtrChain/PrvsInstgAgt2/BrnchId/PstlAdr/AdrTp/Prtry/Issr,Issr,Max35Text,1,1
pacs.004.001.15,/Document/PmtRtr/TxInf/RtrChain/PrvsInstgAgt2/BrnchId/PstlAdr/AdrTp/Prtry/SchmeNm,SchmeNm,Max35Text,0,1
pacs.004.001.15,/Document/PmtRtr/TxInf/RtrChain/PrvsInstgAgt2/BrnchId/PstlAdr/CareOf,CareOf,Max140Text,0,1
pacs.004.001.15,/Document/PmtRtr/TxInf/RtrChain/PrvsInstgAgt2/BrnchId/PstlAdr/Dept,Dept,Max70Text,0,1
pacs.004.001.15,/Document/PmtRtr/TxInf/RtrChain/PrvsInstgAgt2/BrnchId/PstlAdr/SubDept,SubDept,Max70Text,0,1
pacs.004.001.15,/Document/PmtRtr/TxInf/RtrChain/PrvsInstgAgt2/BrnchId/PstlAdr/StrtNm,StrtNm,Max140Text,0,1
pacs.004.001.15,/Document/PmtRtr/TxInf/RtrChain/PrvsInstgAgt2/BrnchId/PstlAdr/BldgNb,BldgNb,Max16Text,0,1
pacs.004.001.15,/Document/PmtRtr/TxInf/RtrChain/PrvsInstgAgt2/BrnchId/PstlAdr/BldgNm,BldgNm,Max140Text,0,1
pacs.004.001.15,/Document/PmtRtr/TxInf/RtrChain/PrvsInstgAgt2/BrnchId/PstlAdr/Flr,Flr,Max70Text,0,1
pacs.004.001.15,/Document/PmtRtr/TxInf/RtrChain/PrvsInstgAgt2/BrnchId/PstlAdr/UnitNb,UnitNb,Max16Text,0,1
pacs.004.001.15,/Document/PmtRtr/TxInf/RtrChain/PrvsInstgAgt2/BrnchId/PstlAdr/PstBx,PstBx,Max16Text,0,1
pacs.004.001.15,/Document/PmtRtr/TxInf/RtrChain/PrvsInstgAgt2/BrnchId/PstlAdr/Room,Room,Max70Text,0,1
pacs.004.001.15,/Document/PmtRtr/TxInf/RtrChain/PrvsInstgAgt2/BrnchId/PstlAdr/PstCd,PstCd,Max16Text,0,1
pacs.004.001.15,/Document/PmtRtr/TxInf/RtrChain/PrvsInstgAgt2/BrnchId/PstlAdr/TwnNm,TwnNm,Max140Text,0,1
pacs.004.001.15,/Document/PmtRtr/TxInf/RtrChain/PrvsInstgAgt2/BrnchId/PstlAdr/TwnLctnNm,TwnLctnNm,Max140Text,0,1
pacs.004.001.15,/Document/PmtRtr/TxInf/RtrChain/PrvsInstgAgt2/BrnchId/PstlAdr/DstrctNm,DstrctNm,Max140Text,0,1
pacs.004.001.15,/Document/PmtRtr/TxInf/RtrChain/PrvsInstgAgt2/BrnchId/PstlAdr/CtrySubDvsn,CtrySubDvsn,Max35Text,0,1
pacs.004.001.15,/Document/PmtRtr/TxInf/RtrChain/PrvsInstgAgt2/BrnchId/PstlAdr/Ctry,Ctry,CountryCode,0,1
pacs.004.001.15,/Document/PmtRtr/TxInf/RtrChain/PrvsInstgAgt2/BrnchId/PstlAdr/AdrLine,AdrLine,Max70Text,0,7
pacs.004.001.15,/Document/PmtRtr/TxInf/RtrChain/PrvsInstgAgt2Acct,PrvsInstgAgt2Acct,CashAccount40,0,1
pacs.004.001.15,/Document/PmtRtr/TxInf/RtrChain/PrvsInstgAgt2Acct/Id,Id,AccountIdentification4Choice,0,1
pacs.004.001.15,/Document/PmtRtr/TxInf/RtrChain/PrvsInstgAgt2Acct/Id/IBAN,IBAN,IBAN2007Identifier,1,1
pacs.004.001.15,/Document/PmtRtr/TxInf/RtrChain/PrvsInstgAgt2Acct/Id/Othr,Othr,GenericAccountIdentification1,1,1
pacs.004.001.15,/Document/PmtRtr/TxInf/RtrChain/PrvsInstgAgt2Acct/Id/Othr/Id,Id,Max34Text,1,1
pacs.004.001.15,/Document/PmtRtr/TxInf/RtrChain/PrvsInstgAgt2Acct/Id/Othr/SchmeNm,SchmeNm,AccountSchemeName1Choice,0,1
pacs.004.001.15,/Document/PmtRtr/TxInf/RtrChain/PrvsInstgAgt2Acct/Id/Othr/SchmeNm/Cd,Cd,ExternalAccountIdentification1Code,1,1
pacs.004.001.15,/Document/PmtRtr/TxInf/RtrChain/PrvsInstgAgt2Acct/Id/Othr/SchmeNm/Prtry,Prtry,Max35Text,1,1
pacs.004.001.15,/Document/PmtRtr/TxInf/RtrChain/PrvsInstgAgt2Acct/Id/Othr/Issr,Issr,Max35Text,0,1
pacs.004.001.15,/Document/PmtRtr/TxInf/RtrChain/PrvsInstgAgt2Acct/Tp,Tp,CashAccountType2Choice,0,1
pacs.004.001.15,/Document/PmtRtr/TxInf/RtrChain/PrvsInstgAgt2Acct/Tp/Cd,Cd,ExternalCashAccountType1Code,1,1
pacs.004.001.15,/Document/PmtRtr/TxInf/RtrChain/PrvsInstgAgt2Acct/Tp/Prtry,Prtry,Max35Text,1,1
pacs.004.001.15,/Document/PmtRtr/TxInf/RtrChain/PrvsInstgAgt2Acct/Ccy,Ccy,ActiveOrHistoricCurrencyCode,0,1
pacs.004.001.15,/Document/PmtRtr/TxInf/RtrChain/PrvsInstgAgt2Acct/Nm,Nm,Max70Text,0,1
pacs.004.001.15,/Document/PmtRtr/TxInf/RtrChain/PrvsInstgAgt2Acct/Prxy,Prxy,ProxyAccountIdentification1,0,1
pacs.004.001.15,/Document/PmtRtr/TxInf/RtrChain/PrvsInstgAgt2Acct/Prxy/Tp,Tp,ProxyAccountType1Choice,0,1
pacs.004.001.15,/Document/PmtRtr/TxInf/RtrChain/PrvsInstgAgt2Acct/Prxy/Tp/Cd,Cd,ExternalProxyAccountType1Code,1,1
pacs.004.001.15,/Document/PmtRtr/TxInf/RtrChain/PrvsInstgAgt2Acct/Prxy/Tp/Prtry,Prtry,Max35Text,1,1
pacs.004.001.15,/Document/PmtRtr/TxInf/RtrChain/PrvsInstgAgt2Acct/Prxy/Id,Id,Max2048Text,1,1
pacs.004.001.15,/Document/PmtRtr/TxInf/RtrChain/PrvsInstgAgt3,PrvsInstgAgt3,BranchAndFinancialInstitutionIdentification8,0,1
pacs.004.001.15,/Document/PmtRtr/TxInf/RtrChain/PrvsInstgAgt3/FinInstnId,FinInstnId,FinancialInstitutionIdentification23,1,1
pacs.004.001.15,/Document/PmtRtr/TxInf/RtrChain/PrvsInstgAgt3/FinInstnId/BICFI,BICFI,BICFIDec2014Identifier,0,1
pacs.004.001.15,/Document/PmtRtr/TxInf/RtrChain/PrvsInstgAgt3/FinInstnId/ClrSysMmbId,ClrSysMmbId,ClearingSystemMemberIdentification2,0,1
pacs.004.001.15,/Document/PmtRtr/TxInf/RtrChain/PrvsInstgAgt3/FinInstnId/ClrSysMmbId/ClrSysId,ClrSysId,ClearingSystemIdentification2Choice,0,1
pacs.004.001.15,/Document/PmtRtr/TxInf/RtrChain/PrvsInstgAgt3/FinInstnId/ClrSysMmbId/ClrSysId/Cd,Cd,ExternalClearingSystemIdentification1Code,1,1
pacs.004.001.15,/Document/PmtRtr/TxInf/RtrChain/PrvsInstgAgt3/FinInstnId/ClrSysMmbId/ClrSysId/Prtry,Prtry,Max35Text,1,1
pacs.004.001.15,/Document/PmtRtr/TxInf/RtrChain/PrvsInstgAgt3/FinInstnId/ClrSysMmbId/MmbId,MmbId,Max35Text,1,1
pacs.004.001.15,/Document/PmtRtr/TxInf/RtrChain/PrvsInstgAgt3/FinInstnId/LEI,LEI,LEIIdentifier,0,1
pacs.004.001.15,/Document/PmtRtr/TxInf/RtrChain/PrvsInstgAgt3/FinInstnId/Nm,Nm,Max140Text,0,1
pacs.004.001.15,/Document/PmtRtr/TxInf/RtrChain/PrvsInstgAgt3/FinInstnId/PstlAdr,PstlAdr,PostalAddress27,0,1
pacs.004.001.15,/Document/PmtRtr/TxInf/RtrChain/PrvsInstgAgt3/FinInstnId/PstlAdr/AdrTp,AdrTp,AddressType3Choice,0,1
pacs.004.001.15,/Document/PmtRtr/TxInf/RtrChain/PrvsInstgAgt3/FinInstnId/PstlAdr/AdrTp/Cd,Cd,AddressType2Code,1,1
pacs.004.001.15,/Document/PmtRtr/TxInf/RtrChain/PrvsInstgAgt3/FinInstnId/PstlAdr/AdrTp/Prtry,Prtry,GenericIdentification30,1,1
pacs.004.001.15,/Document/PmtRtr/TxInf/RtrChain/PrvsInstgAgt3/FinInstnId/PstlAdr/AdrTp/Prtry/Id,Id,Exact4AlphaNumericText,1,1
pacs.004.001.15,/Document/PmtRtr/TxInf/RtrChain/PrvsInstgAgt3/FinInstnId/PstlAdr/AdrTp/Prtry/Issr,Issr,Max35Text,1,1
pacs.004.001.15,/Document/PmtRtr/TxInf/RtrChain/PrvsInstgAgt3/FinInstnId/PstlAdr/AdrTp/Prtry/SchmeNm,SchmeNm,Max35Text,0,1
pacs.004.001.15,/Document/PmtRtr/TxInf/RtrChain/PrvsInstgAgt3/FinInstnId/PstlAdr/CareOf,CareOf,Max140Text,0,1
pacs.004.001.15,/Document/PmtRtr/TxInf/RtrChain/PrvsInstgAgt3/FinInstnId/PstlAdr/Dept,Dept,Max70Text,0,1
pacs.004.001.15,/Document/PmtRtr/TxInf/RtrChain/PrvsInstgAgt3/FinInstnId/PstlAdr/SubDept,SubDept,Max70Text,0,1
pacs.004.001.15,/Document/PmtRtr/TxInf/RtrChain/PrvsInstgAgt3/FinInstnId/PstlAdr/StrtNm,StrtNm,Max140Text,0,1
pacs.004.001.15,/Document/PmtRtr/TxInf/RtrChain/PrvsInstgAgt3/FinInstnId/PstlAdr/BldgNb,BldgNb,Max16Text,0,1
pacs.004.001.15,/Document/PmtRtr/TxInf/RtrChain/PrvsInstgAgt3/FinInstnId/PstlAdr/BldgNm,BldgNm,Max140Text,0,1
pacs.004.001.15,/Document/PmtRtr/TxInf/RtrChain/PrvsInstgAgt3/FinInstnId/PstlAdr/Flr,Flr,Max70Text,0,1
pacs.004.001.15,/Document/PmtRtr/TxInf/RtrChain/PrvsInstgAgt3/FinInstnId/PstlAdr/UnitNb,UnitNb,Max16Text,0,1
pacs.004.001.15,/Document/PmtRtr/TxInf/RtrChain/PrvsInstgAgt3/FinInstnId/PstlAdr/PstBx,PstBx,Max16Text,0,1
pacs.004.001.15,/Document/PmtRtr/TxInf/RtrChain/PrvsInstgAgt3/FinInstnId/PstlAdr/Room,Room,Max70Text,0,1
pacs.004.001.15,/Document/PmtRtr/TxInf/RtrChain/PrvsInstgAgt3/FinInstnId/PstlAdr/PstCd,PstCd,Max16Text,0,1
pacs.004.001.15,/Document/PmtRtr/TxInf/RtrChain/PrvsInstgAgt3/FinInstnId/PstlAdr/TwnNm,TwnNm,Max140Text,0,1
pacs.004.001.15,/Document/PmtRtr/TxInf/RtrChain/PrvsInstgAgt3/FinInstnId/PstlAdr/TwnLctnNm,TwnLctnNm,Max140Text,0,1
pacs.004.001.15,/Document/PmtRtr/TxInf/RtrChain/PrvsInstgAgt3/FinInstnId/PstlAdr/DstrctNm,DstrctNm,Max140Text,0,1
pacs.004.001.15,/Document/PmtRtr/TxInf/RtrChain/PrvsInstgAgt3/FinInstnId/PstlAdr/CtrySubDvsn,CtrySubDvsn,Max35Text,0,1
pacs.004.001.15,/Document/PmtRtr/TxInf/RtrChain/PrvsInstgAgt3/FinInstnId/PstlAdr/Ctry,Ctry,CountryCode,0,1
pacs.004.001.15,/Document/PmtRtr/TxInf/RtrChain/PrvsInstgAgt3/FinInstnId/PstlAdr/AdrLine,AdrLine,Max70Text,0,7
pacs.004.001.15,/Document/PmtRtr/TxInf/RtrChain/PrvsInstgAgt3/FinInstnId/Othr,Othr,GenericFinancialIdentification1,0,1
pacs.004.001.15,/Document/PmtRtr/TxInf/RtrChain/PrvsInstgAgt3/FinInstnId/Othr/Id,Id,Max35Text,1,1
pacs.004.001.15,/Document/PmtRtr/TxInf/RtrChain/PrvsInstgAgt3/FinInstnId/Othr/SchmeNm,SchmeNm,FinancialIdentificationSchemeName1Choice,0,1
pacs.004.001.15,/Document/PmtRtr/TxInf/RtrChain/PrvsInstgAgt3/FinInstnId/Othr/SchmeNm/Cd,Cd,ExternalFinancialInstitutionIdentification1Code,1,1
pacs.004.001.15,/Document/PmtRtr/TxInf/RtrChain/PrvsInstgAgt3/FinInstnId/Othr/SchmeNm/Prtry,Prtry,Max35Text,1,1
pacs.004.001.15,/Document/PmtRtr/TxInf/RtrChain/PrvsInstgAgt3/FinInstnId/Othr/Issr,Issr,Max35Text,0,1
pacs.004.001.15,/Document/PmtRtr/TxInf/RtrChain/PrvsInstgAgt3/BrnchId,BrnchId,BranchData5,0,1
pacs.004.001.15,/Document/PmtRtr/TxInf/RtrChain/PrvsInstgAgt3/BrnchId/Id,Id,Max35Text,0,1
pacs.004.001.15,/Document/PmtRtr/TxInf/RtrChain/PrvsInstgAgt3/BrnchId/LEI,LEI,LEIIdentifier,0,1
pacs.004.001.15,/Document/PmtRtr/TxInf/RtrChain/PrvsInstgAgt3/BrnchId/Nm,Nm,Max140Text,0,1
pacs.004.001.15,/Document/PmtRtr/TxInf/RtrChain/PrvsInstgAgt3/BrnchId/PstlAdr,PstlAdr,PostalAddress27,0,1
pacs.004.001.15,/Document/PmtRtr/TxInf/RtrChain/PrvsInstgAgt3/BrnchId/PstlAdr/AdrTp,AdrTp,AddressType3Choice,0,1
pacs.004.001.15,/Document/PmtRtr/TxInf/RtrChain/PrvsInstgAgt3/BrnchId/PstlAdr/AdrTp/Cd,Cd,AddressType2Code,1,1
pacs.004.001.15,/Document/PmtRtr/TxInf/RtrChain/PrvsInstgAgt3/BrnchId/PstlAdr/AdrTp/Prtry,Prtry,GenericIdentification30,1,1
pacs.004.001.15,/Document/PmtRtr/TxInf/RtrChain/PrvsInstgAgt3/BrnchId/PstlAdr/AdrTp/Prtry/Id,Id,Exact4AlphaNumericText,1,1
pacs.004.001.15,/Document/PmtRtr/TxInf/RtrChain/PrvsInstgAgt3/BrnchId/PstlAdr/AdrTp/Prtry/Issr,Issr,Max35Text,1,1
pacs.004.001.15,/Document/PmtRtr/TxInf/RtrChain/PrvsInstgAgt3/BrnchId/PstlAdr/AdrTp/Prtry/SchmeNm,SchmeNm,Max35Text,0,1
pacs.004.001.15,/Document/PmtRtr/TxInf/RtrChain/PrvsInstgAgt3/BrnchId/PstlAdr/CareOf,CareOf,Max140Text,0,1
pacs.004.001.15,/Document/PmtRtr/TxInf/RtrChain/PrvsInstgAgt3/BrnchId/PstlAdr/Dept,Dept,Max70Text,0,1
pacs.004.001.15,/Document/PmtRtr/TxInf/RtrChain/PrvsInstgAgt3/BrnchId/PstlAdr/SubDept,SubDept,Max70Text,0,1
pacs.004.001.15,/Document/PmtRtr/TxInf/RtrChain/PrvsInstgAgt3/BrnchId/PstlAdr/StrtNm,StrtNm,Max140Text,0,1
pacs.004.001.15,/Document/PmtRtr/TxInf/RtrChain/PrvsInstgAgt3/BrnchId/PstlAdr/BldgNb,BldgNb,Max16Text,0,1
pacs.004.001.15,/Document/PmtRtr/TxInf/RtrChain/PrvsInstgAgt3/BrnchId/PstlAdr/BldgNm,BldgNm,Max140Text,0,1
pacs.004.001.15,/Document/PmtRtr/TxInf/RtrChain/PrvsInstgAgt3/BrnchId/PstlAdr/Flr,Flr,Max70Text,0,1
pacs.004.001.15,/Document/PmtRtr/TxInf/RtrChain/PrvsInstgAgt3/BrnchId/PstlAdr/UnitNb,UnitNb,Max16Text,0,1
pacs.004.001.15,/Document/PmtRtr/TxInf/RtrChain/PrvsInstgAgt3/BrnchId/PstlAdr/PstBx,PstBx,Max16Text,0,1
pacs.004.001.15,/Document/PmtRtr/TxInf/RtrChain/PrvsInstgAgt3/BrnchId/PstlAdr/Room,Room,Max70Text,0,1
pacs.004.001.15,/Document/PmtRtr/TxInf/RtrChain/PrvsInstgAgt3/BrnchId/PstlAdr/PstCd,PstCd,Max16Text,0,1
pacs.004.001.15,/Document/PmtRtr/TxInf/RtrChain/PrvsInstgAgt3/BrnchId/PstlAdr/TwnNm,TwnNm,Max140Text,0,1
pacs.004.001.15,/Document/PmtRtr/TxInf/RtrChain/PrvsInstgAgt3/BrnchId/PstlAdr/TwnLctnNm,TwnLctnNm,Max140Text,0,1
pacs.004.001.15,/Document/PmtRtr/TxInf/RtrChain/PrvsInstgAgt3/BrnchId/PstlAdr/DstrctNm,DstrctNm,Max140Text,0,1
pacs.004.001.15,/Document/PmtRtr/TxInf/RtrChain/PrvsInstgAgt3/BrnchId/PstlAdr/CtrySubDvsn,CtrySubDvsn,Max35Text,0,1
pacs.004.001.15,/Document/PmtRtr/TxInf/RtrChain/PrvsInstgAgt3/BrnchId/PstlAdr/Ctry,Ctry,CountryCode,0,1
pacs.004.001.15,/Document/PmtRtr/TxInf/RtrChain/PrvsInstgAgt3/BrnchId/PstlAdr/AdrLine,AdrLine,Max70Text,0,7
pacs.004.001.15,/Document/PmtRtr/TxInf/RtrChain/PrvsInstgAgt3Acct,PrvsInstgAgt3Acct,CashAccount40,0,1
pacs.004.001.15,/Document/PmtRtr/TxInf/RtrChain/PrvsInstgAgt3Acct/Id,Id,AccountIdentification4Choice,0,1
pacs.004.001.15,/Document/PmtRtr/TxInf/RtrChain/PrvsInstgAgt3Acct/Id/IBAN,IBAN,IBAN2007Identifier,1,1
pacs.004.001.15,/Document/PmtRtr/TxInf/RtrChain/PrvsInstgAgt3Acct/Id/Othr,Othr,GenericAccountIdentification1,1,1
pacs.004.001.15,/Document/PmtRtr/TxInf/RtrChain/PrvsInstgAgt3Acct/Id/Othr/Id,Id,Max34Text,1,1
pacs.004.001.15,/Document/PmtRtr/TxInf/RtrChain/PrvsInstgAgt3Acct/Id/Othr/SchmeNm,SchmeNm,AccountSchemeName1Choice,0,1
pacs.004.001.15,/Document/PmtRtr/TxInf/RtrChain/PrvsInstgAgt3Acct/Id/Othr/SchmeNm/Cd,Cd,ExternalAccountIdentification1Code,1,1
pacs.004.001.15,/Document/PmtRtr/TxInf/RtrChain/PrvsInstgAgt3Acct/Id/Othr/SchmeNm/Prtry,Prtry,Max35Text,1,1
pacs.004.001.15,/Document/PmtRtr/TxInf/RtrChain/PrvsInstgAgt3Acct/Id/Othr/Issr,Issr,Max35Text,0,1
pacs.004.001.15,/Document/PmtRtr/TxInf/RtrChain/PrvsInstgAgt3Acct/Tp,Tp,CashAccountType2Choice,0,1
pacs.004.001.15,/Document/PmtRtr/TxInf/RtrChain/PrvsInstgAgt3Acct/Tp/Cd,Cd,ExternalCashAccountType1Code,1,1
pacs.004.001.15,/Document/PmtRtr/TxInf/RtrChain/PrvsInstgAgt3Acct/Tp/Prtry,Prtry,Max35Text,1,1
pacs.004.001.15,/Document/PmtRtr/TxInf/RtrChain/PrvsInstgAgt3Acct/Ccy,Ccy,ActiveOrHistoricCurrencyCode,0,1
pacs.004.001.15,/Document/PmtRtr/TxInf/RtrChain/PrvsInstgAgt3Acct/Nm,Nm,Max70Text,0,1
pacs.004.001.15,/Document/PmtRtr/TxInf/RtrChain/PrvsInstgAgt3Acct/Prxy,Prxy,ProxyAccountIdentification1,0,1
pacs.004.001.15,/Document/PmtRtr/TxInf/RtrChain/PrvsInstgAgt3Acct/Prxy/Tp,Tp,ProxyAccountType1Choice,0,1
pacs.004.001.15,/Document/PmtRtr/TxInf/RtrChain/PrvsInstgAgt3Acct/Prxy/Tp/Cd,Cd,ExternalProxyAccountType1Code,1,1
pacs.004.001.15,/Document/PmtRtr/TxInf/RtrChain/PrvsInstgAgt3Acct/Prxy/Tp/Prtry,Prtry,Max35Text,1,1
pacs.004.001.15,/Document/PmtRtr/TxInf/RtrChain/PrvsInstgAgt3Acct/Prxy/Id,Id,Max2048Text,1,1
pacs.004.001.15,/Document/PmtRtr/TxInf/RtrChain/IntrmyAgt1,IntrmyAgt1,BranchAndFinancialInstitutionIdentification8,0,1
pacs.004.001.15,/Document/PmtRtr/TxInf/RtrChain/IntrmyAgt1/FinInstnId,FinInstnId,FinancialInstitutionIdentification23,1,1
pacs.004.001.15,/Document/PmtRtr/TxInf/RtrChain/IntrmyAgt1/FinInstnId/BICFI,BICFI,BICFIDec2014Identifier,0,1
pacs.004.001.15,/Document/PmtRtr/TxInf/RtrChain/IntrmyAgt1/FinInstnId/ClrSysMmbId,ClrSysMmbId,ClearingSystemMemberIdentification2,0,1
pacs.004.001.15,/Document/PmtRtr/TxInf/RtrChain/IntrmyAgt1/FinInstnId/ClrSysMmbId/ClrSysId,ClrSysId,ClearingSystemIdentification2Choice,0,1
pacs.004.001.15,/Document/PmtRtr/TxInf/RtrChain/IntrmyAgt1/FinInstnId/ClrSysMmbId/ClrSysId/Cd,Cd,ExternalClearingSystemIdentification1Code,1,1
pacs.004.001.15,/Document/PmtRtr/TxInf/RtrChain/IntrmyAgt1/FinInstnId/ClrSysMmbId/ClrSysId/Prtry,Prtry,Max35Text,1,1
pacs.004.001.15,/Document/PmtRtr/TxInf/RtrChain/IntrmyAgt1/FinInstnId/ClrSysMmbId/MmbId,MmbId,Max35Text,1,1
pacs.004.001.15,/Document/PmtRtr/TxInf/RtrChain/IntrmyAgt1/FinInstnId/LEI,LEI,LEIIdentifier,0,1
pacs.004.001.15,/Document/PmtRtr/TxInf/RtrChain/IntrmyAgt1/FinInstnId/Nm,Nm,Max140Text,0,1
pacs.004.001.15,/Document/PmtRtr/TxInf/RtrChain/IntrmyAgt1/FinInstnId/PstlAdr,PstlAdr,PostalAddress27,0,1
pacs.004.001.15,/Document/PmtRtr/TxInf/RtrChain/IntrmyAgt1/FinInstnId/PstlAdr/AdrTp,AdrTp,AddressType3Choice,0,1
pacs.004.001.15,/Document/PmtRtr/TxInf/RtrChain/IntrmyAgt1/FinInstnId/PstlAdr/AdrTp/Cd,Cd,AddressType2Code,1,1
pacs.004.001.15,/Document/PmtRtr/TxInf/RtrChain/IntrmyAgt1/FinInstnId/PstlAdr/AdrTp/Prtry,Prtry,GenericIdentification30,1,1
pacs.004.001.15,/Document/PmtRtr/TxInf/RtrChain/IntrmyAgt1/FinInstnId/PstlAdr/AdrTp/Prtry/Id,Id,Exact4AlphaNumericText,1,1
pacs.004.001.15,/Document/PmtRtr/TxInf/RtrChain/IntrmyAgt1/FinInstnId/PstlAdr/AdrTp/Prtry/Issr,Issr,Max35Text,1,1
pacs.004.001.15,/Document/PmtRtr/TxInf/RtrChain/IntrmyAgt1/FinInstnId/PstlAdr/AdrTp/Prtry/SchmeNm,SchmeNm,Max35Text,0,1
pacs.004.001.15,/Document/PmtRtr/TxInf/RtrChain/IntrmyAgt1/FinInstnId/PstlAdr/CareOf,CareOf,Max140Text,0,1
pacs.004.001.15,/Document/PmtRtr/TxInf/RtrChain/IntrmyAgt1/FinInstnId/PstlAdr/Dept,Dept,Max70Text,0,1
pacs.004.001.15,/Document/PmtRtr/TxInf/RtrChain/IntrmyAgt1/FinInstnId/PstlAdr/SubDept,SubDept,Max70Text,0,1
pacs.004.001.15,/Document/PmtRtr/TxInf/RtrChain/IntrmyAgt1/FinInstnId/PstlAdr/StrtNm,StrtNm,Max140Text,0,1
pacs.004.001.15,/Document/PmtRtr/TxInf/RtrChain/IntrmyAgt1/FinInstnId/PstlAdr/BldgNb,BldgNb,Max16Text,0,1
pacs.004.001.15,/Document/PmtRtr/TxInf/RtrChain/IntrmyAgt1/FinInstnId/PstlAdr/BldgNm,BldgNm,Max140Text,0,1
pacs.004.001.15,/Document/PmtRtr/TxInf/RtrChain/IntrmyAgt1/FinInstnId/PstlAdr/Flr,Flr,Max70Text,0,1
pacs.004.001.15,/Document/PmtRtr/TxInf/RtrChain/IntrmyAgt1/FinInstnId/PstlAdr/UnitNb,UnitNb,Max16Text,0,1
pacs.004.001.15,/Document/PmtRtr/TxInf/RtrChain/IntrmyAgt1/FinInstnId/PstlAdr/PstBx,PstBx,Max16Text,0,1
pacs.004.001.15,/Document/PmtRtr/TxInf/RtrChain/IntrmyAgt1/FinInstnId/PstlAdr/Room,Room,Max70Text,0,1
pacs.004.001.15,/Document/PmtRtr/TxInf/RtrChain/IntrmyAgt1/FinInstnId/PstlAdr/PstCd,PstCd,Max16Text,0,1
pacs.004.001.15,/Document/PmtRtr/TxInf/RtrChain/IntrmyAgt1/FinInstnId/PstlAdr/TwnNm,TwnNm,Max140Text,0,1
pacs.004.001.15,/Document/PmtRtr/TxInf/RtrChain/IntrmyAgt1/FinInstnId/PstlAdr/TwnLctnNm,TwnLctnNm,Max140Text,0,1
pacs.004.001.15,/Document/PmtRtr/TxInf/RtrChain/IntrmyAgt1/FinInstnId/PstlAdr/DstrctNm,DstrctNm,Max140Text,0,1
pacs.004.001.15,/Document/PmtRtr/TxInf/RtrChain/IntrmyAgt1/FinInstnId/PstlAdr/CtrySubDvsn,CtrySubDvsn,Max35Text,0,1
pacs.004.001.15,/Document/PmtRtr/TxInf/RtrChain/IntrmyAgt1/FinInstnId/PstlAdr/Ctry,Ctry,CountryCode,0,1
pacs.004.001.15,/Document/PmtRtr/TxInf/RtrChain/IntrmyAgt1/FinInstnId/PstlAdr/AdrLine,AdrLine,Max70Text,0,7
pacs.004.001.15,/Document/PmtRtr/TxInf/RtrChain/IntrmyAgt1/FinInstnId/Othr,Othr,GenericFinancialIdentification1,0,1
pacs.004.001.15,/Document/PmtRtr/TxInf/RtrChain/IntrmyAgt1/FinInstnId/Othr/Id,Id,Max35Text,1,1
pacs.004.001.15,/Document/PmtRtr/TxInf/RtrChain/IntrmyAgt1/FinInstnId/Othr/SchmeNm,SchmeNm,FinancialIdentificationSchemeName1Choice,0,1
pacs.004.001.15,/Document/PmtRtr/TxInf/RtrChain/IntrmyAgt1/FinInstnId/Othr/SchmeNm/Cd,Cd,ExternalFinancialInstitutionIdentification1Code,1,1
pacs.004.001.15,/Document/PmtRtr/TxInf/RtrChain/IntrmyAgt1/FinInstnId/Othr/SchmeNm/Prtry,Prtry,Max35Text,1,1
pacs.004.001.15,/Document/PmtRtr/TxInf/RtrChain/IntrmyAgt1/FinInstnId/Othr/Issr,Issr,Max35Text,0,1
pacs.004.001.15,/Document/PmtRtr/TxInf/RtrChain/IntrmyAgt1/BrnchId,BrnchId,BranchData5,0,1
pacs.004.001.15,/Document/PmtRtr/TxInf/RtrChain/IntrmyAgt1/BrnchId/Id,Id,Max35Text,0,1
pacs.004.001.15,/Document/PmtRtr/TxInf/RtrChain/IntrmyAgt1/BrnchId/LEI,LEI,LEIIdentifier,0,1
pacs.004.001.15,/Document/PmtRtr/TxInf/RtrChain/IntrmyAgt1/BrnchId/Nm,Nm,Max140Text,0,1
pacs.004.001.15,/Document/PmtRtr/TxInf/RtrChain/IntrmyAgt1/BrnchId/PstlAdr,PstlAdr,PostalAddress27,0,1
pacs.004.001.15,/Document/PmtRtr/TxInf/RtrChain/IntrmyAgt1/BrnchId/PstlAdr/AdrTp,AdrTp,AddressType3Choice,0,1
pacs.004.001.15,/Document/PmtRtr/TxInf/RtrChain/IntrmyAgt1/BrnchId/PstlAdr/AdrTp/Cd,Cd,AddressType2Code,1,1
pacs.004.001.15,/Document/PmtRtr/TxInf/RtrChain/IntrmyAgt1/BrnchId/PstlAdr/AdrTp/Prtry,Prtry,GenericIdentification30,1,1
pacs.004.001.15,/Document/PmtRtr/TxInf/RtrChain/IntrmyAgt1/BrnchId/PstlAdr/AdrTp/Prtry/Id,Id,Exact4AlphaNumericText,1,1
pacs.004.001.15,/Document/PmtRtr/TxInf/RtrChain/IntrmyAgt1/BrnchId/PstlAdr/AdrTp/Prtry/Issr,Issr,Max35Text,1,1
pacs.004.001.15,/Document/PmtRtr/TxInf/RtrChain/IntrmyAgt1/BrnchId/PstlAdr/AdrTp/Prtry/SchmeNm,SchmeNm,Max35Text,0,1
pacs.004.001.15,/Document/PmtRtr/TxInf/RtrChain/IntrmyAgt1/BrnchId/PstlAdr/CareOf,CareOf,Max140Text,0,1
pacs.004.001.15,/Document/PmtRtr/TxInf/RtrChain/IntrmyAgt1/BrnchId/PstlAdr/Dept,Dept,Max70Text,0,1
pacs.004.001.15,/Document/PmtRtr/TxInf/RtrChain/IntrmyAgt1/BrnchId/PstlAdr/SubDept,SubDept,Max70Text,0,1
pacs.004.001.15,/Document/PmtRtr/TxInf/RtrChain/IntrmyAgt1/BrnchId/PstlAdr/StrtNm,StrtNm,Max140Text,0,1
pacs.004.001.15,/Document/PmtRtr/TxInf/RtrChain/IntrmyAgt1/BrnchId/PstlAdr/BldgNb,BldgNb,Max16Text,0,1
pacs.004.001.15,/Document/PmtRtr/TxInf/RtrChain/IntrmyAgt1/BrnchId/PstlAdr/BldgNm,BldgNm,Max140Text,0,1
pacs.004.001.15,/Document/PmtRtr/TxInf/RtrChain/IntrmyAgt1/BrnchId/PstlAdr/Flr,Flr,Max70Text,0,1
pacs.004.001.15,/Document/PmtRtr/TxInf/RtrChain/IntrmyAgt1/BrnchId/PstlAdr/UnitNb,UnitNb,Max16Text,0,1
pacs.004.001.15,/Document/PmtRtr/TxInf/RtrChain/IntrmyAgt1/BrnchId/PstlAdr/PstBx,PstBx,Max16Text,0,1
pacs.004.001.15,/Document/PmtRtr/TxInf/RtrChain/IntrmyAgt1/BrnchId/PstlAdr/Room,Room,Max70Text,0,1
pacs.004.001.15,/Document/PmtRtr/TxInf/RtrChain/IntrmyAgt1/BrnchId/PstlAdr/PstCd,PstCd,Max16Text,0,1
pacs.004.001.15,/Document/PmtRtr/TxInf/RtrChain/IntrmyAgt1/BrnchId/PstlAdr/TwnNm,TwnNm,Max140Text,0,1
pacs.004.001.15,/Document/PmtRtr/TxInf/RtrChain/IntrmyAgt1/BrnchId/PstlAdr/TwnLctnNm,TwnLctnNm,Max140Text,0,1
pacs.004.001.15,/Document/PmtRtr/TxInf/RtrChain/IntrmyAgt1/BrnchId/PstlAdr/DstrctNm,DstrctNm,Max140Text,0,1
pacs.004.001.15,/Document/PmtRtr/TxInf/RtrChain/IntrmyAgt1/BrnchId/PstlAdr/CtrySubDvsn,CtrySubDvsn,Max35Text,0,1
pacs.004.001.15,/Document/PmtRtr/TxInf/RtrChain/IntrmyAgt1/BrnchId/PstlAdr/Ctry,Ctry,CountryCode,0,1
pacs.004.001.15,/Document/PmtRtr/TxInf/RtrChain/IntrmyAgt1/BrnchId/PstlAdr/AdrLine,AdrLine,Max70Text,0,7
pacs.004.001.15,/Document/PmtRtr/TxInf/RtrChain/IntrmyAgt1Acct,IntrmyAgt1Acct,CashAccount40,0,1
pacs.004.001.15,/Document/PmtRtr/TxInf/RtrChain/IntrmyAgt1Acct/Id,Id,AccountIdentification4Choice,0,1
pacs.004.001.15,/Document/PmtRtr/TxInf/RtrChain/IntrmyAgt1Acct/Id/IBAN,IBAN,IBAN2007Identifier,1,1
pacs.004.001.15,/Document/PmtRtr/TxInf/RtrChain/IntrmyAgt1Acct/Id/Othr,Othr,GenericAccountIdentification1,1,1
pacs.004.001.15,/Document/PmtRtr/TxInf/RtrChain/IntrmyAgt1Acct/Id/Othr/Id,Id,Max34Text,1,1
pacs.004.001.15,/Document/PmtRtr/TxInf/RtrChain/IntrmyAgt1Acct/Id/Othr/SchmeNm,SchmeNm,AccountSchemeName1Choice,0,1
pacs.004.001.15,/Document/PmtRtr/TxInf/RtrChain/IntrmyAgt1Acct/Id/Othr/SchmeNm/Cd,Cd,ExternalAccountIdentification1Code,1,1
pacs.004.001.15,/Document/PmtRtr/TxInf/RtrChain/IntrmyAgt1Acct/Id/Othr/SchmeNm/Prtry,Prtry,Max35Text,1,1
pacs.004.001.15,/Document/PmtRtr/TxInf/RtrChain/IntrmyAgt1Acct/Id/Othr/Issr,Issr,Max35Text,0,1
pacs.004.001.15,/Document/PmtRtr/TxInf/RtrChain/IntrmyAgt1Acct/Tp,Tp,CashAccountType2Choice,0,1
pacs.004.001.15,/Document/PmtRtr/TxInf/RtrChain/IntrmyAgt1Acct/Tp/Cd,Cd,ExternalCashAccountType1Code,1,1
pacs.004.001.15,/Document/PmtRtr/TxInf/RtrChain/IntrmyAgt1Acct/Tp/Prtry,Prtry,Max35Text,1,1
pacs.004.001.15,/Document/PmtRtr/TxInf/RtrChain/IntrmyAgt1Acct/Ccy,Ccy,ActiveOrHistoricCurrencyCode,0,1
pacs.004.001.15,/Document/PmtRtr/TxInf/RtrChain/IntrmyAgt1Acct/Nm,Nm,Max70Text,0,1
pacs.004.001.15,/Document/PmtRtr/TxInf/RtrChain/IntrmyAgt1Acct/Prxy,Prxy,ProxyAccountIdentification1,0,1
pacs.004.001.15,/Document/PmtRtr/TxInf/RtrChain/IntrmyAgt1Acct/Prxy/Tp,Tp,ProxyAccountType1Choice,0,1
pacs.004.001.15,/Document/PmtRtr/TxInf/RtrChain/IntrmyAgt1Acct/Prxy/Tp/Cd,Cd,ExternalProxyAccountType1Code,1,1
pacs.004.001.15,/Document/PmtRtr/TxInf/RtrChain/IntrmyAgt1Acct/Prxy/Tp/Prtry,Prtry,Max35Text,1,1
pacs.004.001.15,/Document/PmtRtr/TxInf/RtrChain/IntrmyAgt1Acct/Prxy/Id,Id,Max2048Text,1,1
pacs.004.001.15,/Document/PmtRtr/TxInf/RtrChain/IntrmyAgt2,IntrmyAgt2,BranchAndFinancialInstitutionIdentification8,0,1
pacs.004.001.15,/Document/PmtRtr/TxInf/RtrChain/IntrmyAgt2/FinInstnId,FinInstnId,FinancialInstitutionIdentification23,1,1
pacs.004.001.15,/Document/PmtRtr/TxInf/RtrChain/IntrmyAgt2/FinInstnId/BICFI,BICFI,BICFIDec2014Identifier,0,1
pacs.004.001.15,/Document/PmtRtr/TxInf/RtrChain/IntrmyAgt2/FinInstnId/ClrSysMmbId,ClrSysMmbId,ClearingSystemMemberIdentification2,0,1
pacs.004.001.15,/Document/PmtRtr/TxInf/RtrChain/IntrmyAgt2/FinInstnId/ClrSysMmbId/ClrSysId,ClrSysId,ClearingSystemIdentification2Choice,0,1
pacs.004.001.15,/Document/PmtRtr/TxInf/RtrChain/IntrmyAgt2/FinInstnId/ClrSysMmbId/ClrSysId/Cd,Cd,ExternalClearingSystemIdentification1Code,1,1
pacs.004.001.15,/Document/PmtRtr/TxInf/RtrChain/IntrmyAgt2/FinInstnId/ClrSysMmbId/ClrSysId/Prtry,Prtry,Max35Text,1,1
pacs.004.001.15,/Document/PmtRtr/TxInf/RtrChain/IntrmyAgt2/FinInstnId/ClrSysMmbId/MmbId,MmbId,Max35Text,1,1
pacs.004.001.15,/Document/PmtRtr/TxInf/RtrChain/IntrmyAgt2/FinInstnId/LEI,LEI,LEIIdentifier,0,1
pacs.004.001.15,/Document/PmtRtr/TxInf/RtrChain/IntrmyAgt2/FinInstnId/Nm,Nm,Max140Text,0,1
pacs.004.001.15,/Document/PmtRtr/TxInf/RtrChain/IntrmyAgt2/FinInstnId/PstlAdr,PstlAdr,PostalAddress27,0,1
pacs.004.001.15,/Document/PmtRtr/TxInf/RtrChain/IntrmyAgt2/FinInstnId/PstlAdr/AdrTp,AdrTp,AddressType3Choice,0,1
pacs.004.001.15,/Document/PmtRtr/TxInf/RtrChain/IntrmyAgt2/FinInstnId/PstlAdr/AdrTp/Cd,Cd,AddressType2Code,1,1
pacs.004.001.15,/Document/PmtRtr/TxInf/RtrChain/IntrmyAgt2/FinInstnId/PstlAdr/AdrTp/Prtry,Prtry,GenericIdentification30,1,1
pacs.004.001.15,/Document/PmtRtr/TxInf/RtrChain/IntrmyAgt2/FinInstnId/PstlAdr/AdrTp/Prtry/Id,Id,Exact4AlphaNumericText,1,1
pacs.004.001.15,/Document/PmtRtr/TxInf/RtrChain/IntrmyAgt2/FinInstnId/PstlAdr/AdrTp/Prtry/Issr,Issr,Max35Text,1,1
pacs.004.001.15,/Document/PmtRtr/TxInf/RtrChain/IntrmyAgt2/FinInstnId/PstlAdr/AdrTp/Prtry/SchmeNm,SchmeNm,Max35Text,0,1
pacs.004.001.15,/Document/PmtRtr/TxInf/RtrChain/IntrmyAgt2/FinInstnId/PstlAdr/CareOf,CareOf,Max140Text,0,1
pacs.004.001.15,/Document/PmtRtr/TxInf/RtrChain/IntrmyAgt2/FinInstnId/PstlAdr/Dept,Dept,Max70Text,0,1
pacs.004.001.15,/Document/PmtRtr/TxInf/RtrChain/IntrmyAgt2/FinInstnId/PstlAdr/SubDept,SubDept,Max70Text,0,1
pacs.004.001.15,/Document/PmtRtr/TxInf/RtrChain/IntrmyAgt2/FinInstnId/PstlAdr/StrtNm,StrtNm,Max140Text,0,1
pacs.004.001.15,/Document/PmtRtr/TxInf/RtrChain/IntrmyAgt2/FinInstnId/PstlAdr/BldgNb,BldgNb,Max16Text,0,1
pacs.004.001.15,/Document/PmtRtr/TxInf/RtrChain/IntrmyAgt2/FinInstnId/PstlAdr/BldgNm,BldgNm,Max140Text,0,1
pacs.004.001.15,/Document/PmtRtr/TxInf/RtrChain/IntrmyAgt2/FinInstnId/PstlAdr/Flr,Flr,Max70Text,0,1
pacs.004.001.15,/Document/PmtRtr/TxInf/RtrChain/IntrmyAgt2/FinInstnId/PstlAdr/UnitNb,UnitNb,Max16Text,0,1
pacs.004.001.15,/Document/PmtRtr/TxInf/RtrChain/IntrmyAgt2/FinInstnId/PstlAdr/PstBx,PstBx,Max16Text,0,1
pacs.004.001.15,/Document/PmtRtr/TxInf/RtrChain/IntrmyAgt2/FinInstnId/PstlAdr/Room,Room,Max70Text,0,1
pacs.004.001.15,/Document/PmtRtr/TxInf/RtrChain/IntrmyAgt2/FinInstnId/PstlAdr/PstCd,PstCd,Max16Text,0,1
pacs.004.001.15,/Document/PmtRtr/TxInf/RtrChain/IntrmyAgt2/FinInstnId/PstlAdr/TwnNm,TwnNm,Max140Text,0,1
pacs.004.001.15,/Document/PmtRtr/TxInf/RtrChain/IntrmyAgt2/FinInstnId/PstlAdr/TwnLctnNm,TwnLctnNm,Max140Text,0,1
pacs.004.001.15,/Document/PmtRtr/TxInf/RtrChain/IntrmyAgt2/FinInstnId/PstlAdr/DstrctNm,DstrctNm,Max140Text,0,1
pacs.004.001.15,/Document/PmtRtr/TxInf/RtrChain/IntrmyAgt2/FinInstnId/PstlAdr/CtrySubDvsn,CtrySubDvsn,Max35Text,0,1
pacs.004.001.15,/Document/PmtRtr/TxInf/RtrChain/IntrmyAgt2/FinInstnId/PstlAdr/Ctry,Ctry,CountryCode,0,1
pacs.004.001.15,/Document/PmtRtr/TxInf/RtrChain/IntrmyAgt2/FinInstnId/PstlAdr/AdrLine,AdrLine,Max70Text,0,7
pacs.004.001.15,/Document/PmtRtr/TxInf/RtrChain/IntrmyAgt2/FinInstnId/Othr,Othr,GenericFinancialIdentification1,0,1
pacs.004.001.15,/Document/PmtRtr/TxInf/RtrChain/IntrmyAgt2/FinInstnId/Othr/Id,Id,Max35Text,1,1
pacs.004.001.15,/Document/PmtRtr/TxInf/RtrChain/IntrmyAgt2/FinInstnId/Othr/SchmeNm,SchmeNm,FinancialIdentificationSchemeName1Choice,0,1
pacs.004.001.15,/Document/PmtRtr/TxInf/RtrChain/IntrmyAgt2/FinInstnId/Othr/SchmeNm/Cd,Cd,ExternalFinancialInstitutionIdentification1Code,1,1
pacs.004.001.15,/Document/PmtRtr/TxInf/RtrChain/IntrmyAgt2/FinInstnId/Othr/SchmeNm/Prtry,Prtry,Max35Text,1,1
pacs.004.001.15,/Document/PmtRtr/TxInf/RtrChain/IntrmyAgt2/FinInstnId/Othr/Issr,Issr,Max35Text,0,1
pacs.004.001.15,/Document/PmtRtr/TxInf/RtrChain/IntrmyAgt2/BrnchId,BrnchId,BranchData5,0,1
pacs.004.001.15,/Document/PmtRtr/TxInf/RtrChain/IntrmyAgt2/BrnchId/Id,Id,Max35Text,0,1
pacs.004.001.15,/Document/PmtRtr/TxInf/RtrChain/IntrmyAgt2/BrnchId/LEI,LEI,LEIIdentifier,0,1
pacs.004.001.15,/Document/PmtRtr/TxInf/RtrChain/IntrmyAgt2/BrnchId/Nm,Nm,Max140Text,0,1
pacs.004.001.15,/Document/PmtRtr/TxInf/RtrChain/IntrmyAgt2/BrnchId/PstlAdr,PstlAdr,PostalAddress27,0,1
pacs.004.001.15,/Document/PmtRtr/TxInf/RtrChain/IntrmyAgt2/BrnchId/PstlAdr/AdrTp,AdrTp,AddressType3Choice,0,1
pacs.004.001.15,/Document/PmtRtr/TxInf/RtrChain/IntrmyAgt2/BrnchId/PstlAdr/AdrTp/Cd,Cd,AddressType2Code,1,1
pacs.004.001.15,/Document/PmtRtr/TxInf/RtrChain/IntrmyAgt2/BrnchId/PstlAdr/AdrTp/Prtry,Prtry,GenericIdentification30,1,1
pacs.004.001.15,/Document/PmtRtr/TxInf/RtrChain/IntrmyAgt2/BrnchId/PstlAdr/AdrTp/Prtry/Id,Id,Exact4AlphaNumericText,1,1
pacs.004.001.15,/Document/PmtRtr/TxInf/RtrChain/IntrmyAgt2/BrnchId/PstlAdr/AdrTp/Prtry/Issr,Issr,Max35Text,1,1
pacs.004.001.15,/Document/PmtRtr/TxInf/RtrChain/IntrmyAgt2/BrnchId/PstlAdr/AdrTp/Prtry/SchmeNm,SchmeNm,Max35Text,0,1
pacs.004.001.15,/Document/PmtRtr/TxInf/RtrChain/IntrmyAgt2/BrnchId/PstlAdr/CareOf,CareOf,Max140Text,0,1
pacs.004.001.15,/Document/PmtRtr/TxInf/RtrChain/IntrmyAgt2/BrnchId/PstlAdr/Dept,Dept,Max70Text,0,1
pacs.004.001.15,/Document/PmtRtr/TxInf/RtrChain/IntrmyAgt2/BrnchId/PstlAdr/SubDept,SubDept,Max70Text,0,1
pacs.004.001.15,/Document/PmtRtr/TxInf/RtrChain/IntrmyAgt2/BrnchId/PstlAdr/StrtNm,StrtNm,Max140Text,0,1
pacs.004.001.15,/Document/PmtRtr/TxInf/RtrChain/IntrmyAgt2/BrnchId/PstlAdr/BldgNb,BldgNb,Max16Text,0,1
pacs.004.001.15,/Document/PmtRtr/TxInf/RtrChain/IntrmyAgt2/BrnchId/PstlAdr/BldgNm,BldgNm,Max140Text,0,1
pacs.004.001.15,/Document/PmtRtr/TxInf/RtrChain/IntrmyAgt2/BrnchId/PstlAdr/Flr,Flr,Max70Text,0,1
pacs.004.001.15,/Document/PmtRtr/TxInf/RtrChain/IntrmyAgt2/BrnchId/PstlAdr/UnitNb,UnitNb,Max16Text,0,1
pacs.004.001.15,/Document/PmtRtr/TxInf/RtrChain/IntrmyAgt2/BrnchId/PstlAdr/PstBx,PstBx,Max16Text,0,1
pacs.004.001.15,/Document/PmtRtr/TxInf/RtrChain/IntrmyAgt2/BrnchId/PstlAdr/Room,Room,Max70Text,0,1
pacs.004.001.15,/Document/PmtRtr/TxInf/RtrChain/IntrmyAgt2/BrnchId/PstlAdr/PstCd,PstCd,Max16Text,0,1
pacs.004.001.15,/Document/PmtRtr/TxInf/RtrChain/IntrmyAgt2/BrnchId/PstlAdr/TwnNm,TwnNm,Max140Text,0,1
pacs.004.001.15,/Document/PmtRtr/TxInf/RtrChain/IntrmyAgt2/BrnchId/PstlAdr/TwnLctnNm,TwnLctnNm,Max140Text,0,1
pacs.004.001.15,/Document/PmtRtr/TxInf/RtrChain/IntrmyAgt2/BrnchId/PstlAdr/DstrctNm,DstrctNm,Max140Text,0,1
pacs.004.001.15,/Document/PmtRtr/TxInf/RtrChain/IntrmyAgt2/BrnchId/PstlAdr/CtrySubDvsn,CtrySubDvsn,Max35Text,0,1
pacs.004.001.15,/Document/PmtRtr/TxInf/RtrChain/IntrmyAgt2/BrnchId/PstlAdr/Ctry,Ctry,CountryCode,0,1
pacs.004.001.15,/Document/PmtRtr/TxInf/RtrChain/IntrmyAgt2/BrnchId/PstlAdr/AdrLine,AdrLine,Max70Text,0,7
pacs.004.001.15,/Document/PmtRtr/TxInf/RtrChain/IntrmyAgt2Acct,IntrmyAgt2Acct,CashAccount40,0,1
pacs.004.001.15,/Document/PmtRtr/TxInf/RtrChain/IntrmyAgt2Acct/Id,Id,AccountIdentification4Choice,0,1
pacs.004.001.15,/Document/PmtRtr/TxInf/RtrChain/IntrmyAgt2Acct/Id/IBAN,IBAN,IBAN2007Identifier,1,1
pacs.004.001.15,/Document/PmtRtr/TxInf/RtrChain/IntrmyAgt2Acct/Id/Othr,Othr,GenericAccountIdentification1,1,1
pacs.004.001.15,/Document/PmtRtr/TxInf/RtrChain/IntrmyAgt2Acct/Id/Othr/Id,Id,Max34Text,1,1
pacs.004.001.15,/Document/PmtRtr/TxInf/RtrChain/IntrmyAgt2Acct/Id/Othr/SchmeNm,SchmeNm,AccountSchemeName1Choice,0,1
pacs.004.001.15,/Document/PmtRtr/TxInf/RtrChain/IntrmyAgt2Acct/Id/Othr/SchmeNm/Cd,Cd,ExternalAccountIdentification1Code,1,1
pacs.004.001.15,/Document/PmtRtr/TxInf/RtrChain/IntrmyAgt2Acct/Id/Othr/SchmeNm/Prtry,Prtry,Max35Text,1,1
pacs.004.001.15,/Document/PmtRtr/TxInf/RtrChain/IntrmyAgt2Acct/Id/Othr/Issr,Issr,Max35Text,0,1
pacs.004.001.15,/Document/PmtRtr/TxInf/RtrChain/IntrmyAgt2Acct/Tp,Tp,CashAccountType2Choice,0,1
pacs.004.001.15,/Document/PmtRtr/TxInf/RtrChain/IntrmyAgt2Acct/Tp/Cd,Cd,ExternalCashAccountType1Code,1,1
pacs.004.001.15,/Document/PmtRtr/TxInf/RtrChain/IntrmyAgt2Acct/Tp/Prtry,Prtry,Max35Text,1,1
pacs.004.001.15,/Document/PmtRtr/TxInf/RtrChain/IntrmyAgt2Acct/Ccy,Ccy,ActiveOrHistoricCurrencyCode,0,1
pacs.004.001.15,/Document/PmtRtr/TxInf/RtrChain/IntrmyAgt2Acct/Nm,Nm,Max70Text,0,1
pacs.004.001.15,/Document/PmtRtr/TxInf/RtrChain/IntrmyAgt2Acct/Prxy,Prxy,ProxyAccountIdentification1,0,1
pacs.004.001.15,/Document/PmtRtr/TxInf/RtrChain/IntrmyAgt2Acct/Prxy/Tp,Tp,ProxyAccountType1Choice,0,1
pacs.004.001.15,/Document/PmtRtr/TxInf/RtrChain/IntrmyAgt2Acct/Prxy/Tp/Cd,Cd,ExternalProxyAccountType1Code,1,1
pacs.004.001.15,/Document/PmtRtr/TxInf/RtrChain/IntrmyAgt2Acct/Prxy/Tp/Prtry,Prtry,Max35Text,1,1
pacs.004.001.15,/Document/PmtRtr/TxInf/RtrChain/IntrmyAgt2Acct/Prxy/Id,Id,Max2048Text,1,1
pacs.004.001.15,/Document/PmtRtr/TxInf/RtrChain/IntrmyAgt3,IntrmyAgt3,BranchAndFinancialInstitutionIdentification8,0,1
pacs.004.001.15,/Document/PmtRtr/TxInf/RtrChain/IntrmyAgt3/FinInstnId,FinInstnId,FinancialInstitutionIdentification23,1,1
pacs.004.001.15,/Document/PmtRtr/TxInf/RtrChain/IntrmyAgt3/FinInstnId/BICFI,BICFI,BICFIDec2014Identifier,0,1
pacs.004.001.15,/Document/PmtRtr/TxInf/RtrChain/IntrmyAgt3/FinInstnId/ClrSysMmbId,ClrSysMmbId,ClearingSystemMemberIdentification2,0,1
pacs.004.001.15,/Document/PmtRtr/TxInf/RtrChain/IntrmyAgt3/FinInstnId/ClrSysMmbId/ClrSysId,ClrSysId,ClearingSystemIdentification2Choice,0,1
pacs.004.001.15,/Document/PmtRtr/TxInf/RtrChain/IntrmyAgt3/FinInstnId/ClrSysMmbId/ClrSysId/Cd,Cd,ExternalClearingSystemIdentification1Code,1,1
pacs.004.001.15,/Document/PmtRtr/TxInf/RtrChain/IntrmyAgt3/FinInstnId/ClrSysMmbId/ClrSysId/Prtry,Prtry,Max35Text,1,1
pacs.004.001.15,/Document/PmtRtr/TxInf/RtrChain/IntrmyAgt3/FinInstnId/ClrSysMmbId/MmbId,MmbId,Max35Text,1,1
pacs.004.001.15,/Document/PmtRtr/TxInf/RtrChain/IntrmyAgt3/FinInstnId/LEI,LEI,LEIIdentifier,0,1
pacs.004.001.15,/Document/PmtRtr/TxInf/RtrChain/IntrmyAgt3/FinInstnId/Nm,Nm,Max140Text,0,1
pacs.004.001.15,/Document/PmtRtr/TxInf/RtrChain/IntrmyAgt3/FinInstnId/PstlAdr,PstlAdr,PostalAddress27,0,1
pacs.004.001.15,/Document/PmtRtr/TxInf/RtrChain/IntrmyAgt3/FinInstnId/PstlAdr/AdrTp,AdrTp,AddressType3Choice,0,1
pacs.004.001.15,/Document/PmtRtr/TxInf/RtrChain/IntrmyAgt3/FinInstnId/PstlAdr/AdrTp/Cd,Cd,AddressType2Code,1,1
pacs.004.001.15,/Document/PmtRtr/TxInf/RtrChain/IntrmyAgt3/FinInstnId/PstlAdr/AdrTp/Prtry,Prtry,GenericIdentification30,1,1
pacs.004.001.15,/Document/PmtRtr/TxInf/RtrChain/IntrmyAgt3/FinInstnId/PstlAdr/AdrTp/Prtry/Id,Id,Exact4AlphaNumericText,1,1
pacs.004.001.15,/Document/PmtRtr/TxInf/RtrChain/IntrmyAgt3/FinInstnId/PstlAdr/AdrTp/Prtry/Issr,Issr,Max35Text,1,1
pacs.004.001.15,/Document/PmtRtr/TxInf/RtrChain/IntrmyAgt3/FinInstnId/PstlAdr/AdrTp/Prtry/SchmeNm,SchmeNm,Max35Text,0,1
pacs.004.001.15,/Document/PmtRtr/TxInf/RtrChain/IntrmyAgt3/FinInstnId/PstlAdr/CareOf,CareOf,Max140Text,0,1
pacs.004.001.15,/Document/PmtRtr/TxInf/RtrChain/IntrmyAgt3/FinInstnId/PstlAdr/Dept,Dept,Max70Text,0,1
pacs.004.001.15,/Document/PmtRtr/TxInf/RtrChain/IntrmyAgt3/FinInstnId/PstlAdr/SubDept,SubDept,Max70Text,0,1
pacs.004.001.15,/Document/PmtRtr/TxInf/RtrChain/IntrmyAgt3/FinInstnId/PstlAdr/StrtNm,StrtNm,Max140Text,0,1
pacs.004.001.15,/Document/PmtRtr/TxInf/RtrChain/IntrmyAgt3/FinInstnId/PstlAdr/BldgNb,BldgNb,Max16Text,0,1
pacs.004.001.15,/Document/PmtRtr/TxInf/RtrChain/IntrmyAgt3/FinInstnId/PstlAdr/BldgNm,BldgNm,Max140Text,0,1
pacs.004.001.15,/Document/PmtRtr/TxInf/RtrChain/IntrmyAgt3/FinInstnId/PstlAdr/Flr,Flr,Max70Text,0,1
pacs.004.001.15,/Document/PmtRtr/TxInf/RtrChain/IntrmyAgt3/FinInstnId/PstlAdr/UnitNb,UnitNb,Max16Text,0,1
pacs.004.001.15,/Document/PmtRtr/TxInf/RtrChain/IntrmyAgt3/FinInstnId/PstlAdr/PstBx,PstBx,Max16Text,0,1
pacs.004.001.15,/Document/PmtRtr/TxInf/RtrChain/IntrmyAgt3/FinInstnId/PstlAdr/Room,Room,Max70Text,0,1
pacs.004.001.15,/Document/PmtRtr/TxInf/RtrChain/IntrmyAgt3/FinInstnId/PstlAdr/PstCd,PstCd,Max16Text,0,1
pacs.004.001.15,/Document/PmtRtr/TxInf/RtrChain/IntrmyAgt3/FinInstnId/PstlAdr/TwnNm,TwnNm,Max140Text,0,1
pacs.004.001.15,/Document/PmtRtr/TxInf/RtrChain/IntrmyAgt3/FinInstnId/PstlAdr/TwnLctnNm,TwnLctnNm,Max140Text,0,1
pacs.004.001.15,/Document/PmtRtr/TxInf/RtrChain/IntrmyAgt3/FinInstnId/PstlAdr/DstrctNm,DstrctNm,Max140Text,0,1
pacs.004.001.15,/Document/PmtRtr/TxInf/RtrChain/IntrmyAgt3/FinInstnId/PstlAdr/CtrySubDvsn,CtrySubDvsn,Max35Text,0,1
pacs.004.001.15,/Document/PmtRtr/TxInf/RtrChain/IntrmyAgt3/FinInstnId/PstlAdr/Ctry,Ctry,CountryCode,0,1
pacs.004.001.15,/Document/PmtRtr/TxInf/RtrChain/IntrmyAgt3/FinInstnId/PstlAdr/AdrLine,AdrLine,Max70Text,0,7
pacs.004.001.15,/Document/PmtRtr/TxInf/RtrChain/IntrmyAgt3/FinInstnId/Othr,Othr,GenericFinancialIdentification1,0,1
pacs.004.001.15,/Document/PmtRtr/TxInf/RtrChain/IntrmyAgt3/FinInstnId/Othr/Id,Id,Max35Text,1,1
pacs.004.001.15,/Document/PmtRtr/TxInf/RtrChain/IntrmyAgt3/FinInstnId/Othr/SchmeNm,SchmeNm,FinancialIdentificationSchemeName1Choice,0,1
pacs.004.001.15,/Document/PmtRtr/TxInf/RtrChain/IntrmyAgt3/FinInstnId/Othr/SchmeNm/Cd,Cd,ExternalFinancialInstitutionIdentification1Code,1,1
pacs.004.001.15,/Document/PmtRtr/TxInf/RtrChain/IntrmyAgt3/FinInstnId/Othr/SchmeNm/Prtry,Prtry,Max35Text,1,1
pacs.004.001.15,/Document/PmtRtr/TxInf/RtrChain/IntrmyAgt3/FinInstnId/Othr/Issr,Issr,Max35Text,0,1
pacs.004.001.15,/Document/PmtRtr/TxInf/RtrChain/IntrmyAgt3/BrnchId,BrnchId,BranchData5,0,1
pacs.004.001.15,/Document/PmtRtr/TxInf/RtrChain/IntrmyAgt3/BrnchId/Id,Id,Max35Text,0,1
pacs.004.001.15,/Document/PmtRtr/TxInf/RtrChain/IntrmyAgt3/BrnchId/LEI,LEI,LEIIdentifier,0,1
pacs.004.001.15,/Document/PmtRtr/TxInf/RtrChain/IntrmyAgt3/BrnchId/Nm,Nm,Max140Text,0,1
pacs.004.001.15,/Document/PmtRtr/TxInf/RtrChain/IntrmyAgt3/BrnchId/PstlAdr,PstlAdr,PostalAddress27,0,1
pacs.004.001.15,/Document/PmtRtr/TxInf/RtrChain/IntrmyAgt3/BrnchId/PstlAdr/AdrTp,AdrTp,AddressType3Choice,0,1
pacs.004.001.15,/Document/PmtRtr/TxInf/RtrChain/IntrmyAgt3/BrnchId/PstlAdr/AdrTp/Cd,Cd,AddressType2Code,1,1
pacs.004.001.15,/Document/PmtRtr/TxInf/RtrChain/IntrmyAgt3/BrnchId/PstlAdr/AdrTp/Prtry,Prtry,GenericIdentification30,1,1
pacs.004.001.15,/Document/PmtRtr/TxInf/RtrChain/IntrmyAgt3/BrnchId/PstlAdr/AdrTp/Prtry/Id,Id,Exact4AlphaNumericText,1,1
pacs.004.001.15,/Document/PmtRtr/TxInf/RtrChain/IntrmyAgt3/BrnchId/PstlAdr/AdrTp/Prtry/Issr,Issr,Max35Text,1,1
pacs.004.001.15,/Document/PmtRtr/TxInf/RtrChain/IntrmyAgt3/BrnchId/PstlAdr/AdrTp/Prtry/SchmeNm,SchmeNm,Max35Text,0,1
pacs.004.001.15,/Document/PmtRtr/TxInf/RtrChain/IntrmyAgt3/BrnchId/PstlAdr/CareOf,CareOf,Max140Text,0,1
pacs.004.001.15,/Document/PmtRtr/TxInf/RtrChain/IntrmyAgt3/BrnchId/PstlAdr/Dept,Dept,Max70Text,0,1
pacs.004.001.15,/Document/PmtRtr/TxInf/RtrChain/IntrmyAgt3/BrnchId/PstlAdr/SubDept,SubDept,Max70Text,0,1
pacs.004.001.15,/Document/PmtRtr/TxInf/RtrChain/IntrmyAgt3/BrnchId/PstlAdr/StrtNm,StrtNm,Max140Text,0,1
pacs.004.001.15,/Document/PmtRtr/TxInf/RtrChain/IntrmyAgt3/BrnchId/PstlAdr/BldgNb,BldgNb,Max16Text,0,1
pacs.004.001.15,/Document/PmtRtr/TxInf/RtrChain/IntrmyAgt3/BrnchId/PstlAdr/BldgNm,BldgNm,Max140Text,0,1
pacs.004.001.15,/Document/PmtRtr/TxInf/RtrChain/IntrmyAgt3/BrnchId/PstlAdr/Flr,Flr,Max70Text,0,1
pacs.004.001.15,/Document/PmtRtr/TxInf/RtrChain/IntrmyAgt3/BrnchId/PstlAdr/UnitNb,UnitNb,Max16Text,0,1
pacs.004.001.15,/Document/PmtRtr/TxInf/RtrChain/IntrmyAgt3/BrnchId/PstlAdr/PstBx,PstBx,Max16Text,0,1
pacs.004.001.15,/Document/PmtRtr/TxInf/RtrChain/IntrmyAgt3/BrnchId/PstlAdr/Room,Room,Max70Text,0,1
pacs.004.001.15,/Document/PmtRtr/TxInf/RtrChain/IntrmyAgt3/BrnchId/PstlAdr/PstCd,PstCd,Max16Text,0,1
pacs.004.001.15,/Document/PmtRtr/TxInf/RtrChain/IntrmyAgt3/BrnchId/PstlAdr/TwnNm,TwnNm,Max140Text,0,1
pacs.004.001.15,/Document/PmtRtr/TxInf/RtrChain/IntrmyAgt3/BrnchId/PstlAdr/TwnLctnNm,TwnLctnNm,Max140Text,0,1
pacs.004.001.15,/Document/PmtRtr/TxInf/RtrChain/IntrmyAgt3/BrnchId/PstlAdr/DstrctNm,DstrctNm,Max140Text,0,1
pacs.004.001.15,/Document/PmtRtr/TxInf/RtrChain/IntrmyAgt3/BrnchId/PstlAdr/CtrySubDvsn,CtrySubDvsn,Max35Text,0,1
pacs.004.001.15,/Document/PmtRtr/TxInf/RtrChain/IntrmyAgt3/BrnchId/PstlAdr/Ctry,Ctry,CountryCode,0,1
pacs.004.001.15,/Document/PmtRtr/TxInf/RtrChain/IntrmyAgt3/BrnchId/PstlAdr/AdrLine,AdrLine,Max70Text,0,7
pacs.004.001.15,/Document/PmtRtr/TxInf/RtrChain/IntrmyAgt3Acct,IntrmyAgt3Acct,CashAccount40,0,1
pacs.004.001.15,/Document/PmtRtr/TxInf/RtrChain/IntrmyAgt3Acct/Id,Id,AccountIdentification4Choice,0,1
pacs.004.001.15,/Document/PmtRtr/TxInf/RtrChain/IntrmyAgt3Acct/Id/IBAN,IBAN,IBAN2007Identifier,1,1
pacs.004.001.15,/Document/PmtRtr/TxInf/RtrChain/IntrmyAgt3Acct/Id/Othr,Othr,GenericAccountIdentification1,1,1
pacs.004.001.15,/Document/PmtRtr/TxInf/RtrChain/IntrmyAgt3Acct/Id/Othr/Id,Id,Max34Text,1,1
pacs.004.001.15,/Document/PmtRtr/TxInf/RtrChain/IntrmyAgt3Acct/Id/Othr/SchmeNm,SchmeNm,AccountSchemeName1Choice,0,1
pacs.004.001.15,/Document/PmtRtr/TxInf/RtrChain/IntrmyAgt3Acct/Id/Othr/SchmeNm/Cd,Cd,ExternalAccountIdentification1Code,1,1
pacs.004.001.15,/Document/PmtRtr/TxInf/RtrChain/IntrmyAgt3Acct/Id/Othr/SchmeNm/Prtry,Prtry,Max35Text,1,1
pacs.004.001.15,/Document/PmtRtr/TxInf/RtrChain/IntrmyAgt3Acct/Id/Othr/Issr,Issr,Max35Text,0,1
pacs.004.001.15,/Document/PmtRtr/TxInf/RtrChain/IntrmyAgt3Acct/Tp,Tp,CashAccountType2Choice,0,1
pacs.004.001.15,/Document/PmtRtr/TxInf/RtrChain/IntrmyAgt3Acct/Tp/Cd,Cd,ExternalCashAccountType1Code,1,1
pacs.004.001.15,/Document/PmtRtr/TxInf/RtrChain/IntrmyAgt3Acct/Tp/Prtry,Prtry,Max35Text,1,1
pacs.004.001.15,/Document/PmtRtr/TxInf/RtrChain/IntrmyAgt3Acct/Ccy,Ccy,ActiveOrHistoricCurrencyCode,0,1
pacs.004.001.15,/Document/PmtRtr/TxInf/RtrChain/IntrmyAgt3Acct/Nm,Nm,Max70Text,0,1
pacs.004.001.15,/Document/PmtRtr/TxInf/RtrChain/IntrmyAgt3Acct/Prxy,Prxy,ProxyAccountIdentification1,0,1
pacs.004.001.15,/Document/PmtRtr/TxInf/RtrChain/IntrmyAgt3Acct/Prxy/Tp,Tp,ProxyAccountType1Choice,0,1
pacs.004.001.15,/Document/PmtRtr/TxInf/RtrChain/IntrmyAgt3Acct/Prxy/Tp/Cd,Cd,ExternalProxyAccountType1Code,1,1
pacs.004.001.15,/Document/PmtRtr/TxInf/RtrChain/IntrmyAgt3Acct/Prxy/Tp/Prtry,Prtry,Max35Text,1,1
pacs.004.001.15,/Document/PmtRtr/TxInf/RtrChain/IntrmyAgt3Acct/Prxy/Id,Id,Max2048Text,1,1
pacs.004.001.15,/Document/PmtRtr/TxInf/RtrChain/CdtrAgt,CdtrAgt,BranchAndFinancialInstitutionIdentification8,0,1
pacs.004.001.15,/Document/PmtRtr/TxInf/RtrChain/CdtrAgt/FinInstnId,FinInstnId,FinancialInstitutionIdentification23,1,1
pacs.004.001.15,/Document/PmtRtr/TxInf/RtrChain/CdtrAgt/FinInstnId/BICFI,BICFI,BICFIDec2014Identifier,0,1
pacs.004.001.15,/Document/PmtRtr/TxInf/RtrChain/CdtrAgt/FinInstnId/ClrSysMmbId,ClrSysMmbId,ClearingSystemMemberIdentification2,0,1
pacs.004.001.15,/Document/PmtRtr/TxInf/RtrChain/CdtrAgt/FinInstnId/ClrSysMmbId/ClrSysId,ClrSysId,ClearingSystemIdentification2Choice,0,1
pacs.004.001.15,/Document/PmtRtr/TxInf/RtrChain/CdtrAgt/FinInstnId/ClrSysMmbId/ClrSysId/Cd,Cd,ExternalClearingSystemIdentification1Code,1,1
pacs.004.001.15,/Document/PmtRtr/TxInf/RtrChain/CdtrAgt/FinInstnId/ClrSysMmbId/ClrSysId/Prtry,Prtry,Max35Text,1,1
pacs.004.001.15,/Document/PmtRtr/TxInf/RtrChain/CdtrAgt/FinInstnId/ClrSysMmbId/MmbId,MmbId,Max35Text,1,1
pacs.004.001.15,/Document/PmtRtr/TxInf/RtrChain/CdtrAgt/FinInstnId/LEI,LEI,LEIIdentifier,0,1
pacs.004.001.15,/Document/PmtRtr/TxInf/RtrChain/CdtrAgt/FinInstnId/Nm,Nm,Max140Text,0,1
pacs.004.001.15,/Document/PmtRtr/TxInf/RtrChain/CdtrAgt/FinInstnId/PstlAdr,PstlAdr,PostalAddress27,0,1
pacs.004.001.15,/Document/PmtRtr/TxInf/RtrChain/CdtrAgt/FinInstnId/PstlAdr/AdrTp,AdrTp,AddressType3Choice,0,1
pacs.004.001.15,/Document/PmtRtr/TxInf/RtrChain/CdtrAgt/FinInstnId/PstlAdr/AdrTp/Cd,Cd,AddressType2Code,1,1
pacs.004.001.15,/Document/PmtRtr/TxInf/RtrChain/CdtrAgt/FinInstnId/PstlAdr/AdrTp/Prtry,Prtry,GenericIdentification30,1,1
pacs.004.001.15,/Document/PmtRtr/TxInf/RtrChain/CdtrAgt/FinInstnId/PstlAdr/AdrTp/Prtry/Id,Id,Exact4AlphaNumericText,1,1
pacs.004.001.15,/Document/PmtRtr/TxInf/RtrChain/CdtrAgt/FinInstnId/PstlAdr/AdrTp/Prtry/Issr,Issr,Max35Text,1,1
pacs.004.001.15,/Document/PmtRtr/TxInf/RtrChain/CdtrAgt/FinInstnId/PstlAdr/AdrTp/Prtry/SchmeNm,SchmeNm,Max35Text,0,1
pacs.004.001.15,/Document/PmtRtr/TxInf/RtrChain/CdtrAgt/FinInstnId/PstlAdr/CareOf,CareOf,Max140Text,0,1
pacs.004.001.15,/Document/PmtRtr/TxInf/RtrChain/CdtrAgt/FinInstnId/PstlAdr/Dept,Dept,Max70Text,0,1
pacs.004.001.15,/Document/PmtRtr/TxInf/RtrChain/CdtrAgt/FinInstnId/PstlAdr/SubDept,SubDept,Max70Text,0,1
pacs.004.001.15,/Document/PmtRtr/TxInf/RtrChain/CdtrAgt/FinInstnId/PstlAdr/StrtNm,StrtNm,Max140Text,0,1
pacs.004.001.15,/Document/PmtRtr/TxInf/RtrChain/CdtrAgt/FinInstnId/PstlAdr/BldgNb,BldgNb,Max16Text,0,1
pacs.004.001.15,/Document/PmtRtr/TxInf/RtrChain/CdtrAgt/FinInstnId/PstlAdr/BldgNm,BldgNm,Max140Text,0,1
pacs.004.001.15,/Document/PmtRtr/TxInf/RtrChain/CdtrAgt/FinInstnId/PstlAdr/Flr,Flr,Max70Text,0,1
pacs.004.001.15,/Document/PmtRtr/TxInf/RtrChain/CdtrAgt/FinInstnId/PstlAdr/UnitNb,UnitNb,Max16Text,0,1
pacs.004.001.15,/Document/PmtRtr/TxInf/RtrChain/CdtrAgt/FinInstnId/PstlAdr/PstBx,PstBx,Max16Text,0,1
pacs.004.001.15,/Document/PmtRtr/TxInf/RtrChain/CdtrAgt/FinInstnId/PstlAdr/Room,Room,Max70Text,0,1
pacs.004.001.15,/Document/PmtRtr/TxInf/RtrChain/CdtrAgt/FinInstnId/PstlAdr/PstCd,PstCd,Max16Text,0,1
pacs.004.001.15,/Document/PmtRtr/TxInf/RtrChain/CdtrAgt/FinInstnId/PstlAdr/TwnNm,TwnNm,Max140Text,0,1
pacs.004.001.15,/Document/PmtRtr/TxInf/RtrChain/CdtrAgt/FinInstnId/PstlAdr/TwnLctnNm,TwnLctnNm,Max140Text,0,1
pacs.004.001.15,/Document/PmtRtr/TxInf/RtrChain/CdtrAgt/FinInstnId/PstlAdr/DstrctNm,DstrctNm,Max140Text,0,1
pacs.004.001.15,/Document/PmtRtr/TxInf/RtrChain/CdtrAgt/FinInstnId/PstlAdr/CtrySubDvsn,CtrySubDvsn,Max35Text,0,1
pacs.004.001.15,/Document/PmtRtr/TxInf/RtrChain/CdtrAgt/FinInstnId/PstlAdr/Ctry,Ctry,CountryCode,0,1
pacs.004.001.15,/Document/PmtRtr/TxInf/RtrChain/CdtrAgt/FinInstnId/PstlAdr/AdrLine,AdrLine,Max70Text,0,7
pacs.004.001.15,/Document/PmtRtr/TxInf/RtrChain/CdtrAgt/FinInstnId/Othr,Othr,GenericFinancialIdentification1,0,1
pacs.004.001.15,/Document/PmtRtr/TxInf/RtrChain/CdtrAgt/FinInstnId/Othr/Id,Id,Max35Text,1,1
pacs.004.001.15,/Document/PmtRtr/TxInf/RtrChain/CdtrAgt/FinInstnId/Othr/SchmeNm,SchmeNm,FinancialIdentificationSchemeName1Choice,0,1
pacs.004.001.15,/Document/PmtRtr/TxInf/RtrChain/CdtrAgt/FinInstnId/Othr/SchmeNm/Cd,Cd,ExternalFinancialInstitutionIdentification1Code,1,1
pacs.004.001.15,/Document/PmtRtr/TxInf/RtrChain/CdtrAgt/FinInstnId/Othr/SchmeNm/Prtry,Prtry,Max35Text,1,1
pacs.004.001.15,/Document/PmtRtr/TxInf/RtrChain/CdtrAgt/FinInstnId/Othr/Issr,Issr,Max35Text,0,1
pacs.004.001.15,/Document/PmtRtr/TxInf/RtrChain/CdtrAgt/BrnchId,BrnchId,BranchData5,0,1
pacs.004.001.15,/Document/PmtRtr/TxInf/RtrChain/CdtrAgt/BrnchId/Id,Id,Max35Text,0,1
pacs.004.001.15,/Document/PmtRtr/TxInf/RtrChain/CdtrAgt/BrnchId/LEI,LEI,LEIIdentifier,0,1
pacs.004.001.15,/Document/PmtRtr/TxInf/RtrChain/CdtrAgt/BrnchId/Nm,Nm,Max140Text,0,1
pacs.004.001.15,/Document/PmtRtr/TxInf/RtrChain/CdtrAgt/BrnchId/PstlAdr,PstlAdr,PostalAddress27,0,1
pacs.004.001.15,/Document/PmtRtr/TxInf/RtrChain/CdtrAgt/BrnchId/PstlAdr/AdrTp,AdrTp,AddressType3Choice,0,1
pacs.004.001.15,/Document/PmtRtr/TxInf/RtrChain/CdtrAgt/BrnchId/PstlAdr/AdrTp/Cd,Cd,AddressType2Code,1,1
pacs.004.001.15,/Document/PmtRtr/TxInf/RtrChain/CdtrAgt/BrnchId/PstlAdr/AdrTp/Prtry,Prtry,GenericIdentification30,1,1
pacs.004.001.15,/Document/PmtRtr/TxInf/RtrChain/CdtrAgt/BrnchId/PstlAdr/AdrTp/Prtry/Id,Id,Exact4AlphaNumericText,1,1
pacs.004.001.15,/Document/PmtRtr/TxInf/RtrChain/CdtrAgt/BrnchId/PstlAdr/AdrTp/Prtry/Issr,Issr,Max35Text,1,1
pacs.004.001.15,/Document/PmtRtr/TxInf/RtrChain/CdtrAgt/BrnchId/PstlAdr/AdrTp/Prtry/SchmeNm,SchmeNm,Max35Text,0,1
pacs.004.001.15,/Document/PmtRtr/TxInf/RtrChain/CdtrAgt/BrnchId/PstlAdr/CareOf,CareOf,Max140Text,0,1
pacs.004.001.15,/Document/PmtRtr/TxInf/RtrChain/CdtrAgt/BrnchId/PstlAdr/Dept,Dept,Max70Text,0,1
pacs.004.001.15,/Document/PmtRtr/TxInf/RtrChain/CdtrAgt/BrnchId/PstlAdr/SubDept,SubDept,Max70Text,0,1
pacs.004.001.15,/Document/PmtRtr/TxInf/RtrChain/CdtrAgt/BrnchId/PstlAdr/StrtNm,StrtNm,Max140Text,0,1
pacs.004.001.15,/Document/PmtRtr/TxInf/RtrChain/CdtrAgt/BrnchId/PstlAdr/BldgNb,BldgNb,Max16Text,0,1
pacs.004.001.15,/Document/PmtRtr/TxInf/RtrChain/CdtrAgt/BrnchId/PstlAdr/BldgNm,BldgNm,Max140Text,0,1
pacs.004.001.15,/Document/PmtRtr/TxInf/RtrChain/CdtrAgt/BrnchId/PstlAdr/Flr,Flr,Max70Text,0,1
pacs.004.001.15,/Document/PmtRtr/TxInf/RtrChain/CdtrAgt/BrnchId/PstlAdr/UnitNb,UnitNb,Max16Text,0,1
pacs.004.001.15,/Document/PmtRtr/TxInf/RtrChain/CdtrAgt/BrnchId/PstlAdr/PstBx,PstBx,Max16Text,0,1
pacs.004.001.15,/Document/PmtRtr/TxInf/RtrChain/CdtrAgt/BrnchId/PstlAdr/Room,Room,Max70Text,0,1
pacs.004.001.15,/Document/PmtRtr/TxInf/RtrChain/CdtrAgt/BrnchId/PstlAdr/PstCd,PstCd,Max16Text,0,1
pacs.004.001.15,/Document/PmtRtr/TxInf/RtrChain/CdtrAgt/BrnchId/PstlAdr/TwnNm,TwnNm,Max140Text,0,1
pacs.004.001.15,/Document/PmtRtr/TxInf/RtrChain/CdtrAgt/BrnchId/PstlAdr/TwnLctnNm,TwnLctnNm,Max140Text,0,1
pacs.004.001.15,/Document/PmtRtr/TxInf/RtrChain/CdtrAgt/BrnchId/PstlAdr/DstrctNm,DstrctNm,Max140Text,0,1
pacs.004.001.15,/Document/PmtRtr/TxInf/RtrChain/CdtrAgt/BrnchId/PstlAdr/CtrySubDvsn,CtrySubDvsn,Max35Text,0,1
pacs.004.001.15,/Document/PmtRtr/TxInf/RtrChain/CdtrAgt/BrnchId/PstlAdr/Ctry,Ctry,CountryCode,0,1
pacs.004.001.15,/Document/PmtRtr/TxInf/RtrChain/CdtrAgt/BrnchId/PstlAdr/AdrLine,AdrLine,Max70Text,0,7
pacs.004.001.15,/Document/PmtRtr/TxInf/RtrChain/CdtrAgtAcct,CdtrAgtAcct,CashAccount40,0,1
pacs.004.001.15,/Document/PmtRtr/TxInf/RtrChain/CdtrAgtAcct/Id,Id,AccountIdentification4Choice,0,1
pacs.004.001.15,/Document/PmtRtr/TxInf/RtrChain/CdtrAgtAcct/Id/IBAN,IBAN,IBAN2007Identifier,1,1
pacs.004.001.15,/Document/PmtRtr/TxInf/RtrChain/CdtrAgtAcct/Id/Othr,Othr,GenericAccountIdentification1,1,1
pacs.004.001.15,/Document/PmtRtr/TxInf/RtrChain/CdtrAgtAcct/Id/Othr/Id,Id,Max34Text,1,1
pacs.004.001.15,/Document/PmtRtr/TxInf/RtrChain/CdtrAgtAcct/Id/Othr/SchmeNm,SchmeNm,AccountSchemeName1Choice,0,1
pacs.004.001.15,/Document/PmtRtr/TxInf/RtrChain/CdtrAgtAcct/Id/Othr/SchmeNm/Cd,Cd,ExternalAccountIdentification1Code,1,1
pacs.004.001.15,/Document/PmtRtr/TxInf/RtrChain/CdtrAgtAcct/Id/Othr/SchmeNm/Prtry,Prtry,Max35Text,1,1
pacs.004.001.15,/Document/PmtRtr/TxInf/RtrChain/CdtrAgtAcct/Id/Othr/Issr,Issr,Max35Text,0,1
pacs.004.001.15,/Document/PmtRtr/TxInf/RtrChain/CdtrAgtAcct/Tp,Tp,CashAccountType2Choice,0,1
pacs.004.001.15,/Document/PmtRtr/TxInf/RtrChain/CdtrAgtAcct/Tp/Cd,Cd,ExternalCashAccountType1Code,1,1
pacs.004.001.15,/Document/PmtRtr/TxInf/RtrChain/CdtrAgtAcct/Tp/Prtry,Prtry,Max35Text,1,1
pacs.004.001.15,/Document/PmtRtr/TxInf/RtrChain/CdtrAgtAcct/Ccy,Ccy,ActiveOrHistoricCurrencyCode,0,1
pacs.004.001.15,/Document/PmtRtr/TxInf/RtrChain/CdtrAgtAcct/Nm,Nm,Max70Text,0,1
pacs.004.001.15,/Document/PmtRtr/TxInf/RtrChain/CdtrAgtAcct/Prxy,Prxy,ProxyAccountIdentification1,0,1
pacs.004.001.15,/Document/PmtRtr/TxInf/RtrChain/CdtrAgtAcct/Prxy/Tp,Tp,ProxyAccountType1Choice,0,1
pacs.004.001.15,/Document/PmtRtr/TxInf/RtrChain/CdtrAgtAcct/Prxy/Tp/Cd,Cd,ExternalProxyAccountType1Code,1,1
pacs.004.001.15,/Document/PmtRtr/TxInf/RtrChain/CdtrAgtAcct/Prxy/Tp/Prtry,Prtry,Max35Text,1,1
pacs.004.001.15,/Document/PmtRtr/TxInf/RtrChain/CdtrAgtAcct/Prxy/Id,Id,Max2048Text,1,1
pacs.004.001.15,/Document/PmtRtr/TxInf/RtrChain/Cdtr,Cdtr,Party50Choice,1,1
pacs.004.001.15,/Document/PmtRtr/TxInf/RtrChain/Cdtr/Pty,Pty,PartyIdentification272,1,1
pacs.004.001.15,/Document/PmtRtr/TxInf/RtrChain/Cdtr/Pty/Nm,Nm,Max140Text,0,1
pacs.004.001.15,/Document/PmtRtr/TxInf/RtrChain/Cdtr/Pty/PstlAdr,PstlAdr,PostalAddress27,0,1
pacs.004.001.15,/Document/PmtRtr/TxInf/RtrChain/Cdtr/Pty/PstlAdr/AdrTp,AdrTp,AddressType3Choice,0,1
pacs.004.001.15,/Document/PmtRtr/TxInf/RtrChain/Cdtr/Pty/PstlAdr/AdrTp/Cd,Cd,AddressType2Code,1,1
pacs.004.001.15,/Document/PmtRtr/TxInf/RtrChain/Cdtr/Pty/PstlAdr/AdrTp/Prtry,Prtry,GenericIdentification30,1,1
pacs.004.001.15,/Document/PmtRtr/TxInf/RtrChain/Cdtr/Pty/PstlAdr/AdrTp/Prtry/Id,Id,Exact4AlphaNumericText,1,1
pacs.004.001.15,/Document/PmtRtr/TxInf/RtrChain/Cdtr/Pty/PstlAdr/AdrTp/Prtry/Issr,Issr,Max35Text,1,1
pacs.004.001.15,/Document/PmtRtr/TxInf/RtrChain/Cdtr/Pty/PstlAdr/AdrTp/Prtry/SchmeNm,SchmeNm,Max35Text,0,1
pacs.004.001.15,/Document/PmtRtr/TxInf/RtrChain/Cdtr/Pty/PstlAdr/CareOf,CareOf,Max140Text,0,1
pacs.004.001.15,/Document/PmtRtr/TxInf/RtrChain/Cdtr/Pty/PstlAdr/Dept,Dept,Max70Text,0,1
pacs.004.001.15,/Document/PmtRtr/TxInf/RtrChain/Cdtr/Pty/PstlAdr/SubDept,SubDept,Max70Text,0,1
pacs.004.001.15,/Document/PmtRtr/TxInf/RtrChain/Cdtr/Pty/PstlAdr/StrtNm,StrtNm,Max140Text,0,1
pacs.004.001.15,/Document/PmtRtr/TxInf/RtrChain/Cdtr/Pty/PstlAdr/BldgNb,BldgNb,Max16Text,0,1
pacs.004.001.15,/Document/PmtRtr/TxInf/RtrChain/Cdtr/Pty/PstlAdr/BldgNm,BldgNm,Max140Text,0,1
pacs.004.001.15,/Document/PmtRtr/TxInf/RtrChain/Cdtr/Pty/PstlAdr/Flr,Flr,Max70Text,0,1
pacs.004.001.15,/Document/PmtRtr/TxInf/RtrChain/Cdtr/Pty/PstlAdr/UnitNb,UnitNb,Max16Text,0,1
pacs.004.001.15,/Document/PmtRtr/TxInf/RtrChain/Cdtr/Pty/PstlAdr/PstBx,PstBx,Max16Text,0,1
pacs.004.001.15,/Document/PmtRtr/TxInf/RtrChain/Cdtr/Pty/PstlAdr/Room,Room,Max70Text,0,1
pacs.004.001.15,/Document/PmtRtr/TxInf/RtrChain/Cdtr/Pty/PstlAdr/PstCd,PstCd,Max16Text,0,1
pacs.004.001.15,/Document/PmtRtr/TxInf/RtrChain/Cdtr/Pty/PstlAdr/TwnNm,TwnNm,Max140Text,0,1
pacs.004.001.15,/Document/PmtRtr/TxInf/RtrChain/Cdtr/Pty/PstlAdr/TwnLctnNm,TwnLctnNm,Max140Text,0,1
pacs.004.001.15,/Document/PmtRtr/TxInf/RtrChain/Cdtr/Pty/PstlAdr/DstrctNm,DstrctNm,Max140Text,0,1
pacs.004.001.15,/Document/PmtRtr/TxInf/RtrChain/Cdtr/Pty/PstlAdr/CtrySubDvsn,CtrySubDvsn,Max35Text,0,1
pacs.004.001.15,/Document/PmtRtr/TxInf/RtrChain/Cdtr/Pty/PstlAdr/Ctry,Ctry,CountryCode,0,1
pacs.004.001.15,/Document/PmtRtr/TxInf/RtrChain/Cdtr/Pty/PstlAdr/AdrLine,AdrLine,Max70Text,0,7
pacs.004.001.15,/Document/PmtRtr/TxInf/RtrChain/Cdtr/Pty/Id,Id,Party52Choice,0,1
pacs.004.001.15,/Document/PmtRtr/TxInf/RtrChain/Cdtr/Pty/Id/OrgId,OrgId,OrganisationIdentification39,1,1
pacs.004.001.15,/Document/PmtRtr/TxInf/RtrChain/Cdtr/Pty/Id/OrgId/AnyBIC,AnyBIC,AnyBICDec2014Identifier,0,1
pacs.004.001.15,/Document/PmtRtr/TxInf/RtrChain/Cdtr/Pty/Id/OrgId/LEI,LEI,LEIIdentifier,0,1
pacs.004.001.15,/Document/PmtRtr/TxInf/RtrChain/Cdtr/Pty/Id/OrgId/Othr,Othr,GenericOrganisationIdentification3,0,
pacs.004.001.15,/Document/PmtRtr/TxInf/RtrChain/Cdtr/Pty/Id/OrgId/Othr/Id,Id,Max256Text,1,1
pacs.004.001.15,/Document/PmtRtr/TxInf/RtrChain/Cdtr/Pty/Id/OrgId/Othr/SchmeNm,SchmeNm,OrganisationIdentificationSchemeName1Choice,0,1
pacs.004.001.15,/Document/PmtRtr/TxInf/RtrChain/Cdtr/Pty/Id/OrgId/Othr/SchmeNm/Cd,Cd,ExternalOrganisationIdentification1Code,1,1
pacs.004.001.15,/Document/PmtRtr/TxInf/RtrChain/Cdtr/Pty/Id/OrgId/Othr/SchmeNm/Prtry,Prtry,Max35Text,1,1
pacs.004.001.15,/Document/PmtRtr/TxInf/RtrChain/Cdtr/Pty/Id/OrgId/Othr/Issr,Issr,Max35Text,0,1
pacs.004.001.15,/Document/PmtRtr/TxInf/RtrChain/Cdtr/Pty/Id/PrvtId,PrvtId,PersonIdentification18,1,1
pacs.004.001.15,/Document/PmtRtr/TxInf/RtrChain/Cdtr/Pty/Id/PrvtId/DtAndPlcOfBirth,DtAndPlcOfBirth,DateAndPlaceOfBirth1,0,1
pacs.004.001.15,/Document/PmtRtr/TxInf/RtrChain/Cdtr/Pty/Id/PrvtId/DtAndPlcOfBirth/BirthDt,BirthDt,ISODate,1,1
pacs.004.001.15,/Document/PmtRtr/TxInf/RtrChain/Cdtr/Pty/Id/PrvtId/DtAndPlcOfBirth/PrvcOfBirth,PrvcOfBirth,Max35Text,0,1
pacs.004.001.15,/Document/PmtRtr/TxInf/RtrChain/Cdtr/Pty/Id/PrvtId/DtAndPlcOfBirth/CityOfBirth,CityOfBirth,Max35Text,1,1
pacs.004.001.15,/Document/PmtRtr/TxInf/RtrChain/Cdtr/Pty/Id/PrvtId/DtAndPlcOfBirth/CtryOfBirth,CtryOfBirth,CountryCode,1,1
pacs.004.001.15,/Document/PmtRtr/TxInf/RtrChain/Cdtr/Pty/Id/PrvtId/Othr,Othr,GenericPersonIdentification2,0,
pacs.004.001.15,/Document/PmtRtr/TxInf/RtrChain/Cdtr/Pty/Id/PrvtId/Othr/Id,Id,Max256Text,1,1
pacs.004.001.15,/Document/PmtRtr/TxInf/RtrChain/Cdtr/Pty/Id/PrvtId/Othr/SchmeNm,SchmeNm,PersonIdentificationSchemeName1Choice,0,1
pacs.004.001.15,/Document/PmtRtr/TxInf/RtrChain/Cdtr/Pty/Id/PrvtId/Othr/SchmeNm/Cd,Cd,ExternalPersonIdentification1Code,1,1
pacs.004.001.15,/Document/PmtRtr/TxInf/RtrChain/Cdtr/Pty/Id/PrvtId/Othr/SchmeNm/Prtry,Prtry,Max35Text,1,1
pacs.004.001.15,/Document/PmtRtr/TxInf/RtrChain/Cdtr/Pty/Id/PrvtId/Othr/Issr,Issr,Max35Text,0,1
pacs.004.001.15,/Document/PmtRtr/TxInf/RtrChain/Cdtr/Pty/CtryOfRes,CtryOfRes,CountryCode,0,1
pacs.004.001.15,/Document/PmtRtr/TxInf/RtrChain/Cdtr/Pty/CtctDtls,CtctDtls,Contact13,0,1
pacs.004.001.15,/Document/PmtRtr/TxInf/RtrChain/Cdtr/Pty/CtctDtls/NmPrfx,NmPrfx,NamePrefix2Code,0,1
pacs.004.001.15,/Document/PmtRtr/TxInf/RtrChain/Cdtr/Pty/CtctDtls/Nm,Nm,Max140Text,0,1
pacs.004.001.15,/Document/PmtRtr/TxInf/RtrChain/Cdtr/Pty/CtctDtls/PhneNb,PhneNb,PhoneNumber,0,1
pacs.004.001.15,/Document/PmtRtr/TxInf/RtrChain/Cdtr/Pty/CtctDtls/MobNb,MobNb,PhoneNumber,0,1
pacs.004.001.15,/Document/PmtRtr/TxInf/RtrChain/Cdtr/Pty/CtctDtls/FaxNb,FaxNb,PhoneNumber,0,1
pacs.004.001.15,/Document/PmtRtr/TxInf/RtrChain/Cdtr/Pty/CtctDtls/URLAdr,URLAdr,Max2048Text,0,1
pacs.004.001.15,/Document/PmtRtr/TxInf/RtrChain/Cdtr/Pty/CtctDtls/EmailAdr,EmailAdr,Max256Text,0,1
pacs.004.001.15,/Document/PmtRtr/TxInf/RtrChain/Cdtr/Pty/CtctDtls/EmailPurp,EmailPurp,Max35Text,0,1
pacs.004.001.15,/Document/PmtRtr/TxInf/RtrChain/Cdtr/Pty/CtctDtls/JobTitl,JobTitl,Max35Text,0,1
pacs.004.001.15,/Document/PmtRtr/TxInf/RtrChain/Cdtr/Pty/CtctDtls/Rspnsblty,Rspnsblty,Max35Text,0,1
pacs.004.001.15,/Document/PmtRtr/TxInf/RtrChain/Cdtr/Pty/CtctDtls/Dept,Dept,Max70Text,0,1
pacs.004.001.15,/Document/PmtRtr/TxInf/RtrChain/Cdtr/Pty/CtctDtls/Othr,Othr,OtherContact1,0,
pacs.004.001.15,/Document/PmtRtr/TxInf/RtrChain/Cdtr/Pty/CtctDtls/Othr/ChanlTp,ChanlTp,Max4Text,1,1
pacs.004.001.15,/Document/PmtRtr/TxInf/RtrChain/Cdtr/Pty/CtctDtls/Othr/Id,Id,Max128Text,0,1
pacs.004.001.15,/Document/PmtRtr/TxInf/RtrChain/Cdtr/Pty/CtctDtls/PrefrdMtd,PrefrdMtd,PreferredContactMethod2Code,0,1
pacs.004.001.15,/Document/PmtRtr/TxInf/RtrChain/Cdtr/Agt,Agt,BranchAndFinancialInstitutionIdentification8,1,1
pacs.004.001.15,/Document/PmtRtr/TxInf/RtrChain/Cdtr/Agt/FinInstnId,FinInstnId,FinancialInstitutionIdentification23,1,1
pacs.004.001.15,/Document/PmtRtr/TxInf/RtrChain/Cdtr/Agt/FinInstnId/BICFI,BICFI,BICFIDec2014Identifier,0,1
pacs.004.001.15,/Document/PmtRtr/TxInf/RtrChain/Cdtr/Agt/FinInstnId/ClrSysMmbId,ClrSysMmbId,ClearingSystemMemberIdentification2,0,1
pacs.004.001.15,/Document/PmtRtr/TxInf/RtrChain/Cdtr/Agt/FinInstnId/ClrSysMmbId/ClrSysId,ClrSysId,ClearingSystemIdentification2Choice,0,1
pacs.004.001.15,/Document/PmtRtr/TxInf/RtrChain/Cdtr/Agt/FinInstnId/ClrSysMmbId/ClrSysId/Cd,Cd,ExternalClearingSystemIdentification1Code,1,1
pacs.004.001.15,/Document/PmtRtr/TxInf/RtrChain/Cdtr/Agt/FinInstnId/ClrSysMmbId/ClrSysId/Prtry,Prtry,Max35Text,1,1
pacs.004.001.15,/Document/PmtRtr/TxInf/RtrChain/Cdtr/Agt/FinInstnId/ClrSysMmbId/MmbId,MmbId,Max35Text,1,1
pacs.004.001.15,/Document/PmtRtr/TxInf/RtrChain/Cdtr/Agt/FinInstnId/LEI,LEI,LEIIdentifier,0,1
pacs.004.001.15,/Document/PmtRtr/TxInf/RtrChain/Cdtr/Agt/FinInstnId/Nm,Nm,Max140Text,0,1
pacs.004.001.15,/Document/PmtRtr/TxInf/RtrChain/Cdtr/Agt/FinInstnId/PstlAdr,PstlAdr,PostalAddress27,0,1
pacs.004.001.15,/Document/PmtRtr/TxInf/RtrChain/Cdtr/Agt/FinInstnId/PstlAdr/AdrTp,AdrTp,AddressType3Choice,0,1
pacs.004.001.15,/Document/PmtRtr/TxInf/RtrChain/Cdtr/Agt/FinInstnId/PstlAdr/AdrTp/Cd,Cd,AddressType2Code,1,1
pacs.004.001.15,/Document/PmtRtr/TxInf/RtrChain/Cdtr/Agt/FinInstnId/PstlAdr/AdrTp/Prtry,Prtry,GenericIdentification30,1,1
pacs.004.001.15,/Document/PmtRtr/TxInf/RtrChain/Cdtr/Agt/FinInstnId/PstlAdr/AdrTp/Prtry/Id,Id,Exact4AlphaNumericText,1,1
pacs.004.001.15,/Document/PmtRtr/TxInf/RtrChain/Cdtr/Agt/FinInstnId/PstlAdr/AdrTp/Prtry/Issr,Issr,Max35Text,1,1
pacs.004.001.15,/Document/PmtRtr/TxInf/RtrChain/Cdtr/Agt/FinInstnId/PstlAdr/AdrTp/Prtry/SchmeNm,SchmeNm,Max35Text,0,1
pacs.004.001.15,/Document/PmtRtr/TxInf/RtrChain/Cdtr/Agt/FinInstnId/PstlAdr/CareOf,CareOf,Max140Text,0,1
pacs.004.001.15,/Document/PmtRtr/TxInf/RtrChain/Cdtr/Agt/FinInstnId/PstlAdr/Dept,Dept,Max70Text,0,1
pacs.004.001.15,/Document/PmtRtr/TxInf/RtrChain/Cdtr/Agt/FinInstnId/PstlAdr/SubDept,SubDept,Max70Text,0,1
pacs.004.001.15,/Document/PmtRtr/TxInf/RtrChain/Cdtr/Agt/FinInstnId/PstlAdr/StrtNm,StrtNm,Max140Text,0,1
pacs.004.001.15,/Document/PmtRtr/TxInf/RtrChain/Cdtr/Agt/FinInstnId/PstlAdr/BldgNb,BldgNb,Max16Text,0,1
pacs.004.001.15,/Document/PmtRtr/TxInf/RtrChain/Cdtr/Agt/FinInstnId/PstlAdr/BldgNm,BldgNm,Max140Text,0,1
pacs.004.001.15,/Document/PmtRtr/TxInf/RtrChain/Cdtr/Agt/FinInstnId/PstlAdr/Flr,Flr,Max70Text,0,1
pacs.004.001.15,/Document/PmtRtr/TxInf/RtrChain/Cdtr/Agt/FinInstnId/PstlAdr/UnitNb,UnitNb,Max16Text,0,1
pacs.004.001.15,/Document/PmtRtr/TxInf/RtrChain/Cdtr/Agt/FinInstnId/PstlAdr/PstBx,PstBx,Max16Text,0,1
pacs.004.001.15,/Document/PmtRtr/TxInf/RtrChain/Cdtr/Agt/FinInstnId/PstlAdr/Room,Room,Max70Text,0,1
pacs.004.001.15,/Document/PmtRtr/TxInf/RtrChain/Cdtr/Agt/FinInstnId/PstlAdr/PstCd,PstCd,Max16Text,0,1
pacs.004.001.15,/Document/PmtRtr/TxInf/RtrChain/Cdtr/Agt/FinInstnId/PstlAdr/TwnNm,TwnNm,Max140Text,0,1
pacs.004.001.15,/Document/PmtRtr/TxInf/RtrChain/Cdtr/Agt/FinInstnId/PstlAdr/TwnLctnNm,TwnLctnNm,Max140Text,0,1
pacs.004.001.15,/Document/PmtRtr/TxInf/RtrChain/Cdtr/Agt/FinInstnId/PstlAdr/DstrctNm,DstrctNm,Max140Text,0,1
pacs.004.001.15,/Document/PmtRtr/TxInf/RtrChain/Cdtr/Agt/FinInstnId/PstlAdr/CtrySubDvsn,CtrySubDvsn,Max35Text,0,1
pacs.004.001.15,/Document/PmtRtr/TxInf/RtrChain/Cdtr/Agt/FinInstnId/PstlAdr/Ctry,Ctry,CountryCode,0,1
pacs.004.001.15,/Document/PmtRtr/TxInf/RtrChain/Cdtr/Agt/FinInstnId/PstlAdr/AdrLine,AdrLine,Max70Text,0,7
pacs.004.001.15,/Document/PmtRtr/TxInf/RtrChain/Cdtr/Agt/FinInstnId/Othr,Othr,GenericFinancialIdentification1,0,1
pacs.004.001.15,/Document/PmtRtr/TxInf/RtrChain/Cdtr/Agt/FinInstnId/Othr/Id,Id,Max35Text,1,1
pacs.004.001.15,/Document/PmtRtr/TxInf/RtrChain/Cdtr/Agt/FinInstnId/Othr/SchmeNm,SchmeNm,FinancialIdentificationSchemeName1Choice,0,1
pacs.004.001.15,/Document/PmtRtr/TxInf/RtrChain/Cdtr/Agt/FinInstnId/Othr/SchmeNm/Cd,Cd,ExternalFinancialInstitutionIdentification1Code,1,1
pacs.004.001.15,/Document/PmtRtr/TxInf/RtrChain/Cdtr/Agt/FinInstnId/Othr/SchmeNm/Prtry,Prtry,Max35Text,1,1
pacs.004.001.15,/Document/PmtRtr/TxInf/RtrChain/Cdtr/Agt/FinInstnId/Othr/Issr,Issr,Max35Text,0,1
pacs.004.001.15,/Document/PmtRtr/TxInf/RtrChain/Cdtr/Agt/BrnchId,BrnchId,BranchData5,0,1
pacs.004.001.15,/Document/PmtRtr/TxInf/RtrChain/Cdtr/Agt/BrnchId/Id,Id,Max35Text,0,1
pacs.004.001.15,/Document/PmtRtr/TxInf/RtrChain/Cdtr/Agt/BrnchId/LEI,LEI,LEIIdentifier,0,1
pacs.004.001.15,/Document/PmtRtr/TxInf/RtrChain/Cdtr/Agt/BrnchId/Nm,Nm,Max140Text,0,1
pacs.004.001.15,/Document/PmtRtr/TxInf/RtrChain/Cdtr/Agt/BrnchId/PstlAdr,PstlAdr,PostalAddress27,0,1
pacs.004.001.15,/Document/PmtRtr/TxInf/RtrChain/Cdtr/Agt/BrnchId/PstlAdr/AdrTp,AdrTp,AddressType3Choice,0,1
pacs.004.001.15,/Document/PmtRtr/TxInf/RtrChain/Cdtr/Agt/BrnchId/PstlAdr/AdrTp/Cd,Cd,AddressType2Code,1,1
pacs.004.001.15,/Document/PmtRtr/TxInf/RtrChain/Cdtr/Agt/BrnchId/PstlAdr/AdrTp/Prtry,Prtry,GenericIdentification30,1,1
pacs.004.001.15,/Document/PmtRtr/TxInf/RtrChain/Cdtr/Agt/BrnchId/PstlAdr/AdrTp/Prtry/Id,Id,Exact4AlphaNumericText,1,1
pacs.004.001.15,/Document/PmtRtr/TxInf/RtrChain/Cdtr/Agt/BrnchId/PstlAdr/AdrTp/Prtry/Issr,Issr,Max35Text,1,1
pacs.004.001.15,/Document/PmtRtr/TxInf/RtrChain/Cdtr/Agt/BrnchId/PstlAdr/AdrTp/Prtry/SchmeNm,SchmeNm,Max35Text,0,1
pacs.004.001.15,/Document/PmtRtr/TxInf/RtrChain/Cdtr/Agt/BrnchId/PstlAdr/CareOf,CareOf,Max140Text,0,1
pacs.004.001.15,/Document/PmtRtr/TxInf/RtrChain/Cdtr/Agt/BrnchId/PstlAdr/Dept,Dept,Max70Text,0,1
pacs.004.001.15,/Document/PmtRtr/TxInf/RtrChain/Cdtr/Agt/BrnchId/PstlAdr/SubDept,SubDept,Max70Text,0,1
pacs.004.001.15,/Document/PmtRtr/TxInf/RtrChain/Cdtr/Agt/BrnchId/PstlAdr/StrtNm,StrtNm,Max140Text,0,1
pacs.004.001.15,/Document/PmtRtr/TxInf/RtrChain/Cdtr/Agt/BrnchId/PstlAdr/BldgNb,BldgNb,Max16Text,0,1
pacs.004.001.15,/Document/PmtRtr/TxInf/RtrChain/Cdtr/Agt/BrnchId/PstlAdr/BldgNm,BldgNm,Max140Text,0,1
pacs.004.001.15,/Document/PmtRtr/TxInf/RtrChain/Cdtr/Agt/BrnchId/PstlAdr/Flr,Flr,Max70Text,0,1
pacs.004.001.15,/Document/PmtRtr/TxInf/RtrChain/Cdtr/Agt/BrnchId/PstlAdr/UnitNb,UnitNb,Max16Text,0,1
pacs.004.001.15,/Document/PmtRtr/TxInf/RtrChain/Cdtr/Agt/BrnchId/PstlAdr/PstBx,PstBx,Max16Text,0,1
pacs.004.001.15,/Document/PmtRtr/TxInf/RtrChain/Cdtr/Agt/BrnchId/PstlAdr/Room,Room,Max70Text,0,1
pacs.004.001.15,/Document/PmtRtr/TxInf/RtrChain/Cdtr/Agt/BrnchId/PstlAdr/PstCd,PstCd,Max16Text,0,1
pacs.004.001.15,/Document/PmtRtr/TxInf/RtrChain/Cdtr/Agt/BrnchId/PstlAdr/TwnNm,TwnNm,Max140Text,0,1
pacs.004.001.15,/Document/PmtRtr/TxInf/RtrChain/Cdtr/Agt/BrnchId/PstlAdr/TwnLctnNm,TwnLctnNm,Max140Text,0,1
pacs.004.001.15,/Document/PmtRtr/TxInf/RtrChain/Cdtr/Agt/BrnchId/PstlAdr/DstrctNm,DstrctNm,Max140Text,0,1
pacs.004.001.15,/Document/PmtRtr/TxInf/RtrChain/Cdtr/Agt/BrnchId/PstlAdr/CtrySubDvsn,CtrySubDvsn,Max35Text,0,1
pacs.004.001.15,/Document/PmtRtr/TxInf/RtrChain/Cdtr/Agt/BrnchId/PstlAdr/Ctry,Ctry,CountryCode,0,1
pacs.004.001.15,/Document/PmtRtr/TxInf/RtrChain/Cdtr/Agt/BrnchId/PstlAdr/AdrLine,AdrLine,Max70Text,0,7
pacs.004.001.15,/Document/PmtRtr/TxInf/RtrChain/CdtrAcct,CdtrAcct,CashAccount40,0,1
pacs.004.001.15,/Document/PmtRtr/TxInf/RtrChain/CdtrAcct/Id,Id,AccountIdentification4Choice,0,1
pacs.004.001.15,/Document/PmtRtr/TxInf/RtrChain/CdtrAcct/Id/IBAN,IBAN,IBAN2007Identifier,1,1
pacs.004.001.15,/Document/PmtRtr/TxInf/RtrChain/CdtrAcct/Id/Othr,Othr,GenericAccountIdentification1,1,1
pacs.004.001.15,/Document/PmtRtr/TxInf/RtrChain/CdtrAcct/Id/Othr/Id,Id,Max34Text,1,1
pacs.004.001.15,/Document/PmtRtr/TxInf/RtrChain/CdtrAcct/Id/Othr/SchmeNm,SchmeNm,AccountSchemeName1Choice,0,1
pacs.004.001.15,/Document/PmtRtr/TxInf/RtrChain/CdtrAcct/Id/Othr/SchmeNm/Cd,Cd,ExternalAccountIdentification1Code,1,1
pacs.004.001.15,/Document/PmtRtr/TxInf/RtrChain/CdtrAcct/Id/Othr/SchmeNm/Prtry,Prtry,Max35Text,1,1
pacs.004.001.15,/Document/PmtRtr/TxInf/RtrChain/CdtrAcct/Id/Othr/Issr,Issr,Max35Text,0,1
pacs.004.001.15,/Document/PmtRtr/TxInf/RtrChain/CdtrAcct/Tp,Tp,CashAccountType2Choice,0,1
pacs.004.001.15,/Document/PmtRtr/TxInf/RtrChain/CdtrAcct/Tp/Cd,Cd,ExternalCashAccountType1Code,1,1
pacs.004.001.15,/Document/PmtRtr/TxInf/RtrChain/CdtrAcct/Tp/Prtry,Prtry,Max35Text,1,1
pacs.004.001.15,/Document/PmtRtr/TxInf/RtrChain/CdtrAcct/Ccy,Ccy,ActiveOrHistoricCurrencyCode,0,1
pacs.004.001.15,/Document/PmtRtr/TxInf/RtrChain/CdtrAcct/Nm,Nm,Max70Text,0,1
pacs.004.001.15,/Document/PmtRtr/TxInf/RtrChain/CdtrAcct/Prxy,Prxy,ProxyAccountIdentification1,0,1
pacs.004.001.15,/Document/PmtRtr/TxInf/RtrChain/CdtrAcct/Prxy/Tp,Tp,ProxyAccountType1Choice,0,1
pacs.004.001.15,/Document/PmtRtr/TxInf/RtrChain/CdtrAcct/Prxy/Tp/Cd,Cd,ExternalProxyAccountType1Code,1,1
pacs.004.001.15,/Document/PmtRtr/TxInf/RtrChain/CdtrAcct/Prxy/Tp/Prtry,Prtry,Max35Text,1,1
pacs.004.001.15,/Document/PmtRtr/TxInf/RtrChain/CdtrAcct/Prxy/Id,Id,Max2048Text,1,1
pacs.004.001.15,/Document/PmtRtr/TxInf/RtrChain/UltmtCdtr,UltmtCdtr,Party50Choice,0,1
pacs.004.001.15,/Document/PmtRtr/TxInf/RtrChain/UltmtCdtr/Pty,Pty,PartyIdentification272,1,1
pacs.004.001.15,/Document/PmtRtr/TxInf/RtrChain/UltmtCdtr/Pty/Nm,Nm,Max140Text,0,1
pacs.004.001.15,/Document/PmtRtr/TxInf/RtrChain/UltmtCdtr/Pty/PstlAdr,PstlAdr,PostalAddress27,0,1
pacs.004.001.15,/Document/PmtRtr/TxInf/RtrChain/UltmtCdtr/Pty/PstlAdr/AdrTp,AdrTp,AddressType3Choice,0,1
pacs.004.001.15,/Document/PmtRtr/TxInf/RtrChain/UltmtCdtr/Pty/PstlAdr/AdrTp/Cd,Cd,AddressType2Code,1,1
pacs.004.001.15,/Document/PmtRtr/TxInf/RtrChain/UltmtCdtr/Pty/PstlAdr/AdrTp/Prtry,Prtry,GenericIdentification30,1,1
pacs.004.001.15,/Document/PmtRtr/TxInf/RtrChain/UltmtCdtr/Pty/PstlAdr/AdrTp/Prtry/Id,Id,Exact4AlphaNumericText,1,1
pacs.004.001.15,/Document/PmtRtr/TxInf/RtrChain/UltmtCdtr/Pty/PstlAdr/AdrTp/Prtry/Issr,Issr,Max35Text,1,1
pacs.004.001.15,/Document/PmtRtr/TxInf/RtrChain/UltmtCdtr/Pty/PstlAdr/AdrTp/Prtry/SchmeNm,SchmeNm,Max35Text,0,1
pacs.004.001.15,/Document/PmtRtr/TxInf/RtrChain/UltmtCdtr/Pty/PstlAdr/CareOf,CareOf,Max140Text,0,1
pacs.004.001.15,/Document/PmtRtr/TxInf/RtrChain/UltmtCdtr/Pty/PstlAdr/Dept,Dept,Max70Text,0,1
pacs.004.001.15,/Document/PmtRtr/TxInf/RtrChain/UltmtCdtr/Pty/PstlAdr/SubDept,SubDept,Max70Text,0,1
pacs.004.001.15,/Document/PmtRtr/TxInf/RtrChain/UltmtCdtr/Pty/PstlAdr/StrtNm,StrtNm,Max140Text,0,1
pacs.004.001.15,/Document/PmtRtr/TxInf/RtrChain/UltmtCdtr/Pty/PstlAdr/BldgNb,BldgNb,Max16Text,0,1
pacs.004.001.15,/Document/PmtRtr/TxInf/RtrChain/UltmtCdtr/Pty/PstlAdr/BldgNm,BldgNm,Max140Text,0,1
pacs.004.001.15,/Document/PmtRtr/TxInf/RtrChain/UltmtCdtr/Pty/PstlAdr/Flr,Flr,Max70Text,0,1
pacs.004.001.15,/Document/PmtRtr/TxInf/RtrChain/UltmtCdtr/Pty/PstlAdr/UnitNb,UnitNb,Max16Text,0,1
pacs.004.001.15,/Document/PmtRtr/TxInf/RtrChain/UltmtCdtr/Pty/PstlAdr/PstBx,PstBx,Max16Text,0,1
pacs.004.001.15,/Document/PmtRtr/TxInf/RtrChain/UltmtCdtr/Pty/PstlAdr/Room,Room,Max70Text,0,1
pacs.004.001.15,/Document/PmtRtr/TxInf/RtrChain/UltmtCdtr/Pty/PstlAdr/PstCd,PstCd,Max16Text,0,1
pacs.004.001.15,/Document/PmtRtr/TxInf/RtrChain/UltmtCdtr/Pty/PstlAdr/TwnNm,TwnNm,Max140Text,0,1
pacs.004.001.15,/Document/PmtRtr/TxInf/RtrChain/UltmtCdtr/Pty/PstlAdr/TwnLctnNm,TwnLctnNm,Max140Text,0,1
pacs.004.001.15,/Document/PmtRtr/TxInf/RtrChain/UltmtCdtr/Pty/PstlAdr/DstrctNm,DstrctNm,Max140Text,0,1
pacs.004.001.15,/Document/PmtRtr/TxInf/RtrChain/UltmtCdtr/Pty/PstlAdr/CtrySubDvsn,CtrySubDvsn,Max35Text,0,1
pacs.004.001.15,/Document/PmtRtr/TxInf/RtrChain/UltmtCdtr/Pty/PstlAdr/Ctry,Ctry,CountryCode,0,1
pacs.004.001.15,/Document/PmtRtr/TxInf/RtrChain/UltmtCdtr/Pty/PstlAdr/AdrLine,AdrLine,Max70Text,0,7
pacs.004.001.15,/Document/PmtRtr/TxInf/RtrChain/UltmtCdtr/Pty/Id,Id,Party52Choice,0,1
pacs.004.001.15,/Document/PmtRtr/TxInf/RtrChain/UltmtCdtr/Pty/Id/OrgId,OrgId,OrganisationIdentification39,1,1
pacs.004.001.15,/Document/PmtRtr/TxInf/RtrChain/UltmtCdtr/Pty/Id/OrgId/AnyBIC,AnyBIC,AnyBICDec2014Identifier,0,1
pacs.004.001.15,/Document/PmtRtr/TxInf/RtrChain/UltmtCdtr/Pty/Id/OrgId/LEI,LEI,LEIIdentifier,0,1
pacs.004.001.15,/Document/PmtRtr/TxInf/RtrChain/UltmtCdtr/Pty/Id/OrgId/Othr,Othr,GenericOrganisationIdentification3,0,
pacs.004.001.15,/Document/PmtRtr/TxInf/RtrChain/UltmtCdtr/Pty/Id/OrgId/Othr/Id,Id,Max256Text,1,1
pacs.004.001.15,/Document/PmtRtr/TxInf/RtrChain/UltmtCdtr/Pty/Id/OrgId/Othr/SchmeNm,SchmeNm,OrganisationIdentificationSchemeName1Choice,0,1
pacs.004.001.15,/Document/PmtRtr/TxInf/RtrChain/UltmtCdtr/Pty/Id/OrgId/Othr/SchmeNm/Cd,Cd,ExternalOrganisationIdentification1Code,1,1
pacs.004.001.15,/Document/PmtRtr/TxInf/RtrChain/UltmtCdtr/Pty/Id/OrgId/Othr/SchmeNm/Prtry,Prtry,Max35Text,1,1
pacs.004.001.15,/Document/PmtRtr/TxInf/RtrChain/UltmtCdtr/Pty/Id/OrgId/Othr/Issr,Issr,Max35Text,0,1
pacs.004.001.15,/Document/PmtRtr/TxInf/RtrChain/UltmtCdtr/Pty/Id/PrvtId,PrvtId,PersonIdentification18,1,1
pacs.004.001.15,/Document/PmtRtr/TxInf/RtrChain/UltmtCdtr/Pty/Id/PrvtId/DtAndPlcOfBirth,DtAndPlcOfBirth,DateAndPlaceOfBirth1,0,1
pacs.004.001.15,/Document/PmtRtr/TxInf/RtrChain/UltmtCdtr/Pty/Id/PrvtId/DtAndPlcOfBirth/BirthDt,BirthDt,ISODate,1,1
pacs.004.001.15,/Document/PmtRtr/TxInf/RtrChain/UltmtCdtr/Pty/Id/PrvtId/DtAndPlcOfBirth/PrvcOfBirth,PrvcOfBirth,Max35Text,0,1
pacs.004.001.15,/Document/PmtRtr/TxInf/RtrChain/UltmtCdtr/Pty/Id/PrvtId/DtAndPlcOfBirth/CityOfBirth,CityOfBirth,Max35Text,1,1
pacs.004.001.15,/Document/PmtRtr/TxInf/RtrChain/UltmtCdtr/Pty/Id/PrvtId/DtAndPlcOfBirth/CtryOfBirth,CtryOfBirth,CountryCode,1,1
pacs.004.001.15,/Document/PmtRtr/TxInf/RtrChain/UltmtCdtr/Pty/Id/PrvtId/Othr,Othr,GenericPersonIdentification2,0,
pacs.004.001.15,/Document/PmtRtr/TxInf/RtrChain/UltmtCdtr/Pty/Id/PrvtId/Othr/Id,Id,Max256Text,1,1
pacs.004.001.15,/Document/PmtRtr/TxInf/RtrChain/UltmtCdtr/Pty/Id/PrvtId/Othr/SchmeNm,SchmeNm,PersonIdentificationSchemeName1Choice,0,1
pacs.004.001.15,/Document/PmtRtr/TxInf/RtrChain/UltmtCdtr/Pty/Id/PrvtId/Othr/SchmeNm/Cd,Cd,ExternalPersonIdentification1Code,1,1
pacs.004.001.15,/Document/PmtRtr/TxInf/RtrChain/UltmtCdtr/Pty/Id/PrvtId/Othr/SchmeNm/Prtry,Prtry,Max35Text,1,1
pacs.004.001.15,/Document/PmtRtr/TxInf/RtrChain/UltmtCdtr/Pty/Id/PrvtId/Othr/Issr,Issr,Max35Text,0,1
pacs.004.001.15,/Document/PmtRtr/TxInf/RtrChain/UltmtCdtr/Pty/CtryOfRes,CtryOfRes,CountryCode,0,1
pacs.004.001.15,/Document/PmtRtr/TxInf/RtrChain/UltmtCdtr/Pty/CtctDtls,CtctDtls,Contact13,0,1
pacs.004.001.15,/Document/PmtRtr/TxInf/RtrChain/UltmtCdtr/Pty/CtctDtls/NmPrfx,NmPrfx,NamePrefix2Code,0,1
pacs.004.001.15,/Document/PmtRtr/TxInf/RtrChain/UltmtCdtr/Pty/CtctDtls/Nm,Nm,Max140Text,0,1
pacs.004.001.15,/Document/PmtRtr/TxInf/RtrChain/UltmtCdtr/Pty/CtctDtls/PhneNb,PhneNb,PhoneNumber,0,1
pacs.004.001.15,/Document/PmtRtr/TxInf/RtrChain/UltmtCdtr/Pty/CtctDtls/MobNb,MobNb,PhoneNumber,0,1
pacs.004.001.15,/Document/PmtRtr/TxInf/RtrChain/UltmtCdtr/Pty/CtctDtls/FaxNb,FaxNb,PhoneNumber,0,1
pacs.004.001.15,/Document/PmtRtr/TxInf/RtrChain/UltmtCdtr/Pty/CtctDtls/URLAdr,URLAdr,Max2048Text,0,1
pacs.004.001.15,/Document/PmtRtr/TxInf/RtrChain/UltmtCdtr/Pty/CtctDtls/EmailAdr,EmailAdr,Max256Text,0,1
pacs.004.001.15,/Document/PmtRtr/TxInf/RtrChain/UltmtCdtr/Pty/CtctDtls/EmailPurp,EmailPurp,Max35Text,0,1
pacs.004.001.15,/Document/PmtRtr/TxInf/RtrChain/UltmtCdtr/Pty/CtctDtls/JobTitl,JobTitl,Max35Text,0,1
pacs.004.001.15,/Document/PmtRtr/TxInf/RtrChain/UltmtCdtr/Pty/CtctDtls/Rspnsblty,Rspnsblty,Max35Text,0,1
pacs.004.001.15,/Document/PmtRtr/TxInf/RtrChain/UltmtCdtr/Pty/CtctDtls/Dept,Dept,Max70Text,0,1
pacs.004.001.15,/Document/PmtRtr/TxInf/RtrChain/UltmtCdtr/Pty/CtctDtls/Othr,Othr,OtherContact1,0,
pacs.004.001.15,/Document/PmtRtr/TxInf/RtrChain/UltmtCdtr/Pty/CtctDtls/Othr/ChanlTp,ChanlTp,Max4Text,1,1
pacs.004.001.15,/Document/PmtRtr/TxInf/RtrChain/UltmtCdtr/Pty/CtctDtls/Othr/Id,Id,Max128Text,0,1
pacs.004.001.15,/Document/PmtRtr/TxInf/RtrChain/UltmtCdtr/Pty/CtctDtls/PrefrdMtd,PrefrdMtd,PreferredContactMethod2Code,0,1
pacs.004.001.15,/Document/PmtRtr/TxInf/RtrChain/UltmtCdtr/Agt,Agt,BranchAndFinancialInstitutionIdentification8,1,1
pacs.004.001.15,/Document/PmtRtr/TxInf/RtrChain/UltmtCdtr/Agt/FinInstnId,FinInstnId,FinancialInstitutionIdentification23,1,1
pacs.004.001.15,/Document/PmtRtr/TxInf/RtrChain/UltmtCdtr/Agt/FinInstnId/BICFI,BICFI,BICFIDec2014Identifier,0,1
pacs.004.001.15,/Document/PmtRtr/TxInf/RtrChain/UltmtCdtr/Agt/FinInstnId/ClrSysMmbId,ClrSysMmbId,ClearingSystemMemberIdentification2,0,1
pacs.004.001.15,/Document/PmtRtr/TxInf/RtrChain/UltmtCdtr/Agt/FinInstnId/ClrSysMmbId/ClrSysId,ClrSysId,ClearingSystemIdentification2Choice,0,1
pacs.004.001.15,/Document/PmtRtr/TxInf/RtrChain/UltmtCdtr/Agt/FinInstnId/ClrSysMmbId/ClrSysId/Cd,Cd,ExternalClearingSystemIdentification1Code,1,1
pacs.004.001.15,/Document/PmtRtr/TxInf/RtrChain/UltmtCdtr/Agt/FinInstnId/ClrSysMmbId/ClrSysId/Prtry,Prtry,Max35Text,1,1
pacs.004.001.15,/Document/PmtRtr/TxInf/RtrChain/UltmtCdtr/Agt/FinInstnId/ClrSysMmbId/MmbId,MmbId,Max35Text,1,1
pacs.004.001.15,/Document/PmtRtr/TxInf/RtrChain/UltmtCdtr/Agt/FinInstnId/LEI,LEI,LEIIdentifier,0,1
pacs.004.001.15,/Document/PmtRtr/TxInf/RtrChain/UltmtCdtr/Agt/FinInstnId/Nm,Nm,Max140Text,0,1
pacs.004.001.15,/Document/PmtRtr/TxInf/RtrChain/UltmtCdtr/Agt/FinInstnId/PstlAdr,PstlAdr,PostalAddress27,0,1
pacs.004.001.15,/Document/PmtRtr/TxInf/RtrChain/UltmtCdtr/Agt/FinInstnId/PstlAdr/AdrTp,AdrTp,AddressType3Choice,0,1
pacs.004.001.15,/Document/PmtRtr/TxInf/RtrChain/UltmtCdtr/Agt/FinInstnId/PstlAdr/AdrTp/Cd,Cd,AddressType2Code,1,1
pacs.004.001.15,/Document/PmtRtr/TxInf/RtrChain/UltmtCdtr/Agt/FinInstnId/PstlAdr/AdrTp/Prtry,Prtry,GenericIdentification30,1,1
pacs.004.001.15,/Document/PmtRtr/TxInf/RtrChain/UltmtCdtr/Agt/FinInstnId/PstlAdr/AdrTp/Prtry/Id,Id,Exact4AlphaNumericText,1,1
pacs.004.001.15,/Document/PmtRtr/TxInf/RtrChain/UltmtCdtr/Agt/FinInstnId/PstlAdr/AdrTp/Prtry/Issr,Issr,Max35Text,1,1
pacs.004.001.15,/Document/PmtRtr/TxInf/RtrChain/UltmtCdtr/Agt/FinInstnId/PstlAdr/AdrTp/Prtry/SchmeNm,SchmeNm,Max35Text,0,1
pacs.004.001.15,/Document/PmtRtr/TxInf/RtrChain/UltmtCdtr/Agt/FinInstnId/PstlAdr/CareOf,CareOf,Max140Text,0,1
pacs.004.001.15,/Document/PmtRtr/TxInf/RtrChain/UltmtCdtr/Agt/FinInstnId/PstlAdr/Dept,Dept,Max70Text,0,1
pacs.004.001.15,/Document/PmtRtr/TxInf/RtrChain/UltmtCdtr/Agt/FinInstnId/PstlAdr/SubDept,SubDept,Max70Text,0,1
pacs.004.001.15,/Document/PmtRtr/TxInf/RtrChain/UltmtCdtr/Agt/FinInstnId/PstlAdr/StrtNm,StrtNm,Max140Text,0,1
pacs.004.001.15,/Document/PmtRtr/TxInf/RtrChain/UltmtCdtr/Agt/FinInstnId/PstlAdr/BldgNb,BldgNb,Max16Text,0,1
pacs.004.001.15,/Document/PmtRtr/TxInf/RtrChain/UltmtCdtr/Agt/FinInstnId/PstlAdr/BldgNm,BldgNm,Max140Text,0,1
pacs.004.001.15,/Document/PmtRtr/TxInf/RtrChain/UltmtCdtr/Agt/FinInstnId/PstlAdr/Flr,Flr,Max70Text,0,1
pacs.004.001.15,/Document/PmtRtr/TxInf/RtrChain/UltmtCdtr/Agt/FinInstnId/PstlAdr/UnitNb,UnitNb,Max16Text,0,1
pacs.004.001.15,/Document/PmtRtr/TxInf/RtrChain/UltmtCdtr/Agt/FinInstnId/PstlAdr/PstBx,PstBx,Max16Text,0,1
pacs.004.001.15,/Document/PmtRtr/TxInf/RtrChain/UltmtCdtr/Agt/FinInstnId/PstlAdr/Room,Room,Max70Text,0,1
pacs.004.001.15,/Document/PmtRtr/TxInf/RtrChain/UltmtCdtr/Agt/FinInstnId/PstlAdr/PstCd,PstCd,Max16Text,0,1
pacs.004.001.15,/Document/PmtRtr/TxInf/RtrChain/UltmtCdtr/Agt/FinInstnId/PstlAdr/TwnNm,TwnNm,Max140Text,0,1
pacs.004.001.15,/Document/PmtRtr/TxInf/RtrChain/UltmtCdtr/Agt/FinInstnId/PstlAdr/TwnLctnNm,TwnLctnNm,Max140Text,0,1
pacs.004.001.15,/Document/PmtRtr/TxInf/RtrChain/UltmtCdtr/Agt/FinInstnId/PstlAdr/DstrctNm,DstrctNm,Max140Text,0,1
pacs.004.001.15,/Document/PmtRtr/TxInf/RtrChain/UltmtCdtr/Agt/FinInstnId/PstlAdr/CtrySubDvsn,CtrySubDvsn,Max35Text,0,1
pacs.004.001.15,/Document/PmtRtr/TxInf/RtrChain/UltmtCdtr/Agt/FinInstnId/PstlAdr/Ctry,Ctry,CountryCode,0,1
pacs.004.001.15,/Document/PmtRtr/TxInf/RtrChain/UltmtCdtr/Agt/FinInstnId/PstlAdr/AdrLine,AdrLine,Max70Text,0,7
pacs.004.001.15,/Document/PmtRtr/TxInf/RtrChain/UltmtCdtr/Agt/FinInstnId/Othr,Othr,GenericFinancialIdentification1,0,1
pacs.004.001.15,/Document/PmtRtr/TxInf/RtrChain/UltmtCdtr/Agt/FinInstnId/Othr/Id,Id,Max35Text,1,1
pacs.004.001.15,/Document/PmtRtr/TxInf/RtrChain/UltmtCdtr/Agt/FinInstnId/Othr/SchmeNm,SchmeNm,FinancialIdentificationSchemeName1Choice,0,1
pacs.004.001.15,/Document/PmtRtr/TxInf/RtrChain/UltmtCdtr/Agt/FinInstnId/Othr/SchmeNm/Cd,Cd,ExternalFinancialInstitutionIdentification1Code,1,1
pacs.004.001.15,/Document/PmtRtr/TxInf/RtrChain/UltmtCdtr/Agt/FinInstnId/Othr/SchmeNm/Prtry,Prtry,Max35Text,1,1
pacs.004.001.15,/Document/PmtRtr/TxInf/RtrChain/UltmtCdtr/Agt/FinInstnId/Othr/Issr,Issr,Max35Text,0,1
pacs.004.001.15,/Document/PmtRtr/TxInf/RtrChain/UltmtCdtr/Agt/BrnchId,BrnchId,BranchData5,0,1
pacs.004.001.15,/Document/PmtRtr/TxInf/RtrChain/UltmtCdtr/Agt/BrnchId/Id,Id,Max35Text,0,1
pacs.004.001.15,/Document/PmtRtr/TxInf/RtrChain/UltmtCdtr/Agt/BrnchId/LEI,LEI,LEIIdentifier,0,1
pacs.004.001.15,/Document/PmtRtr/TxInf/RtrChain/UltmtCdtr/Agt/BrnchId/Nm,Nm,Max140Text,0,1
pacs.004.001.15,/Document/PmtRtr/TxInf/RtrChain/UltmtCdtr/Agt/BrnchId/PstlAdr,PstlAdr,PostalAddress27,0,1
pacs.004.001.15,/Document/PmtRtr/TxInf/RtrChain/UltmtCdtr/Agt/BrnchId/PstlAdr/AdrTp,AdrTp,AddressType3Choice,0,1
pacs.004.001.15,/Document/PmtRtr/TxInf/RtrChain/UltmtCdtr/Agt/BrnchId/PstlAdr/AdrTp/Cd,Cd,AddressType2Code,1,1
pacs.004.001.15,/Document/PmtRtr/TxInf/RtrChain/UltmtCdtr/Agt/BrnchId/PstlAdr/AdrTp/Prtry,Prtry,GenericIdentification30,1,1
pacs.004.001.15,/Document/PmtRtr/TxInf/RtrChain/UltmtCdtr/Agt/BrnchId/PstlAdr/AdrTp/Prtry/Id,Id,Exact4AlphaNumericText,1,1
pacs.004.001.15,/Document/PmtRtr/TxInf/RtrChain/UltmtCdtr/Agt/BrnchId/PstlAdr/AdrTp/Prtry/Issr,Issr,Max35Text,1,1
pacs.004.001.15,/Document/PmtRtr/TxInf/RtrChain/UltmtCdtr/Agt/BrnchId/PstlAdr/AdrTp/Prtry/SchmeNm,SchmeNm,Max35Text,0,1
pacs.004.001.15,/Document/PmtRtr/TxInf/RtrChain/UltmtCdtr/Agt/BrnchId/PstlAdr/CareOf,CareOf,Max140Text,0,1
pacs.004.001.15,/Document/PmtRtr/TxInf/RtrChain/UltmtCdtr/Agt/BrnchId/PstlAdr/Dept,Dept,Max70Text,0,1
pacs.004.001.15,/Document/PmtRtr/TxInf/RtrChain/UltmtCdtr/Agt/BrnchId/PstlAdr/SubDept,SubDept,Max70Text,0,1
pacs.004.001.15,/Document/PmtRtr/TxInf/RtrChain/UltmtCdtr/Agt/BrnchId/PstlAdr/StrtNm,StrtNm,Max140Text,0,1
pacs.004.001.15,/Document/PmtRtr/TxInf/RtrChain/UltmtCdtr/Agt/BrnchId/PstlAdr/BldgNb,BldgNb,Max16Text,0,1
pacs.004.001.15,/Document/PmtRtr/TxInf/RtrChain/UltmtCdtr/Agt/BrnchId/PstlAdr/BldgNm,BldgNm,Max140Text,0,1
pacs.004.001.15,/Document/PmtRtr/TxInf/RtrChain/UltmtCdtr/Agt/BrnchId/PstlAdr/Flr,Flr,Max70Text,0,1
pacs.004.001.15,/Document/PmtRtr/TxInf/RtrChain/UltmtCdtr/Agt/BrnchId/PstlAdr/UnitNb,UnitNb,Max16Text,0,1
pacs.004.001.15,/Document/PmtRtr/TxInf/RtrChain/UltmtCdtr/Agt/BrnchId/PstlAdr/PstBx,PstBx,Max16Text,0,1
pacs.004.001.15,/Document/PmtRtr/TxInf/RtrChain/UltmtCdtr/Agt/BrnchId/PstlAdr/Room,Room,Max70Text,0,1
pacs.004.001.15,/Document/PmtRtr/TxInf/RtrChain/UltmtCdtr/Agt/BrnchId/PstlAdr/PstCd,PstCd,Max16Text,0,1
pacs.004.001.15,/Document/PmtRtr/TxInf/RtrChain/UltmtCdtr/Agt/BrnchId/PstlAdr/TwnNm,TwnNm,Max140Text,0,1
pacs.004.001.15,/Document/PmtRtr/TxInf/RtrChain/UltmtCdtr/Agt/BrnchId/PstlAdr/TwnLctnNm,TwnLctnNm,Max140Text,0,1
pacs.004.001.15,/Document/PmtRtr/TxInf/RtrChain/UltmtCdtr/Agt/BrnchId/PstlAdr/DstrctNm,DstrctNm,Max140Text,0,1
pacs.004.001.15,/Document/PmtRtr/TxInf/RtrChain/UltmtCdtr/Agt/BrnchId/PstlAdr/CtrySubDvsn,CtrySubDvsn,Max35Text,0,1
pacs.004.001.15,/Document/PmtRtr/TxInf/RtrChain/UltmtCdtr/Agt/BrnchId/PstlAdr/Ctry,Ctry,CountryCode,0,1
pacs.004.001.15,/Document/PmtRtr/TxInf/RtrChain/UltmtCdtr/Agt/BrnchId/PstlAdr/AdrLine,AdrLine,Max70Text,0,7
pacs.004.001.15,/Document/PmtRtr/TxInf/RtrRsnInf,RtrRsnInf,PaymentReturnReason7,0,
pacs.004.001.15,/Document/PmtRtr/TxInf/RtrRsnInf/Orgtr,Orgtr,PartyIdentification272,0,1
pacs.004.001.15,/Document/PmtRtr/TxInf/RtrRsnInf/Orgtr/Nm,Nm,Max140Text,0,1
pacs.004.001.15,/Document/PmtRtr/TxInf/RtrRsnInf/Orgtr/PstlAdr,PstlAdr,PostalAddress27,0,1
pacs.004.001.15,/Document/PmtRtr/TxInf/RtrRsnInf/Orgtr/PstlAdr/AdrTp,AdrTp,AddressType3Choice,0,1
pacs.004.001.15,/Document/PmtRtr/TxInf/RtrRsnInf/Orgtr/PstlAdr/AdrTp/Cd,Cd,AddressType2Code,1,1
pacs.004.001.15,/Document/PmtRtr/TxInf/RtrRsnInf/Orgtr/PstlAdr/AdrTp/Prtry,Prtry,GenericIdentification30,1,1
pacs.004.001.15,/Document/PmtRtr/TxInf/RtrRsnInf/Orgtr/PstlAdr/AdrTp/Prtry/Id,Id,Exact4AlphaNumericText,1,1
pacs.004.001.15,/Document/PmtRtr/TxInf/RtrRsnInf/Orgtr/PstlAdr/AdrTp/Prtry/Issr,Issr,Max35Text,1,1
pacs.004.001.15,/Document/PmtRtr/TxInf/RtrRsnInf/Orgtr/PstlAdr/AdrTp/Prtry/SchmeNm,SchmeNm,Max35Text,0,1
pacs.004.001.15,/Document/PmtRtr/TxInf/RtrRsnInf/Orgtr/PstlAdr/CareOf,CareOf,Max140Text,0,1
pacs.004.001.15,/Document/PmtRtr/TxInf/RtrRsnInf/Orgtr/PstlAdr/Dept,Dept,Max70Text,0,1
pacs.004.001.15,/Document/PmtRtr/TxInf/RtrRsnInf/Orgtr/PstlAdr/SubDept,SubDept,Max70Text,0,1
pacs.004.001.15,/Document/PmtRtr/TxInf/RtrRsnInf/Orgtr/PstlAdr/StrtNm,StrtNm,Max140Text,0,1
pacs.004.001.15,/Document/PmtRtr/TxInf/RtrRsnInf/Orgtr/PstlAdr/BldgNb,BldgNb,Max16Text,0,1
pacs.004.001.15,/Document/PmtRtr/TxInf/RtrRsnInf/Orgtr/PstlAdr/BldgNm,BldgNm,Max140Text,0,1
pacs.004.001.15,/Document/PmtRtr/TxInf/RtrRsnInf/Orgtr/PstlAdr/Flr,Flr,Max70Text,0,1
pacs.004.001.15,/Document/PmtRtr/TxInf/RtrRsnInf/Orgtr/PstlAdr/UnitNb,UnitNb,Max16Text,0,1
pacs.004.001.15,/Document/PmtRtr/TxInf/RtrRsnInf/Orgtr/PstlAdr/PstBx,PstBx,Max16Text,0,1
pacs.004.001.15,/Document/PmtRtr/TxInf/RtrRsnInf/Orgtr/PstlAdr/Room,Room,Max70Text,0,1
pacs.004.001.15,/Document/PmtRtr/TxInf/RtrRsnInf/Orgtr/PstlAdr/PstCd,PstCd,Max16Text,0,1
pacs.004.001.15,/Document/PmtRtr/TxInf/RtrRsnInf/Orgtr/PstlAdr/TwnNm,TwnNm,Max140Text,0,1
pacs.004.001.15,/Document/PmtRtr/TxInf/RtrRsnInf/Orgtr/PstlAdr/TwnLctnNm,TwnLctnNm,Max140Text,0,1
pacs.004.001.15,/Document/PmtRtr/TxInf/RtrRsnInf/Orgtr/PstlAdr/DstrctNm,DstrctNm,Max140Text,0,1
pacs.004.001.15,/Document/PmtRtr/TxInf/RtrRsnInf/Orgtr/PstlAdr/CtrySubDvsn,CtrySubDvsn,Max35Text,0,1
pacs.004.001.15,/Document/PmtRtr/TxInf/RtrRsnInf/Orgtr/PstlAdr/Ctry,Ctry,CountryCode,0,1
pacs.004.001.15,/Document/PmtRtr/TxInf/RtrRsnInf/Orgtr/PstlAdr/AdrLine,AdrLine,Max70Text,0,7
pacs.004.001.15,/Document/PmtRtr/TxInf/RtrRsnInf/Orgtr/Id,Id,Party52Choice,0,1
pacs.004.001.15,/Document/PmtRtr/TxInf/RtrRsnInf/Orgtr/Id/OrgId,OrgId,OrganisationIdentification39,1,1
pacs.004.001.15,/Document/PmtRtr/TxInf/RtrRsnInf/Orgtr/Id/OrgId/AnyBIC,AnyBIC,AnyBICDec2014Identifier,0,1
pacs.004.001.15,/Document/PmtRtr/TxInf/RtrRsnInf/Orgtr/Id/OrgId/LEI,LEI,LEIIdentifier,0,1
pacs.004.001.15,/Document/PmtRtr/TxInf/RtrRsnInf/Orgtr/Id/OrgId/Othr,Othr,GenericOrganisationIdentification3,0,
pacs.004.001.15,/Document/PmtRtr/TxInf/RtrRsnInf/Orgtr/Id/OrgId/Othr/Id,Id,Max256Text,1,1
pacs.004.001.15,/Document/PmtRtr/TxInf/RtrRsnInf/Orgtr/Id/OrgId/Othr/SchmeNm,SchmeNm,OrganisationIdentificationSchemeName1Choice,0,1
pacs.004.001.15,/Document/PmtRtr/TxInf/RtrRsnInf/Orgtr/Id/OrgId/Othr/SchmeNm/Cd,Cd,ExternalOrganisationIdentification1Code,1,1
pacs.004.001.15,/Document/PmtRtr/TxInf/RtrRsnInf/Orgtr/Id/OrgId/Othr/SchmeNm/Prtry,Prtry,Max35Text,1,1
pacs.004.001.15,/Document/PmtRtr/TxInf/RtrRsnInf/Orgtr/Id/OrgId/Othr/Issr,Issr,Max35Text,0,1
pacs.004.001.15,/Document/PmtRtr/TxInf/RtrRsnInf/Orgtr/Id/PrvtId,PrvtId,PersonIdentification18,1,1
pacs.004.001.15,/Document/PmtRtr/TxInf/RtrRsnInf/Orgtr/Id/PrvtId/DtAndPlcOfBirth,DtAndPlcOfBirth,DateAndPlaceOfBirth1,0,1
pacs.004.001.15,/Document/PmtRtr/TxInf/RtrRsnInf/Orgtr/Id/PrvtId/DtAndPlcOfBirth/BirthDt,BirthDt,ISODate,1,1
pacs.004.001.15,/Document/PmtRtr/TxInf/RtrRsnInf/Orgtr/Id/PrvtId/DtAndPlcOfBirth/PrvcOfBirth,PrvcOfBirth,Max35Text,0,1
pacs.004.001.15,/Document/PmtRtr/TxInf/RtrRsnInf/Orgtr/Id/PrvtId/DtAndPlcOfBirth/CityOfBirth,CityOfBirth,Max35Text,1,1
pacs.004.001.15,/Document/PmtRtr/TxInf/RtrRsnInf/Orgtr/Id/PrvtId/DtAndPlcOfBirth/CtryOfBirth,CtryOfBirth,CountryCode,1,1
pacs.004.001.15,/Document/PmtRtr/TxInf/RtrRsnInf/Orgtr/Id/PrvtId/Othr,Othr,GenericPersonIdentification2,0,
pacs.004.001.15,/Document/PmtRtr/TxInf/RtrRsnInf/Orgtr/Id/PrvtId/Othr/Id,Id,Max256Text,1,1
pacs.004.001.15,/Document/PmtRtr/TxInf/RtrRsnInf/Orgtr/Id/PrvtId/Othr/SchmeNm,SchmeNm,PersonIdentificationSchemeName1Choice,0,1
pacs.004.001.15,/Document/PmtRtr/TxInf/RtrRsnInf/Orgtr/Id/PrvtId/Othr/SchmeNm/Cd,Cd,ExternalPersonIdentification1Code,1,1
pacs.004.001.15,/Document/PmtRtr/TxInf/RtrRsnInf/Orgtr/Id/PrvtId/Othr/SchmeNm/Prtry,Prtry,Max35Text,1,1
pacs.004.001.15,/Document/PmtRtr/TxInf/RtrRsnInf/Orgtr/Id/PrvtId/Othr/Issr,Issr,Max35Text,0,1
pacs.004.001.15,/Document/PmtRtr/TxInf/RtrRsnInf/Orgtr/CtryOfRes,CtryOfRes,CountryCode,0,1
pacs.004.001.15,/Document/PmtRtr/TxInf/RtrRsnInf/Orgtr/CtctDtls,CtctDtls,Contact13,0,1
pacs.004.001.15,/Document/PmtRtr/TxInf/RtrRsnInf/Orgtr/CtctDtls/NmPrfx,NmPrfx,NamePrefix2Code,0,1
pacs.004.001.15,/Document/PmtRtr/TxInf/RtrRsnInf/Orgtr/CtctDtls/Nm,Nm,Max140Text,0,1
pacs.004.001.15,/Document/PmtRtr/TxInf/RtrRsnInf/Orgtr/CtctDtls/PhneNb,PhneNb,PhoneNumber,0,1
pacs.004.001.15,/Document/PmtRtr/TxInf/RtrRsnInf/Orgtr/CtctDtls/MobNb,MobNb,PhoneNumber,0,1
pacs.004.001.15,/Document/PmtRtr/TxInf/RtrRsnInf/Orgtr/CtctDtls/FaxNb,FaxNb,PhoneNumber,0,1
pacs.004.001.15,/Document/PmtRtr/TxInf/RtrRsnInf/Orgtr/CtctDtls/URLAdr,URLAdr,Max2048Text,0,1
pacs.004.001.15,/Document/PmtRtr/TxInf/RtrRsnInf/Orgtr/CtctDtls/EmailAdr,EmailAdr,Max256Text,0,1
pacs.004.001.15,/Document/PmtRtr/TxInf/RtrRsnInf/Orgtr/CtctDtls/EmailPurp,EmailPurp,Max35Text,0,1
pacs.004.001.15,/Document/PmtRtr/TxInf/RtrRsnInf/Orgtr/CtctDtls/JobTitl,JobTitl,Max35Text,0,1
pacs.004.001.15,/Document/PmtRtr/TxInf/RtrRsnInf/Orgtr/CtctDtls/Rspnsblty,Rspnsblty,Max35Text,0,1
pacs.004.001.15,/Document/PmtRtr/TxInf/RtrRsnInf/Orgtr/CtctDtls/Dept,Dept,Max70Text,0,1
pacs.004.001.15,/Document/PmtRtr/TxInf/RtrRsnInf/Orgtr/CtctDtls/Othr,Othr,OtherContact1,0,
pacs.004.001.15,/Document/PmtRtr/TxInf/RtrRsnInf/Orgtr/CtctDtls/Othr/ChanlTp,ChanlTp,Max4Text,1,1
pacs.004.001.15,/Document/PmtRtr/TxInf/RtrRsnInf/Orgtr/CtctDtls/Othr/Id,Id,Max128Text,0,1
pacs.004.001.15,/Document/PmtRtr/TxInf/RtrRsnInf/Orgtr/CtctDtls/PrefrdMtd,PrefrdMtd,PreferredContactMethod2Code,0,1
pacs.004.001.15,/Document/PmtRtr/TxInf/RtrRsnInf/Rsn,Rsn,ReturnReason5Choice,0,1
pacs.004.001.15,/Document/PmtRtr/TxInf/RtrRsnInf/Rsn/Cd,Cd,ExternalReturnReason1Code,1,1
pacs.004.001.15,/Document/PmtRtr/TxInf/RtrRsnInf/Rsn/Prtry,Prtry,Max35Text,1,1
pacs.004.001.15,/Document/PmtRtr/TxInf/RtrRsnInf/AddtlInf,AddtlInf,Max105Text,0,
pacs.004.001.15,/Document/PmtRtr/TxInf/OrgnlTxRef,OrgnlTxRef,OriginalTransactionReference45,0,1
pacs.004.001.15,/Document/PmtRtr/TxInf/OrgnlTxRef/IntrBkSttlmAmt,IntrBkSttlmAmt,ActiveOrHistoricCurrencyAndAmount,0,1
pacs.004.001.15,/Document/PmtRtr/TxInf/OrgnlTxRef/Amt,Amt,AmountType4Choice,0,1
pacs.004.001.15,/Document/PmtRtr/TxInf/OrgnlTxRef/Amt/InstdAmt,InstdAmt,ActiveOrHistoricCurrencyAndAmount,1,1
pacs.004.001.15,/Document/PmtRtr/TxInf/OrgnlTxRef/Amt/EqvtAmt,EqvtAmt,EquivalentAmount2,1,1
pacs.004.001.15,/Document/PmtRtr/TxInf/OrgnlTxRef/Amt/EqvtAmt/Amt,Amt,ActiveOrHistoricCurrencyAndAmount,1,1
pacs.004.001.15,/Document/PmtRtr/TxInf/OrgnlTxRef/Amt/EqvtAmt/CcyOfTrf,CcyOfTrf,ActiveOrHistoricCurrencyCode,1,1
pacs.004.001.15,/Document/PmtRtr/TxInf/OrgnlTxRef/IntrBkSttlmDt,IntrBkSttlmDt,ISODate,0,1
pacs.004.001.15,/Document/PmtRtr/TxInf/OrgnlTxRef/ReqdColltnDt,ReqdColltnDt,ISODate,0,1
pacs.004.001.15,/Document/PmtRtr/TxInf/OrgnlTxRef/ReqdExctnDt,ReqdExctnDt,DateAndDateTime2Choice,0,1
pacs.004.001.15,/Document/PmtRtr/TxInf/OrgnlTxRef/ReqdExctnDt/Dt,Dt,ISODate,1,1
pacs.004.001.15,/Document/PmtRtr/TxInf/OrgnlTxRef/ReqdExctnDt/DtTm,DtTm,ISODateTime,1,1
pacs.004.001.15,/Document/PmtRtr/TxInf/OrgnlTxRef/CdtrSchmeId,CdtrSchmeId,PartyIdentification272,0,1
pacs.004.001.15,/Document/PmtRtr/TxInf/OrgnlTxRef/CdtrSchmeId/Nm,Nm,Max140Text,0,1
pacs.004.001.15,/Document/PmtRtr/TxInf/OrgnlTxRef/CdtrSchmeId/PstlAdr,PstlAdr,PostalAddress27,0,1
pacs.004.001.15,/Document/PmtRtr/TxInf/OrgnlTxRef/CdtrSchmeId/PstlAdr/AdrTp,AdrTp,AddressType3Choice,0,1
pacs.004.001.15,/Document/PmtRtr/TxInf/OrgnlTxRef/CdtrSchmeId/PstlAdr/AdrTp/Cd,Cd,AddressType2Code,1,1
pacs.004.001.15,/Document/PmtRtr/TxInf/OrgnlTxRef/CdtrSchmeId/PstlAdr/AdrTp/Prtry,Prtry,GenericIdentification30,1,1
pacs.004.001.15,/Document/PmtRtr/TxInf/OrgnlTxRef/CdtrSchmeId/PstlAdr/AdrTp/Prtry/Id,Id,Exact4AlphaNumericText,1,1
pacs.004.001.15,/Document/PmtRtr/TxInf/OrgnlTxRef/CdtrSchmeId/PstlAdr/AdrTp/Prtry/Issr,Issr,Max35Text,1,1
pacs.004.001.15,/Document/PmtRtr/TxInf/OrgnlTxRef/CdtrSchmeId/PstlAdr/AdrTp/Prtry/SchmeNm,SchmeNm,Max35Text,0,1
pacs.004.001.15,/Document/PmtRtr/TxInf/OrgnlTxRef/CdtrSchmeId/PstlAdr/CareOf,CareOf,Max140Text,0,1
pacs.004.001.15,/Document/PmtRtr/TxInf/OrgnlTxRef/CdtrSchmeId/PstlAdr/Dept,Dept,Max70Text,0,1
pacs.004.001.15,/Document/PmtRtr/TxInf/OrgnlTxRef/CdtrSchmeId/PstlAdr/SubDept,SubDept,Max70Text,0,1
pacs.004.001.15,/Document/PmtRtr/TxInf/OrgnlTxRef/CdtrSchmeId/PstlAdr/StrtNm,StrtNm,Max140Text,0,1
pacs.004.001.15,/Document/PmtRtr/TxInf/OrgnlTxRef/CdtrSchmeId/PstlAdr/BldgNb,BldgNb,Max16Text,0,1
pacs.004.001.15,/Document/PmtRtr/TxInf/OrgnlTxRef/CdtrSchmeId/PstlAdr/BldgNm,BldgNm,Max140Text,0,1
pacs.004.001.15,/Document/PmtRtr/TxInf/OrgnlTxRef/CdtrSchmeId/PstlAdr/Flr,Flr,Max70Text,0,1
pacs.004.001.15,/Document/PmtRtr/TxInf/OrgnlTxRef/CdtrSchmeId/PstlAdr/UnitNb,UnitNb,Max16Text,0,1
pacs.004.001.15,/Document/PmtRtr/TxInf/OrgnlTxRef/CdtrSchmeId/PstlAdr/PstBx,PstBx,Max16Text,0,1
pacs.004.001.15,/Document/PmtRtr/TxInf/OrgnlTxRef/CdtrSchmeId/PstlAdr/Room,Room,Max70Text,0,1
pacs.004.001.15,/Document/PmtRtr/TxInf/OrgnlTxRef/CdtrSchmeId/PstlAdr/PstCd,PstCd,Max16Text,0,1
pacs.004.001.15,/Document/PmtRtr/TxInf/OrgnlTxRef/CdtrSchmeId/PstlAdr/TwnNm,TwnNm,Max140Text,0,1
pacs.004.001.15,/Document/PmtRtr/TxInf/OrgnlTxRef/CdtrSchmeId/PstlAdr/TwnLctnNm,TwnLctnNm,Max140Text,0,1
pacs.004.001.15,/Document/PmtRtr/TxInf/OrgnlTxRef/CdtrSchmeId/PstlAdr/DstrctNm,DstrctNm,Max140Text,0,1
pacs.004.001.15,/Document/PmtRtr/TxInf/OrgnlTxRef/CdtrSchmeId/PstlAdr/CtrySubDvsn,CtrySubDvsn,Max35Text,0,1
pacs.004.001.15,/Document/PmtRtr/TxInf/OrgnlTxRef/CdtrSchmeId/PstlAdr/Ctry,Ctry,CountryCode,0,1
pacs.004.001.15,/Document/PmtRtr/TxInf/OrgnlTxRef/CdtrSchmeId/PstlAdr/AdrLine,AdrLine,Max70Text,0,7
pacs.004.001.15,/Document/PmtRtr/TxInf/OrgnlTxRef/CdtrSchmeId/Id,Id,Party52Choice,0,1
pacs.004.001.15,/Document/PmtRtr/TxInf/OrgnlTxRef/CdtrSchmeId/Id/OrgId,OrgId,OrganisationIdentification39,1,1
pacs.004.001.15,/Document/PmtRtr/TxInf/OrgnlTxRef/CdtrSchmeId/Id/OrgId/AnyBIC,AnyBIC,AnyBICDec2014Identifier,0,1
pacs.004.001.15,/Document/PmtRtr/TxInf/OrgnlTxRef/CdtrSchmeId/Id/OrgId/LEI,LEI,LEIIdentifier,0,1
pacs.004.001.15,/Document/PmtRtr/TxInf/OrgnlTxRef/CdtrSchmeId/Id/OrgId/Othr,Othr,GenericOrganisationIdentification3,0,
pacs.004.001.15,/Document/PmtRtr/TxInf/OrgnlTxRef/CdtrSchmeId/Id/OrgId/Othr/Id,Id,Max256Text,1,1
pacs.004.001.15,/Document/PmtRtr/TxInf/OrgnlTxRef/CdtrSchmeId/Id/OrgId/Othr/SchmeNm,SchmeNm,OrganisationIdentificationSchemeName1Choice,0,1
pacs.004.001.15,/Document/PmtRtr/TxInf/OrgnlTxRef/CdtrSchmeId/Id/OrgId/Othr/SchmeNm/Cd,Cd,ExternalOrganisationIdentification1Code,1,1
pacs.004.001.15,/Document/PmtRtr/TxInf/OrgnlTxRef/CdtrSchmeId/Id/OrgId/Othr/SchmeNm/Prtry,Prtry,Max35Text,1,1
pacs.004.001.15,/Document/PmtRtr/TxInf/OrgnlTxRef/CdtrSchmeId/Id/OrgId/Othr/Issr,Issr,Max35Text,0,1
pacs.004.001.15,/Document/PmtRtr/TxInf/OrgnlTxRef/CdtrSchmeId/Id/PrvtId,PrvtId,PersonIdentification18,1,1
pacs.004.001.15,/Document/PmtRtr/TxInf/OrgnlTxRef/CdtrSchmeId/Id/PrvtId/DtAndPlcOfBirth,DtAndPlcOfBirth,DateAndPlaceOfBirth1,0,1
pacs.004.001.15,/Document/PmtRtr/TxInf/OrgnlTxRef/CdtrSchmeId/Id/PrvtId/DtAndPlcOfBirth/BirthDt,BirthDt,ISODate,1,1
pacs.004.001.15,/Document/PmtRtr/TxInf/OrgnlTxRef/CdtrSchmeId/Id/PrvtId/DtAndPlcOfBirth/PrvcOfBirth,PrvcOfBirth,Max35Text,0,1
pacs.004.001.15,/Document/PmtRtr/TxInf/OrgnlTxRef/CdtrSchmeId/Id/PrvtId/DtAndPlcOfBirth/CityOfBirth,CityOfBirth,Max35Text,1,1
pacs.004.001.15,/Document/PmtRtr/TxInf/OrgnlTxRef/CdtrSchmeId/Id/PrvtId/DtAndPlcOfBirth/CtryOfBirth,CtryOfBirth,CountryCode,1,1
pacs.004.001.15,/Document/PmtRtr/TxInf/OrgnlTxRef/CdtrSchmeId/Id/PrvtId/Othr,Othr,GenericPersonIdentification2,0,
pacs.004.001.15,/Document/PmtRtr/TxInf/OrgnlTxRef/CdtrSchmeId/Id/PrvtId/Othr/Id,Id,Max256Text,1,1
pacs.004.001.15,/Document/PmtRtr/TxInf/OrgnlTxRef/CdtrSchmeId/Id/PrvtId/Othr/SchmeNm,SchmeNm,PersonIdentificationSchemeName1Choice,0,1
pacs.004.001.15,/Document/PmtRtr/TxInf/OrgnlTxRef/CdtrSchmeId/Id/PrvtId/Othr/SchmeNm/Cd,Cd,ExternalPersonIdentification1Code,1,1
pacs.004.001.15,/Document/PmtRtr/TxInf/OrgnlTxRef/CdtrSchmeId/Id/PrvtId/Othr/SchmeNm/Prtry,Prtry,Max35Text,1,1
pacs.004.001.15,/Document/PmtRtr/TxInf/OrgnlTxRef/CdtrSchmeId/Id/PrvtId/Othr/Issr,Issr,Max35Text,0,1
pacs.004.001.15,/Document/PmtRtr/TxInf/OrgnlTxRef/CdtrSchmeId/CtryOfRes,CtryOfRes,CountryCode,0,1
pacs.004.001.15,/Document/PmtRtr/TxInf/OrgnlTxRef/CdtrSchmeId/CtctDtls,CtctDtls,Contact13,0,1
pacs.004.001.15,/Document/PmtRtr/TxInf/OrgnlTxRef/CdtrSchmeId/CtctDtls/NmPrfx,NmPrfx,NamePrefix2Code,0,1
pacs.004.001.15,/Document/PmtRtr/TxInf/OrgnlTxRef/CdtrSchmeId/CtctDtls/Nm,Nm,Max140Text,0,1
pacs.004.001.15,/Document/PmtRtr/TxInf/OrgnlTxRef/CdtrSchmeId/CtctDtls/PhneNb,PhneNb,PhoneNumber,0,1
pacs.004.001.15,/Document/PmtRtr/TxInf/OrgnlTxRef/CdtrSchmeId/CtctDtls/MobNb,MobNb,PhoneNumber,0,1
pacs.004.001.15,/Document/PmtRtr/TxInf/OrgnlTxRef/CdtrSchmeId/CtctDtls/FaxNb,FaxNb,PhoneNumber,0,1
pacs.004.001.15,/Document/PmtRtr/TxInf/OrgnlTxRef/CdtrSchmeId/CtctDtls/URLAdr,URLAdr,Max2048Text,0,1
pacs.004.001.15,/Document/PmtRtr/TxInf/OrgnlTxRef/CdtrSchmeId/CtctDtls/EmailAdr,EmailAdr,Max256Text,0,1
pacs.004.001.15,/Document/PmtRtr/TxInf/OrgnlTxRef/CdtrSchmeId/CtctDtls/EmailPurp,EmailPurp,Max35Text,0,1
pacs.004.001.15,/Document/PmtRtr/TxInf/OrgnlTxRef/CdtrSchmeId/CtctDtls/JobTitl,JobTitl,Max35Text,0,1
pacs.004.001.15,/Document/PmtRtr/TxInf/OrgnlTxRef/CdtrSchmeId/CtctDtls/Rspnsblty,Rspnsblty,Max35Text,0,1
pacs.004.001.15,/Document/PmtRtr/TxInf/OrgnlTxRef/CdtrSchmeId/CtctDtls/Dept,Dept,Max70Text,0,1
pacs.004.001.15,/Document/PmtRtr/TxInf/OrgnlTxRef/CdtrSchmeId/CtctDtls/Othr,Othr,OtherContact1,0,
pacs.004.001.15,/Document/PmtRtr/TxInf/OrgnlTxRef/CdtrSchmeId/CtctDtls/Othr/ChanlTp,ChanlTp,Max4Text,1,1
pacs.004.001.15,/Document/PmtRtr/TxInf/OrgnlTxRef/CdtrSchmeId/CtctDtls/Othr/Id,Id,Max128Text,0,1
pacs.004.001.15,/Document/PmtRtr/TxInf/OrgnlTxRef/CdtrSchmeId/CtctDtls/PrefrdMtd,PrefrdMtd,PreferredContactMethod2Code,0,1
pacs.004.001.15,/Document/PmtRtr/TxInf/OrgnlTxRef/SttlmInf,SttlmInf,SettlementInstruction15,0,1
pacs.004.001.15,/Document/PmtRtr/TxInf/OrgnlTxRef/SttlmInf/SttlmMtd,SttlmMtd,SettlementMethod1Code,1,1
pacs.004.001.15,/Document/PmtRtr/TxInf/OrgnlTxRef/SttlmInf/SttlmAcct,SttlmAcct,CashAccount40,0,1
pacs.004.001.15,/Document/PmtRtr/TxInf/OrgnlTxRef/SttlmInf/SttlmAcct/Id,Id,AccountIdentification4Choice,0,1
pacs.004.001.15,/Document/PmtRtr/TxInf/OrgnlTxRef/SttlmInf/SttlmAcct/Id/IBAN,IBAN,IBAN2007Identifier,1,1
pacs.004.001.15,/Document/PmtRtr/TxInf/OrgnlTxRef/SttlmInf/SttlmAcct/Id/Othr,Othr,GenericAccountIdentification1,1,1
pacs.004.001.15,/Document/PmtRtr/TxInf/OrgnlTxRef/SttlmInf/SttlmAcct/Id/Othr/Id,Id,Max34Text,1,1
pacs.004.001.15,/Document/PmtRtr/TxInf/OrgnlTxRef/SttlmInf/SttlmAcct/Id/Othr/SchmeNm,SchmeNm,AccountSchemeName1Choice,0,1
pacs.004.001.15,/Document/PmtRtr/TxInf/OrgnlTxRef/SttlmInf/SttlmAcct/Id/Othr/SchmeNm/Cd,Cd,ExternalAccountIdentification1Code,1,1
pacs.004.001.15,/Document/PmtRtr/TxInf/OrgnlTxRef/SttlmInf/SttlmAcct/Id/Othr/SchmeNm/Prtry,Prtry,Max35Text,1,1
pacs.004.001.15,/Document/PmtRtr/TxInf/OrgnlTxRef/SttlmInf/SttlmAcct/Id/Othr/Issr,Issr,Max35Text,0,1
pacs.004.001.15,/Document/PmtRtr/TxInf/OrgnlTxRef/SttlmInf/SttlmAcct/Tp,Tp,CashAccountType2Choice,0,1
pacs.004.001.15,/Document/PmtRtr/TxInf/OrgnlTxRef/SttlmInf/SttlmAcct/Tp/Cd,Cd,ExternalCashAccountType1Code,1,1
pacs.004.001.15,/Document/PmtRtr/TxInf/OrgnlTxRef/SttlmInf/SttlmAcct/Tp/Prtry,Prtry,Max35Text,1,1
pacs.004.001.15,/Document/PmtRtr/TxInf/OrgnlTxRef/SttlmInf/SttlmAcct/Ccy,Ccy,ActiveOrHistoricCurrencyCode,0,1
pacs.004.001.15,/Document/PmtRtr/TxInf/OrgnlTxRef/SttlmInf/SttlmAcct/Nm,Nm,Max70Text,0,1
pacs.004.001.15,/Document/PmtRtr/TxInf/OrgnlTxRef/SttlmInf/SttlmAcct/Prxy,Prxy,ProxyAccountIdentification1,0,1
pacs.004.001.15,/Document/PmtRtr/TxInf/OrgnlTxRef/SttlmInf/SttlmAcct/Prxy/Tp,Tp,ProxyAccountType1Choice,0,1
pacs.004.001.15,/Document/PmtRtr/TxInf/OrgnlTxRef/SttlmInf/SttlmAcct/Prxy/Tp/Cd,Cd,ExternalProxyAccountType1Code,1,1
pacs.004.001.15,/Document/PmtRtr/TxInf/OrgnlTxRef/SttlmInf/SttlmAcct/Prxy/Tp/Prtry,Prtry,Max35Text,1,1
pacs.004.001.15,/Document/PmtRtr/TxInf/OrgnlTxRef/SttlmInf/SttlmAcct/Prxy/Id,Id,Max2048Text,1,1
pacs.004.001.15,/Document/PmtRtr/TxInf/OrgnlTxRef/SttlmInf/ClrSys,ClrSys,ClearingSystemIdentification3Choice,0,1
pacs.004.001.15,/Document/PmtRtr/TxInf/OrgnlTxRef/SttlmInf/ClrSys/Cd,Cd,ExternalCashClearingSystem1Code,1,1
pacs.004.001.15,/Document/PmtRtr/TxInf/OrgnlTxRef/SttlmInf/ClrSys/Prtry,Prtry,Max35Text,1,1
pacs.004.001.15,/Document/PmtRtr/TxInf/OrgnlTxRef/SttlmInf/InstgRmbrsmntAgt,InstgRmbrsmntAgt,BranchAndFinancialInstitutionIdentification8,0,1
pacs.004.001.15,/Document/PmtRtr/TxInf/OrgnlTxRef/SttlmInf/InstgRmbrsmntAgt/FinInstnId,FinInstnId,FinancialInstitutionIdentification23,1,1
pacs.004.001.15,/Document/PmtRtr/TxInf/OrgnlTxRef/SttlmInf/InstgRmbrsmntAgt/FinInstnId/BICFI,BICFI,BICFIDec2014Identifier,0,1
pacs.004.001.15,/Document/PmtRtr/TxInf/OrgnlTxRef/SttlmInf/InstgRmbrsmntAgt/FinInstnId/ClrSysMmbId,ClrSysMmbId,ClearingSystemMemberIdentification2,0,1
pacs.004.001.15,/Document/PmtRtr/TxInf/OrgnlTxRef/SttlmInf/InstgRmbrsmntAgt/FinInstnId/ClrSysMmbId/ClrSysId,ClrSysId,ClearingSystemIdentification2Choice,0,1
pacs.004.001.15,/Document/PmtRtr/TxInf/OrgnlTxRef/SttlmInf/InstgRmbrsmntAgt/FinInstnId/ClrSysMmbId/ClrSysId/Cd,Cd,ExternalClearingSystemIdentification1Code,1,1
pacs.004.001.15,/Document/PmtRtr/TxInf/OrgnlTxRef/SttlmInf/InstgRmbrsmntAgt/FinInstnId/ClrSysMmbId/ClrSysId/Prtry,Prtry,Max35Text,1,1
pacs.004.001.15,/Document/PmtRtr/TxInf/OrgnlTxRef/SttlmInf/InstgRmbrsmntAgt/FinInstnId/ClrSysMmbId/MmbId,MmbId,Max35Text,1,1
pacs.004.001.15,/Document/PmtRtr/TxInf/OrgnlTxRef/SttlmInf/InstgRmbrsmntAgt/FinInstnId/LEI,LEI,LEIIdentifier,0,1
pacs.004.001.15,/Document/PmtRtr/TxInf/OrgnlTxRef/SttlmInf/InstgRmbrsmntAgt/FinInstnId/Nm,Nm,Max140Text,0,1
pacs.004.001.15,/Document/PmtRtr/TxInf/OrgnlTxRef/SttlmInf/InstgRmbrsmntAgt/FinInstnId/PstlAdr,PstlAdr,PostalAddress27,0,1
pacs.004.001.15,/Document/PmtRtr/TxInf/OrgnlTxRef/SttlmInf/InstgRmbrsmntAgt/FinInstnId/PstlAdr/AdrTp,AdrTp,AddressType3Choice,0,1
pacs.004.001.15,/Document/PmtRtr/TxInf/OrgnlTxRef/SttlmInf/InstgRmbrsmntAgt/FinInstnId/PstlAdr/AdrTp/Cd,Cd,AddressType2Code,1,1
pacs.004.001.15,/Document/PmtRtr/TxInf/OrgnlTxRef/SttlmInf/InstgRmbrsmntAgt/FinInstnId/PstlAdr/AdrTp/Prtry,Prtry,GenericIdentification30,1,1
pacs.004.001.15,/Document/PmtRtr/TxInf/OrgnlTxRef/SttlmInf/InstgRmbrsmntAgt/FinInstnId/PstlAdr/AdrTp/Prtry/Id,Id,Exact4AlphaNumericText,1,1
pacs.004.001.15,/Document/PmtRtr/TxInf/OrgnlTxRef/SttlmInf/InstgRmbrsmntAgt/FinInstnId/PstlAdr/AdrTp/Prtry/Issr,Issr,Max35Text,1,1
pacs.004.001.15,/Document/PmtRtr/TxInf/OrgnlTxRef/SttlmInf/InstgRmbrsmntAgt/FinInstnId/PstlAdr/AdrTp/Prtry/SchmeNm,SchmeNm,Max35Text,0,1
pacs.004.001.15,/Document/PmtRtr/TxInf/OrgnlTxRef/SttlmInf/InstgRmbrsmntAgt/FinInstnId/PstlAdr/CareOf,CareOf,Max140Text,0,1
pacs.004.001.15,/Document/PmtRtr/TxInf/OrgnlTxRef/SttlmInf/InstgRmbrsmntAgt/FinInstnId/PstlAdr/Dept,Dept,Max70Text,0,1
pacs.004.001.15,/Document/PmtRtr/TxInf/OrgnlTxRef/SttlmInf/InstgRmbrsmntAgt/FinInstnId/PstlAdr/SubDept,SubDept,Max70Text,0,1
pacs.004.001.15,/Document/PmtRtr/TxInf/OrgnlTxRef/SttlmInf/InstgRmbrsmntAgt/FinInstnId/PstlAdr/StrtNm,StrtNm,Max140Text,0,1
pacs.004.001.15,/Document/PmtRtr/TxInf/OrgnlTxRef/SttlmInf/InstgRmbrsmntAgt/FinInstnId/PstlAdr/BldgNb,BldgNb,Max16Text,0,1
pacs.004.001.15,/Document/PmtRtr/TxInf/OrgnlTxRef/SttlmInf/InstgRmbrsmntAgt/FinInstnId/PstlAdr/BldgNm,BldgNm,Max140Text,0,1
pacs.004.001.15,/Document/PmtRtr/TxInf/OrgnlTxRef/SttlmInf/InstgRmbrsmntAgt/FinInstnId/PstlAdr/Flr,Flr,Max70Text,0,1
pacs.004.001.15,/Document/PmtRtr/TxInf/OrgnlTxRef/SttlmInf/InstgRmbrsmntAgt/FinInstnId/PstlAdr/UnitNb,UnitNb,Max16Text,0,1
pacs.004.001.15,/Document/PmtRtr/TxInf/OrgnlTxRef/SttlmInf/InstgRmbrsmntAgt/FinInstnId/PstlAdr/PstBx,PstBx,Max16Text,0,1
pacs.004.001.15,/Document/PmtRtr/TxInf/OrgnlTxRef/SttlmInf/InstgRmbrsmntAgt/FinInstnId/PstlAdr/Room,Room,Max70Text,0,1
pacs.004.001.15,/Document/PmtRtr/TxInf/OrgnlTxRef/SttlmInf/InstgRmbrsmntAgt/FinInstnId/PstlAdr/PstCd,PstCd,Max16Text,0,1
pacs.004.001.15,/Document/PmtRtr/TxInf/OrgnlTxRef/SttlmInf/InstgRmbrsmntAgt/FinInstnId/PstlAdr/TwnNm,TwnNm,Max140Text,0,1
pacs.004.001.15,/Document/PmtRtr/TxInf/OrgnlTxRef/SttlmInf/InstgRmbrsmntAgt/FinInstnId/PstlAdr/TwnLctnNm,TwnLctnNm,Max140Text,0,1
pacs.004.001.15,/Document/PmtRtr/TxInf/OrgnlTxRef/SttlmInf/InstgRmbrsmntAgt/FinInstnId/PstlAdr/DstrctNm,DstrctNm,Max140Text,0,1
pacs.004.001.15,/Document/PmtRtr/TxInf/OrgnlTxRef/SttlmInf/InstgRmbrsmntAgt/FinInstnId/PstlAdr/CtrySubDvsn,CtrySubDvsn,Max35Text,0,1
pacs.004.001.15,/Document/PmtRtr/TxInf/OrgnlTxRef/SttlmInf/InstgRmbrsmntAgt/FinInstnId/PstlAdr/Ctry,Ctry,CountryCode,0,1
pacs.004.001.15,/Document/PmtRtr/TxInf/OrgnlTxRef/SttlmInf/InstgRmbrsmntAgt/FinInstnId/PstlAdr/AdrLine,AdrLine,Max70Text,0,7
pacs.004.001.15,/Document/PmtRtr/TxInf/OrgnlTxRef/SttlmInf/InstgRmbrsmntAgt/FinInstnId/Othr,Othr,GenericFinancialIdentification1,0,1
pacs.004.001.15,/Document/PmtRtr/TxInf/OrgnlTxRef/SttlmInf/InstgRmbrsmntAgt/FinInstnId/Othr/Id,Id,Max35Text,1,1
pacs.004.001.15,/Document/PmtRtr/TxInf/OrgnlTxRef/SttlmInf/InstgRmbrsmntAgt/FinInstnId/Othr/SchmeNm,SchmeNm,FinancialIdentificationSchemeName1Choice,0,1
pacs.004.001.15,/Document/PmtRtr/TxInf/OrgnlTxRef/SttlmInf/InstgRmbrsmntAgt/FinInstnId/Othr/SchmeNm/Cd,Cd,ExternalFinancialInstitutionIdentification1Code,1,1
pacs.004.001.15,/Document/PmtRtr/TxInf/OrgnlTxRef/SttlmInf/InstgRmbrsmntAgt/FinInstnId/Othr/SchmeNm/Prtry,Prtry,Max35Text,1,1
pacs.004.001.15,/Document/PmtRtr/TxInf/OrgnlTxRef/SttlmInf/InstgRmbrsmntAgt/FinInstnId/Othr/Issr,Issr,Max35Text,0,1
pacs.004.001.15,/Document/PmtRtr/TxInf/OrgnlTxRef/SttlmInf/InstgRmbrsmntAgt/BrnchId,BrnchId,BranchData5,0,1
pacs.004.001.15,/Document/PmtRtr/TxInf/OrgnlTxRef/SttlmInf/InstgRmbrsmntAgt/BrnchId/Id,Id,Max35Text,0,1
pacs.004.001.15,/Document/PmtRtr/TxInf/OrgnlTxRef/SttlmInf/InstgRmbrsmntAgt/BrnchId/LEI,LEI,LEIIdentifier,0,1
pacs.004.001.15,/Document/PmtRtr/TxInf/OrgnlTxRef/SttlmInf/InstgRmbrsmntAgt/BrnchId/Nm,Nm,Max140Text,0,1
pacs.004.001.15,/Document/PmtRtr/TxInf/OrgnlTxRef/SttlmInf/InstgRmbrsmntAgt/BrnchId/PstlAdr,PstlAdr,PostalAddress27,0,1
pacs.004.001.15,/Document/PmtRtr/TxInf/OrgnlTxRef/SttlmInf/InstgRmbrsmntAgt/BrnchId/PstlAdr/AdrTp,AdrTp,AddressType3Choice,0,1
pacs.004.001.15,/Document/PmtRtr/TxInf/OrgnlTxRef/SttlmInf/InstgRmbrsmntAgt/BrnchId/PstlAdr/AdrTp/Cd,Cd,AddressType2Code,1,1
pacs.004.001.15,/Document/PmtRtr/TxInf/OrgnlTxRef/SttlmInf/InstgRmbrsmntAgt/BrnchId/PstlAdr/AdrTp/Prtry,Prtry,GenericIdentification30,1,1
pacs.004.001.15,/Document/PmtRtr/TxInf/OrgnlTxRef/SttlmInf/InstgRmbrsmntAgt/BrnchId/PstlAdr/AdrTp/Prtry/Id,Id,Exact4AlphaNumericText,1,1
pacs.004.001.15,/Document/PmtRtr/TxInf/OrgnlTxRef/SttlmInf/InstgRmbrsmntAgt/BrnchId/PstlAdr/AdrTp/Prtry/Issr,Issr,Max35Text,1,1
pacs.004.001.15,/Document/PmtRtr/TxInf/OrgnlTxRef/SttlmInf/InstgRmbrsmntAgt/BrnchId/PstlAdr/AdrTp/Prtry/SchmeNm,SchmeNm,Max35Text,0,1
pacs.004.001.15,/Document/PmtRtr/TxInf/OrgnlTxRef/SttlmInf/InstgRmbrsmntAgt/BrnchId/PstlAdr/CareOf,CareOf,Max140Text,0,1
pacs.004.001.15,/Document/PmtRtr/TxInf/OrgnlTxRef/SttlmInf/InstgRmbrsmntAgt/BrnchId/PstlAdr/Dept,Dept,Max70Text,0,1
pacs.004.001.15,/Document/PmtRtr/TxInf/OrgnlTxRef/SttlmInf/InstgRmbrsmntAgt/BrnchId/PstlAdr/SubDept,SubDept,Max70Text,0,1
pacs.004.001.15,/Document/PmtRtr/TxInf/OrgnlTxRef/SttlmInf/InstgRmbrsmntAgt/BrnchId/PstlAdr/StrtNm,StrtNm,Max140Text,0,1
pacs.004.001.15,/Document/PmtRtr/TxInf/OrgnlTxRef/SttlmInf/InstgRmbrsmntAgt/BrnchId/PstlAdr/BldgNb,BldgNb,Max16Text,0,1
pacs.004.001.15,/Document/PmtRtr/TxInf/OrgnlTxRef/SttlmInf/InstgRmbrsmntAgt/BrnchId/PstlAdr/BldgNm,BldgNm,Max140Text,0,1
pacs.004.001.15,/Document/PmtRtr/TxInf/OrgnlTxRef/SttlmInf/InstgRmbrsmntAgt/BrnchId/PstlAdr/Flr,Flr,Max70Text,0,1
pacs.004.001.15,/Document/PmtRtr/TxInf/OrgnlTxRef/SttlmInf/InstgRmbrsmntAgt/BrnchId/PstlAdr/UnitNb,UnitNb,Max16Text,0,1
pacs.004.001.15,/Document/PmtRtr/TxInf/OrgnlTxRef/SttlmInf/InstgRmbrsmntAgt/BrnchId/PstlAdr/PstBx,PstBx,Max16Text,0,1
pacs.004.001.15,/Document/PmtRtr/TxInf/OrgnlTxRef/SttlmInf/InstgRmbrsmntAgt/BrnchId/PstlAdr/Room,Room,Max70Text,0,1
pacs.004.001.15,/Document/PmtRtr/TxInf/OrgnlTxRef/SttlmInf/InstgRmbrsmntAgt/BrnchId/PstlAdr/PstCd,PstCd,Max16Text,0,1
pacs.004.001.15,/Document/PmtRtr/TxInf/OrgnlTxRef/SttlmInf/InstgRmbrsmntAgt/BrnchId/PstlAdr/TwnNm,TwnNm,Max140Text,0,1
pacs.004.001.15,/Document/PmtRtr/TxInf/OrgnlTxRef/SttlmInf/InstgRmbrsmntAgt/BrnchId/PstlAdr/TwnLctnNm,TwnLctnNm,Max140Text,0,1
pacs.004.001.15,/Document/PmtRtr/TxInf/OrgnlTxRef/SttlmInf/InstgRmbrsmntAgt/BrnchId/PstlAdr/DstrctNm,DstrctNm,Max140Text,0,1
pacs.004.001.15,/Document/PmtRtr/TxInf/OrgnlTxRef/SttlmInf/InstgRmbrsmntAgt/BrnchId/PstlAdr/CtrySubDvsn,CtrySubDvsn,Max35Text,0,1
pacs.004.001.15,/Document/PmtRtr/TxInf/OrgnlTxRef/SttlmInf/InstgRmbrsmntAgt/BrnchId/PstlAdr/Ctry,Ctry,CountryCode,0,1
pacs.004.001.15,/Document/PmtRtr/TxInf/OrgnlTxRef/SttlmInf/InstgRmbrsmntAgt/BrnchId/PstlAdr/AdrLine,AdrLine,Max70Text,0,7
pacs.004.001.15,/Document/PmtRtr/TxInf/OrgnlTxRef/SttlmInf/InstgRmbrsmntAgtAcct,InstgRmbrsmntAgtAcct,CashAccount40,0,1
pacs.004.001.15,/Document/PmtRtr/TxInf/OrgnlTxRef/SttlmInf/InstgRmbrsmntAgtAcct/Id,Id,AccountIdentification4Choice,0,1
pacs.004.001.15,/Document/PmtRtr/TxInf/OrgnlTxRef/SttlmInf/InstgRmbrsmntAgtAcct/Id/IBAN,IBAN,IBAN2007Identifier,1,1
pacs.004.001.15,/Document/PmtRtr/TxInf/OrgnlTxRef/SttlmInf/InstgRmbrsmntAgtAcct/Id/Othr,Othr,GenericAccountIdentification1,1,1
pacs.004.001.15,/Document/PmtRtr/TxInf/OrgnlTxRef/SttlmInf/InstgRmbrsmntAgtAcct/Id/Othr/Id,Id,Max34Text,1,1
pacs.004.001.15,/Document/PmtRtr/TxInf/OrgnlTxRef/SttlmInf/InstgRmbrsmntAgtAcct/Id/Othr/SchmeNm,SchmeNm,AccountSchemeName1Choice,0,1
pacs.004.001.15,/Document/PmtRtr/TxInf/OrgnlTxRef/SttlmInf/InstgRmbrsmntAgtAcct/Id/Othr/SchmeNm/Cd,Cd,ExternalAccountIdentification1Code,1,1
pacs.004.001.15,/Document/PmtRtr/TxInf/OrgnlTxRef/SttlmInf/InstgRmbrsmntAgtAcct/Id/Othr/SchmeNm/Prtry,Prtry,Max35Text,1,1
pacs.004.001.15,/Document/PmtRtr/TxInf/OrgnlTxRef/SttlmInf/InstgRmbrsmntAgtAcct/Id/Othr/Issr,Issr,Max35Text,0,1
pacs.004.001.15,/Document/PmtRtr/TxInf/OrgnlTxRef/SttlmInf/InstgRmbrsmntAgtAcct/Tp,Tp,CashAccountType2Choice,0,1
pacs.004.001.15,/Document/PmtRtr/TxInf/OrgnlTxRef/SttlmInf/InstgRmbrsmntAgtAcct/Tp/Cd,Cd,ExternalCashAccountType1Code,1,1
pacs.004.001.15,/Document/PmtRtr/TxInf/OrgnlTxRef/SttlmInf/InstgRmbrsmntAgtAcct/Tp/Prtry,Prtry,Max35Text,1,1
pacs.004.001.15,/Document/PmtRtr/TxInf/OrgnlTxRef/SttlmInf/InstgRmbrsmntAgtAcct/Ccy,Ccy,ActiveOrHistoricCurrencyCode,0,1
pacs.004.001.15,/Document/PmtRtr/TxInf/OrgnlTxRef/SttlmInf/InstgRmbrsmntAgtAcct/Nm,Nm,Max70Text,0,1
pacs.004.001.15,/Document/PmtRtr/TxInf/OrgnlTxRef/SttlmInf/InstgRmbrsmntAgtAcct/Prxy,Prxy,ProxyAccountIdentification1,0,1
pacs.004.001.15,/Document/PmtRtr/TxInf/OrgnlTxRef/SttlmInf/InstgRmbrsmntAgtAcct/Prxy/Tp,Tp,ProxyAccountType1Choice,0,1
pacs.004.001.15,/Document/PmtRtr/TxInf/OrgnlTxRef/SttlmInf/InstgRmbrsmntAgtAcct/Prxy/Tp/Cd,Cd,ExternalProxyAccountType1Code,1,1
pacs.004.001.15,/Document/PmtRtr/TxInf/OrgnlTxRef/SttlmInf/InstgRmbrsmntAgtAcct/Prxy/Tp/Prtry,Prtry,Max35Text,1,1
pacs.004.001.15,/Document/PmtRtr/TxInf/OrgnlTxRef/SttlmInf/InstgRmbrsmntAgtAcct/Prxy/Id,Id,Max2048Text,1,1
pacs.004.001.15,/Document/PmtRtr/TxInf/OrgnlTxRef/SttlmInf/InstdRmbrsmntAgt,InstdRmbrsmntAgt,BranchAndFinancialInstitutionIdentification8,0,1
pacs.004.001.15,/Document/PmtRtr/TxInf/OrgnlTxRef/SttlmInf/InstdRmbrsmntAgt/FinInstnId,FinInstnId,FinancialInstitutionIdentification23,1,1
pacs.004.001.15,/Document/PmtRtr/TxInf/OrgnlTxRef/SttlmInf/InstdRmbrsmntAgt/FinInstnId/BICFI,BICFI,BICFIDec2014Identifier,0,1
pacs.004.001.15,/Document/PmtRtr/TxInf/OrgnlTxRef/SttlmInf/InstdRmbrsmntAgt/FinInstnId/ClrSysMmbId,ClrSysMmbId,ClearingSystemMemberIdentification2,0,1
pacs.004.001.15,/Document/PmtRtr/TxInf/OrgnlTxRef/SttlmInf/InstdRmbrsmntAgt/FinInstnId/ClrSysMmbId/ClrSysId,ClrSysId,ClearingSystemIdentification2Choice,0,1
pacs.004.001.15,/Document/PmtRtr/TxInf/OrgnlTxRef/SttlmInf/InstdRmbrsmntAgt/FinInstnId/ClrSysMmbId/ClrSysId/Cd,Cd,ExternalClearingSystemIdentification1Code,1,1
pacs.004.001.15,/Document/PmtRtr/TxInf/OrgnlTxRef/SttlmInf/InstdRmbrsmntAgt/FinInstnId/ClrSysMmbId/ClrSysId/Prtry,Prtry,Max35Text,1,1
pacs.004.001.15,/Document/PmtRtr/TxInf/OrgnlTxRef/SttlmInf/InstdRmbrsmntAgt/FinInstnId/ClrSysMmbId/MmbId,MmbId,Max35Text,1,1
pacs.004.001.15,/Document/PmtRtr/TxInf/OrgnlTxRef/SttlmInf/InstdRmbrsmntAgt/FinInstnId/LEI,LEI,LEIIdentifier,0,1
pacs.004.001.15,/Document/PmtRtr/TxInf/OrgnlTxRef/SttlmInf/InstdRmbrsmntAgt/FinInstnId/Nm,Nm,Max140Text,0,1
pacs.004.001.15,/Document/PmtRtr/TxInf/OrgnlTxRef/SttlmInf/InstdRmbrsmntAgt/FinInstnId/PstlAdr,PstlAdr,PostalAddress27,0,1
pacs.004.001.15,/Document/PmtRtr/TxInf/OrgnlTxRef/SttlmInf/InstdRmbrsmntAgt/FinInstnId/PstlAdr/AdrTp,AdrTp,AddressType3Choice,0,1
pacs.004.001.15,/Document/PmtRtr/TxInf/OrgnlTxRef/SttlmInf/InstdRmbrsmntAgt/FinInstnId/PstlAdr/AdrTp/Cd,Cd,AddressType2Code,1,1
pacs.004.001.15,/Document/PmtRtr/TxInf/OrgnlTxRef/SttlmInf/InstdRmbrsmntAgt/FinInstnId/PstlAdr/AdrTp/Prtry,Prtry,GenericIdentification30,1,1
pacs.004.001.15,/Document/PmtRtr/TxInf/OrgnlTxRef/SttlmInf/InstdRmbrsmntAgt/FinInstnId/PstlAdr/AdrTp/Prtry/Id,Id,Exact4AlphaNumericText,1,1
pacs.004.001.15,/Document/PmtRtr/TxInf/OrgnlTxRef/SttlmInf/InstdRmbrsmntAgt/FinInstnId/PstlAdr/AdrTp/Prtry/Issr,Issr,Max35Text,1,1
pacs.004.001.15,/Document/PmtRtr/TxInf/OrgnlTxRef/SttlmInf/InstdRmbrsmntAgt/FinInstnId/PstlAdr/AdrTp/Prtry/SchmeNm,SchmeNm,Max35Text,0,1
pacs.004.001.15,/Document/PmtRtr/TxInf/OrgnlTxRef/SttlmInf/InstdRmbrsmntAgt/FinInstnId/PstlAdr/CareOf,CareOf,Max140Text,0,1
pacs.004.001.15,/Document/PmtRtr/TxInf/OrgnlTxRef/SttlmInf/InstdRmbrsmntAgt/FinInstnId/PstlAdr/Dept,Dept,Max70Text,0,1
pacs.004.001.15,/Document/PmtRtr/TxInf/OrgnlTxRef/SttlmInf/InstdRmbrsmntAgt/FinInstnId/PstlAdr/SubDept,SubDept,Max70Text,0,1
pacs.004.001.15,/Document/PmtRtr/TxInf/OrgnlTxRef/SttlmInf/InstdRmbrsmntAgt/FinInstnId/PstlAdr/StrtNm,StrtNm,Max140Text,0,1
pacs.004.001.15,/Document/PmtRtr/TxInf/OrgnlTxRef/SttlmInf/InstdRmbrsmntAgt/FinInstnId/PstlAdr/BldgNb,BldgNb,Max16Text,0,1
pacs.004.001.15,/Document/PmtRtr/TxInf/OrgnlTxRef/SttlmInf/InstdRmbrsmntAgt/FinInstnId/PstlAdr/BldgNm,BldgNm,Max140Text,0,1
pacs.004.001.15,/Document/PmtRtr/TxInf/OrgnlTxRef/SttlmInf/InstdRmbrsmntAgt/FinInstnId/PstlAdr/Flr,Flr,Max70Text,0,1
pacs.004.001.15,/Document/PmtRtr/TxInf/OrgnlTxRef/SttlmInf/InstdRmbrsmntAgt/FinInstnId/PstlAdr/UnitNb,UnitNb,Max16Text,0,1
pacs.004.001.15,/Document/PmtRtr/TxInf/OrgnlTxRef/SttlmInf/InstdRmbrsmntAgt/FinInstnId/PstlAdr/PstBx,PstBx,Max16Text,0,1
pacs.004.001.15,/Document/PmtRtr/TxInf/OrgnlTxRef/SttlmInf/InstdRmbrsmntAgt/FinInstnId/PstlAdr/Room,Room,Max70Text,0,1
pacs.004.001.15,/Document/PmtRtr/TxInf/OrgnlTxRef/SttlmInf/InstdRmbrsmntAgt/FinInstnId/PstlAdr/PstCd,PstCd,Max16Text,0,1
pacs.004.001.15,/Document/PmtRtr/TxInf/OrgnlTxRef/SttlmInf/InstdRmbrsmntAgt/FinInstnId/PstlAdr/TwnNm,TwnNm,Max140Text,0,1
pacs.004.001.15,/Document/PmtRtr/TxInf/OrgnlTxRef/SttlmInf/InstdRmbrsmntAgt/FinInstnId/PstlAdr/TwnLctnNm,TwnLctnNm,Max140Text,0,1
pacs.004.001.15,/Document/PmtRtr/TxInf/OrgnlTxRef/SttlmInf/InstdRmbrsmntAgt/FinInstnId/PstlAdr/DstrctNm,DstrctNm,Max140Text,0,1
pacs.004.001.15,/Document/PmtRtr/TxInf/OrgnlTxRef/SttlmInf/InstdRmbrsmntAgt/FinInstnId/PstlAdr/CtrySubDvsn,CtrySubDvsn,Max35Text,0,1
pacs.004.001.15,/Document/PmtRtr/TxInf/OrgnlTxRef/SttlmInf/InstdRmbrsmntAgt/FinInstnId/PstlAdr/Ctry,Ctry,CountryCode,0,1
pacs.004.001.15,/Document/PmtRtr/TxInf/OrgnlTxRef/SttlmInf/InstdRmbrsmntAgt/FinInstnId/PstlAdr/AdrLine,AdrLine,Max70Text,0,7
pacs.004.001.15,/Document/PmtRtr/TxInf/OrgnlTxRef/SttlmInf/InstdRmbrsmntAgt/FinInstnId/Othr,Othr,GenericFinancialIdentification1,0,1
pacs.004.001.15,/Document/PmtRtr/TxInf/OrgnlTxRef/SttlmInf/InstdRmbrsmntAgt/FinInstnId/Othr/Id,Id,Max35Text,1,1
pacs.004.001.15,/Document/PmtRtr/TxInf/OrgnlTxRef/SttlmInf/InstdRmbrsmntAgt/FinInstnId/Othr/SchmeNm,SchmeNm,FinancialIdentificationSchemeName1Choice,0,1
pacs.004.001.15,/Document/PmtRtr/TxInf/OrgnlTxRef/SttlmInf/InstdRmbrsmntAgt/FinInstnId/Othr/SchmeNm/Cd,Cd,ExternalFinancialInstitutionIdentification1Code,1,1
pacs.004.001.15,/Document/PmtRtr/TxInf/OrgnlTxRef/SttlmInf/InstdRmbrsmntAgt/FinInstnId/Othr/SchmeNm/Prtry,Prtry,Max35Text,1,1
pacs.004.001.15,/Document/PmtRtr/TxInf/OrgnlTxRef/SttlmInf/InstdRmbrsmntAgt/FinInstnId/Othr/Issr,Issr,Max35Text,0,1
pacs.004.001.15,/Document/PmtRtr/TxInf/OrgnlTxRef/SttlmInf/InstdRmbrsmntAgt/BrnchId,BrnchId,BranchData5,0,1
pacs.004.001.15,/Document/PmtRtr/TxInf/OrgnlTxRef/SttlmInf/InstdRmbrsmntAgt/BrnchId/Id,Id,Max35Text,0,1
pacs.004.001.15,/Document/PmtRtr/TxInf/OrgnlTxRef/SttlmInf/InstdRmbrsmntAgt/BrnchId/LEI,LEI,LEIIdentifier,0,1
pacs.004.001.15,/Document/PmtRtr/TxInf/OrgnlTxRef/SttlmInf/InstdRmbrsmntAgt/BrnchId/Nm,Nm,Max140Text,0,1
pacs.004.001.15,/Document/PmtRtr/TxInf/OrgnlTxRef/SttlmInf/InstdRmbrsmntAgt/BrnchId/PstlAdr,PstlAdr,PostalAddress27,0,1
pacs.004.001.15,/Document/PmtRtr/TxInf/OrgnlTxRef/SttlmInf/InstdRmbrsmntAgt/BrnchId/PstlAdr/AdrTp,AdrTp,AddressType3Choice,0,1
pacs.004.001.15,/Document/PmtRtr/TxInf/OrgnlTxRef/SttlmInf/InstdRmbrsmntAgt/BrnchId/PstlAdr/AdrTp/Cd,Cd,AddressType2Code,1,1
pacs.004.001.15,/Document/PmtRtr/TxInf/OrgnlTxRef/SttlmInf/InstdRmbrsmntAgt/BrnchId/PstlAdr/AdrTp/Prtry,Prtry,GenericIdentification30,1,1
pacs.004.001.15,/Document/PmtRtr/TxInf/OrgnlTxRef/SttlmInf/InstdRmbrsmntAgt/BrnchId/PstlAdr/AdrTp/Prtry/Id,Id,Exact4AlphaNumericText,1,1
pacs.004.001.15,/Document/PmtRtr/TxInf/OrgnlTxRef/SttlmInf/InstdRmbrsmntAgt/BrnchId/PstlAdr/AdrTp/Prtry/Issr,Issr,Max35Text,1,1
pacs.004.001.15,/Document/PmtRtr/TxInf/OrgnlTxRef/SttlmInf/InstdRmbrsmntAgt/BrnchId/PstlAdr/AdrTp/Prtry/SchmeNm,SchmeNm,Max35Text,0,1
pacs.004.001.15,/Document/PmtRtr/TxInf/OrgnlTxRef/SttlmInf/InstdRmbrsmntAgt/BrnchId/PstlAdr/CareOf,CareOf,Max140Text,0,1
pacs.004.001.15,/Document/PmtRtr/TxInf/OrgnlTxRef/SttlmInf/InstdRmbrsmntAgt/BrnchId/PstlAdr/Dept,Dept,Max70Text,0,1
pacs.004.001.15,/Document/PmtRtr/TxInf/OrgnlTxRef/SttlmInf/InstdRmbrsmntAgt/BrnchId/PstlAdr/SubDept,SubDept,Max70Text,0,1
pacs.004.001.15,/Document/PmtRtr/TxInf/OrgnlTxRef/SttlmInf/InstdRmbrsmntAgt/BrnchId/PstlAdr/StrtNm,StrtNm,Max140Text,0,1
pacs.004.001.15,/Document/PmtRtr/TxInf/OrgnlTxRef/SttlmInf/InstdRmbrsmntAgt/BrnchId/PstlAdr/BldgNb,BldgNb,Max16Text,0,1
pacs.004.001.15,/Document/PmtRtr/TxInf/OrgnlTxRef/SttlmInf/InstdRmbrsmntAgt/BrnchId/PstlAdr/BldgNm,BldgNm,Max140Text,0,1
pacs.004.001.15,/Document/PmtRtr/TxInf/OrgnlTxRef/SttlmInf/InstdRmbrsmntAgt/BrnchId/PstlAdr/Flr,Flr,Max70Text,0,1
pacs.004.001.15,/Document/PmtRtr/TxInf/OrgnlTxRef/SttlmInf/InstdRmbrsmntAgt/BrnchId/PstlAdr/UnitNb,UnitNb,Max16Text,0,1
pacs.004.001.15,/Document/PmtRtr/TxInf/OrgnlTxRef/SttlmInf/InstdRmbrsmntAgt/BrnchId/PstlAdr/PstBx,PstBx,Max16Text,0,1
pacs.004.001.15,/Document/PmtRtr/TxInf/OrgnlTxRef/SttlmInf/InstdRmbrsmntAgt/BrnchId/PstlAdr/Room,Room,Max70Text,0,1
pacs.004.001.15,/Document/PmtRtr/TxInf/OrgnlTxRef/SttlmInf/InstdRmbrsmntAgt/BrnchId/PstlAdr/PstCd,PstCd,Max16Text,0,1
pacs.004.001.15,/Document/PmtRtr/TxInf/OrgnlTxRef/SttlmInf/InstdRmbrsmntAgt/BrnchId/PstlAdr/TwnNm,TwnNm,Max140Text,0,1
pacs.004.001.15,/Document/PmtRtr/TxInf/OrgnlTxRef/SttlmInf/InstdRmbrsmntAgt/BrnchId/PstlAdr/TwnLctnNm,TwnLctnNm,Max140Text,0,1
pacs.004.001.15,/Document/PmtRtr/TxInf/OrgnlTxRef/SttlmInf/InstdRmbrsmntAgt/BrnchId/PstlAdr/DstrctNm,DstrctNm,Max140Text,0,1
pacs.004.001.15,/Document/PmtRtr/TxInf/OrgnlTxRef/SttlmInf/InstdRmbrsmntAgt/BrnchId/PstlAdr/CtrySubDvsn,CtrySubDvsn,Max35Text,0,1
pacs.004.001.15,/Document/PmtRtr/TxInf/OrgnlTxRef/SttlmInf/InstdRmbrsmntAgt/BrnchId/PstlAdr/Ctry,Ctry,CountryCode,0,1
pacs.004.001.15,/Document/PmtRtr/TxInf/OrgnlTxRef/SttlmInf/InstdRmbrsmntAgt/BrnchId/PstlAdr/AdrLine,AdrLine,Max70Text,0,7
pacs.004.001.15,/Document/PmtRtr/TxInf/OrgnlTxRef/SttlmInf/InstdRmbrsmntAgtAcct,InstdRmbrsmntAgtAcct,CashAccount40,0,1
pacs.004.001.15,/Document/PmtRtr/TxInf/OrgnlTxRef/SttlmInf/InstdRmbrsmntAgtAcct/Id,Id,AccountIdentification4Choice,0,1
pacs.004.001.15,/Document/PmtRtr/TxInf/OrgnlTxRef/SttlmInf/InstdRmbrsmntAgtAcct/Id/IBAN,IBAN,IBAN2007Identifier,1,1
pacs.004.001.15,/Document/PmtRtr/TxInf/OrgnlTxRef/SttlmInf/InstdRmbrsmntAgtAcct/Id/Othr,Othr,GenericAccountIdentification1,1,1
pacs.004.001.15,/Document/PmtRtr/TxInf/OrgnlTxRef/SttlmInf/InstdRmbrsmntAgtAcct/Id/Othr/Id,Id,Max34Text,1,1
pacs.004.001.15,/Document/PmtRtr/TxInf/OrgnlTxRef/SttlmInf/InstdRmbrsmntAgtAcct/Id/Othr/SchmeNm,SchmeNm,AccountSchemeName1Choice,0,1
pacs.004.001.15,/Document/PmtRtr/TxInf/OrgnlTxRef/SttlmInf/InstdRmbrsmntAgtAcct/Id/Othr/SchmeNm/Cd,Cd,ExternalAccountIdentification1Code,1,1
pacs.004.001.15,/Document/PmtRtr/TxInf/OrgnlTxRef/SttlmInf/InstdRmbrsmntAgtAcct/Id/Othr/SchmeNm/Prtry,Prtry,Max35Text,1,1
pacs.004.001.15,/Document/PmtRtr/TxInf/OrgnlTxRef/SttlmInf/InstdRmbrsmntAgtAcct/Id/Othr/Issr,Issr,Max35Text,0,1
pacs.004.001.15,/Document/PmtRtr/TxInf/OrgnlTxRef/SttlmInf/InstdRmbrsmntAgtAcct/Tp,Tp,CashAccountType2Choice,0,1
pacs.004.001.15,/Document/PmtRtr/TxInf/OrgnlTxRef/SttlmInf/InstdRmbrsmntAgtAcct/Tp/Cd,Cd,ExternalCashAccountType1Code,1,1
pacs.004.001.15,/Document/PmtRtr/TxInf/OrgnlTxRef/SttlmInf/InstdRmbrsmntAgtAcct/Tp/Prtry,Prtry,Max35Text,1,1
pacs.004.001.15,/Document/PmtRtr/TxInf/OrgnlTxRef/SttlmInf/InstdRmbrsmntAgtAcct/Ccy,Ccy,ActiveOrHistoricCurrencyCode,0,1
pacs.004.001.15,/Document/PmtRtr/TxInf/OrgnlTxRef/SttlmInf/InstdRmbrsmntAgtAcct/Nm,Nm,Max70Text,0,1
pacs.004.001.15,/Document/PmtRtr/TxInf/OrgnlTxRef/SttlmInf/InstdRmbrsmntAgtAcct/Prxy,Prxy,ProxyAccountIdentification1,0,1
pacs.004.001.15,/Document/PmtRtr/TxInf/OrgnlTxRef/SttlmInf/InstdRmbrsmntAgtAcct/Prxy/Tp,Tp,ProxyAccountType1Choice,0,1
pacs.004.001.15,/Document/PmtRtr/TxInf/OrgnlTxRef/SttlmInf/InstdRmbrsmntAgtAcct/Prxy/Tp/Cd,Cd,ExternalProxyAccountType1Code,1,1
pacs.004.001.15,/Document/PmtRtr/TxInf/OrgnlTxRef/SttlmInf/InstdRmbrsmntAgtAcct/Prxy/Tp/Prtry,Prtry,Max35Text,1,1
pacs.004.001.15,/Document/PmtRtr/TxInf/OrgnlTxRef/SttlmInf/InstdRmbrsmntAgtAcct/Prxy/Id,Id,Max2048Text,1,1
pacs.004.001.15,/Document/PmtRtr/TxInf/OrgnlTxRef/SttlmInf/ThrdRmbrsmntAgt,ThrdRmbrsmntAgt,BranchAndFinancialInstitutionIdentification8,0,1
pacs.004.001.15,/Document/PmtRtr/TxInf/OrgnlTxRef/SttlmInf/ThrdRmbrsmntAgt/FinInstnId,FinInstnId,FinancialInstitutionIdentification23,1,1
pacs.004.001.15,/Document/PmtRtr/TxInf/OrgnlTxRef/SttlmInf/ThrdRmbrsmntAgt/FinInstnId/BICFI,BICFI,BICFIDec2014Identifier,0,1
pacs.004.001.15,/Document/PmtRtr/TxInf/OrgnlTxRef/SttlmInf/ThrdRmbrsmntAgt/FinInstnId/ClrSysMmbId,ClrSysMmbId,ClearingSystemMemberIdentification2,0,1
pacs.004.001.15,/Document/PmtRtr/TxInf/OrgnlTxRef/SttlmInf/ThrdRmbrsmntAgt/FinInstnId/ClrSysMmbId/ClrSysId,ClrSysId,ClearingSystemIdentification2Choice,0,1
pacs.004.001.15,/Document/PmtRtr/TxInf/OrgnlTxRef/SttlmInf/ThrdRmbrsmntAgt/FinInstnId/ClrSysMmbId/ClrSysId/Cd,Cd,ExternalClearingSystemIdentification1Code,1,1
pacs.004.001.15,/Document/PmtRtr/TxInf/OrgnlTxRef/SttlmInf/ThrdRmbrsmntAgt/FinInstnId/ClrSysMmbId/ClrSysId/Prtry,Prtry,Max35Text,1,1
pacs.004.001.15,/Document/PmtRtr/TxInf/OrgnlTxRef/SttlmInf/ThrdRmbrsmntAgt/FinInstnId/ClrSysMmbId/MmbId,MmbId,Max35Text,1,1
pacs.004.001.15,/Document/PmtRtr/TxInf/OrgnlTxRef/SttlmInf/ThrdRmbrsmntAgt/FinInstnId/LEI,LEI,LEIIdentifier,0,1
pacs.004.001.15,/Document/PmtRtr/TxInf/OrgnlTxRef/SttlmInf/ThrdRmbrsmntAgt/FinInstnId/Nm,Nm,Max140Text,0,1
pacs.004.001.15,/Document/PmtRtr/TxInf/OrgnlTxRef/SttlmInf/ThrdRmbrsmntAgt/FinInstnId/PstlAdr,PstlAdr,PostalAddress27,0,1
pacs.004.001.15,/Document/PmtRtr/TxInf/OrgnlTxRef/SttlmInf/ThrdRmbrsmntAgt/FinInstnId/PstlAdr/AdrTp,AdrTp,AddressType3Choice,0,1
pacs.004.001.15,/Document/PmtRtr/TxInf/OrgnlTxRef/SttlmInf/ThrdRmbrsmntAgt/FinInstnId/PstlAdr/AdrTp/Cd,Cd,AddressType2Code,1,1
pacs.004.001.15,/Document/PmtRtr/TxInf/OrgnlTxRef/SttlmInf/ThrdRmbrsmntAgt/FinInstnId/PstlAdr/AdrTp/Prtry,Prtry,GenericIdentification30,1,1
pacs.004.001.15,/Document/PmtRtr/TxInf/OrgnlTxRef/SttlmInf/ThrdRmbrsmntAgt/FinInstnId/PstlAdr/AdrTp/Prtry/Id,Id,Exact4AlphaNumericText,1,1
pacs.004.001.15,/Document/PmtRtr/TxInf/OrgnlTxRef/SttlmInf/ThrdRmbrsmntAgt/FinInstnId/PstlAdr/AdrTp/Prtry/Issr,Issr,Max35Text,1,1
pacs.004.001.15,/Document/PmtRtr/TxInf/OrgnlTxRef/SttlmInf/ThrdRmbrsmntAgt/FinInstnId/PstlAdr/AdrTp/Prtry/SchmeNm,SchmeNm,Max35Text,0,1
pacs.004.001.15,/Document/PmtRtr/TxInf/OrgnlTxRef/SttlmInf/ThrdRmbrsmntAgt/FinInstnId/PstlAdr/CareOf,CareOf,Max140Text,0,1
pacs.004.001.15,/Document/PmtRtr/TxInf/OrgnlTxRef/SttlmInf/ThrdRmbrsmntAgt/FinInstnId/PstlAdr/Dept,Dept,Max70Text,0,1
pacs.004.001.15,/Document/PmtRtr/TxInf/OrgnlTxRef/SttlmInf/ThrdRmbrsmntAgt/FinInstnId/PstlAdr/SubDept,SubDept,Max70Text,0,1
pacs.004.001.15,/Document/PmtRtr/TxInf/OrgnlTxRef/SttlmInf/ThrdRmbrsmntAgt/FinInstnId/PstlAdr/StrtNm,StrtNm,Max140Text,0,1
pacs.004.001.15,/Document/PmtRtr/TxInf/OrgnlTxRef/SttlmInf/ThrdRmbrsmntAgt/FinInstnId/PstlAdr/BldgNb,BldgNb,Max16Text,0,1
pacs.004.001.15,/Document/PmtRtr/TxInf/OrgnlTxRef/SttlmInf/ThrdRmbrsmntAgt/FinInstnId/PstlAdr/BldgNm,BldgNm,Max140Text,0,1
pacs.004.001.15,/Document/PmtRtr/TxInf/OrgnlTxRef/SttlmInf/ThrdRmbrsmntAgt/FinInstnId/PstlAdr/Flr,Flr,Max70Text,0,1
pacs.004.001.15,/Document/PmtRtr/TxInf/OrgnlTxRef/SttlmInf/ThrdRmbrsmntAgt/FinInstnId/PstlAdr/UnitNb,UnitNb,Max16Text,0,1
pacs.004.001.15,/Document/PmtRtr/TxInf/OrgnlTxRef/SttlmInf/ThrdRmbrsmntAgt/FinInstnId/PstlAdr/PstBx,PstBx,Max16Text,0,1
pacs.004.001.15,/Document/PmtRtr/TxInf/OrgnlTxRef/SttlmInf/ThrdRmbrsmntAgt/FinInstnId/PstlAdr/Room,Room,Max70Text,0,1
pacs.004.001.15,/Document/PmtRtr/TxInf/OrgnlTxRef/SttlmInf/ThrdRmbrsmntAgt/FinInstnId/PstlAdr/PstCd,PstCd,Max16Text,0,1
pacs.004.001.15,/Document/PmtRtr/TxInf/OrgnlTxRef/SttlmInf/ThrdRmbrsmntAgt/FinInstnId/PstlAdr/TwnNm,TwnNm,Max140Text,0,1
pacs.004.001.15,/Document/PmtRtr/TxInf/OrgnlTxRef/SttlmInf/ThrdRmbrsmntAgt/FinInstnId/PstlAdr/TwnLctnNm,TwnLctnNm,Max140Text,0,1
pacs.004.001.15,/Document/PmtRtr/TxInf/OrgnlTxRef/SttlmInf/ThrdRmbrsmntAgt/FinInstnId/PstlAdr/DstrctNm,DstrctNm,Max140Text,0,1
pacs.004.001.15,/Document/PmtRtr/TxInf/OrgnlTxRef/SttlmInf/ThrdRmbrsmntAgt/FinInstnId/PstlAdr/CtrySubDvsn,CtrySubDvsn,Max35Text,0,1
pacs.004.001.15,/Document/PmtRtr/TxInf/OrgnlTxRef/SttlmInf/ThrdRmbrsmntAgt/FinInstnId/PstlAdr/Ctry,Ctry,CountryCode,0,1
pacs.004.001.15,/Document/PmtRtr/TxInf/OrgnlTxRef/SttlmInf/ThrdRmbrsmntAgt/FinInstnId/PstlAdr/AdrLine,AdrLine,Max70Text,0,7
pacs.004.001.15,/Document/PmtRtr/TxInf/OrgnlTxRef/SttlmInf/ThrdRmbrsmntAgt/FinInstnId/Othr,Othr,GenericFinancialIdentification1,0,1
pacs.004.001.15,/Document/PmtRtr/TxInf/OrgnlTxRef/SttlmInf/ThrdRmbrsmntAgt/FinInstnId/Othr/Id,Id,Max35Text,1,1
pacs.004.001.15,/Document/PmtRtr/TxInf/OrgnlTxRef/SttlmInf/ThrdRmbrsmntAgt/FinInstnId/Othr/SchmeNm,SchmeNm,FinancialIdentificationSchemeName1Choice,0,1
pacs.004.001.15,/Document/PmtRtr/TxInf/OrgnlTxRef/SttlmInf/ThrdRmbrsmntAgt/FinInstnId/Othr/SchmeNm/Cd,Cd,ExternalFinancialInstitutionIdentification1Code,1,1
pacs.004.001.15,/Document/PmtRtr/TxInf/OrgnlTxRef/SttlmInf/ThrdRmbrsmntAgt/FinInstnId/Othr/SchmeNm/Prtry,Prtry,Max35Text,1,1
pacs.004.001.15,/Document/PmtRtr/TxInf/OrgnlTxRef/SttlmInf/ThrdRmbrsmntAgt/FinInstnId/Othr/Issr,Issr,Max35Text,0,1
pacs.004.001.15,/Document/PmtRtr/TxInf/OrgnlTxRef/SttlmInf/ThrdRmbrsmntAgt/BrnchId,BrnchId,BranchData5,0,1
pacs.004.001.15,/Document/PmtRtr/TxInf/OrgnlTxRef/SttlmInf/ThrdRmbrsmntAgt/BrnchId/Id,Id,Max35Text,0,1
pacs.004.001.15,/Document/PmtRtr/TxInf/OrgnlTxRef/SttlmInf/ThrdRmbrsmntAgt/BrnchId/LEI,LEI,LEIIdentifier,0,1
pacs.004.001.15,/Document/PmtRtr/TxInf/OrgnlTxRef/SttlmInf/ThrdRmbrsmntAgt/BrnchId/Nm,Nm,Max140Text,0,1
pacs.004.001.15,/Document/PmtRtr/TxInf/OrgnlTxRef/SttlmInf/ThrdRmbrsmntAgt/BrnchId/PstlAdr,PstlAdr,PostalAddress27,0,1
pacs.004.001.15,/Document/PmtRtr/TxInf/OrgnlTxRef/SttlmInf/ThrdRmbrsmntAgt/BrnchId/PstlAdr/AdrTp,AdrTp,AddressType3Choice,0,1
pacs.004.001.15,/Document/PmtRtr/TxInf/OrgnlTxRef/SttlmInf/ThrdRmbrsmntAgt/BrnchId/PstlAdr/AdrTp/Cd,Cd,AddressType2Code,1,1
pacs.004.001.15,/Document/PmtRtr/TxInf/OrgnlTxRef/SttlmInf/ThrdRmbrsmntAgt/BrnchId/PstlAdr/AdrTp/Prtry,Prtry,GenericIdentification30,1,1
pacs.004.001.15,/Document/PmtRtr/TxInf/OrgnlTxRef/SttlmInf/ThrdRmbrsmntAgt/BrnchId/PstlAdr/AdrTp/Prtry/Id,Id,Exact4AlphaNumericText,1,1
pacs.004.001.15,/Document/PmtRtr/TxInf/OrgnlTxRef/SttlmInf/ThrdRmbrsmntAgt/BrnchId/PstlAdr/AdrTp/Prtry/Issr,Issr,Max35Text,1,1
pacs.004.001.15,/Document/PmtRtr/TxInf/OrgnlTxRef/SttlmInf/ThrdRmbrsmntAgt/BrnchId/PstlAdr/AdrTp/Prtry/SchmeNm,SchmeNm,Max35Text,0,1
pacs.004.001.15,/Document/PmtRtr/TxInf/OrgnlTxRef/SttlmInf/ThrdRmbrsmntAgt/BrnchId/PstlAdr/CareOf,CareOf,Max140Text,0,1
pacs.004.001.15,/Document/PmtRtr/TxInf/OrgnlTxRef/SttlmInf/ThrdRmbrsmntAgt/BrnchId/PstlAdr/Dept,Dept,Max70Text,0,1
pacs.004.001.15,/Document/PmtRtr/TxInf/OrgnlTxRef/SttlmInf/ThrdRmbrsmntAgt/BrnchId/PstlAdr/SubDept,SubDept,Max70Text,0,1
pacs.004.001.15,/Document/PmtRtr/TxInf/OrgnlTxRef/SttlmInf/ThrdRmbrsmntAgt/BrnchId/PstlAdr/StrtNm,StrtNm,Max140Text,0,1
pacs.004.001.15,/Document/PmtRtr/TxInf/OrgnlTxRef/SttlmInf/ThrdRmbrsmntAgt/BrnchId/PstlAdr/BldgNb,BldgNb,Max16Text,0,1
pacs.004.001.15,/Document/PmtRtr/TxInf/OrgnlTxRef/SttlmInf/ThrdRmbrsmntAgt/BrnchId/PstlAdr/BldgNm,BldgNm,Max140Text,0,1
pacs.004.001.15,/Document/PmtRtr/TxInf/OrgnlTxRef/SttlmInf/ThrdRmbrsmntAgt/BrnchId/PstlAdr/Flr,Flr,Max70Text,0,1
pacs.004.001.15,/Document/PmtRtr/TxInf/OrgnlTxRef/SttlmInf/ThrdRmbrsmntAgt/BrnchId/PstlAdr/UnitNb,UnitNb,Max16Text,0,1
pacs.004.001.15,/Document/PmtRtr/TxInf/OrgnlTxRef/SttlmInf/ThrdRmbrsmntAgt/BrnchId/PstlAdr/PstBx,PstBx,Max16Text,0,1
pacs.004.001.15,/Document/PmtRtr/TxInf/OrgnlTxRef/SttlmInf/ThrdRmbrsmntAgt/BrnchId/PstlAdr/Room,Room,Max70Text,0,1
pacs.004.001.15,/Document/PmtRtr/TxInf/OrgnlTxRef/SttlmInf/ThrdRmbrsmntAgt/BrnchId/PstlAdr/PstCd,PstCd,Max16Text,0,1
pacs.004.001.15,/Document/PmtRtr/TxInf/OrgnlTxRef/SttlmInf/ThrdRmbrsmntAgt/BrnchId/PstlAdr/TwnNm,TwnNm,Max140Text,0,1
pacs.004.001.15,/Document/PmtRtr/TxInf/OrgnlTxRef/SttlmInf/ThrdRmbrsmntAgt/BrnchId/PstlAdr/TwnLctnNm,TwnLctnNm,Max140Text,0,1
pacs.004.001.15,/Document/PmtRtr/TxInf/OrgnlTxRef/SttlmInf/ThrdRmbrsmntAgt/BrnchId/PstlAdr/DstrctNm,DstrctNm,Max140Text,0,1
pacs.004.001.15,/Document/PmtRtr/TxInf/OrgnlTxRef/SttlmInf/ThrdRmbrsmntAgt/BrnchId/PstlAdr/CtrySubDvsn,CtrySubDvsn,Max35Text,0,1
pacs.004.001.15,/Document/PmtRtr/TxInf/OrgnlTxRef/SttlmInf/ThrdRmbrsmntAgt/BrnchId/PstlAdr/Ctry,Ctry,CountryCode,0,1
pacs.004.001.15,/Document/PmtRtr/TxInf/OrgnlTxRef/SttlmInf/ThrdRmbrsmntAgt/BrnchId/PstlAdr/AdrLine,AdrLine,Max70Text,0,7
pacs.004.001.15,/Document/PmtRtr/TxInf/OrgnlTxRef/SttlmInf/ThrdRmbrsmntAgtAcct,ThrdRmbrsmntAgtAcct,CashAccount40,0,1
pacs.004.001.15,/Document/PmtRtr/TxInf/OrgnlTxRef/SttlmInf/ThrdRmbrsmntAgtAcct/Id,Id,AccountIdentification4Choice,0,1
pacs.004.001.15,/Document/PmtRtr/TxInf/OrgnlTxRef/SttlmInf/ThrdRmbrsmntAgtAcct/Id/IBAN,IBAN,IBAN2007Identifier,1,1
pacs.004.001.15,/Document/PmtRtr/TxInf/OrgnlTxRef/SttlmInf/ThrdRmbrsmntAgtAcct/Id/Othr,Othr,GenericAccountIdentification1,1,1
pacs.004.001.15,/Document/PmtRtr/TxInf/OrgnlTxRef/SttlmInf/ThrdRmbrsmntAgtAcct/Id/Othr/Id,Id,Max34Text,1,1
pacs.004.001.15,/Document/PmtRtr/TxInf/OrgnlTxRef/SttlmInf/ThrdRmbrsmntAgtAcct/Id/Othr/SchmeNm,SchmeNm,AccountSchemeName1Choice,0,1
pacs.004.001.15,/Document/PmtRtr/TxInf/OrgnlTxRef/SttlmInf/ThrdRmbrsmntAgtAcct/Id/Othr/SchmeNm/Cd,Cd,ExternalAccountIdentification1Code,1,1
pacs.004.001.15,/Document/PmtRtr/TxInf/OrgnlTxRef/SttlmInf/ThrdRmbrsmntAgtAcct/Id/Othr/SchmeNm/Prtry,Prtry,Max35Text,1,1
pacs.004.001.15,/Document/PmtRtr/TxInf/OrgnlTxRef/SttlmInf/ThrdRmbrsmntAgtAcct/Id/Othr/Issr,Issr,Max35Text,0,1
pacs.004.001.15,/Document/PmtRtr/TxInf/OrgnlTxRef/SttlmInf/ThrdRmbrsmntAgtAcct/Tp,Tp,CashAccountType2Choice,0,1
pacs.004.001.15,/Document/PmtRtr/TxInf/OrgnlTxRef/SttlmInf/ThrdRmbrsmntAgtAcct/Tp/Cd,Cd,ExternalCashAccountType1Code,1,1
pacs.004.001.15,/Document/PmtRtr/TxInf/OrgnlTxRef/SttlmInf/ThrdRmbrsmntAgtAcct/Tp/Prtry,Prtry,Max35Text,1,1
pacs.004.001.15,/Document/PmtRtr/TxInf/OrgnlTxRef/SttlmInf/ThrdRmbrsmntAgtAcct/Ccy,Ccy,ActiveOrHistoricCurrencyCode,0,1
pacs.004.001.15,/Document/PmtRtr/TxInf/OrgnlTxRef/SttlmInf/ThrdRmbrsmntAgtAcct/Nm,Nm,Max70Text,0,1
pacs.004.001.15,/Document/PmtRtr/TxInf/OrgnlTxRef/SttlmInf/ThrdRmbrsmntAgtAcct/Prxy,Prxy,ProxyAccountIdentification1,0,1
pacs.004.001.15,/Document/PmtRtr/TxInf/OrgnlTxRef/SttlmInf/ThrdRmbrsmntAgtAcct/Prxy/Tp,Tp,ProxyAccountType1Choice,0,1
pacs.004.001.15,/Document/PmtRtr/TxInf/OrgnlTxRef/SttlmInf/ThrdRmbrsmntAgtAcct/Prxy/Tp/Cd,Cd,ExternalProxyAccountType1Code,1,1
pacs.004.001.15,/Document/PmtRtr/TxInf/OrgnlTxRef/SttlmInf/ThrdRmbrsmntAgtAcct/Prxy/Tp/Prtry,Prtry,Max35Text,1,1
pacs.004.001.15,/Document/PmtRtr/TxInf/OrgnlTxRef/SttlmInf/ThrdRmbrsmntAgtAcct/Prxy/Id,Id,Max2048Text,1,1
pacs.004.001.15,/Document/PmtRtr/TxInf/OrgnlTxRef/PmtTpInf,PmtTpInf,PaymentTypeInformation27,0,1
pacs.004.001.15,/Document/PmtRtr/TxInf/OrgnlTxRef/PmtTpInf/InstrPrty,InstrPrty,Priority2Code,0,1
pacs.004.001.15,/Document/PmtRtr/TxInf/OrgnlTxRef/PmtTpInf/ClrChanl,ClrChanl,ClearingChannel2Code,0,1
pacs.004.001.15,/Document/PmtRtr/TxInf/OrgnlTxRef/PmtTpInf/SvcLvl,SvcLvl,ServiceLevel8Choice,0,
pacs.004.001.15,/Document/PmtRtr/TxInf/OrgnlTxRef/PmtTpInf/SvcLvl/Cd,Cd,ExternalServiceLevel1Code,1,1
pacs.004.001.15,/Document/PmtRtr/TxInf/OrgnlTxRef/PmtTpInf/SvcLvl/Prtry,Prtry,Max35Text,1,1
pacs.004.001.15,/Document/PmtRtr/TxInf/OrgnlTxRef/PmtTpInf/LclInstrm,LclInstrm,LocalInstrument2Choice,0,1
pacs.004.001.15,/Document/PmtRtr/TxInf/OrgnlTxRef/PmtTpInf/LclInstrm/Cd,Cd,ExternalLocalInstrument1Code,1,1
pacs.004.001.15,/Document/PmtRtr/TxInf/OrgnlTxRef/PmtTpInf/LclInstrm/Prtry,Prtry,Max35Text,1,1
pacs.004.001.15,/Document/PmtRtr/TxInf/OrgnlTxRef/PmtTpInf/SeqTp,SeqTp,SequenceType3Code,0,1
pacs.004.001.15,/Document/PmtRtr/TxInf/OrgnlTxRef/PmtTpInf/CtgyPurp,CtgyPurp,CategoryPurpose1Choice,0,1
pacs.004.001.15,/Document/PmtRtr/TxInf/OrgnlTxRef/PmtTpInf/CtgyPurp/Cd,Cd,ExternalCategoryPurpose1Code,1,1
pacs.004.001.15,/Document/PmtRtr/TxInf/OrgnlTxRef/PmtTpInf/CtgyPurp/Prtry,Prtry,Max35Text,1,1
pacs.004.001.15,/Document/PmtRtr/TxInf/OrgnlTxRef/PmtMtd,PmtMtd,PaymentMethod4Code,0,1
pacs.004.001.15,/Document/PmtRtr/TxInf/OrgnlTxRef/MndtRltdInf,MndtRltdInf,MandateRelatedData5Choice,0,1
pacs.004.001.15,/Document/PmtRtr/TxInf/OrgnlTxRef/MndtRltdInf/DrctDbtMndt,DrctDbtMndt,MandateRelatedInformation16,1,1
pacs.004.001.15,/Document/PmtRtr/TxInf/OrgnlTxRef/MndtRltdInf/DrctDbtMndt/MndtId,MndtId,Max35Text,0,1
pacs.004.001.15,/Document/PmtRtr/TxInf/OrgnlTxRef/MndtRltdInf/DrctDbtMndt/DtOfSgntr,DtOfSgntr,ISODate,0,1
pacs.004.001.15,/Document/PmtRtr/TxInf/OrgnlTxRef/MndtRltdInf/DrctDbtMndt/AmdmntInd,AmdmntInd,TrueFalseIndicator,0,1
pacs.004.001.15,/Document/PmtRtr/TxInf/OrgnlTxRef/MndtRltdInf/DrctDbtMndt/AmdmntInfDtls,AmdmntInfDtls,AmendmentInformationDetails15,0,1
pacs.004.001.15,/Document/PmtRtr/TxInf/OrgnlTxRef/MndtRltdInf/DrctDbtMndt/AmdmntInfDtls/OrgnlMndtId,OrgnlMndtId,Max35Text,0,1
pacs.004.001.15,/Document/PmtRtr/TxInf/OrgnlTxRef/MndtRltdInf/DrctDbtMndt/AmdmntInfDtls/OrgnlCdtrSchmeId,OrgnlCdtrSchmeId,PartyIdentification272,0,1
pacs.004.001.15,/Document/PmtRtr/TxInf/OrgnlTxRef/MndtRltdInf/DrctDbtMndt/AmdmntInfDtls/OrgnlCdtrSchmeId/Nm,Nm,Max140Text,0,1
pacs.004.001.15,/Document/PmtRtr/TxInf/OrgnlTxRef/MndtRltdInf/DrctDbtMndt/AmdmntInfDtls/OrgnlCdtrSchmeId/PstlAdr,PstlAdr,PostalAddress27,0,1
pacs.004.001.15,/Document/PmtRtr/TxInf/OrgnlTxRef/MndtRltdInf/DrctDbtMndt/AmdmntInfDtls/OrgnlCdtrSchmeId/PstlAdr/AdrTp,AdrTp,AddressType3Choice,0,1
pacs.004.001.15,/Document/PmtRtr/TxInf/OrgnlTxRef/MndtRltdInf/DrctDbtMndt/AmdmntInfDtls/OrgnlCdtrSchmeId/PstlAdr/AdrTp/Cd,Cd,AddressType2Code,1,1
pacs.004.001.15,/Document/PmtRtr/TxInf/OrgnlTxRef/MndtRltdInf/DrctDbtMndt/AmdmntInfDtls/OrgnlCdtrSchmeId/PstlAdr/AdrTp/Prtry,Prtry,GenericIdentification30,1,1
pacs.004.001.15,/Document/PmtRtr/TxInf/OrgnlTxRef/MndtRltdInf/DrctDbtMndt/AmdmntInfDtls/OrgnlCdtrSchmeId/PstlAdr/AdrTp/Prtry/Id,Id,Exact4AlphaNumericText,1,1
pacs.004.001.15,/Document/PmtRtr/TxInf/OrgnlTxRef/MndtRltdInf/DrctDbtMndt/AmdmntInfDtls/OrgnlCdtrSchmeId/PstlAdr/AdrTp/Prtry/Issr,Issr,Max35Text,1,1
pacs.004.001.15,/Document/PmtRtr/TxInf/OrgnlTxRef/MndtRltdInf/DrctDbtMndt/AmdmntInfDtls/OrgnlCdtrSchmeId/PstlAdr/AdrTp/Prtry/SchmeNm,SchmeNm,Max35Text,0,1
pacs.004.001.15,/Document/PmtRtr/TxInf/OrgnlTxRef/MndtRltdInf/DrctDbtMndt/AmdmntInfDtls/OrgnlCdtrSchmeId/PstlAdr/CareOf,CareOf,Max140Text,0,1
pacs.004.001.15,/Document/PmtRtr/TxInf/OrgnlTxRef/MndtRltdInf/DrctDbtMndt/AmdmntInfDtls/OrgnlCdtrSchmeId/PstlAdr/Dept,Dept,Max70Text,0,1
pacs.004.001.15,/Document/PmtRtr/TxInf/OrgnlTxRef/MndtRltdInf/DrctDbtMndt/AmdmntInfDtls/OrgnlCdtrSchmeId/PstlAdr/SubDept,SubDept,Max70Text,0,1
pacs.004.001.15,/Document/PmtRtr/TxInf/OrgnlTxRef/MndtRltdInf/DrctDbtMndt/AmdmntInfDtls/OrgnlCdtrSchmeId/PstlAdr/StrtNm,StrtNm,Max140Text,0,1
pacs.004.001.15,/Document/PmtRtr/TxInf/OrgnlTxRef/MndtRltdInf/DrctDbtMndt/AmdmntInfDtls/OrgnlCdtrSchmeId/PstlAdr/BldgNb,BldgNb,Max16Text,0,1
pacs.004.001.15,/Document/PmtRtr/TxInf/OrgnlTxRef/MndtRltdInf/DrctDbtMndt/AmdmntInfDtls/OrgnlCdtrSchmeId/PstlAdr/BldgNm,BldgNm,Max140Text,0,1
pacs.004.001.15,/Document/PmtRtr/TxInf/OrgnlTxRef/MndtRltdInf/DrctDbtMndt/AmdmntInfDtls/OrgnlCdtrSchmeId/PstlAdr/Flr,Flr,Max70Text,0,1
pacs.004.001.15,/Document/PmtRtr/TxInf/OrgnlTxRef/MndtRltdInf/DrctDbtMndt/AmdmntInfDtls/OrgnlCdtrSchmeId/PstlAdr/UnitNb,UnitNb,Max16Text,0,1
pacs.004.001.15,/Document/PmtRtr/TxInf/OrgnlTxRef/MndtRltdInf/DrctDbtMndt/AmdmntInfDtls/OrgnlCdtrSchmeId/PstlAdr/PstBx,PstBx,Max16Text,0,1
pacs.004.001.15,/Document/PmtRtr/TxInf/OrgnlTxRef/MndtRltdInf/DrctDbtMndt/AmdmntInfDtls/OrgnlCdtrSchmeId/PstlAdr/Room,Room,Max70Text,0,1
pacs.004.001.15,/Document/PmtRtr/TxInf/OrgnlTxRef/MndtRltdInf/DrctDbtMndt/AmdmntInfDtls/OrgnlCdtrSchmeId/PstlAdr/PstCd,PstCd,Max16Text,0,1
pacs.004.001.15,/Document/PmtRtr/TxInf/OrgnlTxRef/MndtRltdInf/DrctDbtMndt/AmdmntInfDtls/OrgnlCdtrSchmeId/PstlAdr/TwnNm,TwnNm,Max140Text,0,1
pacs.004.001.15,/Document/PmtRtr/TxInf/OrgnlTxRef/MndtRltdInf/DrctDbtMndt/AmdmntInfDtls/OrgnlCdtrSchmeId/PstlAdr/TwnLctnNm,TwnLctnNm,Max140Text,0,1
pacs.004.001.15,/Document/PmtRtr/TxInf/OrgnlTxRef/MndtRltdInf/DrctDbtMndt/AmdmntInfDtls/OrgnlCdtrSchmeId/PstlAdr/DstrctNm,DstrctNm,Max140Text,0,1
pacs.004.001.15,/Document/PmtRtr/TxInf/OrgnlTxRef/MndtRltdInf/DrctDbtMndt/AmdmntInfDtls/OrgnlCdtrSchmeId/PstlAdr/CtrySubDvsn,CtrySubDvsn,Max35Text,0,1
pacs.004.001.15,/Document/PmtRtr/TxInf/OrgnlTxRef/MndtRltdInf/DrctDbtMndt/AmdmntInfDtls/OrgnlCdtrSchmeId/PstlAdr/Ctry,Ctry,CountryCode,0,1
pacs.004.001.15,/Document/PmtRtr/TxInf/OrgnlTxRef/MndtRltdInf/DrctDbtMndt/AmdmntInfDtls/OrgnlCdtrSchmeId/PstlAdr/AdrLine,AdrLine,Max70Text,0,7
pacs.004.001.15,/Document/PmtRtr/TxInf/OrgnlTxRef/MndtRltdInf/DrctDbtMndt/AmdmntInfDtls/OrgnlCdtrSchmeId/Id,Id,Party52Choice,0,1
pacs.004.001.15,/Document/PmtRtr/TxInf/OrgnlTxRef/MndtRltdInf/DrctDbtMndt/AmdmntInfDtls/OrgnlCdtrSchmeId/Id/OrgId,OrgId,OrganisationIdentification39,1,1
pacs.004.001.15,/Document/PmtRtr/TxInf/OrgnlTxRef/MndtRltdInf/DrctDbtMndt/AmdmntInfDtls/OrgnlCdtrSchmeId/Id/OrgId/AnyBIC,AnyBIC,AnyBICDec2014Identifier,0,1
pacs.004.001.15,/Document/PmtRtr/TxInf/OrgnlTxRef/MndtRltdInf/DrctDbtMndt/AmdmntInfDtls/OrgnlCdtrSchmeId/Id/OrgId/LEI,LEI,LEIIdentifier,0,1
pacs.004.001.15,/Document/PmtRtr/TxInf/OrgnlTxRef/MndtRltdInf/DrctDbtMndt/AmdmntInfDtls/OrgnlCdtrSchmeId/Id/OrgId/Othr,Othr,GenericOrganisationIdentification3,0,
pacs.004.001.15,/Document/PmtRtr/TxInf/OrgnlTxRef/MndtRltdInf/DrctDbtMndt/AmdmntInfDtls/OrgnlCdtrSchmeId/Id/OrgId/Othr/Id,Id,Max256Text,1,1
pacs.004.001.15,/Document/PmtRtr/TxInf/OrgnlTxRef/MndtRltdInf/DrctDbtMndt/AmdmntInfDtls/OrgnlCdtrSchmeId/Id/OrgId/Othr/SchmeNm,SchmeNm,OrganisationIdentificationSchemeName1Choice,0,1
pacs.004.001.15,/Document/PmtRtr/TxInf/OrgnlTxRef/MndtRltdInf/DrctDbtMndt/AmdmntInfDtls/OrgnlCdtrSchmeId/Id/OrgId/Othr/SchmeNm/Cd,Cd,ExternalOrganisationIdentification1Code,1,1
pacs.004.001.15,/Document/PmtRtr/TxInf/OrgnlTxRef/MndtRltdInf/DrctDbtMndt/AmdmntInfDtls/OrgnlCdtrSchmeId/Id/OrgId/Othr/SchmeNm/Prtry,Prtry,Max35Text,1,1
pacs.004.001.15,/Document/PmtRtr/TxInf/OrgnlTxRef/MndtRltdInf/DrctDbtMndt/AmdmntInfDtls/OrgnlCdtrSchmeId/Id/OrgId/Othr/Issr,Issr,Max35Text,0,1
pacs.004.001.15,/Document/PmtRtr/TxInf/OrgnlTxRef/MndtRltdInf/DrctDbtMndt/AmdmntInfDtls/OrgnlCdtrSchmeId/Id/PrvtId,PrvtId,PersonIdentification18,1,1
pacs.004.001.15,/Document/PmtRtr/TxInf/OrgnlTxRef/MndtRltdInf/DrctDbtMndt/AmdmntInfDtls/OrgnlCdtrSchmeId/Id/PrvtId/DtAndPlcOfBirth,DtAndPlcOfBirth,DateAndPlaceOfBirth1,0,1
pacs.004.001.15,/Document/PmtRtr/TxInf/OrgnlTxRef/MndtRltdInf/DrctDbtMndt/AmdmntInfDtls/OrgnlCdtrSchmeId/Id/PrvtId/DtAndPlcOfBirth/BirthDt,BirthDt,ISODate,1,1
pacs.004.001.15,/Document/PmtRtr/TxInf/OrgnlTxRef/MndtRltdInf/DrctDbtMndt/AmdmntInfDtls/OrgnlCdtrSchmeId/Id/PrvtId/DtAndPlcOfBirth/PrvcOfBirth,PrvcOfBirth,Max35Text,0,1
pacs.004.001.15,/Document/PmtRtr/TxInf/OrgnlTxRef/MndtRltdInf/DrctDbtMndt/AmdmntInfDtls/OrgnlCdtrSchmeId/Id/PrvtId/DtAndPlcOfBirth/CityOfBirth,CityOfBirth,Max35Text,1,1
pacs.004.001.15,/Document/PmtRtr/TxInf/OrgnlTxRef/MndtRltdInf/DrctDbtMndt/AmdmntInfDtls/OrgnlCdtrSchmeId/Id/PrvtId/DtAndPlcOfBirth/CtryOfBirth,CtryOfBirth,CountryCode,1,1
pacs.004.001.15,/Document/PmtRtr/TxInf/OrgnlTxRef/MndtRltdInf/DrctDbtMndt/AmdmntInfDtls/OrgnlCdtrSchmeId/Id/PrvtId/Othr,Othr,GenericPersonIdentification2,0,
pacs.004.001.15,/Document/PmtRtr/TxInf/OrgnlTxRef/MndtRltdInf/DrctDbtMndt/AmdmntInfDtls/OrgnlCdtrSchmeId/Id/PrvtId/Othr/Id,Id,Max256Text,1,1
pacs.004.001.15,/Document/PmtRtr/TxInf/OrgnlTxRef/MndtRltdInf/DrctDbtMndt/AmdmntInfDtls/OrgnlCdtrSchmeId/Id/PrvtId/Othr/SchmeNm,SchmeNm,PersonIdentificationSchemeName1Choice,0,1
pacs.004.001.15,/Document/PmtRtr/TxInf/OrgnlTxRef/MndtRltdInf/DrctDbtMndt/AmdmntInfDtls/OrgnlCdtrSchmeId/Id/PrvtId/Othr/SchmeNm/Cd,Cd,ExternalPersonIdentification1Code,1,1
pacs.004.001.15,/Document/PmtRtr/TxInf/OrgnlTxRef/MndtRltdInf/DrctDbtMndt/AmdmntInfDtls/OrgnlCdtrSchmeId/Id/PrvtId/Othr/SchmeNm/Prtry,Prtry,Max35Text,1,1
pacs.004.001.15,/Document/PmtRtr/TxInf/OrgnlTxRef/MndtRltdInf/DrctDbtMndt/AmdmntInfDtls/OrgnlCdtrSchmeId/Id/PrvtId/Othr/Issr,Issr,Max35Text,0,1
pacs.004.001.15,/Document/PmtRtr/TxInf/OrgnlTxRef/MndtRltdInf/DrctDbtMndt/AmdmntInfDtls/OrgnlCdtrSchmeId/CtryOfRes,CtryOfRes,CountryCode,0,1
pacs.004.001.15,/Document/PmtRtr/TxInf/OrgnlTxRef/MndtRltdInf/DrctDbtMndt/AmdmntInfDtls/OrgnlCdtrSchmeId/CtctDtls,CtctDtls,Contact13,0,1
pacs.004.001.15,/Document/PmtRtr/TxInf/OrgnlTxRef/MndtRltdInf/DrctDbtMndt/AmdmntInfDtls/OrgnlCdtrSchmeId/CtctDtls/NmPrfx,NmPrfx,NamePrefix2Code,0,1
pacs.004.001.15,/Document/PmtRtr/TxInf/OrgnlTxRef/MndtRltdInf/DrctDbtMndt/AmdmntInfDtls/OrgnlCdtrSchmeId/CtctDtls/Nm,Nm,Max140Text,0,1
pacs.004.001.15,/Document/PmtRtr/TxInf/OrgnlTxRef/MndtRltdInf/DrctDbtMndt/AmdmntInfDtls/OrgnlCdtrSchmeId/CtctDtls/PhneNb,PhneNb,PhoneNumber,0,1
pacs.004.001.15,/Document/PmtRtr/TxInf/OrgnlTxRef/MndtRltdInf/DrctDbtMndt/AmdmntInfDtls/OrgnlCdtrSchmeId/CtctDtls/MobNb,MobNb,PhoneNumber,0,1
pacs.004.001.15,/Document/PmtRtr/TxInf/OrgnlTxRef/MndtRltdInf/DrctDbtMndt/AmdmntInfDtls/OrgnlCdtrSchmeId/CtctDtls/FaxNb,FaxNb,PhoneNumber,0,1
pacs.004.001.15,/Document/PmtRtr/TxInf/OrgnlTxRef/MndtRltdInf/DrctDbtMndt/AmdmntInfDtls/OrgnlCdtrSchmeId/CtctDtls/URLAdr,URLAdr,Max2048Text,0,1
pacs.004.001.15,/Document/PmtRtr/TxInf/OrgnlTxRef/MndtRltdInf/DrctDbtMndt/AmdmntInfDtls/OrgnlCdtrSchmeId/CtctDtls/EmailAdr,EmailAdr,Max256Text,0,1
pacs.004.001.15,/Document/PmtRtr/TxInf/OrgnlTxRef/MndtRltdInf/DrctDbtMndt/AmdmntInfDtls/OrgnlCdtrSchmeId/CtctDtls/EmailPurp,EmailPurp,Max35Text,0,1
pacs.004.001.15,/Document/PmtRtr/TxInf/OrgnlTxRef/MndtRltdInf/DrctDbtMndt/AmdmntInfDtls/OrgnlCdtrSchmeId/CtctDtls/JobTitl,JobTitl,Max35Text,0,1
pacs.004.001.15,/Document/PmtRtr/TxInf/OrgnlTxRef/MndtRltdInf/DrctDbtMndt/AmdmntInfDtls/OrgnlCdtrSchmeId/CtctDtls/Rspnsblty,Rspnsblty,Max35Text,0,1
pacs.004.001.15,/Document/PmtRtr/TxInf/OrgnlTxRef/MndtRltdInf/DrctDbtMndt/AmdmntInfDtls/OrgnlCdtrSchmeId/CtctDtls/Dept,Dept,Max70Text,0,1
pacs.004.001.15,/Document/PmtRtr/TxInf/OrgnlTxRef/MndtRltdInf/DrctDbtMndt/AmdmntInfDtls/OrgnlCdtrSchmeId/CtctDtls/Othr,Othr,OtherContact1,0,
pacs.004.001.15,/Document/PmtRtr/TxInf/OrgnlTxRef/MndtRltdInf/DrctDbtMndt/AmdmntInfDtls/OrgnlCdtrSchmeId/CtctDtls/Othr/ChanlTp,ChanlTp,Max4Text,1,1
pacs.004.001.15,/Document/PmtRtr/TxInf/OrgnlTxRef/MndtRltdInf/DrctDbtMndt/AmdmntInfDtls/OrgnlCdtrSchmeId/CtctDtls/Othr/Id,Id,Max128Text,0,1
pacs.004.001.15,/Document/PmtRtr/TxInf/OrgnlTxRef/MndtRltdInf/DrctDbtMndt/AmdmntInfDtls/OrgnlCdtrSchmeId/CtctDtls/PrefrdMtd,PrefrdMtd,PreferredContactMethod2Code,0,1
pacs.004.001.15,/Document/PmtRtr/TxInf/OrgnlTxRef/MndtRltdInf/DrctDbtMndt/AmdmntInfDtls/OrgnlCdtrAgt,OrgnlCdtrAgt,BranchAndFinancialInstitutionIdentification8,0,1
pacs.004.001.15,/Document/PmtRtr/TxInf/OrgnlTxRef/MndtRltdInf/DrctDbtMndt/AmdmntInfDtls/OrgnlCdtrAgt/FinInstnId,FinInstnId,FinancialInstitutionIdentification23,1,1
pacs.004.001.15,/Document/PmtRtr/TxInf/OrgnlTxRef/MndtRltdInf/DrctDbtMndt/AmdmntInfDtls/OrgnlCdtrAgt/FinInstnId/BICFI,BICFI,BICFIDec2014Identifier,0,1
pacs.004.001.15,/Document/PmtRtr/TxInf/OrgnlTxRef/MndtRltdInf/DrctDbtMndt/AmdmntInfDtls/OrgnlCdtrAgt/FinInstnId/ClrSysMmbId,ClrSysMmbId,ClearingSystemMemberIdentification2,0,1
pacs.004.001.15,/Document/PmtRtr/TxInf/OrgnlTxRef/MndtRltdInf/DrctDbtMndt/AmdmntInfDtls/OrgnlCdtrAgt/FinInstnId/ClrSysMmbId/ClrSysId,ClrSysId,ClearingSystemIdentification2Choice,0,1
pacs.004.001.15,/Document/PmtRtr/TxInf/OrgnlTxRef/MndtRltdInf/DrctDbtMndt/AmdmntInfDtls/OrgnlCdtrAgt/FinInstnId/ClrSysMmbId/ClrSysId/Cd,Cd,ExternalClearingSystemIdentification1Code,1,1
pacs.004.001.15,/Document/PmtRtr/TxInf/OrgnlTxRef/MndtRltdInf/DrctDbtMndt/AmdmntInfDtls/OrgnlCdtrAgt/FinInstnId/ClrSysMmbId/ClrSysId/Prtry,Prtry,Max35Text,1,1
pacs.004.001.15,/Document/PmtRtr/TxInf/OrgnlTxRef/MndtRltdInf/DrctDbtMndt/AmdmntInfDtls/OrgnlCdtrAgt/FinInstnId/ClrSysMmbId/MmbId,MmbId,Max35Text,1,1
pacs.004.001.15,/Document/PmtRtr/TxInf/OrgnlTxRef/MndtRltdInf/DrctDbtMndt/AmdmntInfDtls/OrgnlCdtrAgt/FinInstnId/LEI,LEI,LEIIdentifier,0,1
pacs.004.001.15,/Document/PmtRtr/TxInf/OrgnlTxRef/MndtRltdInf/DrctDbtMndt/AmdmntInfDtls/OrgnlCdtrAgt/FinInstnId/Nm,Nm,Max140Text,0,1
pacs.004.001.15,/Document/PmtRtr/TxInf/OrgnlTxRef/MndtRltdInf/DrctDbtMndt/AmdmntInfDtls/OrgnlCdtrAgt/FinInstnId/PstlAdr,PstlAdr,PostalAddress27,0,1
pacs.004.001.15,/Document/PmtRtr/TxInf/OrgnlTxRef/MndtRltdInf/DrctDbtMndt/AmdmntInfDtls/OrgnlCdtrAgt/FinInstnId/PstlAdr/AdrTp,AdrTp,AddressType3Choice,0,1
pacs.004.001.15,/Document/PmtRtr/TxInf/OrgnlTxRef/MndtRltdInf/DrctDbtMndt/AmdmntInfDtls/OrgnlCdtrAgt/FinInstnId/PstlAdr/AdrTp/Cd,Cd,AddressType2Code,1,1
pacs.004.001.15,/Document/PmtRtr/TxInf/OrgnlTxRef/MndtRltdInf/DrctDbtMndt/AmdmntInfDtls/OrgnlCdtrAgt/FinInstnId/PstlAdr/AdrTp/Prtry,Prtry,GenericIdentification30,1,1
pacs.004.001.15,/Document/PmtRtr/TxInf/OrgnlTxRef/MndtRltdInf/DrctDbtMndt/AmdmntInfDtls/OrgnlCdtrAgt/FinInstnId/PstlAdr/AdrTp/Prtry/Id,Id,Exact4AlphaNumericText,1,1
pacs.004.001.15,/Document/PmtRtr/TxInf/OrgnlTxRef/MndtRltdInf/DrctDbtMndt/AmdmntInfDtls/OrgnlCdtrAgt/FinInstnId/PstlAdr/AdrTp/Prtry/Issr,Issr,Max35Text,1,1
pacs.004.001.15,/Document/PmtRtr/TxInf/OrgnlTxRef/MndtRltdInf/DrctDbtMndt/AmdmntInfDtls/OrgnlCdtrAgt/FinInstnId/PstlAdr/AdrTp/Prtry/SchmeNm,SchmeNm,Max35Text,0,1
pacs.004.001.15,/Document/PmtRtr/TxInf/OrgnlTxRef/MndtRltdInf/DrctDbtMndt/AmdmntInfDtls/OrgnlCdtrAgt/FinInstnId/PstlAdr/CareOf,CareOf,Max140Text,0,1
pacs.004.001.15,/Document/PmtRtr/TxInf/OrgnlTxRef/MndtRltdInf/DrctDbtMndt/AmdmntInfDtls/OrgnlCdtrAgt/FinInstnId/PstlAdr/Dept,Dept,Max70Text,0,1
pacs.004.001.15,/Document/PmtRtr/TxInf/OrgnlTxRef/MndtRltdInf/DrctDbtMndt/AmdmntInfDtls/OrgnlCdtrAgt/FinInstnId/PstlAdr/SubDept,SubDept,Max70Text,0,1
pacs.004.001.15,/Document/PmtRtr/TxInf/OrgnlTxRef/MndtRltdInf/DrctDbtMndt/AmdmntInfDtls/OrgnlCdtrAgt/FinInstnId/PstlAdr/StrtNm,StrtNm,Max140Text,0,1
pacs.004.001.15,/Document/PmtRtr/TxInf/OrgnlTxRef/MndtRltdInf/DrctDbtMndt/AmdmntInfDtls/OrgnlCdtrAgt/FinInstnId/PstlAdr/BldgNb,BldgNb,Max16Text,0,1
pacs.004.001.15,/Document/PmtRtr/TxInf/OrgnlTxRef/MndtRltdInf/DrctDbtMndt/AmdmntInfDtls/OrgnlCdtrAgt/FinInstnId/PstlAdr/BldgNm,BldgNm,Max140Text,0,1
pacs.004.001.15,/Document/PmtRtr/TxInf/OrgnlTxRef/MndtRltdInf/DrctDbtMndt/AmdmntInfDtls/OrgnlCdtrAgt/FinInstnId/PstlAdr/Flr,Flr,Max70Text,0,1
pacs.004.001.15,/Document/PmtRtr/TxInf/OrgnlTxRef/MndtRltdInf/DrctDbtMndt/AmdmntInfDtls/OrgnlCdtrAgt/FinInstnId/PstlAdr/UnitNb,UnitNb,Max16Text,0,1
pacs.004.001.15,/Document/PmtRtr/TxInf/OrgnlTxRef/MndtRltdInf/DrctDbtMndt/AmdmntInfDtls/OrgnlCdtrAgt/FinInstnId/PstlAdr/PstBx,PstBx,Max16Text,0,1
pacs.004.001.15,/Document/PmtRtr/TxInf/OrgnlTxRef/MndtRltdInf/DrctDbtMndt/AmdmntInfDtls/OrgnlCdtrAgt/FinInstnId/PstlAdr/Room,Room,Max70Text,0,1
pacs.004.001.15,/Document/PmtRtr/TxInf/OrgnlTxRef/MndtRltdInf/DrctDbtMndt/AmdmntInfDtls/OrgnlCdtrAgt/FinInstnId/PstlAdr/PstCd,PstCd,Max16Text,0,1
pacs.004.001.15,/Document/PmtRtr/TxInf/OrgnlTxRef/MndtRltdInf/DrctDbtMndt/AmdmntInfDtls/OrgnlCdtrAgt/FinInstnId/PstlAdr/TwnNm,TwnNm,Max140Text,0,1
pacs.004.001.15,/Document/PmtRtr/TxInf/OrgnlTxRef/MndtRltdInf/DrctDbtMndt/AmdmntInfDtls/OrgnlCdtrAgt/FinInstnId/PstlAdr/TwnLctnNm,TwnLctnNm,Max140Text,0,1
pacs.004.001.15,/Document/PmtRtr/TxInf/OrgnlTxRef/MndtRltdInf/DrctDbtMndt/AmdmntInfDtls/OrgnlCdtrAgt/FinInstnId/PstlAdr/DstrctNm,DstrctNm,Max140Text,0,1
pacs.004.001.15,/Document/PmtRtr/TxInf/OrgnlTxRef/MndtRltdInf/DrctDbtMndt/AmdmntInfDtls/OrgnlCdtrAgt/FinInstnId/PstlAdr/CtrySubDvsn,CtrySubDvsn,Max35Text,0,1
pacs.004.001.15,/Document/PmtRtr/TxInf/OrgnlTxRef/MndtRltdInf/DrctDbtMndt/AmdmntInfDtls/OrgnlCdtrAgt/FinInstnId/PstlAdr/Ctry,Ctry,CountryCode,0,1
pacs.004.001.15,/Document/PmtRtr/TxInf/OrgnlTxRef/MndtRltdInf/DrctDbtMndt/AmdmntInfDtls/OrgnlCdtrAgt/FinInstnId/PstlAdr/AdrLine,AdrLine,Max70Text,0,7
pacs.004.001.15,/Document/PmtRtr/TxInf/OrgnlTxRef/MndtRltdInf/DrctDbtMndt/AmdmntInfDtls/OrgnlCdtrAgt/FinInstnId/Othr,Othr,GenericFinancialIdentification1,0,1
pacs.004.001.15,/Document/PmtRtr/TxInf/OrgnlTxRef/MndtRltdInf/DrctDbtMndt/AmdmntInfDtls/OrgnlCdtrAgt/FinInstnId/Othr/Id,Id,Max35Text,1,1
pacs.004.001.15,/Document/PmtRtr/TxInf/OrgnlTxRef/MndtRltdInf/DrctDbtMndt/AmdmntInfDtls/OrgnlCdtrAgt/FinInstnId/Othr/SchmeNm,SchmeNm,FinancialIdentificationSchemeName1Choice,0,1
pacs.004.001.15,/Document/PmtRtr/TxInf/OrgnlTxRef/MndtRltdInf/DrctDbtMndt/AmdmntInfDtls/OrgnlCdtrAgt/FinInstnId/Othr/SchmeNm/Cd,Cd,ExternalFinancialInstitutionIdentification1Code,1,1
pacs.004.001.15,/Document/PmtRtr/TxInf/OrgnlTxRef/MndtRltdInf/DrctDbtMndt/AmdmntInfDtls/OrgnlCdtrAgt/FinInstnId/Othr/SchmeNm/Prtry,Prtry,Max35Text,1,1
pacs.004.001.15,/Document/PmtRtr/TxInf/OrgnlTxRef/MndtRltdInf/DrctDbtMndt/AmdmntInfDtls/OrgnlCdtrAgt/FinInstnId/Othr/Issr,Issr,Max35Text,0,1
pacs.004.001.15,/Document/PmtRtr/TxInf/OrgnlTxRef/MndtRltdInf/DrctDbtMndt/AmdmntInfDtls/OrgnlCdtrAgt/BrnchId,BrnchId,BranchData5,0,1
pacs.004.001.15,/Document/PmtRtr/TxInf/OrgnlTxRef/MndtRltdInf/DrctDbtMndt/AmdmntInfDtls/OrgnlCdtrAgt/BrnchId/Id,Id,Max35Text,0,1
pacs.004.001.15,/Document/PmtRtr/TxInf/OrgnlTxRef/MndtRltdInf/DrctDbtMndt/AmdmntInfDtls/OrgnlCdtrAgt/BrnchId/LEI,LEI,LEIIdentifier,0,1
pacs.004.001.15,/Document/PmtRtr/TxInf/OrgnlTxRef/MndtRltdInf/DrctDbtMndt/AmdmntInfDtls/OrgnlCdtrAgt/BrnchId/Nm,Nm,Max140Text,0,1
pacs.004.001.15,/Document/PmtRtr/TxInf/OrgnlTxRef/MndtRltdInf/DrctDbtMndt/AmdmntInfDtls/OrgnlCdtrAgt/BrnchId/PstlAdr,PstlAdr,PostalAddress27,0,1
pacs.004.001.15,/Document/PmtRtr/TxInf/OrgnlTxRef/MndtRltdInf/DrctDbtMndt/AmdmntInfDtls/OrgnlCdtrAgt/BrnchId/PstlAdr/AdrTp,AdrTp,AddressType3Choice,0,1
pacs.004.001.15,/Document/PmtRtr/TxInf/OrgnlTxRef/MndtRltdInf/DrctDbtMndt/AmdmntInfDtls/OrgnlCdtrAgt/BrnchId/PstlAdr/AdrTp/Cd,Cd,AddressType2Code,1,1
pacs.004.001.15,/Document/PmtRtr/TxInf/OrgnlTxRef/MndtRltdInf/DrctDbtMndt/AmdmntInfDtls/OrgnlCdtrAgt/BrnchId/PstlAdr/AdrTp/Prtry,Prtry,GenericIdentification30,1,1
pacs.004.001.15,/Document/PmtRtr/TxInf/OrgnlTxRef/MndtRltdInf/DrctDbtMndt/AmdmntInfDtls/OrgnlCdtrAgt/BrnchId/PstlAdr/AdrTp/Prtry/Id,Id,Exact4AlphaNumericText,1,1
pacs.004.001.15,/Document/PmtRtr/TxInf/OrgnlTxRef/MndtRltdInf/DrctDbtMndt/AmdmntInfDtls/OrgnlCdtrAgt/BrnchId/PstlAdr/AdrTp/Prtry/Issr,Issr,Max35Text,1,1
pacs.004.001.15,/Document/PmtRtr/TxInf/OrgnlTxRef/MndtRltdInf/DrctDbtMndt/AmdmntInfDtls/OrgnlCdtrAgt/BrnchId/PstlAdr/AdrTp/Prtry/SchmeNm,SchmeNm,Max35Text,0,1
pacs.004.001.15,/Document/PmtRtr/TxInf/OrgnlTxRef/MndtRltdInf/DrctDbtMndt/AmdmntInfDtls/OrgnlCdtrAgt/BrnchId/PstlAdr/CareOf,CareOf,Max140Text,0,1
pacs.004.001.15,/Document/PmtRtr/TxInf/OrgnlTxRef/MndtRltdInf/DrctDbtMndt/AmdmntInfDtls/OrgnlCdtrAgt/BrnchId/PstlAdr/Dept,Dept,Max70Text,0,1
pacs.004.001.15,/Document/PmtRtr/TxInf/OrgnlTxRef/MndtRltdInf/DrctDbtMndt/AmdmntInfDtls/OrgnlCdtrAgt/BrnchId/PstlAdr/SubDept,SubDept,Max70Text,0,1
pacs.004.001.15,/Document/PmtRtr/TxInf/OrgnlTxRef/MndtRltdInf/DrctDbtMndt/AmdmntInfDtls/OrgnlCdtrAgt/BrnchId/PstlAdr/StrtNm,StrtNm,Max140Text,0,1
pacs.004.001.15,/Document/PmtRtr/TxInf/OrgnlTxRef/MndtRltdInf/DrctDbtMndt/AmdmntInfDtls/OrgnlCdtrAgt/BrnchId/PstlAdr/BldgNb,BldgNb,Max16Text,0,1
pacs.004.001.15,/Document/PmtRtr/TxInf/OrgnlTxRef/MndtRltdInf/DrctDbtMndt/AmdmntInfDtls/OrgnlCdtrAgt/BrnchId/PstlAdr/BldgNm,BldgNm,Max140Text,0,1
pacs.004.001.15,/Document/PmtRtr/TxInf/OrgnlTxRef/MndtRltdInf/DrctDbtMndt/AmdmntInfDtls/OrgnlCdtrAgt/BrnchId/PstlAdr/Flr,Flr,Max70Text,0,1
pacs.004.001.15,/Document/PmtRtr/TxInf/OrgnlTxRef/MndtRltdInf/DrctDbtMndt/AmdmntInfDtls/OrgnlCdtrAgt/BrnchId/PstlAdr/UnitNb,UnitNb,Max16Text,0,1
pacs.004.001.15,/Document/PmtRtr/TxInf/OrgnlTxRef/MndtRltdInf/DrctDbtMndt/AmdmntInfDtls/OrgnlCdtrAgt/BrnchId/PstlAdr/PstBx,PstBx,Max16Text,0,1
pacs.004.001.15,/Document/PmtRtr/TxInf/OrgnlTxRef/MndtRltdInf/DrctDbtMndt/AmdmntInfDtls/OrgnlCdtrAgt/BrnchId/PstlAdr/Room,Room,Max70Text,0,1
pacs.004.001.15,/Document/PmtRtr/TxInf/OrgnlTxRef/MndtRltdInf/DrctDbtMndt/AmdmntInfDtls/OrgnlCdtrAgt/BrnchId/PstlAdr/PstCd,PstCd,Max16Text,0,1
pacs.004.001.15,/Document/PmtRtr/TxInf/OrgnlTxRef/MndtRltdInf/DrctDbtMndt/AmdmntInfDtls/OrgnlCdtrAgt/BrnchId/PstlAdr/TwnNm,TwnNm,Max140Text,0,1
pacs.004.001.15,/Document/PmtRtr/TxInf/OrgnlTxRef/MndtRltdInf/DrctDbtMndt/AmdmntInfDtls/OrgnlCdtrAgt/BrnchId/PstlAdr/TwnLctnNm,TwnLctnNm,Max140Text,0,1
pacs.004.001.15,/Document/PmtRtr/TxInf/OrgnlTxRef/MndtRltdInf/DrctDbtMndt/AmdmntInfDtls/OrgnlCdtrAgt/BrnchId/PstlAdr/DstrctNm,DstrctNm,Max140Text,0,1
pacs.004.001.15,/Document/PmtRtr/TxInf/OrgnlTxRef/MndtRltdInf/DrctDbtMndt/AmdmntInfDtls/OrgnlCdtrAgt/BrnchId/PstlAdr/CtrySubDvsn,CtrySubDvsn,Max35Text,0,1
pacs.004.001.15,/Document/PmtRtr/TxInf/OrgnlTxRef/MndtRltdInf/DrctDbtMndt/AmdmntInfDtls/OrgnlCdtrAgt/BrnchId/PstlAdr/Ctry,Ctry,CountryCode,0,1
pacs.004.001.15,/Document/PmtRtr/TxInf/OrgnlTxRef/MndtRltdInf/DrctDbtMndt/AmdmntInfDtls/OrgnlCdtrAgt/BrnchId/PstlAdr/AdrLine,AdrLine,Max70Text,0,7
pacs.004.001.15,/Document/PmtRtr/TxInf/OrgnlTxRef/MndtRltdInf/DrctDbtMndt/AmdmntInfDtls/OrgnlCdtrAgtAcct,OrgnlCdtrAgtAcct,CashAccount40,0,1
pacs.004.001.15,/Document/PmtRtr/TxInf/OrgnlTxRef/MndtRltdInf/DrctDbtMndt/AmdmntInfDtls/OrgnlCdtrAgtAcct/Id,Id,AccountIdentification4Choice,0,1
pacs.004.001.15,/Document/PmtRtr/TxInf/OrgnlTxRef/MndtRltdInf/DrctDbtMndt/AmdmntInfDtls/OrgnlCdtrAgtAcct/Id/IBAN,IBAN,IBAN2007Identifier,1,1
pacs.004.001.15,/Document/PmtRtr/TxInf/OrgnlTxRef/MndtRltdInf/DrctDbtMndt/AmdmntInfDtls/OrgnlCdtrAgtAcct/Id/Othr,Othr,GenericAccountIdentification1,1,1
pacs.004.001.15,/Document/PmtRtr/TxInf/OrgnlTxRef/MndtRltdInf/DrctDbtMndt/AmdmntInfDtls/OrgnlCdtrAgtAcct/Id/Othr/Id,Id,Max34Text,1,1
pacs.004.001.15,/Document/PmtRtr/TxInf/OrgnlTxRef/MndtRltdInf/DrctDbtMndt/AmdmntInfDtls/OrgnlCdtrAgtAcct/Id/Othr/SchmeNm,SchmeNm,AccountSchemeName1Choice,0,1
pacs.004.001.15,/Document/PmtRtr/TxInf/OrgnlTxRef/MndtRltdInf/DrctDbtMndt/AmdmntInfDtls/OrgnlCdtrAgtAcct/Id/Othr/SchmeNm/Cd,Cd,ExternalAccountIdentification1Code,1,1
pacs.004.001.15,/Document/PmtRtr/TxInf/OrgnlTxRef/MndtRltdInf/DrctDbtMndt/AmdmntInfDtls/OrgnlCdtrAgtAcct/Id/Othr/SchmeNm/Prtry,Prtry,Max35Text,1,1
pacs.004.001.15,/Document/PmtRtr/TxInf/OrgnlTxRef/MndtRltdInf/DrctDbtMndt/AmdmntInfDtls/OrgnlCdtrAgtAcct/Id/Othr/Issr,Issr,Max35Text,0,1
pacs.004.001.15,/Document/PmtRtr/TxInf/OrgnlTxRef/MndtRltdInf/DrctDbtMndt/AmdmntInfDtls/OrgnlCdtrAgtAcct/Tp,Tp,CashAccountType2Choice,0,1
pacs.004.001.15,/Document/PmtRtr/TxInf/OrgnlTxRef/MndtRltdInf/DrctDbtMndt/AmdmntInfDtls/OrgnlCdtrAgtAcct/Tp/Cd,Cd,ExternalCashAccountType1Code,1,1
pacs.004.001.15,/Document/PmtRtr/TxInf/OrgnlTxRef/MndtRltdInf/DrctDbtMndt/AmdmntInfDtls/OrgnlCdtrAgtAcct/Tp/Prtry,Prtry,Max35Text,1,1
pacs.004.001.15,/Document/PmtRtr/TxInf/OrgnlTxRef/MndtRltdInf/DrctDbtMndt/AmdmntInfDtls/OrgnlCdtrAgtAcct/Ccy,Ccy,ActiveOrHistoricCurrencyCode,0,1
pacs.004.001.15,/Document/PmtRtr/TxInf/OrgnlTxRef/MndtRltdInf/DrctDbtMndt/AmdmntInfDtls/OrgnlCdtrAgtAcct/Nm,Nm,Max70Text,0,1
pacs.004.001.15,/Document/PmtRtr/TxInf/OrgnlTxRef/MndtRltdInf/DrctDbtMndt/AmdmntInfDtls/OrgnlCdtrAgtAcct/Prxy,Prxy,ProxyAccountIdentification1,0,1
pacs.004.001.15,/Document/PmtRtr/TxInf/OrgnlTxRef/MndtRltdInf/DrctDbtMndt/AmdmntInfDtls/OrgnlCdtrAgtAcct/Prxy/Tp,Tp,ProxyAccountType1Choice,0,1
pacs.004.001.15,/Document/PmtRtr/TxInf/OrgnlTxRef/MndtRltdInf/DrctDbtMndt/AmdmntInfDtls/OrgnlCdtrAgtAcct/Prxy/Tp/Cd,Cd,ExternalProxyAccountType1Code,1,1
pacs.004.001.15,/Document/PmtRtr/TxInf/OrgnlTxRef/MndtRltdInf/DrctDbtMndt/AmdmntInfDtls/OrgnlCdtrAgtAcct/Prxy/Tp/Prtry,Prtry,Max35Text,1,1
pacs.004.001.15,/Document/PmtRtr/TxInf/OrgnlTxRef/MndtRltdInf/DrctDbtMndt/AmdmntInfDtls/OrgnlCdtrAgtAcct/Prxy/Id,Id,Max2048Text,1,1
pacs.004.001.15,/Document/PmtRtr/TxInf/OrgnlTxRef/MndtRltdInf/DrctDbtMndt/AmdmntInfDtls/OrgnlDbtr,OrgnlDbtr,PartyIdentification272,0,1
pacs.004.001.15,/Document/PmtRtr/TxInf/OrgnlTxRef/MndtRltdInf/DrctDbtMndt/AmdmntInfDtls/OrgnlDbtr/Nm,Nm,Max140Text,0,1
pacs.004.001.15,/Document/PmtRtr/TxInf/OrgnlTxRef/MndtRltdInf/DrctDbtMndt/AmdmntInfDtls/OrgnlDbtr/PstlAdr,PstlAdr,PostalAddress27,0,1
pacs.004.001.15,/Document/PmtRtr/TxInf/OrgnlTxRef/MndtRltdInf/DrctDbtMndt/AmdmntInfDtls/OrgnlDbtr/PstlAdr/AdrTp,AdrTp,AddressType3Choice,0,1
pacs.004.001.15,/Document/PmtRtr/TxInf/OrgnlTxRef/MndtRltdInf/DrctDbtMndt/AmdmntInfDtls/OrgnlDbtr/PstlAdr/AdrTp/Cd,Cd,AddressType2Code,1,1
pacs.004.001.15,/Document/PmtRtr/TxInf/OrgnlTxRef/MndtRltdInf/DrctDbtMndt/AmdmntInfDtls/OrgnlDbtr/PstlAdr/AdrTp/Prtry,Prtry,GenericIdentification30,1,1
pacs.004.001.15,/Document/PmtRtr/TxInf/OrgnlTxRef/MndtRltdInf/DrctDbtMndt/AmdmntInfDtls/OrgnlDbtr/PstlAdr/AdrTp/Prtry/Id,Id,Exact4AlphaNumericText,1,1
pacs.004.001.15,/Document/PmtRtr/TxInf/OrgnlTxRef/MndtRltdInf/DrctDbtMndt/AmdmntInfDtls/OrgnlDbtr/PstlAdr/AdrTp/Prtry/Issr,Issr,Max35Text,1,1
pacs.004.001.15,/Document/PmtRtr/TxInf/OrgnlTxRef/MndtRltdInf/DrctDbtMndt/AmdmntInfDtls/OrgnlDbtr/PstlAdr/AdrTp/Prtry/SchmeNm,SchmeNm,Max35Text,0,1
pacs.004.001.15,/Document/PmtRtr/TxInf/OrgnlTxRef/MndtRltdInf/DrctDbtMndt/AmdmntInfDtls/OrgnlDbtr/PstlAdr/CareOf,CareOf,Max140Text,0,1
pacs.004.001.15,/Document/PmtRtr/TxInf/OrgnlTxRef/MndtRltdInf/DrctDbtMndt/AmdmntInfDtls/OrgnlDbtr/PstlAdr/Dept,Dept,Max70Text,0,1
pacs.004.001.15,/Document/PmtRtr/TxInf/OrgnlTxRef/MndtRltdInf/DrctDbtMndt/AmdmntInfDtls/OrgnlDbtr/PstlAdr/SubDept,SubDept,Max70Text,0,1
pacs.004.001.15,/Document/PmtRtr/TxInf/OrgnlTxRef/MndtRltdInf/DrctDbtMndt/AmdmntInfDtls/OrgnlDbtr/PstlAdr/StrtNm,StrtNm,Max140Text,0,1
pacs.004.001.15,/Document/PmtRtr/TxInf/OrgnlTxRef/MndtRltdInf/DrctDbtMndt/AmdmntInfDtls/OrgnlDbtr/PstlAdr/BldgNb,BldgNb,Max16Text,0,1
pacs.004.001.15,/Document/PmtRtr/TxInf/OrgnlTxRef/MndtRltdInf/DrctDbtMndt/AmdmntInfDtls/OrgnlDbtr/PstlAdr/BldgNm,BldgNm,Max140Text,0,1
pacs.004.001.15,/Document/PmtRtr/TxInf/OrgnlTxRef/MndtRltdInf/DrctDbtMndt/AmdmntInfDtls/OrgnlDbtr/PstlAdr/Flr,Flr,Max70Text,0,1
pacs.004.001.15,/Document/PmtRtr/TxInf/OrgnlTxRef/MndtRltdInf/DrctDbtMndt/AmdmntInfDtls/OrgnlDbtr/PstlAdr/UnitNb,UnitNb,Max16Text,0,1
pacs.004.001.15,/Document/PmtRtr/TxInf/OrgnlTxRef/MndtRltdInf/DrctDbtMndt/AmdmntInfDtls/OrgnlDbtr/PstlAdr/PstBx,PstBx,Max16Text,0,1
pacs.004.001.15,/Document/PmtRtr/TxInf/OrgnlTxRef/MndtRltdInf/DrctDbtMndt/AmdmntInfDtls/OrgnlDbtr/PstlAdr/Room,Room,Max70Text,0,1
pacs.004.001.15,/Document/PmtRtr/TxInf/OrgnlTxRef/MndtRltdInf/DrctDbtMndt/AmdmntInfDtls/OrgnlDbtr/PstlAdr/PstCd,PstCd,Max16Text,0,1
pacs.004.001.15,/Document/PmtRtr/TxInf/OrgnlTxRef/MndtRltdInf/DrctDbtMndt/AmdmntInfDtls/OrgnlDbtr/PstlAdr/TwnNm,TwnNm,Max140Text,0,1
pacs.004.001.15,/Document/PmtRtr/TxInf/OrgnlTxRef/MndtRltdInf/DrctDbtMndt/AmdmntInfDtls/OrgnlDbtr/PstlAdr/TwnLctnNm,TwnLctnNm,Max140Text,0,1
pacs.004.001.15,/Document/PmtRtr/TxInf/OrgnlTxRef/MndtRltdInf/DrctDbtMndt/AmdmntInfDtls/OrgnlDbtr/PstlAdr/DstrctNm,DstrctNm,Max140Text,0,1
pacs.004.001.15,/Document/PmtRtr/TxInf/OrgnlTxRef/MndtRltdInf/DrctDbtMndt/AmdmntInfDtls/OrgnlDbtr/PstlAdr/CtrySubDvsn,CtrySubDvsn,Max35Text,0,1
pacs.004.001.15,/Document/PmtRtr/TxInf/OrgnlTxRef/MndtRltdInf/DrctDbtMndt/AmdmntInfDtls/OrgnlDbtr/PstlAdr/Ctry,Ctry,CountryCode,0,1
pacs.004.001.15,/Document/PmtRtr/TxInf/OrgnlTxRef/MndtRltdInf/DrctDbtMndt/AmdmntInfDtls/OrgnlDbtr/PstlAdr/AdrLine,AdrLine,Max70Text,0,7
pacs.004.001.15,/Document/PmtRtr/TxInf/OrgnlTxRef/MndtRltdInf/DrctDbtMndt/AmdmntInfDtls/OrgnlDbtr/Id,Id,Party52Choice,0,1
pacs.004.001.15,/Document/PmtRtr/TxInf/OrgnlTxRef/MndtRltdInf/DrctDbtMndt/AmdmntInfDtls/OrgnlDbtr/Id/OrgId,OrgId,OrganisationIdentification39,1,1
pacs.004.001.15,/Document/PmtRtr/TxInf/OrgnlTxRef/MndtRltdInf/DrctDbtMndt/AmdmntInfDtls/OrgnlDbtr/Id/OrgId/AnyBIC,AnyBIC,AnyBICDec2014Identifier,0,1
pacs.004.001.15,/Document/PmtRtr/TxInf/OrgnlTxRef/MndtRltdInf/DrctDbtMndt/AmdmntInfDtls/OrgnlDbtr/Id/OrgId/LEI,LEI,LEIIdentifier,0,1
pacs.004.001.15,/Document/PmtRtr/TxInf/OrgnlTxRef/MndtRltdInf/DrctDbtMndt/AmdmntInfDtls/OrgnlDbtr/Id/OrgId/Othr,Othr,GenericOrganisationIdentification3,0,
pacs.004.001.15,/Document/PmtRtr/TxInf/OrgnlTxRef/MndtRltdInf/DrctDbtMndt/AmdmntInfDtls/OrgnlDbtr/Id/OrgId/Othr/Id,Id,Max256Text,1,1
pacs.004.001.15,/Document/PmtRtr/TxInf/OrgnlTxRef/MndtRltdInf/DrctDbtMndt/AmdmntInfDtls/OrgnlDbtr/Id/OrgId/Othr/SchmeNm,SchmeNm,OrganisationIdentificationSchemeName1Choice,0,1
pacs.004.001.15,/Document/PmtRtr/TxInf/OrgnlTxRef/MndtRltdInf/DrctDbtMndt/AmdmntInfDtls/OrgnlDbtr/Id/OrgId/Othr/SchmeNm/Cd,Cd,ExternalOrganisationIdentification1Code,1,1
pacs.004.001.15,/Document/PmtRtr/TxInf/OrgnlTxRef/MndtRltdInf/DrctDbtMndt/AmdmntInfDtls/OrgnlDbtr/Id/OrgId/Othr/SchmeNm/Prtry,Prtry,Max35Text,1,1
pacs.004.001.15,/Document/PmtRtr/TxInf/OrgnlTxRef/MndtRltdInf/DrctDbtMndt/AmdmntInfDtls/OrgnlDbtr/Id/OrgId/Othr/Issr,Issr,Max35Text,0,1
pacs.004.001.15,/Document/PmtRtr/TxInf/OrgnlTxRef/MndtRltdInf/DrctDbtMndt/AmdmntInfDtls/OrgnlDbtr/Id/PrvtId,PrvtId,PersonIdentification18,1,1
pacs.004.001.15,/Document/PmtRtr/TxInf/OrgnlTxRef/MndtRltdInf/DrctDbtMndt/AmdmntInfDtls/OrgnlDbtr/Id/PrvtId/DtAndPlcOfBirth,DtAndPlcOfBirth,DateAndPlaceOfBirth1,0,1
pacs.004.001.15,/Document/PmtRtr/TxInf/OrgnlTxRef/MndtRltdInf/DrctDbtMndt/AmdmntInfDtls/OrgnlDbtr/Id/PrvtId/DtAndPlcOfBirth/BirthDt,BirthDt,ISODate,1,1
pacs.004.001.15,/Document/PmtRtr/TxInf/OrgnlTxRef/MndtRltdInf/DrctDbtMndt/AmdmntInfDtls/OrgnlDbtr/Id/PrvtId/DtAndPlcOfBirth/PrvcOfBirth,PrvcOfBirth,Max35Text,0,1
pacs.004.001.15,/Document/PmtRtr/TxInf/OrgnlTxRef/MndtRltdInf/DrctDbtMndt/AmdmntInfDtls/OrgnlDbtr/Id/PrvtId/DtAndPlcOfBirth/CityOfBirth,CityOfBirth,Max35Text,1,1
pacs.004.001.15,/Document/PmtRtr/TxInf/OrgnlTxRef/MndtRltdInf/DrctDbtMndt/AmdmntInfDtls/OrgnlDbtr/Id/PrvtId/DtAndPlcOfBirth/CtryOfBirth,CtryOfBirth,CountryCode,1,1
pacs.004.001.15,/Document/PmtRtr/TxInf/OrgnlTxRef/MndtRltdInf/DrctDbtMndt/AmdmntInfDtls/OrgnlDbtr/Id/PrvtId/Othr,Othr,GenericPersonIdentification2,0,
pacs.004.001.15,/Document/PmtRtr/TxInf/OrgnlTxRef/MndtRltdInf/DrctDbtMndt/AmdmntInfDtls/OrgnlDbtr/Id/PrvtId/Othr/Id,Id,Max256Text,1,1
pacs.004.001.15,/Document/PmtRtr/TxInf/OrgnlTxRef/MndtRltdInf/DrctDbtMndt/AmdmntInfDtls/OrgnlDbtr/Id/PrvtId/Othr/SchmeNm,SchmeNm,PersonIdentificationSchemeName1Choice,0,1
pacs.004.001.15,/Document/PmtRtr/TxInf/OrgnlTxRef/MndtRltdInf/DrctDbtMndt/AmdmntInfDtls/OrgnlDbtr/Id/PrvtId/Othr/SchmeNm/Cd,Cd,ExternalPersonIdentification1Code,1,1
pacs.004.001.15,/Document/PmtRtr/TxInf/OrgnlTxRef/MndtRltdInf/DrctDbtMndt/AmdmntInfDtls/OrgnlDbtr/Id/PrvtId/Othr/SchmeNm/Prtry,Prtry,Max35Text,1,1
pacs.004.001.15,/Document/PmtRtr/TxInf/OrgnlTxRef/MndtRltdInf/DrctDbtMndt/AmdmntInfDtls/OrgnlDbtr/Id/PrvtId/Othr/Issr,Issr,Max35Text,0,1
pacs.004.001.15,/Document/PmtRtr/TxInf/OrgnlTxRef/MndtRltdInf/DrctDbtMndt/AmdmntInfDtls/OrgnlDbtr/CtryOfRes,CtryOfRes,CountryCode,0,1
pacs.004.001.15,/Document/PmtRtr/TxInf/OrgnlTxRef/MndtRltdInf/DrctDbtMndt/AmdmntInfDtls/OrgnlDbtr/CtctDtls,CtctDtls,Contact13,0,1
pacs.004.001.15,/Document/PmtRtr/TxInf/OrgnlTxRef/MndtRltdInf/DrctDbtMndt/AmdmntInfDtls/OrgnlDbtr/CtctDtls/NmPrfx,NmPrfx,NamePrefix2Code,0,1
pacs.004.001.15,/Document/PmtRtr/TxInf/OrgnlTxRef/MndtRltdInf/DrctDbtMndt/AmdmntInfDtls/OrgnlDbtr/CtctDtls/Nm,Nm,Max140Text,0,1
pacs.004.001.15,/Document/PmtRtr/TxInf/OrgnlTxRef/MndtRltdInf/DrctDbtMndt/AmdmntInfDtls/OrgnlDbtr/CtctDtls/PhneNb,PhneNb,PhoneNumber,0,1
pacs.004.001.15,/Document/PmtRtr/TxInf/OrgnlTxRef/MndtRltdInf/DrctDbtMndt/AmdmntInfDtls/OrgnlDbtr/CtctDtls/MobNb,MobNb,PhoneNumber,0,1
pacs.004.001.15,/Document/PmtRtr/TxInf/OrgnlTxRef/MndtRltdInf/DrctDbtMndt/AmdmntInfDtls/OrgnlDbtr/CtctDtls/FaxNb,FaxNb,PhoneNumber,0,1
pacs.004.001.15,/Document/PmtRtr/TxInf/OrgnlTxRef/MndtRltdInf/DrctDbtMndt/AmdmntInfDtls/OrgnlDbtr/CtctDtls/URLAdr,URLAdr,Max2048Text,0,1
pacs.004.001.15,/Document/PmtRtr/TxInf/OrgnlTxRef/MndtRltdInf/DrctDbtMndt/AmdmntInfDtls/OrgnlDbtr/CtctDtls/EmailAdr,EmailAdr,Max256Text,0,1
pacs.004.001.15,/Document/PmtRtr/TxInf/OrgnlTxRef/MndtRltdInf/DrctDbtMndt/AmdmntInfDtls/OrgnlDbtr/CtctDtls/EmailPurp,EmailPurp,Max35Text,0,1
pacs.004.001.15,/Document/PmtRtr/TxInf/OrgnlTxRef/MndtRltdInf/DrctDbtMndt/AmdmntInfDtls/OrgnlDbtr/CtctDtls/JobTitl,JobTitl,Max35Text,0,1
pacs.004.001.15,/Document/PmtRtr/TxInf/OrgnlTxRef/MndtRltdInf/DrctDbtMndt/AmdmntInfDtls/OrgnlDbtr/CtctDtls/Rspnsblty,Rspnsblty,Max35Text,0,1
pacs.004.001.15,/Document/PmtRtr/TxInf/OrgnlTxRef/MndtRltdInf/DrctDbtMndt/AmdmntInfDtls/OrgnlDbtr/CtctDtls/Dept,Dept,Max70Text,0,1
pacs.004.001.15,/Document/PmtRtr/TxInf/OrgnlTxRef/MndtRltdInf/DrctDbtMndt/AmdmntInfDtls/OrgnlDbtr/CtctDtls/Othr,Othr,OtherContact1,0,
pacs.004.001.15,/Document/PmtRtr/TxInf/OrgnlTxRef/MndtRltdInf/DrctDbtMndt/AmdmntInfDtls/OrgnlDbtr/CtctDtls/Othr/ChanlTp,ChanlTp,Max4Text,1,1
pacs.004.001.15,/Document/PmtRtr/TxInf/OrgnlTxRef/MndtRltdInf/DrctDbtMndt/AmdmntInfDtls/OrgnlDbtr/CtctDtls/Othr/Id,Id,Max128Text,0,1
pacs.004.001.15,/Document/PmtRtr/TxInf/OrgnlTxRef/MndtRltdInf/DrctDbtMndt/AmdmntInfDtls/OrgnlDbtr/CtctDtls/PrefrdMtd,PrefrdMtd,PreferredContactMethod2Code,0,1
pacs.004.001.15,/Document/PmtRtr/TxInf/OrgnlTxRef/MndtRltdInf/DrctDbtMndt/AmdmntInfDtls/OrgnlDbtrAcct,OrgnlDbtrAcct,CashAccount40,0,1
pacs.004.001.15,/Document/PmtRtr/TxInf/OrgnlTxRef/MndtRltdInf/DrctDbtMndt/AmdmntInfDtls/OrgnlDbtrAcct/Id,Id,AccountIdentification4Choice,0,1
pacs.004.001.15,/Document/PmtRtr/TxInf/OrgnlTxRef/MndtRltdInf/DrctDbtMndt/AmdmntInfDtls/OrgnlDbtrAcct/Id/IBAN,IBAN,IBAN2007Identifier,1,1
pacs.004.001.15,/Document/PmtRtr/TxInf/OrgnlTxRef/MndtRltdInf/DrctDbtMndt/AmdmntInfDtls/OrgnlDbtrAcct/Id/Othr,Othr,GenericAccountIdentification1,1,1
pacs.004.001.15,/Document/PmtRtr/TxInf/OrgnlTxRef/MndtRltdInf/DrctDbtMndt/AmdmntInfDtls/OrgnlDbtrAcct/Id/Othr/Id,Id,Max34Text,1,1
pacs.004.001.15,/Document/PmtRtr/TxInf/OrgnlTxRef/MndtRltdInf/DrctDbtMndt/AmdmntInfDtls/OrgnlDbtrAcct/Id/Othr/SchmeNm,SchmeNm,AccountSchemeName1Choice,0,1
pacs.004.001.15,/Document/PmtRtr/TxInf/OrgnlTxRef/MndtRltdInf/DrctDbtMndt/AmdmntInfDtls/OrgnlDbtrAcct/Id/Othr/SchmeNm/Cd,Cd,ExternalAccountIdentification1Code,1,1
pacs.004.001.15,/Document/PmtRtr/TxInf/OrgnlTxRef/MndtRltdInf/DrctDbtMndt/AmdmntInfDtls/OrgnlDbtrAcct/Id/Othr/SchmeNm/Prtry,Prtry,Max35Text,1,1
pacs.004.001.15,/Document/PmtRtr/TxInf/OrgnlTxRef/MndtRltdInf/DrctDbtMndt/AmdmntInfDtls/OrgnlDbtrAcct/Id/Othr/Issr,Issr,Max35Text,0,1
pacs.004.001.15,/Document/PmtRtr/TxInf/OrgnlTxRef/MndtRltdInf/DrctDbtMndt/AmdmntInfDtls/OrgnlDbtrAcct/Tp,Tp,CashAccountType2Choice,0,1
pacs.004.001.15,/Document/PmtRtr/TxInf/OrgnlTxRef/MndtRltdInf/DrctDbtMndt/AmdmntInfDtls/OrgnlDbtrAcct/Tp/Cd,Cd,ExternalCashAccountType1Code,1,1
pacs.004.001.15,/Document/PmtRtr/TxInf/OrgnlTxRef/MndtRltdInf/DrctDbtMndt/AmdmntInfDtls/OrgnlDbtrAcct/Tp/Prtry,Prtry,Max35Text,1,1
pacs.004.001.15,/Document/PmtRtr/TxInf/OrgnlTxRef/MndtRltdInf/DrctDbtMndt/AmdmntInfDtls/OrgnlDbtrAcct/Ccy,Ccy,ActiveOrHistoricCurrencyCode,0,1
pacs.004.001.15,/Document/PmtRtr/TxInf/OrgnlTxRef/MndtRltdInf/DrctDbtMndt/AmdmntInfDtls/OrgnlDbtrAcct/Nm,Nm,Max70Text,0,1
pacs.004.001.15,/Document/PmtRtr/TxInf/OrgnlTxRef/MndtRltdInf/DrctDbtMndt/AmdmntInfDtls/OrgnlDbtrAcct/Prxy,Prxy,ProxyAccountIdentification1,0,1
pacs.004.001.15,/Document/PmtRtr/TxInf/OrgnlTxRef/MndtRltdInf/DrctDbtMndt/AmdmntInfDtls/OrgnlDbtrAcct/Prxy/Tp,Tp,ProxyAccountType1Choice,0,1
pacs.004.001.15,/Document/PmtRtr/TxInf/OrgnlTxRef/MndtRltdInf/DrctDbtMndt/AmdmntInfDtls/OrgnlDbtrAcct/Prxy/Tp/Cd,Cd,ExternalProxyAccountType1Code,1,1
pacs.004.001.15,/Document/PmtRtr/TxInf/OrgnlTxRef/MndtRltdInf/DrctDbtMndt/AmdmntInfDtls/OrgnlDbtrAcct/Prxy/Tp/Prtry,Prtry,Max35Text,1,1
pacs.004.001.15,/Document/PmtRtr/TxInf/OrgnlTxRef/MndtRltdInf/DrctDbtMndt/AmdmntInfDtls/OrgnlDbtrAcct/Prxy/Id,Id,Max2048Text,1,1
pacs.004.001.15,/Document/PmtRtr/TxInf/OrgnlTxRef/MndtRltdInf/DrctDbtMndt/AmdmntInfDtls/OrgnlDbtrAgt,OrgnlDbtrAgt,BranchAndFinancialInstitutionIdentification8,0,1
pacs.004.001.15,/Document/PmtRtr/TxInf/OrgnlTxRef/MndtRltdInf/DrctDbtMndt/AmdmntInfDtls/OrgnlDbtrAgt/FinInstnId,FinInstnId,FinancialInstitutionIdentification23,1,1
pacs.004.001.15,/Document/PmtRtr/TxInf/OrgnlTxRef/MndtRltdInf/DrctDbtMndt/AmdmntInfDtls/OrgnlDbtrAgt/FinInstnId/BICFI,BICFI,BICFIDec2014Identifier,0,1
pacs.004.001.15,/Document/PmtRtr/TxInf/OrgnlTxRef/MndtRltdInf/DrctDbtMndt/AmdmntInfDtls/OrgnlDbtrAgt/FinInstnId/ClrSysMmbId,ClrSysMmbId,ClearingSystemMemberIdentification2,0,1
pacs.004.001.15,/Document/PmtRtr/TxInf/OrgnlTxRef/MndtRltdInf/DrctDbtMndt/AmdmntInfDtls/OrgnlDbtrAgt/FinInstnId/ClrSysMmbId/ClrSysId,ClrSysId,ClearingSystemIdentification2Choice,0,1
pacs.004.001.15,/Document/PmtRtr/TxInf/OrgnlTxRef/MndtRltdInf/DrctDbtMndt/AmdmntInfDtls/OrgnlDbtrAgt/FinInstnId/ClrSysMmbId/ClrSysId/Cd,Cd,ExternalClearingSystemIdentification1Code,1,1
pacs.004.001.15,/Document/PmtRtr/TxInf/OrgnlTxRef/MndtRltdInf/DrctDbtMndt/AmdmntInfDtls/OrgnlDbtrAgt/FinInstnId/ClrSysMmbId/ClrSysId/Prtry,Prtry,Max35Text,1,1
pacs.004.001.15,/Document/PmtRtr/TxInf/OrgnlTxRef/MndtRltdInf/DrctDbtMndt/AmdmntInfDtls/OrgnlDbtrAgt/FinInstnId/ClrSysMmbId/MmbId,MmbId,Max35Text,1,1
pacs.004.001.15,/Document/PmtRtr/TxInf/OrgnlTxRef/MndtRltdInf/DrctDbtMndt/AmdmntInfDtls/OrgnlDbtrAgt/FinInstnId/LEI,LEI,LEIIdentifier,0,1
pacs.004.001.15,/Document/PmtRtr/TxInf/OrgnlTxRef/MndtRltdInf/DrctDbtMndt/AmdmntInfDtls/OrgnlDbtrAgt/FinInstnId/Nm,Nm,Max140Text,0,1
pacs.004.001.15,/Document/PmtRtr/TxInf/OrgnlTxRef/MndtRltdInf/DrctDbtMndt/AmdmntInfDtls/OrgnlDbtrAgt/FinInstnId/PstlAdr,PstlAdr,PostalAddress27,0,1
pacs.004.001.15,/Document/PmtRtr/TxInf/OrgnlTxRef/MndtRltdInf/DrctDbtMndt/AmdmntInfDtls/OrgnlDbtrAgt/FinInstnId/PstlAdr/AdrTp,AdrTp,AddressType3Choice,0,1
pacs.004.001.15,/Document/PmtRtr/TxInf/OrgnlTxRef/MndtRltdInf/DrctDbtMndt/AmdmntInfDtls/OrgnlDbtrAgt/FinInstnId/PstlAdr/AdrTp/Cd,Cd,AddressType2Code,1,1
pacs.004.001.15,/Document/PmtRtr/TxInf/OrgnlTxRef/MndtRltdInf/DrctDbtMndt/AmdmntInfDtls/OrgnlDbtrAgt/FinInstnId/PstlAdr/AdrTp/Prtry,Prtry,GenericIdentification30,1,1
pacs.004.001.15,/Document/PmtRtr/TxInf/OrgnlTxRef/MndtRltdInf/DrctDbtMndt/AmdmntInfDtls/OrgnlDbtrAgt/FinInstnId/PstlAdr/AdrTp/Prtry/Id,Id,Exact4AlphaNumericText,1,1
pacs.004.001.15,/Document/PmtRtr/TxInf/OrgnlTxRef/MndtRltdInf/DrctDbtMndt/AmdmntInfDtls/OrgnlDbtrAgt/FinInstnId/PstlAdr/AdrTp/Prtry/Issr,Issr,Max35Text,1,1
pacs.004.001.15,/Document/PmtRtr/TxInf/OrgnlTxRef/MndtRltdInf/DrctDbtMndt/AmdmntInfDtls/OrgnlDbtrAgt/FinInstnId/PstlAdr/AdrTp/Prtry/SchmeNm,SchmeNm,Max35Text,0,1
pacs.004.001.15,/Document/PmtRtr/TxInf/OrgnlTxRef/MndtRltdInf/DrctDbtMndt/AmdmntInfDtls/OrgnlDbtrAgt/FinInstnId/PstlAdr/CareOf,CareOf,Max140Text,0,1
pacs.004.001.15,/Document/PmtRtr/TxInf/OrgnlTxRef/MndtRltdInf/DrctDbtMndt/AmdmntInfDtls/OrgnlDbtrAgt/FinInstnId/PstlAdr/Dept,Dept,Max70Text,0,1
pacs.004.001.15,/Document/PmtRtr/TxInf/OrgnlTxRef/MndtRltdInf/DrctDbtMndt/AmdmntInfDtls/OrgnlDbtrAgt/FinInstnId/PstlAdr/SubDept,SubDept,Max70Text,0,1
pacs.004.001.15,/Document/PmtRtr/TxInf/OrgnlTxRef/MndtRltdInf/DrctDbtMndt/AmdmntInfDtls/OrgnlDbtrAgt/FinInstnId/PstlAdr/StrtNm,StrtNm,Max140Text,0,1
pacs.004.001.15,/Document/PmtRtr/TxInf/OrgnlTxRef/MndtRltdInf/DrctDbtMndt/AmdmntInfDtls/OrgnlDbtrAgt/FinInstnId/PstlAdr/BldgNb,BldgNb,Max16Text,0,1
pacs.004.001.15,/Document/PmtRtr/TxInf/OrgnlTxRef/MndtRltdInf/DrctDbtMndt/AmdmntInfDtls/OrgnlDbtrAgt/FinInstnId/PstlAdr/BldgNm,BldgNm,Max140Text,0,1
pacs.004.001.15,/Document/PmtRtr/TxInf/OrgnlTxRef/MndtRltdInf/DrctDbtMndt/AmdmntInfDtls/OrgnlDbtrAgt/FinInstnId/PstlAdr/Flr,Flr,Max70Text,0,1
pacs.004.001.15,/Document/PmtRtr/TxInf/OrgnlTxRef/MndtRltdInf/DrctDbtMndt/AmdmntInfDtls/OrgnlDbtrAgt/FinInstnId/PstlAdr/UnitNb,UnitNb,Max16Text,0,1
pacs.004.001.15,/Document/PmtRtr/TxInf/OrgnlTxRef/MndtRltdInf/DrctDbtMndt/AmdmntInfDtls/OrgnlDbtrAgt/FinInstnId/PstlAdr/PstBx,PstBx,Max16Text,0,1
pacs.004.001.15,/Document/PmtRtr/TxInf/OrgnlTxRef/MndtRltdInf/DrctDbtMndt/AmdmntInfDtls/OrgnlDbtrAgt/FinInstnId/PstlAdr/Room,Room,Max70Text,0,1
pacs.004.001.15,/Document/PmtRtr/TxInf/OrgnlTxRef/MndtRltdInf/DrctDbtMndt/AmdmntInfDtls/OrgnlDbtrAgt/FinInstnId/PstlAdr/PstCd,PstCd,Max16Text,0,1
pacs.004.001.15,/Document/PmtRtr/TxInf/OrgnlTxRef/MndtRltdInf/DrctDbtMndt/AmdmntInfDtls/OrgnlDbtrAgt/FinInstnId/PstlAdr/TwnNm,TwnNm,Max140Text,0,1
pacs.004.001.15,/Document/PmtRtr/TxInf/OrgnlTxRef/MndtRltdInf/DrctDbtMndt/AmdmntInfDtls/OrgnlDbtrAgt/FinInstnId/PstlAdr/TwnLctnNm,TwnLctnNm,Max140Text,0,1
pacs.004.001.15,/Document/PmtRtr/TxInf/OrgnlTxRef/MndtRltdInf/DrctDbtMndt/AmdmntInfDtls/OrgnlDbtrAgt/FinInstnId/PstlAdr/DstrctNm,DstrctNm,Max140Text,0,1
pacs.004.001.15,/Document/PmtRtr/TxInf/OrgnlTxRef/MndtRltdInf/DrctDbtMndt/AmdmntInfDtls/OrgnlDbtrAgt/FinInstnId/PstlAdr/CtrySubDvsn,CtrySubDvsn,Max35Text,0,1
pacs.004.001.15,/Document/PmtRtr/TxInf/OrgnlTxRef/MndtRltdInf/DrctDbtMndt/AmdmntInfDtls/OrgnlDbtrAgt/FinInstnId/PstlAdr/Ctry,Ctry,CountryCode,0,1
pacs.004.001.15,/Document/PmtRtr/TxInf/OrgnlTxRef/MndtRltdInf/DrctDbtMndt/AmdmntInfDtls/OrgnlDbtrAgt/FinInstnId/PstlAdr/AdrLine,AdrLine,Max70Text,0,7
pacs.004.001.15,/Document/PmtRtr/TxInf/OrgnlTxRef/MndtRltdInf/DrctDbtMndt/AmdmntInfDtls/OrgnlDbtrAgt/FinInstnId/Othr,Othr,GenericFinancialIdentification1,0,1
pacs.004.001.15,/Document/PmtRtr/TxInf/OrgnlTxRef/MndtRltdInf/DrctDbtMndt/AmdmntInfDtls/OrgnlDbtrAgt/FinInstnId/Othr/Id,Id,Max35Text,1,1
pacs.004.001.15,/Document/PmtRtr/TxInf/OrgnlTxRef/MndtRltdInf/DrctDbtMndt/AmdmntInfDtls/OrgnlDbtrAgt/FinInstnId/Othr/SchmeNm,SchmeNm,FinancialIdentificationSchemeName1Choice,0,1
pacs.004.001.15,/Document/PmtRtr/TxInf/OrgnlTxRef/MndtRltdInf/DrctDbtMndt/AmdmntInfDtls/OrgnlDbtrAgt/FinInstnId/Othr/SchmeNm/Cd,Cd,ExternalFinancialInstitutionIdentification1Code,1,1
pacs.004.001.15,/Document/PmtRtr/TxInf/OrgnlTxRef/MndtRltdInf/DrctDbtMndt/AmdmntInfDtls/OrgnlDbtrAgt/FinInstnId/Othr/SchmeNm/Prtry,Prtry,Max35Text,1,1
pacs.004.001.15,/Document/PmtRtr/TxInf/OrgnlTxRef/MndtRltdInf/DrctDbtMndt/AmdmntInfDtls/OrgnlDbtrAgt/FinInstnId/Othr/Issr,Issr,Max35Text,0,1
pacs.004.001.15,/Document/PmtRtr/TxInf/OrgnlTxRef/MndtRltdInf/DrctDbtMndt/AmdmntInfDtls/OrgnlDbtrAgt/BrnchId,BrnchId,BranchData5,0,1
pacs.004.001.15,/Document/PmtRtr/TxInf/OrgnlTxRef/MndtRltdInf/DrctDbtMndt/AmdmntInfDtls/OrgnlDbtrAgt/BrnchId/Id,Id,Max35Text,0,1
pacs.004.001.15,/Document/PmtRtr/TxInf/OrgnlTxRef/MndtRltdInf/DrctDbtMndt/AmdmntInfDtls/OrgnlDbtrAgt/BrnchId/LEI,LEI,LEIIdentifier,0,1
pacs.004.001.15,/Document/PmtRtr/TxInf/OrgnlTxRef/MndtRltdInf/DrctDbtMndt/AmdmntInfDtls/OrgnlDbtrAgt/BrnchId/Nm,Nm,Max140Text,0,1
pacs.004.001.15,/Document/PmtRtr/TxInf/OrgnlTxRef/MndtRltdInf/DrctDbtMndt/AmdmntInfDtls/OrgnlDbtrAgt/BrnchId/PstlAdr,PstlAdr,PostalAddress27,0,1
pacs.004.001.15,/Document/PmtRtr/TxInf/OrgnlTxRef/MndtRltdInf/DrctDbtMndt/AmdmntInfDtls/OrgnlDbtrAgt/BrnchId/PstlAdr/AdrTp,AdrTp,AddressType3Choice,0,1
pacs.004.001.15,/Document/PmtRtr/TxInf/OrgnlTxRef/MndtRltdInf/DrctDbtMndt/AmdmntInfDtls/OrgnlDbtrAgt/BrnchId/PstlAdr/AdrTp/Cd,Cd,AddressType2Code,1,1
pacs.004.001.15,/Document/PmtRtr/TxInf/OrgnlTxRef/MndtRltdInf/DrctDbtMndt/AmdmntInfDtls/OrgnlDbtrAgt/BrnchId/PstlAdr/AdrTp/Prtry,Prtry,GenericIdentification30,1,1
pacs.004.001.15,/Document/PmtRtr/TxInf/OrgnlTxRef/MndtRltdInf/DrctDbtMndt/AmdmntInfDtls/OrgnlDbtrAgt/BrnchId/PstlAdr/AdrTp/Prtry/Id,Id,Exact4AlphaNumericText,1,1
pacs.004.001.15,/Document/PmtRtr/TxInf/OrgnlTxRef/MndtRltdInf/DrctDbtMndt/AmdmntInfDtls/OrgnlDbtrAgt/BrnchId/PstlAdr/AdrTp/Prtry/Issr,Issr,Max35Text,1,1
pacs.004.001.15,/Document/PmtRtr/TxInf/OrgnlTxRef/MndtRltdInf/DrctDbtMndt/AmdmntInfDtls/OrgnlDbtrAgt/BrnchId/PstlAdr/AdrTp/Prtry/SchmeNm,SchmeNm,Max35Text,0,1
pacs.004.001.15,/Document/PmtRtr/TxInf/OrgnlTxRef/MndtRltdInf/DrctDbtMndt/AmdmntInfDtls/OrgnlDbtrAgt/BrnchId/PstlAdr/CareOf,CareOf,Max140Text,0,1
pacs.004.001.15,/Document/PmtRtr/TxInf/OrgnlTxRef/MndtRltdInf/DrctDbtMndt/AmdmntInfDtls/OrgnlDbtrAgt/BrnchId/PstlAdr/Dept,Dept,Max70Text,0,1
pacs.004.001.15,/Document/PmtRtr/TxInf/OrgnlTxRef/MndtRltdInf/DrctDbtMndt/AmdmntInfDtls/OrgnlDbtrAgt/BrnchId/PstlAdr/SubDept,SubDept,Max70Text,0,1
pacs.004.001.15,/Document/PmtRtr/TxInf/OrgnlTxRef/MndtRltdInf/DrctDbtMndt/AmdmntInfDtls/OrgnlDbtrAgt/BrnchId/PstlAdr/StrtNm,StrtNm,Max140Text,0,1
pacs.004.001.15,/Document/PmtRtr/TxInf/OrgnlTxRef/MndtRltdInf/DrctDbtMndt/AmdmntInfDtls/OrgnlDbtrAgt/BrnchId/PstlAdr/BldgNb,BldgNb,Max16Text,0,1
pacs.004.001.15,/Document/PmtRtr/TxInf/OrgnlTxRef/MndtRltdInf/DrctDbtMndt/AmdmntInfDtls/OrgnlDbtrAgt/BrnchId/PstlAdr/BldgNm,BldgNm,Max140Text,0,1
pacs.004.001.15,/Document/PmtRtr/TxInf/OrgnlTxRef/MndtRltdInf/DrctDbtMndt/AmdmntInfDtls/OrgnlDbtrAgt/BrnchId/PstlAdr/Flr,Flr,Max70Text,0,1
pacs.004.001.15,/Document/PmtRtr/TxInf/OrgnlTxRef/MndtRltdInf/DrctDbtMndt/AmdmntInfDtls/OrgnlDbtrAgt/BrnchId/PstlAdr/UnitNb,UnitNb,Max16Text,0,1
pacs.004.001.15,/Document/PmtRtr/TxInf/OrgnlTxRef/MndtRltdInf/DrctDbtMndt/AmdmntInfDtls/OrgnlDbtrAgt/BrnchId/PstlAdr/PstBx,PstBx,Max16Text,0,1
pacs.004.001.15,/Document/PmtRtr/TxInf/OrgnlTxRef/MndtRltdInf/DrctDbtMndt/AmdmntInfDtls/OrgnlDbtrAgt/BrnchId/PstlAdr/Room,Room,Max70Text,0,1
pacs.004.001.15,/Document/PmtRtr/TxInf/OrgnlTxRef/MndtRltdInf/DrctDbtMndt/AmdmntInfDtls/OrgnlDbtrAgt/BrnchId/PstlAdr/PstCd,PstCd,Max16Text,0,1
pacs.004.001.15,/Document/PmtRtr/TxInf/OrgnlTxRef/MndtRltdInf/DrctDbtMndt/AmdmntInfDtls/OrgnlDbtrAgt/BrnchId/PstlAdr/TwnNm,TwnNm,Max140Text,0,1
pacs.004.001.15,/Document/PmtRtr/TxInf/OrgnlTxRef/MndtRltdInf/DrctDbtMndt/AmdmntInfDtls/OrgnlDbtrAgt/BrnchId/PstlAdr/TwnLctnNm,TwnLctnNm,Max140Text,0,1
pacs.004.001.15,/Document/PmtRtr/TxInf/OrgnlTxRef/MndtRltdInf/DrctDbtMndt/AmdmntInfDtls/OrgnlDbtrAgt/BrnchId/PstlAdr/DstrctNm,DstrctNm,Max140Text,0,1
pacs.004.001.15,/Document/PmtRtr/TxInf/OrgnlTxRef/MndtRltdInf/DrctDbtMndt/AmdmntInfDtls/OrgnlDbtrAgt/BrnchId/PstlAdr/CtrySubDvsn,CtrySubDvsn,Max35Text,0,1
pacs.004.001.15,/Document/PmtRtr/TxInf/OrgnlTxRef/MndtRltdInf/DrctDbtMndt/AmdmntInfDtls/OrgnlDbtrAgt/BrnchId/PstlAdr/Ctry,Ctry,CountryCode,0,1
pacs.004.001.15,/Document/PmtRtr/TxInf/OrgnlTxRef/MndtRltdInf/DrctDbtMndt/AmdmntInfDtls/OrgnlDbtrAgt/BrnchId/PstlAdr/AdrLine,AdrLine,Max70Text,0,7
pacs.004.001.15,/Document/PmtRtr/TxInf/OrgnlTxRef/MndtRltdInf/DrctDbtMndt/AmdmntInfDtls/OrgnlDbtrAgtAcct,OrgnlDbtrAgtAcct,CashAccount40,0,1
pacs.004.001.15,/Document/PmtRtr/TxInf/OrgnlTxRef/MndtRltdInf/DrctDbtMndt/AmdmntInfDtls/OrgnlDbtrAgtAcct/Id,Id,AccountIdentification4Choice,0,1
pacs.004.001.15,/Document/PmtRtr/TxInf/OrgnlTxRef/MndtRltdInf/DrctDbtMndt/AmdmntInfDtls/OrgnlDbtrAgtAcct/Id/IBAN,IBAN,IBAN2007Identifier,1,1
pacs.004.001.15,/Document/PmtRtr/TxInf/OrgnlTxRef/MndtRltdInf/DrctDbtMndt/AmdmntInfDtls/OrgnlDbtrAgtAcct/Id/Othr,Othr,GenericAccountIdentification1,1,1
pacs.004.001.15,/Document/PmtRtr/TxInf/OrgnlTxRef/MndtRltdInf/DrctDbtMndt/AmdmntInfDtls/OrgnlDbtrAgtAcct/Id/Othr/Id,Id,Max34Text,1,1
pacs.004.001.15,/Document/PmtRtr/TxInf/OrgnlTxRef/MndtRltdInf/DrctDbtMndt/AmdmntInfDtls/OrgnlDbtrAgtAcct/Id/Othr/SchmeNm,SchmeNm,AccountSchemeName1Choice,0,1
pacs.004.001.15,/Document/PmtRtr/TxInf/OrgnlTxRef/MndtRltdInf/DrctDbtMndt/AmdmntInfDtls/OrgnlDbtrAgtAcct/Id/Othr/SchmeNm/Cd,Cd,ExternalAccountIdentification1Code,1,1
pacs.004.001.15,/Document/PmtRtr/TxInf/OrgnlTxRef/MndtRltdInf/DrctDbtMndt/AmdmntInfDtls/OrgnlDbtrAgtAcct/Id/Othr/SchmeNm/Prtry,Prtry,Max35Text,1,1
pacs.004.001.15,/Document/PmtRtr/TxInf/OrgnlTxRef/MndtRltdInf/DrctDbtMndt/AmdmntInfDtls/OrgnlDbtrAgtAcct/Id/Othr/Issr,Issr,Max35Text,0,1
pacs.004.001.15,/Document/PmtRtr/TxInf/OrgnlTxRef/MndtRltdInf/DrctDbtMndt/AmdmntInfDtls/OrgnlDbtrAgtAcct/Tp,Tp,CashAccountType2Choice,0,1
pacs.004.001.15,/Document/PmtRtr/TxInf/OrgnlTxRef/MndtRltdInf/DrctDbtMndt/AmdmntInfDtls/OrgnlDbtrAgtAcct/Tp/Cd,Cd,ExternalCashAccountType1Code,1,1
pacs.004.001.15,/Document/PmtRtr/TxInf/OrgnlTxRef/MndtRltdInf/DrctDbtMndt/AmdmntInfDtls/OrgnlDbtrAgtAcct/Tp/Prtry,Prtry,Max35Text,1,1
pacs.004.001.15,/Document/PmtRtr/TxInf/OrgnlTxRef/MndtRltdInf/DrctDbtMndt/AmdmntInfDtls/OrgnlDbtrAgtAcct/Ccy,Ccy,ActiveOrHistoricCurrencyCode,0,1
pacs.004.001.15,/Document/PmtRtr/TxInf/OrgnlTxRef/MndtRltdInf/DrctDbtMndt/AmdmntInfDtls/OrgnlDbtrAgtAcct/Nm,Nm,Max70Text,0,1
pacs.004.001.15,/Document/PmtRtr/TxInf/OrgnlTxRef/MndtRltdInf/DrctDbtMndt/AmdmntInfDtls/OrgnlDbtrAgtAcct/Prxy,Prxy,ProxyAccountIdentification1,0,1
pacs.004.001.15,/Document/PmtRtr/TxInf/OrgnlTxRef/MndtRltdInf/DrctDbtMndt/AmdmntInfDtls/OrgnlDbtrAgtAcct/Prxy/Tp,Tp,ProxyAccountType1Choice,0,1
pacs.004.001.15,/Document/PmtRtr/TxInf/OrgnlTxRef/MndtRltdInf/DrctDbtMndt/AmdmntInfDtls/OrgnlDbtrAgtAcct/Prxy/Tp/Cd,Cd,ExternalProxyAccountType1Code,1,1
pacs.004.001.15,/Document/PmtRtr/TxInf/OrgnlTxRef/MndtRltdInf/DrctDbtMndt/AmdmntInfDtls/OrgnlDbtrAgtAcct/Prxy/Tp/Prtry,Prtry,Max35Text,1,1
pacs.004.001.15,/Document/PmtRtr/TxInf/OrgnlTxRef/MndtRltdInf/DrctDbtMndt/AmdmntInfDtls/OrgnlDbtrAgtAcct/Prxy/Id,Id,Max2048Text,1,1
pacs.004.001.15,/Document/PmtRtr/TxInf/OrgnlTxRef/MndtRltdInf/DrctDbtMndt/AmdmntInfDtls/OrgnlFnlColltnDt,OrgnlFnlColltnDt,ISODate,0,1
pacs.004.001.15,/Document/PmtRtr/TxInf/OrgnlTxRef/MndtRltdInf/DrctDbtMndt/AmdmntInfDtls/OrgnlFrqcy,OrgnlFrqcy,Frequency36Choice,0,1
pacs.004.001.15,/Document/PmtRtr/TxInf/OrgnlTxRef/MndtRltdInf/DrctDbtMndt/AmdmntInfDtls/OrgnlFrqcy/Tp,Tp,Frequency6Code,1,1
pacs.004.001.15,/Document/PmtRtr/TxInf/OrgnlTxRef/MndtRltdInf/DrctDbtMndt/AmdmntInfDtls/OrgnlFrqcy/Prd,Prd,FrequencyPeriod1,1,1
pacs.004.001.15,/Document/PmtRtr/TxInf/OrgnlTxRef/MndtRltdInf/DrctDbtMndt/AmdmntInfDtls/OrgnlFrqcy/Prd/Tp,Tp,Frequency6Code,1,1
pacs.004.001.15,/Document/PmtRtr/TxInf/OrgnlTxRef/MndtRltdInf/DrctDbtMndt/AmdmntInfDtls/OrgnlFrqcy/Prd/CntPerPrd,CntPerPrd,DecimalNumber,1,1
pacs.004.001.15,/Document/PmtRtr/TxInf/OrgnlTxRef/MndtRltdInf/DrctDbtMndt/AmdmntInfDtls/OrgnlFrqcy/PtInTm,PtInTm,FrequencyAndMoment1,1,1
pacs.004.001.15,/Document/PmtRtr/TxInf/OrgnlTxRef/MndtRltdInf/DrctDbtMndt/AmdmntInfDtls/OrgnlFrqcy/PtInTm/Tp,Tp,Frequency6Code,1,1
pacs.004.001.15,/Document/PmtRtr/TxInf/OrgnlTxRef/MndtRltdInf/DrctDbtMndt/AmdmntInfDtls/OrgnlFrqcy/PtInTm/PtInTm,PtInTm,Exact2NumericText,1,1
pacs.004.001.15,/Document/PmtRtr/TxInf/OrgnlTxRef/MndtRltdInf/DrctDbtMndt/AmdmntInfDtls/OrgnlRsn,OrgnlRsn,MandateSetupReason1Choice,0,1
pacs.004.001.15,/Document/PmtRtr/TxInf/OrgnlTxRef/MndtRltdInf/DrctDbtMndt/AmdmntInfDtls/OrgnlRsn/Cd,Cd,ExternalMandateSetupReason1Code,1,1
pacs.004.001.15,/Document/PmtRtr/TxInf/OrgnlTxRef/MndtRltdInf/DrctDbtMndt/AmdmntInfDtls/OrgnlRsn/Prtry,Prtry,Max70Text,1,1
pacs.004.001.15,/Document/PmtRtr/TxInf/OrgnlTxRef/MndtRltdInf/DrctDbtMndt/AmdmntInfDtls/OrgnlTrckgDays,OrgnlTrckgDays,Exact2NumericText,0,1
pacs.004.001.15,/Document/PmtRtr/TxInf/OrgnlTxRef/MndtRltdInf/DrctDbtMndt/ElctrncSgntr,ElctrncSgntr,Max1025Text,0,1
pacs.004.001.15,/Document/PmtRtr/TxInf/OrgnlTxRef/MndtRltdInf/DrctDbtMndt/FrstColltnDt,FrstColltnDt,ISODate,0,1
pacs.004.001.15,/Document/PmtRtr/TxInf/OrgnlTxRef/MndtRltdInf/DrctDbtMndt/FnlColltnDt,FnlColltnDt,ISODate,0,1
pacs.004.001.15,/Document/PmtRtr/TxInf/OrgnlTxRef/MndtRltdInf/DrctDbtMndt/Frqcy,Frqcy,Frequency36Choice,0,1
pacs.004.001.15,/Document/PmtRtr/TxInf/OrgnlTxRef/MndtRltdInf/DrctDbtMndt/Frqcy/Tp,Tp,Frequency6Code,1,1
pacs.004.001.15,/Document/PmtRtr/TxInf/OrgnlTxRef/MndtRltdInf/DrctDbtMndt/Frqcy/Prd,Prd,FrequencyPeriod1,1,1
pacs.004.001.15,/Document/PmtRtr/TxInf/OrgnlTxRef/MndtRltdInf/DrctDbtMndt/Frqcy/Prd/Tp,Tp,Frequency6Code,1,1
pacs.004.001.15,/Document/PmtRtr/TxInf/OrgnlTxRef/MndtRltdInf/DrctDbtMndt/Frqcy/Prd/CntPerPrd,CntPerPrd,DecimalNumber,1,1
pacs.004.001.15,/Document/PmtRtr/TxInf/OrgnlTxRef/MndtRltdInf/DrctDbtMndt/Frqcy/PtInTm,PtInTm,FrequencyAndMoment1,1,1
pacs.004.001.15,/Document/PmtRtr/TxInf/OrgnlTxRef/MndtRltdInf/DrctDbtMndt/Frqcy/PtInTm/Tp,Tp,Frequency6Code,1,1
pacs.004.001.15,/Document/PmtRtr/TxInf/OrgnlTxRef/MndtRltdInf/DrctDbtMndt/Frqcy/PtInTm/PtInTm,PtInTm,Exact2NumericText,1,1
pacs.004.001.15,/Document/PmtRtr/TxInf/OrgnlTxRef/MndtRltdInf/DrctDbtMndt/Rsn,Rsn,MandateSetupReason1Choice,0,1
pacs.004.001.15,/Document/PmtRtr/TxInf/OrgnlTxRef/MndtRltdInf/DrctDbtMndt/Rsn/Cd,Cd,ExternalMandateSetupReason1Code,1,1
pacs.004.001.15,/Document/PmtRtr/TxInf/OrgnlTxRef/MndtRltdInf/DrctDbtMndt/Rsn/Prtry,Prtry,Max70Text,1,1
pacs.004.001.15,/Document/PmtRtr/TxInf/OrgnlTxRef/MndtRltdInf/DrctDbtMndt/TrckgDays,TrckgDays,Exact2NumericText,0,1
pacs.004.001.15,/Document/PmtRtr/TxInf/OrgnlTxRef/MndtRltdInf/CdtTrfMndt,CdtTrfMndt,CreditTransferMandateData1,1,1
pacs.004.001.15,/Document/PmtRtr/TxInf/OrgnlTxRef/MndtRltdInf/CdtTrfMndt/MndtId,MndtId,Max35Text,0,1
pacs.004.001.15,/Document/PmtRtr/TxInf/OrgnlTxRef/MndtRltdInf/CdtTrfMndt/Tp,Tp,MandateTypeInformation2,0,1
pacs.004.001.15,/Document/PmtRtr/TxInf/OrgnlTxRef/MndtRltdInf/CdtTrfMndt/Tp/SvcLvl,SvcLvl,ServiceLevel8Choice,0,1
pacs.004.001.15,/Document/PmtRtr/TxInf/OrgnlTxRef/MndtRltdInf/CdtTrfMndt/Tp/SvcLvl/Cd,Cd,ExternalServiceLevel1Code,1,1
pacs.004.001.15,/Document/PmtRtr/TxInf/OrgnlTxRef/MndtRltdInf/CdtTrfMndt/Tp/SvcLvl/Prtry,Prtry,Max35Text,1,1
pacs.004.001.15,/Document/PmtRtr/TxInf/OrgnlTxRef/MndtRltdInf/CdtTrfMndt/Tp/LclInstrm,LclInstrm,LocalInstrument2Choice,0,1
pacs.004.001.15,/Document/PmtRtr/TxInf/OrgnlTxRef/MndtRltdInf/CdtTrfMndt/Tp/LclInstrm/Cd,Cd,ExternalLocalInstrument1Code,1,1
pacs.004.001.15,/Document/PmtRtr/TxInf/OrgnlTxRef/MndtRltdInf/CdtTrfMndt/Tp/LclInstrm/Prtry,Prtry,Max35Text,1,1
pacs.004.001.15,/Document/PmtRtr/TxInf/OrgnlTxRef/MndtRltdInf/CdtTrfMndt/Tp/CtgyPurp,CtgyPurp,CategoryPurpose1Choice,0,1
pacs.004.001.15,/Document/PmtRtr/TxInf/OrgnlTxRef/MndtRltdInf/CdtTrfMndt/Tp/CtgyPurp/Cd,Cd,ExternalCategoryPurpose1Code,1,1
pacs.004.001.15,/Document/PmtRtr/TxInf/OrgnlTxRef/MndtRltdInf/CdtTrfMndt/Tp/CtgyPurp/Prtry,Prtry,Max35Text,1,1
pacs.004.001.15,/Document/PmtRtr/TxInf/OrgnlTxRef/MndtRltdInf/CdtTrfMndt/Tp/Clssfctn,Clssfctn,MandateClassification1Choice,0,1
pacs.004.001.15,/Document/PmtRtr/TxInf/OrgnlTxRef/MndtRltdInf/CdtTrfMndt/Tp/Clssfctn/Cd,Cd,MandateClassification1Code,1,1
pacs.004.001.15,/Document/PmtRtr/TxInf/OrgnlTxRef/MndtRltdInf/CdtTrfMndt/Tp/Clssfctn/Prtry,Prtry,Max35Text,1,1
pacs.004.001.15,/Document/PmtRtr/TxInf/OrgnlTxRef/MndtRltdInf/CdtTrfMndt/DtOfSgntr,DtOfSgntr,ISODate,0,1
pacs.004.001.15,/Document/PmtRtr/TxInf/OrgnlTxRef/MndtRltdInf/CdtTrfMndt/DtOfVrfctn,DtOfVrfctn,ISODateTime,0,1
pacs.004.001.15,/Document/PmtRtr/TxInf/OrgnlTxRef/MndtRltdInf/CdtTrfMndt/ElctrncSgntr,ElctrncSgntr,Max10KBinary,0,1
pacs.004.001.15,/Document/PmtRtr/TxInf/OrgnlTxRef/MndtRltdInf/CdtTrfMndt/FrstPmtDt,FrstPmtDt,ISODate,0,1
pacs.004.001.15,/Document/PmtRtr/TxInf/OrgnlTxRef/MndtRltdInf/CdtTrfMndt/FnlPmtDt,FnlPmtDt,ISODate,0,1
pacs.004.001.15,/Document/PmtRtr/TxInf/OrgnlTxRef/MndtRltdInf/CdtTrfMndt/Frqcy,Frqcy,Frequency36Choice,0,1
pacs.004.001.15,/Document/PmtRtr/TxInf/OrgnlTxRef/MndtRltdInf/CdtTrfMndt/Frqcy/Tp,Tp,Frequency6Code,1,1
pacs.004.001.15,/Document/PmtRtr/TxInf/OrgnlTxRef/MndtRltdInf/CdtTrfMndt/Frqcy/Prd,Prd,FrequencyPeriod1,1,1
pacs.004.001.15,/Document/PmtRtr/TxInf/OrgnlTxRef/MndtRltdInf/CdtTrfMndt/Frqcy/Prd/Tp,Tp,Frequency6Code,1,1
pacs.004.001.15,/Document/PmtRtr/TxInf/OrgnlTxRef/MndtRltdInf/CdtTrfMndt/Frqcy/Prd/CntPerPrd,CntPerPrd,DecimalNumber,1,1
pacs.004.001.15,/Document/PmtRtr/TxInf/OrgnlTxRef/MndtRltdInf/CdtTrfMndt/Frqcy/PtInTm,PtInTm,FrequencyAndMoment1,1,1
pacs.004.001.15,/Document/PmtRtr/TxInf/OrgnlTxRef/MndtRltdInf/CdtTrfMndt/Frqcy/PtInTm/Tp,Tp,Frequency6Code,1,1
pacs.004.001.15,/Document/PmtRtr/TxInf/OrgnlTxRef/MndtRltdInf/CdtTrfMndt/Frqcy/PtInTm/PtInTm,PtInTm,Exact2NumericText,1,1
pacs.004.001.15,/Document/PmtRtr/TxInf/OrgnlTxRef/MndtRltdInf/CdtTrfMndt/Rsn,Rsn,MandateSetupReason1Choice,0,1
pacs.004.001.15,/Document/PmtRtr/TxInf/OrgnlTxRef/MndtRltdInf/CdtTrfMndt/Rsn/Cd,Cd,ExternalMandateSetupReason1Code,1,1
pacs.004.001.15,/Document/PmtRtr/TxInf/OrgnlTxRef/MndtRltdInf/CdtTrfMndt/Rsn/Prtry,Prtry,Max70Text,1,1
pacs.004.001.15,/Document/PmtRtr/TxInf/OrgnlTxRef/RmtInf,RmtInf,RemittanceInformation26,0,1
pacs.004.001.15,/Document/PmtRtr/TxInf/OrgnlTxRef/RmtInf/Ustrd,Ustrd,Max140Text,0,
pacs.004.001.15,/Document/PmtRtr/TxInf/OrgnlTxRef/RmtInf/Strd,Strd,StructuredRemittanceInformation22,0,
pacs.004.001.15,/Document/PmtRtr/TxInf/OrgnlTxRef/RmtInf/Strd/RfrdDocInf,RfrdDocInf,ReferredDocumentInformation8,0,
pacs.004.001.15,/Document/PmtRtr/TxInf/OrgnlTxRef/RmtInf/Strd/RfrdDocInf/Tp,Tp,DocumentType1,0,1
pacs.004.001.15,/Document/PmtRtr/TxInf/OrgnlTxRef/RmtInf/Strd/RfrdDocInf/Tp/CdOrPrtry,CdOrPrtry,DocumentType2Choice,1,1
pacs.004.001.15,/Document/PmtRtr/TxInf/OrgnlTxRef/RmtInf/Strd/RfrdDocInf/Tp/CdOrPrtry/Cd,Cd,ExternalDocumentType1Code,1,1
pacs.004.001.15,/Document/PmtRtr/TxInf/OrgnlTxRef/RmtInf/Strd/RfrdDocInf/Tp/CdOrPrtry/Prtry,Prtry,Max35Text,1,1
pacs.004.001.15,/Document/PmtRtr/TxInf/OrgnlTxRef/RmtInf/Strd/RfrdDocInf/Tp/Issr,Issr,Max35Text,0,1
pacs.004.001.15,/Document/PmtRtr/TxInf/OrgnlTxRef/RmtInf/Strd/RfrdDocInf/Nb,Nb,Max35Text,0,1
pacs.004.001.15,/Document/PmtRtr/TxInf/OrgnlTxRef/RmtInf/Strd/RfrdDocInf/RltdDt,RltdDt,DateAndType1,0,1
pacs.004.001.15,/Document/PmtRtr/TxInf/OrgnlTxRef/RmtInf/Strd/RfrdDocInf/RltdDt/Tp,Tp,DateType2Choice,1,1
pacs.004.001.15,/Document/PmtRtr/TxInf/OrgnlTxRef/RmtInf/Strd/RfrdDocInf/RltdDt/Tp/Cd,Cd,ExternalDateType1Code,1,1
pacs.004.001.15,/Document/PmtRtr/TxInf/OrgnlTxRef/RmtInf/Strd/RfrdDocInf/RltdDt/Tp/Prtry,Prtry,Max35Text,1,1
pacs.004.001.15,/Document/PmtRtr/TxInf/OrgnlTxRef/RmtInf/Strd/RfrdDocInf/RltdDt/Dt,Dt,ISODate,1,1
pacs.004.001.15,/Document/PmtRtr/TxInf/OrgnlTxRef/RmtInf/Strd/RfrdDocInf/LineDtls,LineDtls,DocumentLineInformation2,0,
pacs.004.001.15,/Document/PmtRtr/TxInf/OrgnlTxRef/RmtInf/Strd/RfrdDocInf/LineDtls/Id,Id,DocumentLineIdentification1,1,
pacs.004.001.15,/Document/PmtRtr/TxInf/OrgnlTxRef/RmtInf/Strd/RfrdDocInf/LineDtls/Id/Tp,Tp,DocumentLineType1,0,1
pacs.004.001.15,/Document/PmtRtr/TxInf/OrgnlTxRef/RmtInf/Strd/RfrdDocInf/LineDtls/Id/Tp/CdOrPrtry,CdOrPrtry,DocumentLineType1Choice,1,1
pacs.004.001.15,/Document/PmtRtr/TxInf/OrgnlTxRef/RmtInf/Strd/RfrdDocInf/LineDtls/Id/Tp/CdOrPrtry/Cd,Cd,ExternalDocumentLineType1Code,1,1
pacs.004.001.15,/Document/PmtRtr/TxInf/OrgnlTxRef/RmtInf/Strd/RfrdDocInf/LineDtls/Id/Tp/CdOrPrtry/Prtry,Prtry,Max35Text,1,1
pacs.004.001.15,/Document/PmtRtr/TxInf/OrgnlTxRef/RmtInf/Strd/RfrdDocInf/LineDtls/Id/Tp/Issr,Issr,Max35Text,0,1
pacs.004.001.15,/Document/PmtRtr/TxInf/OrgnlTxRef/RmtInf/Strd/RfrdDocInf/LineDtls/Id/Nb,Nb,Max35Text,0,1
pacs.004.001.15,/Document/PmtRtr/TxInf/OrgnlTxRef/RmtInf/Strd/RfrdDocInf/LineDtls/Id/RltdDt,RltdDt,ISODate,0,1
pacs.004.001.15,/Document/PmtRtr/TxInf/OrgnlTxRef/RmtInf/Strd/RfrdDocInf/LineDtls/Desc,Desc,Max2048Text,0,1
pacs.004.001.15,/Document/PmtRtr/TxInf/OrgnlTxRef/RmtInf/Strd/RfrdDocInf/LineDtls/Amt,Amt,RemittanceAmount4,0,1
pacs.004.001.15,/Document/PmtRtr/TxInf/OrgnlTxRef/RmtInf/Strd/RfrdDocInf/LineDtls/Amt/RmtAmtAndTp,RmtAmtAndTp,DocumentAmount1,0,
pacs.004.001.15,/Document/PmtRtr/TxInf/OrgnlTxRef/RmtInf/Strd/RfrdDocInf/LineDtls/Amt/RmtAmtAndTp/Tp,Tp,DocumentAmountType1Choice,1,1
pacs.004.001.15,/Document/PmtRtr/TxInf/OrgnlTxRef/RmtInf/Strd/RfrdDocInf/LineDtls/Amt/RmtAmtAndTp/Tp/Cd,Cd,ExternalDocumentAmountType1Code,1,1
pacs.004.001.15,/Document/PmtRtr/TxInf/OrgnlTxRef/RmtInf/Strd/RfrdDocInf/LineDtls/Amt/RmtAmtAndTp/Tp/Prtry,Prtry,Max35Text,1,1
pacs.004.001.15,/Document/PmtRtr/TxInf/OrgnlTxRef/RmtInf/Strd/RfrdDocInf/LineDtls/Amt/RmtAmtAndTp/Amt,Amt,ActiveOrHistoricCurrencyAndAmount,1,1
pacs.004.001.15,/Document/PmtRtr/TxInf/OrgnlTxRef/RmtInf/Strd/RfrdDocInf/LineDtls/Amt/AdjstmntAmtAndRsn,AdjstmntAmtAndRsn,DocumentAdjustment1,0,
pacs.004.001.15,/Document/PmtRtr/TxInf/OrgnlTxRef/RmtInf/Strd/RfrdDocInf/LineDtls/Amt/AdjstmntAmtAndRsn/Amt,Amt,ActiveOrHistoricCurrencyAndAmount,1,1
pacs.004.001.15,/Document/PmtRtr/TxInf/OrgnlTxRef/RmtInf/Strd/RfrdDocInf/LineDtls/Amt/AdjstmntAmtAndRsn/CdtDbtInd,CdtDbtInd,CreditDebitCode,0,1
pacs.004.001.15,/Document/PmtRtr/TxInf/OrgnlTxRef/RmtInf/Strd/RfrdDocInf/LineDtls/Amt/AdjstmntAmtAndRsn/Rsn,Rsn,Max4Text,0,1
pacs.004.001.15,/Document/PmtRtr/TxInf/OrgnlTxRef/RmtInf/Strd/RfrdDocInf/LineDtls/Amt/AdjstmntAmtAndRsn/AddtlInf,AddtlInf,Max140Text,0,1
pacs.004.001.15,/Document/PmtRtr/TxInf/OrgnlTxRef/RmtInf/Strd/RfrdDocAmt,RfrdDocAmt,RemittanceAmount4,0,1
pacs.004.001.15,/Document/PmtRtr/TxInf/OrgnlTxRef/RmtInf/Strd/RfrdDocAmt/RmtAmtAndTp,RmtAmtAndTp,DocumentAmount1,0,
pacs.004.001.15,/Document/PmtRtr/TxInf/OrgnlTxRef/RmtInf/Strd/RfrdDocAmt/RmtAmtAndTp/Tp,Tp,DocumentAmountType1Choice,1,1
pacs.004.001.15,/Document/PmtRtr/TxInf/OrgnlTxRef/RmtInf/Strd/RfrdDocAmt/RmtAmtAndTp/Tp/Cd,Cd,ExternalDocumentAmountType1Code,1,1
pacs.004.001.15,/Document/PmtRtr/TxInf/OrgnlTxRef/RmtInf/Strd/RfrdDocAmt/RmtAmtAndTp/Tp/Prtry,Prtry,Max35Text,1,1
pacs.004.001.15,/Document/PmtRtr/TxInf/OrgnlTxRef/RmtInf/Strd/RfrdDocAmt/RmtAmtAndTp/Amt,Amt,ActiveOrHistoricCurrencyAndAmount,1,1
pacs.004.001.15,/Document/PmtRtr/TxInf/OrgnlTxRef/RmtInf/Strd/RfrdDocAmt/AdjstmntAmtAndRsn,AdjstmntAmtAndRsn,DocumentAdjustment1,0,
pacs.004.001.15,/Document/PmtRtr/TxInf/OrgnlTxRef/RmtInf/Strd/RfrdDocAmt/AdjstmntAmtAndRsn/Amt,Amt,ActiveOrHistoricCurrencyAndAmount,1,1
pacs.004.001.15,/Document/PmtRtr/TxInf/OrgnlTxRef/RmtInf/Strd/RfrdDocAmt/AdjstmntAmtAndRsn/CdtDbtInd,CdtDbtInd,CreditDebitCode,0,1
pacs.004.001.15,/Document/PmtRtr/TxInf/OrgnlTxRef/RmtInf/Strd/RfrdDocAmt/AdjstmntAmtAndRsn/Rsn,Rsn,Max4Text,0,1
pacs.004.001.15,/Document/PmtRtr/TxInf/OrgnlTxRef/RmtInf/Strd/RfrdDocAmt/AdjstmntAmtAndRsn/AddtlInf,AddtlInf,Max140Text,0,1
pacs.004.001.15,/Document/PmtRtr/TxInf/OrgnlTxRef/RmtInf/Strd/CdtrRefInf,CdtrRefInf,CreditorReferenceInformation3,0,1
pacs.004.001.15,/Document/PmtRtr/TxInf/OrgnlTxRef/RmtInf/Strd/CdtrRefInf/Tp,Tp,CreditorReferenceType3,0,1
pacs.004.001.15,/Document/PmtRtr/TxInf/OrgnlTxRef/RmtInf/Strd/CdtrRefInf/Tp/CdOrPrtry,CdOrPrtry,CreditorReferenceType2Choice,1,1
pacs.004.001.15,/Document/PmtRtr/TxInf/OrgnlTxRef/RmtInf/Strd/CdtrRefInf/Tp/CdOrPrtry/Cd,Cd,ExternalCreditorReferenceType1Code,1,1
pacs.004.001.15,/Document/PmtRtr/TxInf/OrgnlTxRef/RmtInf/Strd/CdtrRefInf/Tp/CdOrPrtry/Prtry,Prtry,Max35Text,1,1
pacs.004.001.15,/Document/PmtRtr/TxInf/OrgnlTxRef/RmtInf/Strd/CdtrRefInf/Tp/Issr,Issr,Max35Text,0,1
pacs.004.001.15,/Document/PmtRtr/TxInf/OrgnlTxRef/RmtInf/Strd/CdtrRefInf/Ref,Ref,Max35Text,0,1
pacs.004.001.15,/Document/PmtRtr/TxInf/OrgnlTxRef/RmtInf/Strd/Invcr,Invcr,PartyIdentification272,0,1
pacs.004.001.15,/Document/PmtRtr/TxInf/OrgnlTxRef/RmtInf/Strd/Invcr/Nm,Nm,Max140Text,0,1
pacs.004.001.15,/Document/PmtRtr/TxInf/OrgnlTxRef/RmtInf/Strd/Invcr/PstlAdr,PstlAdr,PostalAddress27,0,1
pacs.004.001.15,/Document/PmtRtr/TxInf/OrgnlTxRef/RmtInf/Strd/Invcr/PstlAdr/AdrTp,AdrTp,AddressType3Choice,0,1
pacs.004.001.15,/Document/PmtRtr/TxInf/OrgnlTxRef/RmtInf/Strd/Invcr/PstlAdr/AdrTp/Cd,Cd,AddressType2Code,1,1
pacs.004.001.15,/Document/PmtRtr/TxInf/OrgnlTxRef/RmtInf/Strd/Invcr/PstlAdr/AdrTp/Prtry,Prtry,GenericIdentification30,1,1
pacs.004.001.15,/Document/PmtRtr/TxInf/OrgnlTxRef/RmtInf/Strd/Invcr/PstlAdr/AdrTp/Prtry/Id,Id,Exact4AlphaNumericText,1,1
pacs.004.001.15,/Document/PmtRtr/TxInf/OrgnlTxRef/RmtInf/Strd/Invcr/PstlAdr/AdrTp/Prtry/Issr,Issr,Max35Text,1,1
pacs.004.001.15,/Document/PmtRtr/TxInf/OrgnlTxRef/RmtInf/Strd/Invcr/PstlAdr/AdrTp/Prtry/SchmeNm,SchmeNm,Max35Text,0,1
pacs.004.001.15,/Document/PmtRtr/TxInf/OrgnlTxRef/RmtInf/Strd/Invcr/PstlAdr/CareOf,CareOf,Max140Text,0,1
pacs.004.001.15,/Document/PmtRtr/TxInf/OrgnlTxRef/RmtInf/Strd/Invcr/PstlAdr/Dept,Dept,Max70Text,0,1
pacs.004.001.15,/Document/PmtRtr/TxInf/OrgnlTxRef/RmtInf/Strd/Invcr/PstlAdr/SubDept,SubDept,Max70Text,0,1
pacs.004.001.15,/Document/PmtRtr/TxInf/OrgnlTxRef/RmtInf/Strd/Invcr/PstlAdr/StrtNm,StrtNm,Max140Text,0,1
pacs.004.001.15,/Document/PmtRtr/TxInf/OrgnlTxRef/RmtInf/Strd/Invcr/PstlAdr/BldgNb,BldgNb,Max16Text,0,1
pacs.004.001.15,/Document/PmtRtr/TxInf/OrgnlTxRef/RmtInf/Strd/Invcr/PstlAdr/BldgNm,BldgNm,Max140Text,0,1
pacs.004.001.15,/Document/PmtRtr/TxInf/OrgnlTxRef/RmtInf/Strd/Invcr/PstlAdr/Flr,Flr,Max70Text,0,1
pacs.004.001.15,/Document/PmtRtr/TxInf/OrgnlTxRef/RmtInf/Strd/Invcr/PstlAdr/UnitNb,UnitNb,Max16Text,0,1
pacs.004.001.15,/Document/PmtRtr/TxInf/OrgnlTxRef/RmtInf/Strd/Invcr/PstlAdr/PstBx,PstBx,Max16Text,0,1
pacs.004.001.15,/Document/PmtRtr/TxInf/OrgnlTxRef/RmtInf/Strd/Invcr/PstlAdr/Room,Room,Max70Text,0,1
pacs.004.001.15,/Document/PmtRtr/TxInf/OrgnlTxRef/RmtInf/Strd/Invcr/PstlAdr/PstCd,PstCd,Max16Text,0,1
pacs.004.001.15,/Document/PmtRtr/TxInf/OrgnlTxRef/RmtInf/Strd/Invcr/PstlAdr/TwnNm,TwnNm,Max140Text,0,1
pacs.004.001.15,/Document/PmtRtr/TxInf/OrgnlTxRef/RmtInf/Strd/Invcr/PstlAdr/TwnLctnNm,TwnLctnNm,Max140Text,0,1
pacs.004.001.15,/Document/PmtRtr/TxInf/OrgnlTxRef/RmtInf/Strd/Invcr/PstlAdr/DstrctNm,DstrctNm,Max140Text,0,1
pacs.004.001.15,/Document/PmtRtr/TxInf/OrgnlTxRef/RmtInf/Strd/Invcr/PstlAdr/CtrySubDvsn,CtrySubDvsn,Max35Text,0,1
pacs.004.001.15,/Document/PmtRtr/TxInf/OrgnlTxRef/RmtInf/Strd/Invcr/PstlAdr/Ctry,Ctry,CountryCode,0,1
pacs.004.001.15,/Document/PmtRtr/TxInf/OrgnlTxRef/RmtInf/Strd/Invcr/PstlAdr/AdrLine,AdrLine,Max70Text,0,7
pacs.004.001.15,/Document/PmtRtr/TxInf/OrgnlTxRef/RmtInf/Strd/Invcr/Id,Id,Party52Choice,0,1
pacs.004.001.15,/Document/PmtRtr/TxInf/OrgnlTxRef/RmtInf/Strd/Invcr/Id/OrgId,OrgId,OrganisationIdentification39,1,1
pacs.004.001.15,/Document/PmtRtr/TxInf/OrgnlTxRef/RmtInf/Strd/Invcr/Id/OrgId/AnyBIC,AnyBIC,AnyBICDec2014Identifier,0,1
pacs.004.001.15,/Document/PmtRtr/TxInf/OrgnlTxRef/RmtInf/Strd/Invcr/Id/OrgId/LEI,LEI,LEIIdentifier,0,1
pacs.004.001.15,/Document/PmtRtr/TxInf/OrgnlTxRef/RmtInf/Strd/Invcr/Id/OrgId/Othr,Othr,GenericOrganisationIdentification3,0,
pacs.004.001.15,/Document/PmtRtr/TxInf/OrgnlTxRef/RmtInf/Strd/Invcr/Id/OrgId/Othr/Id,Id,Max256Text,1,1
pacs.004.001.15,/Document/PmtRtr/TxInf/OrgnlTxRef/RmtInf/Strd/Invcr/Id/OrgId/Othr/SchmeNm,SchmeNm,OrganisationIdentificationSchemeName1Choice,0,1
pacs.004.001.15,/Document/PmtRtr/TxInf/OrgnlTxRef/RmtInf/Strd/Invcr/Id/OrgId/Othr/SchmeNm/Cd,Cd,ExternalOrganisationIdentification1Code,1,1
pacs.004.001.15,/Document/PmtRtr/TxInf/OrgnlTxRef/RmtInf/Strd/Invcr/Id/OrgId/Othr/SchmeNm/Prtry,Prtry,Max35Text,1,1
pacs.004.001.15,/Document/PmtRtr/TxInf/OrgnlTxRef/RmtInf/Strd/Invcr/Id/OrgId/Othr/Issr,Issr,Max35Text,0,1
pacs.004.001.15,/Document/PmtRtr/TxInf/OrgnlTxRef/RmtInf/Strd/Invcr/Id/PrvtId,PrvtId,PersonIdentification18,1,1
pacs.004.001.15,/Document/PmtRtr/TxInf/OrgnlTxRef/RmtInf/Strd/Invcr/Id/PrvtId/DtAndPlcOfBirth,DtAndPlcOfBirth,DateAndPlaceOfBirth1,0,1
pacs.004.001.15,/Document/PmtRtr/TxInf/OrgnlTxRef/RmtInf/Strd/Invcr/Id/PrvtId/DtAndPlcOfBirth/BirthDt,BirthDt,ISODate,1,1
pacs.004.001.15,/Document/PmtRtr/TxInf/OrgnlTxRef/RmtInf/Strd/Invcr/Id/PrvtId/DtAndPlcOfBirth/PrvcOfBirth,PrvcOfBirth,Max35Text,0,1
pacs.004.001.15,/Document/PmtRtr/TxInf/OrgnlTxRef/RmtInf/Strd/Invcr/Id/PrvtId/DtAndPlcOfBirth/CityOfBirth,CityOfBirth,Max35Text,1,1
pacs.004.001.15,/Document/PmtRtr/TxInf/OrgnlTxRef/RmtInf/Strd/Invcr/Id/PrvtId/DtAndPlcOfBirth/CtryOfBirth,CtryOfBirth,CountryCode,1,1
pacs.004.001.15,/Document/PmtRtr/TxInf/OrgnlTxRef/RmtInf/Strd/Invcr/Id/PrvtId/Othr,Othr,GenericPersonIdentification2,0,
pacs.004.001.15,/Document/PmtRtr/TxInf/OrgnlTxRef/RmtInf/Strd/Invcr/Id/PrvtId/Othr/Id,Id,Max256Text,1,1
pacs.004.001.15,/Document/PmtRtr/TxInf/OrgnlTxRef/RmtInf/Strd/Invcr/Id/PrvtId/Othr/SchmeNm,SchmeNm,PersonIdentificationSchemeName1Choice,0,1
pacs.004.001.15,/Document/PmtRtr/TxInf/OrgnlTxRef/RmtInf/Strd/Invcr/Id/PrvtId/Othr/SchmeNm/Cd,Cd,ExternalPersonIdentification1Code,1,1
pacs.004.001.15,/Document/PmtRtr/TxInf/OrgnlTxRef/RmtInf/Strd/Invcr/Id/PrvtId/Othr/SchmeNm/Prtry,Prtry,Max35Text,1,1
pacs.004.001.15,/Document/PmtRtr/TxInf/OrgnlTxRef/RmtInf/Strd/Invcr/Id/PrvtId/Othr/Issr,Issr,Max35Text,0,1
pacs.004.001.15,/Document/PmtRtr/TxInf/OrgnlTxRef/RmtInf/Strd/Invcr/CtryOfRes,CtryOfRes,CountryCode,0,1
pacs.004.001.15,/Document/PmtRtr/TxInf/OrgnlTxRef/RmtInf/Strd/Invcr/CtctDtls,CtctDtls,Contact13,0,1
pacs.004.001.15,/Document/PmtRtr/TxInf/OrgnlTxRef/RmtInf/Strd/Invcr/CtctDtls/NmPrfx,NmPrfx,NamePrefix2Code,0,1
pacs.004.001.15,/Document/PmtRtr/TxInf/OrgnlTxRef/RmtInf/Strd/Invcr/CtctDtls/Nm,Nm,Max140Text,0,1
pacs.004.001.15,/Document/PmtRtr/TxInf/OrgnlTxRef/RmtInf/Strd/Invcr/CtctDtls/PhneNb,PhneNb,PhoneNumber,0,1
pacs.004.001.15,/Document/PmtRtr/TxInf/OrgnlTxRef/RmtInf/Strd/Invcr/CtctDtls/MobNb,MobNb,PhoneNumber,0,1
pacs.004.001.15,/Document/PmtRtr/TxInf/OrgnlTxRef/RmtInf/Strd/Invcr/CtctDtls/FaxNb,FaxNb,PhoneNumber,0,1
pacs.004.001.15,/Document/PmtRtr/TxInf/OrgnlTxRef/RmtInf/Strd/Invcr/CtctDtls/URLAdr,URLAdr,Max2048Text,0,1
pacs.004.001.15,/Document/PmtRtr/TxInf/OrgnlTxRef/RmtInf/Strd/Invcr/CtctDtls/EmailAdr,EmailAdr,Max256Text,0,1
pacs.004.001.15,/Document/PmtRtr/TxInf/OrgnlTxRef/RmtInf/Strd/Invcr/CtctDtls/EmailPurp,EmailPurp,Max35Text,0,1
pacs.004.001.15,/Document/PmtRtr/TxInf/OrgnlTxRef/RmtInf/Strd/Invcr/CtctDtls/JobTitl,JobTitl,Max35Text,0,1
pacs.004.001.15,/Document/PmtRtr/TxInf/OrgnlTxRef/RmtInf/Strd/Invcr/CtctDtls/Rspnsblty,Rspnsblty,Max35Text,0,1
pacs.004.001.15,/Document/PmtRtr/TxInf/OrgnlTxRef/RmtInf/Strd/Invcr/CtctDtls/Dept,Dept,Max70Text,0,1
pacs.004.001.15,/Document/PmtRtr/TxInf/OrgnlTxRef/RmtInf/Strd/Invcr/CtctDtls/Othr,Othr,OtherContact1,0,
pacs.004.001.15,/Document/PmtRtr/TxInf/OrgnlTxRef/RmtInf/Strd/Invcr/CtctDtls/Othr/ChanlTp,ChanlTp,Max4Text,1,1
pacs.004.001.15,/Document/PmtRtr/TxInf/OrgnlTxRef/RmtInf/Strd/Invcr/CtctDtls/Othr/Id,Id,Max128Text,0,1
pacs.004.001.15,/Document/PmtRtr/TxInf/OrgnlTxRef/RmtInf/Strd/Invcr/CtctDtls/PrefrdMtd,PrefrdMtd,PreferredContactMethod2Code,0,1
pacs.004.001.15,/Document/PmtRtr/TxInf/OrgnlTxRef/RmtInf/Strd/Invcee,Invcee,PartyIdentification272,0,1
pacs.004.001.15,/Document/PmtRtr/TxInf/OrgnlTxRef/RmtInf/Strd/Invcee/Nm,Nm,Max140Text,0,1
pacs.004.001.15,/Document/PmtRtr/TxInf/OrgnlTxRef/RmtInf/Strd/Invcee/PstlAdr,PstlAdr,PostalAddress27,0,1
pacs.004.001.15,/Document/PmtRtr/TxInf/OrgnlTxRef/RmtInf/Strd/Invcee/PstlAdr/AdrTp,AdrTp,AddressType3Choice,0,1
pacs.004.001.15,/Document/PmtRtr/TxInf/OrgnlTxRef/RmtInf/Strd/Invcee/PstlAdr/AdrTp/Cd,Cd,AddressType2Code,1,1
pacs.004.001.15,/Document/PmtRtr/TxInf/OrgnlTxRef/RmtInf/Strd/Invcee/PstlAdr/AdrTp/Prtry,Prtry,GenericIdentification30,1,1
pacs.004.001.15,/Document/PmtRtr/TxInf/OrgnlTxRef/RmtInf/Strd/Invcee/PstlAdr/AdrTp/Prtry/Id,Id,Exact4AlphaNumericText,1,1
pacs.004.001.15,/Document/PmtRtr/TxInf/OrgnlTxRef/RmtInf/Strd/Invcee/PstlAdr/AdrTp/Prtry/Issr,Issr,Max35Text,1,1
pacs.004.001.15,/Document/PmtRtr/TxInf/OrgnlTxRef/RmtInf/Strd/Invcee/PstlAdr/AdrTp/Prtry/SchmeNm,SchmeNm,Max35Text,0,1
pacs.004.001.15,/Document/PmtRtr/TxInf/OrgnlTxRef/RmtInf/Strd/Invcee/PstlAdr/CareOf,CareOf,Max140Text,0,1
pacs.004.001.15,/Document/PmtRtr/TxInf/OrgnlTxRef/RmtInf/Strd/Invcee/PstlAdr/Dept,Dept,Max70Text,0,1
pacs.004.001.15,/Document/PmtRtr/TxInf/OrgnlTxRef/RmtInf/Strd/Invcee/PstlAdr/SubDept,SubDept,Max70Text,0,1
pacs.004.001.15,/Document/PmtRtr/TxInf/OrgnlTxRef/RmtInf/Strd/Invcee/PstlAdr/StrtNm,StrtNm,Max140Text,0,1
pacs.004.001.15,/Document/PmtRtr/TxInf/OrgnlTxRef/RmtInf/Strd/Invcee/PstlAdr/BldgNb,BldgNb,Max16Text,0,1
pacs.004.001.15,/Document/PmtRtr/TxInf/OrgnlTxRef/RmtInf/Strd/Invcee/PstlAdr/BldgNm,BldgNm,Max140Text,0,1
pacs.004.001.15,/Document/PmtRtr/TxInf/OrgnlTxRef/RmtInf/Strd/Invcee/PstlAdr/Flr,Flr,Max70Text,0,1
pacs.004.001.15,/Document/PmtRtr/TxInf/OrgnlTxRef/RmtInf/Strd/Invcee/PstlAdr/UnitNb,UnitNb,Max16Text,0,1
pacs.004.001.15,/Document/PmtRtr/TxInf/OrgnlTxRef/RmtInf/Strd/Invcee/PstlAdr/PstBx,PstBx,Max16Text,0,1
pacs.004.001.15,/Document/PmtRtr/TxInf/OrgnlTxRef/RmtInf/Strd/Invcee/PstlAdr/Room,Room,Max70Text,0,1
pacs.004.001.15,/Document/PmtRtr/TxInf/OrgnlTxRef/RmtInf/Strd/Invcee/PstlAdr/PstCd,PstCd,Max16Text,0,1
pacs.004.001.15,/Document/PmtRtr/TxInf/OrgnlTxRef/RmtInf/Strd/Invcee/PstlAdr/TwnNm,TwnNm,Max140Text,0,1
pacs.004.001.15,/Document/PmtRtr/TxInf/OrgnlTxRef/RmtInf/Strd/Invcee/PstlAdr/TwnLctnNm,TwnLctnNm,Max140Text,0,1
pacs.004.001.15,/Document/PmtRtr/TxInf/OrgnlTxRef/RmtInf/Strd/Invcee/PstlAdr/DstrctNm,DstrctNm,Max140Text,0,1
pacs.004.001.15,/Document/PmtRtr/TxInf/OrgnlTxRef/RmtInf/Strd/Invcee/PstlAdr/CtrySubDvsn,CtrySubDvsn,Max35Text,0,1
pacs.004.001.15,/Document/PmtRtr/TxInf/OrgnlTxRef/RmtInf/Strd/Invcee/PstlAdr/Ctry,Ctry,CountryCode,0,1
pacs.004.001.15,/Document/PmtRtr/TxInf/OrgnlTxRef/RmtInf/Strd/Invcee/PstlAdr/AdrLine,AdrLine,Max70Text,0,7
pacs.004.001.15,/Document/PmtRtr/TxInf/OrgnlTxRef/RmtInf/Strd/Invcee/Id,Id,Party52Choice,0,1
pacs.004.001.15,/Document/PmtRtr/TxInf/OrgnlTxRef/RmtInf/Strd/Invcee/Id/OrgId,OrgId,OrganisationIdentification39,1,1
pacs.004.001.15,/Document/PmtRtr/TxInf/OrgnlTxRef/RmtInf/Strd/Invcee/Id/OrgId/AnyBIC,AnyBIC,AnyBICDec2014Identifier,0,1
pacs.004.001.15,/Document/PmtRtr/TxInf/OrgnlTxRef/RmtInf/Strd/Invcee/Id/OrgId/LEI,LEI,LEIIdentifier,0,1
pacs.004.001.15,/Document/PmtRtr/TxInf/OrgnlTxRef/RmtInf/Strd/Invcee/Id/OrgId/Othr,Othr,GenericOrganisationIdentification3,0,
pacs.004.001.15,/Document/PmtRtr/TxInf/OrgnlTxRef/RmtInf/Strd/Invcee/Id/OrgId/Othr/Id,Id,Max256Text,1,1
pacs.004.001.15,/Document/PmtRtr/TxInf/OrgnlTxRef/RmtInf/Strd/Invcee/Id/OrgId/Othr/SchmeNm,SchmeNm,OrganisationIdentificationSchemeName1Choice,0,1
pacs.004.001.15,/Document/PmtRtr/TxInf/OrgnlTxRef/RmtInf/Strd/Invcee/Id/OrgId/Othr/SchmeNm/Cd,Cd,ExternalOrganisationIdentification1Code,1,1
pacs.004.001.15,/Document/PmtRtr/TxInf/OrgnlTxRef/RmtInf/Strd/Invcee/Id/OrgId/Othr/SchmeNm/Prtry,Prtry,Max35Text,1,1
pacs.004.001.15,/Document/PmtRtr/TxInf/OrgnlTxRef/RmtInf/Strd/Invcee/Id/OrgId/Othr/Issr,Issr,Max35Text,0,1
pacs.004.001.15,/Document/PmtRtr/TxInf/OrgnlTxRef/RmtInf/Strd/Invcee/Id/PrvtId,PrvtId,PersonIdentification18,1,1
pacs.004.001.15,/Document/PmtRtr/TxInf/OrgnlTxRef/RmtInf/Strd/Invcee/Id/PrvtId/DtAndPlcOfBirth,DtAndPlcOfBirth,DateAndPlaceOfBirth1,0,1
pacs.004.001.15,/Document/PmtRtr/TxInf/OrgnlTxRef/RmtInf/Strd/Invcee/Id/PrvtId/DtAndPlcOfBirth/BirthDt,BirthDt,ISODate,1,1
pacs.004.001.15,/Document/PmtRtr/TxInf/OrgnlTxRef/RmtInf/Strd/Invcee/Id/PrvtId/DtAndPlcOfBirth/PrvcOfBirth,PrvcOfBirth,Max35Text,0,1
pacs.004.001.15,/Document/PmtRtr/TxInf/OrgnlTxRef/RmtInf/Strd/Invcee/Id/PrvtId/DtAndPlcOfBirth/CityOfBirth,CityOfBirth,Max35Text,1,1
pacs.004.001.15,/Document/PmtRtr/TxInf/OrgnlTxRef/RmtInf/Strd/Invcee/Id/PrvtId/DtAndPlcOfBirth/CtryOfBirth,CtryOfBirth,CountryCode,1,1
pacs.004.001.15,/Document/PmtRtr/TxInf/OrgnlTxRef/RmtInf/Strd/Invcee/Id/PrvtId/Othr,Othr,GenericPersonIdentification2,0,
pacs.004.001.15,/Document/PmtRtr/TxInf/OrgnlTxRef/RmtInf/Strd/Invcee/Id/PrvtId/Othr/Id,Id,Max256Text,1,1
pacs.004.001.15,/Document/PmtRtr/TxInf/OrgnlTxRef/RmtInf/Strd/Invcee/Id/PrvtId/Othr/SchmeNm,SchmeNm,PersonIdentificationSchemeName1Choice,0,1
pacs.004.001.15,/Document/PmtRtr/TxInf/OrgnlTxRef/RmtInf/Strd/Invcee/Id/PrvtId/Othr/SchmeNm/Cd,Cd,ExternalPersonIdentification1Code,1,1
pacs.004.001.15,/Document/PmtRtr/TxInf/OrgnlTxRef/RmtInf/Strd/Invcee/Id/PrvtId/Othr/SchmeNm/Prtry,Prtry,Max35Text,1,1
pacs.004.001.15,/Document/PmtRtr/TxInf/OrgnlTxRef/RmtInf/Strd/Invcee/Id/PrvtId/Othr/Issr,Issr,Max35Text,0,1
pacs.004.001.15,/Document/PmtRtr/TxInf/OrgnlTxRef/RmtInf/Strd/Invcee/CtryOfRes,CtryOfRes,CountryCode,0,1
pacs.004.001.15,/Document/PmtRtr/TxInf/OrgnlTxRef/RmtInf/Strd/Invcee/CtctDtls,CtctDtls,Contact13,0,1
pacs.004.001.15,/Document/PmtRtr/TxInf/OrgnlTxRef/RmtInf/Strd/Invcee/CtctDtls/NmPrfx,NmPrfx,NamePrefix2Code,0,1
pacs.004.001.15,/Document/PmtRtr/TxInf/OrgnlTxRef/RmtInf/Strd/Invcee/CtctDtls/Nm,Nm,Max140Text,0,1
pacs.004.001.15,/Document/PmtRtr/TxInf/OrgnlTxRef/RmtInf/Strd/Invcee/CtctDtls/PhneNb,PhneNb,PhoneNumber,0,1
pacs.004.001.15,/Document/PmtRtr/TxInf/OrgnlTxRef/RmtInf/Strd/Invcee/CtctDtls/MobNb,MobNb,PhoneNumber,0,1
pacs.004.001.15,/Document/PmtRtr/TxInf/OrgnlTxRef/RmtInf/Strd/Invcee/CtctDtls/FaxNb,FaxNb,PhoneNumber,0,1
pacs.004.001.15,/Document/PmtRtr/TxInf/OrgnlTxRef/RmtInf/Strd/Invcee/CtctDtls/URLAdr,URLAdr,Max2048Text,0,1
pacs.004.001.15,/Document/PmtRtr/TxInf/OrgnlTxRef/RmtInf/Strd/Invcee/CtctDtls/EmailAdr,EmailAdr,Max256Text,0,1
pacs.004.001.15,/Document/PmtRtr/TxInf/OrgnlTxRef/RmtInf/Strd/Invcee/CtctDtls/EmailPurp,EmailPurp,Max35Text,0,1
pacs.004.001.15,/Document/PmtRtr/TxInf/OrgnlTxRef/RmtInf/Strd/Invcee/CtctDtls/JobTitl,JobTitl,Max35Text,0,1
pacs.004.001.15,/Document/PmtRtr/TxInf/OrgnlTxRef/RmtInf/Strd/Invcee/CtctDtls/Rspnsblty,Rspnsblty,Max35Text,0,1
pacs.004.001.15,/Document/PmtRtr/TxInf/OrgnlTxRef/RmtInf/Strd/Invcee/CtctDtls/Dept,Dept,Max70Text,0,1
pacs.004.001.15,/Document/PmtRtr/TxInf/OrgnlTxRef/RmtInf/Strd/Invcee/CtctDtls/Othr,Othr,OtherContact1,0,
pacs.004.001.15,/Document/PmtRtr/TxInf/OrgnlTxRef/RmtInf/Strd/Invcee/CtctDtls/Othr/ChanlTp,ChanlTp,Max4Text,1,1
pacs.004.001.15,/Document/PmtRtr/TxInf/OrgnlTxRef/RmtInf/Strd/Invcee/CtctDtls/Othr/Id,Id,Max128Text,0,1
pacs.004.001.15,/Document/PmtRtr/TxInf/OrgnlTxRef/RmtInf/Strd/Invcee/CtctDtls/PrefrdMtd,PrefrdMtd,PreferredContactMethod2Code,0,1
pacs.004.001.15,/Document/PmtRtr/TxInf/OrgnlTxRef/RmtInf/Strd/TaxRmt,TaxRmt,TaxData1,0,1
pacs.004.001.15,/Document/PmtRtr/TxInf/OrgnlTxRef/RmtInf/Strd/TaxRmt/Cdtr,Cdtr,TaxParty1,0,1
pacs.004.001.15,/Document/PmtRtr/TxInf/OrgnlTxRef/RmtInf/Strd/TaxRmt/Cdtr/TaxId,TaxId,Max35Text,0,1
pacs.004.001.15,/Document/PmtRtr/TxInf/OrgnlTxRef/RmtInf/Strd/TaxRmt/Cdtr/RegnId,RegnId,Max35Text,0,1
pacs.004.001.15,/Document/PmtRtr/TxInf/OrgnlTxRef/RmtInf/Strd/TaxRmt/Cdtr/TaxTp,TaxTp,Max35Text,0,1
pacs.004.001.15,/Document/PmtRtr/TxInf/OrgnlTxRef/RmtInf/Strd/TaxRmt/Dbtr,Dbtr,TaxParty2,0,1
pacs.004.001.15,/Document/PmtRtr/TxInf/OrgnlTxRef/RmtInf/Strd/TaxRmt/Dbtr/TaxId,TaxId,Max35Text,0,1
pacs.004.001.15,/Document/PmtRtr/TxInf/OrgnlTxRef/RmtInf/Strd/TaxRmt/Dbtr/RegnId,RegnId,Max35Text,0,1
pacs.004.001.15,/Document/PmtRtr/TxInf/OrgnlTxRef/RmtInf/Strd/TaxRmt/Dbtr/TaxTp,TaxTp,Max35Text,0,1
pacs.004.001.15,/Document/PmtRtr/TxInf/OrgnlTxRef/RmtInf/Strd/TaxRmt/Dbtr/Authstn,Authstn,TaxAuthorisation1,0,1
pacs.004.001.15,/Document/PmtRtr/TxInf/OrgnlTxRef/RmtInf/Strd/TaxRmt/Dbtr/Authstn/Titl,Titl,Max35Text,0,1
pacs.004.001.15,/Document/PmtRtr/TxInf/OrgnlTxRef/RmtInf/Strd/TaxRmt/Dbtr/Authstn/Nm,Nm,Max140Text,0,1
pacs.004.001.15,/Document/PmtRtr/TxInf/OrgnlTxRef/RmtInf/Strd/TaxRmt/UltmtDbtr,UltmtDbtr,TaxParty2,0,1
pacs.004.001.15,/Document/PmtRtr/TxInf/OrgnlTxRef/RmtInf/Strd/TaxRmt/UltmtDbtr/TaxId,TaxId,Max35Text,0,1
pacs.004.001.15,/Document/PmtRtr/TxInf/OrgnlTxRef/RmtInf/Strd/TaxRmt/UltmtDbtr/RegnId,RegnId,Max35Text,0,1
pacs.004.001.15,/Document/PmtRtr/TxInf/OrgnlTxRef/RmtInf/Strd/TaxRmt/UltmtDbtr/TaxTp,TaxTp,Max35Text,0,1
pacs.004.001.15,/Document/PmtRtr/TxInf/OrgnlTxRef/RmtInf/Strd/TaxRmt/UltmtDbtr/Authstn,Authstn,TaxAuthorisation1,0,1
pacs.004.001.15,/Document/PmtRtr/TxInf/OrgnlTxRef/RmtInf/Strd/TaxRmt/UltmtDbtr/Authstn/Titl,Titl,Max35Text,0,1
pacs.004.001.15,/Document/PmtRtr/TxInf/OrgnlTxRef/RmtInf/Strd/TaxRmt/UltmtDbtr/Authstn/Nm,Nm,Max140Text,0,1
pacs.004.001.15,/Document/PmtRtr/TxInf/OrgnlTxRef/RmtInf/Strd/TaxRmt/AdmstnZone,AdmstnZone,Max35Text,0,1
pacs.004.001.15,/Document/PmtRtr/TxInf/OrgnlTxRef/RmtInf/Strd/TaxRmt/RefNb,RefNb,Max140Text,0,1
pacs.004.001.15,/Document/PmtRtr/TxInf/OrgnlTxRef/RmtInf/Strd/TaxRmt/Mtd,Mtd,Max35Text,0,1
pacs.004.001.15,/Document/PmtRtr/TxInf/OrgnlTxRef/RmtInf/Strd/TaxRmt/TtlTaxblBaseAmt,TtlTaxblBaseAmt,ActiveOrHistoricCurrencyAndAmount,0,1
pacs.004.001.15,/Document/PmtRtr/TxInf/OrgnlTxRef/RmtInf/Strd/TaxRmt/TtlTaxAmt,TtlTaxAmt,ActiveOrHistoricCurrencyAndAmount,0,1
pacs.004.001.15,/Document/PmtRtr/TxInf/OrgnlTxRef/RmtInf/Strd/TaxRmt/Dt,Dt,ISODate,0,1
pacs.004.001.15,/Document/PmtRtr/TxInf/OrgnlTxRef/RmtInf/Strd/TaxRmt/SeqNb,SeqNb,Number,0,1
pacs.004.001.15,/Document/PmtRtr/TxInf/OrgnlTxRef/RmtInf/Strd/TaxRmt/Rcrd,Rcrd,TaxRecord3,0,
pacs.004.001.15,/Document/PmtRtr/TxInf/OrgnlTxRef/RmtInf/Strd/TaxRmt/Rcrd/Tp,Tp,Max35Text,0,1
pacs.004.001.15,/Document/PmtRtr/TxInf/OrgnlTxRef/RmtInf/Strd/TaxRmt/Rcrd/Ctgy,Ctgy,Max35Text,0,1
pacs.004.001.15,/Document/PmtRtr/TxInf/OrgnlTxRef/RmtInf/Strd/TaxRmt/Rcrd/CtgyDtls,CtgyDtls,Max35Text,0,1
pacs.004.001.15,/Document/PmtRtr/TxInf/OrgnlTxRef/RmtInf/Strd/TaxRmt/Rcrd/DbtrSts,DbtrSts,Max35Text,0,1
pacs.004.001.15,/Document/PmtRtr/TxInf/OrgnlTxRef/RmtInf/Strd/TaxRmt/Rcrd/CertId,CertId,Max35Text,0,1
pacs.004.001.15,/Document/PmtRtr/TxInf/OrgnlTxRef/RmtInf/Strd/TaxRmt/Rcrd/FrmsCd,FrmsCd,Max35Text,0,1
pacs.004.001.15,/Document/PmtRtr/TxInf/OrgnlTxRef/RmtInf/Strd/TaxRmt/Rcrd/Prd,Prd,TaxPeriod3,0,1
pacs.004.001.15,/Document/PmtRtr/TxInf/OrgnlTxRef/RmtInf/Strd/TaxRmt/Rcrd/Prd/Yr,Yr,ISOYear,0,1
pacs.004.001.15,/Document/PmtRtr/TxInf/OrgnlTxRef/RmtInf/Strd/TaxRmt/Rcrd/Prd/Tp,Tp,TaxRecordPeriod1Code,0,1
pacs.004.001.15,/Document/PmtRtr/TxInf/OrgnlTxRef/RmtInf/Strd/TaxRmt/Rcrd/Prd/FrToDt,FrToDt,DatePeriod2,0,1
pacs.004.001.15,/Document/PmtRtr/TxInf/OrgnlTxRef/RmtInf/Strd/TaxRmt/Rcrd/Prd/FrToDt/FrDt,FrDt,ISODate,1,1
pacs.004.001.15,/Document/PmtRtr/TxInf/OrgnlTxRef/RmtInf/Strd/TaxRmt/Rcrd/Prd/FrToDt/ToDt,ToDt,ISODate,1,1
pacs.004.001.15,/Document/PmtRtr/TxInf/OrgnlTxRef/RmtInf/Strd/TaxRmt/Rcrd/TaxAmt,TaxAmt,TaxAmount3,0,1
pacs.004.001.15,/Document/PmtRtr/TxInf/OrgnlTxRef/RmtInf/Strd/TaxRmt/Rcrd/TaxAmt/Rate,Rate,PercentageRate,0,1
pacs.004.001.15,/Document/PmtRtr/TxInf/OrgnlTxRef/RmtInf/Strd/TaxRmt/Rcrd/TaxAmt/TaxblBaseAmt,TaxblBaseAmt,ActiveOrHistoricCurrencyAndAmount,0,1
pacs.004.001.15,/Document/PmtRtr/TxInf/OrgnlTxRef/RmtInf/Strd/TaxRmt/Rcrd/TaxAmt/TtlAmt,TtlAmt,ActiveOrHistoricCurrencyAndAmount,0,1
pacs.004.001.15,/Document/PmtRtr/TxInf/OrgnlTxRef/RmtInf/Strd/TaxRmt/Rcrd/TaxAmt/Dtls,Dtls,TaxRecordDetails3,0,
pacs.004.001.15,/Document/PmtRtr/TxInf/OrgnlTxRef/RmtInf/Strd/TaxRmt/Rcrd/TaxAmt/Dtls/Prd,Prd,TaxPeriod3,0,1
pacs.004.001.15,/Document/PmtRtr/TxInf/OrgnlTxRef/RmtInf/Strd/TaxRmt/Rcrd/TaxAmt/Dtls/Prd/Yr,Yr,ISOYear,0,1
pacs.004.001.15,/Document/PmtRtr/TxInf/OrgnlTxRef/RmtInf/Strd/TaxRmt/Rcrd/TaxAmt/Dtls/Prd/Tp,Tp,TaxRecordPeriod1Code,0,1
pacs.004.001.15,/Document/PmtRtr/TxInf/OrgnlTxRef/RmtInf/Strd/TaxRmt/Rcrd/TaxAmt/Dtls/Prd/FrToDt,FrToDt,DatePeriod2,0,1
pacs.004.001.15,/Document/PmtRtr/TxInf/OrgnlTxRef/RmtInf/Strd/TaxRmt/Rcrd/TaxAmt/Dtls/Prd/FrToDt/FrDt,FrDt,ISODate,1,1
pacs.004.001.15,/Document/PmtRtr/TxInf/OrgnlTxRef/RmtInf/Strd/TaxRmt/Rcrd/TaxAmt/Dtls/Prd/FrToDt/ToDt,ToDt,ISODate,1,1
pacs.004.001.15,/Document/PmtRtr/TxInf/OrgnlTxRef/RmtInf/Strd/TaxRmt/Rcrd/TaxAmt/Dtls/Amt,Amt,ActiveOrHistoricCurrencyAndAmount,1,1
pacs.004.001.15,/Document/PmtRtr/TxInf/OrgnlTxRef/RmtInf/Strd/TaxRmt/Rcrd/AddtlInf,AddtlInf,Max140Text,0,1
pacs.004.001.15,/Document/PmtRtr/TxInf/OrgnlTxRef/RmtInf/Strd/GrnshmtRmt,GrnshmtRmt,Garnishment4,0,1
pacs.004.001.15,/Document/PmtRtr/TxInf/OrgnlTxRef/RmtInf/Strd/GrnshmtRmt/Tp,Tp,GarnishmentType1,1,1
pacs.004.001.15,/Document/PmtRtr/TxInf/OrgnlTxRef/RmtInf/Strd/GrnshmtRmt/Tp/CdOrPrtry,CdOrPrtry,GarnishmentType1Choice,1,1
pacs.004.001.15,/Document/PmtRtr/TxInf/OrgnlTxRef/RmtInf/Strd/GrnshmtRmt/Tp/CdOrPrtry/Cd,Cd,ExternalGarnishmentType1Code,1,1
pacs.004.001.15,/Document/PmtRtr/TxInf/OrgnlTxRef/RmtInf/Strd/GrnshmtRmt/Tp/CdOrPrtry/Prtry,Prtry,Max35Text,1,1
pacs.004.001.15,/Document/PmtRtr/TxInf/OrgnlTxRef/RmtInf/Strd/GrnshmtRmt/Tp/Issr,Issr,Max35Text,0,1
pacs.004.001.15,/Document/PmtRtr/TxInf/OrgnlTxRef/RmtInf/Strd/GrnshmtRmt/Grnshee,Grnshee,PartyIdentification272,0,1
pacs.004.001.15,/Document/PmtRtr/TxInf/OrgnlTxRef/RmtInf/Strd/GrnshmtRmt/Grnshee/Nm,Nm,Max140Text,0,1
pacs.004.001.15,/Document/PmtRtr/TxInf/OrgnlTxRef/RmtInf/Strd/GrnshmtRmt/Grnshee/PstlAdr,PstlAdr,PostalAddress27,0,1
pacs.004.001.15,/Document/PmtRtr/TxInf/OrgnlTxRef/RmtInf/Strd/GrnshmtRmt/Grnshee/PstlAdr/AdrTp,AdrTp,AddressType3Choice,0,1
pacs.004.001.15,/Document/PmtRtr/TxInf/OrgnlTxRef/RmtInf/Strd/GrnshmtRmt/Grnshee/PstlAdr/AdrTp/Cd,Cd,AddressType2Code,1,1
pacs.004.001.15,/Document/PmtRtr/TxInf/OrgnlTxRef/RmtInf/Strd/GrnshmtRmt/Grnshee/PstlAdr/AdrTp/Prtry,Prtry,GenericIdentification30,1,1
pacs.004.001.15,/Document/PmtRtr/TxInf/OrgnlTxRef/RmtInf/Strd/GrnshmtRmt/Grnshee/PstlAdr/AdrTp/Prtry/Id,Id,Exact4AlphaNumericText,1,1
pacs.004.001.15,/Document/PmtRtr/TxInf/OrgnlTxRef/RmtInf/Strd/GrnshmtRmt/Grnshee/PstlAdr/AdrTp/Prtry/Issr,Issr,Max35Text,1,1
pacs.004.001.15,/Document/PmtRtr/TxInf/OrgnlTxRef/RmtInf/Strd/GrnshmtRmt/Grnshee/PstlAdr/AdrTp/Prtry/SchmeNm,SchmeNm,Max35Text,0,1
pacs.004.001.15,/Document/PmtRtr/TxInf/OrgnlTxRef/RmtInf/Strd/GrnshmtRmt/Grnshee/PstlAdr/CareOf,CareOf,Max140Text,0,1
pacs.004.001.15,/Document/PmtRtr/TxInf/OrgnlTxRef/RmtInf/Strd/GrnshmtRmt/Grnshee/PstlAdr/Dept,Dept,Max70Text,0,1
pacs.004.001.15,/Document/PmtRtr/TxInf/OrgnlTxRef/RmtInf/Strd/GrnshmtRmt/Grnshee/PstlAdr/SubDept,SubDept,Max70Text,0,1
pacs.004.001.15,/Document/PmtRtr/TxInf/OrgnlTxRef/RmtInf/Strd/GrnshmtRmt/Grnshee/PstlAdr/StrtNm,StrtNm,Max140Text,0,1
pacs.004.001.15,/Document/PmtRtr/TxInf/OrgnlTxRef/RmtInf/Strd/GrnshmtRmt/Grnshee/PstlAdr/BldgNb,BldgNb,Max16Text,0,1
pacs.004.001.15,/Document/PmtRtr/TxInf/OrgnlTxRef/RmtInf/Strd/GrnshmtRmt/Grnshee/PstlAdr/BldgNm,BldgNm,Max140Text,0,1
pacs.004.001.15,/Document/PmtRtr/TxInf/OrgnlTxRef/RmtInf/Strd/GrnshmtRmt/Grnshee/PstlAdr/Flr,Flr,Max70Text,0,1
pacs.004.001.15,/Document/PmtRtr/TxInf/OrgnlTxRef/RmtInf/Strd/GrnshmtRmt/Grnshee/PstlAdr/UnitNb,UnitNb,Max16Text,0,1
pacs.004.001.15,/Document/PmtRtr/TxInf/OrgnlTxRef/RmtInf/Strd/GrnshmtRmt/Grnshee/PstlAdr/PstBx,PstBx,Max16Text,0,1
pacs.004.001.15,/Document/PmtRtr/TxInf/OrgnlTxRef/RmtInf/Strd/GrnshmtRmt/Grnshee/PstlAdr/Room,Room,Max70Text,0,1
pacs.004.001.15,/Document/PmtRtr/TxInf/OrgnlTxRef/RmtInf/Strd/GrnshmtRmt/Grnshee/PstlAdr/PstCd,PstCd,Max16Text,0,1
pacs.004.001.15,/Document/PmtRtr/TxInf/OrgnlTxRef/RmtInf/Strd/GrnshmtRmt/Grnshee/PstlAdr/TwnNm,TwnNm,Max140Text,0,1
pacs.004.001.15,/Document/PmtRtr/TxInf/OrgnlTxRef/RmtInf/Strd/GrnshmtRmt/Grnshee/PstlAdr/TwnLctnNm,TwnLctnNm,Max140Text,0,1
pacs.004.001.15,/Document/PmtRtr/TxInf/OrgnlTxRef/RmtInf/Strd/GrnshmtRmt/Grnshee/PstlAdr/DstrctNm,DstrctNm,Max140Text,0,1
pacs.004.001.15,/Document/PmtRtr/TxInf/OrgnlTxRef/RmtInf/Strd/GrnshmtRmt/Grnshee/PstlAdr/CtrySubDvsn,CtrySubDvsn,Max35Text,0,1
pacs.004.001.15,/Document/PmtRtr/TxInf/OrgnlTxRef/RmtInf/Strd/GrnshmtRmt/Grnshee/PstlAdr/Ctry,Ctry,CountryCode,0,1
pacs.004.001.15,/Document/PmtRtr/TxInf/OrgnlTxRef/RmtInf/Strd/GrnshmtRmt/Grnshee/PstlAdr/AdrLine,AdrLine,Max70Text,0,7
pacs.004.001.15,/Document/PmtRtr/TxInf/OrgnlTxRef/RmtInf/Strd/GrnshmtRmt/Grnshee/Id,Id,Party52Choice,0,1
pacs.004.001.15,/Document/PmtRtr/TxInf/OrgnlTxRef/RmtInf/Strd/GrnshmtRmt/Grnshee/Id/OrgId,OrgId,OrganisationIdentification39,1,1
pacs.004.001.15,/Document/PmtRtr/TxInf/OrgnlTxRef/RmtInf/Strd/GrnshmtRmt/Grnshee/Id/OrgId/AnyBIC,AnyBIC,AnyBICDec2014Identifier,0,1
pacs.004.001.15,/Document/PmtRtr/TxInf/OrgnlTxRef/RmtInf/Strd/GrnshmtRmt/Grnshee/Id/OrgId/LEI,LEI,LEIIdentifier,0,1
pacs.004.001.15,/Document/PmtRtr/TxInf/OrgnlTxRef/RmtInf/Strd/GrnshmtRmt/Grnshee/Id/OrgId/Othr,Othr,GenericOrganisationIdentification3,0,
pacs.004.001.15,/Document/PmtRtr/TxInf/OrgnlTxRef/RmtInf/Strd/GrnshmtRmt/Grnshee/Id/OrgId/Othr/Id,Id,Max256Text,1,1
pacs.004.001.15,/Document/PmtRtr/TxInf/OrgnlTxRef/RmtInf/Strd/GrnshmtRmt/Grnshee/Id/OrgId/Othr/SchmeNm,SchmeNm,OrganisationIdentificationSchemeName1Choice,0,1
pacs.004.001.15,/Document/PmtRtr/TxInf/OrgnlTxRef/RmtInf/Strd/GrnshmtRmt/Grnshee/Id/OrgId/Othr/SchmeNm/Cd,Cd,ExternalOrganisationIdentification1Code,1,1
pacs.004.001.15,/Document/PmtRtr/TxInf/OrgnlTxRef/RmtInf/Strd/GrnshmtRmt/Grnshee/Id/OrgId/Othr/SchmeNm/Prtry,Prtry,Max35Text,1,1
pacs.004.001.15,/Document/PmtRtr/TxInf/OrgnlTxRef/RmtInf/Strd/GrnshmtRmt/Grnshee/Id/OrgId/Othr/Issr,Issr,Max35Text,0,1
pacs.004.001.15,/Document/PmtRtr/TxInf/OrgnlTxRef/RmtInf/Strd/GrnshmtRmt/Grnshee/Id/PrvtId,PrvtId,PersonIdentification18,1,1
pacs.004.001.15,/Document/PmtRtr/TxInf/OrgnlTxRef/RmtInf/Strd/GrnshmtRmt/Grnshee/Id/PrvtId/DtAndPlcOfBirth,DtAndPlcOfBirth,DateAndPlaceOfBirth1,0,1
pacs.004.001.15,/Document/PmtRtr/TxInf/OrgnlTxRef/RmtInf/Strd/GrnshmtRmt/Grnshee/Id/PrvtId/DtAndPlcOfBirth/BirthDt,BirthDt,ISODate,1,1
pacs.004.001.15,/Document/PmtRtr/TxInf/OrgnlTxRef/RmtInf/Strd/GrnshmtRmt/Grnshee/Id/PrvtId/DtAndPlcOfBirth/PrvcOfBirth,PrvcOfBirth,Max35Text,0,1
pacs.004.001.15,/Document/PmtRtr/TxInf/OrgnlTxRef/RmtInf/Strd/GrnshmtRmt/Grnshee/Id/PrvtId/DtAndPlcOfBirth/CityOfBirth,CityOfBirth,Max35Text,1,1
pacs.004.001.15,/Document/PmtRtr/TxInf/OrgnlTxRef/RmtInf/Strd/GrnshmtRmt/Grnshee/Id/PrvtId/DtAndPlcOfBirth/CtryOfBirth,CtryOfBirth,CountryCode,1,1
pacs.004.001.15,/Document/PmtRtr/TxInf/OrgnlTxRef/RmtInf/Strd/GrnshmtRmt/Grnshee/Id/PrvtId/Othr,Othr,GenericPersonIdentification2,0,
pacs.004.001.15,/Document/PmtRtr/TxInf/OrgnlTxRef/RmtInf/Strd/GrnshmtRmt/Grnshee/Id/PrvtId/Othr/Id,Id,Max256Text,1,1
pacs.004.001.15,/Document/PmtRtr/TxInf/OrgnlTxRef/RmtInf/Strd/GrnshmtRmt/Grnshee/Id/PrvtId/Othr/SchmeNm,SchmeNm,PersonIdentificationSchemeName1Choice,0,1
pacs.004.001.15,/Document/PmtRtr/TxInf/OrgnlTxRef/RmtInf/Strd/GrnshmtRmt/Grnshee/Id/PrvtId/Othr/SchmeNm/Cd,Cd,ExternalPersonIdentification1Code,1,1
pacs.004.001.15,/Document/PmtRtr/TxInf/OrgnlTxRef/RmtInf/Strd/GrnshmtRmt/Grnshee/Id/PrvtId/Othr/SchmeNm/Prtry,Prtry,Max35Text,1,1
pacs.004.001.15,/Document/PmtRtr/TxInf/OrgnlTxRef/RmtInf/Strd/GrnshmtRmt/Grnshee/Id/PrvtId/Othr/Issr,Issr,Max35Text,0,1
pacs.004.001.15,/Document/PmtRtr/TxInf/OrgnlTxRef/RmtInf/Strd/GrnshmtRmt/Grnshee/CtryOfRes,CtryOfRes,CountryCode,0,1
pacs.004.001.15,/Document/PmtRtr/TxInf/OrgnlTxRef/RmtInf/Strd/GrnshmtRmt/Grnshee/CtctDtls,CtctDtls,Contact13,0,1
pacs.004.001.15,/Document/PmtRtr/TxInf/OrgnlTxRef/RmtInf/Strd/GrnshmtRmt/Grnshee/CtctDtls/NmPrfx,NmPrfx,NamePrefix2Code,0,1
pacs.004.001.15,/Document/PmtRtr/TxInf/OrgnlTxRef/RmtInf/Strd/GrnshmtRmt/Grnshee/CtctDtls/Nm,Nm,Max140Text,0,1
pacs.004.001.15,/Document/PmtRtr/TxInf/OrgnlTxRef/RmtInf/Strd/GrnshmtRmt/Grnshee/CtctDtls/PhneNb,PhneNb,PhoneNumber,0,1
pacs.004.001.15,/Document/PmtRtr/TxInf/OrgnlTxRef/RmtInf/Strd/GrnshmtRmt/Grnshee/CtctDtls/MobNb,MobNb,PhoneNumber,0,1
pacs.004.001.15,/Document/PmtRtr/TxInf/OrgnlTxRef/RmtInf/Strd/GrnshmtRmt/Grnshee/CtctDtls/FaxNb,FaxNb,PhoneNumber,0,1
pacs.004.001.15,/Document/PmtRtr/TxInf/OrgnlTxRef/RmtInf/Strd/GrnshmtRmt/Grnshee/CtctDtls/URLAdr,URLAdr,Max2048Text,0,1
pacs.004.001.15,/Document/PmtRtr/TxInf/OrgnlTxRef/RmtInf/Strd/GrnshmtRmt/Grnshee/CtctDtls/EmailAdr,EmailAdr,Max256Text,0,1
pacs.004.001.15,/Document/PmtRtr/TxInf/OrgnlTxRef/RmtInf/Strd/GrnshmtRmt/Grnshee/CtctDtls/EmailPurp,EmailPurp,Max35Text,0,1
pacs.004.001.15,/Document/PmtRtr/TxInf/OrgnlTxRef/RmtInf/Strd/GrnshmtRmt/Grnshee/CtctDtls/JobTitl,JobTitl,Max35Text,0,1
pacs.004.001.15,/Document/PmtRtr/TxInf/OrgnlTxRef/RmtInf/Strd/GrnshmtRmt/Grnshee/CtctDtls/Rspnsblty,Rspnsblty,Max35Text,0,1
pacs.004.001.15,/Document/PmtRtr/TxInf/OrgnlTxRef/RmtInf/Strd/GrnshmtRmt/Grnshee/CtctDtls/Dept,Dept,Max70Text,0,1
pacs.004.001.15,/Document/PmtRtr/TxInf/OrgnlTxRef/RmtInf/Strd/GrnshmtRmt/Grnshee/CtctDtls/Othr,Othr,OtherContact1,0,
pacs.004.001.15,/Document/PmtRtr/TxInf/OrgnlTxRef/RmtInf/Strd/GrnshmtRmt/Grnshee/CtctDtls/Othr/ChanlTp,ChanlTp,Max4Text,1,1
pacs.004.001.15,/Document/PmtRtr/TxInf/OrgnlTxRef/RmtInf/Strd/GrnshmtRmt/Grnshee/CtctDtls/Othr/Id,Id,Max128Text,0,1
pacs.004.001.15,/Document/PmtRtr/TxInf/OrgnlTxRef/RmtInf/Strd/GrnshmtRmt/Grnshee/CtctDtls/PrefrdMtd,PrefrdMtd,PreferredContactMethod2Code,0,1
pacs.004.001.15,/Document/PmtRtr/TxInf/OrgnlTxRef/RmtInf/Strd/GrnshmtRmt/GrnshmtAdmstr,GrnshmtAdmstr,PartyIdentification272,0,1
pacs.004.001.15,/Document/PmtRtr/TxInf/OrgnlTxRef/RmtInf/Strd/GrnshmtRmt/GrnshmtAdmstr/Nm,Nm,Max140Text,0,1
pacs.004.001.15,/Document/PmtRtr/TxInf/OrgnlTxRef/RmtInf/Strd/GrnshmtRmt/GrnshmtAdmstr/PstlAdr,PstlAdr,PostalAddress27,0,1
pacs.004.001.15,/Document/PmtRtr/TxInf/OrgnlTxRef/RmtInf/Strd/GrnshmtRmt/GrnshmtAdmstr/PstlAdr/AdrTp,AdrTp,AddressType3Choice,0,1
pacs.004.001.15,/Document/PmtRtr/TxInf/OrgnlTxRef/RmtInf/Strd/GrnshmtRmt/GrnshmtAdmstr/PstlAdr/AdrTp/Cd,Cd,AddressType2Code,1,1
pacs.004.001.15,/Document/PmtRtr/TxInf/OrgnlTxRef/RmtInf/Strd/GrnshmtRmt/GrnshmtAdmstr/PstlAdr/AdrTp/Prtry,Prtry,GenericIdentification30,1,1
pacs.004.001.15,/Document/PmtRtr/TxInf/OrgnlTxRef/RmtInf/Strd/GrnshmtRmt/GrnshmtAdmstr/PstlAdr/AdrTp/Prtry/Id,Id,Exact4AlphaNumericText,1,1
pacs.004.001.15,/Document/PmtRtr/TxInf/OrgnlTxRef/RmtInf/Strd/GrnshmtRmt/GrnshmtAdmstr/PstlAdr/AdrTp/Prtry/Issr,Issr,Max35Text,1,1
pacs.004.001.15,/Document/PmtRtr/TxInf/OrgnlTxRef/RmtInf/Strd/GrnshmtRmt/GrnshmtAdmstr/PstlAdr/AdrTp/Prtry/SchmeNm,SchmeNm,Max35Text,0,1
pacs.004.001.15,/Document/PmtRtr/TxInf/OrgnlTxRef/RmtInf/Strd/GrnshmtRmt/GrnshmtAdmstr/PstlAdr/CareOf,CareOf,Max140Text,0,1
pacs.004.001.15,/Document/PmtRtr/TxInf/OrgnlTxRef/RmtInf/Strd/GrnshmtRmt/GrnshmtAdmstr/PstlAdr/Dept,Dept,Max70Text,0,1
pacs.004.001.15,/Document/PmtRtr/TxInf/OrgnlTxRef/RmtInf/Strd/GrnshmtRmt/GrnshmtAdmstr/PstlAdr/SubDept,SubDept,Max70Text,0,1
pacs.004.001.15,/Document/PmtRtr/TxInf/OrgnlTxRef/RmtInf/Strd/GrnshmtRmt/GrnshmtAdmstr/PstlAdr/StrtNm,StrtNm,Max140Text,0,1
pacs.004.001.15,/Document/PmtRtr/TxInf/OrgnlTxRef/RmtInf/Strd/GrnshmtRmt/GrnshmtAdmstr/PstlAdr/BldgNb,BldgNb,Max16Text,0,1
pacs.004.001.15,/Document/PmtRtr/TxInf/OrgnlTxRef/RmtInf/Strd/GrnshmtRmt/GrnshmtAdmstr/PstlAdr/BldgNm,BldgNm,Max140Text,0,1
pacs.004.001.15,/Document/PmtRtr/TxInf/OrgnlTxRef/RmtInf/Strd/GrnshmtRmt/GrnshmtAdmstr/PstlAdr/Flr,Flr,Max70Text,0,1
pacs.004.001.15,/Document/PmtRtr/TxInf/OrgnlTxRef/RmtInf/Strd/GrnshmtRmt/GrnshmtAdmstr/PstlAdr/UnitNb,UnitNb,Max16Text,0,1
pacs.004.001.15,/Document/PmtRtr/TxInf/OrgnlTxRef/RmtInf/Strd/GrnshmtRmt/GrnshmtAdmstr/PstlAdr/PstBx,PstBx,Max16Text,0,1
pacs.004.001.15,/Document/PmtRtr/TxInf/OrgnlTxRef/RmtInf/Strd/GrnshmtRmt/GrnshmtAdmstr/PstlAdr/Room,Room,Max70Text,0,1
pacs.004.001.15,/Document/PmtRtr/TxInf/OrgnlTxRef/RmtInf/Strd/GrnshmtRmt/GrnshmtAdmstr/PstlAdr/PstCd,PstCd,Max16Text,0,1
pacs.004.001.15,/Document/PmtRtr/TxInf/OrgnlTxRef/RmtInf/Strd/GrnshmtRmt/GrnshmtAdmstr/PstlAdr/TwnNm,TwnNm,Max140Text,0,1
pacs.004.001.15,/Document/PmtRtr/TxInf/OrgnlTxRef/RmtInf/Strd/GrnshmtRmt/GrnshmtAdmstr/PstlAdr/TwnLctnNm,TwnLctnNm,Max140Text,0,1
pacs.004.001.15,/Document/PmtRtr/TxInf/OrgnlTxRef/RmtInf/Strd/GrnshmtRmt/GrnshmtAdmstr/PstlAdr/DstrctNm,DstrctNm,Max140Text,0,1
pacs.004.001.15,/Document/PmtRtr/TxInf/OrgnlTxRef/RmtInf/Strd/GrnshmtRmt/GrnshmtAdmstr/PstlAdr/CtrySubDvsn,CtrySubDvsn,Max35Text,0,1
pacs.004.001.15,/Document/PmtRtr/TxInf/OrgnlTxRef/RmtInf/Strd/GrnshmtRmt/GrnshmtAdmstr/PstlAdr/Ctry,Ctry,CountryCode,0,1
pacs.004.001.15,/Document/PmtRtr/TxInf/OrgnlTxRef/RmtInf/Strd/GrnshmtRmt/GrnshmtAdmstr/PstlAdr/AdrLine,AdrLine,Max70Text,0,7
pacs.004.001.15,/Document/PmtRtr/TxInf/OrgnlTxRef/RmtInf/Strd/GrnshmtRmt/GrnshmtAdmstr/Id,Id,Party52Choice,0,1
pacs.004.001.15,/Document/PmtRtr/TxInf/OrgnlTxRef/RmtInf/Strd/GrnshmtRmt/GrnshmtAdmstr/Id/OrgId,OrgId,OrganisationIdentification39,1,1
pacs.004.001.15,/Document/PmtRtr/TxInf/OrgnlTxRef/RmtInf/Strd/GrnshmtRmt/GrnshmtAdmstr/Id/OrgId/AnyBIC,AnyBIC,AnyBICDec2014Identifier,0,1
pacs.004.001.15,/Document/PmtRtr/TxInf/OrgnlTxRef/RmtInf/Strd/GrnshmtRmt/GrnshmtAdmstr/Id/OrgId/LEI,LEI,LEIIdentifier,0,1
pacs.004.001.15,/Document/PmtRtr/TxInf/OrgnlTxRef/RmtInf/Strd/GrnshmtRmt/GrnshmtAdmstr/Id/OrgId/Othr,Othr,GenericOrganisationIdentification3,0,
pacs.004.001.15,/Document/PmtRtr/TxInf/OrgnlTxRef/RmtInf/Strd/GrnshmtRmt/GrnshmtAdmstr/Id/OrgId/Othr/Id,Id,Max256Text,1,1
pacs.004.001.15,/Document/PmtRtr/TxInf/OrgnlTxRef/RmtInf/Strd/GrnshmtRmt/GrnshmtAdmstr/Id/OrgId/Othr/SchmeNm,SchmeNm,OrganisationIdentificationSchemeName1Choice,0,1
pacs.004.001.15,/Document/PmtRtr/TxInf/OrgnlTxRef/RmtInf/Strd/GrnshmtRmt/GrnshmtAdmstr/Id/OrgId/Othr/SchmeNm/Cd,Cd,ExternalOrganisationIdentification1Code,1,1
pacs.004.001.15,/Document/PmtRtr/TxInf/OrgnlTxRef/RmtInf/Strd/GrnshmtRmt/GrnshmtAdmstr/Id/OrgId/Othr/SchmeNm/Prtry,Prtry,Max35Text,1,1
pacs.004.001.15,/Document/PmtRtr/TxInf/OrgnlTxRef/RmtInf/Strd/GrnshmtRmt/GrnshmtAdmstr/Id/OrgId/Othr/Issr,Issr,Max35Text,0,1
pacs.004.001.15,/Document/PmtRtr/TxInf/OrgnlTxRef/RmtInf/Strd/GrnshmtRmt/GrnshmtAdmstr/Id/PrvtId,PrvtId,PersonIdentification18,1,1
pacs.004.001.15,/Document/PmtRtr/TxInf/OrgnlTxRef/RmtInf/Strd/GrnshmtRmt/GrnshmtAdmstr/Id/PrvtId/DtAndPlcOfBirth,DtAndPlcOfBirth,DateAndPlaceOfBirth1,0,1
pacs.004.001.15,/Document/PmtRtr/TxInf/OrgnlTxRef/RmtInf/Strd/GrnshmtRmt/GrnshmtAdmstr/Id/PrvtId/DtAndPlcOfBirth/BirthDt,BirthDt,ISODate,1,1
pacs.004.001.15,/Document/PmtRtr/TxInf/OrgnlTxRef/RmtInf/Strd/GrnshmtRmt/GrnshmtAdmstr/Id/PrvtId/DtAndPlcOfBirth/PrvcOfBirth,PrvcOfBirth,Max35Text,0,1
pacs.004.001.15,/Document/PmtRtr/TxInf/OrgnlTxRef/RmtInf/Strd/GrnshmtRmt/GrnshmtAdmstr/Id/PrvtId/DtAndPlcOfBirth/CityOfBirth,CityOfBirth,Max35Text,1,1
pacs.004.001.15,/Document/PmtRtr/TxInf/OrgnlTxRef/RmtInf/Strd/GrnshmtRmt/GrnshmtAdmstr/Id/PrvtId/DtAndPlcOfBirth/CtryOfBirth,CtryOfBirth,CountryCode,1,1
pacs.004.001.15,/Document/PmtRtr/TxInf/OrgnlTxRef/RmtInf/Strd/GrnshmtRmt/GrnshmtAdmstr/Id/PrvtId/Othr,Othr,GenericPersonIdentification2,0,
pacs.004.001.15,/Document/PmtRtr/TxInf/OrgnlTxRef/RmtInf/Strd/GrnshmtRmt/GrnshmtAdmstr/Id/PrvtId/Othr/Id,Id,Max256Text,1,1
pacs.004.001.15,/Document/PmtRtr/TxInf/OrgnlTxRef/RmtInf/Strd/GrnshmtRmt/GrnshmtAdmstr/Id/PrvtId/Othr/SchmeNm,SchmeNm,PersonIdentificationSchemeName1Choice,0,1
pacs.004.001.15,/Document/PmtRtr/TxInf/OrgnlTxRef/RmtInf/Strd/GrnshmtRmt/GrnshmtAdmstr/Id/PrvtId/Othr/SchmeNm/Cd,Cd,ExternalPersonIdentification1Code,1,1
pacs.004.001.15,/Document/PmtRtr/TxInf/OrgnlTxRef/RmtInf/Strd/GrnshmtRmt/GrnshmtAdmstr/Id/PrvtId/Othr/SchmeNm/Prtry,Prtry,Max35Text,1,1
pacs.004.001.15,/Document/PmtRtr/TxInf/OrgnlTxRef/RmtInf/Strd/GrnshmtRmt/GrnshmtAdmstr/Id/PrvtId/Othr/Issr,Issr,Max35Text,0,1
pacs.004.001.15,/Document/PmtRtr/TxInf/OrgnlTxRef/RmtInf/Strd/GrnshmtRmt/GrnshmtAdmstr/CtryOfRes,CtryOfRes,CountryCode,0,1
pacs.004.001.15,/Document/PmtRtr/TxInf/OrgnlTxRef/RmtInf/Strd/GrnshmtRmt/GrnshmtAdmstr/CtctDtls,CtctDtls,Contact13,0,1
pacs.004.001.15,/Document/PmtRtr/TxInf/OrgnlTxRef/RmtInf/Strd/GrnshmtRmt/GrnshmtAdmstr/CtctDtls/NmPrfx,NmPrfx,NamePrefix2Code,0,1
pacs.004.001.15,/Document/PmtRtr/TxInf/OrgnlTxRef/RmtInf/Strd/GrnshmtRmt/GrnshmtAdmstr/CtctDtls/Nm,Nm,Max140Text,0,1
pacs.004.001.15,/Document/PmtRtr/TxInf/OrgnlTxRef/RmtInf/Strd/GrnshmtRmt/GrnshmtAdmstr/CtctDtls/PhneNb,PhneNb,PhoneNumber,0,1
pacs.004.001.15,/Document/PmtRtr/TxInf/OrgnlTxRef/RmtInf/Strd/GrnshmtRmt/GrnshmtAdmstr/CtctDtls/MobNb,MobNb,PhoneNumber,0,1
pacs.004.001.15,/Document/PmtRtr/TxInf/OrgnlTxRef/RmtInf/Strd/GrnshmtRmt/GrnshmtAdmstr/CtctDtls/FaxNb,FaxNb,PhoneNumber,0,1
pacs.004.001.15,/Document/PmtRtr/TxInf/OrgnlTxRef/RmtInf/Strd/GrnshmtRmt/GrnshmtAdmstr/CtctDtls/URLAdr,URLAdr,Max2048Text,0,1
pacs.004.001.15,/Document/PmtRtr/TxInf/OrgnlTxRef/RmtInf/Strd/GrnshmtRmt/GrnshmtAdmstr/CtctDtls/EmailAdr,EmailAdr,Max256Text,0,1
pacs.004.001.15,/Document/PmtRtr/TxInf/OrgnlTxRef/RmtInf/Strd/GrnshmtRmt/GrnshmtAdmstr/CtctDtls/EmailPurp,EmailPurp,Max35Text,0,1
pacs.004.001.15,/Document/PmtRtr/TxInf/OrgnlTxRef/RmtInf/Strd/GrnshmtRmt/GrnshmtAdmstr/CtctDtls/JobTitl,JobTitl,Max35Text,0,1
pacs.004.001.15,/Document/PmtRtr/TxInf/OrgnlTxRef/RmtInf/Strd/GrnshmtRmt/GrnshmtAdmstr/CtctDtls/Rspnsblty,Rspnsblty,Max35Text,0,1
pacs.004.001.15,/Document/PmtRtr/TxInf/OrgnlTxRef/RmtInf/Strd/GrnshmtRmt/GrnshmtAdmstr/CtctDtls/Dept,Dept,Max70Text,0,1
pacs.004.001.15,/Document/PmtRtr/TxInf/OrgnlTxRef/RmtInf/Strd/GrnshmtRmt/GrnshmtAdmstr/CtctDtls/Othr,Othr,OtherContact1,0,
pacs.004.001.15,/Document/PmtRtr/TxInf/OrgnlTxRef/RmtInf/Strd/GrnshmtRmt/GrnshmtAdmstr/CtctDtls/Othr/ChanlTp,ChanlTp,Max4Text,1,1
pacs.004.001.15,/Document/PmtRtr/TxInf/OrgnlTxRef/RmtInf/Strd/GrnshmtRmt/GrnshmtAdmstr/CtctDtls/Othr/Id,Id,Max128Text,0,1
pacs.004.001.15,/Document/PmtRtr/TxInf/OrgnlTxRef/RmtInf/Strd/GrnshmtRmt/GrnshmtAdmstr/CtctDtls/PrefrdMtd,PrefrdMtd,PreferredContactMethod2Code,0,1
pacs.004.001.15,/Document/PmtRtr/TxInf/OrgnlTxRef/RmtInf/Strd/GrnshmtRmt/RefNb,RefNb,Max140Text,0,1
pacs.004.001.15,/Document/PmtRtr/TxInf/OrgnlTxRef/RmtInf/Strd/GrnshmtRmt/Dt,Dt,ISODate,0,1
pacs.004.001.15,/Document/PmtRtr/TxInf/OrgnlTxRef/RmtInf/Strd/GrnshmtRmt/RmtdAmt,RmtdAmt,ActiveOrHistoricCurrencyAndAmount,0,1
pacs.004.001.15,/Document/PmtRtr/TxInf/OrgnlTxRef/RmtInf/Strd/GrnshmtRmt/FmlyMdclInsrncInd,FmlyMdclInsrncInd,TrueFalseIndicator,0,1
pacs.004.001.15,/Document/PmtRtr/TxInf/OrgnlTxRef/RmtInf/Strd/GrnshmtRmt/MplyeeTermntnInd,MplyeeTermntnInd,TrueFalseIndicator,0,1
pacs.004.001.15,/Document/PmtRtr/TxInf/OrgnlTxRef/RmtInf/Strd/SctiesData,SctiesData,SecuritiesAttributes1,0,
pacs.004.001.15,/Document/PmtRtr/TxInf/OrgnlTxRef/RmtInf/Strd/SctiesData/UnqTxIdr,UnqTxIdr,UTIIdentifier,1,1
pacs.004.001.15,/Document/PmtRtr/TxInf/OrgnlTxRef/RmtInf/Strd/SctiesData/Amt,Amt,ActiveCurrencyAndAmount,0,1
pacs.004.001.15,/Document/PmtRtr/TxInf/OrgnlTxRef/RmtInf/Strd/AddtlRmtInf,AddtlRmtInf,Max140Text,0,3
pacs.004.001.15,/Document/PmtRtr/TxInf/OrgnlTxRef/UltmtDbtr,UltmtDbtr,Party50Choice,0,1
pacs.004.001.15,/Document/PmtRtr/TxInf/OrgnlTxRef/UltmtDbtr/Pty,Pty,PartyIdentification272,1,1
pacs.004.001.15,/Document/PmtRtr/TxInf/OrgnlTxRef/UltmtDbtr/Pty/Nm,Nm,Max140Text,0,1
pacs.004.001.15,/Document/PmtRtr/TxInf/OrgnlTxRef/UltmtDbtr/Pty/PstlAdr,PstlAdr,PostalAddress27,0,1
pacs.004.001.15,/Document/PmtRtr/TxInf/OrgnlTxRef/UltmtDbtr/Pty/PstlAdr/AdrTp,AdrTp,AddressType3Choice,0,1
pacs.004.001.15,/Document/PmtRtr/TxInf/OrgnlTxRef/UltmtDbtr/Pty/PstlAdr/AdrTp/Cd,Cd,AddressType2Code,1,1
pacs.004.001.15,/Document/PmtRtr/TxInf/OrgnlTxRef/UltmtDbtr/Pty/PstlAdr/AdrTp/Prtry,Prtry,GenericIdentification30,1,1
pacs.004.001.15,/Document/PmtRtr/TxInf/OrgnlTxRef/UltmtDbtr/Pty/PstlAdr/AdrTp/Prtry/Id,Id,Exact4AlphaNumericText,1,1
pacs.004.001.15,/Document/PmtRtr/TxInf/OrgnlTxRef/UltmtDbtr/Pty/PstlAdr/AdrTp/Prtry/Issr,Issr,Max35Text,1,1
pacs.004.001.15,/Document/PmtRtr/TxInf/OrgnlTxRef/UltmtDbtr/Pty/PstlAdr/AdrTp/Prtry/SchmeNm,SchmeNm,Max35Text,0,1
pacs.004.001.15,/Document/PmtRtr/TxInf/OrgnlTxRef/UltmtDbtr/Pty/PstlAdr/CareOf,CareOf,Max140Text,0,1
pacs.004.001.15,/Document/PmtRtr/TxInf/OrgnlTxRef/UltmtDbtr/Pty/PstlAdr/Dept,Dept,Max70Text,0,1
pacs.004.001.15,/Document/PmtRtr/TxInf/OrgnlTxRef/UltmtDbtr/Pty/PstlAdr/SubDept,SubDept,Max70Text,0,1
pacs.004.001.15,/Document/PmtRtr/TxInf/OrgnlTxRef/UltmtDbtr/Pty/PstlAdr/StrtNm,StrtNm,Max140Text,0,1
pacs.004.001.15,/Document/PmtRtr/TxInf/OrgnlTxRef/UltmtDbtr/Pty/PstlAdr/BldgNb,BldgNb,Max16Text,0,1
pacs.004.001.15,/Document/PmtRtr/TxInf/OrgnlTxRef/UltmtDbtr/Pty/PstlAdr/BldgNm,BldgNm,Max140Text,0,1
pacs.004.001.15,/Document/PmtRtr/TxInf/OrgnlTxRef/UltmtDbtr/Pty/PstlAdr/Flr,Flr,Max70Text,0,1
pacs.004.001.15,/Document/PmtRtr/TxInf/OrgnlTxRef/UltmtDbtr/Pty/PstlAdr/UnitNb,UnitNb,Max16Text,0,1
pacs.004.001.15,/Document/PmtRtr/TxInf/OrgnlTxRef/UltmtDbtr/Pty/PstlAdr/PstBx,PstBx,Max16Text,0,1
pacs.004.001.15,/Document/PmtRtr/TxInf/OrgnlTxRef/UltmtDbtr/Pty/PstlAdr/Room,Room,Max70Text,0,1
pacs.004.001.15,/Document/PmtRtr/TxInf/OrgnlTxRef/UltmtDbtr/Pty/PstlAdr/PstCd,PstCd,Max16Text,0,1
pacs.004.001.15,/Document/PmtRtr/TxInf/OrgnlTxRef/UltmtDbtr/Pty/PstlAdr/TwnNm,TwnNm,Max140Text,0,1
pacs.004.001.15,/Document/PmtRtr/TxInf/OrgnlTxRef/UltmtDbtr/Pty/PstlAdr/TwnLctnNm,TwnLctnNm,Max140Text,0,1
pacs.004.001.15,/Document/PmtRtr/TxInf/OrgnlTxRef/UltmtDbtr/Pty/PstlAdr/DstrctNm,DstrctNm,Max140Text,0,1
pacs.004.001.15,/Document/PmtRtr/TxInf/OrgnlTxRef/UltmtDbtr/Pty/PstlAdr/CtrySubDvsn,CtrySubDvsn,Max35Text,0,1
pacs.004.001.15,/Document/PmtRtr/TxInf/OrgnlTxRef/UltmtDbtr/Pty/PstlAdr/Ctry,Ctry,CountryCode,0,1
pacs.004.001.15,/Document/PmtRtr/TxInf/OrgnlTxRef/UltmtDbtr/Pty/PstlAdr/AdrLine,AdrLine,Max70Text,0,7
pacs.004.001.15,/Document/PmtRtr/TxInf/OrgnlTxRef/UltmtDbtr/Pty/Id,Id,Party52Choice,0,1
pacs.004.001.15,/Document/PmtRtr/TxInf/OrgnlTxRef/UltmtDbtr/Pty/Id/OrgId,OrgId,OrganisationIdentification39,1,1
pacs.004.001.15,/Document/PmtRtr/TxInf/OrgnlTxRef/UltmtDbtr/Pty/Id/OrgId/AnyBIC,AnyBIC,AnyBICDec2014Identifier,0,1
pacs.004.001.15,/Document/PmtRtr/TxInf/OrgnlTxRef/UltmtDbtr/Pty/Id/OrgId/LEI,LEI,LEIIdentifier,0,1
pacs.004.001.15,/Document/PmtRtr/TxInf/OrgnlTxRef/UltmtDbtr/Pty/Id/OrgId/Othr,Othr,GenericOrganisationIdentification3,0,
pacs.004.001.15,/Document/PmtRtr/TxInf/OrgnlTxRef/UltmtDbtr/Pty/Id/OrgId/Othr/Id,Id,Max256Text,1,1
pacs.004.001.15,/Document/PmtRtr/TxInf/OrgnlTxRef/UltmtDbtr/Pty/Id/OrgId/Othr/SchmeNm,SchmeNm,OrganisationIdentificationSchemeName1Choice,0,1
pacs.004.001.15,/Document/PmtRtr/TxInf/OrgnlTxRef/UltmtDbtr/Pty/Id/OrgId/Othr/SchmeNm/Cd,Cd,ExternalOrganisationIdentification1Code,1,1
pacs.004.001.15,/Document/PmtRtr/TxInf/OrgnlTxRef/UltmtDbtr/Pty/Id/OrgId/Othr/SchmeNm/Prtry,Prtry,Max35Text,1,1
pacs.004.001.15,/Document/PmtRtr/TxInf/OrgnlTxRef/UltmtDbtr/Pty/Id/OrgId/Othr/Issr,Issr,Max35Text,0,1
pacs.004.001.15,/Document/PmtRtr/TxInf/OrgnlTxRef/UltmtDbtr/Pty/Id/PrvtId,PrvtId,PersonIdentification18,1,1
pacs.004.001.15,/Document/PmtRtr/TxInf/OrgnlTxRef/UltmtDbtr/Pty/Id/PrvtId/DtAndPlcOfBirth,DtAndPlcOfBirth,DateAndPlaceOfBirth1,0,1
pacs.004.001.15,/Document/PmtRtr/TxInf/OrgnlTxRef/UltmtDbtr/Pty/Id/PrvtId/DtAndPlcOfBirth/BirthDt,BirthDt,ISODate,1,1
pacs.004.001.15,/Document/PmtRtr/TxInf/OrgnlTxRef/UltmtDbtr/Pty/Id/PrvtId/DtAndPlcOfBirth/PrvcOfBirth,PrvcOfBirth,Max35Text,0,1
pacs.004.001.15,/Document/PmtRtr/TxInf/OrgnlTxRef/UltmtDbtr/Pty/Id/PrvtId/DtAndPlcOfBirth/CityOfBirth,CityOfBirth,Max35Text,1,1
pacs.004.001.15,/Document/PmtRtr/TxInf/OrgnlTxRef/UltmtDbtr/Pty/Id/PrvtId/DtAndPlcOfBirth/CtryOfBirth,CtryOfBirth,CountryCode,1,1
pacs.004.001.15,/Document/PmtRtr/TxInf/OrgnlTxRef/UltmtDbtr/Pty/Id/PrvtId/Othr,Othr,GenericPersonIdentification2,0,
pacs.004.001.15,/Document/PmtRtr/TxInf/OrgnlTxRef/UltmtDbtr/Pty/Id/PrvtId/Othr/Id,Id,Max256Text,1,1
pacs.004.001.15,/Document/PmtRtr/TxInf/OrgnlTxRef/UltmtDbtr/Pty/Id/PrvtId/Othr/SchmeNm,SchmeNm,PersonIdentificationSchemeName1Choice,0,1
pacs.004.001.15,/Document/PmtRtr/TxInf/OrgnlTxRef/UltmtDbtr/Pty/Id/PrvtId/Othr/SchmeNm/Cd,Cd,ExternalPersonIdentification1Code,1,1
pacs.004.001.15,/Document/PmtRtr/TxInf/OrgnlTxRef/UltmtDbtr/Pty/Id/PrvtId/Othr/SchmeNm/Prtry,Prtry,Max35Text,1,1
pacs.004.001.15,/Document/PmtRtr/TxInf/OrgnlTxRef/UltmtDbtr/Pty/Id/PrvtId/Othr/Issr,Issr,Max35Text,0,1
pacs.004.001.15,/Document/PmtRtr/TxInf/OrgnlTxRef/UltmtDbtr/Pty/CtryOfRes,CtryOfRes,CountryCode,0,1
pacs.004.001.15,/Document/PmtRtr/TxInf/OrgnlTxRef/UltmtDbtr/Pty/CtctDtls,CtctDtls,Contact13,0,1
pacs.004.001.15,/Document/PmtRtr/TxInf/OrgnlTxRef/UltmtDbtr/Pty/CtctDtls/NmPrfx,NmPrfx,NamePrefix2Code,0,1
pacs.004.001.15,/Document/PmtRtr/TxInf/OrgnlTxRef/UltmtDbtr/Pty/CtctDtls/Nm,Nm,Max140Text,0,1
pacs.004.001.15,/Document/PmtRtr/TxInf/OrgnlTxRef/UltmtDbtr/Pty/CtctDtls/PhneNb,PhneNb,PhoneNumber,0,1
pacs.004.001.15,/Document/PmtRtr/TxInf/OrgnlTxRef/UltmtDbtr/Pty/CtctDtls/MobNb,MobNb,PhoneNumber,0,1
pacs.004.001.15,/Document/PmtRtr/TxInf/OrgnlTxRef/UltmtDbtr/Pty/CtctDtls/FaxNb,FaxNb,PhoneNumber,0,1
pacs.004.001.15,/Document/PmtRtr/TxInf/OrgnlTxRef/UltmtDbtr/Pty/CtctDtls/URLAdr,URLAdr,Max2048Text,0,1
pacs.004.001.15,/Document/PmtRtr/TxInf/OrgnlTxRef/UltmtDbtr/Pty/CtctDtls/EmailAdr,EmailAdr,Max256Text,0,1
pacs.004.001.15,/Document/PmtRtr/TxInf/OrgnlTxRef/UltmtDbtr/Pty/CtctDtls/EmailPurp,EmailPurp,Max35Text,0,1
pacs.004.001.15,/Document/PmtRtr/TxInf/OrgnlTxRef/UltmtDbtr/Pty/CtctDtls/JobTitl,JobTitl,Max35Text,0,1
pacs.004.001.15,/Document/PmtRtr/TxInf/OrgnlTxRef/UltmtDbtr/Pty/CtctDtls/Rspnsblty,Rspnsblty,Max35Text,0,1
pacs.004.001.15,/Document/PmtRtr/TxInf/OrgnlTxRef/UltmtDbtr/Pty/CtctDtls/Dept,Dept,Max70Text,0,1
pacs.004.001.15,/Document/PmtRtr/TxInf/OrgnlTxRef/UltmtDbtr/Pty/CtctDtls/Othr,Othr,OtherContact1,0,
pacs.004.001.15,/Document/PmtRtr/TxInf/OrgnlTxRef/UltmtDbtr/Pty/CtctDtls/Othr/ChanlTp,ChanlTp,Max4Text,1,1
pacs.004.001.15,/Document/PmtRtr/TxInf/OrgnlTxRef/UltmtDbtr/Pty/CtctDtls/Othr/Id,Id,Max128Text,0,1
pacs.004.001.15,/Document/PmtRtr/TxInf/OrgnlTxRef/UltmtDbtr/Pty/CtctDtls/PrefrdMtd,PrefrdMtd,PreferredContactMethod2Code,0,1
pacs.004.001.15,/Document/PmtRtr/TxInf/OrgnlTxRef/UltmtDbtr/Agt,Agt,BranchAndFinancialInstitutionIdentification8,1,1
pacs.004.001.15,/Document/PmtRtr/TxInf/OrgnlTxRef/UltmtDbtr/Agt/FinInstnId,FinInstnId,FinancialInstitutionIdentification23,1,1
pacs.004.001.15,/Document/PmtRtr/TxInf/OrgnlTxRef/UltmtDbtr/Agt/FinInstnId/BICFI,BICFI,BICFIDec2014Identifier,0,1
pacs.004.001.15,/Document/PmtRtr/TxInf/OrgnlTxRef/UltmtDbtr/Agt/FinInstnId/ClrSysMmbId,ClrSysMmbId,ClearingSystemMemberIdentification2,0,1
pacs.004.001.15,/Document/PmtRtr/TxInf/OrgnlTxRef/UltmtDbtr/Agt/FinInstnId/ClrSysMmbId/ClrSysId,ClrSysId,ClearingSystemIdentification2Choice,0,1
pacs.004.001.15,/Document/PmtRtr/TxInf/OrgnlTxRef/UltmtDbtr/Agt/FinInstnId/ClrSysMmbId/ClrSysId/Cd,Cd,ExternalClearingSystemIdentification1Code,1,1
pacs.004.001.15,/Document/PmtRtr/TxInf/OrgnlTxRef/UltmtDbtr/Agt/FinInstnId/ClrSysMmbId/ClrSysId/Prtry,Prtry,Max35Text,1,1
pacs.004.001.15,/Document/PmtRtr/TxInf/OrgnlTxRef/UltmtDbtr/Agt/FinInstnId/ClrSysMmbId/MmbId,MmbId,Max35Text,1,1
pacs.004.001.15,/Document/PmtRtr/TxInf/OrgnlTxRef/UltmtDbtr/Agt/FinInstnId/LEI,LEI,LEIIdentifier,0,1
pacs.004.001.15,/Document/PmtRtr/TxInf/OrgnlTxRef/UltmtDbtr/Agt/FinInstnId/Nm,Nm,Max140Text,0,1
pacs.004.001.15,/Document/PmtRtr/TxInf/OrgnlTxRef/UltmtDbtr/Agt/FinInstnId/PstlAdr,PstlAdr,PostalAddress27,0,1
pacs.004.001.15,/Document/PmtRtr/TxInf/OrgnlTxRef/UltmtDbtr/Agt/FinInstnId/PstlAdr/AdrTp,AdrTp,AddressType3Choice,0,1
pacs.004.001.15,/Document/PmtRtr/TxInf/OrgnlTxRef/UltmtDbtr/Agt/FinInstnId/PstlAdr/AdrTp/Cd,Cd,AddressType2Code,1,1
pacs.004.001.15,/Document/PmtRtr/TxInf/OrgnlTxRef/UltmtDbtr/Agt/FinInstnId/PstlAdr/AdrTp/Prtry,Prtry,GenericIdentification30,1,1
pacs.004.001.15,/Document/PmtRtr/TxInf/OrgnlTxRef/UltmtDbtr/Agt/FinInstnId/PstlAdr/AdrTp/Prtry/Id,Id,Exact4AlphaNumericText,1,1
pacs.004.001.15,/Document/PmtRtr/TxInf/OrgnlTxRef/UltmtDbtr/Agt/FinInstnId/PstlAdr/AdrTp/Prtry/Issr,Issr,Max35Text,1,1
pacs.004.001.15,/Document/PmtRtr/TxInf/OrgnlTxRef/UltmtDbtr/Agt/FinInstnId/PstlAdr/AdrTp/Prtry/SchmeNm,SchmeNm,Max35Text,0,1
pacs.004.001.15,/Document/PmtRtr/TxInf/OrgnlTxRef/UltmtDbtr/Agt/FinInstnId/PstlAdr/CareOf,CareOf,Max140Text,0,1
pacs.004.001.15,/Document/PmtRtr/TxInf/OrgnlTxRef/UltmtDbtr/Agt/FinInstnId/PstlAdr/Dept,Dept,Max70Text,0,1
pacs.004.001.15,/Document/PmtRtr/TxInf/OrgnlTxRef/UltmtDbtr/Agt/FinInstnId/PstlAdr/SubDept,SubDept,Max70Text,0,1
pacs.004.001.15,/Document/PmtRtr/TxInf/OrgnlTxRef/UltmtDbtr/Agt/FinInstnId/PstlAdr/StrtNm,StrtNm,Max140Text,0,1
pacs.004.001.15,/Document/PmtRtr/TxInf/OrgnlTxRef/UltmtDbtr/Agt/FinInstnId/PstlAdr/BldgNb,BldgNb,Max16Text,0,1
pacs.004.001.15,/Document/PmtRtr/TxInf/OrgnlTxRef/UltmtDbtr/Agt/FinInstnId/PstlAdr/BldgNm,BldgNm,Max140Text,0,1
pacs.004.001.15,/Document/PmtRtr/TxInf/OrgnlTxRef/UltmtDbtr/Agt/FinInstnId/PstlAdr/Flr,Flr,Max70Text,0,1
pacs.004.001.15,/Document/PmtRtr/TxInf/OrgnlTxRef/UltmtDbtr/Agt/FinInstnId/PstlAdr/UnitNb,UnitNb,Max16Text,0,1
pacs.004.001.15,/Document/PmtRtr/TxInf/OrgnlTxRef/UltmtDbtr/Agt/FinInstnId/PstlAdr/PstBx,PstBx,Max16Text,0,1
pacs.004.001.15,/Document/PmtRtr/TxInf/OrgnlTxRef/UltmtDbtr/Agt/FinInstnId/PstlAdr/Room,Room,Max70Text,0,1
pacs.004.001.15,/Document/PmtRtr/TxInf/OrgnlTxRef/UltmtDbtr/Agt/FinInstnId/PstlAdr/PstCd,PstCd,Max16Text,0,1
pacs.004.001.15,/Document/PmtRtr/TxInf/OrgnlTxRef/UltmtDbtr/Agt/FinInstnId/PstlAdr/TwnNm,TwnNm,Max140Text,0,1
pacs.004.001.15,/Document/PmtRtr/TxInf/OrgnlTxRef/UltmtDbtr/Agt/FinInstnId/PstlAdr/TwnLctnNm,TwnLctnNm,Max140Text,0,1
pacs.004.001.15,/Document/PmtRtr/TxInf/OrgnlTxRef/UltmtDbtr/Agt/FinInstnId/PstlAdr/DstrctNm,DstrctNm,Max140Text,0,1
pacs.004.001.15,/Document/PmtRtr/TxInf/OrgnlTxRef/UltmtDbtr/Agt/FinInstnId/PstlAdr/CtrySubDvsn,CtrySubDvsn,Max35Text,0,1
pacs.004.001.15,/Document/PmtRtr/TxInf/OrgnlTxRef/UltmtDbtr/Agt/FinInstnId/PstlAdr/Ctry,Ctry,CountryCode,0,1
pacs.004.001.15,/Document/PmtRtr/TxInf/OrgnlTxRef/UltmtDbtr/Agt/FinInstnId/PstlAdr/AdrLine,AdrLine,Max70Text,0,7
pacs.004.001.15,/Document/PmtRtr/TxInf/OrgnlTxRef/UltmtDbtr/Agt/FinInstnId/Othr,Othr,GenericFinancialIdentification1,0,1
pacs.004.001.15,/Document/PmtRtr/TxInf/OrgnlTxRef/UltmtDbtr/Agt/FinInstnId/Othr/Id,Id,Max35Text,1,1
pacs.004.001.15,/Document/PmtRtr/TxInf/OrgnlTxRef/UltmtDbtr/Agt/FinInstnId/Othr/SchmeNm,SchmeNm,FinancialIdentificationSchemeName1Choice,0,1
pacs.004.001.15,/Document/PmtRtr/TxInf/OrgnlTxRef/UltmtDbtr/Agt/FinInstnId/Othr/SchmeNm/Cd,Cd,ExternalFinancialInstitutionIdentification1Code,1,1
pacs.004.001.15,/Document/PmtRtr/TxInf/OrgnlTxRef/UltmtDbtr/Agt/FinInstnId/Othr/SchmeNm/Prtry,Prtry,Max35Text,1,1
pacs.004.001.15,/Document/PmtRtr/TxInf/OrgnlTxRef/UltmtDbtr/Agt/FinInstnId/Othr/Issr,Issr,Max35Text,0,1
pacs.004.001.15,/Document/PmtRtr/TxInf/OrgnlTxRef/UltmtDbtr/Agt/BrnchId,BrnchId,BranchData5,0,1
pacs.004.001.15,/Document/PmtRtr/TxInf/OrgnlTxRef/UltmtDbtr/Agt/BrnchId/Id,Id,Max35Text,0,1
pacs.004.001.15,/Document/PmtRtr/TxInf/OrgnlTxRef/UltmtDbtr/Agt/BrnchId/LEI,LEI,LEIIdentifier,0,1
pacs.004.001.15,/Document/PmtRtr/TxInf/OrgnlTxRef/UltmtDbtr/Agt/BrnchId/Nm,Nm,Max140Text,0,1
pacs.004.001.15,/Document/PmtRtr/TxInf/OrgnlTxRef/UltmtDbtr/Agt/BrnchId/PstlAdr,PstlAdr,PostalAddress27,0,1
pacs.004.001.15,/Document/PmtRtr/TxInf/OrgnlTxRef/UltmtDbtr/Agt/BrnchId/PstlAdr/AdrTp,AdrTp,AddressType3Choice,0,1
pacs.004.001.15,/Document/PmtRtr/TxInf/OrgnlTxRef/UltmtDbtr/Agt/BrnchId/PstlAdr/AdrTp/Cd,Cd,AddressType2Code,1,1
pacs.004.001.15,/Document/PmtRtr/TxInf/OrgnlTxRef/UltmtDbtr/Agt/BrnchId/PstlAdr/AdrTp/Prtry,Prtry,GenericIdentification30,1,1
pacs.004.001.15,/Document/PmtRtr/TxInf/OrgnlTxRef/UltmtDbtr/Agt/BrnchId/PstlAdr/AdrTp/Prtry/Id,Id,Exact4AlphaNumericText,1,1
pacs.004.001.15,/Document/PmtRtr/TxInf/OrgnlTxRef/UltmtDbtr/Agt/BrnchId/PstlAdr/AdrTp/Prtry/Issr,Issr,Max35Text,1,1
pacs.004.001.15,/Document/PmtRtr/TxInf/OrgnlTxRef/UltmtDbtr/Agt/BrnchId/PstlAdr/AdrTp/Prtry/SchmeNm,SchmeNm,Max35Text,0,1
pacs.004.001.15,/Document/PmtRtr/TxInf/OrgnlTxRef/UltmtDbtr/Agt/BrnchId/PstlAdr/CareOf,CareOf,Max140Text,0,1
pacs.004.001.15,/Document/PmtRtr/TxInf/OrgnlTxRef/UltmtDbtr/Agt/BrnchId/PstlAdr/Dept,Dept,Max70Text,0,1
pacs.004.001.15,/Document/PmtRtr/TxInf/OrgnlTxRef/UltmtDbtr/Agt/BrnchId/PstlAdr/SubDept,SubDept,Max70Text,0,1
pacs.004.001.15,/Document/PmtRtr/TxInf/OrgnlTxRef/UltmtDbtr/Agt/BrnchId/PstlAdr/StrtNm,StrtNm,Max140Text,0,1
pacs.004.001.15,/Document/PmtRtr/TxInf/OrgnlTxRef/UltmtDbtr/Agt/BrnchId/PstlAdr/BldgNb,BldgNb,Max16Text,0,1
pacs.004.001.15,/Document/PmtRtr/TxInf/OrgnlTxRef/UltmtDbtr/Agt/BrnchId/PstlAdr/BldgNm,BldgNm,Max140Text,0,1
pacs.004.001.15,/Document/PmtRtr/TxInf/OrgnlTxRef/UltmtDbtr/Agt/BrnchId/PstlAdr/Flr,Flr,Max70Text,0,1
pacs.004.001.15,/Document/PmtRtr/TxInf/OrgnlTxRef/UltmtDbtr/Agt/BrnchId/PstlAdr/UnitNb,UnitNb,Max16Text,0,1
pacs.004.001.15,/Document/PmtRtr/TxInf/OrgnlTxRef/UltmtDbtr/Agt/BrnchId/PstlAdr/PstBx,PstBx,Max16Text,0,1
pacs.004.001.15,/Document/PmtRtr/TxInf/OrgnlTxRef/UltmtDbtr/Agt/BrnchId/PstlAdr/Room,Room,Max70Text,0,1
pacs.004.001.15,/Document/PmtRtr/TxInf/OrgnlTxRef/UltmtDbtr/Agt/BrnchId/PstlAdr/PstCd,PstCd,Max16Text,0,1
pacs.004.001.15,/Document/PmtRtr/TxInf/OrgnlTxRef/UltmtDbtr/Agt/BrnchId/PstlAdr/TwnNm,TwnNm,Max140Text,0,1
pacs.004.001.15,/Document/PmtRtr/TxInf/OrgnlTxRef/UltmtDbtr/Agt/BrnchId/PstlAdr/TwnLctnNm,TwnLctnNm,Max140Text,0,1
pacs.004.001.15,/Document/PmtRtr/TxInf/OrgnlTxRef/UltmtDbtr/Agt/BrnchId/PstlAdr/DstrctNm,DstrctNm,Max140Text,0,1
pacs.004.001.15,/Document/PmtRtr/TxInf/OrgnlTxRef/UltmtDbtr/Agt/BrnchId/PstlAdr/CtrySubDvsn,CtrySubDvsn,Max35Text,0,1
pacs.004.001.15,/Document/PmtRtr/TxInf/OrgnlTxRef/UltmtDbtr/Agt/BrnchId/PstlAdr/Ctry,Ctry,CountryCode,0,1
pacs.004.001.15,/Document/PmtRtr/TxInf/OrgnlTxRef/UltmtDbtr/Agt/BrnchId/PstlAdr/AdrLine,AdrLine,Max70Text,0,7
pacs.004.001.15,/Document/PmtRtr/TxInf/OrgnlTxRef/Dbtr,Dbtr,Party50Choice,0,1
pacs.004.001.15,/Document/PmtRtr/TxInf/OrgnlTxRef/Dbtr/Pty,Pty,PartyIdentification272,1,1
pacs.004.001.15,/Document/PmtRtr/TxInf/OrgnlTxRef/Dbtr/Pty/Nm,Nm,Max140Text,0,1
pacs.004.001.15,/Document/PmtRtr/TxInf/OrgnlTxRef/Dbtr/Pty/PstlAdr,PstlAdr,PostalAddress27,0,1
pacs.004.001.15,/Document/PmtRtr/TxInf/OrgnlTxRef/Dbtr/Pty/PstlAdr/AdrTp,AdrTp,AddressType3Choice,0,1
pacs.004.001.15,/Document/PmtRtr/TxInf/OrgnlTxRef/Dbtr/Pty/PstlAdr/AdrTp/Cd,Cd,AddressType2Code,1,1
pacs.004.001.15,/Document/PmtRtr/TxInf/OrgnlTxRef/Dbtr/Pty/PstlAdr/AdrTp/Prtry,Prtry,GenericIdentification30,1,1
pacs.004.001.15,/Document/PmtRtr/TxInf/OrgnlTxRef/Dbtr/Pty/PstlAdr/AdrTp/Prtry/Id,Id,Exact4AlphaNumericText,1,1
pacs.004.001.15,/Document/PmtRtr/TxInf/OrgnlTxRef/Dbtr/Pty/PstlAdr/AdrTp/Prtry/Issr,Issr,Max35Text,1,1
pacs.004.001.15,/Document/PmtRtr/TxInf/OrgnlTxRef/Dbtr/Pty/PstlAdr/AdrTp/Prtry/SchmeNm,SchmeNm,Max35Text,0,1
pacs.004.001.15,/Document/PmtRtr/TxInf/OrgnlTxRef/Dbtr/Pty/PstlAdr/CareOf,CareOf,Max140Text,0,1
pacs.004.001.15,/Document/PmtRtr/TxInf/OrgnlTxRef/Dbtr/Pty/PstlAdr/Dept,Dept,Max70Text,0,1
pacs.004.001.15,/Document/PmtRtr/TxInf/OrgnlTxRef/Dbtr/Pty/PstlAdr/SubDept,SubDept,Max70Text,0,1
pacs.004.001.15,/Document/PmtRtr/TxInf/OrgnlTxRef/Dbtr/Pty/PstlAdr/StrtNm,StrtNm,Max140Text,0,1
pacs.004.001.15,/Document/PmtRtr/TxInf/OrgnlTxRef/Dbtr/Pty/PstlAdr/BldgNb,BldgNb,Max16Text,0,1
pacs.004.001.15,/Document/PmtRtr/TxInf/OrgnlTxRef/Dbtr/Pty/PstlAdr/BldgNm,BldgNm,Max140Text,0,1
pacs.004.001.15,/Document/PmtRtr/TxInf/OrgnlTxRef/Dbtr/Pty/PstlAdr/Flr,Flr,Max70Text,0,1
pacs.004.001.15,/Document/PmtRtr/TxInf/OrgnlTxRef/Dbtr/Pty/PstlAdr/UnitNb,UnitNb,Max16Text,0,1
pacs.004.001.15,/Document/PmtRtr/TxInf/OrgnlTxRef/Dbtr/Pty/PstlAdr/PstBx,PstBx,Max16Text,0,1
pacs.004.001.15,/Document/PmtRtr/TxInf/OrgnlTxRef/Dbtr/Pty/PstlAdr/Room,Room,Max70Text,0,1
pacs.004.001.15,/Document/PmtRtr/TxInf/OrgnlTxRef/Dbtr/Pty/PstlAdr/PstCd,PstCd,Max16Text,0,1
pacs.004.001.15,/Document/PmtRtr/TxInf/OrgnlTxRef/Dbtr/Pty/PstlAdr/TwnNm,TwnNm,Max140Text,0,1
pacs.004.001.15,/Document/PmtRtr/TxInf/OrgnlTxRef/Dbtr/Pty/PstlAdr/TwnLctnNm,TwnLctnNm,Max140Text,0,1
pacs.004.001.15,/Document/PmtRtr/TxInf/OrgnlTxRef/Dbtr/Pty/PstlAdr/DstrctNm,DstrctNm,Max140Text,0,1
pacs.004.001.15,/Document/PmtRtr/TxInf/OrgnlTxRef/Dbtr/Pty/PstlAdr/CtrySubDvsn,CtrySubDvsn,Max35Text,0,1
pacs.004.001.15,/Document/PmtRtr/TxInf/OrgnlTxRef/Dbtr/Pty/PstlAdr/Ctry,Ctry,CountryCode,0,1
pacs.004.001.15,/Document/PmtRtr/TxInf/OrgnlTxRef/Dbtr/Pty/PstlAdr/AdrLine,AdrLine,Max70Text,0,7
pacs.004.001.15,/Document/PmtRtr/TxInf/OrgnlTxRef/Dbtr/Pty/Id,Id,Party52Choice,0,1
pacs.004.001.15,/Document/PmtRtr/TxInf/OrgnlTxRef/Dbtr/Pty/Id/OrgId,OrgId,OrganisationIdentification39,1,1
pacs.004.001.15,/Document/PmtRtr/TxInf/OrgnlTxRef/Dbtr/Pty/Id/OrgId/AnyBIC,AnyBIC,AnyBICDec2014Identifier,0,1
pacs.004.001.15,/Document/PmtRtr/TxInf/OrgnlTxRef/Dbtr/Pty/Id/OrgId/LEI,LEI,LEIIdentifier,0,1
pacs.004.001.15,/Document/PmtRtr/TxInf/OrgnlTxRef/Dbtr/Pty/Id/OrgId/Othr,Othr,GenericOrganisationIdentification3,0,
pacs.004.001.15,/Document/PmtRtr/TxInf/OrgnlTxRef/Dbtr/Pty/Id/OrgId/Othr/Id,Id,Max256Text,1,1
pacs.004.001.15,/Document/PmtRtr/TxInf/OrgnlTxRef/Dbtr/Pty/Id/OrgId/Othr/SchmeNm,SchmeNm,OrganisationIdentificationSchemeName1Choice,0,1
pacs.004.001.15,/Document/PmtRtr/TxInf/OrgnlTxRef/Dbtr/Pty/Id/OrgId/Othr/SchmeNm/Cd,Cd,ExternalOrganisationIdentification1Code,1,1
pacs.004.001.15,/Document/PmtRtr/TxInf/OrgnlTxRef/Dbtr/Pty/Id/OrgId/Othr/SchmeNm/Prtry,Prtry,Max35Text,1,1
pacs.004.001.15,/Document/PmtRtr/TxInf/OrgnlTxRef/Dbtr/Pty/Id/OrgId/Othr/Issr,Issr,Max35Text,0,1
pacs.004.001.15,/Document/PmtRtr/TxInf/OrgnlTxRef/Dbtr/Pty/Id/PrvtId,PrvtId,PersonIdentification18,1,1
pacs.004.001.15,/Document/PmtRtr/TxInf/OrgnlTxRef/Dbtr/Pty/Id/PrvtId/DtAndPlcOfBirth,DtAndPlcOfBirth,DateAndPlaceOfBirth1,0,1
pacs.004.001.15,/Document/PmtRtr/TxInf/OrgnlTxRef/Dbtr/Pty/Id/PrvtId/DtAndPlcOfBirth/BirthDt,BirthDt,ISODate,1,1
pacs.004.001.15,/Document/PmtRtr/TxInf/OrgnlTxRef/Dbtr/Pty/Id/PrvtId/DtAndPlcOfBirth/PrvcOfBirth,PrvcOfBirth,Max35Text,0,1
pacs.004.001.15,/Document/PmtRtr/TxInf/OrgnlTxRef/Dbtr/Pty/Id/PrvtId/DtAndPlcOfBirth/CityOfBirth,CityOfBirth,Max35Text,1,1
pacs.004.001.15,/Document/PmtRtr/TxInf/OrgnlTxRef/Dbtr/Pty/Id/PrvtId/DtAndPlcOfBirth/CtryOfBirth,CtryOfBirth,CountryCode,1,1
pacs.004.001.15,/Document/PmtRtr/TxInf/OrgnlTxRef/Dbtr/Pty/Id/PrvtId/Othr,Othr,GenericPersonIdentification2,0,
pacs.004.001.15,/Document/PmtRtr/TxInf/OrgnlTxRef/Dbtr/Pty/Id/PrvtId/Othr/Id,Id,Max256Text,1,1
pacs.004.001.15,/Document/PmtRtr/TxInf/OrgnlTxRef/Dbtr/Pty/Id/PrvtId/Othr/SchmeNm,SchmeNm,PersonIdentificationSchemeName1Choice,0,1
pacs.004.001.15,/Document/PmtRtr/TxInf/OrgnlTxRef/Dbtr/Pty/Id/PrvtId/Othr/SchmeNm/Cd,Cd,ExternalPersonIdentification1Code,1,1
pacs.004.001.15,/Document/PmtRtr/TxInf/OrgnlTxRef/Dbtr/Pty/Id/PrvtId/Othr/SchmeNm/Prtry,Prtry,Max35Text,1,1
pacs.004.001.15,/Document/PmtRtr/TxInf/OrgnlTxRef/Dbtr/Pty/Id/PrvtId/Othr/Issr,Issr,Max35Text,0,1
pacs.004.001.15,/Document/PmtRtr/TxInf/OrgnlTxRef/Dbtr/Pty/CtryOfRes,CtryOfRes,CountryCode,0,1
pacs.004.001.15,/Document/PmtRtr/TxInf/OrgnlTxRef/Dbtr/Pty/CtctDtls,CtctDtls,Contact13,0,1
pacs.004.001.15,/Document/PmtRtr/TxInf/OrgnlTxRef/Dbtr/Pty/CtctDtls/NmPrfx,NmPrfx,NamePrefix2Code,0,1
pacs.004.001.15,/Document/PmtRtr/TxInf/OrgnlTxRef/Dbtr/Pty/CtctDtls/Nm,Nm,Max140Text,0,1
pacs.004.001.15,/Document/PmtRtr/TxInf/OrgnlTxRef/Dbtr/Pty/CtctDtls/PhneNb,PhneNb,PhoneNumber,0,1
pacs.004.001.15,/Document/PmtRtr/TxInf/OrgnlTxRef/Dbtr/Pty/CtctDtls/MobNb,MobNb,PhoneNumber,0,1
pacs.004.001.15,/Document/PmtRtr/TxInf/OrgnlTxRef/Dbtr/Pty/CtctDtls/FaxNb,FaxNb,PhoneNumber,0,1
pacs.004.001.15,/Document/PmtRtr/TxInf/OrgnlTxRef/Dbtr/Pty/CtctDtls/URLAdr,URLAdr,Max2048Text,0,1
pacs.004.001.15,/Document/PmtRtr/TxInf/OrgnlTxRef/Dbtr/Pty/CtctDtls/EmailAdr,EmailAdr,Max256Text,0,1
pacs.004.001.15,/Document/PmtRtr/TxInf/OrgnlTxRef/Dbtr/Pty/CtctDtls/EmailPurp,EmailPurp,Max35Text,0,1
pacs.004.001.15,/Document/PmtRtr/TxInf/OrgnlTxRef/Dbtr/Pty/CtctDtls/JobTitl,JobTitl,Max35Text,0,1
pacs.004.001.15,/Document/PmtRtr/TxInf/OrgnlTxRef/Dbtr/Pty/CtctDtls/Rspnsblty,Rspnsblty,Max35Text,0,1
pacs.004.001.15,/Document/PmtRtr/TxInf/OrgnlTxRef/Dbtr/Pty/CtctDtls/Dept,Dept,Max70Text,0,1
pacs.004.001.15,/Document/PmtRtr/TxInf/OrgnlTxRef/Dbtr/Pty/CtctDtls/Othr,Othr,OtherContact1,0,
pacs.004.001.15,/Document/PmtRtr/TxInf/OrgnlTxRef/Dbtr/Pty/CtctDtls/Othr/ChanlTp,ChanlTp,Max4Text,1,1
pacs.004.001.15,/Document/PmtRtr/TxInf/OrgnlTxRef/Dbtr/Pty/CtctDtls/Othr/Id,Id,Max128Text,0,1
pacs.004.001.15,/Document/PmtRtr/TxInf/OrgnlTxRef/Dbtr/Pty/CtctDtls/PrefrdMtd,PrefrdMtd,PreferredContactMethod2Code,0,1
pacs.004.001.15,/Document/PmtRtr/TxInf/OrgnlTxRef/Dbtr/Agt,Agt,BranchAndFinancialInstitutionIdentification8,1,1
pacs.004.001.15,/Document/PmtRtr/TxInf/OrgnlTxRef/Dbtr/Agt/FinInstnId,FinInstnId,FinancialInstitutionIdentification23,1,1
pacs.004.001.15,/Document/PmtRtr/TxInf/OrgnlTxRef/Dbtr/Agt/FinInstnId/BICFI,BICFI,BICFIDec2014Identifier,0,1
pacs.004.001.15,/Document/PmtRtr/TxInf/OrgnlTxRef/Dbtr/Agt/FinInstnId/ClrSysMmbId,ClrSysMmbId,ClearingSystemMemberIdentification2,0,1
pacs.004.001.15,/Document/PmtRtr/TxInf/OrgnlTxRef/Dbtr/Agt/FinInstnId/ClrSysMmbId/ClrSysId,ClrSysId,ClearingSystemIdentification2Choice,0,1
pacs.004.001.15,/Document/PmtRtr/TxInf/OrgnlTxRef/Dbtr/Agt/FinInstnId/ClrSysMmbId/ClrSysId/Cd,Cd,ExternalClearingSystemIdentification1Code,1,1
pacs.004.001.15,/Document/PmtRtr/TxInf/OrgnlTxRef/Dbtr/Agt/FinInstnId/ClrSysMmbId/ClrSysId/Prtry,Prtry,Max35Text,1,1
pacs.004.001.15,/Document/PmtRtr/TxInf/OrgnlTxRef/Dbtr/Agt/FinInstnId/ClrSysMmbId/MmbId,MmbId,Max35Text,1,1
pacs.004.001.15,/Document/PmtRtr/TxInf/OrgnlTxRef/Dbtr/Agt/FinInstnId/LEI,LEI,LEIIdentifier,0,1
pacs.004.001.15,/Document/PmtRtr/TxInf/OrgnlTxRef/Dbtr/Agt/FinInstnId/Nm,Nm,Max140Text,0,1
pacs.004.001.15,/Document/PmtRtr/TxInf/OrgnlTxRef/Dbtr/Agt/FinInstnId/PstlAdr,PstlAdr,PostalAddress27,0,1
pacs.004.001.15,/Document/PmtRtr/TxInf/OrgnlTxRef/Dbtr/Agt/FinInstnId/PstlAdr/AdrTp,AdrTp,AddressType3Choice,0,1
pacs.004.001.15,/Document/PmtRtr/TxInf/OrgnlTxRef/Dbtr/Agt/FinInstnId/PstlAdr/AdrTp/Cd,Cd,AddressType2Code,1,1
pacs.004.001.15,/Document/PmtRtr/TxInf/OrgnlTxRef/Dbtr/Agt/FinInstnId/PstlAdr/AdrTp/Prtry,Prtry,GenericIdentification30,1,1
pacs.004.001.15,/Document/PmtRtr/TxInf/OrgnlTxRef/Dbtr/Agt/FinInstnId/PstlAdr/AdrTp/Prtry/Id,Id,Exact4AlphaNumericText,1,1
pacs.004.001.15,/Document/PmtRtr/TxInf/OrgnlTxRef/Dbtr/Agt/FinInstnId/PstlAdr/AdrTp/Prtry/Issr,Issr,Max35Text,1,1
pacs.004.001.15,/Document/PmtRtr/TxInf/OrgnlTxRef/Dbtr/Agt/FinInstnId/PstlAdr/AdrTp/Prtry/SchmeNm,SchmeNm,Max35Text,0,1
pacs.004.001.15,/Document/PmtRtr/TxInf/OrgnlTxRef/Dbtr/Agt/FinInstnId/PstlAdr/CareOf,CareOf,Max140Text,0,1
pacs.004.001.15,/Document/PmtRtr/TxInf/OrgnlTxRef/Dbtr/Agt/FinInstnId/PstlAdr/Dept,Dept,Max70Text,0,1
pacs.004.001.15,/Document/PmtRtr/TxInf/OrgnlTxRef/Dbtr/Agt/FinInstnId/PstlAdr/SubDept,SubDept,Max70Text,0,1
pacs.004.001.15,/Document/PmtRtr/TxInf/OrgnlTxRef/Dbtr/Agt/FinInstnId/PstlAdr/StrtNm,StrtNm,Max140Text,0,1
pacs.004.001.15,/Document/PmtRtr/TxInf/OrgnlTxRef/Dbtr/Agt/FinInstnId/PstlAdr/BldgNb,BldgNb,Max16Text,0,1
pacs.004.001.15,/Document/PmtRtr/TxInf/OrgnlTxRef/Dbtr/Agt/FinInstnId/PstlAdr/BldgNm,BldgNm,Max140Text,0,1
pacs.004.001.15,/Document/PmtRtr/TxInf/OrgnlTxRef/Dbtr/Agt/FinInstnId/PstlAdr/Flr,Flr,Max70Text,0,1
pacs.004.001.15,/Document/PmtRtr/TxInf/OrgnlTxRef/Dbtr/Agt/FinInstnId/PstlAdr/UnitNb,UnitNb,Max16Text,0,1
pacs.004.001.15,/Document/PmtRtr/TxInf/OrgnlTxRef/Dbtr/Agt/FinInstnId/PstlAdr/PstBx,PstBx,Max16Text,0,1
pacs.004.001.15,/Document/PmtRtr/TxInf/OrgnlTxRef/Dbtr/Agt/FinInstnId/PstlAdr/Room,Room,Max70Text,0,1
pacs.004.001.15,/Document/PmtRtr/TxInf/OrgnlTxRef/Dbtr/Agt/FinInstnId/PstlAdr/PstCd,PstCd,Max16Text,0,1
pacs.004.001.15,/Document/PmtRtr/TxInf/OrgnlTxRef/Dbtr/Agt/FinInstnId/PstlAdr/TwnNm,TwnNm,Max140Text,0,1
pacs.004.001.15,/Document/PmtRtr/TxInf/OrgnlTxRef/Dbtr/Agt/FinInstnId/PstlAdr/TwnLctnNm,TwnLctnNm,Max140Text,0,1
pacs.004.001.15,/Document/PmtRtr/TxInf/OrgnlTxRef/Dbtr/Agt/FinInstnId/PstlAdr/DstrctNm,DstrctNm,Max140Text,0,1
pacs.004.001.15,/Document/PmtRtr/TxInf/OrgnlTxRef/Dbtr/Agt/FinInstnId/PstlAdr/CtrySubDvsn,CtrySubDvsn,Max35Text,0,1
pacs.004.001.15,/Document/PmtRtr/TxInf/OrgnlTxRef/Dbtr/Agt/FinInstnId/PstlAdr/Ctry,Ctry,CountryCode,0,1
pacs.004.001.15,/Document/PmtRtr/TxInf/OrgnlTxRef/Dbtr/Agt/FinInstnId/PstlAdr/AdrLine,AdrLine,Max70Text,0,7
pacs.004.001.15,/Document/PmtRtr/TxInf/OrgnlTxRef/Dbtr/Agt/FinInstnId/Othr,Othr,GenericFinancialIdentification1,0,1
pacs.004.001.15,/Document/PmtRtr/TxInf/OrgnlTxRef/Dbtr/Agt/FinInstnId/Othr/Id,Id,Max35Text,1,1
pacs.004.001.15,/Document/PmtRtr/TxInf/OrgnlTxRef/Dbtr/Agt/FinInstnId/Othr/SchmeNm,SchmeNm,FinancialIdentificationSchemeName1Choice,0,1
pacs.004.001.15,/Document/PmtRtr/TxInf/OrgnlTxRef/Dbtr/Agt/FinInstnId/Othr/SchmeNm/Cd,Cd,ExternalFinancialInstitutionIdentification1Code,1,1
pacs.004.001.15,/Document/PmtRtr/TxInf/OrgnlTxRef/Dbtr/Agt/FinInstnId/Othr/SchmeNm/Prtry,Prtry,Max35Text,1,1
pacs.004.001.15,/Document/PmtRtr/TxInf/OrgnlTxRef/Dbtr/Agt/FinInstnId/Othr/Issr,Issr,Max35Text,0,1
pacs.004.001.15,/Document/PmtRtr/TxInf/OrgnlTxRef/Dbtr/Agt/BrnchId,BrnchId,BranchData5,0,1
pacs.004.001.15,/Document/PmtRtr/TxInf/OrgnlTxRef/Dbtr/Agt/BrnchId/Id,Id,Max35Text,0,1
pacs.004.001.15,/Document/PmtRtr/TxInf/OrgnlTxRef/Dbtr/Agt/BrnchId/LEI,LEI,LEIIdentifier,0,1
pacs.004.001.15,/Document/PmtRtr/TxInf/OrgnlTxRef/Dbtr/Agt/BrnchId/Nm,Nm,Max140Text,0,1
pacs.004.001.15,/Document/PmtRtr/TxInf/OrgnlTxRef/Dbtr/Agt/BrnchId/PstlAdr,PstlAdr,PostalAddress27,0,1
pacs.004.001.15,/Document/PmtRtr/TxInf/OrgnlTxRef/Dbtr/Agt/BrnchId/PstlAdr/AdrTp,AdrTp,AddressType3Choice,0,1
pacs.004.001.15,/Document/PmtRtr/TxInf/OrgnlTxRef/Dbtr/Agt/BrnchId/PstlAdr/AdrTp/Cd,Cd,AddressType2Code,1,1
pacs.004.001.15,/Document/PmtRtr/TxInf/OrgnlTxRef/Dbtr/Agt/BrnchId/PstlAdr/AdrTp/Prtry,Prtry,GenericIdentification30,1,1
pacs.004.001.15,/Document/PmtRtr/TxInf/OrgnlTxRef/Dbtr/Agt/BrnchId/PstlAdr/AdrTp/Prtry/Id,Id,Exact4AlphaNumericText,1,1
pacs.004.001.15,/Document/PmtRtr/TxInf/OrgnlTxRef/Dbtr/Agt/BrnchId/PstlAdr/AdrTp/Prtry/Issr,Issr,Max35Text,1,1
pacs.004.001.15,/Document/PmtRtr/TxInf/OrgnlTxRef/Dbtr/Agt/BrnchId/PstlAdr/AdrTp/Prtry/SchmeNm,SchmeNm,Max35Text,0,1
pacs.004.001.15,/Document/PmtRtr/TxInf/OrgnlTxRef/Dbtr/Agt/BrnchId/PstlAdr/CareOf,CareOf,Max140Text,0,1
pacs.004.001.15,/Document/PmtRtr/TxInf/OrgnlTxRef/Dbtr/Agt/BrnchId/PstlAdr/Dept,Dept,Max70Text,0,1
pacs.004.001.15,/Document/PmtRtr/TxInf/OrgnlTxRef/Dbtr/Agt/BrnchId/PstlAdr/SubDept,SubDept,Max70Text,0,1
pacs.004.001.15,/Document/PmtRtr/TxInf/OrgnlTxRef/Dbtr/Agt/BrnchId/PstlAdr/StrtNm,StrtNm,Max140Text,0,1
pacs.004.001.15,/Document/PmtRtr/TxInf/OrgnlTxRef/Dbtr/Agt/BrnchId/PstlAdr/BldgNb,BldgNb,Max16Text,0,1
pacs.004.001.15,/Document/PmtRtr/TxInf/OrgnlTxRef/Dbtr/Agt/BrnchId/PstlAdr/BldgNm,BldgNm,Max140Text,0,1
pacs.004.001.15,/Document/PmtRtr/TxInf/OrgnlTxRef/Dbtr/Agt/BrnchId/PstlAdr/Flr,Flr,Max70Text,0,1
pacs.004.001.15,/Document/PmtRtr/TxInf/OrgnlTxRef/Dbtr/Agt/BrnchId/PstlAdr/UnitNb,UnitNb,Max16Text,0,1
pacs.004.001.15,/Document/PmtRtr/TxInf/OrgnlTxRef/Dbtr/Agt/BrnchId/PstlAdr/PstBx,PstBx,Max16Text,0,1
pacs.004.001.15,/Document/PmtRtr/TxInf/OrgnlTxRef/Dbtr/Agt/BrnchId/PstlAdr/Room,Room,Max70Text,0,1
pacs.004.001.15,/Document/PmtRtr/TxInf/OrgnlTxRef/Dbtr/Agt/BrnchId/PstlAdr/PstCd,PstCd,Max16Text,0,1
pacs.004.001.15,/Document/PmtRtr/TxInf/OrgnlTxRef/Dbtr/Agt/BrnchId/PstlAdr/TwnNm,TwnNm,Max140Text,0,1
pacs.004.001.15,/Document/PmtRtr/TxInf/OrgnlTxRef/Dbtr/Agt/BrnchId/PstlAdr/TwnLctnNm,TwnLctnNm,Max140Text,0,1
pacs.004.001.15,/Document/PmtRtr/TxInf/OrgnlTxRef/Dbtr/Agt/BrnchId/PstlAdr/DstrctNm,DstrctNm,Max140Text,0,1
pacs.004.001.15,/Document/PmtRtr/TxInf/OrgnlTxRef/Dbtr/Agt/BrnchId/PstlAdr/CtrySubDvsn,CtrySubDvsn,Max35Text,0,1
pacs.004.001.15,/Document/PmtRtr/TxInf/OrgnlTxRef/Dbtr/Agt/BrnchId/PstlAdr/Ctry,Ctry,CountryCode,0,1
pacs.004.001.15,/Document/PmtRtr/TxInf/OrgnlTxRef/Dbtr/Agt/BrnchId/PstlAdr/AdrLine,AdrLine,Max70Text,0,7
pacs.004.001.15,/Document/PmtRtr/TxInf/OrgnlTxRef/DbtrAcct,DbtrAcct,CashAccount40,0,1
pacs.004.001.15,/Document/PmtRtr/TxInf/OrgnlTxRef/DbtrAcct/Id,Id,AccountIdentification4Choice,0,1
pacs.004.001.15,/Document/PmtRtr/TxInf/OrgnlTxRef/DbtrAcct/Id/IBAN,IBAN,IBAN2007Identifier,1,1
pacs.004.001.15,/Document/PmtRtr/TxInf/OrgnlTxRef/DbtrAcct/Id/Othr,Othr,GenericAccountIdentification1,1,1
pacs.004.001.15,/Document/PmtRtr/TxInf/OrgnlTxRef/DbtrAcct/Id/Othr/Id,Id,Max34Text,1,1
pacs.004.001.15,/Document/PmtRtr/TxInf/OrgnlTxRef/DbtrAcct/Id/Othr/SchmeNm,SchmeNm,AccountSchemeName1Choice,0,1
pacs.004.001.15,/Document/PmtRtr/TxInf/OrgnlTxRef/DbtrAcct/Id/Othr/SchmeNm/Cd,Cd,ExternalAccountIdentification1Code,1,1
pacs.004.001.15,/Document/PmtRtr/TxInf/OrgnlTxRef/DbtrAcct/Id/Othr/SchmeNm/Prtry,Prtry,Max35Text,1,1
pacs.004.001.15,/Document/PmtRtr/TxInf/OrgnlTxRef/DbtrAcct/Id/Othr/Issr,Issr,Max35Text,0,1
pacs.004.001.15,/Document/PmtRtr/TxInf/OrgnlTxRef/DbtrAcct/Tp,Tp,CashAccountType2Choice,0,1
pacs.004.001.15,/Document/PmtRtr/TxInf/OrgnlTxRef/DbtrAcct/Tp/Cd,Cd,ExternalCashAccountType1Code,1,1
pacs.004.001.15,/Document/PmtRtr/TxInf/OrgnlTxRef/DbtrAcct/Tp/Prtry,Prtry,Max35Text,1,1
pacs.004.001.15,/Document/PmtRtr/TxInf/OrgnlTxRef/DbtrAcct/Ccy,Ccy,ActiveOrHistoricCurrencyCode,0,1
pacs.004.001.15,/Document/PmtRtr/TxInf/OrgnlTxRef/DbtrAcct/Nm,Nm,Max70Text,0,1
pacs.004.001.15,/Document/PmtRtr/TxInf/OrgnlTxRef/DbtrAcct/Prxy,Prxy,ProxyAccountIdentification1,0,1
pacs.004.001.15,/Document/PmtRtr/TxInf/OrgnlTxRef/DbtrAcct/Prxy/Tp,Tp,ProxyAccountType1Choice,0,1
pacs.004.001.15,/Document/PmtRtr/TxInf/OrgnlTxRef/DbtrAcct/Prxy/Tp/Cd,Cd,ExternalProxyAccountType1Code,1,1
pacs.004.001.15,/Document/PmtRtr/TxInf/OrgnlTxRef/DbtrAcct/Prxy/Tp/Prtry,Prtry,Max35Text,1,1
pacs.004.001.15,/Document/PmtRtr/TxInf/OrgnlTxRef/DbtrAcct/Prxy/Id,Id,Max2048Text,1,1
pacs.004.001.15,/Document/PmtRtr/TxInf/OrgnlTxRef/DbtrAgt,DbtrAgt,BranchAndFinancialInstitutionIdentification8,0,1
pacs.004.001.15,/Document/PmtRtr/TxInf/OrgnlTxRef/DbtrAgt/FinInstnId,FinInstnId,FinancialInstitutionIdentification23,1,1
pacs.004.001.15,/Document/PmtRtr/TxInf/OrgnlTxRef/DbtrAgt/FinInstnId/BICFI,BICFI,BICFIDec2014Identifier,0,1
pacs.004.001.15,/Document/PmtRtr/TxInf/OrgnlTxRef/DbtrAgt/FinInstnId/ClrSysMmbId,ClrSysMmbId,ClearingSystemMemberIdentification2,0,1
pacs.004.001.15,/Document/PmtRtr/TxInf/OrgnlTxRef/DbtrAgt/FinInstnId/ClrSysMmbId/ClrSysId,ClrSysId,ClearingSystemIdentification2Choice,0,1
pacs.004.001.15,/Document/PmtRtr/TxInf/OrgnlTxRef/DbtrAgt/FinInstnId/ClrSysMmbId/ClrSysId/Cd,Cd,ExternalClearingSystemIdentification1Code,1,1
pacs.004.001.15,/Document/PmtRtr/TxInf/OrgnlTxRef/DbtrAgt/FinInstnId/ClrSysMmbId/ClrSysId/Prtry,Prtry,Max35Text,1,1
pacs.004.001.15,/Document/PmtRtr/TxInf/OrgnlTxRef/DbtrAgt/FinInstnId/ClrSysMmbId/MmbId,MmbId,Max35Text,1,1
pacs.004.001.15,/Document/PmtRtr/TxInf/OrgnlTxRef/DbtrAgt/FinInstnId/LEI,LEI,LEIIdentifier,0,1
pacs.004.001.15,/Document/PmtRtr/TxInf/OrgnlTxRef/DbtrAgt/FinInstnId/Nm,Nm,Max140Text,0,1
pacs.004.001.15,/Document/PmtRtr/TxInf/OrgnlTxRef/DbtrAgt/FinInstnId/PstlAdr,PstlAdr,PostalAddress27,0,1
pacs.004.001.15,/Document/PmtRtr/TxInf/OrgnlTxRef/DbtrAgt/FinInstnId/PstlAdr/AdrTp,AdrTp,AddressType3Choice,0,1
pacs.004.001.15,/Document/PmtRtr/TxInf/OrgnlTxRef/DbtrAgt/FinInstnId/PstlAdr/AdrTp/Cd,Cd,AddressType2Code,1,1
pacs.004.001.15,/Document/PmtRtr/TxInf/OrgnlTxRef/DbtrAgt/FinInstnId/PstlAdr/AdrTp/Prtry,Prtry,GenericIdentification30,1,1
pacs.004.001.15,/Document/PmtRtr/TxInf/OrgnlTxRef/DbtrAgt/FinInstnId/PstlAdr/AdrTp/Prtry/Id,Id,Exact4AlphaNumericText,1,1
pacs.004.001.15,/Document/PmtRtr/TxInf/OrgnlTxRef/DbtrAgt/FinInstnId/PstlAdr/AdrTp/Prtry/Issr,Issr,Max35Text,1,1
pacs.004.001.15,/Document/PmtRtr/TxInf/OrgnlTxRef/DbtrAgt/FinInstnId/PstlAdr/AdrTp/Prtry/SchmeNm,SchmeNm,Max35Text,0,1
pacs.004.001.15,/Document/PmtRtr/TxInf/OrgnlTxRef/DbtrAgt/FinInstnId/PstlAdr/CareOf,CareOf,Max140Text,0,1
pacs.004.001.15,/Document/PmtRtr/TxInf/OrgnlTxRef/DbtrAgt/FinInstnId/PstlAdr/Dept,Dept,Max70Text,0,1
pacs.004.001.15,/Document/PmtRtr/TxInf/OrgnlTxRef/DbtrAgt/FinInstnId/PstlAdr/SubDept,SubDept,Max70Text,0,1
pacs.004.001.15,/Document/PmtRtr/TxInf/OrgnlTxRef/DbtrAgt/FinInstnId/PstlAdr/StrtNm,StrtNm,Max140Text,0,1
pacs.004.001.15,/Document/PmtRtr/TxInf/OrgnlTxRef/DbtrAgt/FinInstnId/PstlAdr/BldgNb,BldgNb,Max16Text,0,1
pacs.004.001.15,/Document/PmtRtr/TxInf/OrgnlTxRef/DbtrAgt/FinInstnId/PstlAdr/BldgNm,BldgNm,Max140Text,0,1
pacs.004.001.15,/Document/PmtRtr/TxInf/OrgnlTxRef/DbtrAgt/FinInstnId/PstlAdr/Flr,Flr,Max70Text,0,1
pacs.004.001.15,/Document/PmtRtr/TxInf/OrgnlTxRef/DbtrAgt/FinInstnId/PstlAdr/UnitNb,UnitNb,Max16Text,0,1
pacs.004.001.15,/Document/PmtRtr/TxInf/OrgnlTxRef/DbtrAgt/FinInstnId/PstlAdr/PstBx,PstBx,Max16Text,0,1
pacs.004.001.15,/Document/PmtRtr/TxInf/OrgnlTxRef/DbtrAgt/FinInstnId/PstlAdr/Room,Room,Max70Text,0,1
pacs.004.001.15,/Document/PmtRtr/TxInf/OrgnlTxRef/DbtrAgt/FinInstnId/PstlAdr/PstCd,PstCd,Max16Text,0,1
pacs.004.001.15,/Document/PmtRtr/TxInf/OrgnlTxRef/DbtrAgt/FinInstnId/PstlAdr/TwnNm,TwnNm,Max140Text,0,1
pacs.004.001.15,/Document/PmtRtr/TxInf/OrgnlTxRef/DbtrAgt/FinInstnId/PstlAdr/TwnLctnNm,TwnLctnNm,Max140Text,0,1
pacs.004.001.15,/Document/PmtRtr/TxInf/OrgnlTxRef/DbtrAgt/FinInstnId/PstlAdr/DstrctNm,DstrctNm,Max140Text,0,1
pacs.004.001.15,/Document/PmtRtr/TxInf/OrgnlTxRef/DbtrAgt/FinInstnId/PstlAdr/CtrySubDvsn,CtrySubDvsn,Max35Text,0,1
pacs.004.001.15,/Document/PmtRtr/TxInf/OrgnlTxRef/DbtrAgt/FinInstnId/PstlAdr/Ctry,Ctry,CountryCode,0,1
pacs.004.001.15,/Document/PmtRtr/TxInf/OrgnlTxRef/DbtrAgt/FinInstnId/PstlAdr/AdrLine,AdrLine,Max70Text,0,7
pacs.004.001.15,/Document/PmtRtr/TxInf/OrgnlTxRef/DbtrAgt/FinInstnId/Othr,Othr,GenericFinancialIdentification1,0,1
pacs.004.001.15,/Document/PmtRtr/TxInf/OrgnlTxRef/DbtrAgt/FinInstnId/Othr/Id,Id,Max35Text,1,1
pacs.004.001.15,/Document/PmtRtr/TxInf/OrgnlTxRef/DbtrAgt/FinInstnId/Othr/SchmeNm,SchmeNm,FinancialIdentificationSchemeName1Choice,0,1
pacs.004.001.15,/Document/PmtRtr/TxInf/OrgnlTxRef/DbtrAgt/FinInstnId/Othr/SchmeNm/Cd,Cd,ExternalFinancialInstitutionIdentification1Code,1,1
pacs.004.001.15,/Document/PmtRtr/TxInf/OrgnlTxRef/DbtrAgt/FinInstnId/Othr/SchmeNm/Prtry,Prtry,Max35Text,1,1
pacs.004.001.15,/Document/PmtRtr/TxInf/OrgnlTxRef/DbtrAgt/FinInstnId/Othr/Issr,Issr,Max35Text,0,1
pacs.004.001.15,/Document/PmtRtr/TxInf/OrgnlTxRef/DbtrAgt/BrnchId,BrnchId,BranchData5,0,1
pacs.004.001.15,/Document/PmtRtr/TxInf/OrgnlTxRef/DbtrAgt/BrnchId/Id,Id,Max35Text,0,1
pacs.004.001.15,/Document/PmtRtr/TxInf/OrgnlTxRef/DbtrAgt/BrnchId/LEI,LEI,LEIIdentifier,0,1
pacs.004.001.15,/Document/PmtRtr/TxInf/OrgnlTxRef/DbtrAgt/BrnchId/Nm,Nm,Max140Text,0,1
pacs.004.001.15,/Document/PmtRtr/TxInf/OrgnlTxRef/DbtrAgt/BrnchId/PstlAdr,PstlAdr,PostalAddress27,0,1
pacs.004.001.15,/Document/PmtRtr/TxInf/OrgnlTxRef/DbtrAgt/BrnchId/PstlAdr/AdrTp,AdrTp,AddressType3Choice,0,1
pacs.004.001.15,/Document/PmtRtr/TxInf/OrgnlTxRef/DbtrAgt/BrnchId/PstlAdr/AdrTp/Cd,Cd,AddressType2Code,1,1
pacs.004.001.15,/Document/PmtRtr/TxInf/OrgnlTxRef/DbtrAgt/BrnchId/PstlAdr/AdrTp/Prtry,Prtry,GenericIdentification30,1,1
pacs.004.001.15,/Document/PmtRtr/TxInf/OrgnlTxRef/DbtrAgt/BrnchId/PstlAdr/AdrTp/Prtry/Id,Id,Exact4AlphaNumericText,1,1
pacs.004.001.15,/Document/PmtRtr/TxInf/OrgnlTxRef/DbtrAgt/BrnchId/PstlAdr/AdrTp/Prtry/Issr,Issr,Max35Text,1,1
pacs.004.001.15,/Document/PmtRtr/TxInf/OrgnlTxRef/DbtrAgt/BrnchId/PstlAdr/AdrTp/Prtry/SchmeNm,SchmeNm,Max35Text,0,1
pacs.004.001.15,/Document/PmtRtr/TxInf/OrgnlTxRef/DbtrAgt/BrnchId/PstlAdr/CareOf,CareOf,Max140Text,0,1
pacs.004.001.15,/Document/PmtRtr/TxInf/OrgnlTxRef/DbtrAgt/BrnchId/PstlAdr/Dept,Dept,Max70Text,0,1
pacs.004.001.15,/Document/PmtRtr/TxInf/OrgnlTxRef/DbtrAgt/BrnchId/PstlAdr/SubDept,SubDept,Max70Text,0,1
pacs.004.001.15,/Document/PmtRtr/TxInf/OrgnlTxRef/DbtrAgt/BrnchId/PstlAdr/StrtNm,StrtNm,Max140Text,0,1
pacs.004.001.15,/Document/PmtRtr/TxInf/OrgnlTxRef/DbtrAgt/BrnchId/PstlAdr/BldgNb,BldgNb,Max16Text,0,1
pacs.004.001.15,/Document/PmtRtr/TxInf/OrgnlTxRef/DbtrAgt/BrnchId/PstlAdr/BldgNm,BldgNm,Max140Text,0,1
pacs.004.001.15,/Document/PmtRtr/TxInf/OrgnlTxRef/DbtrAgt/BrnchId/PstlAdr/Flr,Flr,Max70Text,0,1
pacs.004.001.15,/Document/PmtRtr/TxInf/OrgnlTxRef/DbtrAgt/BrnchId/PstlAdr/UnitNb,UnitNb,Max16Text,0,1
pacs.004.001.15,/Document/PmtRtr/TxInf/OrgnlTxRef/DbtrAgt/BrnchId/PstlAdr/PstBx,PstBx,Max16Text,0,1
pacs.004.001.15,/Document/PmtRtr/TxInf/OrgnlTxRef/DbtrAgt/BrnchId/PstlAdr/Room,Room,Max70Text,0,1
pacs.004.001.15,/Document/PmtRtr/TxInf/OrgnlTxRef/DbtrAgt/BrnchId/PstlAdr/PstCd,PstCd,Max16Text,0,1
pacs.004.001.15,/Document/PmtRtr/TxInf/OrgnlTxRef/DbtrAgt/BrnchId/PstlAdr/TwnNm,TwnNm,Max140Text,0,1
pacs.004.001.15,/Document/PmtRtr/TxInf/OrgnlTxRef/DbtrAgt/BrnchId/PstlAdr/TwnLctnNm,TwnLctnNm,Max140Text,0,1
pacs.004.001.15,/Document/PmtRtr/TxInf/OrgnlTxRef/DbtrAgt/BrnchId/PstlAdr/DstrctNm,DstrctNm,Max140Text,0,1
pacs.004.001.15,/Document/PmtRtr/TxInf/OrgnlTxRef/DbtrAgt/BrnchId/PstlAdr/CtrySubDvsn,CtrySubDvsn,Max35Text,0,1
pacs.004.001.15,/Document/PmtRtr/TxInf/OrgnlTxRef/DbtrAgt/BrnchId/PstlAdr/Ctry,Ctry,CountryCode,0,1
pacs.004.001.15,/Document/PmtRtr/TxInf/OrgnlTxRef/DbtrAgt/BrnchId/PstlAdr/AdrLine,AdrLine,Max70Text,0,7
pacs.004.001.15,/Document/PmtRtr/TxInf/OrgnlTxRef/DbtrAgtAcct,DbtrAgtAcct,CashAccount40,0,1
pacs.004.001.15,/Document/PmtRtr/TxInf/OrgnlTxRef/DbtrAgtAcct/Id,Id,AccountIdentification4Choice,0,1
pacs.004.001.15,/Document/PmtRtr/TxInf/OrgnlTxRef/DbtrAgtAcct/Id/IBAN,IBAN,IBAN2007Identifier,1,1
pacs.004.001.15,/Document/PmtRtr/TxInf/OrgnlTxRef/DbtrAgtAcct/Id/Othr,Othr,GenericAccountIdentification1,1,1
pacs.004.001.15,/Document/PmtRtr/TxInf/OrgnlTxRef/DbtrAgtAcct/Id/Othr/Id,Id,Max34Text,1,1
pacs.004.001.15,/Document/PmtRtr/TxInf/OrgnlTxRef/DbtrAgtAcct/Id/Othr/SchmeNm,SchmeNm,AccountSchemeName1Choice,0,1
pacs.004.001.15,/Document/PmtRtr/TxInf/OrgnlTxRef/DbtrAgtAcct/Id/Othr/SchmeNm/Cd,Cd,ExternalAccountIdentification1Code,1,1
pacs.004.001.15,/Document/PmtRtr/TxInf/OrgnlTxRef/DbtrAgtAcct/Id/Othr/SchmeNm/Prtry,Prtry,Max35Text,1,1
pacs.004.001.15,/Document/PmtRtr/TxInf/OrgnlTxRef/DbtrAgtAcct/Id/Othr/Issr,Issr,Max35Text,0,1
pacs.004.001.15,/Document/PmtRtr/TxInf/OrgnlTxRef/DbtrAgtAcct/Tp,Tp,CashAccountType2Choice,0,1
pacs.004.001.15,/Document/PmtRtr/TxInf/OrgnlTxRef/DbtrAgtAcct/Tp/Cd,Cd,ExternalCashAccountType1Code,1,1
pacs.004.001.15,/Document/PmtRtr/TxInf/OrgnlTxRef/DbtrAgtAcct/Tp/Prtry,Prtry,Max35Text,1,1
pacs.004.001.15,/Document/PmtRtr/TxInf/OrgnlTxRef/DbtrAgtAcct/Ccy,Ccy,ActiveOrHistoricCurrencyCode,0,1
pacs.004.001.15,/Document/PmtRtr/TxInf/OrgnlTxRef/DbtrAgtAcct/Nm,Nm,Max70Text,0,1
pacs.004.001.15,/Document/PmtRtr/TxInf/OrgnlTxRef/DbtrAgtAcct/Prxy,Prxy,ProxyAccountIdentification1,0,1
pacs.004.001.15,/Document/PmtRtr/TxInf/OrgnlTxRef/DbtrAgtAcct/Prxy/Tp,Tp,ProxyAccountType1Choice,0,1
pacs.004.001.15,/Document/PmtRtr/TxInf/OrgnlTxRef/DbtrAgtAcct/Prxy/Tp/Cd,Cd,ExternalProxyAccountType1Code,1,1
pacs.004.001.15,/Document/PmtRtr/TxInf/OrgnlTxRef/DbtrAgtAcct/Prxy/Tp/Prtry,Prtry,Max35Text,1,1
pacs.004.001.15,/Document/PmtRtr/TxInf/OrgnlTxRef/DbtrAgtAcct/Prxy/Id,Id,Max2048Text,1,1
pacs.004.001.15,/Document/PmtRtr/TxInf/OrgnlTxRef/CdtrAgt,CdtrAgt,BranchAndFinancialInstitutionIdentification8,0,1
pacs.004.001.15,/Document/PmtRtr/TxInf/OrgnlTxRef/CdtrAgt/FinInstnId,FinInstnId,FinancialInstitutionIdentification23,1,1
pacs.004.001.15,/Document/PmtRtr/TxInf/OrgnlTxRef/CdtrAgt/FinInstnId/BICFI,BICFI,BICFIDec2014Identifier,0,1
pacs.004.001.15,/Document/PmtRtr/TxInf/OrgnlTxRef/CdtrAgt/FinInstnId/ClrSysMmbId,ClrSysMmbId,ClearingSystemMemberIdentification2,0,1
pacs.004.001.15,/Document/PmtRtr/TxInf/OrgnlTxRef/CdtrAgt/FinInstnId/ClrSysMmbId/ClrSysId,ClrSysId,ClearingSystemIdentification2Choice,0,1
pacs.004.001.15,/Document/PmtRtr/TxInf/OrgnlTxRef/CdtrAgt/FinInstnId/ClrSysMmbId/ClrSysId/Cd,Cd,ExternalClearingSystemIdentification1Code,1,1
pacs.004.001.15,/Document/PmtRtr/TxInf/OrgnlTxRef/CdtrAgt/FinInstnId/ClrSysMmbId/ClrSysId/Prtry,Prtry,Max35Text,1,1
pacs.004.001.15,/Document/PmtRtr/TxInf/OrgnlTxRef/CdtrAgt/FinInstnId/ClrSysMmbId/MmbId,MmbId,Max35Text,1,1
pacs.004.001.15,/Document/PmtRtr/TxInf/OrgnlTxRef/CdtrAgt/FinInstnId/LEI,LEI,LEIIdentifier,0,1
pacs.004.001.15,/Document/PmtRtr/TxInf/OrgnlTxRef/CdtrAgt/FinInstnId/Nm,Nm,Max140Text,0,1
pacs.004.001.15,/Document/PmtRtr/TxInf/OrgnlTxRef/CdtrAgt/FinInstnId/PstlAdr,PstlAdr,PostalAddress27,0,1
pacs.004.001.15,/Document/PmtRtr/TxInf/OrgnlTxRef/CdtrAgt/FinInstnId/PstlAdr/AdrTp,AdrTp,AddressType3Choice,0,1
pacs.004.001.15,/Document/PmtRtr/TxInf/OrgnlTxRef/CdtrAgt/FinInstnId/PstlAdr/AdrTp/Cd,Cd,AddressType2Code,1,1
pacs.004.001.15,/Document/PmtRtr/TxInf/OrgnlTxRef/CdtrAgt/FinInstnId/PstlAdr/AdrTp/Prtry,Prtry,GenericIdentification30,1,1
pacs.004.001.15,/Document/PmtRtr/TxInf/OrgnlTxRef/CdtrAgt/FinInstnId/PstlAdr/AdrTp/Prtry/Id,Id,Exact4AlphaNumericText,1,1
pacs.004.001.15,/Document/PmtRtr/TxInf/OrgnlTxRef/CdtrAgt/FinInstnId/PstlAdr/AdrTp/Prtry/Issr,Issr,Max35Text,1,1
pacs.004.001.15,/Document/PmtRtr/TxInf/OrgnlTxRef/CdtrAgt/FinInstnId/PstlAdr/AdrTp/Prtry/SchmeNm,SchmeNm,Max35Text,0,1
pacs.004.001.15,/Document/PmtRtr/TxInf/OrgnlTxRef/CdtrAgt/FinInstnId/PstlAdr/CareOf,CareOf,Max140Text,0,1
pacs.004.001.15,/Document/PmtRtr/TxInf/OrgnlTxRef/CdtrAgt/FinInstnId/PstlAdr/Dept,Dept,Max70Text,0,1
pacs.004.001.15,/Document/PmtRtr/TxInf/OrgnlTxRef/CdtrAgt/FinInstnId/PstlAdr/SubDept,SubDept,Max70Text,0,1
pacs.004.001.15,/Document/PmtRtr/TxInf/OrgnlTxRef/CdtrAgt/FinInstnId/PstlAdr/StrtNm,StrtNm,Max140Text,0,1
pacs.004.001.15,/Document/PmtRtr/TxInf/OrgnlTxRef/CdtrAgt/FinInstnId/PstlAdr/BldgNb,BldgNb,Max16Text,0,1
pacs.004.001.15,/Document/PmtRtr/TxInf/OrgnlTxRef/CdtrAgt/FinInstnId/PstlAdr/BldgNm,BldgNm,Max140Text,0,1
pacs.004.001.15,/Document/PmtRtr/TxInf/OrgnlTxRef/CdtrAgt/FinInstnId/PstlAdr/Flr,Flr,Max70Text,0,1
pacs.004.001.15,/Document/PmtRtr/TxInf/OrgnlTxRef/CdtrAgt/FinInstnId/PstlAdr/UnitNb,UnitNb,Max16Text,0,1
pacs.004.001.15,/Document/PmtRtr/TxInf/OrgnlTxRef/CdtrAgt/FinInstnId/PstlAdr/PstBx,PstBx,Max16Text,0,1
pacs.004.001.15,/Document/PmtRtr/TxInf/OrgnlTxRef/CdtrAgt/FinInstnId/PstlAdr/Room,Room,Max70Text,0,1
pacs.004.001.15,/Document/PmtRtr/TxInf/OrgnlTxRef/CdtrAgt/FinInstnId/PstlAdr/PstCd,PstCd,Max16Text,0,1
pacs.004.001.15,/Document/PmtRtr/TxInf/OrgnlTxRef/CdtrAgt/FinInstnId/PstlAdr/TwnNm,TwnNm,Max140Text,0,1
pacs.004.001.15,/Document/PmtRtr/TxInf/OrgnlTxRef/CdtrAgt/FinInstnId/PstlAdr/TwnLctnNm,TwnLctnNm,Max140Text,0,1
pacs.004.001.15,/Document/PmtRtr/TxInf/OrgnlTxRef/CdtrAgt/FinInstnId/PstlAdr/DstrctNm,DstrctNm,Max140Text,0,1
pacs.004.001.15,/Document/PmtRtr/TxInf/OrgnlTxRef/CdtrAgt/FinInstnId/PstlAdr/CtrySubDvsn,CtrySubDvsn,Max35Text,0,1
pacs.004.001.15,/Document/PmtRtr/TxInf/OrgnlTxRef/CdtrAgt/FinInstnId/PstlAdr/Ctry,Ctry,CountryCode,0,1
pacs.004.001.15,/Document/PmtRtr/TxInf/OrgnlTxRef/CdtrAgt/FinInstnId/PstlAdr/AdrLine,AdrLine,Max70Text,0,7
pacs.004.001.15,/Document/PmtRtr/TxInf/OrgnlTxRef/CdtrAgt/FinInstnId/Othr,Othr,GenericFinancialIdentification1,0,1
pacs.004.001.15,/Document/PmtRtr/TxInf/OrgnlTxRef/CdtrAgt/FinInstnId/Othr/Id,Id,Max35Text,1,1
pacs.004.001.15,/Document/PmtRtr/TxInf/OrgnlTxRef/CdtrAgt/FinInstnId/Othr/SchmeNm,SchmeNm,FinancialIdentificationSchemeName1Choice,0,1
pacs.004.001.15,/Document/PmtRtr/TxInf/OrgnlTxRef/CdtrAgt/FinInstnId/Othr/SchmeNm/Cd,Cd,ExternalFinancialInstitutionIdentification1Code,1,1
pacs.004.001.15,/Document/PmtRtr/TxInf/OrgnlTxRef/CdtrAgt/FinInstnId/Othr/SchmeNm/Prtry,Prtry,Max35Text,1,1
pacs.004.001.15,/Document/PmtRtr/TxInf/OrgnlTxRef/CdtrAgt/FinInstnId/Othr/Issr,Issr,Max35Text,0,1
pacs.004.001.15,/Document/PmtRtr/TxInf/OrgnlTxRef/CdtrAgt/BrnchId,BrnchId,BranchData5,0,1
pacs.004.001.15,/Document/PmtRtr/TxInf/OrgnlTxRef/CdtrAgt/BrnchId/Id,Id,Max35Text,0,1
pacs.004.001.15,/Document/PmtRtr/TxInf/OrgnlTxRef/CdtrAgt/BrnchId/LEI,LEI,LEIIdentifier,0,1
pacs.004.001.15,/Document/PmtRtr/TxInf/OrgnlTxRef/CdtrAgt/BrnchId/Nm,Nm,Max140Text,0,1
pacs.004.001.15,/Document/PmtRtr/TxInf/OrgnlTxRef/CdtrAgt/BrnchId/PstlAdr,PstlAdr,PostalAddress27,0,1
pacs.004.001.15,/Document/PmtRtr/TxInf/OrgnlTxRef/CdtrAgt/BrnchId/PstlAdr/AdrTp,AdrTp,AddressType3Choice,0,1
pacs.004.001.15,/Document/PmtRtr/TxInf/OrgnlTxRef/CdtrAgt/BrnchId/PstlAdr/AdrTp/Cd,Cd,AddressType2Code,1,1
pacs.004.001.15,/Document/PmtRtr/TxInf/OrgnlTxRef/CdtrAgt/BrnchId/PstlAdr/AdrTp/Prtry,Prtry,GenericIdentification30,1,1
pacs.004.001.15,/Document/PmtRtr/TxInf/OrgnlTxRef/CdtrAgt/BrnchId/PstlAdr/AdrTp/Prtry/Id,Id,Exact4AlphaNumericText,1,1
pacs.004.001.15,/Document/PmtRtr/TxInf/OrgnlTxRef/CdtrAgt/BrnchId/PstlAdr/AdrTp/Prtry/Issr,Issr,Max35Text,1,1
pacs.004.001.15,/Document/PmtRtr/TxInf/OrgnlTxRef/CdtrAgt/BrnchId/PstlAdr/AdrTp/Prtry/SchmeNm,SchmeNm,Max35Text,0,1
pacs.004.001.15,/Document/PmtRtr/TxInf/OrgnlTxRef/CdtrAgt/BrnchId/PstlAdr/CareOf,CareOf,Max140Text,0,1
pacs.004.001.15,/Document/PmtRtr/TxInf/OrgnlTxRef/CdtrAgt/BrnchId/PstlAdr/Dept,Dept,Max70Text,0,1
pacs.004.001.15,/Document/PmtRtr/TxInf/OrgnlTxRef/CdtrAgt/BrnchId/PstlAdr/SubDept,SubDept,Max70Text,0,1
pacs.004.001.15,/Document/PmtRtr/TxInf/OrgnlTxRef/CdtrAgt/BrnchId/PstlAdr/StrtNm,StrtNm,Max140Text,0,1
pacs.004.001.15,/Document/PmtRtr/TxInf/OrgnlTxRef/CdtrAgt/BrnchId/PstlAdr/BldgNb,BldgNb,Max16Text,0,1
pacs.004.001.15,/Document/PmtRtr/TxInf/OrgnlTxRef/CdtrAgt/BrnchId/PstlAdr/BldgNm,BldgNm,Max140Text,0,1
pacs.004.001.15,/Document/PmtRtr/TxInf/OrgnlTxRef/CdtrAgt/BrnchId/PstlAdr/Flr,Flr,Max70Text,0,1
pacs.004.001.15,/Document/PmtRtr/TxInf/OrgnlTxRef/CdtrAgt/BrnchId/PstlAdr/UnitNb,UnitNb,Max16Text,0,1
pacs.004.001.15,/Document/PmtRtr/TxInf/OrgnlTxRef/CdtrAgt/BrnchId/PstlAdr/PstBx,PstBx,Max16Text,0,1
pacs.004.001.15,/Document/PmtRtr/TxInf/OrgnlTxRef/CdtrAgt/BrnchId/PstlAdr/Room,Room,Max70Text,0,1
pacs.004.001.15,/Document/PmtRtr/TxInf/OrgnlTxRef/CdtrAgt/BrnchId/PstlAdr/PstCd,PstCd,Max16Text,0,1
pacs.004.001.15,/Document/PmtRtr/TxInf/OrgnlTxRef/CdtrAgt/BrnchId/PstlAdr/TwnNm,TwnNm,Max140Text,0,1
pacs.004.001.15,/Document/PmtRtr/TxInf/OrgnlTxRef/CdtrAgt/BrnchId/PstlAdr/TwnLctnNm,TwnLctnNm,Max140Text,0,1
pacs.004.001.15,/Document/PmtRtr/TxInf/OrgnlTxRef/CdtrAgt/BrnchId/PstlAdr/DstrctNm,DstrctNm,Max140Text,0,1
pacs.004.001.15,/Document/PmtRtr/TxInf/OrgnlTxRef/CdtrAgt/BrnchId/PstlAdr/CtrySubDvsn,CtrySubDvsn,Max35Text,0,1
pacs.004.001.15,/Document/PmtRtr/TxInf/OrgnlTxRef/CdtrAgt/BrnchId/PstlAdr/Ctry,Ctry,CountryCode,0,1
pacs.004.001.15,/Document/PmtRtr/TxInf/OrgnlTxRef/CdtrAgt/BrnchId/PstlAdr/AdrLine,AdrLine,Max70Text,0,7
pacs.004.001.15,/Document/PmtRtr/TxInf/OrgnlTxRef/CdtrAgtAcct,CdtrAgtAcct,CashAccount40,0,1
pacs.004.001.15,/Document/PmtRtr/TxInf/OrgnlTxRef/CdtrAgtAcct/Id,Id,AccountIdentification4Choice,0,1
pacs.004.001.15,/Document/PmtRtr/TxInf/OrgnlTxRef/CdtrAgtAcct/Id/IBAN,IBAN,IBAN2007Identifier,1,1
pacs.004.001.15,/Document/PmtRtr/TxInf/OrgnlTxRef/CdtrAgtAcct/Id/Othr,Othr,GenericAccountIdentification1,1,1
pacs.004.001.15,/Document/PmtRtr/TxInf/OrgnlTxRef/CdtrAgtAcct/Id/Othr/Id,Id,Max34Text,1,1
pacs.004.001.15,/Document/PmtRtr/TxInf/OrgnlTxRef/CdtrAgtAcct/Id/Othr/SchmeNm,SchmeNm,AccountSchemeName1Choice,0,1
pacs.004.001.15,/Document/PmtRtr/TxInf/OrgnlTxRef/CdtrAgtAcct/Id/Othr/SchmeNm/Cd,Cd,ExternalAccountIdentification1Code,1,1
pacs.004.001.15,/Document/PmtRtr/TxInf/OrgnlTxRef/CdtrAgtAcct/Id/Othr/SchmeNm/Prtry,Prtry,Max35Text,1,1
pacs.004.001.15,/Document/PmtRtr/TxInf/OrgnlTxRef/CdtrAgtAcct/Id/Othr/Issr,Issr,Max35Text,0,1
pacs.004.001.15,/Document/PmtRtr/TxInf/OrgnlTxRef/CdtrAgtAcct/Tp,Tp,CashAccountType2Choice,0,1
pacs.004.001.15,/Document/PmtRtr/TxInf/OrgnlTxRef/CdtrAgtAcct/Tp/Cd,Cd,ExternalCashAccountType1Code,1,1
pacs.004.001.15,/Document/PmtRtr/TxInf/OrgnlTxRef/CdtrAgtAcct/Tp/Prtry,Prtry,Max35Text,1,1
pacs.004.001.15,/Document/PmtRtr/TxInf/OrgnlTxRef/CdtrAgtAcct/Ccy,Ccy,ActiveOrHistoricCurrencyCode,0,1
pacs.004.001.15,/Document/PmtRtr/TxInf/OrgnlTxRef/CdtrAgtAcct/Nm,Nm,Max70Text,0,1
pacs.004.001.15,/Document/PmtRtr/TxInf/OrgnlTxRef/CdtrAgtAcct/Prxy,Prxy,ProxyAccountIdentification1,0,1
pacs.004.001.15,/Document/PmtRtr/TxInf/OrgnlTxRef/CdtrAgtAcct/Prxy/Tp,Tp,ProxyAccountType1Choice,0,1
pacs.004.001.15,/Document/PmtRtr/TxInf/OrgnlTxRef/CdtrAgtAcct/Prxy/Tp/Cd,Cd,ExternalProxyAccountType1Code,1,1
pacs.004.001.15,/Document/PmtRtr/TxInf/OrgnlTxRef/CdtrAgtAcct/Prxy/Tp/Prtry,Prtry,Max35Text,1,1
pacs.004.001.15,/Document/PmtRtr/TxInf/OrgnlTxRef/CdtrAgtAcct/Prxy/Id,Id,Max2048Text,1,1
pacs.004.001.15,/Document/PmtRtr/TxInf/OrgnlTxRef/Cdtr,Cdtr,Party50Choice,0,1
pacs.004.001.15,/Document/PmtRtr/TxInf/OrgnlTxRef/Cdtr/Pty,Pty,PartyIdentification272,1,1
pacs.004.001.15,/Document/PmtRtr/TxInf/OrgnlTxRef/Cdtr/Pty/Nm,Nm,Max140Text,0,1
pacs.004.001.15,/Document/PmtRtr/TxInf/OrgnlTxRef/Cdtr/Pty/PstlAdr,PstlAdr,PostalAddress27,0,1
pacs.004.001.15,/Document/PmtRtr/TxInf/OrgnlTxRef/Cdtr/Pty/PstlAdr/AdrTp,AdrTp,AddressType3Choice,0,1
pacs.004.001.15,/Document/PmtRtr/TxInf/OrgnlTxRef/Cdtr/Pty/PstlAdr/AdrTp/Cd,Cd,AddressType2Code,1,1
pacs.004.001.15,/Document/PmtRtr/TxInf/OrgnlTxRef/Cdtr/Pty/PstlAdr/AdrTp/Prtry,Prtry,GenericIdentification30,1,1
pacs.004.001.15,/Document/PmtRtr/TxInf/OrgnlTxRef/Cdtr/Pty/PstlAdr/AdrTp/Prtry/Id,Id,Exact4AlphaNumericText,1,1
pacs.004.001.15,/Document/PmtRtr/TxInf/OrgnlTxRef/Cdtr/Pty/PstlAdr/AdrTp/Prtry/Issr,Issr,Max35Text,1,1
pacs.004.001.15,/Document/PmtRtr/TxInf/OrgnlTxRef/Cdtr/Pty/PstlAdr/AdrTp/Prtry/SchmeNm,SchmeNm,Max35Text,0,1
pacs.004.001.15,/Document/PmtRtr/TxInf/OrgnlTxRef/Cdtr/Pty/PstlAdr/CareOf,CareOf,Max140Text,0,1
pacs.004.001.15,/Document/PmtRtr/TxInf/OrgnlTxRef/Cdtr/Pty/PstlAdr/Dept,Dept,Max70Text,0,1
pacs.004.001.15,/Document/PmtRtr/TxInf/OrgnlTxRef/Cdtr/Pty/PstlAdr/SubDept,SubDept,Max70Text,0,1
pacs.004.001.15,/Document/PmtRtr/TxInf/OrgnlTxRef/Cdtr/Pty/PstlAdr/StrtNm,StrtNm,Max140Text,0,1
pacs.004.001.15,/Document/PmtRtr/TxInf/OrgnlTxRef/Cdtr/Pty/PstlAdr/BldgNb,BldgNb,Max16Text,0,1
pacs.004.001.15,/Document/PmtRtr/TxInf/OrgnlTxRef/Cdtr/Pty/PstlAdr/BldgNm,BldgNm,Max140Text,0,1
pacs.004.001.15,/Document/PmtRtr/TxInf/OrgnlTxRef/Cdtr/Pty/PstlAdr/Flr,Flr,Max70Text,0,1
pacs.004.001.15,/Document/PmtRtr/TxInf/OrgnlTxRef/Cdtr/Pty/PstlAdr/UnitNb,UnitNb,Max16Text,0,1
pacs.004.001.15,/Document/PmtRtr/TxInf/OrgnlTxRef/Cdtr/Pty/PstlAdr/PstBx,PstBx,Max16Text,0,1
pacs.004.001.15,/Document/PmtRtr/TxInf/OrgnlTxRef/Cdtr/Pty/PstlAdr/Room,Room,Max70Text,0,1
pacs.004.001.15,/Document/PmtRtr/TxInf/OrgnlTxRef/Cdtr/Pty/PstlAdr/PstCd,PstCd,Max16Text,0,1
pacs.004.001.15,/Document/PmtRtr/TxInf/OrgnlTxRef/Cdtr/Pty/PstlAdr/TwnNm,TwnNm,Max140Text,0,1
pacs.004.001.15,/Document/PmtRtr/TxInf/OrgnlTxRef/Cdtr/Pty/PstlAdr/TwnLctnNm,TwnLctnNm,Max140Text,0,1
pacs.004.001.15,/Document/PmtRtr/TxInf/OrgnlTxRef/Cdtr/Pty/PstlAdr/DstrctNm,DstrctNm,Max140Text,0,1
pacs.004.001.15,/Document/PmtRtr/TxInf/OrgnlTxRef/Cdtr/Pty/PstlAdr/CtrySubDvsn,CtrySubDvsn,Max35Text,0,1
pacs.004.001.15,/Document/PmtRtr/TxInf/OrgnlTxRef/Cdtr/Pty/PstlAdr/Ctry,Ctry,CountryCode,0,1
pacs.004.001.15,/Document/PmtRtr/TxInf/OrgnlTxRef/Cdtr/Pty/PstlAdr/AdrLine,AdrLine,Max70Text,0,7
pacs.004.001.15,/Document/PmtRtr/TxInf/OrgnlTxRef/Cdtr/Pty/Id,Id,Party52Choice,0,1
pacs.004.001.15,/Document/PmtRtr/TxInf/OrgnlTxRef/Cdtr/Pty/Id/OrgId,OrgId,OrganisationIdentification39,1,1
pacs.004.001.15,/Document/PmtRtr/TxInf/OrgnlTxRef/Cdtr/Pty/Id/OrgId/AnyBIC,AnyBIC,AnyBICDec2014Identifier,0,1
pacs.004.001.15,/Document/PmtRtr/TxInf/OrgnlTxRef/Cdtr/Pty/Id/OrgId/LEI,LEI,LEIIdentifier,0,1
pacs.004.001.15,/Document/PmtRtr/TxInf/OrgnlTxRef/Cdtr/Pty/Id/OrgId/Othr,Othr,GenericOrganisationIdentification3,0,
pacs.004.001.15,/Document/PmtRtr/TxInf/OrgnlTxRef/Cdtr/Pty/Id/OrgId/Othr/Id,Id,Max256Text,1,1
pacs.004.001.15,/Document/PmtRtr/TxInf/OrgnlTxRef/Cdtr/Pty/Id/OrgId/Othr/SchmeNm,SchmeNm,OrganisationIdentificationSchemeName1Choice,0,1
pacs.004.001.15,/Document/PmtRtr/TxInf/OrgnlTxRef/Cdtr/Pty/Id/OrgId/Othr/SchmeNm/Cd,Cd,ExternalOrganisationIdentification1Code,1,1
pacs.004.001.15,/Document/PmtRtr/TxInf/OrgnlTxRef/Cdtr/Pty/Id/OrgId/Othr/SchmeNm/Prtry,Prtry,Max35Text,1,1
pacs.004.001.15,/Document/PmtRtr/TxInf/OrgnlTxRef/Cdtr/Pty/Id/OrgId/Othr/Issr,Issr,Max35Text,0,1
pacs.004.001.15,/Document/PmtRtr/TxInf/OrgnlTxRef/Cdtr/Pty/Id/PrvtId,PrvtId,PersonIdentification18,1,1
pacs.004.001.15,/Document/PmtRtr/TxInf/OrgnlTxRef/Cdtr/Pty/Id/PrvtId/DtAndPlcOfBirth,DtAndPlcOfBirth,DateAndPlaceOfBirth1,0,1
pacs.004.001.15,/Document/PmtRtr/TxInf/OrgnlTxRef/Cdtr/Pty/Id/PrvtId/DtAndPlcOfBirth/BirthDt,BirthDt,ISODate,1,1
pacs.004.001.15,/Document/PmtRtr/TxInf/OrgnlTxRef/Cdtr/Pty/Id/PrvtId/DtAndPlcOfBirth/PrvcOfBirth,PrvcOfBirth,Max35Text,0,1
pacs.004.001.15,/Document/PmtRtr/TxInf/OrgnlTxRef/Cdtr/Pty/Id/PrvtId/DtAndPlcOfBirth/CityOfBirth,CityOfBirth,Max35Text,1,1
pacs.004.001.15,/Document/PmtRtr/TxInf/OrgnlTxRef/Cdtr/Pty/Id/PrvtId/DtAndPlcOfBirth/CtryOfBirth,CtryOfBirth,CountryCode,1,1
pacs.004.001.15,/Document/PmtRtr/TxInf/OrgnlTxRef/Cdtr/Pty/Id/PrvtId/Othr,Othr,GenericPersonIdentification2,0,
pacs.004.001.15,/Document/PmtRtr/TxInf/OrgnlTxRef/Cdtr/Pty/Id/PrvtId/Othr/Id,Id,Max256Text,1,1
pacs.004.001.15,/Document/PmtRtr/TxInf/OrgnlTxRef/Cdtr/Pty/Id/PrvtId/Othr/SchmeNm,SchmeNm,PersonIdentificationSchemeName1Choice,0,1
pacs.004.001.15,/Document/PmtRtr/TxInf/OrgnlTxRef/Cdtr/Pty/Id/PrvtId/Othr/SchmeNm/Cd,Cd,ExternalPersonIdentification1Code,1,1
pacs.004.001.15,/Document/PmtRtr/TxInf/OrgnlTxRef/Cdtr/Pty/Id/PrvtId/Othr/SchmeNm/Prtry,Prtry,Max35Text,1,1
pacs.004.001.15,/Document/PmtRtr/TxInf/OrgnlTxRef/Cdtr/Pty/Id/PrvtId/Othr/Issr,Issr,Max35Text,0,1
pacs.004.001.15,/Document/PmtRtr/TxInf/OrgnlTxRef/Cdtr/Pty/CtryOfRes,CtryOfRes,CountryCode,0,1
pacs.004.001.15,/Document/PmtRtr/TxInf/OrgnlTxRef/Cdtr/Pty/CtctDtls,CtctDtls,Contact13,0,1
pacs.004.001.15,/Document/PmtRtr/TxInf/OrgnlTxRef/Cdtr/Pty/CtctDtls/NmPrfx,NmPrfx,NamePrefix2Code,0,1
pacs.004.001.15,/Document/PmtRtr/TxInf/OrgnlTxRef/Cdtr/Pty/CtctDtls/Nm,Nm,Max140Text,0,1
pacs.004.001.15,/Document/PmtRtr/TxInf/OrgnlTxRef/Cdtr/Pty/CtctDtls/PhneNb,PhneNb,PhoneNumber,0,1
pacs.004.001.15,/Document/PmtRtr/TxInf/OrgnlTxRef/Cdtr/Pty/CtctDtls/MobNb,MobNb,PhoneNumber,0,1
pacs.004.001.15,/Document/PmtRtr/TxInf/OrgnlTxRef/Cdtr/Pty/CtctDtls/FaxNb,FaxNb,PhoneNumber,0,1
pacs.004.001.15,/Document/PmtRtr/TxInf/OrgnlTxRef/Cdtr/Pty/CtctDtls/URLAdr,URLAdr,Max2048Text,0,1
pacs.004.001.15,/Document/PmtRtr/TxInf/OrgnlTxRef/Cdtr/Pty/CtctDtls/EmailAdr,EmailAdr,Max256Text,0,1
pacs.004.001.15,/Document/PmtRtr/TxInf/OrgnlTxRef/Cdtr/Pty/CtctDtls/EmailPurp,EmailPurp,Max35Text,0,1
pacs.004.001.15,/Document/PmtRtr/TxInf/OrgnlTxRef/Cdtr/Pty/CtctDtls/JobTitl,JobTitl,Max35Text,0,1
pacs.004.001.15,/Document/PmtRtr/TxInf/OrgnlTxRef/Cdtr/Pty/CtctDtls/Rspnsblty,Rspnsblty,Max35Text,0,1
pacs.004.001.15,/Document/PmtRtr/TxInf/OrgnlTxRef/Cdtr/Pty/CtctDtls/Dept,Dept,Max70Text,0,1
pacs.004.001.15,/Document/PmtRtr/TxInf/OrgnlTxRef/Cdtr/Pty/CtctDtls/Othr,Othr,OtherContact1,0,
pacs.004.001.15,/Document/PmtRtr/TxInf/OrgnlTxRef/Cdtr/Pty/CtctDtls/Othr/ChanlTp,ChanlTp,Max4Text,1,1
pacs.004.001.15,/Document/PmtRtr/TxInf/OrgnlTxRef/Cdtr/Pty/CtctDtls/Othr/Id,Id,Max128Text,0,1
pacs.004.001.15,/Document/PmtRtr/TxInf/OrgnlTxRef/Cdtr/Pty/CtctDtls/PrefrdMtd,PrefrdMtd,PreferredContactMethod2Code,0,1
pacs.004.001.15,/Document/PmtRtr/TxInf/OrgnlTxRef/Cdtr/Agt,Agt,BranchAndFinancialInstitutionIdentification8,1,1
pacs.004.001.15,/Document/PmtRtr/TxInf/OrgnlTxRef/Cdtr/Agt/FinInstnId,FinInstnId,FinancialInstitutionIdentification23,1,1
pacs.004.001.15,/Document/PmtRtr/TxInf/OrgnlTxRef/Cdtr/Agt/FinInstnId/BICFI,BICFI,BICFIDec2014Identifier,0,1
pacs.004.001.15,/Document/PmtRtr/TxInf/OrgnlTxRef/Cdtr/Agt/FinInstnId/ClrSysMmbId,ClrSysMmbId,ClearingSystemMemberIdentification2,0,1
pacs.004.001.15,/Document/PmtRtr/TxInf/OrgnlTxRef/Cdtr/Agt/FinInstnId/ClrSysMmbId/ClrSysId,ClrSysId,ClearingSystemIdentification2Choice,0,1
pacs.004.001.15,/Document/PmtRtr/TxInf/OrgnlTxRef/Cdtr/Agt/FinInstnId/ClrSysMmbId/ClrSysId/Cd,Cd,ExternalClearingSystemIdentification1Code,1,1
pacs.004.001.15,/Document/PmtRtr/TxInf/OrgnlTxRef/Cdtr/Agt/FinInstnId/ClrSysMmbId/ClrSysId/Prtry,Prtry,Max35Text,1,1
pacs.004.001.15,/Document/PmtRtr/TxInf/OrgnlTxRef/Cdtr/Agt/FinInstnId/ClrSysMmbId/MmbId,MmbId,Max35Text,1,1
pacs.004.001.15,/Document/PmtRtr/TxInf/OrgnlTxRef/Cdtr/Agt/FinInstnId/LEI,LEI,LEIIdentifier,0,1
pacs.004.001.15,/Document/PmtRtr/TxInf/OrgnlTxRef/Cdtr/Agt/FinInstnId/Nm,Nm,Max140Text,0,1
pacs.004.001.15,/Document/PmtRtr/TxInf/OrgnlTxRef/Cdtr/Agt/FinInstnId/PstlAdr,PstlAdr,PostalAddress27,0,1
pacs.004.001.15,/Document/PmtRtr/TxInf/OrgnlTxRef/Cdtr/Agt/FinInstnId/PstlAdr/AdrTp,AdrTp,AddressType3Choice,0,1
pacs.004.001.15,/Document/PmtRtr/TxInf/OrgnlTxRef/Cdtr/Agt/FinInstnId/PstlAdr/AdrTp/Cd,Cd,AddressType2Code,1,1
pacs.004.001.15,/Document/PmtRtr/TxInf/OrgnlTxRef/Cdtr/Agt/FinInstnId/PstlAdr/AdrTp/Prtry,Prtry,GenericIdentification30,1,1
pacs.004.001.15,/Document/PmtRtr/TxInf/OrgnlTxRef/Cdtr/Agt/FinInstnId/PstlAdr/AdrTp/Prtry/Id,Id,Exact4AlphaNumericText,1,1
pacs.004.001.15,/Document/PmtRtr/TxInf/OrgnlTxRef/Cdtr/Agt/FinInstnId/PstlAdr/AdrTp/Prtry/Issr,Issr,Max35Text,1,1
pacs.004.001.15,/Document/PmtRtr/TxInf/OrgnlTxRef/Cdtr/Agt/FinInstnId/PstlAdr/AdrTp/Prtry/SchmeNm,SchmeNm,Max35Text,0,1
pacs.004.001.15,/Document/PmtRtr/TxInf/OrgnlTxRef/Cdtr/Agt/FinInstnId/PstlAdr/CareOf,CareOf,Max140Text,0,1
pacs.004.001.15,/Document/PmtRtr/TxInf/OrgnlTxRef/Cdtr/Agt/FinInstnId/PstlAdr/Dept,Dept,Max70Text,0,1
pacs.004.001.15,/Document/PmtRtr/TxInf/OrgnlTxRef/Cdtr/Agt/FinInstnId/PstlAdr/SubDept,SubDept,Max70Text,0,1
pacs.004.001.15,/Document/PmtRtr/TxInf/OrgnlTxRef/Cdtr/Agt/FinInstnId/PstlAdr/StrtNm,StrtNm,Max140Text,0,1
pacs.004.001.15,/Document/PmtRtr/TxInf/OrgnlTxRef/Cdtr/Agt/FinInstnId/PstlAdr/BldgNb,BldgNb,Max16Text,0,1
pacs.004.001.15,/Document/PmtRtr/TxInf/OrgnlTxRef/Cdtr/Agt/FinInstnId/PstlAdr/BldgNm,BldgNm,Max140Text,0,1
pacs.004.001.15,/Document/PmtRtr/TxInf/OrgnlTxRef/Cdtr/Agt/FinInstnId/PstlAdr/Flr,Flr,Max70Text,0,1
pacs.004.001.15,/Document/PmtRtr/TxInf/OrgnlTxRef/Cdtr/Agt/FinInstnId/PstlAdr/UnitNb,UnitNb,Max16Text,0,1
pacs.004.001.15,/Document/PmtRtr/TxInf/OrgnlTxRef/Cdtr/Agt/FinInstnId/PstlAdr/PstBx,PstBx,Max16Text,0,1
pacs.004.001.15,/Document/PmtRtr/TxInf/OrgnlTxRef/Cdtr/Agt/FinInstnId/PstlAdr/Room,Room,Max70Text,0,1
pacs.004.001.15,/Document/PmtRtr/TxInf/OrgnlTxRef/Cdtr/Agt/FinInstnId/PstlAdr/PstCd,PstCd,Max16Text,0,1
pacs.004.001.15,/Document/PmtRtr/TxInf/OrgnlTxRef/Cdtr/Agt/FinInstnId/PstlAdr/TwnNm,TwnNm,Max140Text,0,1
pacs.004.001.15,/Document/PmtRtr/TxInf/OrgnlTxRef/Cdtr/Agt/FinInstnId/PstlAdr/TwnLctnNm,TwnLctnNm,Max140Text,0,1
pacs.004.001.15,/Document/PmtRtr/TxInf/OrgnlTxRef/Cdtr/Agt/FinInstnId/PstlAdr/DstrctNm,DstrctNm,Max140Text,0,1
pacs.004.001.15,/Document/PmtRtr/TxInf/OrgnlTxRef/Cdtr/Agt/FinInstnId/PstlAdr/CtrySubDvsn,CtrySubDvsn,Max35Text,0,1
pacs.004.001.15,/Document/PmtRtr/TxInf/OrgnlTxRef/Cdtr/Agt/FinInstnId/PstlAdr/Ctry,Ctry,CountryCode,0,1
pacs.004.001.15,/Document/PmtRtr/TxInf/OrgnlTxRef/Cdtr/Agt/FinInstnId/PstlAdr/AdrLine,AdrLine,Max70Text,0,7
pacs.004.001.15,/Document/PmtRtr/TxInf/OrgnlTxRef/Cdtr/Agt/FinInstnId/Othr,Othr,GenericFinancialIdentification1,0,1
pacs.004.001.15,/Document/PmtRtr/TxInf/OrgnlTxRef/Cdtr/Agt/FinInstnId/Othr/Id,Id,Max35Text,1,1
pacs.004.001.15,/Document/PmtRtr/TxInf/OrgnlTxRef/Cdtr/Agt/FinInstnId/Othr/SchmeNm,SchmeNm,FinancialIdentificationSchemeName1Choice,0,1
pacs.004.001.15,/Document/PmtRtr/TxInf/OrgnlTxRef/Cdtr/Agt/FinInstnId/Othr/SchmeNm/Cd,Cd,ExternalFinancialInstitutionIdentification1Code,1,1
pacs.004.001.15,/Document/PmtRtr/TxInf/OrgnlTxRef/Cdtr/Agt/FinInstnId/Othr/SchmeNm/Prtry,Prtry,Max35Text,1,1
pacs.004.001.15,/Document/PmtRtr/TxInf/OrgnlTxRef/Cdtr/Agt/FinInstnId/Othr/Issr,Issr,Max35Text,0,1
pacs.004.001.15,/Document/PmtRtr/TxInf/OrgnlTxRef/Cdtr/Agt/BrnchId,BrnchId,BranchData5,0,1
pacs.004.001.15,/Document/PmtRtr/TxInf/OrgnlTxRef/Cdtr/Agt/BrnchId/Id,Id,Max35Text,0,1
pacs.004.001.15,/Document/PmtRtr/TxInf/OrgnlTxRef/Cdtr/Agt/BrnchId/LEI,LEI,LEIIdentifier,0,1
pacs.004.001.15,/Document/PmtRtr/TxInf/OrgnlTxRef/Cdtr/Agt/BrnchId/Nm,Nm,Max140Text,0,1
pacs.004.001.15,/Document/PmtRtr/TxInf/OrgnlTxRef/Cdtr/Agt/BrnchId/PstlAdr,PstlAdr,PostalAddress27,0,1
pacs.004.001.15,/Document/PmtRtr/TxInf/OrgnlTxRef/Cdtr/Agt/BrnchId/PstlAdr/AdrTp,AdrTp,AddressType3Choice,0,1
pacs.004.001.15,/Document/PmtRtr/TxInf/OrgnlTxRef/Cdtr/Agt/BrnchId/PstlAdr/AdrTp/Cd,Cd,AddressType2Code,1,1
pacs.004.001.15,/Document/PmtRtr/TxInf/OrgnlTxRef/Cdtr/Agt/BrnchId/PstlAdr/AdrTp/Prtry,Prtry,GenericIdentification30,1,1
pacs.004.001.15,/Document/PmtRtr/TxInf/OrgnlTxRef/Cdtr/Agt/BrnchId/PstlAdr/AdrTp/Prtry/Id,Id,Exact4AlphaNumericText,1,1
pacs.004.001.15,/Document/PmtRtr/TxInf/OrgnlTxRef/Cdtr/Agt/BrnchId/PstlAdr/AdrTp/Prtry/Issr,Issr,Max35Text,1,1
pacs.004.001.15,/Document/PmtRtr/TxInf/OrgnlTxRef/Cdtr/Agt/BrnchId/PstlAdr/AdrTp/Prtry/SchmeNm,SchmeNm,Max35Text,0,1
pacs.004.001.15,/Document/PmtRtr/TxInf/OrgnlTxRef/Cdtr/Agt/BrnchId/PstlAdr/CareOf,CareOf,Max140Text,0,1
pacs.004.001.15,/Document/PmtRtr/TxInf/OrgnlTxRef/Cdtr/Agt/BrnchId/PstlAdr/Dept,Dept,Max70Text,0,1
pacs.004.001.15,/Document/PmtRtr/TxInf/OrgnlTxRef/Cdtr/Agt/BrnchId/PstlAdr/SubDept,SubDept,Max70Text,0,1
pacs.004.001.15,/Document/PmtRtr/TxInf/OrgnlTxRef/Cdtr/Agt/BrnchId/PstlAdr/StrtNm,StrtNm,Max140Text,0,1
pacs.004.001.15,/Document/PmtRtr/TxInf/OrgnlTxRef/Cdtr/Agt/BrnchId/PstlAdr/BldgNb,BldgNb,Max16Text,0,1
pacs.004.001.15,/Document/PmtRtr/TxInf/OrgnlTxRef/Cdtr/Agt/BrnchId/PstlAdr/BldgNm,BldgNm,Max140Text,0,1
pacs.004.001.15,/Document/PmtRtr/TxInf/OrgnlTxRef/Cdtr/Agt/BrnchId/PstlAdr/Flr,Flr,Max70Text,0,1
pacs.004.001.15,/Document/PmtRtr/TxInf/OrgnlTxRef/Cdtr/Agt/BrnchId/PstlAdr/UnitNb,UnitNb,Max16Text,0,1
pacs.004.001.15,/Document/PmtRtr/TxInf/OrgnlTxRef/Cdtr/Agt/BrnchId/PstlAdr/PstBx,PstBx,Max16Text,0,1
pacs.004.001.15,/Document/PmtRtr/TxInf/OrgnlTxRef/Cdtr/Agt/BrnchId/PstlAdr/Room,Room,Max70Text,0,1
pacs.004.001.15,/Document/PmtRtr/TxInf/OrgnlTxRef/Cdtr/Agt/BrnchId/PstlAdr/PstCd,PstCd,Max16Text,0,1
pacs.004.001.15,/Document/PmtRtr/TxInf/OrgnlTxRef/Cdtr/Agt/BrnchId/PstlAdr/TwnNm,TwnNm,Max140Text,0,1
pacs.004.001.15,/Document/PmtRtr/TxInf/OrgnlTxRef/Cdtr/Agt/BrnchId/PstlAdr/TwnLctnNm,TwnLctnNm,Max140Text,0,1
pacs.004.001.15,/Document/PmtRtr/TxInf/OrgnlTxRef/Cdtr/Agt/BrnchId/PstlAdr/DstrctNm,DstrctNm,Max140Text,0,1
pacs.004.001.15,/Document/PmtRtr/TxInf/OrgnlTxRef/Cdtr/Agt/BrnchId/PstlAdr/CtrySubDvsn,CtrySubDvsn,Max35Text,0,1
pacs.004.001.15,/Document/PmtRtr/TxInf/OrgnlTxRef/Cdtr/Agt/BrnchId/PstlAdr/Ctry,Ctry,CountryCode,0,1
pacs.004.001.15,/Document/PmtRtr/TxInf/OrgnlTxRef/Cdtr/Agt/BrnchId/PstlAdr/AdrLine,AdrLine,Max70Text,0,7
pacs.004.001.15,/Document/PmtRtr/TxInf/OrgnlTxRef/CdtrAcct,CdtrAcct,CashAccount40,0,1
pacs.004.001.15,/Document/PmtRtr/TxInf/OrgnlTxRef/CdtrAcct/Id,Id,AccountIdentification4Choice,0,1
pacs.004.001.15,/Document/PmtRtr/TxInf/OrgnlTxRef/CdtrAcct/Id/IBAN,IBAN,IBAN2007Identifier,1,1
pacs.004.001.15,/Document/PmtRtr/TxInf/OrgnlTxRef/CdtrAcct/Id/Othr,Othr,GenericAccountIdentification1,1,1
pacs.004.001.15,/Document/PmtRtr/TxInf/OrgnlTxRef/CdtrAcct/Id/Othr/Id,Id,Max34Text,1,1
pacs.004.001.15,/Document/PmtRtr/TxInf/OrgnlTxRef/CdtrAcct/Id/Othr/SchmeNm,SchmeNm,AccountSchemeName1Choice,0,1
pacs.004.001.15,/Document/PmtRtr/TxInf/OrgnlTxRef/CdtrAcct/Id/Othr/SchmeNm/Cd,Cd,ExternalAccountIdentification1Code,1,1
pacs.004.001.15,/Document/PmtRtr/TxInf/OrgnlTxRef/CdtrAcct/Id/Othr/SchmeNm/Prtry,Prtry,Max35Text,1,1
pacs.004.001.15,/Document/PmtRtr/TxInf/OrgnlTxRef/CdtrAcct/Id/Othr/Issr,Issr,Max35Text,0,1
pacs.004.001.15,/Document/PmtRtr/TxInf/OrgnlTxRef/CdtrAcct/Tp,Tp,CashAccountType2Choice,0,1
pacs.004.001.15,/Document/PmtRtr/TxInf/OrgnlTxRef/CdtrAcct/Tp/Cd,Cd,ExternalCashAccountType1Code,1,1
pacs.004.001.15,/Document/PmtRtr/TxInf/OrgnlTxRef/CdtrAcct/Tp/Prtry,Prtry,Max35Text,1,1
pacs.004.001.15,/Document/PmtRtr/TxInf/OrgnlTxRef/CdtrAcct/Ccy,Ccy,ActiveOrHistoricCurrencyCode,0,1
pacs.004.001.15,/Document/PmtRtr/TxInf/OrgnlTxRef/CdtrAcct/Nm,Nm,Max70Text,0,1
pacs.004.001.15,/Document/PmtRtr/TxInf/OrgnlTxRef/CdtrAcct/Prxy,Prxy,ProxyAccountIdentification1,0,1
pacs.004.001.15,/Document/PmtRtr/TxInf/OrgnlTxRef/CdtrAcct/Prxy/Tp,Tp,ProxyAccountType1Choice,0,1
pacs.004.001.15,/Document/PmtRtr/TxInf/OrgnlTxRef/CdtrAcct/Prxy/Tp/Cd,Cd,ExternalProxyAccountType1Code,1,1
pacs.004.001.15,/Document/PmtRtr/TxInf/OrgnlTxRef/CdtrAcct/Prxy/Tp/Prtry,Prtry,Max35Text,1,1
pacs.004.001.15,/Document/PmtRtr/TxInf/OrgnlTxRef/CdtrAcct/Prxy/Id,Id,Max2048Text,1,1
pacs.004.001.15,/Document/PmtRtr/TxInf/OrgnlTxRef/UltmtCdtr,UltmtCdtr,Party50Choice,0,1
pacs.004.001.15,/Document/PmtRtr/TxInf/OrgnlTxRef/UltmtCdtr/Pty,Pty,PartyIdentification272,1,1
pacs.004.001.15,/Document/PmtRtr/TxInf/OrgnlTxRef/UltmtCdtr/Pty/Nm,Nm,Max140Text,0,1
pacs.004.001.15,/Document/PmtRtr/TxInf/OrgnlTxRef/UltmtCdtr/Pty/PstlAdr,PstlAdr,PostalAddress27,0,1
pacs.004.001.15,/Document/PmtRtr/TxInf/OrgnlTxRef/UltmtCdtr/Pty/PstlAdr/AdrTp,AdrTp,AddressType3Choice,0,1
pacs.004.001.15,/Document/PmtRtr/TxInf/OrgnlTxRef/UltmtCdtr/Pty/PstlAdr/AdrTp/Cd,Cd,AddressType2Code,1,1
pacs.004.001.15,/Document/PmtRtr/TxInf/OrgnlTxRef/UltmtCdtr/Pty/PstlAdr/AdrTp/Prtry,Prtry,GenericIdentification30,1,1
pacs.004.001.15,/Document/PmtRtr/TxInf/OrgnlTxRef/UltmtCdtr/Pty/PstlAdr/AdrTp/Prtry/Id,Id,Exact4AlphaNumericText,1,1
pacs.004.001.15,/Document/PmtRtr/TxInf/OrgnlTxRef/UltmtCdtr/Pty/PstlAdr/AdrTp/Prtry/Issr,Issr,Max35Text,1,1
pacs.004.001.15,/Document/PmtRtr/TxInf/OrgnlTxRef/UltmtCdtr/Pty/PstlAdr/AdrTp/Prtry/SchmeNm,SchmeNm,Max35Text,0,1
pacs.004.001.15,/Document/PmtRtr/TxInf/OrgnlTxRef/UltmtCdtr/Pty/PstlAdr/CareOf,CareOf,Max140Text,0,1
pacs.004.001.15,/Document/PmtRtr/TxInf/OrgnlTxRef/UltmtCdtr/Pty/PstlAdr/Dept,Dept,Max70Text,0,1
pacs.004.001.15,/Document/PmtRtr/TxInf/OrgnlTxRef/UltmtCdtr/Pty/PstlAdr/SubDept,SubDept,Max70Text,0,1
pacs.004.001.15,/Document/PmtRtr/TxInf/OrgnlTxRef/UltmtCdtr/Pty/PstlAdr/StrtNm,StrtNm,Max140Text,0,1
pacs.004.001.15,/Document/PmtRtr/TxInf/OrgnlTxRef/UltmtCdtr/Pty/PstlAdr/BldgNb,BldgNb,Max16Text,0,1
pacs.004.001.15,/Document/PmtRtr/TxInf/OrgnlTxRef/UltmtCdtr/Pty/PstlAdr/BldgNm,BldgNm,Max140Text,0,1
pacs.004.001.15,/Document/PmtRtr/TxInf/OrgnlTxRef/UltmtCdtr/Pty/PstlAdr/Flr,Flr,Max70Text,0,1
pacs.004.001.15,/Document/PmtRtr/TxInf/OrgnlTxRef/UltmtCdtr/Pty/PstlAdr/UnitNb,UnitNb,Max16Text,0,1
pacs.004.001.15,/Document/PmtRtr/TxInf/OrgnlTxRef/UltmtCdtr/Pty/PstlAdr/PstBx,PstBx,Max16Text,0,1
pacs.004.001.15,/Document/PmtRtr/TxInf/OrgnlTxRef/UltmtCdtr/Pty/PstlAdr/Room,Room,Max70Text,0,1
pacs.004.001.15,/Document/PmtRtr/TxInf/OrgnlTxRef/UltmtCdtr/Pty/PstlAdr/PstCd,PstCd,Max16Text,0,1
pacs.004.001.15,/Document/PmtRtr/TxInf/OrgnlTxRef/UltmtCdtr/Pty/PstlAdr/TwnNm,TwnNm,Max140Text,0,1
pacs.004.001.15,/Document/PmtRtr/TxInf/OrgnlTxRef/UltmtCdtr/Pty/PstlAdr/TwnLctnNm,TwnLctnNm,Max140Text,0,1
pacs.004.001.15,/Document/PmtRtr/TxInf/OrgnlTxRef/UltmtCdtr/Pty/PstlAdr/DstrctNm,DstrctNm,Max140Text,0,1
pacs.004.001.15,/Document/PmtRtr/TxInf/OrgnlTxRef/UltmtCdtr/Pty/PstlAdr/CtrySubDvsn,CtrySubDvsn,Max35Text,0,1
pacs.004.001.15,/Document/PmtRtr/TxInf/OrgnlTxRef/UltmtCdtr/Pty/PstlAdr/Ctry,Ctry,CountryCode,0,1
pacs.004.001.15,/Document/PmtRtr/TxInf/OrgnlTxRef/UltmtCdtr/Pty/PstlAdr/AdrLine,AdrLine,Max70Text,0,7
pacs.004.001.15,/Document/PmtRtr/TxInf/OrgnlTxRef/UltmtCdtr/Pty/Id,Id,Party52Choice,0,1
pacs.004.001.15,/Document/PmtRtr/TxInf/OrgnlTxRef/UltmtCdtr/Pty/Id/OrgId,OrgId,OrganisationIdentification39,1,1
pacs.004.001.15,/Document/PmtRtr/TxInf/OrgnlTxRef/UltmtCdtr/Pty/Id/OrgId/AnyBIC,AnyBIC,AnyBICDec2014Identifier,0,1
pacs.004.001.15,/Document/PmtRtr/TxInf/OrgnlTxRef/UltmtCdtr/Pty/Id/OrgId/LEI,LEI,LEIIdentifier,0,1
pacs.004.001.15,/Document/PmtRtr/TxInf/OrgnlTxRef/UltmtCdtr/Pty/Id/OrgId/Othr,Othr,GenericOrganisationIdentification3,0,
pacs.004.001.15,/Document/PmtRtr/TxInf/OrgnlTxRef/UltmtCdtr/Pty/Id/OrgId/Othr/Id,Id,Max256Text,1,1
pacs.004.001.15,/Document/PmtRtr/TxInf/OrgnlTxRef/UltmtCdtr/Pty/Id/OrgId/Othr/SchmeNm,SchmeNm,OrganisationIdentificationSchemeName1Choice,0,1
pacs.004.001.15,/Document/PmtRtr/TxInf/OrgnlTxRef/UltmtCdtr/Pty/Id/OrgId/Othr/SchmeNm/Cd,Cd,ExternalOrganisationIdentification1Code,1,1
pacs.004.001.15,/Document/PmtRtr/TxInf/OrgnlTxRef/UltmtCdtr/Pty/Id/OrgId/Othr/SchmeNm/Prtry,Prtry,Max35Text,1,1
pacs.004.001.15,/Document/PmtRtr/TxInf/OrgnlTxRef/UltmtCdtr/Pty/Id/OrgId/Othr/Issr,Issr,Max35Text,0,1
pacs.004.001.15,/Document/PmtRtr/TxInf/OrgnlTxRef/UltmtCdtr/Pty/Id/PrvtId,PrvtId,PersonIdentification18,1,1
pacs.004.001.15,/Document/PmtRtr/TxInf/OrgnlTxRef/UltmtCdtr/Pty/Id/PrvtId/DtAndPlcOfBirth,DtAndPlcOfBirth,DateAndPlaceOfBirth1,0,1
pacs.004.001.15,/Document/PmtRtr/TxInf/OrgnlTxRef/UltmtCdtr/Pty/Id/PrvtId/DtAndPlcOfBirth/BirthDt,BirthDt,ISODate,1,1
pacs.004.001.15,/Document/PmtRtr/TxInf/OrgnlTxRef/UltmtCdtr/Pty/Id/PrvtId/DtAndPlcOfBirth/PrvcOfBirth,PrvcOfBirth,Max35Text,0,1
pacs.004.001.15,/Document/PmtRtr/TxInf/OrgnlTxRef/UltmtCdtr/Pty/Id/PrvtId/DtAndPlcOfBirth/CityOfBirth,CityOfBirth,Max35Text,1,1
pacs.004.001.15,/Document/PmtRtr/TxInf/OrgnlTxRef/UltmtCdtr/Pty/Id/PrvtId/DtAndPlcOfBirth/CtryOfBirth,CtryOfBirth,CountryCode,1,1
pacs.004.001.15,/Document/PmtRtr/TxInf/OrgnlTxRef/UltmtCdtr/Pty/Id/PrvtId/Othr,Othr,GenericPersonIdentification2,0,
pacs.004.001.15,/Document/PmtRtr/TxInf/OrgnlTxRef/UltmtCdtr/Pty/Id/PrvtId/Othr/Id,Id,Max256Text,1,1
pacs.004.001.15,/Document/PmtRtr/TxInf/OrgnlTxRef/UltmtCdtr/Pty/Id/PrvtId/Othr/SchmeNm,SchmeNm,PersonIdentificationSchemeName1Choice,0,1
pacs.004.001.15,/Document/PmtRtr/TxInf/OrgnlTxRef/UltmtCdtr/Pty/Id/PrvtId/Othr/SchmeNm/Cd,Cd,ExternalPersonIdentification1Code,1,1
pacs.004.001.15,/Document/PmtRtr/TxInf/OrgnlTxRef/UltmtCdtr/Pty/Id/PrvtId/Othr/SchmeNm/Prtry,Prtry,Max35Text,1,1
pacs.004.001.15,/Document/PmtRtr/TxInf/OrgnlTxRef/UltmtCdtr/Pty/Id/PrvtId/Othr/Issr,Issr,Max35Text,0,1
pacs.004.001.15,/Document/PmtRtr/TxInf/OrgnlTxRef/UltmtCdtr/Pty/CtryOfRes,CtryOfRes,CountryCode,0,1
pacs.004.001.15,/Document/PmtRtr/TxInf/OrgnlTxRef/UltmtCdtr/Pty/CtctDtls,CtctDtls,Contact13,0,1
pacs.004.001.15,/Document/PmtRtr/TxInf/OrgnlTxRef/UltmtCdtr/Pty/CtctDtls/NmPrfx,NmPrfx,NamePrefix2Code,0,1
pacs.004.001.15,/Document/PmtRtr/TxInf/OrgnlTxRef/UltmtCdtr/Pty/CtctDtls/Nm,Nm,Max140Text,0,1
pacs.004.001.15,/Document/PmtRtr/TxInf/OrgnlTxRef/UltmtCdtr/Pty/CtctDtls/PhneNb,PhneNb,PhoneNumber,0,1
pacs.004.001.15,/Document/PmtRtr/TxInf/OrgnlTxRef/UltmtCdtr/Pty/CtctDtls/MobNb,MobNb,PhoneNumber,0,1
pacs.004.001.15,/Document/PmtRtr/TxInf/OrgnlTxRef/UltmtCdtr/Pty/CtctDtls/FaxNb,FaxNb,PhoneNumber,0,1
pacs.004.001.15,/Document/PmtRtr/TxInf/OrgnlTxRef/UltmtCdtr/Pty/CtctDtls/URLAdr,URLAdr,Max2048Text,0,1
pacs.004.001.15,/Document/PmtRtr/TxInf/OrgnlTxRef/UltmtCdtr/Pty/CtctDtls/EmailAdr,EmailAdr,Max256Text,0,1
pacs.004.001.15,/Document/PmtRtr/TxInf/OrgnlTxRef/UltmtCdtr/Pty/CtctDtls/EmailPurp,EmailPurp,Max35Text,0,1
pacs.004.001.15,/Document/PmtRtr/TxInf/OrgnlTxRef/UltmtCdtr/Pty/CtctDtls/JobTitl,JobTitl,Max35Text,0,1
pacs.004.001.15,/Document/PmtRtr/TxInf/OrgnlTxRef/UltmtCdtr/Pty/CtctDtls/Rspnsblty,Rspnsblty,Max35Text,0,1
pacs.004.001.15,/Document/PmtRtr/TxInf/OrgnlTxRef/UltmtCdtr/Pty/CtctDtls/Dept,Dept,Max70Text,0,1
pacs.004.001.15,/Document/PmtRtr/TxInf/OrgnlTxRef/UltmtCdtr/Pty/CtctDtls/Othr,Othr,OtherContact1,0,
pacs.004.001.15,/Document/PmtRtr/TxInf/OrgnlTxRef/UltmtCdtr/Pty/CtctDtls/Othr/ChanlTp,ChanlTp,Max4Text,1,1
pacs.004.001.15,/Document/PmtRtr/TxInf/OrgnlTxRef/UltmtCdtr/Pty/CtctDtls/Othr/Id,Id,Max128Text,0,1
pacs.004.001.15,/Document/PmtRtr/TxInf/OrgnlTxRef/UltmtCdtr/Pty/CtctDtls/PrefrdMtd,PrefrdMtd,PreferredContactMethod2Code,0,1
pacs.004.001.15,/Document/PmtRtr/TxInf/OrgnlTxRef/UltmtCdtr/Agt,Agt,BranchAndFinancialInstitutionIdentification8,1,1
pacs.004.001.15,/Document/PmtRtr/TxInf/OrgnlTxRef/UltmtCdtr/Agt/FinInstnId,FinInstnId,FinancialInstitutionIdentification23,1,1
pacs.004.001.15,/Document/PmtRtr/TxInf/OrgnlTxRef/UltmtCdtr/Agt/FinInstnId/BICFI,BICFI,BICFIDec2014Identifier,0,1
pacs.004.001.15,/Document/PmtRtr/TxInf/OrgnlTxRef/UltmtCdtr/Agt/FinInstnId/ClrSysMmbId,ClrSysMmbId,ClearingSystemMemberIdentification2,0,1
pacs.004.001.15,/Document/PmtRtr/TxInf/OrgnlTxRef/UltmtCdtr/Agt/FinInstnId/ClrSysMmbId/ClrSysId,ClrSysId,ClearingSystemIdentification2Choice,0,1
pacs.004.001.15,/Document/PmtRtr/TxInf/OrgnlTxRef/UltmtCdtr/Agt/FinInstnId/ClrSysMmbId/ClrSysId/Cd,Cd,ExternalClearingSystemIdentification1Code,1,1
pacs.004.001.15,/Document/PmtRtr/TxInf/OrgnlTxRef/UltmtCdtr/Agt/FinInstnId/ClrSysMmbId/ClrSysId/Prtry,Prtry,Max35Text,1,1
pacs.004.001.15,/Document/PmtRtr/TxInf/OrgnlTxRef/UltmtCdtr/Agt/FinInstnId/ClrSysMmbId/MmbId,MmbId,Max35Text,1,1
pacs.004.001.15,/Document/PmtRtr/TxInf/OrgnlTxRef/UltmtCdtr/Agt/FinInstnId/LEI,LEI,LEIIdentifier,0,1
pacs.004.001.15,/Document/PmtRtr/TxInf/OrgnlTxRef/UltmtCdtr/Agt/FinInstnId/Nm,Nm,Max140Text,0,1
pacs.004.001.15,/Document/PmtRtr/TxInf/OrgnlTxRef/UltmtCdtr/Agt/FinInstnId/PstlAdr,PstlAdr,PostalAddress27,0,1
pacs.004.001.15,/Document/PmtRtr/TxInf/OrgnlTxRef/UltmtCdtr/Agt/FinInstnId/PstlAdr/AdrTp,AdrTp,AddressType3Choice,0,1
pacs.004.001.15,/Document/PmtRtr/TxInf/OrgnlTxRef/UltmtCdtr/Agt/FinInstnId/PstlAdr/AdrTp/Cd,Cd,AddressType2Code,1,1
pacs.004.001.15,/Document/PmtRtr/TxInf/OrgnlTxRef/UltmtCdtr/Agt/FinInstnId/PstlAdr/AdrTp/Prtry,Prtry,GenericIdentification30,1,1
pacs.004.001.15,/Document/PmtRtr/TxInf/OrgnlTxRef/UltmtCdtr/Agt/FinInstnId/PstlAdr/AdrTp/Prtry/Id,Id,Exact4AlphaNumericText,1,1
pacs.004.001.15,/Document/PmtRtr/TxInf/OrgnlTxRef/UltmtCdtr/Agt/FinInstnId/PstlAdr/AdrTp/Prtry/Issr,Issr,Max35Text,1,1
pacs.004.001.15,/Document/PmtRtr/TxInf/OrgnlTxRef/UltmtCdtr/Agt/FinInstnId/PstlAdr/AdrTp/Prtry/SchmeNm,SchmeNm,Max35Text,0,1
pacs.004.001.15,/Document/PmtRtr/TxInf/OrgnlTxRef/UltmtCdtr/Agt/FinInstnId/PstlAdr/CareOf,CareOf,Max140Text,0,1
pacs.004.001.15,/Document/PmtRtr/TxInf/OrgnlTxRef/UltmtCdtr/Agt/FinInstnId/PstlAdr/Dept,Dept,Max70Text,0,1
pacs.004.001.15,/Document/PmtRtr/TxInf/OrgnlTxRef/UltmtCdtr/Agt/FinInstnId/PstlAdr/SubDept,SubDept,Max70Text,0,1
pacs.004.001.15,/Document/PmtRtr/TxInf/OrgnlTxRef/UltmtCdtr/Agt/FinInstnId/PstlAdr/StrtNm,StrtNm,Max140Text,0,1
pacs.004.001.15,/Document/PmtRtr/TxInf/OrgnlTxRef/UltmtCdtr/Agt/FinInstnId/PstlAdr/BldgNb,BldgNb,Max16Text,0,1
pacs.004.001.15,/Document/PmtRtr/TxInf/OrgnlTxRef/UltmtCdtr/Agt/FinInstnId/PstlAdr/BldgNm,BldgNm,Max140Text,0,1
pacs.004.001.15,/Document/PmtRtr/TxInf/OrgnlTxRef/UltmtCdtr/Agt/FinInstnId/PstlAdr/Flr,Flr,Max70Text,0,1
pacs.004.001.15,/Document/PmtRtr/TxInf/OrgnlTxRef/UltmtCdtr/Agt/FinInstnId/PstlAdr/UnitNb,UnitNb,Max16Text,0,1
pacs.004.001.15,/Document/PmtRtr/TxInf/OrgnlTxRef/UltmtCdtr/Agt/FinInstnId/PstlAdr/PstBx,PstBx,Max16Text,0,1
pacs.004.001.15,/Document/PmtRtr/TxInf/OrgnlTxRef/UltmtCdtr/Agt/FinInstnId/PstlAdr/Room,Room,Max70Text,0,1
pacs.004.001.15,/Document/PmtRtr/TxInf/OrgnlTxRef/UltmtCdtr/Agt/FinInstnId/PstlAdr/PstCd,PstCd,Max16Text,0,1
pacs.004.001.15,/Document/PmtRtr/TxInf/OrgnlTxRef/UltmtCdtr/Agt/FinInstnId/PstlAdr/TwnNm,TwnNm,Max140Text,0,1
pacs.004.001.15,/Document/PmtRtr/TxInf/OrgnlTxRef/UltmtCdtr/Agt/FinInstnId/PstlAdr/TwnLctnNm,TwnLctnNm,Max140Text,0,1
pacs.004.001.15,/Document/PmtRtr/TxInf/OrgnlTxRef/UltmtCdtr/Agt/FinInstnId/PstlAdr/DstrctNm,DstrctNm,Max140Text,0,1
pacs.004.001.15,/Document/PmtRtr/TxInf/OrgnlTxRef/UltmtCdtr/Agt/FinInstnId/PstlAdr/CtrySubDvsn,CtrySubDvsn,Max35Text,0,1
pacs.004.001.15,/Document/PmtRtr/TxInf/OrgnlTxRef/UltmtCdtr/Agt/FinInstnId/PstlAdr/Ctry,Ctry,CountryCode,0,1
pacs.004.001.15,/Document/PmtRtr/TxInf/OrgnlTxRef/UltmtCdtr/Agt/FinInstnId/PstlAdr/AdrLine,AdrLine,Max70Text,0,7
pacs.004.001.15,/Document/PmtRtr/TxInf/OrgnlTxRef/UltmtCdtr/Agt/FinInstnId/Othr,Othr,GenericFinancialIdentification1,0,1
pacs.004.001.15,/Document/PmtRtr/TxInf/OrgnlTxRef/UltmtCdtr/Agt/FinInstnId/Othr/Id,Id,Max35Text,1,1
pacs.004.001.15,/Document/PmtRtr/TxInf/OrgnlTxRef/UltmtCdtr/Agt/FinInstnId/Othr/SchmeNm,SchmeNm,FinancialIdentificationSchemeName1Choice,0,1
pacs.004.001.15,/Document/PmtRtr/TxInf/OrgnlTxRef/UltmtCdtr/Agt/FinInstnId/Othr/SchmeNm/Cd,Cd,ExternalFinancialInstitutionIdentification1Code,1,1
pacs.004.001.15,/Document/PmtRtr/TxInf/OrgnlTxRef/UltmtCdtr/Agt/FinInstnId/Othr/SchmeNm/Prtry,Prtry,Max35Text,1,1
pacs.004.001.15,/Document/PmtRtr/TxInf/OrgnlTxRef/UltmtCdtr/Agt/FinInstnId/Othr/Issr,Issr,Max35Text,0,1
pacs.004.001.15,/Document/PmtRtr/TxInf/OrgnlTxRef/UltmtCdtr/Agt/BrnchId,BrnchId,BranchData5,0,1
pacs.004.001.15,/Document/PmtRtr/TxInf/OrgnlTxRef/UltmtCdtr/Agt/BrnchId/Id,Id,Max35Text,0,1
pacs.004.001.15,/Document/PmtRtr/TxInf/OrgnlTxRef/UltmtCdtr/Agt/BrnchId/LEI,LEI,LEIIdentifier,0,1
pacs.004.001.15,/Document/PmtRtr/TxInf/OrgnlTxRef/UltmtCdtr/Agt/BrnchId/Nm,Nm,Max140Text,0,1
pacs.004.001.15,/Document/PmtRtr/TxInf/OrgnlTxRef/UltmtCdtr/Agt/BrnchId/PstlAdr,PstlAdr,PostalAddress27,0,1
pacs.004.001.15,/Document/PmtRtr/TxInf/OrgnlTxRef/UltmtCdtr/Agt/BrnchId/PstlAdr/AdrTp,AdrTp,AddressType3Choice,0,1
pacs.004.001.15,/Document/PmtRtr/TxInf/OrgnlTxRef/UltmtCdtr/Agt/BrnchId/PstlAdr/AdrTp/Cd,Cd,AddressType2Code,1,1
pacs.004.001.15,/Document/PmtRtr/TxInf/OrgnlTxRef/UltmtCdtr/Agt/BrnchId/PstlAdr/AdrTp/Prtry,Prtry,GenericIdentification30,1,1
pacs.004.001.15,/Document/PmtRtr/TxInf/OrgnlTxRef/UltmtCdtr/Agt/BrnchId/PstlAdr/AdrTp/Prtry/Id,Id,Exact4AlphaNumericText,1,1
pacs.004.001.15,/Document/PmtRtr/TxInf/OrgnlTxRef/UltmtCdtr/Agt/BrnchId/PstlAdr/AdrTp/Prtry/Issr,Issr,Max35Text,1,1
pacs.004.001.15,/Document/PmtRtr/TxInf/OrgnlTxRef/UltmtCdtr/Agt/BrnchId/PstlAdr/AdrTp/Prtry/SchmeNm,SchmeNm,Max35Text,0,1
pacs.004.001.15,/Document/PmtRtr/TxInf/OrgnlTxRef/UltmtCdtr/Agt/BrnchId/PstlAdr/CareOf,CareOf,Max140Text,0,1
pacs.004.001.15,/Document/PmtRtr/TxInf/OrgnlTxRef/UltmtCdtr/Agt/BrnchId/PstlAdr/Dept,Dept,Max70Text,0,1
pacs.004.001.15,/Document/PmtRtr/TxInf/OrgnlTxRef/UltmtCdtr/Agt/BrnchId/PstlAdr/SubDept,SubDept,Max70Text,0,1
pacs.004.001.15,/Document/PmtRtr/TxInf/OrgnlTxRef/UltmtCdtr/Agt/BrnchId/PstlAdr/StrtNm,StrtNm,Max140Text,0,1
pacs.004.001.15,/Document/PmtRtr/TxInf/OrgnlTxRef/UltmtCdtr/Agt/BrnchId/PstlAdr/BldgNb,BldgNb,Max16Text,0,1
pacs.004.001.15,/Document/PmtRtr/TxInf/OrgnlTxRef/UltmtCdtr/Agt/BrnchId/PstlAdr/BldgNm,BldgNm,Max140Text,0,1
pacs.004.001.15,/Document/PmtRtr/TxInf/OrgnlTxRef/UltmtCdtr/Agt/BrnchId/PstlAdr/Flr,Flr,Max70Text,0,1
pacs.004.001.15,/Document/PmtRtr/TxInf/OrgnlTxRef/UltmtCdtr/Agt/BrnchId/PstlAdr/UnitNb,UnitNb,Max16Text,0,1
pacs.004.001.15,/Document/PmtRtr/TxInf/OrgnlTxRef/UltmtCdtr/Agt/BrnchId/PstlAdr/PstBx,PstBx,Max16Text,0,1
pacs.004.001.15,/Document/PmtRtr/TxInf/OrgnlTxRef/UltmtCdtr/Agt/BrnchId/PstlAdr/Room,Room,Max70Text,0,1
pacs.004.001.15,/Document/PmtRtr/TxInf/OrgnlTxRef/UltmtCdtr/Agt/BrnchId/PstlAdr/PstCd,PstCd,Max16Text,0,1
pacs.004.001.15,/Document/PmtRtr/TxInf/OrgnlTxRef/UltmtCdtr/Agt/BrnchId/PstlAdr/TwnNm,TwnNm,Max140Text,0,1
pacs.004.001.15,/Document/PmtRtr/TxInf/OrgnlTxRef/UltmtCdtr/Agt/BrnchId/PstlAdr/TwnLctnNm,TwnLctnNm,Max140Text,0,1
pacs.004.001.15,/Document/PmtRtr/TxInf/OrgnlTxRef/UltmtCdtr/Agt/BrnchId/PstlAdr/DstrctNm,DstrctNm,Max140Text,0,1
pacs.004.001.15,/Document/PmtRtr/TxInf/OrgnlTxRef/UltmtCdtr/Agt/BrnchId/PstlAdr/CtrySubDvsn,CtrySubDvsn,Max35Text,0,1
pacs.004.001.15,/Document/PmtRtr/TxInf/OrgnlTxRef/UltmtCdtr/Agt/BrnchId/PstlAdr/Ctry,Ctry,CountryCode,0,1
pacs.004.001.15,/Document/PmtRtr/TxInf/OrgnlTxRef/UltmtCdtr/Agt/BrnchId/PstlAdr/AdrLine,AdrLine,Max70Text,0,7
pacs.004.001.15,/Document/PmtRtr/TxInf/OrgnlTxRef/Purp,Purp,Purpose2Choice,0,1
pacs.004.001.15,/Document/PmtRtr/TxInf/OrgnlTxRef/Purp/Cd,Cd,ExternalPurpose1Code,1,1
pacs.004.001.15,/Document/PmtRtr/TxInf/OrgnlTxRef/Purp/Prtry,Prtry,Max35Text,1,1
pacs.004.001.15,/Document/PmtRtr/TxInf/OrgnlTxRef/UndrlygCstmrCdtTrf,UndrlygCstmrCdtTrf,CreditTransferTransaction72,0,1
pacs.004.001.15,/Document/PmtRtr/TxInf/OrgnlTxRef/UndrlygCstmrCdtTrf/PmtId,PmtId,PaymentIdentification13,0,1
pacs.004.001.15,/Document/PmtRtr/TxInf/OrgnlTxRef/UndrlygCstmrCdtTrf/PmtId/InstrId,InstrId,Max35Text,0,1
pacs.004.001.15,/Document/PmtRtr/TxInf/OrgnlTxRef/UndrlygCstmrCdtTrf/PmtId/EndToEndId,EndToEndId,Max35Text,1,1
pacs.004.001.15,/Document/PmtRtr/TxInf/OrgnlTxRef/UndrlygCstmrCdtTrf/PmtId/TxId,TxId,Max35Text,0,1
pacs.004.001.15,/Document/PmtRtr/TxInf/OrgnlTxRef/UndrlygCstmrCdtTrf/PmtId/UETR,UETR,UUIDv4Identifier,0,1
pacs.004.001.15,/Document/PmtRtr/TxInf/OrgnlTxRef/UndrlygCstmrCdtTrf/PmtId/ClrSysRef,ClrSysRef,Max35Text,0,1
pacs.004.001.15,/Document/PmtRtr/TxInf/OrgnlTxRef/UndrlygCstmrCdtTrf/PmtTpInf,PmtTpInf,PaymentTypeInformation28,0,1
pacs.004.001.15,/Document/PmtRtr/TxInf/OrgnlTxRef/UndrlygCstmrCdtTrf/PmtTpInf/InstrPrty,InstrPrty,Priority2Code,0,1
pacs.004.001.15,/Document/PmtRtr/TxInf/OrgnlTxRef/UndrlygCstmrCdtTrf/PmtTpInf/ClrChanl,ClrChanl,ClearingChannel2Code,0,1
pacs.004.001.15,/Document/PmtRtr/TxInf/OrgnlTxRef/UndrlygCstmrCdtTrf/PmtTpInf/SvcLvl,SvcLvl,ServiceLevel8Choice,0,
pacs.004.001.15,/Document/PmtRtr/TxInf/OrgnlTxRef/UndrlygCstmrCdtTrf/PmtTpInf/SvcLvl/Cd,Cd,ExternalServiceLevel1Code,1,1
pacs.004.001.15,/Document/PmtRtr/TxInf/OrgnlTxRef/UndrlygCstmrCdtTrf/PmtTpInf/SvcLvl/Prtry,Prtry,Max35Text,1,1
pacs.004.001.15,/Document/PmtRtr/TxInf/OrgnlTxRef/UndrlygCstmrCdtTrf/PmtTpInf/LclInstrm,LclInstrm,LocalInstrument2Choice,0,1
pacs.004.001.15,/Document/PmtRtr/TxInf/OrgnlTxRef/UndrlygCstmrCdtTrf/PmtTpInf/LclInstrm/Cd,Cd,ExternalLocalInstrument1Code,1,1
pacs.004.001.15,/Document/PmtRtr/TxInf/OrgnlTxRef/UndrlygCstmrCdtTrf/PmtTpInf/LclInstrm/Prtry,Prtry,Max35Text,1,1
pacs.004.001.15,/Document/PmtRtr/TxInf/OrgnlTxRef/UndrlygCstmrCdtTrf/PmtTpInf/CtgyPurp,CtgyPurp,CategoryPurpose1Choice,0,1
pacs.004.001.15,/Document/PmtRtr/TxInf/OrgnlTxRef/UndrlygCstmrCdtTrf/PmtTpInf/CtgyPurp/Cd,Cd,ExternalCategoryPurpose1Code,1,1
pacs.004.001.15,/Document/PmtRtr/TxInf/OrgnlTxRef/UndrlygCstmrCdtTrf/PmtTpInf/CtgyPurp/Prtry,Prtry,Max35Text,1,1
pacs.004.001.15,/Document/PmtRtr/TxInf/OrgnlTxRef/UndrlygCstmrCdtTrf/UltmtDbtr,UltmtDbtr,PartyIdentification272,0,1
pacs.004.001.15,/Document/PmtRtr/TxInf/OrgnlTxRef/UndrlygCstmrCdtTrf/UltmtDbtr/Nm,Nm,Max140Text,0,1
pacs.004.001.15,/Document/PmtRtr/TxInf/OrgnlTxRef/UndrlygCstmrCdtTrf/UltmtDbtr/PstlAdr,PstlAdr,PostalAddress27,0,1
pacs.004.001.15,/Document/PmtRtr/TxInf/OrgnlTxRef/UndrlygCstmrCdtTrf/UltmtDbtr/PstlAdr/AdrTp,AdrTp,AddressType3Choice,0,1
pacs.004.001.15,/Document/PmtRtr/TxInf/OrgnlTxRef/UndrlygCstmrCdtTrf/UltmtDbtr/PstlAdr/AdrTp/Cd,Cd,AddressType2Code,1,1
pacs.004.001.15,/Document/PmtRtr/TxInf/OrgnlTxRef/UndrlygCstmrCdtTrf/UltmtDbtr/PstlAdr/AdrTp/Prtry,Prtry,GenericIdentification30,1,1
pacs.004.001.15,/Document/PmtRtr/TxInf/OrgnlTxRef/UndrlygCstmrCdtTrf/UltmtDbtr/PstlAdr/AdrTp/Prtry/Id,Id,Exact4AlphaNumericText,1,1
pacs.004.001.15,/Document/PmtRtr/TxInf/OrgnlTxRef/UndrlygCstmrCdtTrf/UltmtDbtr/PstlAdr/AdrTp/Prtry/Issr,Issr,Max35Text,1,1
pacs.004.001.15,/Document/PmtRtr/TxInf/OrgnlTxRef/UndrlygCstmrCdtTrf/UltmtDbtr/PstlAdr/AdrTp/Prtry/SchmeNm,SchmeNm,Max35Text,0,1
pacs.004.001.15,/Document/PmtRtr/TxInf/OrgnlTxRef/UndrlygCstmrCdtTrf/UltmtDbtr/PstlAdr/CareOf,CareOf,Max140Text,0,1
pacs.004.001.15,/Document/PmtRtr/TxInf/OrgnlTxRef/UndrlygCstmrCdtTrf/UltmtDbtr/PstlAdr/Dept,Dept,Max70Text,0,1
pacs.004.001.15,/Document/PmtRtr/TxInf/OrgnlTxRef/UndrlygCstmrCdtTrf/UltmtDbtr/PstlAdr/SubDept,SubDept,Max70Text,0,1
pacs.004.001.15,/Document/PmtRtr/TxInf/OrgnlTxRef/UndrlygCstmrCdtTrf/UltmtDbtr/PstlAdr/StrtNm,StrtNm,Max140Text,0,1
pacs.004.001.15,/Document/PmtRtr/TxInf/OrgnlTxRef/UndrlygCstmrCdtTrf/UltmtDbtr/PstlAdr/BldgNb,BldgNb,Max16Text,0,1
pacs.004.001.15,/Document/PmtRtr/TxInf/OrgnlTxRef/UndrlygCstmrCdtTrf/UltmtDbtr/PstlAdr/BldgNm,BldgNm,Max140Text,0,1
pacs.004.001.15,/Document/PmtRtr/TxInf/OrgnlTxRef/UndrlygCstmrCdtTrf/UltmtDbtr/PstlAdr/Flr,Flr,Max70Text,0,1
pacs.004.001.15,/Document/PmtRtr/TxInf/OrgnlTxRef/UndrlygCstmrCdtTrf/UltmtDbtr/PstlAdr/UnitNb,UnitNb,Max16Text,0,1
pacs.004.001.15,/Document/PmtRtr/TxInf/OrgnlTxRef/UndrlygCstmrCdtTrf/UltmtDbtr/PstlAdr/PstBx,PstBx,Max16Text,0,1
pacs.004.001.15,/Document/PmtRtr/TxInf/OrgnlTxRef/UndrlygCstmrCdtTrf/UltmtDbtr/PstlAdr/Room,Room,Max70Text,0,1
pacs.004.001.15,/Document/PmtRtr/TxInf/OrgnlTxRef/UndrlygCstmrCdtTrf/UltmtDbtr/PstlAdr/PstCd,PstCd,Max16Text,0,1
pacs.004.001.15,/Document/PmtRtr/TxInf/OrgnlTxRef/UndrlygCstmrCdtTrf/UltmtDbtr/PstlAdr/TwnNm,TwnNm,Max140Text,0,1
pacs.004.001.15,/Document/PmtRtr/TxInf/OrgnlTxRef/UndrlygCstmrCdtTrf/UltmtDbtr/PstlAdr/TwnLctnNm,TwnLctnNm,Max140Text,0,1
pacs.004.001.15,/Document/PmtRtr/TxInf/OrgnlTxRef/UndrlygCstmrCdtTrf/UltmtDbtr/PstlAdr/DstrctNm,DstrctNm,Max140Text,0,1
pacs.004.001.15,/Document/PmtRtr/TxInf/OrgnlTxRef/UndrlygCstmrCdtTrf/UltmtDbtr/PstlAdr/CtrySubDvsn,CtrySubDvsn,Max35Text,0,1
pacs.004.001.15,/Document/PmtRtr/TxInf/OrgnlTxRef/UndrlygCstmrCdtTrf/UltmtDbtr/PstlAdr/Ctry,Ctry,CountryCode,0,1
pacs.004.001.15,/Document/PmtRtr/TxInf/OrgnlTxRef/UndrlygCstmrCdtTrf/UltmtDbtr/PstlAdr/AdrLine,AdrLine,Max70Text,0,7
pacs.004.001.15,/Document/PmtRtr/TxInf/OrgnlTxRef/UndrlygCstmrCdtTrf/UltmtDbtr/Id,Id,Party52Choice,0,1
pacs.004.001.15,/Document/PmtRtr/TxInf/OrgnlTxRef/UndrlygCstmrCdtTrf/UltmtDbtr/Id/OrgId,OrgId,OrganisationIdentification39,1,1
pacs.004.001.15,/Document/PmtRtr/TxInf/OrgnlTxRef/UndrlygCstmrCdtTrf/UltmtDbtr/Id/OrgId/AnyBIC,AnyBIC,AnyBICDec2014Identifier,0,1
pacs.004.001.15,/Document/PmtRtr/TxInf/OrgnlTxRef/UndrlygCstmrCdtTrf/UltmtDbtr/Id/OrgId/LEI,LEI,LEIIdentifier,0,1
pacs.004.001.15,/Document/PmtRtr/TxInf/OrgnlTxRef/UndrlygCstmrCdtTrf/UltmtDbtr/Id/OrgId/Othr,Othr,GenericOrganisationIdentification3,0,
pacs.004.001.15,/Document/PmtRtr/TxInf/OrgnlTxRef/UndrlygCstmrCdtTrf/UltmtDbtr/Id/OrgId/Othr/Id,Id,Max256Text,1,1
pacs.004.001.15,/Document/PmtRtr/TxInf/OrgnlTxRef/UndrlygCstmrCdtTrf/UltmtDbtr/Id/OrgId/Othr/SchmeNm,SchmeNm,OrganisationIdentificationSchemeName1Choice,0,1
pacs.004.001.15,/Document/PmtRtr/TxInf/OrgnlTxRef/UndrlygCstmrCdtTrf/UltmtDbtr/Id/OrgId/Othr/SchmeNm/Cd,Cd,ExternalOrganisationIdentification1Code,1,1
pacs.004.001.15,/Document/PmtRtr/TxInf/OrgnlTxRef/UndrlygCstmrCdtTrf/UltmtDbtr/Id/OrgId/Othr/SchmeNm/Prtry,Prtry,Max35Text,1,1
pacs.004.001.15,/Document/PmtRtr/TxInf/OrgnlTxRef/UndrlygCstmrCdtTrf/UltmtDbtr/Id/OrgId/Othr/Issr,Issr,Max35Text,0,1
pacs.004.001.15,/Document/PmtRtr/TxInf/OrgnlTxRef/UndrlygCstmrCdtTrf/UltmtDbtr/Id/PrvtId,PrvtId,PersonIdentification18,1,1
pacs.004.001.15,/Document/PmtRtr/TxInf/OrgnlTxRef/UndrlygCstmrCdtTrf/UltmtDbtr/Id/PrvtId/DtAndPlcOfBirth,DtAndPlcOfBirth,DateAndPlaceOfBirth1,0,1
pacs.004.001.15,/Document/PmtRtr/TxInf/OrgnlTxRef/UndrlygCstmrCdtTrf/UltmtDbtr/Id/PrvtId/DtAndPlcOfBirth/BirthDt,BirthDt,ISODate,1,1
pacs.004.001.15,/Document/PmtRtr/TxInf/OrgnlTxRef/UndrlygCstmrCdtTrf/UltmtDbtr/Id/PrvtId/DtAndPlcOfBirth/PrvcOfBirth,PrvcOfBirth,Max35Text,0,1
pacs.004.001.15,/Document/PmtRtr/TxInf/OrgnlTxRef/UndrlygCstmrCdtTrf/UltmtDbtr/Id/PrvtId/DtAndPlcOfBirth/CityOfBirth,CityOfBirth,Max35Text,1,1
pacs.004.001.15,/Document/PmtRtr/TxInf/OrgnlTxRef/UndrlygCstmrCdtTrf/UltmtDbtr/Id/PrvtId/DtAndPlcOfBirth/CtryOfBirth,CtryOfBirth,CountryCode,1,1
pacs.004.001.15,/Document/PmtRtr/TxInf/OrgnlTxRef/UndrlygCstmrCdtTrf/UltmtDbtr/Id/PrvtId/Othr,Othr,GenericPersonIdentification2,0,
pacs.004.001.15,/Document/PmtRtr/TxInf/OrgnlTxRef/UndrlygCstmrCdtTrf/UltmtDbtr/Id/PrvtId/Othr/Id,Id,Max256Text,1,1
pacs.004.001.15,/Document/PmtRtr/TxInf/OrgnlTxRef/UndrlygCstmrCdtTrf/UltmtDbtr/Id/PrvtId/Othr/SchmeNm,SchmeNm,PersonIdentificationSchemeName1Choice,0,1
pacs.004.001.15,/Document/PmtRtr/TxInf/OrgnlTxRef/UndrlygCstmrCdtTrf/UltmtDbtr/Id/PrvtId/Othr/SchmeNm/Cd,Cd,ExternalPersonIdentification1Code,1,1
pacs.004.001.15,/Document/PmtRtr/TxInf/OrgnlTxRef/UndrlygCstmrCdtTrf/UltmtDbtr/Id/PrvtId/Othr/SchmeNm/Prtry,Prtry,Max35Text,1,1
pacs.004.001.15,/Document/PmtRtr/TxInf/OrgnlTxRef/UndrlygCstmrCdtTrf/UltmtDbtr/Id/PrvtId/Othr/Issr,Issr,Max35Text,0,1
pacs.004.001.15,/Document/PmtRtr/TxInf/OrgnlTxRef/UndrlygCstmrCdtTrf/UltmtDbtr/CtryOfRes,CtryOfRes,CountryCode,0,1
pacs.004.001.15,/Document/PmtRtr/TxInf/OrgnlTxRef/UndrlygCstmrCdtTrf/UltmtDbtr/CtctDtls,CtctDtls,Contact13,0,1
pacs.004.001.15,/Document/PmtRtr/TxInf/OrgnlTxRef/UndrlygCstmrCdtTrf/UltmtDbtr/CtctDtls/NmPrfx,NmPrfx,NamePrefix2Code,0,1
pacs.004.001.15,/Document/PmtRtr/TxInf/OrgnlTxRef/UndrlygCstmrCdtTrf/UltmtDbtr/CtctDtls/Nm,Nm,Max140Text,0,1
pacs.004.001.15,/Document/PmtRtr/TxInf/OrgnlTxRef/UndrlygCstmrCdtTrf/UltmtDbtr/CtctDtls/PhneNb,PhneNb,PhoneNumber,0,1
pacs.004.001.15,/Document/PmtRtr/TxInf/OrgnlTxRef/UndrlygCstmrCdtTrf/UltmtDbtr/CtctDtls/MobNb,MobNb,PhoneNumber,0,1
pacs.004.001.15,/Document/PmtRtr/TxInf/OrgnlTxRef/UndrlygCstmrCdtTrf/UltmtDbtr/CtctDtls/FaxNb,FaxNb,PhoneNumber,0,1
pacs.004.001.15,/Document/PmtRtr/TxInf/OrgnlTxRef/UndrlygCstmrCdtTrf/UltmtDbtr/CtctDtls/URLAdr,URLAdr,Max2048Text,0,1
pacs.004.001.15,/Document/PmtRtr/TxInf/OrgnlTxRef/UndrlygCstmrCdtTrf/UltmtDbtr/CtctDtls/EmailAdr,EmailAdr,Max256Text,0,1
pacs.004.001.15,/Document/PmtRtr/TxInf/OrgnlTxRef/UndrlygCstmrCdtTrf/UltmtDbtr/CtctDtls/EmailPurp,EmailPurp,Max35Text,0,1
pacs.004.001.15,/Document/PmtRtr/TxInf/OrgnlTxRef/UndrlygCstmrCdtTrf/UltmtDbtr/CtctDtls/JobTitl,JobTitl,Max35Text,0,1
pacs.004.001.15,/Document/PmtRtr/TxInf/OrgnlTxRef/UndrlygCstmrCdtTrf/UltmtDbtr/CtctDtls/Rspnsblty,Rspnsblty,Max35Text,0,1
pacs.004.001.15,/Document/PmtRtr/TxInf/OrgnlTxRef/UndrlygCstmrCdtTrf/UltmtDbtr/CtctDtls/Dept,Dept,Max70Text,0,1
pacs.004.001.15,/Document/PmtRtr/TxInf/OrgnlTxRef/UndrlygCstmrCdtTrf/UltmtDbtr/CtctDtls/Othr,Othr,OtherContact1,0,
pacs.004.001.15,/Document/PmtRtr/TxInf/OrgnlTxRef/UndrlygCstmrCdtTrf/UltmtDbtr/CtctDtls/Othr/ChanlTp,ChanlTp,Max4Text,1,1
pacs.004.001.15,/Document/PmtRtr/TxInf/OrgnlTxRef/UndrlygCstmrCdtTrf/UltmtDbtr/CtctDtls/Othr/Id,Id,Max128Text,0,1
pacs.004.001.15,/Document/PmtRtr/TxInf/OrgnlTxRef/UndrlygCstmrCdtTrf/UltmtDbtr/CtctDtls/PrefrdMtd,PrefrdMtd,PreferredContactMethod2Code,0,1
pacs.004.001.15,/Document/PmtRtr/TxInf/OrgnlTxRef/UndrlygCstmrCdtTrf/InitgPty,InitgPty,PartyIdentification272,0,1
pacs.004.001.15,/Document/PmtRtr/TxInf/OrgnlTxRef/UndrlygCstmrCdtTrf/InitgPty/Nm,Nm,Max140Text,0,1
pacs.004.001.15,/Document/PmtRtr/TxInf/OrgnlTxRef/UndrlygCstmrCdtTrf/InitgPty/PstlAdr,PstlAdr,PostalAddress27,0,1
pacs.004.001.15,/Document/PmtRtr/TxInf/OrgnlTxRef/UndrlygCstmrCdtTrf/InitgPty/PstlAdr/AdrTp,AdrTp,AddressType3Choice,0,1
pacs.004.001.15,/Document/PmtRtr/TxInf/OrgnlTxRef/UndrlygCstmrCdtTrf/InitgPty/PstlAdr/AdrTp/Cd,Cd,AddressType2Code,1,1
pacs.004.001.15,/Document/PmtRtr/TxInf/OrgnlTxRef/UndrlygCstmrCdtTrf/InitgPty/PstlAdr/AdrTp/Prtry,Prtry,GenericIdentification30,1,1
pacs.004.001.15,/Document/PmtRtr/TxInf/OrgnlTxRef/UndrlygCstmrCdtTrf/InitgPty/PstlAdr/AdrTp/Prtry/Id,Id,Exact4AlphaNumericText,1,1
pacs.004.001.15,/Document/PmtRtr/TxInf/OrgnlTxRef/UndrlygCstmrCdtTrf/InitgPty/PstlAdr/AdrTp/Prtry/Issr,Issr,Max35Text,1,1
pacs.004.001.15,/Document/PmtRtr/TxInf/OrgnlTxRef/UndrlygCstmrCdtTrf/InitgPty/PstlAdr/AdrTp/Prtry/SchmeNm,SchmeNm,Max35Text,0,1
pacs.004.001.15,/Document/PmtRtr/TxInf/OrgnlTxRef/UndrlygCstmrCdtTrf/InitgPty/PstlAdr/CareOf,CareOf,Max140Text,0,1
pacs.004.001.15,/Document/PmtRtr/TxInf/OrgnlTxRef/UndrlygCstmrCdtTrf/InitgPty/PstlAdr/Dept,Dept,Max70Text,0,1
pacs.004.001.15,/Document/PmtRtr/TxInf/OrgnlTxRef/UndrlygCstmrCdtTrf/InitgPty/PstlAdr/SubDept,SubDept,Max70Text,0,1
pacs.004.001.15,/Document/PmtRtr/TxInf/OrgnlTxRef/UndrlygCstmrCdtTrf/InitgPty/PstlAdr/StrtNm,StrtNm,Max140Text,0,1
pacs.004.001.15,/Document/PmtRtr/TxInf/OrgnlTxRef/UndrlygCstmrCdtTrf/InitgPty/PstlAdr/BldgNb,BldgNb,Max16Text,0,1
pacs.004.001.15,/Document/PmtRtr/TxInf/OrgnlTxRef/UndrlygCstmrCdtTrf/InitgPty/PstlAdr/BldgNm,BldgNm,Max140Text,0,1
pacs.004.001.15,/Document/PmtRtr/TxInf/OrgnlTxRef/UndrlygCstmrCdtTrf/InitgPty/PstlAdr/Flr,Flr,Max70Text,0,1
pacs.004.001.15,/Document/PmtRtr/TxInf/OrgnlTxRef/UndrlygCstmrCdtTrf/InitgPty/PstlAdr/UnitNb,UnitNb,Max16Text,0,1
pacs.004.001.15,/Document/PmtRtr/TxInf/OrgnlTxRef/UndrlygCstmrCdtTrf/InitgPty/PstlAdr/PstBx,PstBx,Max16Text,0,1
pacs.004.001.15,/Document/PmtRtr/TxInf/OrgnlTxRef/UndrlygCstmrCdtTrf/InitgPty/PstlAdr/Room,Room,Max70Text,0,1
pacs.004.001.15,/Document/PmtRtr/TxInf/OrgnlTxRef/UndrlygCstmrCdtTrf/InitgPty/PstlAdr/PstCd,PstCd,Max16Text,0,1
pacs.004.001.15,/Document/PmtRtr/TxInf/OrgnlTxRef/UndrlygCstmrCdtTrf/InitgPty/PstlAdr/TwnNm,TwnNm,Max140Text,0,1
pacs.004.001.15,/Document/PmtRtr/TxInf/OrgnlTxRef/UndrlygCstmrCdtTrf/InitgPty/PstlAdr/TwnLctnNm,TwnLctnNm,Max140Text,0,1
pacs.004.001.15,/Document/PmtRtr/TxInf/OrgnlTxRef/UndrlygCstmrCdtTrf/InitgPty/PstlAdr/DstrctNm,DstrctNm,Max140Text,0,1
pacs.004.001.15,/Document/PmtRtr/TxInf/OrgnlTxRef/UndrlygCstmrCdtTrf/InitgPty/PstlAdr/CtrySubDvsn,CtrySubDvsn,Max35Text,0,1
pacs.004.001.15,/Document/PmtRtr/TxInf/OrgnlTxRef/UndrlygCstmrCdtTrf/InitgPty/PstlAdr/Ctry,Ctry,CountryCode,0,1
pacs.004.001.15,/Document/PmtRtr/TxInf/OrgnlTxRef/UndrlygCstmrCdtTrf/InitgPty/PstlAdr/AdrLine,AdrLine,Max70Text,0,7
pacs.004.001.15,/Document/PmtRtr/TxInf/OrgnlTxRef/UndrlygCstmrCdtTrf/InitgPty/Id,Id,Party52Choice,0,1
pacs.004.001.15,/Document/PmtRtr/TxInf/OrgnlTxRef/UndrlygCstmrCdtTrf/InitgPty/Id/OrgId,OrgId,OrganisationIdentification39,1,1
pacs.004.001.15,/Document/PmtRtr/TxInf/OrgnlTxRef/UndrlygCstmrCdtTrf/InitgPty/Id/OrgId/AnyBIC,AnyBIC,AnyBICDec2014Identifier,0,1
pacs.004.001.15,/Document/PmtRtr/TxInf/OrgnlTxRef/UndrlygCstmrCdtTrf/InitgPty/Id/OrgId/LEI,LEI,LEIIdentifier,0,1
pacs.004.001.15,/Document/PmtRtr/TxInf/OrgnlTxRef/UndrlygCstmrCdtTrf/InitgPty/Id/OrgId/Othr,Othr,GenericOrganisationIdentification3,0,
pacs.004.001.15,/Document/PmtRtr/TxInf/OrgnlTxRef/UndrlygCstmrCdtTrf/InitgPty/Id/OrgId/Othr/Id,Id,Max256Text,1,1
pacs.004.001.15,/Document/PmtRtr/TxInf/OrgnlTxRef/UndrlygCstmrCdtTrf/InitgPty/Id/OrgId/Othr/SchmeNm,SchmeNm,OrganisationIdentificationSchemeName1Choice,0,1
pacs.004.001.15,/Document/PmtRtr/TxInf/OrgnlTxRef/UndrlygCstmrCdtTrf/InitgPty/Id/OrgId/Othr/SchmeNm/Cd,Cd,ExternalOrganisationIdentification1Code,1,1
pacs.004.001.15,/Document/PmtRtr/TxInf/OrgnlTxRef/UndrlygCstmrCdtTrf/InitgPty/Id/OrgId/Othr/SchmeNm/Prtry,Prtry,Max35Text,1,1
pacs.004.001.15,/Document/PmtRtr/TxInf/OrgnlTxRef/UndrlygCstmrCdtTrf/InitgPty/Id/OrgId/Othr/Issr,Issr,Max35Text,0,1
pacs.004.001.15,/Document/PmtRtr/TxInf/OrgnlTxRef/UndrlygCstmrCdtTrf/InitgPty/Id/PrvtId,PrvtId,PersonIdentification18,1,1
pacs.004.001.15,/Document/PmtRtr/TxInf/OrgnlTxRef/UndrlygCstmrCdtTrf/InitgPty/Id/PrvtId/DtAndPlcOfBirth,DtAndPlcOfBirth,DateAndPlaceOfBirth1,0,1
pacs.004.001.15,/Document/PmtRtr/TxInf/OrgnlTxRef/UndrlygCstmrCdtTrf/InitgPty/Id/PrvtId/DtAndPlcOfBirth/BirthDt,BirthDt,ISODate,1,1
pacs.004.001.15,/Document/PmtRtr/TxInf/OrgnlTxRef/UndrlygCstmrCdtTrf/InitgPty/Id/PrvtId/DtAndPlcOfBirth/PrvcOfBirth,PrvcOfBirth,Max35Text,0,1
pacs.004.001.15,/Document/PmtRtr/TxInf/OrgnlTxRef/UndrlygCstmrCdtTrf/InitgPty/Id/PrvtId/DtAndPlcOfBirth/CityOfBirth,CityOfBirth,Max35Text,1,1
pacs.004.001.15,/Document/PmtRtr/TxInf/OrgnlTxRef/UndrlygCstmrCdtTrf/InitgPty/Id/PrvtId/DtAndPlcOfBirth/CtryOfBirth,CtryOfBirth,CountryCode,1,1
pacs.004.001.15,/Document/PmtRtr/TxInf/OrgnlTxRef/UndrlygCstmrCdtTrf/InitgPty/Id/PrvtId/Othr,Othr,GenericPersonIdentification2,0,
pacs.004.001.15,/Document/PmtRtr/TxInf/OrgnlTxRef/UndrlygCstmrCdtTrf/InitgPty/Id/PrvtId/Othr/Id,Id,Max256Text,1,1
pacs.004.001.15,/Document/PmtRtr/TxInf/OrgnlTxRef/UndrlygCstmrCdtTrf/InitgPty/Id/PrvtId/Othr/SchmeNm,SchmeNm,PersonIdentificationSchemeName1Choice,0,1
pacs.004.001.15,/Document/PmtRtr/TxInf/OrgnlTxRef/UndrlygCstmrCdtTrf/InitgPty/Id/PrvtId/Othr/SchmeNm/Cd,Cd,ExternalPersonIdentification1Code,1,1
pacs.004.001.15,/Document/PmtRtr/TxInf/OrgnlTxRef/UndrlygCstmrCdtTrf/InitgPty/Id/PrvtId/Othr/SchmeNm/Prtry,Prtry,Max35Text,1,1
pacs.004.001.15,/Document/PmtRtr/TxInf/OrgnlTxRef/UndrlygCstmrCdtTrf/InitgPty/Id/PrvtId/Othr/Issr,Issr,Max35Text,0,1
pacs.004.001.15,/Document/PmtRtr/TxInf/OrgnlTxRef/UndrlygCstmrCdtTrf/InitgPty/CtryOfRes,CtryOfRes,CountryCode,0,1
pacs.004.001.15,/Document/PmtRtr/TxInf/OrgnlTxRef/UndrlygCstmrCdtTrf/InitgPty/CtctDtls,CtctDtls,Contact13,0,1
pacs.004.001.15,/Document/PmtRtr/TxInf/OrgnlTxRef/UndrlygCstmrCdtTrf/InitgPty/CtctDtls/NmPrfx,NmPrfx,NamePrefix2Code,0,1
pacs.004.001.15,/Document/PmtRtr/TxInf/OrgnlTxRef/UndrlygCstmrCdtTrf/InitgPty/CtctDtls/Nm,Nm,Max140Text,0,1
pacs.004.001.15,/Document/PmtRtr/TxInf/OrgnlTxRef/UndrlygCstmrCdtTrf/InitgPty/CtctDtls/PhneNb,PhneNb,PhoneNumber,0,1
pacs.004.001.15,/Document/PmtRtr/TxInf/OrgnlTxRef/UndrlygCstmrCdtTrf/InitgPty/CtctDtls/MobNb,MobNb,PhoneNumber,0,1
pacs.004.001.15,/Document/PmtRtr/TxInf/OrgnlTxRef/UndrlygCstmrCdtTrf/InitgPty/CtctDtls/FaxNb,FaxNb,PhoneNumber,0,1
pacs.004.001.15,/Document/PmtRtr/TxInf/OrgnlTxRef/UndrlygCstmrCdtTrf/InitgPty/CtctDtls/URLAdr,URLAdr,Max2048Text,0,1
pacs.004.001.15,/Document/PmtRtr/TxInf/OrgnlTxRef/UndrlygCstmrCdtTrf/InitgPty/CtctDtls/EmailAdr,EmailAdr,Max256Text,0,1
pacs.004.001.15,/Document/PmtRtr/TxInf/OrgnlTxRef/UndrlygCstmrCdtTrf/InitgPty/CtctDtls/EmailPurp,EmailPurp,Max35Text,0,1
pacs.004.001.15,/Document/PmtRtr/TxInf/OrgnlTxRef/UndrlygCstmrCdtTrf/InitgPty/CtctDtls/JobTitl,JobTitl,Max35Text,0,1
pacs.004.001.15,/Document/PmtRtr/TxInf/OrgnlTxRef/UndrlygCstmrCdtTrf/InitgPty/CtctDtls/Rspnsblty,Rspnsblty,Max35Text,0,1
pacs.004.001.15,/Document/PmtRtr/TxInf/OrgnlTxRef/UndrlygCstmrCdtTrf/InitgPty/CtctDtls/Dept,Dept,Max70Text,0,1
pacs.004.001.15,/Document/PmtRtr/TxInf/OrgnlTxRef/UndrlygCstmrCdtTrf/InitgPty/CtctDtls/Othr,Othr,OtherContact1,0,
pacs.004.001.15,/Document/PmtRtr/TxInf/OrgnlTxRef/UndrlygCstmrCdtTrf/InitgPty/CtctDtls/Othr/ChanlTp,ChanlTp,Max4Text,1,1
pacs.004.001.15,/Document/PmtRtr/TxInf/OrgnlTxRef/UndrlygCstmrCdtTrf/InitgPty/CtctDtls/Othr/Id,Id,Max128Text,0,1
pacs.004.001.15,/Document/PmtRtr/TxInf/OrgnlTxRef/UndrlygCstmrCdtTrf/InitgPty/CtctDtls/PrefrdMtd,PrefrdMtd,PreferredContactMethod2Code,0,1
pacs.004.001.15,/Document/PmtRtr/TxInf/OrgnlTxRef/UndrlygCstmrCdtTrf/Dbtr,Dbtr,PartyIdentification272,1,1
pacs.004.001.15,/Document/PmtRtr/TxInf/OrgnlTxRef/UndrlygCstmrCdtTrf/Dbtr/Nm,Nm,Max140Text,0,1
pacs.004.001.15,/Document/PmtRtr/TxInf/OrgnlTxRef/UndrlygCstmrCdtTrf/Dbtr/PstlAdr,PstlAdr,PostalAddress27,0,1
pacs.004.001.15,/Document/PmtRtr/TxInf/OrgnlTxRef/UndrlygCstmrCdtTrf/Dbtr/PstlAdr/AdrTp,AdrTp,AddressType3Choice,0,1
pacs.004.001.15,/Document/PmtRtr/TxInf/OrgnlTxRef/UndrlygCstmrCdtTrf/Dbtr/PstlAdr/AdrTp/Cd,Cd,AddressType2Code,1,1
pacs.004.001.15,/Document/PmtRtr/TxInf/OrgnlTxRef/UndrlygCstmrCdtTrf/Dbtr/PstlAdr/AdrTp/Prtry,Prtry,GenericIdentification30,1,1
pacs.004.001.15,/Document/PmtRtr/TxInf/OrgnlTxRef/UndrlygCstmrCdtTrf/Dbtr/PstlAdr/AdrTp/Prtry/Id,Id,Exact4AlphaNumericText,1,1
pacs.004.001.15,/Document/PmtRtr/TxInf/OrgnlTxRef/UndrlygCstmrCdtTrf/Dbtr/PstlAdr/AdrTp/Prtry/Issr,Issr,Max35Text,1,1
pacs.004.001.15,/Document/PmtRtr/TxInf/OrgnlTxRef/UndrlygCstmrCdtTrf/Dbtr/PstlAdr/AdrTp/Prtry/SchmeNm,SchmeNm,Max35Text,0,1
pacs.004.001.15,/Document/PmtRtr/TxInf/OrgnlTxRef/UndrlygCstmrCdtTrf/Dbtr/PstlAdr/CareOf,CareOf,Max140Text,0,1
pacs.004.001.15,/Document/PmtRtr/TxInf/OrgnlTxRef/UndrlygCstmrCdtTrf/Dbtr/PstlAdr/Dept,Dept,Max70Text,0,1
pacs.004.001.15,/Document/PmtRtr/TxInf/OrgnlTxRef/UndrlygCstmrCdtTrf/Dbtr/PstlAdr/SubDept,SubDept,Max70Text,0,1
pacs.004.001.15,/Document/PmtRtr/TxInf/OrgnlTxRef/UndrlygCstmrCdtTrf/Dbtr/PstlAdr/StrtNm,StrtNm,Max140Text,0,1
pacs.004.001.15,/Document/PmtRtr/TxInf/OrgnlTxRef/UndrlygCstmrCdtTrf/Dbtr/PstlAdr/BldgNb,BldgNb,Max16Text,0,1
pacs.004.001.15,/Document/PmtRtr/TxInf/OrgnlTxRef/UndrlygCstmrCdtTrf/Dbtr/PstlAdr/BldgNm,BldgNm,Max140Text,0,1
pacs.004.001.15,/Document/PmtRtr/TxInf/OrgnlTxRef/UndrlygCstmrCdtTrf/Dbtr/PstlAdr/Flr,Flr,Max70Text,0,1
pacs.004.001.15,/Document/PmtRtr/TxInf/OrgnlTxRef/UndrlygCstmrCdtTrf/Dbtr/PstlAdr/UnitNb,UnitNb,Max16Text,0,1
pacs.004.001.15,/Document/PmtRtr/TxInf/OrgnlTxRef/UndrlygCstmrCdtTrf/Dbtr/PstlAdr/PstBx,PstBx,Max16Text,0,1
pacs.004.001.15,/Document/PmtRtr/TxInf/OrgnlTxRef/UndrlygCstmrCdtTrf/Dbtr/PstlAdr/Room,Room,Max70Text,0,1
pacs.004.001.15,/Document/PmtRtr/TxInf/OrgnlTxRef/UndrlygCstmrCdtTrf/Dbtr/PstlAdr/PstCd,PstCd,Max16Text,0,1
pacs.004.001.15,/Document/PmtRtr/TxInf/OrgnlTxRef/UndrlygCstmrCdtTrf/Dbtr/PstlAdr/TwnNm,TwnNm,Max140Text,0,1
pacs.004.001.15,/Document/PmtRtr/TxInf/OrgnlTxRef/UndrlygCstmrCdtTrf/Dbtr/PstlAdr/TwnLctnNm,TwnLctnNm,Max140Text,0,1
pacs.004.001.15,/Document/PmtRtr/TxInf/OrgnlTxRef/UndrlygCstmrCdtTrf/Dbtr/PstlAdr/DstrctNm,DstrctNm,Max140Text,0,1
pacs.004.001.15,/Document/PmtRtr/TxInf/OrgnlTxRef/UndrlygCstmrCdtTrf/Dbtr/PstlAdr/CtrySubDvsn,CtrySubDvsn,Max35Text,0,1
pacs.004.001.15,/Document/PmtRtr/TxInf/OrgnlTxRef/UndrlygCstmrCdtTrf/Dbtr/PstlAdr/Ctry,Ctry,CountryCode,0,1
pacs.004.001.15,/Document/PmtRtr/TxInf/OrgnlTxRef/UndrlygCstmrCdtTrf/Dbtr/PstlAdr/AdrLine,AdrLine,Max70Text,0,7
pacs.004.001.15,/Document/PmtRtr/TxInf/OrgnlTxRef/UndrlygCstmrCdtTrf/Dbtr/Id,Id,Party52Choice,0,1
pacs.004.001.15,/Document/PmtRtr/TxInf/OrgnlTxRef/UndrlygCstmrCdtTrf/Dbtr/Id/OrgId,OrgId,OrganisationIdentification39,1,1
pacs.004.001.15,/Document/PmtRtr/TxInf/OrgnlTxRef/UndrlygCstmrCdtTrf/Dbtr/Id/OrgId/AnyBIC,AnyBIC,AnyBICDec2014Identifier,0,1
pacs.004.001.15,/Document/PmtRtr/TxInf/OrgnlTxRef/UndrlygCstmrCdtTrf/Dbtr/Id/OrgId/LEI,LEI,LEIIdentifier,0,1
pacs.004.001.15,/Document/PmtRtr/TxInf/OrgnlTxRef/UndrlygCstmrCdtTrf/Dbtr/Id/OrgId/Othr,Othr,GenericOrganisationIdentification3,0,
pacs.004.001.15,/Document/PmtRtr/TxInf/OrgnlTxRef/UndrlygCstmrCdtTrf/Dbtr/Id/OrgId/Othr/Id,Id,Max256Text,1,1
pacs.004.001.15,/Document/PmtRtr/TxInf/OrgnlTxRef/UndrlygCstmrCdtTrf/Dbtr/Id/OrgId/Othr/SchmeNm,SchmeNm,OrganisationIdentificationSchemeName1Choice,0,1
pacs.004.001.15,/Document/PmtRtr/TxInf/OrgnlTxRef/UndrlygCstmrCdtTrf/Dbtr/Id/OrgId/Othr/SchmeNm/Cd,Cd,ExternalOrganisationIdentification1Code,1,1
pacs.004.001.15,/Document/PmtRtr/TxInf/OrgnlTxRef/UndrlygCstmrCdtTrf/Dbtr/Id/OrgId/Othr/SchmeNm/Prtry,Prtry,Max35Text,1,1
pacs.004.001.15,/Document/PmtRtr/TxInf/OrgnlTxRef/UndrlygCstmrCdtTrf/Dbtr/Id/OrgId/Othr/Issr,Issr,Max35Text,0,1
pacs.004.001.15,/Document/PmtRtr/TxInf/OrgnlTxRef/UndrlygCstmrCdtTrf/Dbtr/Id/PrvtId,PrvtId,PersonIdentification18,1,1
pacs.004.001.15,/Document/PmtRtr/TxInf/OrgnlTxRef/UndrlygCstmrCdtTrf/Dbtr/Id/PrvtId/DtAndPlcOfBirth,DtAndPlcOfBirth,DateAndPlaceOfBirth1,0,1
pacs.004.001.15,/Document/PmtRtr/TxInf/OrgnlTxRef/UndrlygCstmrCdtTrf/Dbtr/Id/PrvtId/DtAndPlcOfBirth/BirthDt,BirthDt,ISODate,1,1
pacs.004.001.15,/Document/PmtRtr/TxInf/OrgnlTxRef/UndrlygCstmrCdtTrf/Dbtr/Id/PrvtId/DtAndPlcOfBirth/PrvcOfBirth,PrvcOfBirth,Max35Text,0,1
pacs.004.001.15,/Document/PmtRtr/TxInf/OrgnlTxRef/UndrlygCstmrCdtTrf/Dbtr/Id/PrvtId/DtAndPlcOfBirth/CityOfBirth,CityOfBirth,Max35Text,1,1
pacs.004.001.15,/Document/PmtRtr/TxInf/OrgnlTxRef/UndrlygCstmrCdtTrf/Dbtr/Id/PrvtId/DtAndPlcOfBirth/CtryOfBirth,CtryOfBirth,CountryCode,1,1
pacs.004.001.15,/Document/PmtRtr/TxInf/OrgnlTxRef/UndrlygCstmrCdtTrf/Dbtr/Id/PrvtId/Othr,Othr,GenericPersonIdentification2,0,
pacs.004.001.15,/Document/PmtRtr/TxInf/OrgnlTxRef/UndrlygCstmrCdtTrf/Dbtr/Id/PrvtId/Othr/Id,Id,Max256Text,1,1
pacs.004.001.15,/Document/PmtRtr/TxInf/OrgnlTxRef/UndrlygCstmrCdtTrf/Dbtr/Id/PrvtId/Othr/SchmeNm,SchmeNm,PersonIdentificationSchemeName1Choice,0,1
pacs.004.001.15,/Document/PmtRtr/TxInf/OrgnlTxRef/UndrlygCstmrCdtTrf/Dbtr/Id/PrvtId/Othr/SchmeNm/Cd,Cd,ExternalPersonIdentification1Code,1,1
pacs.004.001.15,/Document/PmtRtr/TxInf/OrgnlTxRef/UndrlygCstmrCdtTrf/Dbtr/Id/PrvtId/Othr/SchmeNm/Prtry,Prtry,Max35Text,1,1
pacs.004.001.15,/Document/PmtRtr/TxInf/OrgnlTxRef/UndrlygCstmrCdtTrf/Dbtr/Id/PrvtId/Othr/Issr,Issr,Max35Text,0,1
pacs.004.001.15,/Document/PmtRtr/TxInf/OrgnlTxRef/UndrlygCstmrCdtTrf/Dbtr/CtryOfRes,CtryOfRes,CountryCode,0,1
pacs.004.001.15,/Document/PmtRtr/TxInf/OrgnlTxRef/UndrlygCstmrCdtTrf/Dbtr/CtctDtls,CtctDtls,Contact13,0,1
pacs.004.001.15,/Document/PmtRtr/TxInf/OrgnlTxRef/UndrlygCstmrCdtTrf/Dbtr/CtctDtls/NmPrfx,NmPrfx,NamePrefix2Code,0,1
pacs.004.001.15,/Document/PmtRtr/TxInf/OrgnlTxRef/UndrlygCstmrCdtTrf/Dbtr/CtctDtls/Nm,Nm,Max140Text,0,1
pacs.004.001.15,/Document/PmtRtr/TxInf/OrgnlTxRef/UndrlygCstmrCdtTrf/Dbtr/CtctDtls/PhneNb,PhneNb,PhoneNumber,0,1
pacs.004.001.15,/Document/PmtRtr/TxInf/OrgnlTxRef/UndrlygCstmrCdtTrf/Dbtr/CtctDtls/MobNb,MobNb,PhoneNumber,0,1
pacs.004.001.15,/Document/PmtRtr/TxInf/OrgnlTxRef/UndrlygCstmrCdtTrf/Dbtr/CtctDtls/FaxNb,FaxNb,PhoneNumber,0,1
pacs.004.001.15,/Document/PmtRtr/TxInf/OrgnlTxRef/UndrlygCstmrCdtTrf/Dbtr/CtctDtls/URLAdr,URLAdr,Max2048Text,0,1
pacs.004.001.15,/Document/PmtRtr/TxInf/OrgnlTxRef/UndrlygCstmrCdtTrf/Dbtr/CtctDtls/EmailAdr,EmailAdr,Max256Text,0,1
pacs.004.001.15,/Document/PmtRtr/TxInf/OrgnlTxRef/UndrlygCstmrCdtTrf/Dbtr/CtctDtls/EmailPurp,EmailPurp,Max35Text,0,1
pacs.004.001.15,/Document/PmtRtr/TxInf/OrgnlTxRef/UndrlygCstmrCdtTrf/Dbtr/CtctDtls/JobTitl,JobTitl,Max35Text,0,1
pacs.004.001.15,/Document/PmtRtr/TxInf/OrgnlTxRef/UndrlygCstmrCdtTrf/Dbtr/CtctDtls/Rspnsblty,Rspnsblty,Max35Text,0,1
pacs.004.001.15,/Document/PmtRtr/TxInf/OrgnlTxRef/UndrlygCstmrCdtTrf/Dbtr/CtctDtls/Dept,Dept,Max70Text,0,1
pacs.004.001.15,/Document/PmtRtr/TxInf/OrgnlTxRef/UndrlygCstmrCdtTrf/Dbtr/CtctDtls/Othr,Othr,OtherContact1,0,
pacs.004.001.15,/Document/PmtRtr/TxInf/OrgnlTxRef/UndrlygCstmrCdtTrf/Dbtr/CtctDtls/Othr/ChanlTp,ChanlTp,Max4Text,1,1
pacs.004.001.15,/Document/PmtRtr/TxInf/OrgnlTxRef/UndrlygCstmrCdtTrf/Dbtr/CtctDtls/Othr/Id,Id,Max128Text,0,1
pacs.004.001.15,/Document/PmtRtr/TxInf/OrgnlTxRef/UndrlygCstmrCdtTrf/Dbtr/CtctDtls/PrefrdMtd,PrefrdMtd,PreferredContactMethod2Code,0,1
pacs.004.001.15,/Document/PmtRtr/TxInf/OrgnlTxRef/UndrlygCstmrCdtTrf/DbtrAcct,DbtrAcct,CashAccount40,0,1
pacs.004.001.15,/Document/PmtRtr/TxInf/OrgnlTxRef/UndrlygCstmrCdtTrf/DbtrAcct/Id,Id,AccountIdentification4Choice,0,1
pacs.004.001.15,/Document/PmtRtr/TxInf/OrgnlTxRef/UndrlygCstmrCdtTrf/DbtrAcct/Id/IBAN,IBAN,IBAN2007Identifier,1,1
pacs.004.001.15,/Document/PmtRtr/TxInf/OrgnlTxRef/UndrlygCstmrCdtTrf/DbtrAcct/Id/Othr,Othr,GenericAccountIdentification1,1,1
pacs.004.001.15,/Document/PmtRtr/TxInf/OrgnlTxRef/UndrlygCstmrCdtTrf/DbtrAcct/Id/Othr/Id,Id,Max34Text,1,1
pacs.004.001.15,/Document/PmtRtr/TxInf/OrgnlTxRef/UndrlygCstmrCdtTrf/DbtrAcct/Id/Othr/SchmeNm,SchmeNm,AccountSchemeName1Choice,0,1
pacs.004.001.15,/Document/PmtRtr/TxInf/OrgnlTxRef/UndrlygCstmrCdtTrf/DbtrAcct/Id/Othr/SchmeNm/Cd,Cd,ExternalAccountIdentification1Code,1,1
pacs.004.001.15,/Document/PmtRtr/TxInf/OrgnlTxRef/UndrlygCstmrCdtTrf/DbtrAcct/Id/Othr/SchmeNm/Prtry,Prtry,Max35Text,1,1
pacs.004.001.15,/Document/PmtRtr/TxInf/OrgnlTxRef/UndrlygCstmrCdtTrf/DbtrAcct/Id/Othr/Issr,Issr,Max35Text,0,1
pacs.004.001.15,/Document/PmtRtr/TxInf/OrgnlTxRef/UndrlygCstmrCdtTrf/DbtrAcct/Tp,Tp,CashAccountType2Choice,0,1
pacs.004.001.15,/Document/PmtRtr/TxInf/OrgnlTxRef/UndrlygCstmrCdtTrf/DbtrAcct/Tp/Cd,Cd,ExternalCashAccountType1Code,1,1
pacs.004.001.15,/Document/PmtRtr/TxInf/OrgnlTxRef/UndrlygCstmrCdtTrf/DbtrAcct/Tp/Prtry,Prtry,Max35Text,1,1
pacs.004.001.15,/Document/PmtRtr/TxInf/OrgnlTxRef/UndrlygCstmrCdtTrf/DbtrAcct/Ccy,Ccy,ActiveOrHistoricCurrencyCode,0,1
pacs.004.001.15,/Document/PmtRtr/TxInf/OrgnlTxRef/UndrlygCstmrCdtTrf/DbtrAcct/Nm,Nm,Max70Text,0,1
pacs.004.001.15,/Document/PmtRtr/TxInf/OrgnlTxRef/UndrlygCstmrCdtTrf/DbtrAcct/Prxy,Prxy,ProxyAccountIdentification1,0,1
pacs.004.001.15,/Document/PmtRtr/TxInf/OrgnlTxRef/UndrlygCstmrCdtTrf/DbtrAcct/Prxy/Tp,Tp,ProxyAccountType1Choice,0,1
pacs.004.001.15,/Document/PmtRtr/TxInf/OrgnlTxRef/UndrlygCstmrCdtTrf/DbtrAcct/Prxy/Tp/Cd,Cd,ExternalProxyAccountType1Code,1,1
pacs.004.001.15,/Document/PmtRtr/TxInf/OrgnlTxRef/UndrlygCstmrCdtTrf/DbtrAcct/Prxy/Tp/Prtry,Prtry,Max35Text,1,1
pacs.004.001.15,/Document/PmtRtr/TxInf/OrgnlTxRef/UndrlygCstmrCdtTrf/DbtrAcct/Prxy/Id,Id,Max2048Text,1,1
pacs.004.001.15,/Document/PmtRtr/TxInf/OrgnlTxRef/UndrlygCstmrCdtTrf/DbtrAgt,DbtrAgt,BranchAndFinancialInstitutionIdentification8,1,1
pacs.004.001.15,/Document/PmtRtr/TxInf/OrgnlTxRef/UndrlygCstmrCdtTrf/DbtrAgt/FinInstnId,FinInstnId,FinancialInstitutionIdentification23,1,1
pacs.004.001.15,/Document/PmtRtr/TxInf/OrgnlTxRef/UndrlygCstmrCdtTrf/DbtrAgt/FinInstnId/BICFI,BICFI,BICFIDec2014Identifier,0,1
pacs.004.001.15,/Document/PmtRtr/TxInf/OrgnlTxRef/UndrlygCstmrCdtTrf/DbtrAgt/FinInstnId/ClrSysMmbId,ClrSysMmbId,ClearingSystemMemberIdentification2,0,1
pacs.004.001.15,/Document/PmtRtr/TxInf/OrgnlTxRef/UndrlygCstmrCdtTrf/DbtrAgt/FinInstnId/ClrSysMmbId/ClrSysId,ClrSysId,ClearingSystemIdentification2Choice,0,1
pacs.004.001.15,/Document/PmtRtr/TxInf/OrgnlTxRef/UndrlygCstmrCdtTrf/DbtrAgt/FinInstnId/ClrSysMmbId/ClrSysId/Cd,Cd,ExternalClearingSystemIdentification1Code,1,1
pacs.004.001.15,/Document/PmtRtr/TxInf/OrgnlTxRef/UndrlygCstmrCdtTrf/DbtrAgt/FinInstnId/ClrSysMmbId/ClrSysId/Prtry,Prtry,Max35Text,1,1
pacs.004.001.15,/Document/PmtRtr/TxInf/OrgnlTxRef/UndrlygCstmrCdtTrf/DbtrAgt/FinInstnId/ClrSysMmbId/MmbId,MmbId,Max35Text,1,1
pacs.004.001.15,/Document/PmtRtr/TxInf/OrgnlTxRef/UndrlygCstmrCdtTrf/DbtrAgt/FinInstnId/LEI,LEI,LEIIdentifier,0,1
pacs.004.001.15,/Document/PmtRtr/TxInf/OrgnlTxRef/UndrlygCstmrCdtTrf/DbtrAgt/FinInstnId/Nm,Nm,Max140Text,0,1
pacs.004.001.15,/Document/PmtRtr/TxInf/OrgnlTxRef/UndrlygCstmrCdtTrf/DbtrAgt/FinInstnId/PstlAdr,PstlAdr,PostalAddress27,0,1
pacs.004.001.15,/Document/PmtRtr/TxInf/OrgnlTxRef/UndrlygCstmrCdtTrf/DbtrAgt/FinInstnId/PstlAdr/AdrTp,AdrTp,AddressType3Choice,0,1
pacs.004.001.15,/Document/PmtRtr/TxInf/OrgnlTxRef/UndrlygCstmrCdtTrf/DbtrAgt/FinInstnId/PstlAdr/AdrTp/Cd,Cd,AddressType2Code,1,1
pacs.004.001.15,/Document/PmtRtr/TxInf/OrgnlTxRef/UndrlygCstmrCdtTrf/DbtrAgt/FinInstnId/PstlAdr/AdrTp/Prtry,Prtry,GenericIdentification30,1,1
pacs.004.001.15,/Document/PmtRtr/TxInf/OrgnlTxRef/UndrlygCstmrCdtTrf/DbtrAgt/FinInstnId/PstlAdr/AdrTp/Prtry/Id,Id,Exact4AlphaNumericText,1,1
pacs.004.001.15,/Document/PmtRtr/TxInf/OrgnlTxRef/UndrlygCstmrCdtTrf/DbtrAgt/FinInstnId/PstlAdr/AdrTp/Prtry/Issr,Issr,Max35Text,1,1
pacs.004.001.15,/Document/PmtRtr/TxInf/OrgnlTxRef/UndrlygCstmrCdtTrf/DbtrAgt/FinInstnId/PstlAdr/AdrTp/Prtry/SchmeNm,SchmeNm,Max35Text,0,1
pacs.004.001.15,/Document/PmtRtr/TxInf/OrgnlTxRef/UndrlygCstmrCdtTrf/DbtrAgt/FinInstnId/PstlAdr/CareOf,CareOf,Max140Text,0,1
pacs.004.001.15,/Document/PmtRtr/TxInf/OrgnlTxRef/UndrlygCstmrCdtTrf/DbtrAgt/FinInstnId/PstlAdr/Dept,Dept,Max70Text,0,1
pacs.004.001.15,/Document/PmtRtr/TxInf/OrgnlTxRef/UndrlygCstmrCdtTrf/DbtrAgt/FinInstnId/PstlAdr/SubDept,SubDept,Max70Text,0,1
pacs.004.001.15,/Document/PmtRtr/TxInf/OrgnlTxRef/UndrlygCstmrCdtTrf/DbtrAgt/FinInstnId/PstlAdr/StrtNm,StrtNm,Max140Text,0,1
pacs.004.001.15,/Document/PmtRtr/TxInf/OrgnlTxRef/UndrlygCstmrCdtTrf/DbtrAgt/FinInstnId/PstlAdr/BldgNb,BldgNb,Max16Text,0,1
pacs.004.001.15,/Document/PmtRtr/TxInf/OrgnlTxRef/UndrlygCstmrCdtTrf/DbtrAgt/FinInstnId/PstlAdr/BldgNm,BldgNm,Max140Text,0,1
pacs.004.001.15,/Document/PmtRtr/TxInf/OrgnlTxRef/UndrlygCstmrCdtTrf/DbtrAgt/FinInstnId/PstlAdr/Flr,Flr,Max70Text,0,1
pacs.004.001.15,/Document/PmtRtr/TxInf/OrgnlTxRef/UndrlygCstmrCdtTrf/DbtrAgt/FinInstnId/PstlAdr/UnitNb,UnitNb,Max16Text,0,1
pacs.004.001.15,/Document/PmtRtr/TxInf/OrgnlTxRef/UndrlygCstmrCdtTrf/DbtrAgt/FinInstnId/PstlAdr/PstBx,PstBx,Max16Text,0,1
pacs.004.001.15,/Document/PmtRtr/TxInf/OrgnlTxRef/UndrlygCstmrCdtTrf/DbtrAgt/FinInstnId/PstlAdr/Room,Room,Max70Text,0,1
pacs.004.001.15,/Document/PmtRtr/TxInf/OrgnlTxRef/UndrlygCstmrCdtTrf/DbtrAgt/FinInstnId/PstlAdr/PstCd,PstCd,Max16Text,0,1
pacs.004.001.15,/Document/PmtRtr/TxInf/OrgnlTxRef/UndrlygCstmrCdtTrf/DbtrAgt/FinInstnId/PstlAdr/TwnNm,TwnNm,Max140Text,0,1
pacs.004.001.15,/Document/PmtRtr/TxInf/OrgnlTxRef/UndrlygCstmrCdtTrf/DbtrAgt/FinInstnId/PstlAdr/TwnLctnNm,TwnLctnNm,Max140Text,0,1
pacs.004.001.15,/Document/PmtRtr/TxInf/OrgnlTxRef/UndrlygCstmrCdtTrf/DbtrAgt/FinInstnId/PstlAdr/DstrctNm,DstrctNm,Max140Text,0,1
pacs.004.001.15,/Document/PmtRtr/TxInf/OrgnlTxRef/UndrlygCstmrCdtTrf/DbtrAgt/FinInstnId/PstlAdr/CtrySubDvsn,CtrySubDvsn,Max35Text,0,1
pacs.004.001.15,/Document/PmtRtr/TxInf/OrgnlTxRef/UndrlygCstmrCdtTrf/DbtrAgt/FinInstnId/PstlAdr/Ctry,Ctry,CountryCode,0,1
pacs.004.001.15,/Document/PmtRtr/TxInf/OrgnlTxRef/UndrlygCstmrCdtTrf/DbtrAgt/FinInstnId/PstlAdr/AdrLine,AdrLine,Max70Text,0,7
pacs.004.001.15,/Document/PmtRtr/TxInf/OrgnlTxRef/UndrlygCstmrCdtTrf/DbtrAgt/FinInstnId/Othr,Othr,GenericFinancialIdentification1,0,1
pacs.004.001.15,/Document/PmtRtr/TxInf/OrgnlTxRef/UndrlygCstmrCdtTrf/DbtrAgt/FinInstnId/Othr/Id,Id,Max35Text,1,1
pacs.004.001.15,/Document/PmtRtr/TxInf/OrgnlTxRef/UndrlygCstmrCdtTrf/DbtrAgt/FinInstnId/Othr/SchmeNm,SchmeNm,FinancialIdentificationSchemeName1Choice,0,1
pacs.004.001.15,/Document/PmtRtr/TxInf/OrgnlTxRef/UndrlygCstmrCdtTrf/DbtrAgt/FinInstnId/Othr/SchmeNm/Cd,Cd,ExternalFinancialInstitutionIdentification1Code,1,1
pacs.004.001.15,/Document/PmtRtr/TxInf/OrgnlTxRef/UndrlygCstmrCdtTrf/DbtrAgt/FinInstnId/Othr/SchmeNm/Prtry,Prtry,Max35Text,1,1
pacs.004.001.15,/Document/PmtRtr/TxInf/OrgnlTxRef/UndrlygCstmrCdtTrf/DbtrAgt/FinInstnId/Othr/Issr,Issr,Max35Text,0,1
pacs.004.001.15,/Document/PmtRtr/TxInf/OrgnlTxRef/UndrlygCstmrCdtTrf/DbtrAgt/BrnchId,BrnchId,BranchData5,0,1
pacs.004.001.15,/Document/PmtRtr/TxInf/OrgnlTxRef/UndrlygCstmrCdtTrf/DbtrAgt/BrnchId/Id,Id,Max35Text,0,1
pacs.004.001.15,/Document/PmtRtr/TxInf/OrgnlTxRef/UndrlygCstmrCdtTrf/DbtrAgt/BrnchId/LEI,LEI,LEIIdentifier,0,1
pacs.004.001.15,/Document/PmtRtr/TxInf/OrgnlTxRef/UndrlygCstmrCdtTrf/DbtrAgt/BrnchId/Nm,Nm,Max140Text,0,1
pacs.004.001.15,/Document/PmtRtr/TxInf/OrgnlTxRef/UndrlygCstmrCdtTrf/DbtrAgt/BrnchId/PstlAdr,PstlAdr,PostalAddress27,0,1
pacs.004.001.15,/Document/PmtRtr/TxInf/OrgnlTxRef/UndrlygCstmrCdtTrf/DbtrAgt/BrnchId/PstlAdr/AdrTp,AdrTp,AddressType3Choice,0,1
pacs.004.001.15,/Document/PmtRtr/TxInf/OrgnlTxRef/UndrlygCstmrCdtTrf/DbtrAgt/BrnchId/PstlAdr/AdrTp/Cd,Cd,AddressType2Code,1,1
pacs.004.001.15,/Document/PmtRtr/TxInf/OrgnlTxRef/UndrlygCstmrCdtTrf/DbtrAgt/BrnchId/PstlAdr/AdrTp/Prtry,Prtry,GenericIdentification30,1,1
pacs.004.001.15,/Document/PmtRtr/TxInf/OrgnlTxRef/UndrlygCstmrCdtTrf/DbtrAgt/BrnchId/PstlAdr/AdrTp/Prtry/Id,Id,Exact4AlphaNumericText,1,1
pacs.004.001.15,/Document/PmtRtr/TxInf/OrgnlTxRef/UndrlygCstmrCdtTrf/DbtrAgt/BrnchId/PstlAdr/AdrTp/Prtry/Issr,Issr,Max35Text,1,1
pacs.004.001.15,/Document/PmtRtr/TxInf/OrgnlTxRef/UndrlygCstmrCdtTrf/DbtrAgt/BrnchId/PstlAdr/AdrTp/Prtry/SchmeNm,SchmeNm,Max35Text,0,1
pacs.004.001.15,/Document/PmtRtr/TxInf/OrgnlTxRef/UndrlygCstmrCdtTrf/DbtrAgt/BrnchId/PstlAdr/CareOf,CareOf,Max140Text,0,1
pacs.004.001.15,/Document/PmtRtr/TxInf/OrgnlTxRef/UndrlygCstmrCdtTrf/DbtrAgt/BrnchId/PstlAdr/Dept,Dept,Max70Text,0,1
pacs.004.001.15,/Document/PmtRtr/TxInf/OrgnlTxRef/UndrlygCstmrCdtTrf/DbtrAgt/BrnchId/PstlAdr/SubDept,SubDept,Max70Text,0,1
pacs.004.001.15,/Document/PmtRtr/TxInf/OrgnlTxRef/UndrlygCstmrCdtTrf/DbtrAgt/BrnchId/PstlAdr/StrtNm,StrtNm,Max140Text,0,1
pacs.004.001.15,/Document/PmtRtr/TxInf/OrgnlTxRef/UndrlygCstmrCdtTrf/DbtrAgt/BrnchId/PstlAdr/BldgNb,BldgNb,Max16Text,0,1
pacs.004.001.15,/Document/PmtRtr/TxInf/OrgnlTxRef/UndrlygCstmrCdtTrf/DbtrAgt/BrnchId/PstlAdr/BldgNm,BldgNm,Max140Text,0,1
pacs.004.001.15,/Document/PmtRtr/TxInf/OrgnlTxRef/UndrlygCstmrCdtTrf/DbtrAgt/BrnchId/PstlAdr/Flr,Flr,Max70Text,0,1
pacs.004.001.15,/Document/PmtRtr/TxInf/OrgnlTxRef/UndrlygCstmrCdtTrf/DbtrAgt/BrnchId/PstlAdr/UnitNb,UnitNb,Max16Text,0,1
pacs.004.001.15,/Document/PmtRtr/TxInf/OrgnlTxRef/UndrlygCstmrCdtTrf/DbtrAgt/BrnchId/PstlAdr/PstBx,PstBx,Max16Text,0,1
pacs.004.001.15,/Document/PmtRtr/TxInf/OrgnlTxRef/UndrlygCstmrCdtTrf/DbtrAgt/BrnchId/PstlAdr/Room,Room,Max70Text,0,1
pacs.004.001.15,/Document/PmtRtr/TxInf/OrgnlTxRef/UndrlygCstmrCdtTrf/DbtrAgt/BrnchId/PstlAdr/PstCd,PstCd,Max16Text,0,1
pacs.004.001.15,/Document/PmtRtr/TxInf/OrgnlTxRef/UndrlygCstmrCdtTrf/DbtrAgt/BrnchId/PstlAdr/TwnNm,TwnNm,Max140Text,0,1
pacs.004.001.15,/Document/PmtRtr/TxInf/OrgnlTxRef/UndrlygCstmrCdtTrf/DbtrAgt/BrnchId/PstlAdr/TwnLctnNm,TwnLctnNm,Max140Text,0,1
pacs.004.001.15,/Document/PmtRtr/TxInf/OrgnlTxRef/UndrlygCstmrCdtTrf/DbtrAgt/BrnchId/PstlAdr/DstrctNm,DstrctNm,Max140Text,0,1
pacs.004.001.15,/Document/PmtRtr/TxInf/OrgnlTxRef/UndrlygCstmrCdtTrf/DbtrAgt/BrnchId/PstlAdr/CtrySubDvsn,CtrySubDvsn,Max35Text,0,1
pacs.004.001.15,/Document/PmtRtr/TxInf/OrgnlTxRef/UndrlygCstmrCdtTrf/DbtrAgt/BrnchId/PstlAdr/Ctry,Ctry,CountryCode,0,1
pacs.004.001.15,/Document/PmtRtr/TxInf/OrgnlTxRef/UndrlygCstmrCdtTrf/DbtrAgt/BrnchId/PstlAdr/AdrLine,AdrLine,Max70Text,0,7
pacs.004.001.15,/Document/PmtRtr/TxInf/OrgnlTxRef/UndrlygCstmrCdtTrf/DbtrAgtAcct,DbtrAgtAcct,CashAccount40,0,1
pacs.004.001.15,/Document/PmtRtr/TxInf/OrgnlTxRef/UndrlygCstmrCdtTrf/DbtrAgtAcct/Id,Id,AccountIdentification4Choice,0,1
pacs.004.001.15,/Document/PmtRtr/TxInf/OrgnlTxRef/UndrlygCstmrCdtTrf/DbtrAgtAcct/Id/IBAN,IBAN,IBAN2007Identifier,1,1
pacs.004.001.15,/Document/PmtRtr/TxInf/OrgnlTxRef/UndrlygCstmrCdtTrf/DbtrAgtAcct/Id/Othr,Othr,GenericAccountIdentification1,1,1
pacs.004.001.15,/Document/PmtRtr/TxInf/OrgnlTxRef/UndrlygCstmrCdtTrf/DbtrAgtAcct/Id/Othr/Id,Id,Max34Text,1,1
pacs.004.001.15,/Document/PmtRtr/TxInf/OrgnlTxRef/UndrlygCstmrCdtTrf/DbtrAgtAcct/Id/Othr/SchmeNm,SchmeNm,AccountSchemeName1Choice,0,1
pacs.004.001.15,/Document/PmtRtr/TxInf/OrgnlTxRef/UndrlygCstmrCdtTrf/DbtrAgtAcct/Id/Othr/SchmeNm/Cd,Cd,ExternalAccountIdentification1Code,1,1
pacs.004.001.15,/Document/PmtRtr/TxInf/OrgnlTxRef/UndrlygCstmrCdtTrf/DbtrAgtAcct/Id/Othr/SchmeNm/Prtry,Prtry,Max35Text,1,1
pacs.004.001.15,/Document/PmtRtr/TxInf/OrgnlTxRef/UndrlygCstmrCdtTrf/DbtrAgtAcct/Id/Othr/Issr,Issr,Max35Text,0,1
pacs.004.001.15,/Document/PmtRtr/TxInf/OrgnlTxRef/UndrlygCstmrCdtTrf/DbtrAgtAcct/Tp,Tp,CashAccountType2Choice,0,1
pacs.004.001.15,/Document/PmtRtr/TxInf/OrgnlTxRef/UndrlygCstmrCdtTrf/DbtrAgtAcct/Tp/Cd,Cd,ExternalCashAccountType1Code,1,1
pacs.004.001.15,/Document/PmtRtr/TxInf/OrgnlTxRef/UndrlygCstmrCdtTrf/DbtrAgtAcct/Tp/Prtry,Prtry,Max35Text,1,1
pacs.004.001.15,/Document/PmtRtr/TxInf/OrgnlTxRef/UndrlygCstmrCdtTrf/DbtrAgtAcct/Ccy,Ccy,ActiveOrHistoricCurrencyCode,0,1
pacs.004.001.15,/Document/PmtRtr/TxInf/OrgnlTxRef/UndrlygCstmrCdtTrf/DbtrAgtAcct/Nm,Nm,Max70Text,0,1
pacs.004.001.15,/Document/PmtRtr/TxInf/OrgnlTxRef/UndrlygCstmrCdtTrf/DbtrAgtAcct/Prxy,Prxy,ProxyAccountIdentification1,0,1
pacs.004.001.15,/Document/PmtRtr/TxInf/OrgnlTxRef/UndrlygCstmrCdtTrf/DbtrAgtAcct/Prxy/Tp,Tp,ProxyAccountType1Choice,0,1
pacs.004.001.15,/Document/PmtRtr/TxInf/OrgnlTxRef/UndrlygCstmrCdtTrf/DbtrAgtAcct/Prxy/Tp/Cd,Cd,ExternalProxyAccountType1Code,1,1
pacs.004.001.15,/Document/PmtRtr/TxInf/OrgnlTxRef/UndrlygCstmrCdtTrf/DbtrAgtAcct/Prxy/Tp/Prtry,Prtry,Max35Text,1,1
pacs.004.001.15,/Document/PmtRtr/TxInf/OrgnlTxRef/UndrlygCstmrCdtTrf/DbtrAgtAcct/Prxy/Id,Id,Max2048Text,1,1
pacs.004.001.15,/Document/PmtRtr/TxInf/OrgnlTxRef/UndrlygCstmrCdtTrf/PrvsInstgAgt1,PrvsInstgAgt1,BranchAndFinancialInstitutionIdentification8,0,1
pacs.004.001.15,/Document/PmtRtr/TxInf/OrgnlTxRef/UndrlygCstmrCdtTrf/PrvsInstgAgt1/FinInstnId,FinInstnId,FinancialInstitutionIdentification23,1,1
pacs.004.001.15,/Document/PmtRtr/TxInf/OrgnlTxRef/UndrlygCstmrCdtTrf/PrvsInstgAgt1/FinInstnId/BICFI,BICFI,BICFIDec2014Identifier,0,1
pacs.004.001.15,/Document/PmtRtr/TxInf/OrgnlTxRef/UndrlygCstmrCdtTrf/PrvsInstgAgt1/FinInstnId/ClrSysMmbId,ClrSysMmbId,ClearingSystemMemberIdentification2,0,1
pacs.004.001.15,/Document/PmtRtr/TxInf/OrgnlTxRef/UndrlygCstmrCdtTrf/PrvsInstgAgt1/FinInstnId/ClrSysMmbId/ClrSysId,ClrSysId,ClearingSystemIdentification2Choice,0,1
pacs.004.001.15,/Document/PmtRtr/TxInf/OrgnlTxRef/UndrlygCstmrCdtTrf/PrvsInstgAgt1/FinInstnId/ClrSysMmbId/ClrSysId/Cd,Cd,ExternalClearingSystemIdentification1Code,1,1
pacs.004.001.15,/Document/PmtRtr/TxInf/OrgnlTxRef/UndrlygCstmrCdtTrf/PrvsInstgAgt1/FinInstnId/ClrSysMmbId/ClrSysId/Prtry,Prtry,Max35Text,1,1
pacs.004.001.15,/Document/PmtRtr/TxInf/OrgnlTxRef/UndrlygCstmrCdtTrf/PrvsInstgAgt1/FinInstnId/ClrSysMmbId/MmbId,MmbId,Max35Text,1,1
pacs.004.001.15,/Document/PmtRtr/TxInf/OrgnlTxRef/UndrlygCstmrCdtTrf/PrvsInstgAgt1/FinInstnId/LEI,LEI,LEIIdentifier,0,1
pacs.004.001.15,/Document/PmtRtr/TxInf/OrgnlTxRef/UndrlygCstmrCdtTrf/PrvsInstgAgt1/FinInstnId/Nm,Nm,Max140Text,0,1
pacs.004.001.15,/Document/PmtRtr/TxInf/OrgnlTxRef/UndrlygCstmrCdtTrf/PrvsInstgAgt1/FinInstnId/PstlAdr,PstlAdr,PostalAddress27,0,1
pacs.004.001.15,/Document/PmtRtr/TxInf/OrgnlTxRef/UndrlygCstmrCdtTrf/PrvsInstgAgt1/FinInstnId/PstlAdr/AdrTp,AdrTp,AddressType3Choice,0,1
pacs.004.001.15,/Document/PmtRtr/TxInf/OrgnlTxRef/UndrlygCstmrCdtTrf/PrvsInstgAgt1/FinInstnId/PstlAdr/AdrTp/Cd,Cd,AddressType2Code,1,1
pacs.004.001.15,/Document/PmtRtr/TxInf/OrgnlTxRef/UndrlygCstmrCdtTrf/PrvsInstgAgt1/FinInstnId/PstlAdr/AdrTp/Prtry,Prtry,GenericIdentification30,1,1
pacs.004.001.15,/Document/PmtRtr/TxInf/OrgnlTxRef/UndrlygCstmrCdtTrf/PrvsInstgAgt1/FinInstnId/PstlAdr/AdrTp/Prtry/Id,Id,Exact4AlphaNumericText,1,1
pacs.004.001.15,/Document/PmtRtr/TxInf/OrgnlTxRef/UndrlygCstmrCdtTrf/PrvsInstgAgt1/FinInstnId/PstlAdr/AdrTp/Prtry/Issr,Issr,Max35Text,1,1
pacs.004.001.15,/Document/PmtRtr/TxInf/OrgnlTxRef/UndrlygCstmrCdtTrf/PrvsInstgAgt1/FinInstnId/PstlAdr/AdrTp/Prtry/SchmeNm,SchmeNm,Max35Text,0,1
pacs.004.001.15,/Document/PmtRtr/TxInf/OrgnlTxRef/UndrlygCstmrCdtTrf/PrvsInstgAgt1/FinInstnId/PstlAdr/CareOf,CareOf,Max140Text,0,1
pacs.004.001.15,/Document/PmtRtr/TxInf/OrgnlTxRef/UndrlygCstmrCdtTrf/PrvsInstgAgt1/FinInstnId/PstlAdr/Dept,Dept,Max70Text,0,1
pacs.004.001.15,/Document/PmtRtr/TxInf/OrgnlTxRef/UndrlygCstmrCdtTrf/PrvsInstgAgt1/FinInstnId/PstlAdr/SubDept,SubDept,Max70Text,0,1
pacs.004.001.15,/Document/PmtRtr/TxInf/OrgnlTxRef/UndrlygCstmrCdtTrf/PrvsInstgAgt1/FinInstnId/PstlAdr/StrtNm,StrtNm,Max140Text,0,1
pacs.004.001.15,/Document/PmtRtr/TxInf/OrgnlTxRef/UndrlygCstmrCdtTrf/PrvsInstgAgt1/FinInstnId/PstlAdr/BldgNb,BldgNb,Max16Text,0,1
pacs.004.001.15,/Document/PmtRtr/TxInf/OrgnlTxRef/UndrlygCstmrCdtTrf/PrvsInstgAgt1/FinInstnId/PstlAdr/BldgNm,BldgNm,Max140Text,0,1
pacs.004.001.15,/Document/PmtRtr/TxInf/OrgnlTxRef/UndrlygCstmrCdtTrf/PrvsInstgAgt1/FinInstnId/PstlAdr/Flr,Flr,Max70Text,0,1
pacs.004.001.15,/Document/PmtRtr/TxInf/OrgnlTxRef/UndrlygCstmrCdtTrf/PrvsInstgAgt1/FinInstnId/PstlAdr/UnitNb,UnitNb,Max16Text,0,1
pacs.004.001.15,/Document/PmtRtr/TxInf/OrgnlTxRef/UndrlygCstmrCdtTrf/PrvsInstgAgt1/FinInstnId/PstlAdr/PstBx,PstBx,Max16Text,0,1
pacs.004.001.15,/Document/PmtRtr/TxInf/OrgnlTxRef/UndrlygCstmrCdtTrf/PrvsInstgAgt1/FinInstnId/PstlAdr/Room,Room,Max70Text,0,1
pacs.004.001.15,/Document/PmtRtr/TxInf/OrgnlTxRef/UndrlygCstmrCdtTrf/PrvsInstgAgt1/FinInstnId/PstlAdr/PstCd,PstCd,Max16Text,0,1
pacs.004.001.15,/Document/PmtRtr/TxInf/OrgnlTxRef/UndrlygCstmrCdtTrf/PrvsInstgAgt1/FinInstnId/PstlAdr/TwnNm,TwnNm,Max140Text,0,1
pacs.004.001.15,/Document/PmtRtr/TxInf/OrgnlTxRef/UndrlygCstmrCdtTrf/PrvsInstgAgt1/FinInstnId/PstlAdr/TwnLctnNm,TwnLctnNm,Max140Text,0,1
pacs.004.001.15,/Document/PmtRtr/TxInf/OrgnlTxRef/UndrlygCstmrCdtTrf/PrvsInstgAgt1/FinInstnId/PstlAdr/DstrctNm,DstrctNm,Max140Text,0,1
pacs.004.001.15,/Document/PmtRtr/TxInf/OrgnlTxRef/UndrlygCstmrCdtTrf/PrvsInstgAgt1/FinInstnId/PstlAdr/CtrySubDvsn,CtrySubDvsn,Max35Text,0,1
pacs.004.001.15,/Document/PmtRtr/TxInf/OrgnlTxRef/UndrlygCstmrCdtTrf/PrvsInstgAgt1/FinInstnId/PstlAdr/Ctry,Ctry,CountryCode,0,1
pacs.004.001.15,/Document/PmtRtr/TxInf/OrgnlTxRef/UndrlygCstmrCdtTrf/PrvsInstgAgt1/FinInstnId/PstlAdr/AdrLine,AdrLine,Max70Text,0,7
pacs.004.001.15,/Document/PmtRtr/TxInf/OrgnlTxRef/UndrlygCstmrCdtTrf/PrvsInstgAgt1/FinInstnId/Othr,Othr,GenericFinancialIdentification1,0,1
pacs.004.001.15,/Document/PmtRtr/TxInf/OrgnlTxRef/UndrlygCstmrCdtTrf/PrvsInstgAgt1/FinInstnId/Othr/Id,Id,Max35Text,1,1
pacs.004.001.15,/Document/PmtRtr/TxInf/OrgnlTxRef/UndrlygCstmrCdtTrf/PrvsInstgAgt1/FinInstnId/Othr/SchmeNm,SchmeNm,FinancialIdentificationSchemeName1Choice,0,1
pacs.004.001.15,/Document/PmtRtr/TxInf/OrgnlTxRef/UndrlygCstmrCdtTrf/PrvsInstgAgt1/FinInstnId/Othr/SchmeNm/Cd,Cd,ExternalFinancialInstitutionIdentification1Code,1,1
pacs.004.001.15,/Document/PmtRtr/TxInf/OrgnlTxRef/UndrlygCstmrCdtTrf/PrvsInstgAgt1/FinInstnId/Othr/SchmeNm/Prtry,Prtry,Max35Text,1,1
pacs.004.001.15,/Document/PmtRtr/TxInf/OrgnlTxRef/UndrlygCstmrCdtTrf/PrvsInstgAgt1/FinInstnId/Othr/Issr,Issr,Max35Text,0,1
pacs.004.001.15,/Document/PmtRtr/TxInf/OrgnlTxRef/UndrlygCstmrCdtTrf/PrvsInstgAgt1/BrnchId,BrnchId,BranchData5,0,1
pacs.004.001.15,/Document/PmtRtr/TxInf/OrgnlTxRef/UndrlygCstmrCdtTrf/PrvsInstgAgt1/BrnchId/Id,Id,Max35Text,0,1
pacs.004.001.15,/Document/PmtRtr/TxInf/OrgnlTxRef/UndrlygCstmrCdtTrf/PrvsInstgAgt1/BrnchId/LEI,LEI,LEIIdentifier,0,1
pacs.004.001.15,/Document/PmtRtr/TxInf/OrgnlTxRef/UndrlygCstmrCdtTrf/PrvsInstgAgt1/BrnchId/Nm,Nm,Max140Text,0,1
pacs.004.001.15,/Document/PmtRtr/TxInf/OrgnlTxRef/UndrlygCstmrCdtTrf/PrvsInstgAgt1/BrnchId/PstlAdr,PstlAdr,PostalAddress27,0,1
pacs.004.001.15,/Document/PmtRtr/TxInf/OrgnlTxRef/UndrlygCstmrCdtTrf/PrvsInstgAgt1/BrnchId/PstlAdr/AdrTp,AdrTp,AddressType3Choice,0,1
pacs.004.001.15,/Document/PmtRtr/TxInf/OrgnlTxRef/UndrlygCstmrCdtTrf/PrvsInstgAgt1/BrnchId/PstlAdr/AdrTp/Cd,Cd,AddressType2Code,1,1
pacs.004.001.15,/Document/PmtRtr/TxInf/OrgnlTxRef/UndrlygCstmrCdtTrf/PrvsInstgAgt1/BrnchId/PstlAdr/AdrTp/Prtry,Prtry,GenericIdentification30,1,1
pacs.004.001.15,/Document/PmtRtr/TxInf/OrgnlTxRef/UndrlygCstmrCdtTrf/PrvsInstgAgt1/BrnchId/PstlAdr/AdrTp/Prtry/Id,Id,Exact4AlphaNumericText,1,1
pacs.004.001.15,/Document/PmtRtr/TxInf/OrgnlTxRef/UndrlygCstmrCdtTrf/PrvsInstgAgt1/BrnchId/PstlAdr/AdrTp/Prtry/Issr,Issr,Max35Text,1,1
pacs.004.001.15,/Document/PmtRtr/TxInf/OrgnlTxRef/UndrlygCstmrCdtTrf/PrvsInstgAgt1/BrnchId/PstlAdr/AdrTp/Prtry/SchmeNm,SchmeNm,Max35Text,0,1
pacs.004.001.15,/Document/PmtRtr/TxInf/OrgnlTxRef/UndrlygCstmrCdtTrf/PrvsInstgAgt1/BrnchId/PstlAdr/CareOf,CareOf,Max140Text,0,1
pacs.004.001.15,/Document/PmtRtr/TxInf/OrgnlTxRef/UndrlygCstmrCdtTrf/PrvsInstgAgt1/BrnchId/PstlAdr/Dept,Dept,Max70Text,0,1
pacs.004.001.15,/Document/PmtRtr/TxInf/OrgnlTxRef/UndrlygCstmrCdtTrf/PrvsInstgAgt1/BrnchId/PstlAdr/SubDept,SubDept,Max70Text,0,1
pacs.004.001.15,/Document/PmtRtr/TxInf/OrgnlTxRef/UndrlygCstmrCdtTrf/PrvsInstgAgt1/BrnchId/PstlAdr/StrtNm,StrtNm,Max140Text,0,1
pacs.004.001.15,/Document/PmtRtr/TxInf/OrgnlTxRef/UndrlygCstmrCdtTrf/PrvsInstgAgt1/BrnchId/PstlAdr/BldgNb,BldgNb,Max16Text,0,1
pacs.004.001.15,/Document/PmtRtr/TxInf/OrgnlTxRef/UndrlygCstmrCdtTrf/PrvsInstgAgt1/BrnchId/PstlAdr/BldgNm,BldgNm,Max140Text,0,1
pacs.004.001.15,/Document/PmtRtr/TxInf/OrgnlTxRef/UndrlygCstmrCdtTrf/PrvsInstgAgt1/BrnchId/PstlAdr/Flr,Flr,Max70Text,0,1
pacs.004.001.15,/Document/PmtRtr/TxInf/OrgnlTxRef/UndrlygCstmrCdtTrf/PrvsInstgAgt1/BrnchId/PstlAdr/UnitNb,UnitNb,Max16Text,0,1
pacs.004.001.15,/Document/PmtRtr/TxInf/OrgnlTxRef/UndrlygCstmrCdtTrf/PrvsInstgAgt1/BrnchId/PstlAdr/PstBx,PstBx,Max16Text,0,1
pacs.004.001.15,/Document/PmtRtr/TxInf/OrgnlTxRef/UndrlygCstmrCdtTrf/PrvsInstgAgt1/BrnchId/PstlAdr/Room,Room,Max70Text,0,1
pacs.004.001.15,/Document/PmtRtr/TxInf/OrgnlTxRef/UndrlygCstmrCdtTrf/PrvsInstgAgt1/BrnchId/PstlAdr/PstCd,PstCd,Max16Text,0,1
pacs.004.001.15,/Document/PmtRtr/TxInf/OrgnlTxRef/UndrlygCstmrCdtTrf/PrvsInstgAgt1/BrnchId/PstlAdr/TwnNm,TwnNm,Max140Text,0,1
pacs.004.001.15,/Document/PmtRtr/TxInf/OrgnlTxRef/UndrlygCstmrCdtTrf/PrvsInstgAgt1/BrnchId/PstlAdr/TwnLctnNm,TwnLctnNm,Max140Text,0,1
pacs.004.001.15,/Document/PmtRtr/TxInf/OrgnlTxRef/UndrlygCstmrCdtTrf/PrvsInstgAgt1/BrnchId/PstlAdr/DstrctNm,DstrctNm,Max140Text,0,1
pacs.004.001.15,/Document/PmtRtr/TxInf/OrgnlTxRef/UndrlygCstmrCdtTrf/PrvsInstgAgt1/BrnchId/PstlAdr/CtrySubDvsn,CtrySubDvsn,Max35Text,0,1
pacs.004.001.15,/Document/PmtRtr/TxInf/OrgnlTxRef/UndrlygCstmrCdtTrf/PrvsInstgAgt1/BrnchId/PstlAdr/Ctry,Ctry,CountryCode,0,1
pacs.004.001.15,/Document/PmtRtr/TxInf/OrgnlTxRef/UndrlygCstmrCdtTrf/PrvsInstgAgt1/BrnchId/PstlAdr/AdrLine,AdrLine,Max70Text,0,7
pacs.004.001.15,/Document/PmtRtr/TxInf/OrgnlTxRef/UndrlygCstmrCdtTrf/PrvsInstgAgt1Acct,PrvsInstgAgt1Acct,CashAccount40,0,1
pacs.004.001.15,/Document/PmtRtr/TxInf/OrgnlTxRef/UndrlygCstmrCdtTrf/PrvsInstgAgt1Acct/Id,Id,AccountIdentification4Choice,0,1
pacs.004.001.15,/Document/PmtRtr/TxInf/OrgnlTxRef/UndrlygCstmrCdtTrf/PrvsInstgAgt1Acct/Id/IBAN,IBAN,IBAN2007Identifier,1,1
pacs.004.001.15,/Document/PmtRtr/TxInf/OrgnlTxRef/UndrlygCstmrCdtTrf/PrvsInstgAgt1Acct/Id/Othr,Othr,GenericAccountIdentification1,1,1
pacs.004.001.15,/Document/PmtRtr/TxInf/OrgnlTxRef/UndrlygCstmrCdtTrf/PrvsInstgAgt1Acct/Id/Othr/Id,Id,Max34Text,1,1
pacs.004.001.15,/Document/PmtRtr/TxInf/OrgnlTxRef/UndrlygCstmrCdtTrf/PrvsInstgAgt1Acct/Id/Othr/SchmeNm,SchmeNm,AccountSchemeName1Choice,0,1
pacs.004.001.15,/Document/PmtRtr/TxInf/OrgnlTxRef/UndrlygCstmrCdtTrf/PrvsInstgAgt1Acct/Id/Othr/SchmeNm/Cd,Cd,ExternalAccountIdentification1Code,1,1
pacs.004.001.15,/Document/PmtRtr/TxInf/OrgnlTxRef/UndrlygCstmrCdtTrf/PrvsInstgAgt1Acct/Id/Othr/SchmeNm/Prtry,Prtry,Max35Text,1,1
pacs.004.001.15,/Document/PmtRtr/TxInf/OrgnlTxRef/UndrlygCstmrCdtTrf/PrvsInstgAgt1Acct/Id/Othr/Issr,Issr,Max35Text,0,1
pacs.004.001.15,/Document/PmtRtr/TxInf/OrgnlTxRef/UndrlygCstmrCdtTrf/PrvsInstgAgt1Acct/Tp,Tp,CashAccountType2Choice,0,1
pacs.004.001.15,/Document/PmtRtr/TxInf/OrgnlTxRef/UndrlygCstmrCdtTrf/PrvsInstgAgt1Acct/Tp/Cd,Cd,ExternalCashAccountType1Code,1,1
pacs.004.001.15,/Document/PmtRtr/TxInf/OrgnlTxRef/UndrlygCstmrCdtTrf/PrvsInstgAgt1Acct/Tp/Prtry,Prtry,Max35Text,1,1
pacs.004.001.15,/Document/PmtRtr/TxInf/OrgnlTxRef/UndrlygCstmrCdtTrf/PrvsInstgAgt1Acct/Ccy,Ccy,ActiveOrHistoricCurrencyCode,0,1
pacs.004.001.15,/Document/PmtRtr/TxInf/OrgnlTxRef/UndrlygCstmrCdtTrf/PrvsInstgAgt1Acct/Nm,Nm,Max70Text,0,1
pacs.004.001.15,/Document/PmtRtr/TxInf/OrgnlTxRef/UndrlygCstmrCdtTrf/PrvsInstgAgt1Acct/Prxy,Prxy,ProxyAccountIdentification1,0,1
pacs.004.001.15,/Document/PmtRtr/TxInf/OrgnlTxRef/UndrlygCstmrCdtTrf/PrvsInstgAgt1Acct/Prxy/Tp,Tp,ProxyAccountType1Choice,0,1
pacs.004.001.15,/Document/PmtRtr/TxInf/OrgnlTxRef/UndrlygCstmrCdtTrf/PrvsInstgAgt1Acct/Prxy/Tp/Cd,Cd,ExternalProxyAccountType1Code,1,1
pacs.004.001.15,/Document/PmtRtr/TxInf/OrgnlTxRef/UndrlygCstmrCdtTrf/PrvsInstgAgt1Acct/Prxy/Tp/Prtry,Prtry,Max35Text,1,1
pacs.004.001.15,/Document/PmtRtr/TxInf/OrgnlTxRef/UndrlygCstmrCdtTrf/PrvsInstgAgt1Acct/Prxy/Id,Id,Max2048Text,1,1
pacs.004.001.15,/Document/PmtRtr/TxInf/OrgnlTxRef/UndrlygCstmrCdtTrf/PrvsInstgAgt2,PrvsInstgAgt2,BranchAndFinancialInstitutionIdentification8,0,1
pacs.004.001.15,/Document/PmtRtr/TxInf/OrgnlTxRef/UndrlygCstmrCdtTrf/PrvsInstgAgt2/FinInstnId,FinInstnId,FinancialInstitutionIdentification23,1,1
pacs.004.001.15,/Document/PmtRtr/TxInf/OrgnlTxRef/UndrlygCstmrCdtTrf/PrvsInstgAgt2/FinInstnId/BICFI,BICFI,BICFIDec2014Identifier,0,1
pacs.004.001.15,/Document/PmtRtr/TxInf/OrgnlTxRef/UndrlygCstmrCdtTrf/PrvsInstgAgt2/FinInstnId/ClrSysMmbId,ClrSysMmbId,ClearingSystemMemberIdentification2,0,1
pacs.004.001.15,/Document/PmtRtr/TxInf/OrgnlTxRef/UndrlygCstmrCdtTrf/PrvsInstgAgt2/FinInstnId/ClrSysMmbId/ClrSysId,ClrSysId,ClearingSystemIdentification2Choice,0,1
pacs.004.001.15,/Document/PmtRtr/TxInf/OrgnlTxRef/UndrlygCstmrCdtTrf/PrvsInstgAgt2/FinInstnId/ClrSysMmbId/ClrSysId/Cd,Cd,ExternalClearingSystemIdentification1Code,1,1
pacs.004.001.15,/Document/PmtRtr/TxInf/OrgnlTxRef/UndrlygCstmrCdtTrf/PrvsInstgAgt2/FinInstnId/ClrSysMmbId/ClrSysId/Prtry,Prtry,Max35Text,1,1
pacs.004.001.15,/Document/PmtRtr/TxInf/OrgnlTxRef/UndrlygCstmrCdtTrf/PrvsInstgAgt2/FinInstnId/ClrSysMmbId/MmbId,MmbId,Max35Text,1,1
pacs.004.001.15,/Document/PmtRtr/TxInf/OrgnlTxRef/UndrlygCstmrCdtTrf/PrvsInstgAgt2/FinInstnId/LEI,LEI,LEIIdentifier,0,1
pacs.004.001.15,/Document/PmtRtr/TxInf/OrgnlTxRef/UndrlygCstmrCdtTrf/PrvsInstgAgt2/FinInstnId/Nm,Nm,Max140Text,0,1
pacs.004.001.15,/Document/PmtRtr/TxInf/OrgnlTxRef/UndrlygCstmrCdtTrf/PrvsInstgAgt2/FinInstnId/PstlAdr,PstlAdr,PostalAddress27,0,1
pacs.004.001.15,/Document/PmtRtr/TxInf/OrgnlTxRef/UndrlygCstmrCdtTrf/PrvsInstgAgt2/FinInstnId/PstlAdr/AdrTp,AdrTp,AddressType3Choice,0,1
pacs.004.001.15,/Document/PmtRtr/TxInf/OrgnlTxRef/UndrlygCstmrCdtTrf/PrvsInstgAgt2/FinInstnId/PstlAdr/AdrTp/Cd,Cd,AddressType2Code,1,1
pacs.004.001.15,/Document/PmtRtr/TxInf/OrgnlTxRef/UndrlygCstmrCdtTrf/PrvsInstgAgt2/FinInstnId/PstlAdr/AdrTp/Prtry,Prtry,GenericIdentification30,1,1
pacs.004.001.15,/Document/PmtRtr/TxInf/OrgnlTxRef/UndrlygCstmrCdtTrf/PrvsInstgAgt2/FinInstnId/PstlAdr/AdrTp/Prtry/Id,Id,Exact4AlphaNumericText,1,1
pacs.004.001.15,/Document/PmtRtr/TxInf/OrgnlTxRef/UndrlygCstmrCdtTrf/PrvsInstgAgt2/FinInstnId/PstlAdr/AdrTp/Prtry/Issr,Issr,Max35Text,1,1
pacs.004.001.15,/Document/PmtRtr/TxInf/OrgnlTxRef/UndrlygCstmrCdtTrf/PrvsInstgAgt2/FinInstnId/PstlAdr/AdrTp/Prtry/SchmeNm,SchmeNm,Max35Text,0,1
pacs.004.001.15,/Document/PmtRtr/TxInf/OrgnlTxRef/UndrlygCstmrCdtTrf/PrvsInstgAgt2/FinInstnId/PstlAdr/CareOf,CareOf,Max140Text,0,1
pacs.004.001.15,/Document/PmtRtr/TxInf/OrgnlTxRef/UndrlygCstmrCdtTrf/PrvsInstgAgt2/FinInstnId/PstlAdr/Dept,Dept,Max70Text,0,1
pacs.004.001.15,/Document/PmtRtr/TxInf/OrgnlTxRef/UndrlygCstmrCdtTrf/PrvsInstgAgt2/FinInstnId/PstlAdr/SubDept,SubDept,Max70Text,0,1
pacs.004.001.15,/Document/PmtRtr/TxInf/OrgnlTxRef/UndrlygCstmrCdtTrf/PrvsInstgAgt2/FinInstnId/PstlAdr/StrtNm,StrtNm,Max140Text,0,1
pacs.004.001.15,/Document/PmtRtr/TxInf/OrgnlTxRef/UndrlygCstmrCdtTrf/PrvsInstgAgt2/FinInstnId/PstlAdr/BldgNb,BldgNb,Max16Text,0,1
pacs.004.001.15,/Document/PmtRtr/TxInf/OrgnlTxRef/UndrlygCstmrCdtTrf/PrvsInstgAgt2/FinInstnId/PstlAdr/BldgNm,BldgNm,Max140Text,0,1
pacs.004.001.15,/Document/PmtRtr/TxInf/OrgnlTxRef/UndrlygCstmrCdtTrf/PrvsInstgAgt2/FinInstnId/PstlAdr/Flr,Flr,Max70Text,0,1
pacs.004.001.15,/Document/PmtRtr/TxInf/OrgnlTxRef/UndrlygCstmrCdtTrf/PrvsInstgAgt2/FinInstnId/PstlAdr/UnitNb,UnitNb,Max16Text,0,1
pacs.004.001.15,/Document/PmtRtr/TxInf/OrgnlTxRef/UndrlygCstmrCdtTrf/PrvsInstgAgt2/FinInstnId/PstlAdr/PstBx,PstBx,Max16Text,0,1
pacs.004.001.15,/Document/PmtRtr/TxInf/OrgnlTxRef/UndrlygCstmrCdtTrf/PrvsInstgAgt2/FinInstnId/PstlAdr/Room,Room,Max70Text,0,1
pacs.004.001.15,/Document/PmtRtr/TxInf/OrgnlTxRef/UndrlygCstmrCdtTrf/PrvsInstgAgt2/FinInstnId/PstlAdr/PstCd,PstCd,Max16Text,0,1
pacs.004.001.15,/Document/PmtRtr/TxInf/OrgnlTxRef/UndrlygCstmrCdtTrf/PrvsInstgAgt2/FinInstnId/PstlAdr/TwnNm,TwnNm,Max140Text,0,1
pacs.004.001.15,/Document/PmtRtr/TxInf/OrgnlTxRef/UndrlygCstmrCdtTrf/PrvsInstgAgt2/FinInstnId/PstlAdr/TwnLctnNm,TwnLctnNm,Max140Text,0,1
pacs.004.001.15,/Document/PmtRtr/TxInf/OrgnlTxRef/UndrlygCstmrCdtTrf/PrvsInstgAgt2/FinInstnId/PstlAdr/DstrctNm,DstrctNm,Max140Text,0,1
pacs.004.001.15,/Document/PmtRtr/TxInf/OrgnlTxRef/UndrlygCstmrCdtTrf/PrvsInstgAgt2/FinInstnId/PstlAdr/CtrySubDvsn,CtrySubDvsn,Max35Text,0,1
pacs.004.001.15,/Document/PmtRtr/TxInf/OrgnlTxRef/UndrlygCstmrCdtTrf/PrvsInstgAgt2/FinInstnId/PstlAdr/Ctry,Ctry,CountryCode,0,1
pacs.004.001.15,/Document/PmtRtr/TxInf/OrgnlTxRef/UndrlygCstmrCdtTrf/PrvsInstgAgt2/FinInstnId/PstlAdr/AdrLine,AdrLine,Max70Text,0,7
pacs.004.001.15,/Document/PmtRtr/TxInf/OrgnlTxRef/UndrlygCstmrCdtTrf/PrvsInstgAgt2/FinInstnId/Othr,Othr,GenericFinancialIdentification1,0,1
pacs.004.001.15,/Document/PmtRtr/TxInf/OrgnlTxRef/UndrlygCstmrCdtTrf/PrvsInstgAgt2/FinInstnId/Othr/Id,Id,Max35Text,1,1
pacs.004.001.15,/Document/PmtRtr/TxInf/OrgnlTxRef/UndrlygCstmrCdtTrf/PrvsInstgAgt2/FinInstnId/Othr/SchmeNm,SchmeNm,FinancialIdentificationSchemeName1Choice,0,1
pacs.004.001.15,/Document/PmtRtr/TxInf/OrgnlTxRef/UndrlygCstmrCdtTrf/PrvsInstgAgt2/FinInstnId/Othr/SchmeNm/Cd,Cd,ExternalFinancialInstitutionIdentification1Code,1,1
pacs.004.001.15,/Document/PmtRtr/TxInf/OrgnlTxRef/UndrlygCstmrCdtTrf/PrvsInstgAgt2/FinInstnId/Othr/SchmeNm/Prtry,Prtry,Max35Text,1,1
pacs.004.001.15,/Document/PmtRtr/TxInf/OrgnlTxRef/UndrlygCstmrCdtTrf/PrvsInstgAgt2/FinInstnId/Othr/Issr,Issr,Max35Text,0,1
pacs.004.001.15,/Document/PmtRtr/TxInf/OrgnlTxRef/UndrlygCstmrCdtTrf/PrvsInstgAgt2/BrnchId,BrnchId,BranchData5,0,1
pacs.004.001.15,/Document/PmtRtr/TxInf/OrgnlTxRef/UndrlygCstmrCdtTrf/PrvsInstgAgt2/BrnchId/Id,Id,Max35Text,0,1
pacs.004.001.15,/Document/PmtRtr/TxInf/OrgnlTxRef/UndrlygCstmrCdtTrf/PrvsInstgAgt2/BrnchId/LEI,LEI,LEIIdentifier,0,1
pacs.004.001.15,/Document/PmtRtr/TxInf/OrgnlTxRef/UndrlygCstmrCdtTrf/PrvsInstgAgt2/BrnchId/Nm,Nm,Max140Text,0,1
pacs.004.001.15,/Document/PmtRtr/TxInf/OrgnlTxRef/UndrlygCstmrCdtTrf/PrvsInstgAgt2/BrnchId/PstlAdr,PstlAdr,PostalAddress27,0,1
pacs.004.001.15,/Document/PmtRtr/TxInf/OrgnlTxRef/UndrlygCstmrCdtTrf/PrvsInstgAgt2/BrnchId/PstlAdr/AdrTp,AdrTp,AddressType3Choice,0,1
pacs.004.001.15,/Document/PmtRtr/TxInf/OrgnlTxRef/UndrlygCstmrCdtTrf/PrvsInstgAgt2/BrnchId/PstlAdr/AdrTp/Cd,Cd,AddressType2Code,1,1
pacs.004.001.15,/Document/PmtRtr/TxInf/OrgnlTxRef/UndrlygCstmrCdtTrf/PrvsInstgAgt2/BrnchId/PstlAdr/AdrTp/Prtry,Prtry,GenericIdentification30,1,1
pacs.004.001.15,/Document/PmtRtr/TxInf/OrgnlTxRef/UndrlygCstmrCdtTrf/PrvsInstgAgt2/BrnchId/PstlAdr/AdrTp/Prtry/Id,Id,Exact4AlphaNumericText,1,1
pacs.004.001.15,/Document/PmtRtr/TxInf/OrgnlTxRef/UndrlygCstmrCdtTrf/PrvsInstgAgt2/BrnchId/PstlAdr/AdrTp/Prtry/Issr,Issr,Max35Text,1,1
pacs.004.001.15,/Document/PmtRtr/TxInf/OrgnlTxRef/UndrlygCstmrCdtTrf/PrvsInstgAgt2/BrnchId/PstlAdr/AdrTp/Prtry/SchmeNm,SchmeNm,Max35Text,0,1
pacs.004.001.15,/Document/PmtRtr/TxInf/OrgnlTxRef/UndrlygCstmrCdtTrf/PrvsInstgAgt2/BrnchId/PstlAdr/CareOf,CareOf,Max140Text,0,1
pacs.004.001.15,/Document/PmtRtr/TxInf/OrgnlTxRef/UndrlygCstmrCdtTrf/PrvsInstgAgt2/BrnchId/PstlAdr/Dept,Dept,Max70Text,0,1
pacs.004.001.15,/Document/PmtRtr/TxInf/OrgnlTxRef/UndrlygCstmrCdtTrf/PrvsInstgAgt2/BrnchId/PstlAdr/SubDept,SubDept,Max70Text,0,1
pacs.004.001.15,/Document/PmtRtr/TxInf/OrgnlTxRef/UndrlygCstmrCdtTrf/PrvsInstgAgt2/BrnchId/PstlAdr/StrtNm,StrtNm,Max140Text,0,1
pacs.004.001.15,/Document/PmtRtr/TxInf/OrgnlTxRef/UndrlygCstmrCdtTrf/PrvsInstgAgt2/BrnchId/PstlAdr/BldgNb,BldgNb,Max16Text,0,1
pacs.004.001.15,/Document/PmtRtr/TxInf/OrgnlTxRef/UndrlygCstmrCdtTrf/PrvsInstgAgt2/BrnchId/PstlAdr/BldgNm,BldgNm,Max140Text,0,1
pacs.004.001.15,/Document/PmtRtr/TxInf/OrgnlTxRef/UndrlygCstmrCdtTrf/PrvsInstgAgt2/BrnchId/PstlAdr/Flr,Flr,Max70Text,0,1
pacs.004.001.15,/Document/PmtRtr/TxInf/OrgnlTxRef/UndrlygCstmrCdtTrf/PrvsInstgAgt2/BrnchId/PstlAdr/UnitNb,UnitNb,Max16Text,0,1
pacs.004.001.15,/Document/PmtRtr/TxInf/OrgnlTxRef/UndrlygCstmrCdtTrf/PrvsInstgAgt2/BrnchId/PstlAdr/PstBx,PstBx,Max16Text,0,1
pacs.004.001.15,/Document/PmtRtr/TxInf/OrgnlTxRef/UndrlygCstmrCdtTrf/PrvsInstgAgt2/BrnchId/PstlAdr/Room,Room,Max70Text,0,1
pacs.004.001.15,/Document/PmtRtr/TxInf/OrgnlTxRef/UndrlygCstmrCdtTrf/PrvsInstgAgt2/BrnchId/PstlAdr/PstCd,PstCd,Max16Text,0,1
pacs.004.001.15,/Document/PmtRtr/TxInf/OrgnlTxRef/UndrlygCstmrCdtTrf/PrvsInstgAgt2/BrnchId/PstlAdr/TwnNm,TwnNm,Max140Text,0,1
pacs.004.001.15,/Document/PmtRtr/TxInf/OrgnlTxRef/UndrlygCstmrCdtTrf/PrvsInstgAgt2/BrnchId/PstlAdr/TwnLctnNm,TwnLctnNm,Max140Text,0,1
pacs.004.001.15,/Document/PmtRtr/TxInf/OrgnlTxRef/UndrlygCstmrCdtTrf/PrvsInstgAgt2/BrnchId/PstlAdr/DstrctNm,DstrctNm,Max140Text,0,1
pacs.004.001.15,/Document/PmtRtr/TxInf/OrgnlTxRef/UndrlygCstmrCdtTrf/PrvsInstgAgt2/BrnchId/PstlAdr/CtrySubDvsn,CtrySubDvsn,Max35Text,0,1
pacs.004.001.15,/Document/PmtRtr/TxInf/OrgnlTxRef/UndrlygCstmrCdtTrf/PrvsInstgAgt2/BrnchId/PstlAdr/Ctry,Ctry,CountryCode,0,1
pacs.004.001.15,/Document/PmtRtr/TxInf/OrgnlTxRef/UndrlygCstmrCdtTrf/PrvsInstgAgt2/BrnchId/PstlAdr/AdrLine,AdrLine,Max70Text,0,7
pacs.004.001.15,/Document/PmtRtr/TxInf/OrgnlTxRef/UndrlygCstmrCdtTrf/PrvsInstgAgt2Acct,PrvsInstgAgt2Acct,CashAccount40,0,1
pacs.004.001.15,/Document/PmtRtr/TxInf/OrgnlTxRef/UndrlygCstmrCdtTrf/PrvsInstgAgt2Acct/Id,Id,AccountIdentification4Choice,0,1
pacs.004.001.15,/Document/PmtRtr/TxInf/OrgnlTxRef/UndrlygCstmrCdtTrf/PrvsInstgAgt2Acct/Id/IBAN,IBAN,IBAN2007Identifier,1,1
pacs.004.001.15,/Document/PmtRtr/TxInf/OrgnlTxRef/UndrlygCstmrCdtTrf/PrvsInstgAgt2Acct/Id/Othr,Othr,GenericAccountIdentification1,1,1
pacs.004.001.15,/Document/PmtRtr/TxInf/OrgnlTxRef/UndrlygCstmrCdtTrf/PrvsInstgAgt2Acct/Id/Othr/Id,Id,Max34Text,1,1
pacs.004.001.15,/Document/PmtRtr/TxInf/OrgnlTxRef/UndrlygCstmrCdtTrf/PrvsInstgAgt2Acct/Id/Othr/SchmeNm,SchmeNm,AccountSchemeName1Choice,0,1
pacs.004.001.15,/Document/PmtRtr/TxInf/OrgnlTxRef/UndrlygCstmrCdtTrf/PrvsInstgAgt2Acct/Id/Othr/SchmeNm/Cd,Cd,ExternalAccountIdentification1Code,1,1
pacs.004.001.15,/Document/PmtRtr/TxInf/OrgnlTxRef/UndrlygCstmrCdtTrf/PrvsInstgAgt2Acct/Id/Othr/SchmeNm/Prtry,Prtry,Max35Text,1,1
pacs.004.001.15,/Document/PmtRtr/TxInf/OrgnlTxRef/UndrlygCstmrCdtTrf/PrvsInstgAgt2Acct/Id/Othr/Issr,Issr,Max35Text,0,1
pacs.004.001.15,/Document/PmtRtr/TxInf/OrgnlTxRef/UndrlygCstmrCdtTrf/PrvsInstgAgt2Acct/Tp,Tp,CashAccountType2Choice,0,1
pacs.004.001.15,/Document/PmtRtr/TxInf/OrgnlTxRef/UndrlygCstmrCdtTrf/PrvsInstgAgt2Acct/Tp/Cd,Cd,ExternalCashAccountType1Code,1,1
pacs.004.001.15,/Document/PmtRtr/TxInf/OrgnlTxRef/UndrlygCstmrCdtTrf/PrvsInstgAgt2Acct/Tp/Prtry,Prtry,Max35Text,1,1
pacs.004.001.15,/Document/PmtRtr/TxInf/OrgnlTxRef/UndrlygCstmrCdtTrf/PrvsInstgAgt2Acct/Ccy,Ccy,ActiveOrHistoricCurrencyCode,0,1
pacs.004.001.15,/Document/PmtRtr/TxInf/OrgnlTxRef/UndrlygCstmrCdtTrf/PrvsInstgAgt2Acct/Nm,Nm,Max70Text,0,1
pacs.004.001.15,/Document/PmtRtr/TxInf/OrgnlTxRef/UndrlygCstmrCdtTrf/PrvsInstgAgt2Acct/Prxy,Prxy,ProxyAccountIdentification1,0,1
pacs.004.001.15,/Document/PmtRtr/TxInf/OrgnlTxRef/UndrlygCstmrCdtTrf/PrvsInstgAgt2Acct/Prxy/Tp,Tp,ProxyAccountType1Choice,0,1
pacs.004.001.15,/Document/PmtRtr/TxInf/OrgnlTxRef/UndrlygCstmrCdtTrf/PrvsInstgAgt2Acct/Prxy/Tp/Cd,Cd,ExternalProxyAccountType1Code,1,1
pacs.004.001.15,/Document/PmtRtr/TxInf/OrgnlTxRef/UndrlygCstmrCdtTrf/PrvsInstgAgt2Acct/Prxy/Tp/Prtry,Prtry,Max35Text,1,1
pacs.004.001.15,/Document/PmtRtr/TxInf/OrgnlTxRef/UndrlygCstmrCdtTrf/PrvsInstgAgt2Acct/Prxy/Id,Id,Max2048Text,1,1
pacs.004.001.15,/Document/PmtRtr/TxInf/OrgnlTxRef/UndrlygCstmrCdtTrf/PrvsInstgAgt3,PrvsInstgAgt3,BranchAndFinancialInstitutionIdentification8,0,1
pacs.004.001.15,/Document/PmtRtr/TxInf/OrgnlTxRef/UndrlygCstmrCdtTrf/PrvsInstgAgt3/FinInstnId,FinInstnId,FinancialInstitutionIdentification23,1,1
pacs.004.001.15,/Document/PmtRtr/TxInf/OrgnlTxRef/UndrlygCstmrCdtTrf/PrvsInstgAgt3/FinInstnId/BICFI,BICFI,BICFIDec2014Identifier,0,1
pacs.004.001.15,/Document/PmtRtr/TxInf/OrgnlTxRef/UndrlygCstmrCdtTrf/PrvsInstgAgt3/FinInstnId/ClrSysMmbId,ClrSysMmbId,ClearingSystemMemberIdentification2,0,1
pacs.004.001.15,/Document/PmtRtr/TxInf/OrgnlTxRef/UndrlygCstmrCdtTrf/PrvsInstgAgt3/FinInstnId/ClrSysMmbId/ClrSysId,ClrSysId,ClearingSystemIdentification2Choice,0,1
pacs.004.001.15,/Document/PmtRtr/TxInf/OrgnlTxRef/UndrlygCstmrCdtTrf/PrvsInstgAgt3/FinInstnId/ClrSysMmbId/ClrSysId/Cd,Cd,ExternalClearingSystemIdentification1Code,1,1
pacs.004.001.15,/Document/PmtRtr/TxInf/OrgnlTxRef/UndrlygCstmrCdtTrf/PrvsInstgAgt3/FinInstnId/ClrSysMmbId/ClrSysId/Prtry,Prtry,Max35Text,1,1
pacs.004.001.15,/Document/PmtRtr/TxInf/OrgnlTxRef/UndrlygCstmrCdtTrf/PrvsInstgAgt3/FinInstnId/ClrSysMmbId/MmbId,MmbId,Max35Text,1,1
pacs.004.001.15,/Document/PmtRtr/TxInf/OrgnlTxRef/UndrlygCstmrCdtTrf/PrvsInstgAgt3/FinInstnId/LEI,LEI,LEIIdentifier,0,1
pacs.004.001.15,/Document/PmtRtr/TxInf/OrgnlTxRef/UndrlygCstmrCdtTrf/PrvsInstgAgt3/FinInstnId/Nm,Nm,Max140Text,0,1
pacs.004.001.15,/Document/PmtRtr/TxInf/OrgnlTxRef/UndrlygCstmrCdtTrf/PrvsInstgAgt3/FinInstnId/PstlAdr,PstlAdr,PostalAddress27,0,1
pacs.004.001.15,/Document/PmtRtr/TxInf/OrgnlTxRef/UndrlygCstmrCdtTrf/PrvsInstgAgt3/FinInstnId/PstlAdr/AdrTp,AdrTp,AddressType3Choice,0,1
pacs.004.001.15,/Document/PmtRtr/TxInf/OrgnlTxRef/UndrlygCstmrCdtTrf/PrvsInstgAgt3/FinInstnId/PstlAdr/AdrTp/Cd,Cd,AddressType2Code,1,1
pacs.004.001.15,/Document/PmtRtr/TxInf/OrgnlTxRef/UndrlygCstmrCdtTrf/PrvsInstgAgt3/FinInstnId/PstlAdr/AdrTp/Prtry,Prtry,GenericIdentification30,1,1
pacs.004.001.15,/Document/PmtRtr/TxInf/OrgnlTxRef/UndrlygCstmrCdtTrf/PrvsInstgAgt3/FinInstnId/PstlAdr/AdrTp/Prtry/Id,Id,Exact4AlphaNumericText,1,1
pacs.004.001.15,/Document/PmtRtr/TxInf/OrgnlTxRef/UndrlygCstmrCdtTrf/PrvsInstgAgt3/FinInstnId/PstlAdr/AdrTp/Prtry/Issr,Issr,Max35Text,1,1
pacs.004.001.15,/Document/PmtRtr/TxInf/OrgnlTxRef/UndrlygCstmrCdtTrf/PrvsInstgAgt3/FinInstnId/PstlAdr/AdrTp/Prtry/SchmeNm,SchmeNm,Max35Text,0,1
pacs.004.001.15,/Document/PmtRtr/TxInf/OrgnlTxRef/UndrlygCstmrCdtTrf/PrvsInstgAgt3/FinInstnId/PstlAdr/CareOf,CareOf,Max140Text,0,1
pacs.004.001.15,/Document/PmtRtr/TxInf/OrgnlTxRef/UndrlygCstmrCdtTrf/PrvsInstgAgt3/FinInstnId/PstlAdr/Dept,Dept,Max70Text,0,1
pacs.004.001.15,/Document/PmtRtr/TxInf/OrgnlTxRef/UndrlygCstmrCdtTrf/PrvsInstgAgt3/FinInstnId/PstlAdr/SubDept,SubDept,Max70Text,0,1
pacs.004.001.15,/Document/PmtRtr/TxInf/OrgnlTxRef/UndrlygCstmrCdtTrf/PrvsInstgAgt3/FinInstnId/PstlAdr/StrtNm,StrtNm,Max140Text,0,1
pacs.004.001.15,/Document/PmtRtr/TxInf/OrgnlTxRef/UndrlygCstmrCdtTrf/PrvsInstgAgt3/FinInstnId/PstlAdr/BldgNb,BldgNb,Max16Text,0,1
pacs.004.001.15,/Document/PmtRtr/TxInf/OrgnlTxRef/UndrlygCstmrCdtTrf/PrvsInstgAgt3/FinInstnId/PstlAdr/BldgNm,BldgNm,Max140Text,0,1
pacs.004.001.15,/Document/PmtRtr/TxInf/OrgnlTxRef/UndrlygCstmrCdtTrf/PrvsInstgAgt3/FinInstnId/PstlAdr/Flr,Flr,Max70Text,0,1
pacs.004.001.15,/Document/PmtRtr/TxInf/OrgnlTxRef/UndrlygCstmrCdtTrf/PrvsInstgAgt3/FinInstnId/PstlAdr/UnitNb,UnitNb,Max16Text,0,1
pacs.004.001.15,/Document/PmtRtr/TxInf/OrgnlTxRef/UndrlygCstmrCdtTrf/PrvsInstgAgt3/FinInstnId/PstlAdr/PstBx,PstBx,Max16Text,0,1
pacs.004.001.15,/Document/PmtRtr/TxInf/OrgnlTxRef/UndrlygCstmrCdtTrf/PrvsInstgAgt3/FinInstnId/PstlAdr/Room,Room,Max70Text,0,1
pacs.004.001.15,/Document/PmtRtr/TxInf/OrgnlTxRef/UndrlygCstmrCdtTrf/PrvsInstgAgt3/FinInstnId/PstlAdr/PstCd,PstCd,Max16Text,0,1
pacs.004.001.15,/Document/PmtRtr/TxInf/OrgnlTxRef/UndrlygCstmrCdtTrf/PrvsInstgAgt3/FinInstnId/PstlAdr/TwnNm,TwnNm,Max140Text,0,1
pacs.004.001.15,/Document/PmtRtr/TxInf/OrgnlTxRef/UndrlygCstmrCdtTrf/PrvsInstgAgt3/FinInstnId/PstlAdr/TwnLctnNm,TwnLctnNm,Max140Text,0,1
pacs.004.001.15,/Document/PmtRtr/TxInf/OrgnlTxRef/UndrlygCstmrCdtTrf/PrvsInstgAgt3/FinInstnId/PstlAdr/DstrctNm,DstrctNm,Max140Text,0,1
pacs.004.001.15,/Document/PmtRtr/TxInf/OrgnlTxRef/UndrlygCstmrCdtTrf/PrvsInstgAgt3/FinInstnId/PstlAdr/CtrySubDvsn,CtrySubDvsn,Max35Text,0,1
pacs.004.001.15,/Document/PmtRtr/TxInf/OrgnlTxRef/UndrlygCstmrCdtTrf/PrvsInstgAgt3/FinInstnId/PstlAdr/Ctry,Ctry,CountryCode,0,1
pacs.004.001.15,/Document/PmtRtr/TxInf/OrgnlTxRef/UndrlygCstmrCdtTrf/PrvsInstgAgt3/FinInstnId/PstlAdr/AdrLine,AdrLine,Max70Text,0,7
pacs.004.001.15,/Document/PmtRtr/TxInf/OrgnlTxRef/UndrlygCstmrCdtTrf/PrvsInstgAgt3/FinInstnId/Othr,Othr,GenericFinancialIdentification1,0,1
pacs.004.001.15,/Document/PmtRtr/TxInf/OrgnlTxRef/UndrlygCstmrCdtTrf/PrvsInstgAgt3/FinInstnId/Othr/Id,Id,Max35Text,1,1
pacs.004.001.15,/Document/PmtRtr/TxInf/OrgnlTxRef/UndrlygCstmrCdtTrf/PrvsInstgAgt3/FinInstnId/Othr/SchmeNm,SchmeNm,FinancialIdentificationSchemeName1Choice,0,1
pacs.004.001.15,/Document/PmtRtr/TxInf/OrgnlTxRef/UndrlygCstmrCdtTrf/PrvsInstgAgt3/FinInstnId/Othr/SchmeNm/Cd,Cd,ExternalFinancialInstitutionIdentification1Code,1,1
pacs.004.001.15,/Document/PmtRtr/TxInf/OrgnlTxRef/UndrlygCstmrCdtTrf/PrvsInstgAgt3/FinInstnId/Othr/SchmeNm/Prtry,Prtry,Max35Text,1,1
pacs.004.001.15,/Document/PmtRtr/TxInf/OrgnlTxRef/UndrlygCstmrCdtTrf/PrvsInstgAgt3/FinInstnId/Othr/Issr,Issr,Max35Text,0,1
pacs.004.001.15,/Document/PmtRtr/TxInf/OrgnlTxRef/UndrlygCstmrCdtTrf/PrvsInstgAgt3/BrnchId,BrnchId,BranchData5,0,1
pacs.004.001.15,/Document/PmtRtr/TxInf/OrgnlTxRef/UndrlygCstmrCdtTrf/PrvsInstgAgt3/BrnchId/Id,Id,Max35Text,0,1
pacs.004.001.15,/Document/PmtRtr/TxInf/OrgnlTxRef/UndrlygCstmrCdtTrf/PrvsInstgAgt3/BrnchId/LEI,LEI,LEIIdentifier,0,1
pacs.004.001.15,/Document/PmtRtr/TxInf/OrgnlTxRef/UndrlygCstmrCdtTrf/PrvsInstgAgt3/BrnchId/Nm,Nm,Max140Text,0,1
pacs.004.001.15,/Document/PmtRtr/TxInf/OrgnlTxRef/UndrlygCstmrCdtTrf/PrvsInstgAgt3/BrnchId/PstlAdr,PstlAdr,PostalAddress27,0,1
pacs.004.001.15,/Document/PmtRtr/TxInf/OrgnlTxRef/UndrlygCstmrCdtTrf/PrvsInstgAgt3/BrnchId/PstlAdr/AdrTp,AdrTp,AddressType3Choice,0,1
pacs.004.001.15,/Document/PmtRtr/TxInf/OrgnlTxRef/UndrlygCstmrCdtTrf/PrvsInstgAgt3/BrnchId/PstlAdr/AdrTp/Cd,Cd,AddressType2Code,1,1
pacs.004.001.15,/Document/PmtRtr/TxInf/OrgnlTxRef/UndrlygCstmrCdtTrf/PrvsInstgAgt3/BrnchId/PstlAdr/AdrTp/Prtry,Prtry,GenericIdentification30,1,1
pacs.004.001.15,/Document/PmtRtr/TxInf/OrgnlTxRef/UndrlygCstmrCdtTrf/PrvsInstgAgt3/BrnchId/PstlAdr/AdrTp/Prtry/Id,Id,Exact4AlphaNumericText,1,1
pacs.004.001.15,/Document/PmtRtr/TxInf/OrgnlTxRef/UndrlygCstmrCdtTrf/PrvsInstgAgt3/BrnchId/PstlAdr/AdrTp/Prtry/Issr,Issr,Max35Text,1,1
pacs.004.001.15,/Document/PmtRtr/TxInf/OrgnlTxRef/UndrlygCstmrCdtTrf/PrvsInstgAgt3/BrnchId/PstlAdr/AdrTp/Prtry/SchmeNm,SchmeNm,Max35Text,0,1
pacs.004.001.15,/Document/PmtRtr/TxInf/OrgnlTxRef/UndrlygCstmrCdtTrf/PrvsInstgAgt3/BrnchId/PstlAdr/CareOf,CareOf,Max140Text,0,1
pacs.004.001.15,/Document/PmtRtr/TxInf/OrgnlTxRef/UndrlygCstmrCdtTrf/PrvsInstgAgt3/BrnchId/PstlAdr/Dept,Dept,Max70Text,0,1
pacs.004.001.15,/Document/PmtRtr/TxInf/OrgnlTxRef/UndrlygCstmrCdtTrf/PrvsInstgAgt3/BrnchId/PstlAdr/SubDept,SubDept,Max70Text,0,1
pacs.004.001.15,/Document/PmtRtr/TxInf/OrgnlTxRef/UndrlygCstmrCdtTrf/PrvsInstgAgt3/BrnchId/PstlAdr/StrtNm,StrtNm,Max140Text,0,1
pacs.004.001.15,/Document/PmtRtr/TxInf/OrgnlTxRef/UndrlygCstmrCdtTrf/PrvsInstgAgt3/BrnchId/PstlAdr/BldgNb,BldgNb,Max16Text,0,1
pacs.004.001.15,/Document/PmtRtr/TxInf/OrgnlTxRef/UndrlygCstmrCdtTrf/PrvsInstgAgt3/BrnchId/PstlAdr/BldgNm,BldgNm,Max140Text,0,1
pacs.004.001.15,/Document/PmtRtr/TxInf/OrgnlTxRef/UndrlygCstmrCdtTrf/PrvsInstgAgt3/BrnchId/PstlAdr/Flr,Flr,Max70Text,0,1
pacs.004.001.15,/Document/PmtRtr/TxInf/OrgnlTxRef/UndrlygCstmrCdtTrf/PrvsInstgAgt3/BrnchId/PstlAdr/UnitNb,UnitNb,Max16Text,0,1
pacs.004.001.15,/Document/PmtRtr/TxInf/OrgnlTxRef/UndrlygCstmrCdtTrf/PrvsInstgAgt3/BrnchId/PstlAdr/PstBx,PstBx,Max16Text,0,1
pacs.004.001.15,/Document/PmtRtr/TxInf/OrgnlTxRef/UndrlygCstmrCdtTrf/PrvsInstgAgt3/BrnchId/PstlAdr/Room,Room,Max70Text,0,1
pacs.004.001.15,/Document/PmtRtr/TxInf/OrgnlTxRef/UndrlygCstmrCdtTrf/PrvsInstgAgt3/BrnchId/PstlAdr/PstCd,PstCd,Max16Text,0,1
pacs.004.001.15,/Document/PmtRtr/TxInf/OrgnlTxRef/UndrlygCstmrCdtTrf/PrvsInstgAgt3/BrnchId/PstlAdr/TwnNm,TwnNm,Max140Text,0,1
pacs.004.001.15,/Document/PmtRtr/TxInf/OrgnlTxRef/UndrlygCstmrCdtTrf/PrvsInstgAgt3/BrnchId/PstlAdr/TwnLctnNm,TwnLctnNm,Max140Text,0,1
pacs.004.001.15,/Document/PmtRtr/TxInf/OrgnlTxRef/UndrlygCstmrCdtTrf/PrvsInstgAgt3/BrnchId/PstlAdr/DstrctNm,DstrctNm,Max140Text,0,1
pacs.004.001.15,/Document/PmtRtr/TxInf/OrgnlTxRef/UndrlygCstmrCdtTrf/PrvsInstgAgt3/BrnchId/PstlAdr/CtrySubDvsn,CtrySubDvsn,Max35Text,0,1
pacs.004.001.15,/Document/PmtRtr/TxInf/OrgnlTxRef/UndrlygCstmrCdtTrf/PrvsInstgAgt3/BrnchId/PstlAdr/Ctry,Ctry,CountryCode,0,1
pacs.004.001.15,/Document/PmtRtr/TxInf/OrgnlTxRef/UndrlygCstmrCdtTrf/PrvsInstgAgt3/BrnchId/PstlAdr/AdrLine,AdrLine,Max70Text,0,7
pacs.004.001.15,/Document/PmtRtr/TxInf/OrgnlTxRef/UndrlygCstmrCdtTrf/PrvsInstgAgt3Acct,PrvsInstgAgt3Acct,CashAccount40,0,1
pacs.004.001.15,/Document/PmtRtr/TxInf/OrgnlTxRef/UndrlygCstmrCdtTrf/PrvsInstgAgt3Acct/Id,Id,AccountIdentification4Choice,0,1
pacs.004.001.15,/Document/PmtRtr/TxInf/OrgnlTxRef/UndrlygCstmrCdtTrf/PrvsInstgAgt3Acct/Id/IBAN,IBAN,IBAN2007Identifier,1,1
pacs.004.001.15,/Document/PmtRtr/TxInf/OrgnlTxRef/UndrlygCstmrCdtTrf/PrvsInstgAgt3Acct/Id/Othr,Othr,GenericAccountIdentification1,1,1
pacs.004.001.15,/Document/PmtRtr/TxInf/OrgnlTxRef/UndrlygCstmrCdtTrf/PrvsInstgAgt3Acct/Id/Othr/Id,Id,Max34Text,1,1
pacs.004.001.15,/Document/PmtRtr/TxInf/OrgnlTxRef/UndrlygCstmrCdtTrf/PrvsInstgAgt3Acct/Id/Othr/SchmeNm,SchmeNm,AccountSchemeName1Choice,0,1
pacs.004.001.15,/Document/PmtRtr/TxInf/OrgnlTxRef/UndrlygCstmrCdtTrf/PrvsInstgAgt3Acct/Id/Othr/SchmeNm/Cd,Cd,ExternalAccountIdentification1Code,1,1
pacs.004.001.15,/Document/PmtRtr/TxInf/OrgnlTxRef/UndrlygCstmrCdtTrf/PrvsInstgAgt3Acct/Id/Othr/SchmeNm/Prtry,Prtry,Max35Text,1,1
pacs.004.001.15,/Document/PmtRtr/TxInf/OrgnlTxRef/UndrlygCstmrCdtTrf/PrvsInstgAgt3Acct/Id/Othr/Issr,Issr,Max35Text,0,1
pacs.004.001.15,/Document/PmtRtr/TxInf/OrgnlTxRef/UndrlygCstmrCdtTrf/PrvsInstgAgt3Acct/Tp,Tp,CashAccountType2Choice,0,1
pacs.004.001.15,/Document/PmtRtr/TxInf/OrgnlTxRef/UndrlygCstmrCdtTrf/PrvsInstgAgt3Acct/Tp/Cd,Cd,ExternalCashAccountType1Code,1,1
pacs.004.001.15,/Document/PmtRtr/TxInf/OrgnlTxRef/UndrlygCstmrCdtTrf/PrvsInstgAgt3Acct/Tp/Prtry,Prtry,Max35Text,1,1
pacs.004.001.15,/Document/PmtRtr/TxInf/OrgnlTxRef/UndrlygCstmrCdtTrf/PrvsInstgAgt3Acct/Ccy,Ccy,ActiveOrHistoricCurrencyCode,0,1
pacs.004.001.15,/Document/PmtRtr/TxInf/OrgnlTxRef/UndrlygCstmrCdtTrf/PrvsInstgAgt3Acct/Nm,Nm,Max70Text,0,1
pacs.004.001.15,/Document/PmtRtr/TxInf/OrgnlTxRef/UndrlygCstmrCdtTrf/PrvsInstgAgt3Acct/Prxy,Prxy,ProxyAccountIdentification1,0,1
pacs.004.001.15,/Document/PmtRtr/TxInf/OrgnlTxRef/UndrlygCstmrCdtTrf/PrvsInstgAgt3Acct/Prxy/Tp,Tp,ProxyAccountType1Choice,0,1
pacs.004.001.15,/Document/PmtRtr/TxInf/OrgnlTxRef/UndrlygCstmrCdtTrf/PrvsInstgAgt3Acct/Prxy/Tp/Cd,Cd,ExternalProxyAccountType1Code,1,1
pacs.004.001.15,/Document/PmtRtr/TxInf/OrgnlTxRef/UndrlygCstmrCdtTrf/PrvsInstgAgt3Acct/Prxy/Tp/Prtry,Prtry,Max35Text,1,1
pacs.004.001.15,/Document/PmtRtr/TxInf/OrgnlTxRef/UndrlygCstmrCdtTrf/PrvsInstgAgt3Acct/Prxy/Id,Id,Max2048Text,1,1
pacs.004.001.15,/Document/PmtRtr/TxInf/OrgnlTxRef/UndrlygCstmrCdtTrf/IntrmyAgt1,IntrmyAgt1,BranchAndFinancialInstitutionIdentification8,0,1
pacs.004.001.15,/Document/PmtRtr/TxInf/OrgnlTxRef/UndrlygCstmrCdtTrf/IntrmyAgt1/FinInstnId,FinInstnId,FinancialInstitutionIdentification23,1,1
pacs.004.001.15,/Document/PmtRtr/TxInf/OrgnlTxRef/UndrlygCstmrCdtTrf/IntrmyAgt1/FinInstnId/BICFI,BICFI,BICFIDec2014Identifier,0,1
pacs.004.001.15,/Document/PmtRtr/TxInf/OrgnlTxRef/UndrlygCstmrCdtTrf/IntrmyAgt1/FinInstnId/ClrSysMmbId,ClrSysMmbId,ClearingSystemMemberIdentification2,0,1
pacs.004.001.15,/Document/PmtRtr/TxInf/OrgnlTxRef/UndrlygCstmrCdtTrf/IntrmyAgt1/FinInstnId/ClrSysMmbId/ClrSysId,ClrSysId,ClearingSystemIdentification2Choice,0,1
pacs.004.001.15,/Document/PmtRtr/TxInf/OrgnlTxRef/UndrlygCstmrCdtTrf/IntrmyAgt1/FinInstnId/ClrSysMmbId/ClrSysId/Cd,Cd,ExternalClearingSystemIdentification1Code,1,1
pacs.004.001.15,/Document/PmtRtr/TxInf/OrgnlTxRef/UndrlygCstmrCdtTrf/IntrmyAgt1/FinInstnId/ClrSysMmbId/ClrSysId/Prtry,Prtry,Max35Text,1,1
pacs.004.001.15,/Document/PmtRtr/TxInf/OrgnlTxRef/UndrlygCstmrCdtTrf/IntrmyAgt1/FinInstnId/ClrSysMmbId/MmbId,MmbId,Max35Text,1,1
pacs.004.001.15,/Document/PmtRtr/TxInf/OrgnlTxRef/UndrlygCstmrCdtTrf/IntrmyAgt1/FinInstnId/LEI,LEI,LEIIdentifier,0,1
pacs.004.001.15,/Document/PmtRtr/TxInf/OrgnlTxRef/UndrlygCstmrCdtTrf/IntrmyAgt1/FinInstnId/Nm,Nm,Max140Text,0,1
pacs.004.001.15,/Document/PmtRtr/TxInf/OrgnlTxRef/UndrlygCstmrCdtTrf/IntrmyAgt1/FinInstnId/PstlAdr,PstlAdr,PostalAddress27,0,1
pacs.004.001.15,/Document/PmtRtr/TxInf/OrgnlTxRef/UndrlygCstmrCdtTrf/IntrmyAgt1/FinInstnId/PstlAdr/AdrTp,AdrTp,AddressType3Choice,0,1
pacs.004.001.15,/Document/PmtRtr/TxInf/OrgnlTxRef/UndrlygCstmrCdtTrf/IntrmyAgt1/FinInstnId/PstlAdr/AdrTp/Cd,Cd,AddressType2Code,1,1
pacs.004.001.15,/Document/PmtRtr/TxInf/OrgnlTxRef/UndrlygCstmrCdtTrf/IntrmyAgt1/FinInstnId/PstlAdr/AdrTp/Prtry,Prtry,GenericIdentification30,1,1
pacs.004.001.15,/Document/PmtRtr/TxInf/OrgnlTxRef/UndrlygCstmrCdtTrf/IntrmyAgt1/FinInstnId/PstlAdr/AdrTp/Prtry/Id,Id,Exact4AlphaNumericText,1,1
pacs.004.001.15,/Document/PmtRtr/TxInf/OrgnlTxRef/UndrlygCstmrCdtTrf/IntrmyAgt1/FinInstnId/PstlAdr/AdrTp/Prtry/Issr,Issr,Max35Text,1,1
pacs.004.001.15,/Document/PmtRtr/TxInf/OrgnlTxRef/UndrlygCstmrCdtTrf/IntrmyAgt1/FinInstnId/PstlAdr/AdrTp/Prtry/SchmeNm,SchmeNm,Max35Text,0,1
pacs.004.001.15,/Document/PmtRtr/TxInf/OrgnlTxRef/UndrlygCstmrCdtTrf/IntrmyAgt1/FinInstnId/PstlAdr/CareOf,CareOf,Max140Text,0,1
pacs.004.001.15,/Document/PmtRtr/TxInf/OrgnlTxRef/UndrlygCstmrCdtTrf/IntrmyAgt1/FinInstnId/PstlAdr/Dept,Dept,Max70Text,0,1
pacs.004.001.15,/Document/PmtRtr/TxInf/OrgnlTxRef/UndrlygCstmrCdtTrf/IntrmyAgt1/FinInstnId/PstlAdr/SubDept,SubDept,Max70Text,0,1
pacs.004.001.15,/Document/PmtRtr/TxInf/OrgnlTxRef/UndrlygCstmrCdtTrf/IntrmyAgt1/FinInstnId/PstlAdr/StrtNm,StrtNm,Max140Text,0,1
pacs.004.001.15,/Document/PmtRtr/TxInf/OrgnlTxRef/UndrlygCstmrCdtTrf/IntrmyAgt1/FinInstnId/PstlAdr/BldgNb,BldgNb,Max16Text,0,1
pacs.004.001.15,/Document/PmtRtr/TxInf/OrgnlTxRef/UndrlygCstmrCdtTrf/IntrmyAgt1/FinInstnId/PstlAdr/BldgNm,BldgNm,Max140Text,0,1
pacs.004.001.15,/Document/PmtRtr/TxInf/OrgnlTxRef/UndrlygCstmrCdtTrf/IntrmyAgt1/FinInstnId/PstlAdr/Flr,Flr,Max70Text,0,1
pacs.004.001.15,/Document/PmtRtr/TxInf/OrgnlTxRef/UndrlygCstmrCdtTrf/IntrmyAgt1/FinInstnId/PstlAdr/UnitNb,UnitNb,Max16Text,0,1
pacs.004.001.15,/Document/PmtRtr/TxInf/OrgnlTxRef/UndrlygCstmrCdtTrf/IntrmyAgt1/FinInstnId/PstlAdr/PstBx,PstBx,Max16Text,0,1
pacs.004.001.15,/Document/PmtRtr/TxInf/OrgnlTxRef/UndrlygCstmrCdtTrf/IntrmyAgt1/FinInstnId/PstlAdr/Room,Room,Max70Text,0,1
pacs.004.001.15,/Document/PmtRtr/TxInf/OrgnlTxRef/UndrlygCstmrCdtTrf/IntrmyAgt1/FinInstnId/PstlAdr/PstCd,PstCd,Max16Text,0,1
pacs.004.001.15,/Document/PmtRtr/TxInf/OrgnlTxRef/UndrlygCstmrCdtTrf/IntrmyAgt1/FinInstnId/PstlAdr/TwnNm,TwnNm,Max140Text,0,1
pacs.004.001.15,/Document/PmtRtr/TxInf/OrgnlTxRef/UndrlygCstmrCdtTrf/IntrmyAgt1/FinInstnId/PstlAdr/TwnLctnNm,TwnLctnNm,Max140Text,0,1
pacs.004.001.15,/Document/PmtRtr/TxInf/OrgnlTxRef/UndrlygCstmrCdtTrf/IntrmyAgt1/FinInstnId/PstlAdr/DstrctNm,DstrctNm,Max140Text,0,1
pacs.004.001.15,/Document/PmtRtr/TxInf/OrgnlTxRef/UndrlygCstmrCdtTrf/IntrmyAgt1/FinInstnId/PstlAdr/CtrySubDvsn,CtrySubDvsn,Max35Text,0,1
pacs.004.001.15,/Document/PmtRtr/TxInf/OrgnlTxRef/UndrlygCstmrCdtTrf/IntrmyAgt1/FinInstnId/PstlAdr/Ctry,Ctry,CountryCode,0,1
pacs.004.001.15,/Document/PmtRtr/TxInf/OrgnlTxRef/UndrlygCstmrCdtTrf/IntrmyAgt1/FinInstnId/PstlAdr/AdrLine,AdrLine,Max70Text,0,7
pacs.004.001.15,/Document/PmtRtr/TxInf/OrgnlTxRef/UndrlygCstmrCdtTrf/IntrmyAgt1/FinInstnId/Othr,Othr,GenericFinancialIdentification1,0,1
pacs.004.001.15,/Document/PmtRtr/TxInf/OrgnlTxRef/UndrlygCstmrCdtTrf/IntrmyAgt1/FinInstnId/Othr/Id,Id,Max35Text,1,1
pacs.004.001.15,/Document/PmtRtr/TxInf/OrgnlTxRef/UndrlygCstmrCdtTrf/IntrmyAgt1/FinInstnId/Othr/SchmeNm,SchmeNm,FinancialIdentificationSchemeName1Choice,0,1
pacs.004.001.15,/Document/PmtRtr/TxInf/OrgnlTxRef/UndrlygCstmrCdtTrf/IntrmyAgt1/FinInstnId/Othr/SchmeNm/Cd,Cd,ExternalFinancialInstitutionIdentification1Code,1,1
pacs.004.001.15,/Document/PmtRtr/TxInf/OrgnlTxRef/UndrlygCstmrCdtTrf/IntrmyAgt1/FinInstnId/Othr/SchmeNm/Prtry,Prtry,Max35Text,1,1
pacs.004.001.15,/Document/PmtRtr/TxInf/OrgnlTxRef/UndrlygCstmrCdtTrf/IntrmyAgt1/FinInstnId/Othr/Issr,Issr,Max35Text,0,1
pacs.004.001.15,/Document/PmtRtr/TxInf/OrgnlTxRef/UndrlygCstmrCdtTrf/IntrmyAgt1/BrnchId,BrnchId,BranchData5,0,1
pacs.004.001.15,/Document/PmtRtr/TxInf/OrgnlTxRef/UndrlygCstmrCdtTrf/IntrmyAgt1/BrnchId/Id,Id,Max35Text,0,1
pacs.004.001.15,/Document/PmtRtr/TxInf/OrgnlTxRef/UndrlygCstmrCdtTrf/IntrmyAgt1/BrnchId/LEI,LEI,LEIIdentifier,0,1
pacs.004.001.15,/Document/PmtRtr/TxInf/OrgnlTxRef/UndrlygCstmrCdtTrf/IntrmyAgt1/BrnchId/Nm,Nm,Max140Text,0,1
pacs.004.001.15,/Document/PmtRtr/TxInf/OrgnlTxRef/UndrlygCstmrCdtTrf/IntrmyAgt1/BrnchId/PstlAdr,PstlAdr,PostalAddress27,0,1
pacs.004.001.15,/Document/PmtRtr/TxInf/OrgnlTxRef/UndrlygCstmrCdtTrf/IntrmyAgt1/BrnchId/PstlAdr/AdrTp,AdrTp,AddressType3Choice,0,1
pacs.004.001.15,/Document/PmtRtr/TxInf/OrgnlTxRef/UndrlygCstmrCdtTrf/IntrmyAgt1/BrnchId/PstlAdr/AdrTp/Cd,Cd,AddressType2Code,1,1
pacs.004.001.15,/Document/PmtRtr/TxInf/OrgnlTxRef/UndrlygCstmrCdtTrf/IntrmyAgt1/BrnchId/PstlAdr/AdrTp/Prtry,Prtry,GenericIdentification30,1,1
pacs.004.001.15,/Document/PmtRtr/TxInf/OrgnlTxRef/UndrlygCstmrCdtTrf/IntrmyAgt1/BrnchId/PstlAdr/AdrTp/Prtry/Id,Id,Exact4AlphaNumericText,1,1
pacs.004.001.15,/Document/PmtRtr/TxInf/OrgnlTxRef/UndrlygCstmrCdtTrf/IntrmyAgt1/BrnchId/PstlAdr/AdrTp/Prtry/Issr,Issr,Max35Text,1,1
pacs.004.001.15,/Document/PmtRtr/TxInf/OrgnlTxRef/UndrlygCstmrCdtTrf/IntrmyAgt1/BrnchId/PstlAdr/AdrTp/Prtry/SchmeNm,SchmeNm,Max35Text,0,1
pacs.004.001.15,/Document/PmtRtr/TxInf/OrgnlTxRef/UndrlygCstmrCdtTrf/IntrmyAgt1/BrnchId/PstlAdr/CareOf,CareOf,Max140Text,0,1
pacs.004.001.15,/Document/PmtRtr/TxInf/OrgnlTxRef/UndrlygCstmrCdtTrf/IntrmyAgt1/BrnchId/PstlAdr/Dept,Dept,Max70Text,0,1
pacs.004.001.15,/Document/PmtRtr/TxInf/OrgnlTxRef/UndrlygCstmrCdtTrf/IntrmyAgt1/BrnchId/PstlAdr/SubDept,SubDept,Max70Text,0,1
pacs.004.001.15,/Document/PmtRtr/TxInf/OrgnlTxRef/UndrlygCstmrCdtTrf/IntrmyAgt1/BrnchId/PstlAdr/StrtNm,StrtNm,Max140Text,0,1
pacs.004.001.15,/Document/PmtRtr/TxInf/OrgnlTxRef/UndrlygCstmrCdtTrf/IntrmyAgt1/BrnchId/PstlAdr/BldgNb,BldgNb,Max16Text,0,1
pacs.004.001.15,/Document/PmtRtr/TxInf/OrgnlTxRef/UndrlygCstmrCdtTrf/IntrmyAgt1/BrnchId/PstlAdr/BldgNm,BldgNm,Max140Text,0,1
pacs.004.001.15,/Document/PmtRtr/TxInf/OrgnlTxRef/UndrlygCstmrCdtTrf/IntrmyAgt1/BrnchId/PstlAdr/Flr,Flr,Max70Text,0,1
pacs.004.001.15,/Document/PmtRtr/TxInf/OrgnlTxRef/UndrlygCstmrCdtTrf/IntrmyAgt1/BrnchId/PstlAdr/UnitNb,UnitNb,Max16Text,0,1
pacs.004.001.15,/Document/PmtRtr/TxInf/OrgnlTxRef/UndrlygCstmrCdtTrf/IntrmyAgt1/BrnchId/PstlAdr/PstBx,PstBx,Max16Text,0,1
pacs.004.001.15,/Document/PmtRtr/TxInf/OrgnlTxRef/UndrlygCstmrCdtTrf/IntrmyAgt1/BrnchId/PstlAdr/Room,Room,Max70Text,0,1
pacs.004.001.15,/Document/PmtRtr/TxInf/OrgnlTxRef/UndrlygCstmrCdtTrf/IntrmyAgt1/BrnchId/PstlAdr/PstCd,PstCd,Max16Text,0,1
pacs.004.001.15,/Document/PmtRtr/TxInf/OrgnlTxRef/UndrlygCstmrCdtTrf/IntrmyAgt1/BrnchId/PstlAdr/TwnNm,TwnNm,Max140Text,0,1
pacs.004.001.15,/Document/PmtRtr/TxInf/OrgnlTxRef/UndrlygCstmrCdtTrf/IntrmyAgt1/BrnchId/PstlAdr/TwnLctnNm,TwnLctnNm,Max140Text,0,1
pacs.004.001.15,/Document/PmtRtr/TxInf/OrgnlTxRef/UndrlygCstmrCdtTrf/IntrmyAgt1/BrnchId/PstlAdr/DstrctNm,DstrctNm,Max140Text,0,1
pacs.004.001.15,/Document/PmtRtr/TxInf/OrgnlTxRef/UndrlygCstmrCdtTrf/IntrmyAgt1/BrnchId/PstlAdr/CtrySubDvsn,CtrySubDvsn,Max35Text,0,1
pacs.004.001.15,/Document/PmtRtr/TxInf/OrgnlTxRef/UndrlygCstmrCdtTrf/IntrmyAgt1/BrnchId/PstlAdr/Ctry,Ctry,CountryCode,0,1
pacs.004.001.15,/Document/PmtRtr/TxInf/OrgnlTxRef/UndrlygCstmrCdtTrf/IntrmyAgt1/BrnchId/PstlAdr/AdrLine,AdrLine,Max70Text,0,7
pacs.004.001.15,/Document/PmtRtr/TxInf/OrgnlTxRef/UndrlygCstmrCdtTrf/IntrmyAgt1Acct,IntrmyAgt1Acct,CashAccount40,0,1
pacs.004.001.15,/Document/PmtRtr/TxInf/OrgnlTxRef/UndrlygCstmrCdtTrf/IntrmyAgt1Acct/Id,Id,AccountIdentification4Choice,0,1
pacs.004.001.15,/Document/PmtRtr/TxInf/OrgnlTxRef/UndrlygCstmrCdtTrf/IntrmyAgt1Acct/Id/IBAN,IBAN,IBAN2007Identifier,1,1
pacs.004.001.15,/Document/PmtRtr/TxInf/OrgnlTxRef/UndrlygCstmrCdtTrf/IntrmyAgt1Acct/Id/Othr,Othr,GenericAccountIdentification1,1,1
pacs.004.001.15,/Document/PmtRtr/TxInf/OrgnlTxRef/UndrlygCstmrCdtTrf/IntrmyAgt1Acct/Id/Othr/Id,Id,Max34Text,1,1
pacs.004.001.15,/Document/PmtRtr/TxInf/OrgnlTxRef/UndrlygCstmrCdtTrf/IntrmyAgt1Acct/Id/Othr/SchmeNm,SchmeNm,AccountSchemeName1Choice,0,1
pacs.004.001.15,/Document/PmtRtr/TxInf/OrgnlTxRef/UndrlygCstmrCdtTrf/IntrmyAgt1Acct/Id/Othr/SchmeNm/Cd,Cd,ExternalAccountIdentification1Code,1,1
pacs.004.001.15,/Document/PmtRtr/TxInf/OrgnlTxRef/UndrlygCstmrCdtTrf/IntrmyAgt1Acct/Id/Othr/SchmeNm/Prtry,Prtry,Max35Text,1,1
pacs.004.001.15,/Document/PmtRtr/TxInf/OrgnlTxRef/UndrlygCstmrCdtTrf/IntrmyAgt1Acct/Id/Othr/Issr,Issr,Max35Text,0,1
pacs.004.001.15,/Document/PmtRtr/TxInf/OrgnlTxRef/UndrlygCstmrCdtTrf/IntrmyAgt1Acct/Tp,Tp,CashAccountType2Choice,0,1
pacs.004.001.15,/Document/PmtRtr/TxInf/OrgnlTxRef/UndrlygCstmrCdtTrf/IntrmyAgt1Acct/Tp/Cd,Cd,ExternalCashAccountType1Code,1,1
pacs.004.001.15,/Document/PmtRtr/TxInf/OrgnlTxRef/UndrlygCstmrCdtTrf/IntrmyAgt1Acct/Tp/Prtry,Prtry,Max35Text,1,1
pacs.004.001.15,/Document/PmtRtr/TxInf/OrgnlTxRef/UndrlygCstmrCdtTrf/IntrmyAgt1Acct/Ccy,Ccy,ActiveOrHistoricCurrencyCode,0,1
pacs.004.001.15,/Document/PmtRtr/TxInf/OrgnlTxRef/UndrlygCstmrCdtTrf/IntrmyAgt1Acct/Nm,Nm,Max70Text,0,1
pacs.004.001.15,/Document/PmtRtr/TxInf/OrgnlTxRef/UndrlygCstmrCdtTrf/IntrmyAgt1Acct/Prxy,Prxy,ProxyAccountIdentification1,0,1
pacs.004.001.15,/Document/PmtRtr/TxInf/OrgnlTxRef/UndrlygCstmrCdtTrf/IntrmyAgt1Acct/Prxy/Tp,Tp,ProxyAccountType1Choice,0,1
pacs.004.001.15,/Document/PmtRtr/TxInf/OrgnlTxRef/UndrlygCstmrCdtTrf/IntrmyAgt1Acct/Prxy/Tp/Cd,Cd,ExternalProxyAccountType1Code,1,1
pacs.004.001.15,/Document/PmtRtr/TxInf/OrgnlTxRef/UndrlygCstmrCdtTrf/IntrmyAgt1Acct/Prxy/Tp/Prtry,Prtry,Max35Text,1,1
pacs.004.001.15,/Document/PmtRtr/TxInf/OrgnlTxRef/UndrlygCstmrCdtTrf/IntrmyAgt1Acct/Prxy/Id,Id,Max2048Text,1,1
pacs.004.001.15,/Document/PmtRtr/TxInf/OrgnlTxRef/UndrlygCstmrCdtTrf/IntrmyAgt2,IntrmyAgt2,BranchAndFinancialInstitutionIdentification8,0,1
pacs.004.001.15,/Document/PmtRtr/TxInf/OrgnlTxRef/UndrlygCstmrCdtTrf/IntrmyAgt2/FinInstnId,FinInstnId,FinancialInstitutionIdentification23,1,1
pacs.004.001.15,/Document/PmtRtr/TxInf/OrgnlTxRef/UndrlygCstmrCdtTrf/IntrmyAgt2/FinInstnId/BICFI,BICFI,BICFIDec2014Identifier,0,1
pacs.004.001.15,/Document/PmtRtr/TxInf/OrgnlTxRef/UndrlygCstmrCdtTrf/IntrmyAgt2/FinInstnId/ClrSysMmbId,ClrSysMmbId,ClearingSystemMemberIdentification2,0,1
pacs.004.001.15,/Document/PmtRtr/TxInf/OrgnlTxRef/UndrlygCstmrCdtTrf/IntrmyAgt2/FinInstnId/ClrSysMmbId/ClrSysId,ClrSysId,ClearingSystemIdentification2Choice,0,1
pacs.004.001.15,/Document/PmtRtr/TxInf/OrgnlTxRef/UndrlygCstmrCdtTrf/IntrmyAgt2/FinInstnId/ClrSysMmbId/ClrSysId/Cd,Cd,ExternalClearingSystemIdentification1Code,1,1
pacs.004.001.15,/Document/PmtRtr/TxInf/OrgnlTxRef/UndrlygCstmrCdtTrf/IntrmyAgt2/FinInstnId/ClrSysMmbId/ClrSysId/Prtry,Prtry,Max35Text,1,1
pacs.004.001.15,/Document/PmtRtr/TxInf/OrgnlTxRef/UndrlygCstmrCdtTrf/IntrmyAgt2/FinInstnId/ClrSysMmbId/MmbId,MmbId,Max35Text,1,1
pacs.004.001.15,/Document/PmtRtr/TxInf/OrgnlTxRef/UndrlygCstmrCdtTrf/IntrmyAgt2/FinInstnId/LEI,LEI,LEIIdentifier,0,1
pacs.004.001.15,/Document/PmtRtr/TxInf/OrgnlTxRef/UndrlygCstmrCdtTrf/IntrmyAgt2/FinInstnId/Nm,Nm,Max140Text,0,1
pacs.004.001.15,/Document/PmtRtr/TxInf/OrgnlTxRef/UndrlygCstmrCdtTrf/IntrmyAgt2/FinInstnId/PstlAdr,PstlAdr,PostalAddress27,0,1
pacs.004.001.15,/Document/PmtRtr/TxInf/OrgnlTxRef/UndrlygCstmrCdtTrf/IntrmyAgt2/FinInstnId/PstlAdr/AdrTp,AdrTp,AddressType3Choice,0,1
pacs.004.001.15,/Document/PmtRtr/TxInf/OrgnlTxRef/UndrlygCstmrCdtTrf/IntrmyAgt2/FinInstnId/PstlAdr/AdrTp/Cd,Cd,AddressType2Code,1,1
pacs.004.001.15,/Document/PmtRtr/TxInf/OrgnlTxRef/UndrlygCstmrCdtTrf/IntrmyAgt2/FinInstnId/PstlAdr/AdrTp/Prtry,Prtry,GenericIdentification30,1,1
pacs.004.001.15,/Document/PmtRtr/TxInf/OrgnlTxRef/UndrlygCstmrCdtTrf/IntrmyAgt2/FinInstnId/PstlAdr/AdrTp/Prtry/Id,Id,Exact4AlphaNumericText,1,1
pacs.004.001.15,/Document/PmtRtr/TxInf/OrgnlTxRef/UndrlygCstmrCdtTrf/IntrmyAgt2/FinInstnId/PstlAdr/AdrTp/Prtry/Issr,Issr,Max35Text,1,1
pacs.004.001.15,/Document/PmtRtr/TxInf/OrgnlTxRef/UndrlygCstmrCdtTrf/IntrmyAgt2/FinInstnId/PstlAdr/AdrTp/Prtry/SchmeNm,SchmeNm,Max35Text,0,1
pacs.004.001.15,/Document/PmtRtr/TxInf/OrgnlTxRef/UndrlygCstmrCdtTrf/IntrmyAgt2/FinInstnId/PstlAdr/CareOf,CareOf,Max140Text,0,1
pacs.004.001.15,/Document/PmtRtr/TxInf/OrgnlTxRef/UndrlygCstmrCdtTrf/IntrmyAgt2/FinInstnId/PstlAdr/Dept,Dept,Max70Text,0,1
pacs.004.001.15,/Document/PmtRtr/TxInf/OrgnlTxRef/UndrlygCstmrCdtTrf/IntrmyAgt2/FinInstnId/PstlAdr/SubDept,SubDept,Max70Text,0,1
pacs.004.001.15,/Document/PmtRtr/TxInf/OrgnlTxRef/UndrlygCstmrCdtTrf/IntrmyAgt2/FinInstnId/PstlAdr/StrtNm,StrtNm,Max140Text,0,1
pacs.004.001.15,/Document/PmtRtr/TxInf/OrgnlTxRef/UndrlygCstmrCdtTrf/IntrmyAgt2/FinInstnId/PstlAdr/BldgNb,BldgNb,Max16Text,0,1
pacs.004.001.15,/Document/PmtRtr/TxInf/OrgnlTxRef/UndrlygCstmrCdtTrf/IntrmyAgt2/FinInstnId/PstlAdr/BldgNm,BldgNm,Max140Text,0,1
pacs.004.001.15,/Document/PmtRtr/TxInf/OrgnlTxRef/UndrlygCstmrCdtTrf/IntrmyAgt2/FinInstnId/PstlAdr/Flr,Flr,Max70Text,0,1
pacs.004.001.15,/Document/PmtRtr/TxInf/OrgnlTxRef/UndrlygCstmrCdtTrf/IntrmyAgt2/FinInstnId/PstlAdr/UnitNb,UnitNb,Max16Text,0,1
pacs.004.001.15,/Document/PmtRtr/TxInf/OrgnlTxRef/UndrlygCstmrCdtTrf/IntrmyAgt2/FinInstnId/PstlAdr/PstBx,PstBx,Max16Text,0,1
pacs.004.001.15,/Document/PmtRtr/TxInf/OrgnlTxRef/UndrlygCstmrCdtTrf/IntrmyAgt2/FinInstnId/PstlAdr/Room,Room,Max70Text,0,1
pacs.004.001.15,/Document/PmtRtr/TxInf/OrgnlTxRef/UndrlygCstmrCdtTrf/IntrmyAgt2/FinInstnId/PstlAdr/PstCd,PstCd,Max16Text,0,1
pacs.004.001.15,/Document/PmtRtr/TxInf/OrgnlTxRef/UndrlygCstmrCdtTrf/IntrmyAgt2/FinInstnId/PstlAdr/TwnNm,TwnNm,Max140Text,0,1
pacs.004.001.15,/Document/PmtRtr/TxInf/OrgnlTxRef/UndrlygCstmrCdtTrf/IntrmyAgt2/FinInstnId/PstlAdr/TwnLctnNm,TwnLctnNm,Max140Text,0,1
pacs.004.001.15,/Document/PmtRtr/TxInf/OrgnlTxRef/UndrlygCstmrCdtTrf/IntrmyAgt2/FinInstnId/PstlAdr/DstrctNm,DstrctNm,Max140Text,0,1
pacs.004.001.15,/Document/PmtRtr/TxInf/OrgnlTxRef/UndrlygCstmrCdtTrf/IntrmyAgt2/FinInstnId/PstlAdr/CtrySubDvsn,CtrySubDvsn,Max35Text,0,1
pacs.004.001.15,/Document/PmtRtr/TxInf/OrgnlTxRef/UndrlygCstmrCdtTrf/IntrmyAgt2/FinInstnId/PstlAdr/Ctry,Ctry,CountryCode,0,1
pacs.004.001.15,/Document/PmtRtr/TxInf/OrgnlTxRef/UndrlygCstmrCdtTrf/IntrmyAgt2/FinInstnId/PstlAdr/AdrLine,AdrLine,Max70Text,0,7
pacs.004.001.15,/Document/PmtRtr/TxInf/OrgnlTxRef/UndrlygCstmrCdtTrf/IntrmyAgt2/FinInstnId/Othr,Othr,GenericFinancialIdentification1,0,1
pacs.004.001.15,/Document/PmtRtr/TxInf/OrgnlTxRef/UndrlygCstmrCdtTrf/IntrmyAgt2/FinInstnId/Othr/Id,Id,Max35Text,1,1
pacs.004.001.15,/Document/PmtRtr/TxInf/OrgnlTxRef/UndrlygCstmrCdtTrf/IntrmyAgt2/FinInstnId/Othr/SchmeNm,SchmeNm,FinancialIdentificationSchemeName1Choice,0,1
pacs.004.001.15,/Document/PmtRtr/TxInf/OrgnlTxRef/UndrlygCstmrCdtTrf/IntrmyAgt2/FinInstnId/Othr/SchmeNm/Cd,Cd,ExternalFinancialInstitutionIdentification1Code,1,1
pacs.004.001.15,/Document/PmtRtr/TxInf/OrgnlTxRef/UndrlygCstmrCdtTrf/IntrmyAgt2/FinInstnId/Othr/SchmeNm/Prtry,Prtry,Max35Text,1,1
pacs.004.001.15,/Document/PmtRtr/TxInf/OrgnlTxRef/UndrlygCstmrCdtTrf/IntrmyAgt2/FinInstnId/Othr/Issr,Issr,Max35Text,0,1
pacs.004.001.15,/Document/PmtRtr/TxInf/OrgnlTxRef/UndrlygCstmrCdtTrf/IntrmyAgt2/BrnchId,BrnchId,BranchData5,0,1
pacs.004.001.15,/Document/PmtRtr/TxInf/OrgnlTxRef/UndrlygCstmrCdtTrf/IntrmyAgt2/BrnchId/Id,Id,Max35Text,0,1
pacs.004.001.15,/Document/PmtRtr/TxInf/OrgnlTxRef/UndrlygCstmrCdtTrf/IntrmyAgt2/BrnchId/LEI,LEI,LEIIdentifier,0,1
pacs.004.001.15,/Document/PmtRtr/TxInf/OrgnlTxRef/UndrlygCstmrCdtTrf/IntrmyAgt2/BrnchId/Nm,Nm,Max140Text,0,1
pacs.004.001.15,/Document/PmtRtr/TxInf/OrgnlTxRef/UndrlygCstmrCdtTrf/IntrmyAgt2/BrnchId/PstlAdr,PstlAdr,PostalAddress27,0,1
pacs.004.001.15,/Document/PmtRtr/TxInf/OrgnlTxRef/UndrlygCstmrCdtTrf/IntrmyAgt2/BrnchId/PstlAdr/AdrTp,AdrTp,AddressType3Choice,0,1
pacs.004.001.15,/Document/PmtRtr/TxInf/OrgnlTxRef/UndrlygCstmrCdtTrf/IntrmyAgt2/BrnchId/PstlAdr/AdrTp/Cd,Cd,AddressType2Code,1,1
pacs.004.001.15,/Document/PmtRtr/TxInf/OrgnlTxRef/UndrlygCstmrCdtTrf/IntrmyAgt2/BrnchId/PstlAdr/AdrTp/Prtry,Prtry,GenericIdentification30,1,1
pacs.004.001.15,/Document/PmtRtr/TxInf/OrgnlTxRef/UndrlygCstmrCdtTrf/IntrmyAgt2/BrnchId/PstlAdr/AdrTp/Prtry/Id,Id,Exact4AlphaNumericText,1,1
pacs.004.001.15,/Document/PmtRtr/TxInf/OrgnlTxRef/UndrlygCstmrCdtTrf/IntrmyAgt2/BrnchId/PstlAdr/AdrTp/Prtry/Issr,Issr,Max35Text,1,1
pacs.004.001.15,/Document/PmtRtr/TxInf/OrgnlTxRef/UndrlygCstmrCdtTrf/IntrmyAgt2/BrnchId/PstlAdr/AdrTp/Prtry/SchmeNm,SchmeNm,Max35Text,0,1
pacs.004.001.15,/Document/PmtRtr/TxInf/OrgnlTxRef/UndrlygCstmrCdtTrf/IntrmyAgt2/BrnchId/PstlAdr/CareOf,CareOf,Max140Text,0,1
pacs.004.001.15,/Document/PmtRtr/TxInf/OrgnlTxRef/UndrlygCstmrCdtTrf/IntrmyAgt2/BrnchId/PstlAdr/Dept,Dept,Max70Text,0,1
pacs.004.001.15,/Document/PmtRtr/TxInf/OrgnlTxRef/UndrlygCstmrCdtTrf/IntrmyAgt2/BrnchId/PstlAdr/SubDept,SubDept,Max70Text,0,1
pacs.004.001.15,/Document/PmtRtr/TxInf/OrgnlTxRef/UndrlygCstmrCdtTrf/IntrmyAgt2/BrnchId/PstlAdr/StrtNm,StrtNm,Max140Text,0,1
pacs.004.001.15,/Document/PmtRtr/TxInf/OrgnlTxRef/UndrlygCstmrCdtTrf/IntrmyAgt2/BrnchId/PstlAdr/BldgNb,BldgNb,Max16Text,0,1
pacs.004.001.15,/Document/PmtRtr/TxInf/OrgnlTxRef/UndrlygCstmrCdtTrf/IntrmyAgt2/BrnchId/PstlAdr/BldgNm,BldgNm,Max140Text,0,1
pacs.004.001.15,/Document/PmtRtr/TxInf/OrgnlTxRef/UndrlygCstmrCdtTrf/IntrmyAgt2/BrnchId/PstlAdr/Flr,Flr,Max70Text,0,1
pacs.004.001.15,/Document/PmtRtr/TxInf/OrgnlTxRef/UndrlygCstmrCdtTrf/IntrmyAgt2/BrnchId/PstlAdr/UnitNb,UnitNb,Max16Text,0,1
pacs.004.001.15,/Document/PmtRtr/TxInf/OrgnlTxRef/UndrlygCstmrCdtTrf/IntrmyAgt2/BrnchId/PstlAdr/PstBx,PstBx,Max16Text,0,1
pacs.004.001.15,/Document/PmtRtr/TxInf/OrgnlTxRef/UndrlygCstmrCdtTrf/IntrmyAgt2/BrnchId/PstlAdr/Room,Room,Max70Text,0,1
pacs.004.001.15,/Document/PmtRtr/TxInf/OrgnlTxRef/UndrlygCstmrCdtTrf/IntrmyAgt2/BrnchId/PstlAdr/PstCd,PstCd,Max16Text,0,1
pacs.004.001.15,/Document/PmtRtr/TxInf/OrgnlTxRef/UndrlygCstmrCdtTrf/IntrmyAgt2/BrnchId/PstlAdr/TwnNm,TwnNm,Max140Text,0,1
pacs.004.001.15,/Document/PmtRtr/TxInf/OrgnlTxRef/UndrlygCstmrCdtTrf/IntrmyAgt2/BrnchId/PstlAdr/TwnLctnNm,TwnLctnNm,Max140Text,0,1
pacs.004.001.15,/Document/PmtRtr/TxInf/OrgnlTxRef/UndrlygCstmrCdtTrf/IntrmyAgt2/BrnchId/PstlAdr/DstrctNm,DstrctNm,Max140Text,0,1
pacs.004.001.15,/Document/PmtRtr/TxInf/OrgnlTxRef/UndrlygCstmrCdtTrf/IntrmyAgt2/BrnchId/PstlAdr/CtrySubDvsn,CtrySubDvsn,Max35Text,0,1
pacs.004.001.15,/Document/PmtRtr/TxInf/OrgnlTxRef/UndrlygCstmrCdtTrf/IntrmyAgt2/BrnchId/PstlAdr/Ctry,Ctry,CountryCode,0,1
pacs.004.001.15,/Document/PmtRtr/TxInf/OrgnlTxRef/UndrlygCstmrCdtTrf/IntrmyAgt2/BrnchId/PstlAdr/AdrLine,AdrLine,Max70Text,0,7
pacs.004.001.15,/Document/PmtRtr/TxInf/OrgnlTxRef/UndrlygCstmrCdtTrf/IntrmyAgt2Acct,IntrmyAgt2Acct,CashAccount40,0,1
pacs.004.001.15,/Document/PmtRtr/TxInf/OrgnlTxRef/UndrlygCstmrCdtTrf/IntrmyAgt2Acct/Id,Id,AccountIdentification4Choice,0,1
pacs.004.001.15,/Document/PmtRtr/TxInf/OrgnlTxRef/UndrlygCstmrCdtTrf/IntrmyAgt2Acct/Id/IBAN,IBAN,IBAN2007Identifier,1,1
pacs.004.001.15,/Document/PmtRtr/TxInf/OrgnlTxRef/UndrlygCstmrCdtTrf/IntrmyAgt2Acct/Id/Othr,Othr,GenericAccountIdentification1,1,1
pacs.004.001.15,/Document/PmtRtr/TxInf/OrgnlTxRef/UndrlygCstmrCdtTrf/IntrmyAgt2Acct/Id/Othr/Id,Id,Max34Text,1,1
pacs.004.001.15,/Document/PmtRtr/TxInf/OrgnlTxRef/UndrlygCstmrCdtTrf/IntrmyAgt2Acct/Id/Othr/SchmeNm,SchmeNm,AccountSchemeName1Choice,0,1
pacs.004.001.15,/Document/PmtRtr/TxInf/OrgnlTxRef/UndrlygCstmrCdtTrf/IntrmyAgt2Acct/Id/Othr/SchmeNm/Cd,Cd,ExternalAccountIdentification1Code,1,1
pacs.004.001.15,/Document/PmtRtr/TxInf/OrgnlTxRef/UndrlygCstmrCdtTrf/IntrmyAgt2Acct/Id/Othr/SchmeNm/Prtry,Prtry,Max35Text,1,1
pacs.004.001.15,/Document/PmtRtr/TxInf/OrgnlTxRef/UndrlygCstmrCdtTrf/IntrmyAgt2Acct/Id/Othr/Issr,Issr,Max35Text,0,1
pacs.004.001.15,/Document/PmtRtr/TxInf/OrgnlTxRef/UndrlygCstmrCdtTrf/IntrmyAgt2Acct/Tp,Tp,CashAccountType2Choice,0,1
pacs.004.001.15,/Document/PmtRtr/TxInf/OrgnlTxRef/UndrlygCstmrCdtTrf/IntrmyAgt2Acct/Tp/Cd,Cd,ExternalCashAccountType1Code,1,1
pacs.004.001.15,/Document/PmtRtr/TxInf/OrgnlTxRef/UndrlygCstmrCdtTrf/IntrmyAgt2Acct/Tp/Prtry,Prtry,Max35Text,1,1
pacs.004.001.15,/Document/PmtRtr/TxInf/OrgnlTxRef/UndrlygCstmrCdtTrf/IntrmyAgt2Acct/Ccy,Ccy,ActiveOrHistoricCurrencyCode,0,1
pacs.004.001.15,/Document/PmtRtr/TxInf/OrgnlTxRef/UndrlygCstmrCdtTrf/IntrmyAgt2Acct/Nm,Nm,Max70Text,0,1
pacs.004.001.15,/Document/PmtRtr/TxInf/OrgnlTxRef/UndrlygCstmrCdtTrf/IntrmyAgt2Acct/Prxy,Prxy,ProxyAccountIdentification1,0,1
pacs.004.001.15,/Document/PmtRtr/TxInf/OrgnlTxRef/UndrlygCstmrCdtTrf/IntrmyAgt2Acct/Prxy/Tp,Tp,ProxyAccountType1Choice,0,1
pacs.004.001.15,/Document/PmtRtr/TxInf/OrgnlTxRef/UndrlygCstmrCdtTrf/IntrmyAgt2Acct/Prxy/Tp/Cd,Cd,ExternalProxyAccountType1Code,1,1
pacs.004.001.15,/Document/PmtRtr/TxInf/OrgnlTxRef/UndrlygCstmrCdtTrf/IntrmyAgt2Acct/Prxy/Tp/Prtry,Prtry,Max35Text,1,1
pacs.004.001.15,/Document/PmtRtr/TxInf/OrgnlTxRef/UndrlygCstmrCdtTrf/IntrmyAgt2Acct/Prxy/Id,Id,Max2048Text,1,1
pacs.004.001.15,/Document/PmtRtr/TxInf/OrgnlTxRef/UndrlygCstmrCdtTrf/IntrmyAgt3,IntrmyAgt3,BranchAndFinancialInstitutionIdentification8,0,1
pacs.004.001.15,/Document/PmtRtr/TxInf/OrgnlTxRef/UndrlygCstmrCdtTrf/IntrmyAgt3/FinInstnId,FinInstnId,FinancialInstitutionIdentification23,1,1
pacs.004.001.15,/Document/PmtRtr/TxInf/OrgnlTxRef/UndrlygCstmrCdtTrf/IntrmyAgt3/FinInstnId/BICFI,BICFI,BICFIDec2014Identifier,0,1
pacs.004.001.15,/Document/PmtRtr/TxInf/OrgnlTxRef/UndrlygCstmrCdtTrf/IntrmyAgt3/FinInstnId/ClrSysMmbId,ClrSysMmbId,ClearingSystemMemberIdentification2,0,1
pacs.004.001.15,/Document/PmtRtr/TxInf/OrgnlTxRef/UndrlygCstmrCdtTrf/IntrmyAgt3/FinInstnId/ClrSysMmbId/ClrSysId,ClrSysId,ClearingSystemIdentification2Choice,0,1
pacs.004.001.15,/Document/PmtRtr/TxInf/OrgnlTxRef/UndrlygCstmrCdtTrf/IntrmyAgt3/FinInstnId/ClrSysMmbId/ClrSysId/Cd,Cd,ExternalClearingSystemIdentification1Code,1,1
pacs.004.001.15,/Document/PmtRtr/TxInf/OrgnlTxRef/UndrlygCstmrCdtTrf/IntrmyAgt3/FinInstnId/ClrSysMmbId/ClrSysId/Prtry,Prtry,Max35Text,1,1
pacs.004.001.15,/Document/PmtRtr/TxInf/OrgnlTxRef/UndrlygCstmrCdtTrf/IntrmyAgt3/FinInstnId/ClrSysMmbId/MmbId,MmbId,Max35Text,1,1
pacs.004.001.15,/Document/PmtRtr/TxInf/OrgnlTxRef/UndrlygCstmrCdtTrf/IntrmyAgt3/FinInstnId/LEI,LEI,LEIIdentifier,0,1
pacs.004.001.15,/Document/PmtRtr/TxInf/OrgnlTxRef/UndrlygCstmrCdtTrf/IntrmyAgt3/FinInstnId/Nm,Nm,Max140Text,0,1
pacs.004.001.15,/Document/PmtRtr/TxInf/OrgnlTxRef/UndrlygCstmrCdtTrf/IntrmyAgt3/FinInstnId/PstlAdr,PstlAdr,PostalAddress27,0,1
pacs.004.001.15,/Document/PmtRtr/TxInf/OrgnlTxRef/UndrlygCstmrCdtTrf/IntrmyAgt3/FinInstnId/PstlAdr/AdrTp,AdrTp,AddressType3Choice,0,1
pacs.004.001.15,/Document/PmtRtr/TxInf/OrgnlTxRef/UndrlygCstmrCdtTrf/IntrmyAgt3/FinInstnId/PstlAdr/AdrTp/Cd,Cd,AddressType2Code,1,1
pacs.004.001.15,/Document/PmtRtr/TxInf/OrgnlTxRef/UndrlygCstmrCdtTrf/IntrmyAgt3/FinInstnId/PstlAdr/AdrTp/Prtry,Prtry,GenericIdentification30,1,1
pacs.004.001.15,/Document/PmtRtr/TxInf/OrgnlTxRef/UndrlygCstmrCdtTrf/IntrmyAgt3/FinInstnId/PstlAdr/AdrTp/Prtry/Id,Id,Exact4AlphaNumericText,1,1
pacs.004.001.15,/Document/PmtRtr/TxInf/OrgnlTxRef/UndrlygCstmrCdtTrf/IntrmyAgt3/FinInstnId/PstlAdr/AdrTp/Prtry/Issr,Issr,Max35Text,1,1
pacs.004.001.15,/Document/PmtRtr/TxInf/OrgnlTxRef/UndrlygCstmrCdtTrf/IntrmyAgt3/FinInstnId/PstlAdr/AdrTp/Prtry/SchmeNm,SchmeNm,Max35Text,0,1
pacs.004.001.15,/Document/PmtRtr/TxInf/OrgnlTxRef/UndrlygCstmrCdtTrf/IntrmyAgt3/FinInstnId/PstlAdr/CareOf,CareOf,Max140Text,0,1
pacs.004.001.15,/Document/PmtRtr/TxInf/OrgnlTxRef/UndrlygCstmrCdtTrf/IntrmyAgt3/FinInstnId/PstlAdr/Dept,Dept,Max70Text,0,1
pacs.004.001.15,/Document/PmtRtr/TxInf/OrgnlTxRef/UndrlygCstmrCdtTrf/IntrmyAgt3/FinInstnId/PstlAdr/SubDept,SubDept,Max70Text,0,1
pacs.004.001.15,/Document/PmtRtr/TxInf/OrgnlTxRef/UndrlygCstmrCdtTrf/IntrmyAgt3/FinInstnId/PstlAdr/StrtNm,StrtNm,Max140Text,0,1
pacs.004.001.15,/Document/PmtRtr/TxInf/OrgnlTxRef/UndrlygCstmrCdtTrf/IntrmyAgt3/FinInstnId/PstlAdr/BldgNb,BldgNb,Max16Text,0,1
pacs.004.001.15,/Document/PmtRtr/TxInf/OrgnlTxRef/UndrlygCstmrCdtTrf/IntrmyAgt3/FinInstnId/PstlAdr/BldgNm,BldgNm,Max140Text,0,1
pacs.004.001.15,/Document/PmtRtr/TxInf/OrgnlTxRef/UndrlygCstmrCdtTrf/IntrmyAgt3/FinInstnId/PstlAdr/Flr,Flr,Max70Text,0,1
pacs.004.001.15,/Document/PmtRtr/TxInf/OrgnlTxRef/UndrlygCstmrCdtTrf/IntrmyAgt3/FinInstnId/PstlAdr/UnitNb,UnitNb,Max16Text,0,1
pacs.004.001.15,/Document/PmtRtr/TxInf/OrgnlTxRef/UndrlygCstmrCdtTrf/IntrmyAgt3/FinInstnId/PstlAdr/PstBx,PstBx,Max16Text,0,1
pacs.004.001.15,/Document/PmtRtr/TxInf/OrgnlTxRef/UndrlygCstmrCdtTrf/IntrmyAgt3/FinInstnId/PstlAdr/Room,Room,Max70Text,0,1
pacs.004.001.15,/Document/PmtRtr/TxInf/OrgnlTxRef/UndrlygCstmrCdtTrf/IntrmyAgt3/FinInstnId/PstlAdr/PstCd,PstCd,Max16Text,0,1
pacs.004.001.15,/Document/PmtRtr/TxInf/OrgnlTxRef/UndrlygCstmrCdtTrf/IntrmyAgt3/FinInstnId/PstlAdr/TwnNm,TwnNm,Max140Text,0,1
pacs.004.001.15,/Document/PmtRtr/TxInf/OrgnlTxRef/UndrlygCstmrCdtTrf/IntrmyAgt3/FinInstnId/PstlAdr/TwnLctnNm,TwnLctnNm,Max140Text,0,1
pacs.004.001.15,/Document/PmtRtr/TxInf/OrgnlTxRef/UndrlygCstmrCdtTrf/IntrmyAgt3/FinInstnId/PstlAdr/DstrctNm,DstrctNm,Max140Text,0,1
pacs.004.001.15,/Document/PmtRtr/TxInf/OrgnlTxRef/UndrlygCstmrCdtTrf/IntrmyAgt3/FinInstnId/PstlAdr/CtrySubDvsn,CtrySubDvsn,Max35Text,0,1
pacs.004.001.15,/Document/PmtRtr/TxInf/OrgnlTxRef/UndrlygCstmrCdtTrf/IntrmyAgt3/FinInstnId/PstlAdr/Ctry,Ctry,CountryCode,0,1
pacs.004.001.15,/Document/PmtRtr/TxInf/OrgnlTxRef/UndrlygCstmrCdtTrf/IntrmyAgt3/FinInstnId/PstlAdr/AdrLine,AdrLine,Max70Text,0,7
pacs.004.001.15,/Document/PmtRtr/TxInf/OrgnlTxRef/UndrlygCstmrCdtTrf/IntrmyAgt3/FinInstnId/Othr,Othr,GenericFinancialIdentification1,0,1
pacs.004.001.15,/Document/PmtRtr/TxInf/OrgnlTxRef/UndrlygCstmrCdtTrf/IntrmyAgt3/FinInstnId/Othr/Id,Id,Max35Text,1,1
pacs.004.001.15,/Document/PmtRtr/TxInf/OrgnlTxRef/UndrlygCstmrCdtTrf/IntrmyAgt3/FinInstnId/Othr/SchmeNm,SchmeNm,FinancialIdentificationSchemeName1Choice,0,1
pacs.004.001.15,/Document/PmtRtr/TxInf/OrgnlTxRef/UndrlygCstmrCdtTrf/IntrmyAgt3/FinInstnId/Othr/SchmeNm/Cd,Cd,ExternalFinancialInstitutionIdentification1Code,1,1
pacs.004.001.15,/Document/PmtRtr/TxInf/OrgnlTxRef/UndrlygCstmrCdtTrf/IntrmyAgt3/FinInstnId/Othr/SchmeNm/Prtry,Prtry,Max35Text,1,1
pacs.004.001.15,/Document/PmtRtr/TxInf/OrgnlTxRef/UndrlygCstmrCdtTrf/IntrmyAgt3/FinInstnId/Othr/Issr,Issr,Max35Text,0,1
pacs.004.001.15,/Document/PmtRtr/TxInf/OrgnlTxRef/UndrlygCstmrCdtTrf/IntrmyAgt3/BrnchId,BrnchId,BranchData5,0,1
pacs.004.001.15,/Document/PmtRtr/TxInf/OrgnlTxRef/UndrlygCstmrCdtTrf/IntrmyAgt3/BrnchId/Id,Id,Max35Text,0,1
pacs.004.001.15,/Document/PmtRtr/TxInf/OrgnlTxRef/UndrlygCstmrCdtTrf/IntrmyAgt3/BrnchId/LEI,LEI,LEIIdentifier,0,1
pacs.004.001.15,/Document/PmtRtr/TxInf/OrgnlTxRef/UndrlygCstmrCdtTrf/IntrmyAgt3/BrnchId/Nm,Nm,Max140Text,0,1
pacs.004.001.15,/Document/PmtRtr/TxInf/OrgnlTxRef/UndrlygCstmrCdtTrf/IntrmyAgt3/BrnchId/PstlAdr,PstlAdr,PostalAddress27,0,1
pacs.004.001.15,/Document/PmtRtr/TxInf/OrgnlTxRef/UndrlygCstmrCdtTrf/IntrmyAgt3/BrnchId/PstlAdr/AdrTp,AdrTp,AddressType3Choice,0,1
pacs.004.001.15,/Document/PmtRtr/TxInf/OrgnlTxRef/UndrlygCstmrCdtTrf/IntrmyAgt3/BrnchId/PstlAdr/AdrTp/Cd,Cd,AddressType2Code,1,1
pacs.004.001.15,/Document/PmtRtr/TxInf/OrgnlTxRef/UndrlygCstmrCdtTrf/IntrmyAgt3/BrnchId/PstlAdr/AdrTp/Prtry,Prtry,GenericIdentification30,1,1
pacs.004.001.15,/Document/PmtRtr/TxInf/OrgnlTxRef/UndrlygCstmrCdtTrf/IntrmyAgt3/BrnchId/PstlAdr/AdrTp/Prtry/Id,Id,Exact4AlphaNumericText,1,1
pacs.004.001.15,/Document/PmtRtr/TxInf/OrgnlTxRef/UndrlygCstmrCdtTrf/IntrmyAgt3/BrnchId/PstlAdr/AdrTp/Prtry/Issr,Issr,Max35Text,1,1
pacs.004.001.15,/Document/PmtRtr/TxInf/OrgnlTxRef/UndrlygCstmrCdtTrf/IntrmyAgt3/BrnchId/PstlAdr/AdrTp/Prtry/SchmeNm,SchmeNm,Max35Text,0,1
pacs.004.001.15,/Document/PmtRtr/TxInf/OrgnlTxRef/UndrlygCstmrCdtTrf/IntrmyAgt3/BrnchId/PstlAdr/CareOf,CareOf,Max140Text,0,1
pacs.004.001.15,/Document/PmtRtr/TxInf/OrgnlTxRef/UndrlygCstmrCdtTrf/IntrmyAgt3/BrnchId/PstlAdr/Dept,Dept,Max70Text,0,1
pacs.004.001.15,/Document/PmtRtr/TxInf/OrgnlTxRef/UndrlygCstmrCdtTrf/IntrmyAgt3/BrnchId/PstlAdr/SubDept,SubDept,Max70Text,0,1
pacs.004.001.15,/Document/PmtRtr/TxInf/OrgnlTxRef/UndrlygCstmrCdtTrf/IntrmyAgt3/BrnchId/PstlAdr/StrtNm,StrtNm,Max140Text,0,1
pacs.004.001.15,/Document/PmtRtr/TxInf/OrgnlTxRef/UndrlygCstmrCdtTrf/IntrmyAgt3/BrnchId/PstlAdr/BldgNb,BldgNb,Max16Text,0,1
pacs.004.001.15,/Document/PmtRtr/TxInf/OrgnlTxRef/UndrlygCstmrCdtTrf/IntrmyAgt3/BrnchId/PstlAdr/BldgNm,BldgNm,Max140Text,0,1
pacs.004.001.15,/Document/PmtRtr/TxInf/OrgnlTxRef/UndrlygCstmrCdtTrf/IntrmyAgt3/BrnchId/PstlAdr/Flr,Flr,Max70Text,0,1
pacs.004.001.15,/Document/PmtRtr/TxInf/OrgnlTxRef/UndrlygCstmrCdtTrf/IntrmyAgt3/BrnchId/PstlAdr/UnitNb,UnitNb,Max16Text,0,1
pacs.004.001.15,/Document/PmtRtr/TxInf/OrgnlTxRef/UndrlygCstmrCdtTrf/IntrmyAgt3/BrnchId/PstlAdr/PstBx,PstBx,Max16Text,0,1
pacs.004.001.15,/Document/PmtRtr/TxInf/OrgnlTxRef/UndrlygCstmrCdtTrf/IntrmyAgt3/BrnchId/PstlAdr/Room,Room,Max70Text,0,1
pacs.004.001.15,/Document/PmtRtr/TxInf/OrgnlTxRef/UndrlygCstmrCdtTrf/IntrmyAgt3/BrnchId/PstlAdr/PstCd,PstCd,Max16Text,0,1
pacs.004.001.15,/Document/PmtRtr/TxInf/OrgnlTxRef/UndrlygCstmrCdtTrf/IntrmyAgt3/BrnchId/PstlAdr/TwnNm,TwnNm,Max140Text,0,1
pacs.004.001.15,/Document/PmtRtr/TxInf/OrgnlTxRef/UndrlygCstmrCdtTrf/IntrmyAgt3/BrnchId/PstlAdr/TwnLctnNm,TwnLctnNm,Max140Text,0,1
pacs.004.001.15,/Document/PmtRtr/TxInf/OrgnlTxRef/UndrlygCstmrCdtTrf/IntrmyAgt3/BrnchId/PstlAdr/DstrctNm,DstrctNm,Max140Text,0,1
pacs.004.001.15,/Document/PmtRtr/TxInf/OrgnlTxRef/UndrlygCstmrCdtTrf/IntrmyAgt3/BrnchId/PstlAdr/CtrySubDvsn,CtrySubDvsn,Max35Text,0,1
pacs.004.001.15,/Document/PmtRtr/TxInf/OrgnlTxRef/UndrlygCstmrCdtTrf/IntrmyAgt3/BrnchId/PstlAdr/Ctry,Ctry,CountryCode,0,1
pacs.004.001.15,/Document/PmtRtr/TxInf/OrgnlTxRef/UndrlygCstmrCdtTrf/IntrmyAgt3/BrnchId/PstlAdr/AdrLine,AdrLine,Max70Text,0,7
pacs.004.001.15,/Document/PmtRtr/TxInf/OrgnlTxRef/UndrlygCstmrCdtTrf/IntrmyAgt3Acct,IntrmyAgt3Acct,CashAccount40,0,1
pacs.004.001.15,/Document/PmtRtr/TxInf/OrgnlTxRef/UndrlygCstmrCdtTrf/IntrmyAgt3Acct/Id,Id,AccountIdentification4Choice,0,1
pacs.004.001.15,/Document/PmtRtr/TxInf/OrgnlTxRef/UndrlygCstmrCdtTrf/IntrmyAgt3Acct/Id/IBAN,IBAN,IBAN2007Identifier,1,1
pacs.004.001.15,/Document/PmtRtr/TxInf/OrgnlTxRef/UndrlygCstmrCdtTrf/IntrmyAgt3Acct/Id/Othr,Othr,GenericAccountIdentification1,1,1
pacs.004.001.15,/Document/PmtRtr/TxInf/OrgnlTxRef/UndrlygCstmrCdtTrf/IntrmyAgt3Acct/Id/Othr/Id,Id,Max34Text,1,1
pacs.004.001.15,/Document/PmtRtr/TxInf/OrgnlTxRef/UndrlygCstmrCdtTrf/IntrmyAgt3Acct/Id/Othr/SchmeNm,SchmeNm,AccountSchemeName1Choice,0,1
pacs.004.001.15,/Document/PmtRtr/TxInf/OrgnlTxRef/UndrlygCstmrCdtTrf/IntrmyAgt3Acct/Id/Othr/SchmeNm/Cd,Cd,ExternalAccountIdentification1Code,1,1
pacs.004.001.15,/Document/PmtRtr/TxInf/OrgnlTxRef/UndrlygCstmrCdtTrf/IntrmyAgt3Acct/Id/Othr/SchmeNm/Prtry,Prtry,Max35Text,1,1
pacs.004.001.15,/Document/PmtRtr/TxInf/OrgnlTxRef/UndrlygCstmrCdtTrf/IntrmyAgt3Acct/Id/Othr/Issr,Issr,Max35Text,0,1
pacs.004.001.15,/Document/PmtRtr/TxInf/OrgnlTxRef/UndrlygCstmrCdtTrf/IntrmyAgt3Acct/Tp,Tp,CashAccountType2Choice,0,1
pacs.004.001.15,/Document/PmtRtr/TxInf/OrgnlTxRef/UndrlygCstmrCdtTrf/IntrmyAgt3Acct/Tp/Cd,Cd,ExternalCashAccountType1Code,1,1
pacs.004.001.15,/Document/PmtRtr/TxInf/OrgnlTxRef/UndrlygCstmrCdtTrf/IntrmyAgt3Acct/Tp/Prtry,Prtry,Max35Text,1,1
pacs.004.001.15,/Document/PmtRtr/TxInf/OrgnlTxRef/UndrlygCstmrCdtTrf/IntrmyAgt3Acct/Ccy,Ccy,ActiveOrHistoricCurrencyCode,0,1
pacs.004.001.15,/Document/PmtRtr/TxInf/OrgnlTxRef/UndrlygCstmrCdtTrf/IntrmyAgt3Acct/Nm,Nm,Max70Text,0,1
pacs.004.001.15,/Document/PmtRtr/TxInf/OrgnlTxRef/UndrlygCstmrCdtTrf/IntrmyAgt3Acct/Prxy,Prxy,ProxyAccountIdentification1,0,1
pacs.004.001.15,/Document/PmtRtr/TxInf/OrgnlTxRef/UndrlygCstmrCdtTrf/IntrmyAgt3Acct/Prxy/Tp,Tp,ProxyAccountType1Choice,0,1
pacs.004.001.15,/Document/PmtRtr/TxInf/OrgnlTxRef/UndrlygCstmrCdtTrf/IntrmyAgt3Acct/Prxy/Tp/Cd,Cd,ExternalProxyAccountType1Code,1,1
pacs.004.001.15,/Document/PmtRtr/TxInf/OrgnlTxRef/UndrlygCstmrCdtTrf/IntrmyAgt3Acct/Prxy/Tp/Prtry,Prtry,Max35Text,1,1
pacs.004.001.15,/Document/PmtRtr/TxInf/OrgnlTxRef/UndrlygCstmrCdtTrf/IntrmyAgt3Acct/Prxy/Id,Id,Max2048Text,1,1
pacs.004.001.15,/Document/PmtRtr/TxInf/OrgnlTxRef/UndrlygCstmrCdtTrf/CdtrAgt,CdtrAgt,BranchAndFinancialInstitutionIdentification8,1,1
pacs.004.001.15,/Document/PmtRtr/TxInf/OrgnlTxRef/UndrlygCstmrCdtTrf/CdtrAgt/FinInstnId,FinInstnId,FinancialInstitutionIdentification23,1,1
pacs.004.001.15,/Document/PmtRtr/TxInf/OrgnlTxRef/UndrlygCstmrCdtTrf/CdtrAgt/FinInstnId/BICFI,BICFI,BICFIDec2014Identifier,0,1
pacs.004.001.15,/Document/PmtRtr/TxInf/OrgnlTxRef/UndrlygCstmrCdtTrf/CdtrAgt/FinInstnId/ClrSysMmbId,ClrSysMmbId,ClearingSystemMemberIdentification2,0,1
pacs.004.001.15,/Document/PmtRtr/TxInf/OrgnlTxRef/UndrlygCstmrCdtTrf/CdtrAgt/FinInstnId/ClrSysMmbId/ClrSysId,ClrSysId,ClearingSystemIdentification2Choice,0,1
pacs.004.001.15,/Document/PmtRtr/TxInf/OrgnlTxRef/UndrlygCstmrCdtTrf/CdtrAgt/FinInstnId/ClrSysMmbId/ClrSysId/Cd,Cd,ExternalClearingSystemIdentification1Code,1,1
pacs.004.001.15,/Document/PmtRtr/TxInf/OrgnlTxRef/UndrlygCstmrCdtTrf/CdtrAgt/FinInstnId/ClrSysMmbId/ClrSysId/Prtry,Prtry,Max35Text,1,1
pacs.004.001.15,/Document/PmtRtr/TxInf/OrgnlTxRef/UndrlygCstmrCdtTrf/CdtrAgt/FinInstnId/ClrSysMmbId/MmbId,MmbId,Max35Text,1,1
pacs.004.001.15,/Document/PmtRtr/TxInf/OrgnlTxRef/UndrlygCstmrCdtTrf/CdtrAgt/FinInstnId/LEI,LEI,LEIIdentifier,0,1
pacs.004.001.15,/Document/PmtRtr/TxInf/OrgnlTxRef/UndrlygCstmrCdtTrf/CdtrAgt/FinInstnId/Nm,Nm,Max140Text,0,1
pacs.004.001.15,/Document/PmtRtr/TxInf/OrgnlTxRef/UndrlygCstmrCdtTrf/CdtrAgt/FinInstnId/PstlAdr,PstlAdr,PostalAddress27,0,1
pacs.004.001.15,/Document/PmtRtr/TxInf/OrgnlTxRef/UndrlygCstmrCdtTrf/CdtrAgt/FinInstnId/PstlAdr/AdrTp,AdrTp,AddressType3Choice,0,1
pacs.004.001.15,/Document/PmtRtr/TxInf/OrgnlTxRef/UndrlygCstmrCdtTrf/CdtrAgt/FinInstnId/PstlAdr/AdrTp/Cd,Cd,AddressType2Code,1,1
pacs.004.001.15,/Document/PmtRtr/TxInf/OrgnlTxRef/UndrlygCstmrCdtTrf/CdtrAgt/FinInstnId/PstlAdr/AdrTp/Prtry,Prtry,GenericIdentification30,1,1
pacs.004.001.15,/Document/PmtRtr/TxInf/OrgnlTxRef/UndrlygCstmrCdtTrf/CdtrAgt/FinInstnId/PstlAdr/AdrTp/Prtry/Id,Id,Exact4AlphaNumericText,1,1
pacs.004.001.15,/Document/PmtRtr/TxInf/OrgnlTxRef/UndrlygCstmrCdtTrf/CdtrAgt/FinInstnId/PstlAdr/AdrTp/Prtry/Issr,Issr,Max35Text,1,1
pacs.004.001.15,/Document/PmtRtr/TxInf/OrgnlTxRef/UndrlygCstmrCdtTrf/CdtrAgt/FinInstnId/PstlAdr/AdrTp/Prtry/SchmeNm,SchmeNm,Max35Text,0,1
pacs.004.001.15,/Document/PmtRtr/TxInf/OrgnlTxRef/UndrlygCstmrCdtTrf/CdtrAgt/FinInstnId/PstlAdr/CareOf,CareOf,Max140Text,0,1
pacs.004.001.15,/Document/PmtRtr/TxInf/OrgnlTxRef/UndrlygCstmrCdtTrf/CdtrAgt/FinInstnId/PstlAdr/Dept,Dept,Max70Text,0,1
pacs.004.001.15,/Document/PmtRtr/TxInf/OrgnlTxRef/UndrlygCstmrCdtTrf/CdtrAgt/FinInstnId/PstlAdr/SubDept,SubDept,Max70Text,0,1
pacs.004.001.15,/Document/PmtRtr/TxInf/OrgnlTxRef/UndrlygCstmrCdtTrf/CdtrAgt/FinInstnId/PstlAdr/StrtNm,StrtNm,Max140Text,0,1
pacs.004.001.15,/Document/PmtRtr/TxInf/OrgnlTxRef/UndrlygCstmrCdtTrf/CdtrAgt/FinInstnId/PstlAdr/BldgNb,BldgNb,Max16Text,0,1
pacs.004.001.15,/Document/PmtRtr/TxInf/OrgnlTxRef/UndrlygCstmrCdtTrf/CdtrAgt/FinInstnId/PstlAdr/BldgNm,BldgNm,Max140Text,0,1
pacs.004.001.15,/Document/PmtRtr/TxInf/OrgnlTxRef/UndrlygCstmrCdtTrf/CdtrAgt/FinInstnId/PstlAdr/Flr,Flr,Max70Text,0,1
pacs.004.001.15,/Document/PmtRtr/TxInf/OrgnlTxRef/UndrlygCstmrCdtTrf/CdtrAgt/FinInstnId/PstlAdr/UnitNb,UnitNb,Max16Text,0,1
pacs.004.001.15,/Document/PmtRtr/TxInf/OrgnlTxRef/UndrlygCstmrCdtTrf/CdtrAgt/FinInstnId/PstlAdr/PstBx,PstBx,Max16Text,0,1
pacs.004.001.15,/Document/PmtRtr/TxInf/OrgnlTxRef/UndrlygCstmrCdtTrf/CdtrAgt/FinInstnId/PstlAdr/Room,Room,Max70Text,0,1
pacs.004.001.15,/Document/PmtRtr/TxInf/OrgnlTxRef/UndrlygCstmrCdtTrf/CdtrAgt/FinInstnId/PstlAdr/PstCd,PstCd,Max16Text,0,1
pacs.004.001.15,/Document/PmtRtr/TxInf/OrgnlTxRef/UndrlygCstmrCdtTrf/CdtrAgt/FinInstnId/PstlAdr/TwnNm,TwnNm,Max140Text,0,1
pacs.004.001.15,/Document/PmtRtr/TxInf/OrgnlTxRef/UndrlygCstmrCdtTrf/CdtrAgt/FinInstnId/PstlAdr/TwnLctnNm,TwnLctnNm,Max140Text,0,1
pacs.004.001.15,/Document/PmtRtr/TxInf/OrgnlTxRef/UndrlygCstmrCdtTrf/CdtrAgt/FinInstnId/PstlAdr/DstrctNm,DstrctNm,Max140Text,0,1
pacs.004.001.15,/Document/PmtRtr/TxInf/OrgnlTxRef/UndrlygCstmrCdtTrf/CdtrAgt/FinInstnId/PstlAdr/CtrySubDvsn,CtrySubDvsn,Max35Text,0,1
pacs.004.001.15,/Document/PmtRtr/TxInf/OrgnlTxRef/UndrlygCstmrCdtTrf/CdtrAgt/FinInstnId/PstlAdr/Ctry,Ctry,CountryCode,0,1
pacs.004.001.15,/Document/PmtRtr/TxInf/OrgnlTxRef/UndrlygCstmrCdtTrf/CdtrAgt/FinInstnId/PstlAdr/AdrLine,AdrLine,Max70Text,0,7
pacs.004.001.15,/Document/PmtRtr/TxInf/OrgnlTxRef/UndrlygCstmrCdtTrf/CdtrAgt/FinInstnId/Othr,Othr,GenericFinancialIdentification1,0,1
pacs.004.001.15,/Document/PmtRtr/TxInf/OrgnlTxRef/UndrlygCstmrCdtTrf/CdtrAgt/FinInstnId/Othr/Id,Id,Max35Text,1,1
pacs.004.001.15,/Document/PmtRtr/TxInf/OrgnlTxRef/UndrlygCstmrCdtTrf/CdtrAgt/FinInstnId/Othr/SchmeNm,SchmeNm,FinancialIdentificationSchemeName1Choice,0,1
pacs.004.001.15,/Document/PmtRtr/TxInf/OrgnlTxRef/UndrlygCstmrCdtTrf/CdtrAgt/FinInstnId/Othr/SchmeNm/Cd,Cd,ExternalFinancialInstitutionIdentification1Code,1,1
pacs.004.001.15,/Document/PmtRtr/TxInf/OrgnlTxRef/UndrlygCstmrCdtTrf/CdtrAgt/FinInstnId/Othr/SchmeNm/Prtry,Prtry,Max35Text,1,1
pacs.004.001.15,/Document/PmtRtr/TxInf/OrgnlTxRef/UndrlygCstmrCdtTrf/CdtrAgt/FinInstnId/Othr/Issr,Issr,Max35Text,0,1
pacs.004.001.15,/Document/PmtRtr/TxInf/OrgnlTxRef/UndrlygCstmrCdtTrf/CdtrAgt/BrnchId,BrnchId,BranchData5,0,1
pacs.004.001.15,/Document/PmtRtr/TxInf/OrgnlTxRef/UndrlygCstmrCdtTrf/CdtrAgt/BrnchId/Id,Id,Max35Text,0,1
pacs.004.001.15,/Document/PmtRtr/TxInf/OrgnlTxRef/UndrlygCstmrCdtTrf/CdtrAgt/BrnchId/LEI,LEI,LEIIdentifier,0,1
pacs.004.001.15,/Document/PmtRtr/TxInf/OrgnlTxRef/UndrlygCstmrCdtTrf/CdtrAgt/BrnchId/Nm,Nm,Max140Text,0,1
pacs.004.001.15,/Document/PmtRtr/TxInf/OrgnlTxRef/UndrlygCstmrCdtTrf/CdtrAgt/BrnchId/PstlAdr,PstlAdr,PostalAddress27,0,1
pacs.004.001.15,/Document/PmtRtr/TxInf/OrgnlTxRef/UndrlygCstmrCdtTrf/CdtrAgt/BrnchId/PstlAdr/AdrTp,AdrTp,AddressType3Choice,0,1
pacs.004.001.15,/Document/PmtRtr/TxInf/OrgnlTxRef/UndrlygCstmrCdtTrf/CdtrAgt/BrnchId/PstlAdr/AdrTp/Cd,Cd,AddressType2Code,1,1
pacs.004.001.15,/Document/PmtRtr/TxInf/OrgnlTxRef/UndrlygCstmrCdtTrf/CdtrAgt/BrnchId/PstlAdr/AdrTp/Prtry,Prtry,GenericIdentification30,1,1
pacs.004.001.15,/Document/PmtRtr/TxInf/OrgnlTxRef/UndrlygCstmrCdtTrf/CdtrAgt/BrnchId/PstlAdr/AdrTp/Prtry/Id,Id,Exact4AlphaNumericText,1,1
pacs.004.001.15,/Document/PmtRtr/TxInf/OrgnlTxRef/UndrlygCstmrCdtTrf/CdtrAgt/BrnchId/PstlAdr/AdrTp/Prtry/Issr,Issr,Max35Text,1,1
pacs.004.001.15,/Document/PmtRtr/TxInf/OrgnlTxRef/UndrlygCstmrCdtTrf/CdtrAgt/BrnchId/PstlAdr/AdrTp/Prtry/SchmeNm,SchmeNm,Max35Text,0,1
pacs.004.001.15,/Document/PmtRtr/TxInf/OrgnlTxRef/UndrlygCstmrCdtTrf/CdtrAgt/BrnchId/PstlAdr/CareOf,CareOf,Max140Text,0,1
pacs.004.001.15,/Document/PmtRtr/TxInf/OrgnlTxRef/UndrlygCstmrCdtTrf/CdtrAgt/BrnchId/PstlAdr/Dept,Dept,Max70Text,0,1
pacs.004.001.15,/Document/PmtRtr/TxInf/OrgnlTxRef/UndrlygCstmrCdtTrf/CdtrAgt/BrnchId/PstlAdr/SubDept,SubDept,Max70Text,0,1
pacs.004.001.15,/Document/PmtRtr/TxInf/OrgnlTxRef/UndrlygCstmrCdtTrf/CdtrAgt/BrnchId/PstlAdr/StrtNm,StrtNm,Max140Text,0,1
pacs.004.001.15,/Document/PmtRtr/TxInf/OrgnlTxRef/UndrlygCstmrCdtTrf/CdtrAgt/BrnchId/PstlAdr/BldgNb,BldgNb,Max16Text,0,1
pacs.004.001.15,/Document/PmtRtr/TxInf/OrgnlTxRef/UndrlygCstmrCdtTrf/CdtrAgt/BrnchId/PstlAdr/BldgNm,BldgNm,Max140Text,0,1
pacs.004.001.15,/Document/PmtRtr/TxInf/OrgnlTxRef/UndrlygCstmrCdtTrf/CdtrAgt/BrnchId/PstlAdr/Flr,Flr,Max70Text,0,1
pacs.004.001.15,/Document/PmtRtr/TxInf/OrgnlTxRef/UndrlygCstmrCdtTrf/CdtrAgt/BrnchId/PstlAdr/UnitNb,UnitNb,Max16Text,0,1
pacs.004.001.15,/Document/PmtRtr/TxInf/OrgnlTxRef/UndrlygCstmrCdtTrf/CdtrAgt/BrnchId/PstlAdr/PstBx,PstBx,Max16Text,0,1
pacs.004.001.15,/Document/PmtRtr/TxInf/OrgnlTxRef/UndrlygCstmrCdtTrf/CdtrAgt/BrnchId/PstlAdr/Room,Room,Max70Text,0,1
pacs.004.001.15,/Document/PmtRtr/TxInf/OrgnlTxRef/UndrlygCstmrCdtTrf/CdtrAgt/BrnchId/PstlAdr/PstCd,PstCd,Max16Text,0,1
pacs.004.001.15,/Document/PmtRtr/TxInf/OrgnlTxRef/UndrlygCstmrCdtTrf/CdtrAgt/BrnchId/PstlAdr/TwnNm,TwnNm,Max140Text,0,1
pacs.004.001.15,/Document/PmtRtr/TxInf/OrgnlTxRef/UndrlygCstmrCdtTrf/CdtrAgt/BrnchId/PstlAdr/TwnLctnNm,TwnLctnNm,Max140Text,0,1
pacs.004.001.15,/Document/PmtRtr/TxInf/OrgnlTxRef/UndrlygCstmrCdtTrf/CdtrAgt/BrnchId/PstlAdr/DstrctNm,DstrctNm,Max140Text,0,1
pacs.004.001.15,/Document/PmtRtr/TxInf/OrgnlTxRef/UndrlygCstmrCdtTrf/CdtrAgt/BrnchId/PstlAdr/CtrySubDvsn,CtrySubDvsn,Max35Text,0,1
pacs.004.001.15,/Document/PmtRtr/TxInf/OrgnlTxRef/UndrlygCstmrCdtTrf/CdtrAgt/BrnchId/PstlAdr/Ctry,Ctry,CountryCode,0,1
pacs.004.001.15,/Document/PmtRtr/TxInf/OrgnlTxRef/UndrlygCstmrCdtTrf/CdtrAgt/BrnchId/PstlAdr/AdrLine,AdrLine,Max70Text,0,7
pacs.004.001.15,/Document/PmtRtr/TxInf/OrgnlTxRef/UndrlygCstmrCdtTrf/CdtrAgtAcct,CdtrAgtAcct,CashAccount40,0,1
pacs.004.001.15,/Document/PmtRtr/TxInf/OrgnlTxRef/UndrlygCstmrCdtTrf/CdtrAgtAcct/Id,Id,AccountIdentification4Choice,0,1
pacs.004.001.15,/Document/PmtRtr/TxInf/OrgnlTxRef/UndrlygCstmrCdtTrf/CdtrAgtAcct/Id/IBAN,IBAN,IBAN2007Identifier,1,1
pacs.004.001.15,/Document/PmtRtr/TxInf/OrgnlTxRef/UndrlygCstmrCdtTrf/CdtrAgtAcct/Id/Othr,Othr,GenericAccountIdentification1,1,1
pacs.004.001.15,/Document/PmtRtr/TxInf/OrgnlTxRef/UndrlygCstmrCdtTrf/CdtrAgtAcct/Id/Othr/Id,Id,Max34Text,1,1
pacs.004.001.15,/Document/PmtRtr/TxInf/OrgnlTxRef/UndrlygCstmrCdtTrf/CdtrAgtAcct/Id/Othr/SchmeNm,SchmeNm,AccountSchemeName1Choice,0,1
pacs.004.001.15,/Document/PmtRtr/TxInf/OrgnlTxRef/UndrlygCstmrCdtTrf/CdtrAgtAcct/Id/Othr/SchmeNm/Cd,Cd,ExternalAccountIdentification1Code,1,1
pacs.004.001.15,/Document/PmtRtr/TxInf/OrgnlTxRef/UndrlygCstmrCdtTrf/CdtrAgtAcct/Id/Othr/SchmeNm/Prtry,Prtry,Max35Text,1,1
pacs.004.001.15,/Document/PmtRtr/TxInf/OrgnlTxRef/UndrlygCstmrCdtTrf/CdtrAgtAcct/Id/Othr/Issr,Issr,Max35Text,0,1
pacs.004.001.15,/Document/PmtRtr/TxInf/OrgnlTxRef/UndrlygCstmrCdtTrf/CdtrAgtAcct/Tp,Tp,CashAccountType2Choice,0,1
pacs.004.001.15,/Document/PmtRtr/TxInf/OrgnlTxRef/UndrlygCstmrCdtTrf/CdtrAgtAcct/Tp/Cd,Cd,ExternalCashAccountType1Code,1,1
pacs.004.001.15,/Document/PmtRtr/TxInf/OrgnlTxRef/UndrlygCstmrCdtTrf/CdtrAgtAcct/Tp/Prtry,Prtry,Max35Text,1,1
pacs.004.001.15,/Document/PmtRtr/TxInf/OrgnlTxRef/UndrlygCstmrCdtTrf/CdtrAgtAcct/Ccy,Ccy,ActiveOrHistoricCurrencyCode,0,1
pacs.004.001.15,/Document/PmtRtr/TxInf/OrgnlTxRef/UndrlygCstmrCdtTrf/CdtrAgtAcct/Nm,Nm,Max70Text,0,1
pacs.004.001.15,/Document/PmtRtr/TxInf/OrgnlTxRef/UndrlygCstmrCdtTrf/CdtrAgtAcct/Prxy,Prxy,ProxyAccountIdentification1,0,1
pacs.004.001.15,/Document/PmtRtr/TxInf/OrgnlTxRef/UndrlygCstmrCdtTrf/CdtrAgtAcct/Prxy/Tp,Tp,ProxyAccountType1Choice,0,1
pacs.004.001.15,/Document/PmtRtr/TxInf/OrgnlTxRef/UndrlygCstmrCdtTrf/CdtrAgtAcct/Prxy/Tp/Cd,Cd,ExternalProxyAccountType1Code,1,1
pacs.004.001.15,/Document/PmtRtr/TxInf/OrgnlTxRef/UndrlygCstmrCdtTrf/CdtrAgtAcct/Prxy/Tp/Prtry,Prtry,Max35Text,1,1
pacs.004.001.15,/Document/PmtRtr/TxInf/OrgnlTxRef/UndrlygCstmrCdtTrf/CdtrAgtAcct/Prxy/Id,Id,Max2048Text,1,1
pacs.004.001.15,/Document/PmtRtr/TxInf/OrgnlTxRef/UndrlygCstmrCdtTrf/Cdtr,Cdtr,PartyIdentification272,1,1
pacs.004.001.15,/Document/PmtRtr/TxInf/OrgnlTxRef/UndrlygCstmrCdtTrf/Cdtr/Nm,Nm,Max140Text,0,1
pacs.004.001.15,/Document/PmtRtr/TxInf/OrgnlTxRef/UndrlygCstmrCdtTrf/Cdtr/PstlAdr,PstlAdr,PostalAddress27,0,1
pacs.004.001.15,/Document/PmtRtr/TxInf/OrgnlTxRef/UndrlygCstmrCdtTrf/Cdtr/PstlAdr/AdrTp,AdrTp,AddressType3Choice,0,1
pacs.004.001.15,/Document/PmtRtr/TxInf/OrgnlTxRef/UndrlygCstmrCdtTrf/Cdtr/PstlAdr/AdrTp/Cd,Cd,AddressType2Code,1,1
pacs.004.001.15,/Document/PmtRtr/TxInf/OrgnlTxRef/UndrlygCstmrCdtTrf/Cdtr/PstlAdr/AdrTp/Prtry,Prtry,GenericIdentification30,1,1
pacs.004.001.15,/Document/PmtRtr/TxInf/OrgnlTxRef/UndrlygCstmrCdtTrf/Cdtr/PstlAdr/AdrTp/Prtry/Id,Id,Exact4AlphaNumericText,1,1
pacs.004.001.15,/Document/PmtRtr/TxInf/OrgnlTxRef/UndrlygCstmrCdtTrf/Cdtr/PstlAdr/AdrTp/Prtry/Issr,Issr,Max35Text,1,1
pacs.004.001.15,/Document/PmtRtr/TxInf/OrgnlTxRef/UndrlygCstmrCdtTrf/Cdtr/PstlAdr/AdrTp/Prtry/SchmeNm,SchmeNm,Max35Text,0,1
pacs.004.001.15,/Document/PmtRtr/TxInf/OrgnlTxRef/UndrlygCstmrCdtTrf/Cdtr/PstlAdr/CareOf,CareOf,Max140Text,0,1
pacs.004.001.15,/Document/PmtRtr/TxInf/OrgnlTxRef/UndrlygCstmrCdtTrf/Cdtr/PstlAdr/Dept,Dept,Max70Text,0,1
pacs.004.001.15,/Document/PmtRtr/TxInf/OrgnlTxRef/UndrlygCstmrCdtTrf/Cdtr/PstlAdr/SubDept,SubDept,Max70Text,0,1
pacs.004.001.15,/Document/PmtRtr/TxInf/OrgnlTxRef/UndrlygCstmrCdtTrf/Cdtr/PstlAdr/StrtNm,StrtNm,Max140Text,0,1
pacs.004.001.15,/Document/PmtRtr/TxInf/OrgnlTxRef/UndrlygCstmrCdtTrf/Cdtr/PstlAdr/BldgNb,BldgNb,Max16Text,0,1
pacs.004.001.15,/Document/PmtRtr/TxInf/OrgnlTxRef/UndrlygCstmrCdtTrf/Cdtr/PstlAdr/BldgNm,BldgNm,Max140Text,0,1
pacs.004.001.15,/Document/PmtRtr/TxInf/OrgnlTxRef/UndrlygCstmrCdtTrf/Cdtr/PstlAdr/Flr,Flr,Max70Text,0,1
pacs.004.001.15,/Document/PmtRtr/TxInf/OrgnlTxRef/UndrlygCstmrCdtTrf/Cdtr/PstlAdr/UnitNb,UnitNb,Max16Text,0,1
pacs.004.001.15,/Document/PmtRtr/TxInf/OrgnlTxRef/UndrlygCstmrCdtTrf/Cdtr/PstlAdr/PstBx,PstBx,Max16Text,0,1
pacs.004.001.15,/Document/PmtRtr/TxInf/OrgnlTxRef/UndrlygCstmrCdtTrf/Cdtr/PstlAdr/Room,Room,Max70Text,0,1
pacs.004.001.15,/Document/PmtRtr/TxInf/OrgnlTxRef/UndrlygCstmrCdtTrf/Cdtr/PstlAdr/PstCd,PstCd,Max16Text,0,1
pacs.004.001.15,/Document/PmtRtr/TxInf/OrgnlTxRef/UndrlygCstmrCdtTrf/Cdtr/PstlAdr/TwnNm,TwnNm,Max140Text,0,1
pacs.004.001.15,/Document/PmtRtr/TxInf/OrgnlTxRef/UndrlygCstmrCdtTrf/Cdtr/PstlAdr/TwnLctnNm,TwnLctnNm,Max140Text,0,1
pacs.004.001.15,/Document/PmtRtr/TxInf/OrgnlTxRef/UndrlygCstmrCdtTrf/Cdtr/PstlAdr/DstrctNm,DstrctNm,Max140Text,0,1
pacs.004.001.15,/Document/PmtRtr/TxInf/OrgnlTxRef/UndrlygCstmrCdtTrf/Cdtr/PstlAdr/CtrySubDvsn,CtrySubDvsn,Max35Text,0,1
pacs.004.001.15,/Document/PmtRtr/TxInf/OrgnlTxRef/UndrlygCstmrCdtTrf/Cdtr/PstlAdr/Ctry,Ctry,CountryCode,0,1
pacs.004.001.15,/Document/PmtRtr/TxInf/OrgnlTxRef/UndrlygCstmrCdtTrf/Cdtr/PstlAdr/AdrLine,AdrLine,Max70Text,0,7
pacs.004.001.15,/Document/PmtRtr/TxInf/OrgnlTxRef/UndrlygCstmrCdtTrf/Cdtr/Id,Id,Party52Choice,0,1
pacs.004.001.15,/Document/PmtRtr/TxInf/OrgnlTxRef/UndrlygCstmrCdtTrf/Cdtr/Id/OrgId,OrgId,OrganisationIdentification39,1,1
pacs.004.001.15,/Document/PmtRtr/TxInf/OrgnlTxRef/UndrlygCstmrCdtTrf/Cdtr/Id/OrgId/AnyBIC,AnyBIC,AnyBICDec2014Identifier,0,1
pacs.004.001.15,/Document/PmtRtr/TxInf/OrgnlTxRef/UndrlygCstmrCdtTrf/Cdtr/Id/OrgId/LEI,LEI,LEIIdentifier,0,1
pacs.004.001.15,/Document/PmtRtr/TxInf/OrgnlTxRef/UndrlygCstmrCdtTrf/Cdtr/Id/OrgId/Othr,Othr,GenericOrganisationIdentification3,0,
pacs.004.001.15,/Document/PmtRtr/TxInf/OrgnlTxRef/UndrlygCstmrCdtTrf/Cdtr/Id/OrgId/Othr/Id,Id,Max256Text,1,1
pacs.004.001.15,/Document/PmtRtr/TxInf/OrgnlTxRef/UndrlygCstmrCdtTrf/Cdtr/Id/OrgId/Othr/SchmeNm,SchmeNm,OrganisationIdentificationSchemeName1Choice,0,1
pacs.004.001.15,/Document/PmtRtr/TxInf/OrgnlTxRef/UndrlygCstmrCdtTrf/Cdtr/Id/OrgId/Othr/SchmeNm/Cd,Cd,ExternalOrganisationIdentification1Code,1,1
pacs.004.001.15,/Document/PmtRtr/TxInf/OrgnlTxRef/UndrlygCstmrCdtTrf/Cdtr/Id/OrgId/Othr/SchmeNm/Prtry,Prtry,Max35Text,1,1
pacs.004.001.15,/Document/PmtRtr/TxInf/OrgnlTxRef/UndrlygCstmrCdtTrf/Cdtr/Id/OrgId/Othr/Issr,Issr,Max35Text,0,1
pacs.004.001.15,/Document/PmtRtr/TxInf/OrgnlTxRef/UndrlygCstmrCdtTrf/Cdtr/Id/PrvtId,PrvtId,PersonIdentification18,1,1
pacs.004.001.15,/Document/PmtRtr/TxInf/OrgnlTxRef/UndrlygCstmrCdtTrf/Cdtr/Id/PrvtId/DtAndPlcOfBirth,DtAndPlcOfBirth,DateAndPlaceOfBirth1,0,1
pacs.004.001.15,/Document/PmtRtr/TxInf/OrgnlTxRef/UndrlygCstmrCdtTrf/Cdtr/Id/PrvtId/DtAndPlcOfBirth/BirthDt,BirthDt,ISODate,1,1
pacs.004.001.15,/Document/PmtRtr/TxInf/OrgnlTxRef/UndrlygCstmrCdtTrf/Cdtr/Id/PrvtId/DtAndPlcOfBirth/PrvcOfBirth,PrvcOfBirth,Max35Text,0,1
pacs.004.001.15,/Document/PmtRtr/TxInf/OrgnlTxRef/UndrlygCstmrCdtTrf/Cdtr/Id/PrvtId/DtAndPlcOfBirth/CityOfBirth,CityOfBirth,Max35Text,1,1
pacs.004.001.15,/Document/PmtRtr/TxInf/OrgnlTxRef/UndrlygCstmrCdtTrf/Cdtr/Id/PrvtId/DtAndPlcOfBirth/CtryOfBirth,CtryOfBirth,CountryCode,1,1
pacs.004.001.15,/Document/PmtRtr/TxInf/OrgnlTxRef/UndrlygCstmrCdtTrf/Cdtr/Id/PrvtId/Othr,Othr,GenericPersonIdentification2,0,
pacs.004.001.15,/Document/PmtRtr/TxInf/OrgnlTxRef/UndrlygCstmrCdtTrf/Cdtr/Id/PrvtId/Othr/Id,Id,Max256Text,1,1
pacs.004.001.15,/Document/PmtRtr/TxInf/OrgnlTxRef/UndrlygCstmrCdtTrf/Cdtr/Id/PrvtId/Othr/SchmeNm,SchmeNm,PersonIdentificationSchemeName1Choice,0,1
pacs.004.001.15,/Document/PmtRtr/TxInf/OrgnlTxRef/UndrlygCstmrCdtTrf/Cdtr/Id/PrvtId/Othr/SchmeNm/Cd,Cd,ExternalPersonIdentification1Code,1,1
pacs.004.001.15,/Document/PmtRtr/TxInf/OrgnlTxRef/UndrlygCstmrCdtTrf/Cdtr/Id/PrvtId/Othr/SchmeNm/Prtry,Prtry,Max35Text,1,1
pacs.004.001.15,/Document/PmtRtr/TxInf/OrgnlTxRef/UndrlygCstmrCdtTrf/Cdtr/Id/PrvtId/Othr/Issr,Issr,Max35Text,0,1
pacs.004.001.15,/Document/PmtRtr/TxInf/OrgnlTxRef/UndrlygCstmrCdtTrf/Cdtr/CtryOfRes,CtryOfRes,CountryCode,0,1
pacs.004.001.15,/Document/PmtRtr/TxInf/OrgnlTxRef/UndrlygCstmrCdtTrf/Cdtr/CtctDtls,CtctDtls,Contact13,0,1
pacs.004.001.15,/Document/PmtRtr/TxInf/OrgnlTxRef/UndrlygCstmrCdtTrf/Cdtr/CtctDtls/NmPrfx,NmPrfx,NamePrefix2Code,0,1
pacs.004.001.15,/Document/PmtRtr/TxInf/OrgnlTxRef/UndrlygCstmrCdtTrf/Cdtr/CtctDtls/Nm,Nm,Max140Text,0,1
pacs.004.001.15,/Document/PmtRtr/TxInf/OrgnlTxRef/UndrlygCstmrCdtTrf/Cdtr/CtctDtls/PhneNb,PhneNb,PhoneNumber,0,1
pacs.004.001.15,/Document/PmtRtr/TxInf/OrgnlTxRef/UndrlygCstmrCdtTrf/Cdtr/CtctDtls/MobNb,MobNb,PhoneNumber,0,1
pacs.004.001.15,/Document/PmtRtr/TxInf/OrgnlTxRef/UndrlygCstmrCdtTrf/Cdtr/CtctDtls/FaxNb,FaxNb,PhoneNumber,0,1
pacs.004.001.15,/Document/PmtRtr/TxInf/OrgnlTxRef/UndrlygCstmrCdtTrf/Cdtr/CtctDtls/URLAdr,URLAdr,Max2048Text,0,1
pacs.004.001.15,/Document/PmtRtr/TxInf/OrgnlTxRef/UndrlygCstmrCdtTrf/Cdtr/CtctDtls/EmailAdr,EmailAdr,Max256Text,0,1
pacs.004.001.15,/Document/PmtRtr/TxInf/OrgnlTxRef/UndrlygCstmrCdtTrf/Cdtr/CtctDtls/EmailPurp,EmailPurp,Max35Text,0,1
pacs.004.001.15,/Document/PmtRtr/TxInf/OrgnlTxRef/UndrlygCstmrCdtTrf/Cdtr/CtctDtls/JobTitl,JobTitl,Max35Text,0,1
pacs.004.001.15,/Document/PmtRtr/TxInf/OrgnlTxRef/UndrlygCstmrCdtTrf/Cdtr/CtctDtls/Rspnsblty,Rspnsblty,Max35Text,0,1
pacs.004.001.15,/Document/PmtRtr/TxInf/OrgnlTxRef/UndrlygCstmrCdtTrf/Cdtr/CtctDtls/Dept,Dept,Max70Text,0,1
pacs.004.001.15,/Document/PmtRtr/TxInf/OrgnlTxRef/UndrlygCstmrCdtTrf/Cdtr/CtctDtls/Othr,Othr,OtherContact1,0,
pacs.004.001.15,/Document/PmtRtr/TxInf/OrgnlTxRef/UndrlygCstmrCdtTrf/Cdtr/CtctDtls/Othr/ChanlTp,ChanlTp,Max4Text,1,1
pacs.004.001.15,/Document/PmtRtr/TxInf/OrgnlTxRef/UndrlygCstmrCdtTrf/Cdtr/CtctDtls/Othr/Id,Id,Max128Text,0,1
pacs.004.001.15,/Document/PmtRtr/TxInf/OrgnlTxRef/UndrlygCstmrCdtTrf/Cdtr/CtctDtls/PrefrdMtd,PrefrdMtd,PreferredContactMethod2Code,0,1
pacs.004.001.15,/Document/PmtRtr/TxInf/OrgnlTxRef/UndrlygCstmrCdtTrf/CdtrAcct,CdtrAcct,CashAccount40,0,1
pacs.004.001.15,/Document/PmtRtr/TxInf/OrgnlTxRef/UndrlygCstmrCdtTrf/CdtrAcct/Id,Id,AccountIdentification4Choice,0,1
pacs.004.001.15,/Document/PmtRtr/TxInf/OrgnlTxRef/UndrlygCstmrCdtTrf/CdtrAcct/Id/IBAN,IBAN,IBAN2007Identifier,1,1
pacs.004.001.15,/Document/PmtRtr/TxInf/OrgnlTxRef/UndrlygCstmrCdtTrf/CdtrAcct/Id/Othr,Othr,GenericAccountIdentification1,1,1
pacs.004.001.15,/Document/PmtRtr/TxInf/OrgnlTxRef/UndrlygCstmrCdtTrf/CdtrAcct/Id/Othr/Id,Id,Max34Text,1,1
pacs.004.001.15,/Document/PmtRtr/TxInf/OrgnlTxRef/UndrlygCstmrCdtTrf/CdtrAcct/Id/Othr/SchmeNm,SchmeNm,AccountSchemeName1Choice,0,1
pacs.004.001.15,/Document/PmtRtr/TxInf/OrgnlTxRef/UndrlygCstmrCdtTrf/CdtrAcct/Id/Othr/SchmeNm/Cd,Cd,ExternalAccountIdentification1Code,1,1
pacs.004.001.15,/Document/PmtRtr/TxInf/OrgnlTxRef/UndrlygCstmrCdtTrf/CdtrAcct/Id/Othr/SchmeNm/Prtry,Prtry,Max35Text,1,1
pacs.004.001.15,/Document/PmtRtr/TxInf/OrgnlTxRef/UndrlygCstmrCdtTrf/CdtrAcct/Id/Othr/Issr,Issr,Max35Text,0,1
pacs.004.001.15,/Document/PmtRtr/TxInf/OrgnlTxRef/UndrlygCstmrCdtTrf/CdtrAcct/Tp,Tp,CashAccountType2Choice,0,1
pacs.004.001.15,/Document/PmtRtr/TxInf/OrgnlTxRef/UndrlygCstmrCdtTrf/CdtrAcct/Tp/Cd,Cd,ExternalCashAccountType1Code,1,1
pacs.004.001.15,/Document/PmtRtr/TxInf/OrgnlTxRef/UndrlygCstmrCdtTrf/CdtrAcct/Tp/Prtry,Prtry,Max35Text,1,1
pacs.004.001.15,/Document/PmtRtr/TxInf/OrgnlTxRef/UndrlygCstmrCdtTrf/CdtrAcct/Ccy,Ccy,ActiveOrHistoricCurrencyCode,0,1
pacs.004.001.15,/Document/PmtRtr/TxInf/OrgnlTxRef/UndrlygCstmrCdtTrf/CdtrAcct/Nm,Nm,Max70Text,0,1
pacs.004.001.15,/Document/PmtRtr/TxInf/OrgnlTxRef/UndrlygCstmrCdtTrf/CdtrAcct/Prxy,Prxy,ProxyAccountIdentification1,0,1
pacs.004.001.15,/Document/PmtRtr/TxInf/OrgnlTxRef/UndrlygCstmrCdtTrf/CdtrAcct/Prxy/Tp,Tp,ProxyAccountType1Choice,0,1
pacs.004.001.15,/Document/PmtRtr/TxInf/OrgnlTxRef/UndrlygCstmrCdtTrf/CdtrAcct/Prxy/Tp/Cd,Cd,ExternalProxyAccountType1Code,1,1
pacs.004.001.15,/Document/PmtRtr/TxInf/OrgnlTxRef/UndrlygCstmrCdtTrf/CdtrAcct/Prxy/Tp/Prtry,Prtry,Max35Text,1,1
pacs.004.001.15,/Document/PmtRtr/TxInf/OrgnlTxRef/UndrlygCstmrCdtTrf/CdtrAcct/Prxy/Id,Id,Max2048Text,1,1
pacs.004.001.15,/Document/PmtRtr/TxInf/OrgnlTxRef/UndrlygCstmrCdtTrf/UltmtCdtr,UltmtCdtr,PartyIdentification272,0,1
pacs.004.001.15,/Document/PmtRtr/TxInf/OrgnlTxRef/UndrlygCstmrCdtTrf/UltmtCdtr/Nm,Nm,Max140Text,0,1
pacs.004.001.15,/Document/PmtRtr/TxInf/OrgnlTxRef/UndrlygCstmrCdtTrf/UltmtCdtr/PstlAdr,PstlAdr,PostalAddress27,0,1
pacs.004.001.15,/Document/PmtRtr/TxInf/OrgnlTxRef/UndrlygCstmrCdtTrf/UltmtCdtr/PstlAdr/AdrTp,AdrTp,AddressType3Choice,0,1
pacs.004.001.15,/Document/PmtRtr/TxInf/OrgnlTxRef/UndrlygCstmrCdtTrf/UltmtCdtr/PstlAdr/AdrTp/Cd,Cd,AddressType2Code,1,1
pacs.004.001.15,/Document/PmtRtr/TxInf/OrgnlTxRef/UndrlygCstmrCdtTrf/UltmtCdtr/PstlAdr/AdrTp/Prtry,Prtry,GenericIdentification30,1,1
pacs.004.001.15,/Document/PmtRtr/TxInf/OrgnlTxRef/UndrlygCstmrCdtTrf/UltmtCdtr/PstlAdr/AdrTp/Prtry/Id,Id,Exact4AlphaNumericText,1,1
pacs.004.001.15,/Document/PmtRtr/TxInf/OrgnlTxRef/UndrlygCstmrCdtTrf/UltmtCdtr/PstlAdr/AdrTp/Prtry/Issr,Issr,Max35Text,1,1
pacs.004.001.15,/Document/PmtRtr/TxInf/OrgnlTxRef/UndrlygCstmrCdtTrf/UltmtCdtr/PstlAdr/AdrTp/Prtry/SchmeNm,SchmeNm,Max35Text,0,1
pacs.004.001.15,/Document/PmtRtr/TxInf/OrgnlTxRef/UndrlygCstmrCdtTrf/UltmtCdtr/PstlAdr/CareOf,CareOf,Max140Text,0,1
pacs.004.001.15,/Document/PmtRtr/TxInf/OrgnlTxRef/UndrlygCstmrCdtTrf/UltmtCdtr/PstlAdr/Dept,Dept,Max70Text,0,1
pacs.004.001.15,/Document/PmtRtr/TxInf/OrgnlTxRef/UndrlygCstmrCdtTrf/UltmtCdtr/PstlAdr/SubDept,SubDept,Max70Text,0,1
pacs.004.001.15,/Document/PmtRtr/TxInf/OrgnlTxRef/UndrlygCstmrCdtTrf/UltmtCdtr/PstlAdr/StrtNm,StrtNm,Max140Text,0,1
pacs.004.001.15,/Document/PmtRtr/TxInf/OrgnlTxRef/UndrlygCstmrCdtTrf/UltmtCdtr/PstlAdr/BldgNb,BldgNb,Max16Text,0,1
pacs.004.001.15,/Document/PmtRtr/TxInf/OrgnlTxRef/UndrlygCstmrCdtTrf/UltmtCdtr/PstlAdr/BldgNm,BldgNm,Max140Text,0,1
pacs.004.001.15,/Document/PmtRtr/TxInf/OrgnlTxRef/UndrlygCstmrCdtTrf/UltmtCdtr/PstlAdr/Flr,Flr,Max70Text,0,1
pacs.004.001.15,/Document/PmtRtr/TxInf/OrgnlTxRef/UndrlygCstmrCdtTrf/UltmtCdtr/PstlAdr/UnitNb,UnitNb,Max16Text,0,1
pacs.004.001.15,/Document/PmtRtr/TxInf/OrgnlTxRef/UndrlygCstmrCdtTrf/UltmtCdtr/PstlAdr/PstBx,PstBx,Max16Text,0,1
pacs.004.001.15,/Document/PmtRtr/TxInf/OrgnlTxRef/UndrlygCstmrCdtTrf/UltmtCdtr/PstlAdr/Room,Room,Max70Text,0,1
pacs.004.001.15,/Document/PmtRtr/TxInf/OrgnlTxRef/UndrlygCstmrCdtTrf/UltmtCdtr/PstlAdr/PstCd,PstCd,Max16Text,0,1
pacs.004.001.15,/Document/PmtRtr/TxInf/OrgnlTxRef/UndrlygCstmrCdtTrf/UltmtCdtr/PstlAdr/TwnNm,TwnNm,Max140Text,0,1
pacs.004.001.15,/Document/PmtRtr/TxInf/OrgnlTxRef/UndrlygCstmrCdtTrf/UltmtCdtr/PstlAdr/TwnLctnNm,TwnLctnNm,Max140Text,0,1
pacs.004.001.15,/Document/PmtRtr/TxInf/OrgnlTxRef/UndrlygCstmrCdtTrf/UltmtCdtr/PstlAdr/DstrctNm,DstrctNm,Max140Text,0,1
pacs.004.001.15,/Document/PmtRtr/TxInf/OrgnlTxRef/UndrlygCstmrCdtTrf/UltmtCdtr/PstlAdr/CtrySubDvsn,CtrySubDvsn,Max35Text,0,1
pacs.004.001.15,/Document/PmtRtr/TxInf/OrgnlTxRef/UndrlygCstmrCdtTrf/UltmtCdtr/PstlAdr/Ctry,Ctry,CountryCode,0,1
pacs.004.001.15,/Document/PmtRtr/TxInf/OrgnlTxRef/UndrlygCstmrCdtTrf/UltmtCdtr/PstlAdr/AdrLine,AdrLine,Max70Text,0,7
pacs.004.001.15,/Document/PmtRtr/TxInf/OrgnlTxRef/UndrlygCstmrCdtTrf/UltmtCdtr/Id,Id,Party52Choice,0,1
pacs.004.001.15,/Document/PmtRtr/TxInf/OrgnlTxRef/UndrlygCstmrCdtTrf/UltmtCdtr/Id/OrgId,OrgId,OrganisationIdentification39,1,1
pacs.004.001.15,/Document/PmtRtr/TxInf/OrgnlTxRef/UndrlygCstmrCdtTrf/UltmtCdtr/Id/OrgId/AnyBIC,AnyBIC,AnyBICDec2014Identifier,0,1
pacs.004.001.15,/Document/PmtRtr/TxInf/OrgnlTxRef/UndrlygCstmrCdtTrf/UltmtCdtr/Id/OrgId/LEI,LEI,LEIIdentifier,0,1
pacs.004.001.15,/Document/PmtRtr/TxInf/OrgnlTxRef/UndrlygCstmrCdtTrf/UltmtCdtr/Id/OrgId/Othr,Othr,GenericOrganisationIdentification3,0,
pacs.004.001.15,/Document/PmtRtr/TxInf/OrgnlTxRef/UndrlygCstmrCdtTrf/UltmtCdtr/Id/OrgId/Othr/Id,Id,Max256Text,1,1
pacs.004.001.15,/Document/PmtRtr/TxInf/OrgnlTxRef/UndrlygCstmrCdtTrf/UltmtCdtr/Id/OrgId/Othr/SchmeNm,SchmeNm,OrganisationIdentificationSchemeName1Choice,0,1
pacs.004.001.15,/Document/PmtRtr/TxInf/OrgnlTxRef/UndrlygCstmrCdtTrf/UltmtCdtr/Id/OrgId/Othr/SchmeNm/Cd,Cd,ExternalOrganisationIdentification1Code,1,1
pacs.004.001.15,/Document/PmtRtr/TxInf/OrgnlTxRef/UndrlygCstmrCdtTrf/UltmtCdtr/Id/OrgId/Othr/SchmeNm/Prtry,Prtry,Max35Text,1,1
pacs.004.001.15,/Document/PmtRtr/TxInf/OrgnlTxRef/UndrlygCstmrCdtTrf/UltmtCdtr/Id/OrgId/Othr/Issr,Issr,Max35Text,0,1
pacs.004.001.15,/Document/PmtRtr/TxInf/OrgnlTxRef/UndrlygCstmrCdtTrf/UltmtCdtr/Id/PrvtId,PrvtId,PersonIdentification18,1,1
pacs.004.001.15,/Document/PmtRtr/TxInf/OrgnlTxRef/UndrlygCstmrCdtTrf/UltmtCdtr/Id/PrvtId/DtAndPlcOfBirth,DtAndPlcOfBirth,DateAndPlaceOfBirth1,0,1
pacs.004.001.15,/Document/PmtRtr/TxInf/OrgnlTxRef/UndrlygCstmrCdtTrf/UltmtCdtr/Id/PrvtId/DtAndPlcOfBirth/BirthDt,BirthDt,ISODate,1,1
pacs.004.001.15,/Document/PmtRtr/TxInf/OrgnlTxRef/UndrlygCstmrCdtTrf/UltmtCdtr/Id/PrvtId/DtAndPlcOfBirth/PrvcOfBirth,PrvcOfBirth,Max35Text,0,1
pacs.004.001.15,/Document/PmtRtr/TxInf/OrgnlTxRef/UndrlygCstmrCdtTrf/UltmtCdtr/Id/PrvtId/DtAndPlcOfBirth/CityOfBirth,CityOfBirth,Max35Text,1,1
pacs.004.001.15,/Document/PmtRtr/TxInf/OrgnlTxRef/UndrlygCstmrCdtTrf/UltmtCdtr/Id/PrvtId/DtAndPlcOfBirth/CtryOfBirth,CtryOfBirth,CountryCode,1,1
pacs.004.001.15,/Document/PmtRtr/TxInf/OrgnlTxRef/UndrlygCstmrCdtTrf/UltmtCdtr/Id/PrvtId/Othr,Othr,GenericPersonIdentification2,0,
pacs.004.001.15,/Document/PmtRtr/TxInf/OrgnlTxRef/UndrlygCstmrCdtTrf/UltmtCdtr/Id/PrvtId/Othr/Id,Id,Max256Text,1,1
pacs.004.001.15,/Document/PmtRtr/TxInf/OrgnlTxRef/UndrlygCstmrCdtTrf/UltmtCdtr/Id/PrvtId/Othr/SchmeNm,SchmeNm,PersonIdentificationSchemeName1Choice,0,1
pacs.004.001.15,/Document/PmtRtr/TxInf/OrgnlTxRef/UndrlygCstmrCdtTrf/UltmtCdtr/Id/PrvtId/Othr/SchmeNm/Cd,Cd,ExternalPersonIdentification1Code,1,1
pacs.004.001.15,/Document/PmtRtr/TxInf/OrgnlTxRef/UndrlygCstmrCdtTrf/UltmtCdtr/Id/PrvtId/Othr/SchmeNm/Prtry,Prtry,Max35Text,1,1
pacs.004.001.15,/Document/PmtRtr/TxInf/OrgnlTxRef/UndrlygCstmrCdtTrf/UltmtCdtr/Id/PrvtId/Othr/Issr,Issr,Max35Text,0,1
pacs.004.001.15,/Document/PmtRtr/TxInf/OrgnlTxRef/UndrlygCstmrCdtTrf/UltmtCdtr/CtryOfRes,CtryOfRes,CountryCode,0,1
pacs.004.001.15,/Document/PmtRtr/TxInf/OrgnlTxRef/UndrlygCstmrCdtTrf/UltmtCdtr/CtctDtls,CtctDtls,Contact13,0,1
pacs.004.001.15,/Document/PmtRtr/TxInf/OrgnlTxRef/UndrlygCstmrCdtTrf/UltmtCdtr/CtctDtls/NmPrfx,NmPrfx,NamePrefix2Code,0,1
pacs.004.001.15,/Document/PmtRtr/TxInf/OrgnlTxRef/UndrlygCstmrCdtTrf/UltmtCdtr/CtctDtls/Nm,Nm,Max140Text,0,1
pacs.004.001.15,/Document/PmtRtr/TxInf/OrgnlTxRef/UndrlygCstmrCdtTrf/UltmtCdtr/CtctDtls/PhneNb,PhneNb,PhoneNumber,0,1
pacs.004.001.15,/Document/PmtRtr/TxInf/OrgnlTxRef/UndrlygCstmrCdtTrf/UltmtCdtr/CtctDtls/MobNb,MobNb,PhoneNumber,0,1
pacs.004.001.15,/Document/PmtRtr/TxInf/OrgnlTxRef/UndrlygCstmrCdtTrf/UltmtCdtr/CtctDtls/FaxNb,FaxNb,PhoneNumber,0,1
pacs.004.001.15,/Document/PmtRtr/TxInf/OrgnlTxRef/UndrlygCstmrCdtTrf/UltmtCdtr/CtctDtls/URLAdr,URLAdr,Max2048Text,0,1
pacs.004.001.15,/Document/PmtRtr/TxInf/OrgnlTxRef/UndrlygCstmrCdtTrf/UltmtCdtr/CtctDtls/EmailAdr,EmailAdr,Max256Text,0,1
pacs.004.001.15,/Document/PmtRtr/TxInf/OrgnlTxRef/UndrlygCstmrCdtTrf/UltmtCdtr/CtctDtls/EmailPurp,EmailPurp,Max35Text,0,1
pacs.004.001.15,/Document/PmtRtr/TxInf/OrgnlTxRef/UndrlygCstmrCdtTrf/UltmtCdtr/CtctDtls/JobTitl,JobTitl,Max35Text,0,1
pacs.004.001.15,/Document/PmtRtr/TxInf/OrgnlTxRef/UndrlygCstmrCdtTrf/UltmtCdtr/CtctDtls/Rspnsblty,Rspnsblty,Max35Text,0,1
pacs.004.001.15,/Document/PmtRtr/TxInf/OrgnlTxRef/UndrlygCstmrCdtTrf/UltmtCdtr/CtctDtls/Dept,Dept,Max70Text,0,1
pacs.004.001.15,/Document/PmtRtr/TxInf/OrgnlTxRef/UndrlygCstmrCdtTrf/UltmtCdtr/CtctDtls/Othr,Othr,OtherContact1,0,
pacs.004.001.15,/Document/PmtRtr/TxInf/OrgnlTxRef/UndrlygCstmrCdtTrf/UltmtCdtr/CtctDtls/Othr/ChanlTp,ChanlTp,Max4Text,1,1
pacs.004.001.15,/Document/PmtRtr/TxInf/OrgnlTxRef/UndrlygCstmrCdtTrf/UltmtCdtr/CtctDtls/Othr/Id,Id,Max128Text,0,1
pacs.004.001.15,/Document/PmtRtr/TxInf/OrgnlTxRef/UndrlygCstmrCdtTrf/UltmtCdtr/CtctDtls/PrefrdMtd,PrefrdMtd,PreferredContactMethod2Code,0,1
pacs.004.001.15,/Document/PmtRtr/TxInf/OrgnlTxRef/UndrlygCstmrCdtTrf/InstrForCdtrAgt,InstrForCdtrAgt,InstructionForCreditorAgent3,0,
pacs.004.001.15,/Document/PmtRtr/TxInf/OrgnlTxRef/UndrlygCstmrCdtTrf/InstrForCdtrAgt/Cd,Cd,ExternalCreditorAgentInstruction1Code,0,1
pacs.004.001.15,/Document/PmtRtr/TxInf/OrgnlTxRef/UndrlygCstmrCdtTrf/InstrForCdtrAgt/InstrInf,InstrInf,Max140Text,0,1
pacs.004.001.15,/Document/PmtRtr/TxInf/OrgnlTxRef/UndrlygCstmrCdtTrf/InstrForNxtAgt,InstrForNxtAgt,InstructionForNextAgent1,0,
pacs.004.001.15,/Document/PmtRtr/TxInf/OrgnlTxRef/UndrlygCstmrCdtTrf/InstrForNxtAgt/Cd,Cd,Instruction4Code,0,1
pacs.004.001.15,/Document/PmtRtr/TxInf/OrgnlTxRef/UndrlygCstmrCdtTrf/InstrForNxtAgt/InstrInf,InstrInf,Max140Text,0,1
pacs.004.001.15,/Document/PmtRtr/TxInf/OrgnlTxRef/UndrlygCstmrCdtTrf/Purp,Purp,Purpose2Choice,0,1
pacs.004.001.15,/Document/PmtRtr/TxInf/OrgnlTxRef/UndrlygCstmrCdtTrf/Purp/Cd,Cd,ExternalPurpose1Code,1,1
pacs.004.001.15,/Document/PmtRtr/TxInf/OrgnlTxRef/UndrlygCstmrCdtTrf/Purp/Prtry,Prtry,Max35Text,1,1
pacs.004.001.15,/Document/PmtRtr/TxInf/OrgnlTxRef/UndrlygCstmrCdtTrf/Tax,Tax,TaxData1,0,1
pacs.004.001.15,/Document/PmtRtr/TxInf/OrgnlTxRef/UndrlygCstmrCdtTrf/Tax/Cdtr,Cdtr,TaxParty1,0,1
pacs.004.001.15,/Document/PmtRtr/TxInf/OrgnlTxRef/UndrlygCstmrCdtTrf/Tax/Cdtr/TaxId,TaxId,Max35Text,0,1
pacs.004.001.15,/Document/PmtRtr/TxInf/OrgnlTxRef/UndrlygCstmrCdtTrf/Tax/Cdtr/RegnId,RegnId,Max35Text,0,1
pacs.004.001.15,/Document/PmtRtr/TxInf/OrgnlTxRef/UndrlygCstmrCdtTrf/Tax/Cdtr/TaxTp,TaxTp,Max35Text,0,1
pacs.004.001.15,/Document/PmtRtr/TxInf/OrgnlTxRef/UndrlygCstmrCdtTrf/Tax/Dbtr,Dbtr,TaxParty2,0,1
pacs.004.001.15,/Document/PmtRtr/TxInf/OrgnlTxRef/UndrlygCstmrCdtTrf/Tax/Dbtr/TaxId,TaxId,Max35Text,0,1
pacs.004.001.15,/Document/PmtRtr/TxInf/OrgnlTxRef/UndrlygCstmrCdtTrf/Tax/Dbtr/RegnId,RegnId,Max35Text,0,1
pacs.004.001.15,/Document/PmtRtr/TxInf/OrgnlTxRef/UndrlygCstmrCdtTrf/Tax/Dbtr/TaxTp,TaxTp,Max35Text,0,1
pacs.004.001.15,/Document/PmtRtr/TxInf/OrgnlTxRef/UndrlygCstmrCdtTrf/Tax/Dbtr/Authstn,Authstn,TaxAuthorisation1,0,1
pacs.004.001.15,/Document/PmtRtr/TxInf/OrgnlTxRef/UndrlygCstmrCdtTrf/Tax/Dbtr/Authstn/Titl,Titl,Max35Text,0,1
pacs.004.001.15,/Document/PmtRtr/TxInf/OrgnlTxRef/UndrlygCstmrCdtTrf/Tax/Dbtr/Authstn/Nm,Nm,Max140Text,0,1
pacs.004.001.15,/Document/PmtRtr/TxInf/OrgnlTxRef/UndrlygCstmrCdtTrf/Tax/UltmtDbtr,UltmtDbtr,TaxParty2,0,1
pacs.004.001.15,/Document/PmtRtr/TxInf/OrgnlTxRef/UndrlygCstmrCdtTrf/Tax/UltmtDbtr/TaxId,TaxId,Max35Text,0,1
pacs.004.001.15,/Document/PmtRtr/TxInf/OrgnlTxRef/UndrlygCstmrCdtTrf/Tax/UltmtDbtr/RegnId,RegnId,Max35Text,0,1
pacs.004.001.15,/Document/PmtRtr/TxInf/OrgnlTxRef/UndrlygCstmrCdtTrf/Tax/UltmtDbtr/TaxTp,TaxTp,Max35Text,0,1
pacs.004.001.15,/Document/PmtRtr/TxInf/OrgnlTxRef/UndrlygCstmrCdtTrf/Tax/UltmtDbtr/Authstn,Authstn,TaxAuthorisation1,0,1
pacs.004.001.15,/Document/PmtRtr/TxInf/OrgnlTxRef/UndrlygCstmrCdtTrf/Tax/UltmtDbtr/Authstn/Titl,Titl,Max35Text,0,1
pacs.004.001.15,/Document/PmtRtr/TxInf/OrgnlTxRef/UndrlygCstmrCdtTrf/Tax/UltmtDbtr/Authstn/Nm,Nm,Max140Text,0,1
pacs.004.001.15,/Document/PmtRtr/TxInf/OrgnlTxRef/UndrlygCstmrCdtTrf/Tax/AdmstnZone,AdmstnZone,Max35Text,0,1
pacs.004.001.15,/Document/PmtRtr/TxInf/OrgnlTxRef/UndrlygCstmrCdtTrf/Tax/RefNb,RefNb,Max140Text,0,1
pacs.004.001.15,/Document/PmtRtr/TxInf/OrgnlTxRef/UndrlygCstmrCdtTrf/Tax/Mtd,Mtd,Max35Text,0,1
pacs.004.001.15,/Document/PmtRtr/TxInf/OrgnlTxRef/UndrlygCstmrCdtTrf/Tax/TtlTaxblBaseAmt,TtlTaxblBaseAmt,ActiveOrHistoricCurrencyAndAmount,0,1
pacs.004.001.15,/Document/PmtRtr/TxInf/OrgnlTxRef/UndrlygCstmrCdtTrf/Tax/TtlTaxAmt,TtlTaxAmt,ActiveOrHistoricCurrencyAndAmount,0,1
pacs.004.001.15,/Document/PmtRtr/TxInf/OrgnlTxRef/UndrlygCstmrCdtTrf/Tax/Dt,Dt,ISODate,0,1
pacs.004.001.15,/Document/PmtRtr/TxInf/OrgnlTxRef/UndrlygCstmrCdtTrf/Tax/SeqNb,SeqNb,Number,0,1
pacs.004.001.15,/Document/PmtRtr/TxInf/OrgnlTxRef/UndrlygCstmrCdtTrf/Tax/Rcrd,Rcrd,TaxRecord3,0,
pacs.004.001.15,/Document/PmtRtr/TxInf/OrgnlTxRef/UndrlygCstmrCdtTrf/Tax/Rcrd/Tp,Tp,Max35Text,0,1
pacs.004.001.15,/Document/PmtRtr/TxInf/OrgnlTxRef/UndrlygCstmrCdtTrf/Tax/Rcrd/Ctgy,Ctgy,Max35Text,0,1
pacs.004.001.15,/Document/PmtRtr/TxInf/OrgnlTxRef/UndrlygCstmrCdtTrf/Tax/Rcrd/CtgyDtls,CtgyDtls,Max35Text,0,1
pacs.004.001.15,/Document/PmtRtr/TxInf/OrgnlTxRef/UndrlygCstmrCdtTrf/Tax/Rcrd/DbtrSts,DbtrSts,Max35Text,0,1
pacs.004.001.15,/Document/PmtRtr/TxInf/OrgnlTxRef/UndrlygCstmrCdtTrf/Tax/Rcrd/CertId,CertId,Max35Text,0,1
pacs.004.001.15,/Document/PmtRtr/TxInf/OrgnlTxRef/UndrlygCstmrCdtTrf/Tax/Rcrd/FrmsCd,FrmsCd,Max35Text,0,1
pacs.004.001.15,/Document/PmtRtr/TxInf/OrgnlTxRef/UndrlygCstmrCdtTrf/Tax/Rcrd/Prd,Prd,TaxPeriod3,0,1
pacs.004.001.15,/Document/PmtRtr/TxInf/OrgnlTxRef/UndrlygCstmrCdtTrf/Tax/Rcrd/Prd/Yr,Yr,ISOYear,0,1
pacs.004.001.15,/Document/PmtRtr/TxInf/OrgnlTxRef/UndrlygCstmrCdtTrf/Tax/Rcrd/Prd/Tp,Tp,TaxRecordPeriod1Code,0,1
pacs.004.001.15,/Document/PmtRtr/TxInf/OrgnlTxRef/UndrlygCstmrCdtTrf/Tax/Rcrd/Prd/FrToDt,FrToDt,DatePeriod2,0,1
pacs.004.001.15,/Document/PmtRtr/TxInf/OrgnlTxRef/UndrlygCstmrCdtTrf/Tax/Rcrd/Prd/FrToDt/FrDt,FrDt,ISODate,1,1
pacs.004.001.15,/Document/PmtRtr/TxInf/OrgnlTxRef/UndrlygCstmrCdtTrf/Tax/Rcrd/Prd/FrToDt/ToDt,ToDt,ISODate,1,1
pacs.004.001.15,/Document/PmtRtr/TxInf/OrgnlTxRef/UndrlygCstmrCdtTrf/Tax/Rcrd/TaxAmt,TaxAmt,TaxAmount3,0,1
pacs.004.001.15,/Document/PmtRtr/TxInf/OrgnlTxRef/UndrlygCstmrCdtTrf/Tax/Rcrd/TaxAmt/Rate,Rate,PercentageRate,0,1
pacs.004.001.15,/Document/PmtRtr/TxInf/OrgnlTxRef/UndrlygCstmrCdtTrf/Tax/Rcrd/TaxAmt/TaxblBaseAmt,TaxblBaseAmt,ActiveOrHistoricCurrencyAndAmount,0,1
pacs.004.001.15,/Document/PmtRtr/TxInf/OrgnlTxRef/UndrlygCstmrCdtTrf/Tax/Rcrd/TaxAmt/TtlAmt,TtlAmt,ActiveOrHistoricCurrencyAndAmount,0,1
pacs.004.001.15,/Document/PmtRtr/TxInf/OrgnlTxRef/UndrlygCstmrCdtTrf/Tax/Rcrd/TaxAmt/Dtls,Dtls,TaxRecordDetails3,0,
pacs.004.001.15,/Document/PmtRtr/TxInf/OrgnlTxRef/UndrlygCstmrCdtTrf/Tax/Rcrd/TaxAmt/Dtls/Prd,Prd,TaxPeriod3,0,1
pacs.004.001.15,/Document/PmtRtr/TxInf/OrgnlTxRef/UndrlygCstmrCdtTrf/Tax/Rcrd/TaxAmt/Dtls/Prd/Yr,Yr,ISOYear,0,1
pacs.004.001.15,/Document/PmtRtr/TxInf/OrgnlTxRef/UndrlygCstmrCdtTrf/Tax/Rcrd/TaxAmt/Dtls/Prd/Tp,Tp,TaxRecordPeriod1Code,0,1
pacs.004.001.15,/Document/PmtRtr/TxInf/OrgnlTxRef/UndrlygCstmrCdtTrf/Tax/Rcrd/TaxAmt/Dtls/Prd/FrToDt,FrToDt,DatePeriod2,0,1
pacs.004.001.15,/Document/PmtRtr/TxInf/OrgnlTxRef/UndrlygCstmrCdtTrf/Tax/Rcrd/TaxAmt/Dtls/Prd/FrToDt/FrDt,FrDt,ISODate,1,1
pacs.004.001.15,/Document/PmtRtr/TxInf/OrgnlTxRef/UndrlygCstmrCdtTrf/Tax/Rcrd/TaxAmt/Dtls/Prd/FrToDt/ToDt,ToDt,ISODate,1,1
pacs.004.001.15,/Document/PmtRtr/TxInf/OrgnlTxRef/UndrlygCstmrCdtTrf/Tax/Rcrd/TaxAmt/Dtls/Amt,Amt,ActiveOrHistoricCurrencyAndAmount,1,1
pacs.004.001.15,/Document/PmtRtr/TxInf/OrgnlTxRef/UndrlygCstmrCdtTrf/Tax/Rcrd/AddtlInf,AddtlInf,Max140Text,0,1
pacs.004.001.15,/Document/PmtRtr/TxInf/OrgnlTxRef/UndrlygCstmrCdtTrf/RmtInf,RmtInf,RemittanceInformation26,0,1
pacs.004.001.15,/Document/PmtRtr/TxInf/OrgnlTxRef/UndrlygCstmrCdtTrf/RmtInf/Ustrd,Ustrd,Max140Text,0,
pacs.004.001.15,/Document/PmtRtr/TxInf/OrgnlTxRef/UndrlygCstmrCdtTrf/RmtInf/Strd,Strd,StructuredRemittanceInformation22,0,
pacs.004.001.15,/Document/PmtRtr/TxInf/OrgnlTxRef/UndrlygCstmrCdtTrf/RmtInf/Strd/RfrdDocInf,RfrdDocInf,ReferredDocumentInformation8,0,
pacs.004.001.15,/Document/PmtRtr/TxInf/OrgnlTxRef/UndrlygCstmrCdtTrf/RmtInf/Strd/RfrdDocInf/Tp,Tp,DocumentType1,0,1
pacs.004.001.15,/Document/PmtRtr/TxInf/OrgnlTxRef/UndrlygCstmrCdtTrf/RmtInf/Strd/RfrdDocInf/Tp/CdOrPrtry,CdOrPrtry,DocumentType2Choice,1,1
pacs.004.001.15,/Document/PmtRtr/TxInf/OrgnlTxRef/UndrlygCstmrCdtTrf/RmtInf/Strd/RfrdDocInf/Tp/CdOrPrtry/Cd,Cd,ExternalDocumentType1Code,1,1
pacs.004.001.15,/Document/PmtRtr/TxInf/OrgnlTxRef/UndrlygCstmrCdtTrf/RmtInf/Strd/RfrdDocInf/Tp/CdOrPrtry/Prtry,Prtry,Max35Text,1,1
pacs.004.001.15,/Document/PmtRtr/TxInf/OrgnlTxRef/UndrlygCstmrCdtTrf/RmtInf/Strd/RfrdDocInf/Tp/Issr,Issr,Max35Text,0,1
pacs.004.001.15,/Document/PmtRtr/TxInf/OrgnlTxRef/UndrlygCstmrCdtTrf/RmtInf/Strd/RfrdDocInf/Nb,Nb,Max35Text,0,1
pacs.004.001.15,/Document/PmtRtr/TxInf/OrgnlTxRef/UndrlygCstmrCdtTrf/RmtInf/Strd/RfrdDocInf/RltdDt,RltdDt,DateAndType1,0,1
pacs.004.001.15,/Document/PmtRtr/TxInf/OrgnlTxRef/UndrlygCstmrCdtTrf/RmtInf/Strd/RfrdDocInf/RltdDt/Tp,Tp,DateType2Choice,1,1
pacs.004.001.15,/Document/PmtRtr/TxInf/OrgnlTxRef/UndrlygCstmrCdtTrf/RmtInf/Strd/RfrdDocInf/RltdDt/Tp/Cd,Cd,ExternalDateType1Code,1,1
pacs.004.001.15,/Document/PmtRtr/TxInf/OrgnlTxRef/UndrlygCstmrCdtTrf/RmtInf/Strd/RfrdDocInf/RltdDt/Tp/Prtry,Prtry,Max35Text,1,1
pacs.004.001.15,/Document/PmtRtr/TxInf/OrgnlTxRef/UndrlygCstmrCdtTrf/RmtInf/Strd/RfrdDocInf/RltdDt/Dt,Dt,ISODate,1,1
pacs.004.001.15,/Document/PmtRtr/TxInf/OrgnlTxRef/UndrlygCstmrCdtTrf/RmtInf/Strd/RfrdDocInf/LineDtls,LineDtls,DocumentLineInformation2,0,
pacs.004.001.15,/Document/PmtRtr/TxInf/OrgnlTxRef/UndrlygCstmrCdtTrf/RmtInf/Strd/RfrdDocInf/LineDtls/Id,Id,DocumentLineIdentification1,1,
pacs.004.001.15,/Document/PmtRtr/TxInf/OrgnlTxRef/UndrlygCstmrCdtTrf/RmtInf/Strd/RfrdDocInf/LineDtls/Id/Tp,Tp,DocumentLineType1,0,1
pacs.004.001.15,/Document/PmtRtr/TxInf/OrgnlTxRef/UndrlygCstmrCdtTrf/RmtInf/Strd/RfrdDocInf/LineDtls/Id/Tp/CdOrPrtry,CdOrPrtry,DocumentLineType1Choice,1,1
pacs.004.001.15,/Document/PmtRtr/TxInf/OrgnlTxRef/UndrlygCstmrCdtTrf/RmtInf/Strd/RfrdDocInf/LineDtls/Id/Tp/CdOrPrtry/Cd,Cd,ExternalDocumentLineType1Code,1,1
pacs.004.001.15,/Document/PmtRtr/TxInf/OrgnlTxRef/UndrlygCstmrCdtTrf/RmtInf/Strd/RfrdDocInf/LineDtls/Id/Tp/CdOrPrtry/Prtry,Prtry,Max35Text,1,1
pacs.004.001.15,/Document/PmtRtr/TxInf/OrgnlTxRef/UndrlygCstmrCdtTrf/RmtInf/Strd/RfrdDocInf/LineDtls/Id/Tp/Issr,Issr,Max35Text,0,1
pacs.004.001.15,/Document/PmtRtr/TxInf/OrgnlTxRef/UndrlygCstmrCdtTrf/RmtInf/Strd/RfrdDocInf/LineDtls/Id/Nb,Nb,Max35Text,0,1
pacs.004.001.15,/Document/PmtRtr/TxInf/OrgnlTxRef/UndrlygCstmrCdtTrf/RmtInf/Strd/RfrdDocInf/LineDtls/Id/RltdDt,RltdDt,ISODate,0,1
pacs.004.001.15,/Document/PmtRtr/TxInf/OrgnlTxRef/UndrlygCstmrCdtTrf/RmtInf/Strd/RfrdDocInf/LineDtls/Desc,Desc,Max2048Text,0,1
pacs.004.001.15,/Document/PmtRtr/TxInf/OrgnlTxRef/UndrlygCstmrCdtTrf/RmtInf/Strd/RfrdDocInf/LineDtls/Amt,Amt,RemittanceAmount4,0,1
pacs.004.001.15,/Document/PmtRtr/TxInf/OrgnlTxRef/UndrlygCstmrCdtTrf/RmtInf/Strd/RfrdDocInf/LineDtls/Amt/RmtAmtAndTp,RmtAmtAndTp,DocumentAmount1,0,
pacs.004.001.15,/Document/PmtRtr/TxInf/OrgnlTxRef/UndrlygCstmrCdtTrf/RmtInf/Strd/RfrdDocInf/LineDtls/Amt/RmtAmtAndTp/Tp,Tp,DocumentAmountType1Choice,1,1
pacs.004.001.15,/Document/PmtRtr/TxInf/OrgnlTxRef/UndrlygCstmrCdtTrf/RmtInf/Strd/RfrdDocInf/LineDtls/Amt/RmtAmtAndTp/Tp/Cd,Cd,ExternalDocumentAmountType1Code,1,1
pacs.004.001.15,/Document/PmtRtr/TxInf/OrgnlTxRef/UndrlygCstmrCdtTrf/RmtInf/Strd/RfrdDocInf/LineDtls/Amt/RmtAmtAndTp/Tp/Prtry,Prtry,Max35Text,1,1
pacs.004.001.15,/Document/PmtRtr/TxInf/OrgnlTxRef/UndrlygCstmrCdtTrf/RmtInf/Strd/RfrdDocInf/LineDtls/Amt/RmtAmtAndTp/Amt,Amt,ActiveOrHistoricCurrencyAndAmount,1,1
pacs.004.001.15,/Document/PmtRtr/TxInf/OrgnlTxRef/UndrlygCstmrCdtTrf/RmtInf/Strd/RfrdDocInf/LineDtls/Amt/AdjstmntAmtAndRsn,AdjstmntAmtAndRsn,DocumentAdjustment1,0,
pacs.004.001.15,/Document/PmtRtr/TxInf/OrgnlTxRef/UndrlygCstmrCdtTrf/RmtInf/Strd/RfrdDocInf/LineDtls/Amt/AdjstmntAmtAndRsn/Amt,Amt,ActiveOrHistoricCurrencyAndAmount,1,1
pacs.004.001.15,/Document/PmtRtr/TxInf/OrgnlTxRef/UndrlygCstmrCdtTrf/RmtInf/Strd/RfrdDocInf/LineDtls/Amt/AdjstmntAmtAndRsn/CdtDbtInd,CdtDbtInd,CreditDebitCode,0,1
pacs.004.001.15,/Document/PmtRtr/TxInf/OrgnlTxRef/UndrlygCstmrCdtTrf/RmtInf/Strd/RfrdDocInf/LineDtls/Amt/AdjstmntAmtAndRsn/Rsn,Rsn,Max4Text,0,1
pacs.004.001.15,/Document/PmtRtr/TxInf/OrgnlTxRef/UndrlygCstmrCdtTrf/RmtInf/Strd/RfrdDocInf/LineDtls/Amt/AdjstmntAmtAndRsn/AddtlInf,AddtlInf,Max140Text,0,1
pacs.004.001.15,/Document/PmtRtr/TxInf/OrgnlTxRef/UndrlygCstmrCdtTrf/RmtInf/Strd/RfrdDocAmt,RfrdDocAmt,RemittanceAmount4,0,1
pacs.004.001.15,/Document/PmtRtr/TxInf/OrgnlTxRef/UndrlygCstmrCdtTrf/RmtInf/Strd/RfrdDocAmt/RmtAmtAndTp,RmtAmtAndTp,DocumentAmount1,0,
pacs.004.001.15,/Document/PmtRtr/TxInf/OrgnlTxRef/UndrlygCstmrCdtTrf/RmtInf/Strd/RfrdDocAmt/RmtAmtAndTp/Tp,Tp,DocumentAmountType1Choice,1,1
pacs.004.001.15,/Document/PmtRtr/TxInf/OrgnlTxRef/UndrlygCstmrCdtTrf/RmtInf/Strd/RfrdDocAmt/RmtAmtAndTp/Tp/Cd,Cd,ExternalDocumentAmountType1Code,1,1
pacs.004.001.15,/Document/PmtRtr/TxInf/OrgnlTxRef/UndrlygCstmrCdtTrf/RmtInf/Strd/RfrdDocAmt/RmtAmtAndTp/Tp/Prtry,Prtry,Max35Text,1,1
pacs.004.001.15,/Document/PmtRtr/TxInf/OrgnlTxRef/UndrlygCstmrCdtTrf/RmtInf/Strd/RfrdDocAmt/RmtAmtAndTp/Amt,Amt,ActiveOrHistoricCurrencyAndAmount,1,1
pacs.004.001.15,/Document/PmtRtr/TxInf/OrgnlTxRef/UndrlygCstmrCdtTrf/RmtInf/Strd/RfrdDocAmt/AdjstmntAmtAndRsn,AdjstmntAmtAndRsn,DocumentAdjustment1,0,
pacs.004.001.15,/Document/PmtRtr/TxInf/OrgnlTxRef/UndrlygCstmrCdtTrf/RmtInf/Strd/RfrdDocAmt/AdjstmntAmtAndRsn/Amt,Amt,ActiveOrHistoricCurrencyAndAmount,1,1
pacs.004.001.15,/Document/PmtRtr/TxInf/OrgnlTxRef/UndrlygCstmrCdtTrf/RmtInf/Strd/RfrdDocAmt/AdjstmntAmtAndRsn/CdtDbtInd,CdtDbtInd,CreditDebitCode,0,1
pacs.004.001.15,/Document/PmtRtr/TxInf/OrgnlTxRef/UndrlygCstmrCdtTrf/RmtInf/Strd/RfrdDocAmt/AdjstmntAmtAndRsn/Rsn,Rsn,Max4Text,0,1
pacs.004.001.15,/Document/PmtRtr/TxInf/OrgnlTxRef/UndrlygCstmrCdtTrf/RmtInf/Strd/RfrdDocAmt/AdjstmntAmtAndRsn/AddtlInf,AddtlInf,Max140Text,0,1
pacs.004.001.15,/Document/PmtRtr/TxInf/OrgnlTxRef/UndrlygCstmrCdtTrf/RmtInf/Strd/CdtrRefInf,CdtrRefInf,CreditorReferenceInformation3,0,1
pacs.004.001.15,/Document/PmtRtr/TxInf/OrgnlTxRef/UndrlygCstmrCdtTrf/RmtInf/Strd/CdtrRefInf/Tp,Tp,CreditorReferenceType3,0,1
pacs.004.001.15,/Document/PmtRtr/TxInf/OrgnlTxRef/UndrlygCstmrCdtTrf/RmtInf/Strd/CdtrRefInf/Tp/CdOrPrtry,CdOrPrtry,CreditorReferenceType2Choice,1,1
pacs.004.001.15,/Document/PmtRtr/TxInf/OrgnlTxRef/UndrlygCstmrCdtTrf/RmtInf/Strd/CdtrRefInf/Tp/CdOrPrtry/Cd,Cd,ExternalCreditorReferenceType1Code,1,1
pacs.004.001.15,/Document/PmtRtr/TxInf/OrgnlTxRef/UndrlygCstmrCdtTrf/RmtInf/Strd/CdtrRefInf/Tp/CdOrPrtry/Prtry,Prtry,Max35Text,1,1
pacs.004.001.15,/Document/PmtRtr/TxInf/OrgnlTxRef/UndrlygCstmrCdtTrf/RmtInf/Strd/CdtrRefInf/Tp/Issr,Issr,Max35Text,0,1
pacs.004.001.15,/Document/PmtRtr/TxInf/OrgnlTxRef/UndrlygCstmrCdtTrf/RmtInf/Strd/CdtrRefInf/Ref,Ref,Max35Text,0,1
pacs.004.001.15,/Document/PmtRtr/TxInf/OrgnlTxRef/UndrlygCstmrCdtTrf/RmtInf/Strd/Invcr,Invcr,PartyIdentification272,0,1
pacs.004.001.15,/Document/PmtRtr/TxInf/OrgnlTxRef/UndrlygCstmrCdtTrf/RmtInf/Strd/Invcr/Nm,Nm,Max140Text,0,1
pacs.004.001.15,/Document/PmtRtr/TxInf/OrgnlTxRef/UndrlygCstmrCdtTrf/RmtInf/Strd/Invcr/PstlAdr,PstlAdr,PostalAddress27,0,1
pacs.004.001.15,/Document/PmtRtr/TxInf/OrgnlTxRef/UndrlygCstmrCdtTrf/RmtInf/Strd/Invcr/PstlAdr/AdrTp,AdrTp,AddressType3Choice,0,1
pacs.004.001.15,/Document/PmtRtr/TxInf/OrgnlTxRef/UndrlygCstmrCdtTrf/RmtInf/Strd/Invcr/PstlAdr/AdrTp/Cd,Cd,AddressType2Code,1,1
pacs.004.001.15,/Document/PmtRtr/TxInf/OrgnlTxRef/UndrlygCstmrCdtTrf/RmtInf/Strd/Invcr/PstlAdr/AdrTp/Prtry,Prtry,GenericIdentification30,1,1
pacs.004.001.15,/Document/PmtRtr/TxInf/OrgnlTxRef/UndrlygCstmrCdtTrf/RmtInf/Strd/Invcr/PstlAdr/AdrTp/Prtry/Id,Id,Exact4AlphaNumericText,1,1
pacs.004.001.15,/Document/PmtRtr/TxInf/OrgnlTxRef/UndrlygCstmrCdtTrf/RmtInf/Strd/Invcr/PstlAdr/AdrTp/Prtry/Issr,Issr,Max35Text,1,1
pacs.004.001.15,/Document/PmtRtr/TxInf/OrgnlTxRef/UndrlygCstmrCdtTrf/RmtInf/Strd/Invcr/PstlAdr/AdrTp/Prtry/SchmeNm,SchmeNm,Max35Text,0,1
pacs.004.001.15,/Document/PmtRtr/TxInf/OrgnlTxRef/UndrlygCstmrCdtTrf/RmtInf/Strd/Invcr/PstlAdr/CareOf,CareOf,Max140Text,0,1
pacs.004.001.15,/Document/PmtRtr/TxInf/OrgnlTxRef/UndrlygCstmrCdtTrf/RmtInf/Strd/Invcr/PstlAdr/Dept,Dept,Max70Text,0,1
pacs.004.001.15,/Document/PmtRtr/TxInf/OrgnlTxRef/UndrlygCstmrCdtTrf/RmtInf/Strd/Invcr/PstlAdr/SubDept,SubDept,Max70Text,0,1
pacs.004.001.15,/Document/PmtRtr/TxInf/OrgnlTxRef/UndrlygCstmrCdtTrf/RmtInf/Strd/Invcr/PstlAdr/StrtNm,StrtNm,Max140Text,0,1
pacs.004.001.15,/Document/PmtRtr/TxInf/OrgnlTxRef/UndrlygCstmrCdtTrf/RmtInf/Strd/Invcr/PstlAdr/BldgNb,BldgNb,Max16Text,0,1
pacs.004.001.15,/Document/PmtRtr/TxInf/OrgnlTxRef/UndrlygCstmrCdtTrf/RmtInf/Strd/Invcr/PstlAdr/BldgNm,BldgNm,Max140Text,0,1
pacs.004.001.15,/Document/PmtRtr/TxInf/OrgnlTxRef/UndrlygCstmrCdtTrf/RmtInf/Strd/Invcr/PstlAdr/Flr,Flr,Max70Text,0,1
pacs.004.001.15,/Document/PmtRtr/TxInf/OrgnlTxRef/UndrlygCstmrCdtTrf/RmtInf/Strd/Invcr/PstlAdr/UnitNb,UnitNb,Max16Text,0,1
pacs.004.001.15,/Document/PmtRtr/TxInf/OrgnlTxRef/UndrlygCstmrCdtTrf/RmtInf/Strd/Invcr/PstlAdr/PstBx,PstBx,Max16Text,0,1
pacs.004.001.15,/Document/PmtRtr/TxInf/OrgnlTxRef/UndrlygCstmrCdtTrf/RmtInf/Strd/Invcr/PstlAdr/Room,Room,Max70Text,0,1
pacs.004.001.15,/Document/PmtRtr/TxInf/OrgnlTxRef/UndrlygCstmrCdtTrf/RmtInf/Strd/Invcr/PstlAdr/PstCd,PstCd,Max16Text,0,1
pacs.004.001.15,/Document/PmtRtr/TxInf/OrgnlTxRef/UndrlygCstmrCdtTrf/RmtInf/Strd/Invcr/PstlAdr/TwnNm,TwnNm,Max140Text,0,1
pacs.004.001.15,/Document/PmtRtr/TxInf/OrgnlTxRef/UndrlygCstmrCdtTrf/RmtInf/Strd/Invcr/PstlAdr/TwnLctnNm,TwnLctnNm,Max140Text,0,1
pacs.004.001.15,/Document/PmtRtr/TxInf/OrgnlTxRef/UndrlygCstmrCdtTrf/RmtInf/Strd/Invcr/PstlAdr/DstrctNm,DstrctNm,Max140Text,0,1
pacs.004.001.15,/Document/PmtRtr/TxInf/OrgnlTxRef/UndrlygCstmrCdtTrf/RmtInf/Strd/Invcr/PstlAdr/CtrySubDvsn,CtrySubDvsn,Max35Text,0,1
pacs.004.001.15,/Document/PmtRtr/TxInf/OrgnlTxRef/UndrlygCstmrCdtTrf/RmtInf/Strd/Invcr/PstlAdr/Ctry,Ctry,CountryCode,0,1
pacs.004.001.15,/Document/PmtRtr/TxInf/OrgnlTxRef/UndrlygCstmrCdtTrf/RmtInf/Strd/Invcr/PstlAdr/AdrLine,AdrLine,Max70Text,0,7
pacs.004.001.15,/Document/PmtRtr/TxInf/OrgnlTxRef/UndrlygCstmrCdtTrf/RmtInf/Strd/Invcr/Id,Id,Party52Choice,0,1
pacs.004.001.15,/Document/PmtRtr/TxInf/OrgnlTxRef/UndrlygCstmrCdtTrf/RmtInf/Strd/Invcr/Id/OrgId,OrgId,OrganisationIdentification39,1,1
pacs.004.001.15,/Document/PmtRtr/TxInf/OrgnlTxRef/UndrlygCstmrCdtTrf/RmtInf/Strd/Invcr/Id/OrgId/AnyBIC,AnyBIC,AnyBICDec2014Identifier,0,1
pacs.004.001.15,/Document/PmtRtr/TxInf/OrgnlTxRef/UndrlygCstmrCdtTrf/RmtInf/Strd/Invcr/Id/OrgId/LEI,LEI,LEIIdentifier,0,1
pacs.004.001.15,/Document/PmtRtr/TxInf/OrgnlTxRef/UndrlygCstmrCdtTrf/RmtInf/Strd/Invcr/Id/OrgId/Othr,Othr,GenericOrganisationIdentification3,0,
pacs.004.001.15,/Document/PmtRtr/TxInf/OrgnlTxRef/UndrlygCstmrCdtTrf/RmtInf/Strd/Invcr/Id/OrgId/Othr/Id,Id,Max256Text,1,1
pacs.004.001.15,/Document/PmtRtr/TxInf/OrgnlTxRef/UndrlygCstmrCdtTrf/RmtInf/Strd/Invcr/Id/OrgId/Othr/SchmeNm,SchmeNm,OrganisationIdentificationSchemeName1Choice,0,1
pacs.004.001.15,/Document/PmtRtr/TxInf/OrgnlTxRef/UndrlygCstmrCdtTrf/RmtInf/Strd/Invcr/Id/OrgId/Othr/SchmeNm/Cd,Cd,ExternalOrganisationIdentification1Code,1,1
pacs.004.001.15,/Document/PmtRtr/TxInf/OrgnlTxRef/UndrlygCstmrCdtTrf/RmtInf/Strd/Invcr/Id/OrgId/Othr/SchmeNm/Prtry,Prtry,Max35Text,1,1
pacs.004.001.15,/Document/PmtRtr/TxInf/OrgnlTxRef/UndrlygCstmrCdtTrf/RmtInf/Strd/Invcr/Id/OrgId/Othr/Issr,Issr,Max35Text,0,1
pacs.004.001.15,/Document/PmtRtr/TxInf/OrgnlTxRef/UndrlygCstmrCdtTrf/RmtInf/Strd/Invcr/Id/PrvtId,PrvtId,PersonIdentification18,1,1
pacs.004.001.15,/Document/PmtRtr/TxInf/OrgnlTxRef/UndrlygCstmrCdtTrf/RmtInf/Strd/Invcr/Id/PrvtId/DtAndPlcOfBirth,DtAndPlcOfBirth,DateAndPlaceOfBirth1,0,1
pacs.004.001.15,/Document/PmtRtr/TxInf/OrgnlTxRef/UndrlygCstmrCdtTrf/RmtInf/Strd/Invcr/Id/PrvtId/DtAndPlcOfBirth/BirthDt,BirthDt,ISODate,1,1
pacs.004.001.15,/Document/PmtRtr/TxInf/OrgnlTxRef/UndrlygCstmrCdtTrf/RmtInf/Strd/Invcr/Id/PrvtId/DtAndPlcOfBirth/PrvcOfBirth,PrvcOfBirth,Max35Text,0,1
pacs.004.001.15,/Document/PmtRtr/TxInf/OrgnlTxRef/UndrlygCstmrCdtTrf/RmtInf/Strd/Invcr/Id/PrvtId/DtAndPlcOfBirth/CityOfBirth,CityOfBirth,Max35Text,1,1
pacs.004.001.15,/Document/PmtRtr/TxInf/OrgnlTxRef/UndrlygCstmrCdtTrf/RmtInf/Strd/Invcr/Id/PrvtId/DtAndPlcOfBirth/CtryOfBirth,CtryOfBirth,CountryCode,1,1
pacs.004.001.15,/Document/PmtRtr/TxInf/OrgnlTxRef/UndrlygCstmrCdtTrf/RmtInf/Strd/Invcr/Id/PrvtId/Othr,Othr,GenericPersonIdentification2,0,
pacs.004.001.15,/Document/PmtRtr/TxInf/OrgnlTxRef/UndrlygCstmrCdtTrf/RmtInf/Strd/Invcr/Id/PrvtId/Othr/Id,Id,Max256Text,1,1
pacs.004.001.15,/Document/PmtRtr/TxInf/OrgnlTxRef/UndrlygCstmrCdtTrf/RmtInf/Strd/Invcr/Id/PrvtId/Othr/SchmeNm,SchmeNm,PersonIdentificationSchemeName1Choice,0,1
pacs.004.001.15,/Document/PmtRtr/TxInf/OrgnlTxRef/UndrlygCstmrCdtTrf/RmtInf/Strd/Invcr/Id/PrvtId/Othr/SchmeNm/Cd,Cd,ExternalPersonIdentification1Code,1,1
pacs.004.001.15,/Document/PmtRtr/TxInf/OrgnlTxRef/UndrlygCstmrCdtTrf/RmtInf/Strd/Invcr/Id/PrvtId/Othr/SchmeNm/Prtry,Prtry,Max35Text,1,1
pacs.004.001.15,/Document/PmtRtr/TxInf/OrgnlTxRef/UndrlygCstmrCdtTrf/RmtInf/Strd/Invcr/Id/PrvtId/Othr/Issr,Issr,Max35Text,0,1
pacs.004.001.15,/Document/PmtRtr/TxInf/OrgnlTxRef/UndrlygCstmrCdtTrf/RmtInf/Strd/Invcr/CtryOfRes,CtryOfRes,CountryCode,0,1
pacs.004.001.15,/Document/PmtRtr/TxInf/OrgnlTxRef/UndrlygCstmrCdtTrf/RmtInf/Strd/Invcr/CtctDtls,CtctDtls,Contact13,0,1
pacs.004.001.15,/Document/PmtRtr/TxInf/OrgnlTxRef/UndrlygCstmrCdtTrf/RmtInf/Strd/Invcr/CtctDtls/NmPrfx,NmPrfx,NamePrefix2Code,0,1
pacs.004.001.15,/Document/PmtRtr/TxInf/OrgnlTxRef/UndrlygCstmrCdtTrf/RmtInf/Strd/Invcr/CtctDtls/Nm,Nm,Max140Text,0,1
pacs.004.001.15,/Document/PmtRtr/TxInf/OrgnlTxRef/UndrlygCstmrCdtTrf/RmtInf/Strd/Invcr/CtctDtls/PhneNb,PhneNb,PhoneNumber,0,1
pacs.004.001.15,/Document/PmtRtr/TxInf/OrgnlTxRef/UndrlygCstmrCdtTrf/RmtInf/Strd/Invcr/CtctDtls/MobNb,MobNb,PhoneNumber,0,1
pacs.004.001.15,/Document/PmtRtr/TxInf/OrgnlTxRef/UndrlygCstmrCdtTrf/RmtInf/Strd/Invcr/CtctDtls/FaxNb,FaxNb,PhoneNumber,0,1
pacs.004.001.15,/Document/PmtRtr/TxInf/OrgnlTxRef/UndrlygCstmrCdtTrf/RmtInf/Strd/Invcr/CtctDtls/URLAdr,URLAdr,Max2048Text,0,1
pacs.004.001.15,/Document/PmtRtr/TxInf/OrgnlTxRef/UndrlygCstmrCdtTrf/RmtInf/Strd/Invcr/CtctDtls/EmailAdr,EmailAdr,Max256Text,0,1
pacs.004.001.15,/Document/PmtRtr/TxInf/OrgnlTxRef/UndrlygCstmrCdtTrf/RmtInf/Strd/Invcr/CtctDtls/EmailPurp,EmailPurp,Max35Text,0,1
pacs.004.001.15,/Document/PmtRtr/TxInf/OrgnlTxRef/UndrlygCstmrCdtTrf/RmtInf/Strd/Invcr/CtctDtls/JobTitl,JobTitl,Max35Text,0,1
pacs.004.001.15,/Document/PmtRtr/TxInf/OrgnlTxRef/UndrlygCstmrCdtTrf/RmtInf/Strd/Invcr/CtctDtls/Rspnsblty,Rspnsblty,Max35Text,0,1
pacs.004.001.15,/Document/PmtRtr/TxInf/OrgnlTxRef/UndrlygCstmrCdtTrf/RmtInf/Strd/Invcr/CtctDtls/Dept,Dept,Max70Text,0,1
pacs.004.001.15,/Document/PmtRtr/TxInf/OrgnlTxRef/UndrlygCstmrCdtTrf/RmtInf/Strd/Invcr/CtctDtls/Othr,Othr,OtherContact1,0,
pacs.004.001.15,/Document/PmtRtr/TxInf/OrgnlTxRef/UndrlygCstmrCdtTrf/RmtInf/Strd/Invcr/CtctDtls/Othr/ChanlTp,ChanlTp,Max4Text,1,1
pacs.004.001.15,/Document/PmtRtr/TxInf/OrgnlTxRef/UndrlygCstmrCdtTrf/RmtInf/Strd/Invcr/CtctDtls/Othr/Id,Id,Max128Text,0,1
pacs.004.001.15,/Document/PmtRtr/TxInf/OrgnlTxRef/UndrlygCstmrCdtTrf/RmtInf/Strd/Invcr/CtctDtls/PrefrdMtd,PrefrdMtd,PreferredContactMethod2Code,0,1
pacs.004.001.15,/Document/PmtRtr/TxInf/OrgnlTxRef/UndrlygCstmrCdtTrf/RmtInf/Strd/Invcee,Invcee,PartyIdentification272,0,1
pacs.004.001.15,/Document/PmtRtr/TxInf/OrgnlTxRef/UndrlygCstmrCdtTrf/RmtInf/Strd/Invcee/Nm,Nm,Max140Text,0,1
pacs.004.001.15,/Document/PmtRtr/TxInf/OrgnlTxRef/UndrlygCstmrCdtTrf/RmtInf/Strd/Invcee/PstlAdr,PstlAdr,PostalAddress27,0,1
pacs.004.001.15,/Document/PmtRtr/TxInf/OrgnlTxRef/UndrlygCstmrCdtTrf/RmtInf/Strd/Invcee/PstlAdr/AdrTp,AdrTp,AddressType3Choice,0,1
pacs.004.001.15,/Document/PmtRtr/TxInf/OrgnlTxRef/UndrlygCstmrCdtTrf/RmtInf/Strd/Invcee/PstlAdr/AdrTp/Cd,Cd,AddressType2Code,1,1
pacs.004.001.15,/Document/PmtRtr/TxInf/OrgnlTxRef/UndrlygCstmrCdtTrf/RmtInf/Strd/Invcee/PstlAdr/AdrTp/Prtry,Prtry,GenericIdentification30,1,1
pacs.004.001.15,/Document/PmtRtr/TxInf/OrgnlTxRef/UndrlygCstmrCdtTrf/RmtInf/Strd/Invcee/PstlAdr/AdrTp/Prtry/Id,Id,Exact4AlphaNumericText,1,1
pacs.004.001.15,/Document/PmtRtr/TxInf/OrgnlTxRef/UndrlygCstmrCdtTrf/RmtInf/Strd/Invcee/PstlAdr/AdrTp/Prtry/Issr,Issr,Max35Text,1,1
pacs.004.001.15,/Document/PmtRtr/TxInf/OrgnlTxRef/UndrlygCstmrCdtTrf/RmtInf/Strd/Invcee/PstlAdr/AdrTp/Prtry/SchmeNm,SchmeNm,Max35Text,0,1
pacs.004.001.15,/Document/PmtRtr/TxInf/OrgnlTxRef/UndrlygCstmrCdtTrf/RmtInf/Strd/Invcee/PstlAdr/CareOf,CareOf,Max140Text,0,1
pacs.004.001.15,/Document/PmtRtr/TxInf/OrgnlTxRef/UndrlygCstmrCdtTrf/RmtInf/Strd/Invcee/PstlAdr/Dept,Dept,Max70Text,0,1
pacs.004.001.15,/Document/PmtRtr/TxInf/OrgnlTxRef/UndrlygCstmrCdtTrf/RmtInf/Strd/Invcee/PstlAdr/SubDept,SubDept,Max70Text,0,1
pacs.004.001.15,/Document/PmtRtr/TxInf/OrgnlTxRef/UndrlygCstmrCdtTrf/RmtInf/Strd/Invcee/PstlAdr/StrtNm,StrtNm,Max140Text,0,1
pacs.004.001.15,/Document/PmtRtr/TxInf/OrgnlTxRef/UndrlygCstmrCdtTrf/RmtInf/Strd/Invcee/PstlAdr/BldgNb,BldgNb,Max16Text,0,1
pacs.004.001.15,/Document/PmtRtr/TxInf/OrgnlTxRef/UndrlygCstmrCdtTrf/RmtInf/Strd/Invcee/PstlAdr/BldgNm,BldgNm,Max140Text,0,1
pacs.004.001.15,/Document/PmtRtr/TxInf/OrgnlTxRef/UndrlygCstmrCdtTrf/RmtInf/Strd/Invcee/PstlAdr/Flr,Flr,Max70Text,0,1
pacs.004.001.15,/Document/PmtRtr/TxInf/OrgnlTxRef/UndrlygCstmrCdtTrf/RmtInf/Strd/Invcee/PstlAdr/UnitNb,UnitNb,Max16Text,0,1
pacs.004.001.15,/Document/PmtRtr/TxInf/OrgnlTxRef/UndrlygCstmrCdtTrf/RmtInf/Strd/Invcee/PstlAdr/PstBx,PstBx,Max16Text,0,1
pacs.004.001.15,/Document/PmtRtr/TxInf/OrgnlTxRef/UndrlygCstmrCdtTrf/RmtInf/Strd/Invcee/PstlAdr/Room,Room,Max70Text,0,1
pacs.004.001.15,/Document/PmtRtr/TxInf/OrgnlTxRef/UndrlygCstmrCdtTrf/RmtInf/Strd/Invcee/PstlAdr/PstCd,PstCd,Max16Text,0,1
pacs.004.001.15,/Document/PmtRtr/TxInf/OrgnlTxRef/UndrlygCstmrCdtTrf/RmtInf/Strd/Invcee/PstlAdr/TwnNm,TwnNm,Max140Text,0,1
pacs.004.001.15,/Document/PmtRtr/TxInf/OrgnlTxRef/UndrlygCstmrCdtTrf/RmtInf/Strd/Invcee/PstlAdr/TwnLctnNm,TwnLctnNm,Max140Text,0,1
pacs.004.001.15,/Document/PmtRtr/TxInf/OrgnlTxRef/UndrlygCstmrCdtTrf/RmtInf/Strd/Invcee/PstlAdr/DstrctNm,DstrctNm,Max140Text,0,1
pacs.004.001.15,/Document/PmtRtr/TxInf/OrgnlTxRef/UndrlygCstmrCdtTrf/RmtInf/Strd/Invcee/PstlAdr/CtrySubDvsn,CtrySubDvsn,Max35Text,0,1
pacs.004.001.15,/Document/PmtRtr/TxInf/OrgnlTxRef/UndrlygCstmrCdtTrf/RmtInf/Strd/Invcee/PstlAdr/Ctry,Ctry,CountryCode,0,1
pacs.004.001.15,/Document/PmtRtr/TxInf/OrgnlTxRef/UndrlygCstmrCdtTrf/RmtInf/Strd/Invcee/PstlAdr/AdrLine,AdrLine,Max70Text,0,7
pacs.004.001.15,/Document/PmtRtr/TxInf/OrgnlTxRef/UndrlygCstmrCdtTrf/RmtInf/Strd/Invcee/Id,Id,Party52Choice,0,1
pacs.004.001.15,/Document/PmtRtr/TxInf/OrgnlTxRef/UndrlygCstmrCdtTrf/RmtInf/Strd/Invcee/Id/OrgId,OrgId,OrganisationIdentification39,1,1
pacs.004.001.15,/Document/PmtRtr/TxInf/OrgnlTxRef/UndrlygCstmrCdtTrf/RmtInf/Strd/Invcee/Id/OrgId/AnyBIC,AnyBIC,AnyBICDec2014Identifier,0,1
pacs.004.001.15,/Document/PmtRtr/TxInf/OrgnlTxRef/UndrlygCstmrCdtTrf/RmtInf/Strd/Invcee/Id/OrgId/LEI,LEI,LEIIdentifier,0,1
pacs.004.001.15,/Document/PmtRtr/TxInf/OrgnlTxRef/UndrlygCstmrCdtTrf/RmtInf/Strd/Invcee/Id/OrgId/Othr,Othr,GenericOrganisationIdentification3,0,
pacs.004.001.15,/Document/PmtRtr/TxInf/OrgnlTxRef/UndrlygCstmrCdtTrf/RmtInf/Strd/Invcee/Id/OrgId/Othr/Id,Id,Max256Text,1,1
pacs.004.001.15,/Document/PmtRtr/TxInf/OrgnlTxRef/UndrlygCstmrCdtTrf/RmtInf/Strd/Invcee/Id/OrgId/Othr/SchmeNm,SchmeNm,OrganisationIdentificationSchemeName1Choice,0,1
pacs.004.001.15,/Document/PmtRtr/TxInf/OrgnlTxRef/UndrlygCstmrCdtTrf/RmtInf/Strd/Invcee/Id/OrgId/Othr/SchmeNm/Cd,Cd,ExternalOrganisationIdentification1Code,1,1
pacs.004.001.15,/Document/PmtRtr/TxInf/OrgnlTxRef/UndrlygCstmrCdtTrf/RmtInf/Strd/Invcee/Id/OrgId/Othr/SchmeNm/Prtry,Prtry,Max35Text,1,1
pacs.004.001.15,/Document/PmtRtr/TxInf/OrgnlTxRef/UndrlygCstmrCdtTrf/RmtInf/Strd/Invcee/Id/OrgId/Othr/Issr,Issr,Max35Text,0,1
pacs.004.001.15,/Document/PmtRtr/TxInf/OrgnlTxRef/UndrlygCstmrCdtTrf/RmtInf/Strd/Invcee/Id/PrvtId,PrvtId,PersonIdentification18,1,1
pacs.004.001.15,/Document/PmtRtr/TxInf/OrgnlTxRef/UndrlygCstmrCdtTrf/RmtInf/Strd/Invcee/Id/PrvtId/DtAndPlcOfBirth,DtAndPlcOfBirth,DateAndPlaceOfBirth1,0,1
pacs.004.001.15,/Document/PmtRtr/TxInf/OrgnlTxRef/UndrlygCstmrCdtTrf/RmtInf/Strd/Invcee/Id/PrvtId/DtAndPlcOfBirth/BirthDt,BirthDt,ISODate,1,1
pacs.004.001.15,/Document/PmtRtr/TxInf/OrgnlTxRef/UndrlygCstmrCdtTrf/RmtInf/Strd/Invcee/Id/PrvtId/DtAndPlcOfBirth/PrvcOfBirth,PrvcOfBirth,Max35Text,0,1
pacs.004.001.15,/Document/PmtRtr/TxInf/OrgnlTxRef/UndrlygCstmrCdtTrf/RmtInf/Strd/Invcee/Id/PrvtId/DtAndPlcOfBirth/CityOfBirth,CityOfBirth,Max35Text,1,1
pacs.004.001.15,/Document/PmtRtr/TxInf/OrgnlTxRef/UndrlygCstmrCdtTrf/RmtInf/Strd/Invcee/Id/PrvtId/DtAndPlcOfBirth/CtryOfBirth,CtryOfBirth,CountryCode,1,1
pacs.004.001.15,/Document/PmtRtr/TxInf/OrgnlTxRef/UndrlygCstmrCdtTrf/RmtInf/Strd/Invcee/Id/PrvtId/Othr,Othr,GenericPersonIdentification2,0,
pacs.004.001.15,/Document/PmtRtr/TxInf/OrgnlTxRef/UndrlygCstmrCdtTrf/RmtInf/Strd/Invcee/Id/PrvtId/Othr/Id,Id,Max256Text,1,1
pacs.004.001.15,/Document/PmtRtr/TxInf/OrgnlTxRef/UndrlygCstmrCdtTrf/RmtInf/Strd/Invcee/Id/PrvtId/Othr/SchmeNm,SchmeNm,PersonIdentificationSchemeName1Choice,0,1
pacs.004.001.15,/Document/PmtRtr/TxInf/OrgnlTxRef/UndrlygCstmrCdtTrf/RmtInf/Strd/Invcee/Id/PrvtId/Othr/SchmeNm/Cd,Cd,ExternalPersonIdentification1Code,1,1
pacs.004.001.15,/Document/PmtRtr/TxInf/OrgnlTxRef/UndrlygCstmrCdtTrf/RmtInf/Strd/Invcee/Id/PrvtId/Othr/SchmeNm/Prtry,Prtry,Max35Text,1,1
pacs.004.001.15,/Document/PmtRtr/TxInf/OrgnlTxRef/UndrlygCstmrCdtTrf/RmtInf/Strd/Invcee/Id/PrvtId/Othr/Issr,Issr,Max35Text,0,1
pacs.004.001.15,/Document/PmtRtr/TxInf/OrgnlTxRef/UndrlygCstmrCdtTrf/RmtInf/Strd/Invcee/CtryOfRes,CtryOfRes,CountryCode,0,1
pacs.004.001.15,/Document/PmtRtr/TxInf/OrgnlTxRef/UndrlygCstmrCdtTrf/RmtInf/Strd/Invcee/CtctDtls,CtctDtls,Contact13,0,1
pacs.004.001.15,/Document/PmtRtr/TxInf/OrgnlTxRef/UndrlygCstmrCdtTrf/RmtInf/Strd/Invcee/CtctDtls/NmPrfx,NmPrfx,NamePrefix2Code,0,1
pacs.004.001.15,/Document/PmtRtr/TxInf/OrgnlTxRef/UndrlygCstmrCdtTrf/RmtInf/Strd/Invcee/CtctDtls/Nm,Nm,Max140Text,0,1
pacs.004.001.15,/Document/PmtRtr/TxInf/OrgnlTxRef/UndrlygCstmrCdtTrf/RmtInf/Strd/Invcee/CtctDtls/PhneNb,PhneNb,PhoneNumber,0,1
pacs.004.001.15,/Document/PmtRtr/TxInf/OrgnlTxRef/UndrlygCstmrCdtTrf/RmtInf/Strd/Invcee/CtctDtls/MobNb,MobNb,PhoneNumber,0,1
pacs.004.001.15,/Document/PmtRtr/TxInf/OrgnlTxRef/UndrlygCstmrCdtTrf/RmtInf/Strd/Invcee/CtctDtls/FaxNb,FaxNb,PhoneNumber,0,1
pacs.004.001.15,/Document/PmtRtr/TxInf/OrgnlTxRef/UndrlygCstmrCdtTrf/RmtInf/Strd/Invcee/CtctDtls/URLAdr,URLAdr,Max2048Text,0,1
pacs.004.001.15,/Document/PmtRtr/TxInf/OrgnlTxRef/UndrlygCstmrCdtTrf/RmtInf/Strd/Invcee/CtctDtls/EmailAdr,EmailAdr,Max256Text,0,1
pacs.004.001.15,/Document/PmtRtr/TxInf/OrgnlTxRef/UndrlygCstmrCdtTrf/RmtInf/Strd/Invcee/CtctDtls/EmailPurp,EmailPurp,Max35Text,0,1
pacs.004.001.15,/Document/PmtRtr/TxInf/OrgnlTxRef/UndrlygCstmrCdtTrf/RmtInf/Strd/Invcee/CtctDtls/JobTitl,JobTitl,Max35Text,0,1
pacs.004.001.15,/Document/PmtRtr/TxInf/OrgnlTxRef/UndrlygCstmrCdtTrf/RmtInf/Strd/Invcee/CtctDtls/Rspnsblty,Rspnsblty,Max35Text,0,1
pacs.004.001.15,/Document/PmtRtr/TxInf/OrgnlTxRef/UndrlygCstmrCdtTrf/RmtInf/Strd/Invcee/CtctDtls/Dept,Dept,Max70Text,0,1
pacs.004.001.15,/Document/PmtRtr/TxInf/OrgnlTxRef/UndrlygCstmrCdtTrf/RmtInf/Strd/Invcee/CtctDtls/Othr,Othr,OtherContact1,0,
pacs.004.001.15,/Document/PmtRtr/TxInf/OrgnlTxRef/UndrlygCstmrCdtTrf/RmtInf/Strd/Invcee/CtctDtls/Othr/ChanlTp,ChanlTp,Max4Text,1,1
pacs.004.001.15,/Document/PmtRtr/TxInf/OrgnlTxRef/UndrlygCstmrCdtTrf/RmtInf/Strd/Invcee/CtctDtls/Othr/Id,Id,Max128Text,0,1
pacs.004.001.15,/Document/PmtRtr/TxInf/OrgnlTxRef/UndrlygCstmrCdtTrf/RmtInf/Strd/Invcee/CtctDtls/PrefrdMtd,PrefrdMtd,PreferredContactMethod2Code,0,1
pacs.004.001.15,/Document/PmtRtr/TxInf/OrgnlTxRef/UndrlygCstmrCdtTrf/RmtInf/Strd/TaxRmt,TaxRmt,TaxData1,0,1
pacs.004.001.15,/Document/PmtRtr/TxInf/OrgnlTxRef/UndrlygCstmrCdtTrf/RmtInf/Strd/TaxRmt/Cdtr,Cdtr,TaxParty1,0,1
pacs.004.001.15,/Document/PmtRtr/TxInf/OrgnlTxRef/UndrlygCstmrCdtTrf/RmtInf/Strd/TaxRmt/Cdtr/TaxId,TaxId,Max35Text,0,1
pacs.004.001.15,/Document/PmtRtr/TxInf/OrgnlTxRef/UndrlygCstmrCdtTrf/RmtInf/Strd/TaxRmt/Cdtr/RegnId,RegnId,Max35Text,0,1
pacs.004.001.15,/Document/PmtRtr/TxInf/OrgnlTxRef/UndrlygCstmrCdtTrf/RmtInf/Strd/TaxRmt/Cdtr/TaxTp,TaxTp,Max35Text,0,1
pacs.004.001.15,/Document/PmtRtr/TxInf/OrgnlTxRef/UndrlygCstmrCdtTrf/RmtInf/Strd/TaxRmt/Dbtr,Dbtr,TaxParty2,0,1
pacs.004.001.15,/Document/PmtRtr/TxInf/OrgnlTxRef/UndrlygCstmrCdtTrf/RmtInf/Strd/TaxRmt/Dbtr/TaxId,TaxId,Max35Text,0,1
pacs.004.001.15,/Document/PmtRtr/TxInf/OrgnlTxRef/UndrlygCstmrCdtTrf/RmtInf/Strd/TaxRmt/Dbtr/RegnId,RegnId,Max35Text,0,1
pacs.004.001.15,/Document/PmtRtr/TxInf/OrgnlTxRef/UndrlygCstmrCdtTrf/RmtInf/Strd/TaxRmt/Dbtr/TaxTp,TaxTp,Max35Text,0,1
pacs.004.001.15,/Document/PmtRtr/TxInf/OrgnlTxRef/UndrlygCstmrCdtTrf/RmtInf/Strd/TaxRmt/Dbtr/Authstn,Authstn,TaxAuthorisation1,0,1
pacs.004.001.15,/Document/PmtRtr/TxInf/OrgnlTxRef/UndrlygCstmrCdtTrf/RmtInf/Strd/TaxRmt/Dbtr/Authstn/Titl,Titl,Max35Text,0,1
pacs.004.001.15,/Document/PmtRtr/TxInf/OrgnlTxRef/UndrlygCstmrCdtTrf/RmtInf/Strd/TaxRmt/Dbtr/Authstn/Nm,Nm,Max140Text,0,1
pacs.004.001.15,/Document/PmtRtr/TxInf/OrgnlTxRef/UndrlygCstmrCdtTrf/RmtInf/Strd/TaxRmt/UltmtDbtr,UltmtDbtr,TaxParty2,0,1
pacs.004.001.15,/Document/PmtRtr/TxInf/OrgnlTxRef/UndrlygCstmrCdtTrf/RmtInf/Strd/TaxRmt/UltmtDbtr/TaxId,TaxId,Max35Text,0,1
pacs.004.001.15,/Document/PmtRtr/TxInf/OrgnlTxRef/UndrlygCstmrCdtTrf/RmtInf/Strd/TaxRmt/UltmtDbtr/RegnId,RegnId,Max35Text,0,1
pacs.004.001.15,/Document/PmtRtr/TxInf/OrgnlTxRef/UndrlygCstmrCdtTrf/RmtInf/Strd/TaxRmt/UltmtDbtr/TaxTp,TaxTp,Max35Text,0,1
pacs.004.001.15,/Document/PmtRtr/TxInf/OrgnlTxRef/UndrlygCstmrCdtTrf/RmtInf/Strd/TaxRmt/UltmtDbtr/Authstn,Authstn,TaxAuthorisation1,0,1
pacs.004.001.15,/Document/PmtRtr/TxInf/OrgnlTxRef/UndrlygCstmrCdtTrf/RmtInf/Strd/TaxRmt/UltmtDbtr/Authstn/Titl,Titl,Max35Text,0,1
pacs.004.001.15,/Document/PmtRtr/TxInf/OrgnlTxRef/UndrlygCstmrCdtTrf/RmtInf/Strd/TaxRmt/UltmtDbtr/Authstn/Nm,Nm,Max140Text,0,1
pacs.004.001.15,/Document/PmtRtr/TxInf/OrgnlTxRef/UndrlygCstmrCdtTrf/RmtInf/Strd/TaxRmt/AdmstnZone,AdmstnZone,Max35Text,0,1
pacs.004.001.15,/Document/PmtRtr/TxInf/OrgnlTxRef/UndrlygCstmrCdtTrf/RmtInf/Strd/TaxRmt/RefNb,RefNb,Max140Text,0,1
pacs.004.001.15,/Document/PmtRtr/TxInf/OrgnlTxRef/UndrlygCstmrCdtTrf/RmtInf/Strd/TaxRmt/Mtd,Mtd,Max35Text,0,1
pacs.004.001.15,/Document/PmtRtr/TxInf/OrgnlTxRef/UndrlygCstmrCdtTrf/RmtInf/Strd/TaxRmt/TtlTaxblBaseAmt,TtlTaxblBaseAmt,ActiveOrHistoricCurrencyAndAmount,0,1
pacs.004.001.15,/Document/PmtRtr/TxInf/OrgnlTxRef/UndrlygCstmrCdtTrf/RmtInf/Strd/TaxRmt/TtlTaxAmt,TtlTaxAmt,ActiveOrHistoricCurrencyAndAmount,0,1
pacs.004.001.15,/Document/PmtRtr/TxInf/OrgnlTxRef/UndrlygCstmrCdtTrf/RmtInf/Strd/TaxRmt/Dt,Dt,ISODate,0,1
pacs.004.001.15,/Document/PmtRtr/TxInf/OrgnlTxRef/UndrlygCstmrCdtTrf/RmtInf/Strd/TaxRmt/SeqNb,SeqNb,Number,0,1
pacs.004.001.15,/Document/PmtRtr/TxInf/OrgnlTxRef/UndrlygCstmrCdtTrf/RmtInf/Strd/TaxRmt/Rcrd,Rcrd,TaxRecord3,0,
pacs.004.001.15,/Document/PmtRtr/TxInf/OrgnlTxRef/UndrlygCstmrCdtTrf/RmtInf/Strd/TaxRmt/Rcrd/Tp,Tp,Max35Text,0,1
pacs.004.001.15,/Document/PmtRtr/TxInf/OrgnlTxRef/UndrlygCstmrCdtTrf/RmtInf/Strd/TaxRmt/Rcrd/Ctgy,Ctgy,Max35Text,0,1
pacs.004.001.15,/Document/PmtRtr/TxInf/OrgnlTxRef/UndrlygCstmrCdtTrf/RmtInf/Strd/TaxRmt/Rcrd/CtgyDtls,CtgyDtls,Max35Text,0,1
pacs.004.001.15,/Document/PmtRtr/TxInf/OrgnlTxRef/UndrlygCstmrCdtTrf/RmtInf/Strd/TaxRmt/Rcrd/DbtrSts,DbtrSts,Max35Text,0,1
pacs.004.001.15,/Document/PmtRtr/TxInf/OrgnlTxRef/UndrlygCstmrCdtTrf/RmtInf/Strd/TaxRmt/Rcrd/CertId,CertId,Max35Text,0,1
pacs.004.001.15,/Document/PmtRtr/TxInf/OrgnlTxRef/UndrlygCstmrCdtTrf/RmtInf/Strd/TaxRmt/Rcrd/FrmsCd,FrmsCd,Max35Text,0,1
pacs.004.001.15,/Document/PmtRtr/TxInf/OrgnlTxRef/UndrlygCstmrCdtTrf/RmtInf/Strd/TaxRmt/Rcrd/Prd,Prd,TaxPeriod3,0,1
pacs.004.001.15,/Document/PmtRtr/TxInf/OrgnlTxRef/UndrlygCstmrCdtTrf/RmtInf/Strd/TaxRmt/Rcrd/Prd/Yr,Yr,ISOYear,0,1
pacs.004.001.15,/Document/PmtRtr/TxInf/OrgnlTxRef/UndrlygCstmrCdtTrf/RmtInf/Strd/TaxRmt/Rcrd/Prd/Tp,Tp,TaxRecordPeriod1Code,0,1
pacs.004.001.15,/Document/PmtRtr/TxInf/OrgnlTxRef/UndrlygCstmrCdtTrf/RmtInf/Strd/TaxRmt/Rcrd/Prd/FrToDt,FrToDt,DatePeriod2,0,1
pacs.004.001.15,/Document/PmtRtr/TxInf/OrgnlTxRef/UndrlygCstmrCdtTrf/RmtInf/Strd/TaxRmt/Rcrd/Prd/FrToDt/FrDt,FrDt,ISODate,1,1
pacs.004.001.15,/Document/PmtRtr/TxInf/OrgnlTxRef/UndrlygCstmrCdtTrf/RmtInf/Strd/TaxRmt/Rcrd/Prd/FrToDt/ToDt,ToDt,ISODate,1,1
pacs.004.001.15,/Document/PmtRtr/TxInf/OrgnlTxRef/UndrlygCstmrCdtTrf/RmtInf/Strd/TaxRmt/Rcrd/TaxAmt,TaxAmt,TaxAmount3,0,1
pacs.004.001.15,/Document/PmtRtr/TxInf/OrgnlTxRef/UndrlygCstmrCdtTrf/RmtInf/Strd/TaxRmt/Rcrd/TaxAmt/Rate,Rate,PercentageRate,0,1
pacs.004.001.15,/Document/PmtRtr/TxInf/OrgnlTxRef/UndrlygCstmrCdtTrf/RmtInf/Strd/TaxRmt/Rcrd/TaxAmt/TaxblBaseAmt,TaxblBaseAmt,ActiveOrHistoricCurrencyAndAmount,0,1
pacs.004.001.15,/Document/PmtRtr/TxInf/OrgnlTxRef/UndrlygCstmrCdtTrf/RmtInf/Strd/TaxRmt/Rcrd/TaxAmt/TtlAmt,TtlAmt,ActiveOrHistoricCurrencyAndAmount,0,1
pacs.004.001.15,/Document/PmtRtr/TxInf/OrgnlTxRef/UndrlygCstmrCdtTrf/RmtInf/Strd/TaxRmt/Rcrd/TaxAmt/Dtls,Dtls,TaxRecordDetails3,0,
pacs.004.001.15,/Document/PmtRtr/TxInf/OrgnlTxRef/UndrlygCstmrCdtTrf/RmtInf/Strd/TaxRmt/Rcrd/TaxAmt/Dtls/Prd,Prd,TaxPeriod3,0,1
pacs.004.001.15,/Document/PmtRtr/TxInf/OrgnlTxRef/UndrlygCstmrCdtTrf/RmtInf/Strd/TaxRmt/Rcrd/TaxAmt/Dtls/Prd/Yr,Yr,ISOYear,0,1
pacs.004.001.15,/Document/PmtRtr/TxInf/OrgnlTxRef/UndrlygCstmrCdtTrf/RmtInf/Strd/TaxRmt/Rcrd/TaxAmt/Dtls/Prd/Tp,Tp,TaxRecordPeriod1Code,0,1
pacs.004.001.15,/Document/PmtRtr/TxInf/OrgnlTxRef/UndrlygCstmrCdtTrf/RmtInf/Strd/TaxRmt/Rcrd/TaxAmt/Dtls/Prd/FrToDt,FrToDt,DatePeriod2,0,1
pacs.004.001.15,/Document/PmtRtr/TxInf/OrgnlTxRef/UndrlygCstmrCdtTrf/RmtInf/Strd/TaxRmt/Rcrd/TaxAmt/Dtls/Prd/FrToDt/FrDt,FrDt,ISODate,1,1
pacs.004.001.15,/Document/PmtRtr/TxInf/OrgnlTxRef/UndrlygCstmrCdtTrf/RmtInf/Strd/TaxRmt/Rcrd/TaxAmt/Dtls/Prd/FrToDt/ToDt,ToDt,ISODate,1,1
pacs.004.001.15,/Document/PmtRtr/TxInf/OrgnlTxRef/UndrlygCstmrCdtTrf/RmtInf/Strd/TaxRmt/Rcrd/TaxAmt/Dtls/Amt,Amt,ActiveOrHistoricCurrencyAndAmount,1,1
pacs.004.001.15,/Document/PmtRtr/TxInf/OrgnlTxRef/UndrlygCstmrCdtTrf/RmtInf/Strd/TaxRmt/Rcrd/AddtlInf,AddtlInf,Max140Text,0,1
pacs.004.001.15,/Document/PmtRtr/TxInf/OrgnlTxRef/UndrlygCstmrCdtTrf/RmtInf/Strd/GrnshmtRmt,GrnshmtRmt,Garnishment4,0,1
pacs.004.001.15,/Document/PmtRtr/TxInf/OrgnlTxRef/UndrlygCstmrCdtTrf/RmtInf/Strd/GrnshmtRmt/Tp,Tp,GarnishmentType1,1,1
pacs.004.001.15,/Document/PmtRtr/TxInf/OrgnlTxRef/UndrlygCstmrCdtTrf/RmtInf/Strd/GrnshmtRmt/Tp/CdOrPrtry,CdOrPrtry,GarnishmentType1Choice,1,1
pacs.004.001.15,/Document/PmtRtr/TxInf/OrgnlTxRef/UndrlygCstmrCdtTrf/RmtInf/Strd/GrnshmtRmt/Tp/CdOrPrtry/Cd,Cd,ExternalGarnishmentType1Code,1,1
pacs.004.001.15,/Document/PmtRtr/TxInf/OrgnlTxRef/UndrlygCstmrCdtTrf/RmtInf/Strd/GrnshmtRmt/Tp/CdOrPrtry/Prtry,Prtry,Max35Text,1,1
pacs.004.001.15,/Document/PmtRtr/TxInf/OrgnlTxRef/UndrlygCstmrCdtTrf/RmtInf/Strd/GrnshmtRmt/Tp/Issr,Issr,Max35Text,0,1
pacs.004.001.15,/Document/PmtRtr/TxInf/OrgnlTxRef/UndrlygCstmrCdtTrf/RmtInf/Strd/GrnshmtRmt/Grnshee,Grnshee,PartyIdentification272,0,1
pacs.004.001.15,/Document/PmtRtr/TxInf/OrgnlTxRef/UndrlygCstmrCdtTrf/RmtInf/Strd/GrnshmtRmt/Grnshee/Nm,Nm,Max140Text,0,1
pacs.004.001.15,/Document/PmtRtr/TxInf/OrgnlTxRef/UndrlygCstmrCdtTrf/RmtInf/Strd/GrnshmtRmt/Grnshee/PstlAdr,PstlAdr,PostalAddress27,0,1
pacs.004.001.15,/Document/PmtRtr/TxInf/OrgnlTxRef/UndrlygCstmrCdtTrf/RmtInf/Strd/GrnshmtRmt/Grnshee/PstlAdr/AdrTp,AdrTp,AddressType3Choice,0,1
pacs.004.001.15,/Document/PmtRtr/TxInf/OrgnlTxRef/UndrlygCstmrCdtTrf/RmtInf/Strd/GrnshmtRmt/Grnshee/PstlAdr/AdrTp/Cd,Cd,AddressType2Code,1,1
pacs.004.001.15,/Document/PmtRtr/TxInf/OrgnlTxRef/UndrlygCstmrCdtTrf/RmtInf/Strd/GrnshmtRmt/Grnshee/PstlAdr/AdrTp/Prtry,Prtry,GenericIdentification30,1,1
pacs.004.001.15,/Document/PmtRtr/TxInf/OrgnlTxRef/UndrlygCstmrCdtTrf/RmtInf/Strd/GrnshmtRmt/Grnshee/PstlAdr/AdrTp/Prtry/Id,Id,Exact4AlphaNumericText,1,1
pacs.004.001.15,/Document/PmtRtr/TxInf/OrgnlTxRef/UndrlygCstmrCdtTrf/RmtInf/Strd/GrnshmtRmt/Grnshee/PstlAdr/AdrTp/Prtry/Issr,Issr,Max35Text,1,1
pacs.004.001.15,/Document/PmtRtr/TxInf/OrgnlTxRef/UndrlygCstmrCdtTrf/RmtInf/Strd/GrnshmtRmt/Grnshee/PstlAdr/AdrTp/Prtry/SchmeNm,SchmeNm,Max35Text,0,1
pacs.004.001.15,/Document/PmtRtr/TxInf/OrgnlTxRef/UndrlygCstmrCdtTrf/RmtInf/Strd/GrnshmtRmt/Grnshee/PstlAdr/CareOf,CareOf,Max140Text,0,1
pacs.004.001.15,/Document/PmtRtr/TxInf/OrgnlTxRef/UndrlygCstmrCdtTrf/RmtInf/Strd/GrnshmtRmt/Grnshee/PstlAdr/Dept,Dept,Max70Text,0,1
pacs.004.001.15,/Document/PmtRtr/TxInf/OrgnlTxRef/UndrlygCstmrCdtTrf/RmtInf/Strd/GrnshmtRmt/Grnshee/PstlAdr/SubDept,SubDept,Max70Text,0,1
pacs.004.001.15,/Document/PmtRtr/TxInf/OrgnlTxRef/UndrlygCstmrCdtTrf/RmtInf/Strd/GrnshmtRmt/Grnshee/PstlAdr/StrtNm,StrtNm,Max140Text,0,1
pacs.004.001.15,/Document/PmtRtr/TxInf/OrgnlTxRef/UndrlygCstmrCdtTrf/RmtInf/Strd/GrnshmtRmt/Grnshee/PstlAdr/BldgNb,BldgNb,Max16Text,0,1
pacs.004.001.15,/Document/PmtRtr/TxInf/OrgnlTxRef/UndrlygCstmrCdtTrf/RmtInf/Strd/GrnshmtRmt/Grnshee/PstlAdr/BldgNm,BldgNm,Max140Text,0,1
pacs.004.001.15,/Document/PmtRtr/TxInf/OrgnlTxRef/UndrlygCstmrCdtTrf/RmtInf/Strd/GrnshmtRmt/Grnshee/PstlAdr/Flr,Flr,Max70Text,0,1
pacs.004.001.15,/Document/PmtRtr/TxInf/OrgnlTxRef/UndrlygCstmrCdtTrf/RmtInf/Strd/GrnshmtRmt/Grnshee/PstlAdr/UnitNb,UnitNb,Max16Text,0,1
pacs.004.001.15,/Document/PmtRtr/TxInf/OrgnlTxRef/UndrlygCstmrCdtTrf/RmtInf/Strd/GrnshmtRmt/Grnshee/PstlAdr/PstBx,PstBx,Max16Text,0,1
pacs.004.001.15,/Document/PmtRtr/TxInf/OrgnlTxRef/UndrlygCstmrCdtTrf/RmtInf/Strd/GrnshmtRmt/Grnshee/PstlAdr/Room,Room,Max70Text,0,1
pacs.004.001.15,/Document/PmtRtr/TxInf/OrgnlTxRef/UndrlygCstmrCdtTrf/RmtInf/Strd/GrnshmtRmt/Grnshee/PstlAdr/PstCd,PstCd,Max16Text,0,1
pacs.004.001.15,/Document/PmtRtr/TxInf/OrgnlTxRef/UndrlygCstmrCdtTrf/RmtInf/Strd/GrnshmtRmt/Grnshee/PstlAdr/TwnNm,TwnNm,Max140Text,0,1
pacs.004.001.15,/Document/PmtRtr/TxInf/OrgnlTxRef/UndrlygCstmrCdtTrf/RmtInf/Strd/GrnshmtRmt/Grnshee/PstlAdr/TwnLctnNm,TwnLctnNm,Max140Text,0,1
pacs.004.001.15,/Document/PmtRtr/TxInf/OrgnlTxRef/UndrlygCstmrCdtTrf/RmtInf/Strd/GrnshmtRmt/Grnshee/PstlAdr/DstrctNm,DstrctNm,Max140Text,0,1
pacs.004.001.15,/Document/PmtRtr/TxInf/OrgnlTxRef/UndrlygCstmrCdtTrf/RmtInf/Strd/GrnshmtRmt/Grnshee/PstlAdr/CtrySubDvsn,CtrySubDvsn,Max35Text,0,1
pacs.004.001.15,/Document/PmtRtr/TxInf/OrgnlTxRef/UndrlygCstmrCdtTrf/RmtInf/Strd/GrnshmtRmt/Grnshee/PstlAdr/Ctry,Ctry,CountryCode,0,1
pacs.004.001.15,/Document/PmtRtr/TxInf/OrgnlTxRef/UndrlygCstmrCdtTrf/RmtInf/Strd/GrnshmtRmt/Grnshee/PstlAdr/AdrLine,AdrLine,Max70Text,0,7
pacs.004.001.15,/Document/PmtRtr/TxInf/OrgnlTxRef/UndrlygCstmrCdtTrf/RmtInf/Strd/GrnshmtRmt/Grnshee/Id,Id,Party52Choice,0,1
pacs.004.001.15,/Document/PmtRtr/TxInf/OrgnlTxRef/UndrlygCstmrCdtTrf/RmtInf/Strd/GrnshmtRmt/Grnshee/Id/OrgId,OrgId,OrganisationIdentification39,1,1
pacs.004.001.15,/Document/PmtRtr/TxInf/OrgnlTxRef/UndrlygCstmrCdtTrf/RmtInf/Strd/GrnshmtRmt/Grnshee/Id/OrgId/AnyBIC,AnyBIC,AnyBICDec2014Identifier,0,1
pacs.004.001.15,/Document/PmtRtr/TxInf/OrgnlTxRef/UndrlygCstmrCdtTrf/RmtInf/Strd/GrnshmtRmt/Grnshee/Id/OrgId/LEI,LEI,LEIIdentifier,0,1
pacs.004.001.15,/Document/PmtRtr/TxInf/OrgnlTxRef/UndrlygCstmrCdtTrf/RmtInf/Strd/GrnshmtRmt/Grnshee/Id/OrgId/Othr,Othr,GenericOrganisationIdentification3,0,
pacs.004.001.15,/Document/PmtRtr/TxInf/OrgnlTxRef/UndrlygCstmrCdtTrf/RmtInf/Strd/GrnshmtRmt/Grnshee/Id/OrgId/Othr/Id,Id,Max256Text,1,1
pacs.004.001.15,/Document/PmtRtr/TxInf/OrgnlTxRef/UndrlygCstmrCdtTrf/RmtInf/Strd/GrnshmtRmt/Grnshee/Id/OrgId/Othr/SchmeNm,SchmeNm,OrganisationIdentificationSchemeName1Choice,0,1
pacs.004.001.15,/Document/PmtRtr/TxInf/OrgnlTxRef/UndrlygCstmrCdtTrf/RmtInf/Strd/GrnshmtRmt/Grnshee/Id/OrgId/Othr/SchmeNm/Cd,Cd,ExternalOrganisationIdentification1Code,1,1
pacs.004.001.15,/Document/PmtRtr/TxInf/OrgnlTxRef/UndrlygCstmrCdtTrf/RmtInf/Strd/GrnshmtRmt/Grnshee/Id/OrgId/Othr/SchmeNm/Prtry,Prtry,Max35Text,1,1
pacs.004.001.15,/Document/PmtRtr/TxInf/OrgnlTxRef/UndrlygCstmrCdtTrf/RmtInf/Strd/GrnshmtRmt/Grnshee/Id/OrgId/Othr/Issr,Issr,Max35Text,0,1
pacs.004.001.15,/Document/PmtRtr/TxInf/OrgnlTxRef/UndrlygCstmrCdtTrf/RmtInf/Strd/GrnshmtRmt/Grnshee/Id/PrvtId,PrvtId,PersonIdentification18,1,1
pacs.004.001.15,/Document/PmtRtr/TxInf/OrgnlTxRef/UndrlygCstmrCdtTrf/RmtInf/Strd/GrnshmtRmt/Grnshee/Id/PrvtId/DtAndPlcOfBirth,DtAndPlcOfBirth,DateAndPlaceOfBirth1,0,1
pacs.004.001.15,/Document/PmtRtr/TxInf/OrgnlTxRef/UndrlygCstmrCdtTrf/RmtInf/Strd/GrnshmtRmt/Grnshee/Id/PrvtId/DtAndPlcOfBirth/BirthDt,BirthDt,ISODate,1,1
pacs.004.001.15,/Document/PmtRtr/TxInf/OrgnlTxRef/UndrlygCstmrCdtTrf/RmtInf/Strd/GrnshmtRmt/Grnshee/Id/PrvtId/DtAndPlcOfBirth/PrvcOfBirth,PrvcOfBirth,Max35Text,0,1
pacs.004.001.15,/Document/PmtRtr/TxInf/OrgnlTxRef/UndrlygCstmrCdtTrf/RmtInf/Strd/GrnshmtRmt/Grnshee/Id/PrvtId/DtAndPlcOfBirth/CityOfBirth,CityOfBirth,Max35Text,1,1
pacs.004.001.15,/Document/PmtRtr/TxInf/OrgnlTxRef/UndrlygCstmrCdtTrf/RmtInf/Strd/GrnshmtRmt/Grnshee/Id/PrvtId/DtAndPlcOfBirth/CtryOfBirth,CtryOfBirth,CountryCode,1,1
pacs.004.001.15,/Document/PmtRtr/TxInf/OrgnlTxRef/UndrlygCstmrCdtTrf/RmtInf/Strd/GrnshmtRmt/Grnshee/Id/PrvtId/Othr,Othr,GenericPersonIdentification2,0,
pacs.004.001.15,/Document/PmtRtr/TxInf/OrgnlTxRef/UndrlygCstmrCdtTrf/RmtInf/Strd/GrnshmtRmt/Grnshee/Id/PrvtId/Othr/Id,Id,Max256Text,1,1
pacs.004.001.15,/Document/PmtRtr/TxInf/OrgnlTxRef/UndrlygCstmrCdtTrf/RmtInf/Strd/GrnshmtRmt/Grnshee/Id/PrvtId/Othr/SchmeNm,SchmeNm,PersonIdentificationSchemeName1Choice,0,1
pacs.004.001.15,/Document/PmtRtr/TxInf/OrgnlTxRef/UndrlygCstmrCdtTrf/RmtInf/Strd/GrnshmtRmt/Grnshee/Id/PrvtId/Othr/SchmeNm/Cd,Cd,ExternalPersonIdentification1Code,1,1
pacs.004.001.15,/Document/PmtRtr/TxInf/OrgnlTxRef/UndrlygCstmrCdtTrf/RmtInf/Strd/GrnshmtRmt/Grnshee/Id/PrvtId/Othr/SchmeNm/Prtry,Prtry,Max35Text,1,1
pacs.004.001.15,/Document/PmtRtr/TxInf/OrgnlTxRef/UndrlygCstmrCdtTrf/RmtInf/Strd/GrnshmtRmt/Grnshee/Id/PrvtId/Othr/Issr,Issr,Max35Text,0,1
pacs.004.001.15,/Document/PmtRtr/TxInf/OrgnlTxRef/UndrlygCstmrCdtTrf/RmtInf/Strd/GrnshmtRmt/Grnshee/CtryOfRes,CtryOfRes,CountryCode,0,1
pacs.004.001.15,/Document/PmtRtr/TxInf/OrgnlTxRef/UndrlygCstmrCdtTrf/RmtInf/Strd/GrnshmtRmt/Grnshee/CtctDtls,CtctDtls,Contact13,0,1
pacs.004.001.15,/Document/PmtRtr/TxInf/OrgnlTxRef/UndrlygCstmrCdtTrf/RmtInf/Strd/GrnshmtRmt/Grnshee/CtctDtls/NmPrfx,NmPrfx,NamePrefix2Code,0,1
pacs.004.001.15,/Document/PmtRtr/TxInf/OrgnlTxRef/UndrlygCstmrCdtTrf/RmtInf/Strd/GrnshmtRmt/Grnshee/CtctDtls/Nm,Nm,Max140Text,0,1
pacs.004.001.15,/Document/PmtRtr/TxInf/OrgnlTxRef/UndrlygCstmrCdtTrf/RmtInf/Strd/GrnshmtRmt/Grnshee/CtctDtls/PhneNb,PhneNb,PhoneNumber,0,1
pacs.004.001.15,/Document/PmtRtr/TxInf/OrgnlTxRef/UndrlygCstmrCdtTrf/RmtInf/Strd/GrnshmtRmt/Grnshee/CtctDtls/MobNb,MobNb,PhoneNumber,0,1
pacs.004.001.15,/Document/PmtRtr/TxInf/OrgnlTxRef/UndrlygCstmrCdtTrf/RmtInf/Strd/GrnshmtRmt/Grnshee/CtctDtls/FaxNb,FaxNb,PhoneNumber,0,1
pacs.004.001.15,/Document/PmtRtr/TxInf/OrgnlTxRef/UndrlygCstmrCdtTrf/RmtInf/Strd/GrnshmtRmt/Grnshee/CtctDtls/URLAdr,URLAdr,Max2048Text,0,1
pacs.004.001.15,/Document/PmtRtr/TxInf/OrgnlTxRef/UndrlygCstmrCdtTrf/RmtInf/Strd/GrnshmtRmt/Grnshee/CtctDtls/EmailAdr,EmailAdr,Max256Text,0,1
pacs.004.001.15,/Document/PmtRtr/TxInf/OrgnlTxRef/UndrlygCstmrCdtTrf/RmtInf/Strd/GrnshmtRmt/Grnshee/CtctDtls/EmailPurp,EmailPurp,Max35Text,0,1
pacs.004.001.15,/Document/PmtRtr/TxInf/OrgnlTxRef/UndrlygCstmrCdtTrf/RmtInf/Strd/GrnshmtRmt/Grnshee/CtctDtls/JobTitl,JobTitl,Max35Text,0,1
pacs.004.001.15,/Document/PmtRtr/TxInf/OrgnlTxRef/UndrlygCstmrCdtTrf/RmtInf/Strd/GrnshmtRmt/Grnshee/CtctDtls/Rspnsblty,Rspnsblty,Max35Text,0,1
pacs.004.001.15,/Document/PmtRtr/TxInf/OrgnlTxRef/UndrlygCstmrCdtTrf/RmtInf/Strd/GrnshmtRmt/Grnshee/CtctDtls/Dept,Dept,Max70Text,0,1
pacs.004.001.15,/Document/PmtRtr/TxInf/OrgnlTxRef/UndrlygCstmrCdtTrf/RmtInf/Strd/GrnshmtRmt/Grnshee/CtctDtls/Othr,Othr,OtherContact1,0,
pacs.004.001.15,/Document/PmtRtr/TxInf/OrgnlTxRef/UndrlygCstmrCdtTrf/RmtInf/Strd/GrnshmtRmt/Grnshee/CtctDtls/Othr/ChanlTp,ChanlTp,Max4Text,1,1
pacs.004.001.15,/Document/PmtRtr/TxInf/OrgnlTxRef/UndrlygCstmrCdtTrf/RmtInf/Strd/GrnshmtRmt/Grnshee/CtctDtls/Othr/Id,Id,Max128Text,0,1
pacs.004.001.15,/Document/PmtRtr/TxInf/OrgnlTxRef/UndrlygCstmrCdtTrf/RmtInf/Strd/GrnshmtRmt/Grnshee/CtctDtls/PrefrdMtd,PrefrdMtd,PreferredContactMethod2Code,0,1
pacs.004.001.15,/Document/PmtRtr/TxInf/OrgnlTxRef/UndrlygCstmrCdtTrf/RmtInf/Strd/GrnshmtRmt/GrnshmtAdmstr,GrnshmtAdmstr,PartyIdentification272,0,1
pacs.004.001.15,/Document/PmtRtr/TxInf/OrgnlTxRef/UndrlygCstmrCdtTrf/RmtInf/Strd/GrnshmtRmt/GrnshmtAdmstr/Nm,Nm,Max140Text,0,1
pacs.004.001.15,/Document/PmtRtr/TxInf/OrgnlTxRef/UndrlygCstmrCdtTrf/RmtInf/Strd/GrnshmtRmt/GrnshmtAdmstr/PstlAdr,PstlAdr,PostalAddress27,0,1
pacs.004.001.15,/Document/PmtRtr/TxInf/OrgnlTxRef/UndrlygCstmrCdtTrf/RmtInf/Strd/GrnshmtRmt/GrnshmtAdmstr/PstlAdr/AdrTp,AdrTp,AddressType3Choice,0,1
pacs.004.001.15,/Document/PmtRtr/TxInf/OrgnlTxRef/UndrlygCstmrCdtTrf/RmtInf/Strd/GrnshmtRmt/GrnshmtAdmstr/PstlAdr/AdrTp/Cd,Cd,AddressType2Code,1,1
pacs.004.001.15,/Document/PmtRtr/TxInf/OrgnlTxRef/UndrlygCstmrCdtTrf/RmtInf/Strd/GrnshmtRmt/GrnshmtAdmstr/PstlAdr/AdrTp/Prtry,Prtry,GenericIdentification30,1,1
pacs.004.001.15,/Document/PmtRtr/TxInf/OrgnlTxRef/UndrlygCstmrCdtTrf/RmtInf/Strd/GrnshmtRmt/GrnshmtAdmstr/PstlAdr/AdrTp/Prtry/Id,Id,Exact4AlphaNumericText,1,1
pacs.004.001.15,/Document/PmtRtr/TxInf/OrgnlTxRef/UndrlygCstmrCdtTrf/RmtInf/Strd/GrnshmtRmt/GrnshmtAdmstr/PstlAdr/AdrTp/Prtry/Issr,Issr,Max35Text,1,1
pacs.004.001.15,/Document/PmtRtr/TxInf/OrgnlTxRef/UndrlygCstmrCdtTrf/RmtInf/Strd/GrnshmtRmt/GrnshmtAdmstr/PstlAdr/AdrTp/Prtry/SchmeNm,SchmeNm,Max35Text,0,1
pacs.004.001.15,/Document/PmtRtr/TxInf/OrgnlTxRef/UndrlygCstmrCdtTrf/RmtInf/Strd/GrnshmtRmt/GrnshmtAdmstr/PstlAdr/CareOf,CareOf,Max140Text,0,1
pacs.004.001.15,/Document/PmtRtr/TxInf/OrgnlTxRef/UndrlygCstmrCdtTrf/RmtInf/Strd/GrnshmtRmt/GrnshmtAdmstr/PstlAdr/Dept,Dept,Max70Text,0,1
pacs.004.001.15,/Document/PmtRtr/TxInf/OrgnlTxRef/UndrlygCstmrCdtTrf/RmtInf/Strd/GrnshmtRmt/GrnshmtAdmstr/PstlAdr/SubDept,SubDept,Max70Text,0,1
pacs.004.001.15,/Document/PmtRtr/TxInf/OrgnlTxRef/UndrlygCstmrCdtTrf/RmtInf/Strd/GrnshmtRmt/GrnshmtAdmstr/PstlAdr/StrtNm,StrtNm,Max140Text,0,1
pacs.004.001.15,/Document/PmtRtr/TxInf/OrgnlTxRef/UndrlygCstmrCdtTrf/RmtInf/Strd/GrnshmtRmt/GrnshmtAdmstr/PstlAdr/BldgNb,BldgNb,Max16Text,0,1
pacs.004.001.15,/Document/PmtRtr/TxInf/OrgnlTxRef/UndrlygCstmrCdtTrf/RmtInf/Strd/GrnshmtRmt/GrnshmtAdmstr/PstlAdr/BldgNm,BldgNm,Max140Text,0,1
pacs.004.001.15,/Document/PmtRtr/TxInf/OrgnlTxRef/UndrlygCstmrCdtTrf/RmtInf/Strd/GrnshmtRmt/GrnshmtAdmstr/PstlAdr/Flr,Flr,Max70Text,0,1
pacs.004.001.15,/Document/PmtRtr/TxInf/OrgnlTxRef/UndrlygCstmrCdtTrf/RmtInf/Strd/GrnshmtRmt/GrnshmtAdmstr/PstlAdr/UnitNb,UnitNb,Max16Text,0,1
pacs.004.001.15,/Document/PmtRtr/TxInf/OrgnlTxRef/UndrlygCstmrCdtTrf/RmtInf/Strd/GrnshmtRmt/GrnshmtAdmstr/PstlAdr/PstBx,PstBx,Max16Text,0,1
pacs.004.001.15,/Document/PmtRtr/TxInf/OrgnlTxRef/UndrlygCstmrCdtTrf/RmtInf/Strd/GrnshmtRmt/GrnshmtAdmstr/PstlAdr/Room,Room,Max70Text,0,1
pacs.004.001.15,/Document/PmtRtr/TxInf/OrgnlTxRef/UndrlygCstmrCdtTrf/RmtInf/Strd/GrnshmtRmt/GrnshmtAdmstr/PstlAdr/PstCd,PstCd,Max16Text,0,1
pacs.004.001.15,/Document/PmtRtr/TxInf/OrgnlTxRef/UndrlygCstmrCdtTrf/RmtInf/Strd/GrnshmtRmt/GrnshmtAdmstr/PstlAdr/TwnNm,TwnNm,Max140Text,0,1
pacs.004.001.15,/Document/PmtRtr/TxInf/OrgnlTxRef/UndrlygCstmrCdtTrf/RmtInf/Strd/GrnshmtRmt/GrnshmtAdmstr/PstlAdr/TwnLctnNm,TwnLctnNm,Max140Text,0,1
pacs.004.001.15,/Document/PmtRtr/TxInf/OrgnlTxRef/UndrlygCstmrCdtTrf/RmtInf/Strd/GrnshmtRmt/GrnshmtAdmstr/PstlAdr/DstrctNm,DstrctNm,Max140Text,0,1
pacs.004.001.15,/Document/PmtRtr/TxInf/OrgnlTxRef/UndrlygCstmrCdtTrf/RmtInf/Strd/GrnshmtRmt/GrnshmtAdmstr/PstlAdr/CtrySubDvsn,CtrySubDvsn,Max35Text,0,1
pacs.004.001.15,/Document/PmtRtr/TxInf/OrgnlTxRef/UndrlygCstmrCdtTrf/RmtInf/Strd/GrnshmtRmt/GrnshmtAdmstr/PstlAdr/Ctry,Ctry,CountryCode,0,1
pacs.004.001.15,/Document/PmtRtr/TxInf/OrgnlTxRef/UndrlygCstmrCdtTrf/RmtInf/Strd/GrnshmtRmt/GrnshmtAdmstr/PstlAdr/AdrLine,AdrLine,Max70Text,0,7
pacs.004.001.15,/Document/PmtRtr/TxInf/OrgnlTxRef/UndrlygCstmrCdtTrf/RmtInf/Strd/GrnshmtRmt/GrnshmtAdmstr/Id,Id,Party52Choice,0,1
pacs.004.001.15,/Document/PmtRtr/TxInf/OrgnlTxRef/UndrlygCstmrCdtTrf/RmtInf/Strd/GrnshmtRmt/GrnshmtAdmstr/Id/OrgId,OrgId,OrganisationIdentification39,1,1
pacs.004.001.15,/Document/PmtRtr/TxInf/OrgnlTxRef/UndrlygCstmrCdtTrf/RmtInf/Strd/GrnshmtRmt/GrnshmtAdmstr/Id/OrgId/AnyBIC,AnyBIC,AnyBICDec2014Identifier,0,1
pacs.004.001.15,/Document/PmtRtr/TxInf/OrgnlTxRef/UndrlygCstmrCdtTrf/RmtInf/Strd/GrnshmtRmt/GrnshmtAdmstr/Id/OrgId/LEI,LEI,LEIIdentifier,0,1
pacs.004.001.15,/Document/PmtRtr/TxInf/OrgnlTxRef/UndrlygCstmrCdtTrf/RmtInf/Strd/GrnshmtRmt/GrnshmtAdmstr/Id/OrgId/Othr,Othr,GenericOrganisationIdentification3,0,
pacs.004.001.15,/Document/PmtRtr/TxInf/OrgnlTxRef/UndrlygCstmrCdtTrf/RmtInf/Strd/GrnshmtRmt/GrnshmtAdmstr/Id/OrgId/Othr/Id,Id,Max256Text,1,1
pacs.004.001.15,/Document/PmtRtr/TxInf/OrgnlTxRef/UndrlygCstmrCdtTrf/RmtInf/Strd/GrnshmtRmt/GrnshmtAdmstr/Id/OrgId/Othr/SchmeNm,SchmeNm,OrganisationIdentificationSchemeName1Choice,0,1
pacs.004.001.15,/Document/PmtRtr/TxInf/OrgnlTxRef/UndrlygCstmrCdtTrf/RmtInf/Strd/GrnshmtRmt/GrnshmtAdmstr/Id/OrgId/Othr/SchmeNm/Cd,Cd,ExternalOrganisationIdentification1Code,1,1
pacs.004.001.15,/Document/PmtRtr/TxInf/OrgnlTxRef/UndrlygCstmrCdtTrf/RmtInf/Strd/GrnshmtRmt/GrnshmtAdmstr/Id/OrgId/Othr/SchmeNm/Prtry,Prtry,Max35Text,1,1
pacs.004.001.15,/Document/PmtRtr/TxInf/OrgnlTxRef/UndrlygCstmrCdtTrf/RmtInf/Strd/GrnshmtRmt/GrnshmtAdmstr/Id/OrgId/Othr/Issr,Issr,Max35Text,0,1
pacs.004.001.15,/Document/PmtRtr/TxInf/OrgnlTxRef/UndrlygCstmrCdtTrf/RmtInf/Strd/GrnshmtRmt/GrnshmtAdmstr/Id/PrvtId,PrvtId,PersonIdentification18,1,1
pacs.004.001.15,/Document/PmtRtr/TxInf/OrgnlTxRef/UndrlygCstmrCdtTrf/RmtInf/Strd/GrnshmtRmt/GrnshmtAdmstr/Id/PrvtId/DtAndPlcOfBirth,DtAndPlcOfBirth,DateAndPlaceOfBirth1,0,1
pacs.004.001.15,/Document/PmtRtr/TxInf/OrgnlTxRef/UndrlygCstmrCdtTrf/RmtInf/Strd/GrnshmtRmt/GrnshmtAdmstr/Id/PrvtId/DtAndPlcOfBirth/BirthDt,BirthDt,ISODate,1,1
pacs.004.001.15,/Document/PmtRtr/TxInf/OrgnlTxRef/UndrlygCstmrCdtTrf/RmtInf/Strd/GrnshmtRmt/GrnshmtAdmstr/Id/PrvtId/DtAndPlcOfBirth/PrvcOfBirth,PrvcOfBirth,Max35Text,0,1
pacs.004.001.15,/Document/PmtRtr/TxInf/OrgnlTxRef/UndrlygCstmrCdtTrf/RmtInf/Strd/GrnshmtRmt/GrnshmtAdmstr/Id/PrvtId/DtAndPlcOfBirth/CityOfBirth,CityOfBirth,Max35Text,1,1
pacs.004.001.15,/Document/PmtRtr/TxInf/OrgnlTxRef/UndrlygCstmrCdtTrf/RmtInf/Strd/GrnshmtRmt/GrnshmtAdmstr/Id/PrvtId/DtAndPlcOfBirth/CtryOfBirth,CtryOfBirth,CountryCode,1,1
pacs.004.001.15,/Document/PmtRtr/TxInf/OrgnlTxRef/UndrlygCstmrCdtTrf/RmtInf/Strd/GrnshmtRmt/GrnshmtAdmstr/Id/PrvtId/Othr,Othr,GenericPersonIdentification2,0,
pacs.004.001.15,/Document/PmtRtr/TxInf/OrgnlTxRef/UndrlygCstmrCdtTrf/RmtInf/Strd/GrnshmtRmt/GrnshmtAdmstr/Id/PrvtId/Othr/Id,Id,Max256Text,1,1
pacs.004.001.15,/Document/PmtRtr/TxInf/OrgnlTxRef/UndrlygCstmrCdtTrf/RmtInf/Strd/GrnshmtRmt/GrnshmtAdmstr/Id/PrvtId/Othr/SchmeNm,SchmeNm,PersonIdentificationSchemeName1Choice,0,1
pacs.004.001.15,/Document/PmtRtr/TxInf/OrgnlTxRef/UndrlygCstmrCdtTrf/RmtInf/Strd/GrnshmtRmt/GrnshmtAdmstr/Id/PrvtId/Othr/SchmeNm/Cd,Cd,ExternalPersonIdentification1Code,1,1
pacs.004.001.15,/Document/PmtRtr/TxInf/OrgnlTxRef/UndrlygCstmrCdtTrf/RmtInf/Strd/GrnshmtRmt/GrnshmtAdmstr/Id/PrvtId/Othr/SchmeNm/Prtry,Prtry,Max35Text,1,1
pacs.004.001.15,/Document/PmtRtr/TxInf/OrgnlTxRef/UndrlygCstmrCdtTrf/RmtInf/Strd/GrnshmtRmt/GrnshmtAdmstr/Id/PrvtId/Othr/Issr,Issr,Max35Text,0,1
pacs.004.001.15,/Document/PmtRtr/TxInf/OrgnlTxRef/UndrlygCstmrCdtTrf/RmtInf/Strd/GrnshmtRmt/GrnshmtAdmstr/CtryOfRes,CtryOfRes,CountryCode,0,1
pacs.004.001.15,/Document/PmtRtr/TxInf/OrgnlTxRef/UndrlygCstmrCdtTrf/RmtInf/Strd/GrnshmtRmt/GrnshmtAdmstr/CtctDtls,CtctDtls,Contact13,0,1
pacs.004.001.15,/Document/PmtRtr/TxInf/OrgnlTxRef/UndrlygCstmrCdtTrf/RmtInf/Strd/GrnshmtRmt/GrnshmtAdmstr/CtctDtls/NmPrfx,NmPrfx,NamePrefix2Code,0,1
pacs.004.001.15,/Document/PmtRtr/TxInf/OrgnlTxRef/UndrlygCstmrCdtTrf/RmtInf/Strd/GrnshmtRmt/GrnshmtAdmstr/CtctDtls/Nm,Nm,Max140Text,0,1
pacs.004.001.15,/Document/PmtRtr/TxInf/OrgnlTxRef/UndrlygCstmrCdtTrf/RmtInf/Strd/GrnshmtRmt/GrnshmtAdmstr/CtctDtls/PhneNb,PhneNb,PhoneNumber,0,1
pacs.004.001.15,/Document/PmtRtr/TxInf/OrgnlTxRef/UndrlygCstmrCdtTrf/RmtInf/Strd/GrnshmtRmt/GrnshmtAdmstr/CtctDtls/MobNb,MobNb,PhoneNumber,0,1
pacs.004.001.15,/Document/PmtRtr/TxInf/OrgnlTxRef/UndrlygCstmrCdtTrf/RmtInf/Strd/GrnshmtRmt/GrnshmtAdmstr/CtctDtls/FaxNb,FaxNb,PhoneNumber,0,1
pacs.004.001.15,/Document/PmtRtr/TxInf/OrgnlTxRef/UndrlygCstmrCdtTrf/RmtInf/Strd/GrnshmtRmt/GrnshmtAdmstr/CtctDtls/URLAdr,URLAdr,Max2048Text,0,1
pacs.004.001.15,/Document/PmtRtr/TxInf/OrgnlTxRef/UndrlygCstmrCdtTrf/RmtInf/Strd/GrnshmtRmt/GrnshmtAdmstr/CtctDtls/EmailAdr,EmailAdr,Max256Text,0,1
pacs.004.001.15,/Document/PmtRtr/TxInf/OrgnlTxRef/UndrlygCstmrCdtTrf/RmtInf/Strd/GrnshmtRmt/GrnshmtAdmstr/CtctDtls/EmailPurp,EmailPurp,Max35Text,0,1
pacs.004.001.15,/Document/PmtRtr/TxInf/OrgnlTxRef/UndrlygCstmrCdtTrf/RmtInf/Strd/GrnshmtRmt/GrnshmtAdmstr/CtctDtls/JobTitl,JobTitl,Max35Text,0,1
pacs.004.001.15,/Document/PmtRtr/TxInf/OrgnlTxRef/UndrlygCstmrCdtTrf/RmtInf/Strd/GrnshmtRmt/GrnshmtAdmstr/CtctDtls/Rspnsblty,Rspnsblty,Max35Text,0,1
pacs.004.001.15,/Document/PmtRtr/TxInf/OrgnlTxRef/UndrlygCstmrCdtTrf/RmtInf/Strd/GrnshmtRmt/GrnshmtAdmstr/CtctDtls/Dept,Dept,Max70Text,0,1
pacs.004.001.15,/Document/PmtRtr/TxInf/OrgnlTxRef/UndrlygCstmrCdtTrf/RmtInf/Strd/GrnshmtRmt/GrnshmtAdmstr/CtctDtls/Othr,Othr,OtherContact1,0,
pacs.004.001.15,/Document/PmtRtr/TxInf/OrgnlTxRef/UndrlygCstmrCdtTrf/RmtInf/Strd/GrnshmtRmt/GrnshmtAdmstr/CtctDtls/Othr/ChanlTp,ChanlTp,Max4Text,1,1
pacs.004.001.15,/Document/PmtRtr/TxInf/OrgnlTxRef/UndrlygCstmrCdtTrf/RmtInf/Strd/GrnshmtRmt/GrnshmtAdmstr/CtctDtls/Othr/Id,Id,Max128Text,0,1
pacs.004.001.15,/Document/PmtRtr/TxInf/OrgnlTxRef/UndrlygCstmrCdtTrf/RmtInf/Strd/GrnshmtRmt/GrnshmtAdmstr/CtctDtls/PrefrdMtd,PrefrdMtd,PreferredContactMethod2Code,0,1
pacs.004.001.15,/Document/PmtRtr/TxInf/OrgnlTxRef/UndrlygCstmrCdtTrf/RmtInf/Strd/GrnshmtRmt/RefNb,RefNb,Max140Text,0,1
pacs.004.001.15,/Document/PmtRtr/TxInf/OrgnlTxRef/UndrlygCstmrCdtTrf/RmtInf/Strd/GrnshmtRmt/Dt,Dt,ISODate,0,1
pacs.004.001.15,/Document/PmtRtr/TxInf/OrgnlTxRef/UndrlygCstmrCdtTrf/RmtInf/Strd/GrnshmtRmt/RmtdAmt,RmtdAmt,ActiveOrHistoricCurrencyAndAmount,0,1
pacs.004.001.15,/Document/PmtRtr/TxInf/OrgnlTxRef/UndrlygCstmrCdtTrf/RmtInf/Strd/GrnshmtRmt/FmlyMdclInsrncInd,FmlyMdclInsrncInd,TrueFalseIndicator,0,1
pacs.004.001.15,/Document/PmtRtr/TxInf/OrgnlTxRef/UndrlygCstmrCdtTrf/RmtInf/Strd/GrnshmtRmt/MplyeeTermntnInd,MplyeeTermntnInd,TrueFalseIndicator,0,1
pacs.004.001.15,/Document/PmtRtr/TxInf/OrgnlTxRef/UndrlygCstmrCdtTrf/RmtInf/Strd/SctiesData,SctiesData,SecuritiesAttributes1,0,
pacs.004.001.15,/Document/PmtRtr/TxInf/OrgnlTxRef/UndrlygCstmrCdtTrf/RmtInf/Strd/SctiesData/UnqTxIdr,UnqTxIdr,UTIIdentifier,1,1
pacs.004.001.15,/Document/PmtRtr/TxInf/OrgnlTxRef/UndrlygCstmrCdtTrf/RmtInf/Strd/SctiesData/Amt,Amt,ActiveCurrencyAndAmount,0,1
pacs.004.001.15,/Document/PmtRtr/TxInf/OrgnlTxRef/UndrlygCstmrCdtTrf/RmtInf/Strd/AddtlRmtInf,AddtlRmtInf,Max140Text,0,3
pacs.004.001.15,/Document/PmtRtr/TxInf/OrgnlTxRef/UndrlygCstmrCdtTrf/InstdAmt,InstdAmt,ActiveOrHistoricCurrencyAndAmount,0,1
pacs.004.001.15,/Document/PmtRtr/TxInf/OrgnlTxRef/UndrlygFICdtTrf,UndrlygFICdtTrf,CreditTransferTransaction82,0,1
pacs.004.001.15,/Document/PmtRtr/TxInf/OrgnlTxRef/UndrlygFICdtTrf/PmtId,PmtId,PaymentIdentification13,1,1
pacs.004.001.15,/Document/PmtRtr/TxInf/OrgnlTxRef/UndrlygFICdtTrf/PmtId/InstrId,InstrId,Max35Text,0,1
pacs.004.001.15,/Document/PmtRtr/TxInf/OrgnlTxRef/UndrlygFICdtTrf/PmtId/EndToEndId,EndToEndId,Max35Text,1,1
pacs.004.001.15,/Document/PmtRtr/TxInf/OrgnlTxRef/UndrlygFICdtTrf/PmtId/TxId,TxId,Max35Text,0,1
pacs.004.001.15,/Document/PmtRtr/TxInf/OrgnlTxRef/UndrlygFICdtTrf/PmtId/UETR,UETR,UUIDv4Identifier,0,1
pacs.004.001.15,/Document/PmtRtr/TxInf/OrgnlTxRef/UndrlygFICdtTrf/PmtId/ClrSysRef,ClrSysRef,Max35Text,0,1
pacs.004.001.15,/Document/PmtRtr/TxInf/OrgnlTxRef/UndrlygFICdtTrf/PmtTpInf,PmtTpInf,PaymentTypeInformation28,0,1
pacs.004.001.15,/Document/PmtRtr/TxInf/OrgnlTxRef/UndrlygFICdtTrf/PmtTpInf/InstrPrty,InstrPrty,Priority2Code,0,1
pacs.004.001.15,/Document/PmtRtr/TxInf/OrgnlTxRef/UndrlygFICdtTrf/PmtTpInf/ClrChanl,ClrChanl,ClearingChannel2Code,0,1
pacs.004.001.15,/Document/PmtRtr/TxInf/OrgnlTxRef/UndrlygFICdtTrf/PmtTpInf/SvcLvl,SvcLvl,ServiceLevel8Choice,0,
pacs.004.001.15,/Document/PmtRtr/TxInf/OrgnlTxRef/UndrlygFICdtTrf/PmtTpInf/SvcLvl/Cd,Cd,ExternalServiceLevel1Code,1,1
pacs.004.001.15,/Document/PmtRtr/TxInf/OrgnlTxRef/UndrlygFICdtTrf/PmtTpInf/SvcLvl/Prtry,Prtry,Max35Text,1,1
pacs.004.001.15,/Document/PmtRtr/TxInf/OrgnlTxRef/UndrlygFICdtTrf/PmtTpInf/LclInstrm,LclInstrm,LocalInstrument2Choice,0,1
pacs.004.001.15,/Document/PmtRtr/TxInf/OrgnlTxRef/UndrlygFICdtTrf/PmtTpInf/LclInstrm/Cd,Cd,ExternalLocalInstrument1Code,1,1
pacs.004.001.15,/Document/PmtRtr/TxInf/OrgnlTxRef/UndrlygFICdtTrf/PmtTpInf/LclInstrm/Prtry,Prtry,Max35Text,1,1
pacs.004.001.15,/Document/PmtRtr/TxInf/OrgnlTxRef/UndrlygFICdtTrf/PmtTpInf/CtgyPurp,CtgyPurp,CategoryPurpose1Choice,0,1
pacs.004.001.15,/Document/PmtRtr/TxInf/OrgnlTxRef/UndrlygFICdtTrf/PmtTpInf/CtgyPurp/Cd,Cd,ExternalCategoryPurpose1Code,1,1
pacs.004.001.15,/Document/PmtRtr/TxInf/OrgnlTxRef/UndrlygFICdtTrf/PmtTpInf/CtgyPurp/Prtry,Prtry,Max35Text,1,1
pacs.004.001.15,/Document/PmtRtr/TxInf/OrgnlTxRef/UndrlygFICdtTrf/IntrBkSttlmAmt,IntrBkSttlmAmt,ActiveCurrencyAndAmount,1,1
pacs.004.001.15,/Document/PmtRtr/TxInf/OrgnlTxRef/UndrlygFICdtTrf/IntrBkSttlmDt,IntrBkSttlmDt,ISODate,0,1
pacs.004.001.15,/Document/PmtRtr/TxInf/OrgnlTxRef/UndrlygFICdtTrf/SttlmPrty,SttlmPrty,Priority3Code,0,1
pacs.004.001.15,/Document/PmtRtr/TxInf/OrgnlTxRef/UndrlygFICdtTrf/SttlmTmIndctn,SttlmTmIndctn,SettlementDateTimeIndication1,0,1
pacs.004.001.15,/Document/PmtRtr/TxInf/OrgnlTxRef/UndrlygFICdtTrf/SttlmTmIndctn/DbtDtTm,DbtDtTm,ISODateTime,0,1
pacs.004.001.15,/Document/PmtRtr/TxInf/OrgnlTxRef/UndrlygFICdtTrf/SttlmTmIndctn/CdtDtTm,CdtDtTm,ISODateTime,0,1
pacs.004.001.15,/Document/PmtRtr/TxInf/OrgnlTxRef/UndrlygFICdtTrf/SttlmTmReq,SttlmTmReq,SettlementTimeRequest2,0,1
pacs.004.001.15,/Document/PmtRtr/TxInf/OrgnlTxRef/UndrlygFICdtTrf/SttlmTmReq/CLSTm,CLSTm,ISOTime,0,1
pacs.004.001.15,/Document/PmtRtr/TxInf/OrgnlTxRef/UndrlygFICdtTrf/SttlmTmReq/TillTm,TillTm,ISOTime,0,1
pacs.004.001.15,/Document/PmtRtr/TxInf/OrgnlTxRef/UndrlygFICdtTrf/SttlmTmReq/FrTm,FrTm,ISOTime,0,1
pacs.004.001.15,/Document/PmtRtr/TxInf/OrgnlTxRef/UndrlygFICdtTrf/SttlmTmReq/RjctTm,RjctTm,ISOTime,0,1
pacs.004.001.15,/Document/PmtRtr/TxInf/OrgnlTxRef/UndrlygFICdtTrf/XpryDtTm,XpryDtTm,ISODateTime,0,1
pacs.004.001.15,/Document/PmtRtr/TxInf/OrgnlTxRef/UndrlygFICdtTrf/PmtSgntr,PmtSgntr,CryptographicKey1Choice,0,1
pacs.004.001.15,/Document/PmtRtr/TxInf/OrgnlTxRef/UndrlygFICdtTrf/PmtSgntr/ILPV4,ILPV4,HexBinaryText,1,1
pacs.004.001.15,/Document/PmtRtr/TxInf/OrgnlTxRef/UndrlygFICdtTrf/PmtSgntr/Sgntr,Sgntr,SHA256SignatureText,1,1
pacs.004.001.15,/Document/PmtRtr/TxInf/OrgnlTxRef/UndrlygFICdtTrf/PrvsInstgAgt1,PrvsInstgAgt1,BranchAndFinancialInstitutionIdentification8,0,1
pacs.004.001.15,/Document/PmtRtr/TxInf/OrgnlTxRef/UndrlygFICdtTrf/PrvsInstgAgt1/FinInstnId,FinInstnId,FinancialInstitutionIdentification23,1,1
pacs.004.001.15,/Document/PmtRtr/TxInf/OrgnlTxRef/UndrlygFICdtTrf/PrvsInstgAgt1/FinInstnId/BICFI,BICFI,BICFIDec2014Identifier,0,1
pacs.004.001.15,/Document/PmtRtr/TxInf/OrgnlTxRef/UndrlygFICdtTrf/PrvsInstgAgt1/FinInstnId/ClrSysMmbId,ClrSysMmbId,ClearingSystemMemberIdentification2,0,1
pacs.004.001.15,/Document/PmtRtr/TxInf/OrgnlTxRef/UndrlygFICdtTrf/PrvsInstgAgt1/FinInstnId/ClrSysMmbId/ClrSysId,ClrSysId,ClearingSystemIdentification2Choice,0,1
pacs.004.001.15,/Document/PmtRtr/TxInf/OrgnlTxRef/UndrlygFICdtTrf/PrvsInstgAgt1/FinInstnId/ClrSysMmbId/ClrSysId/Cd,Cd,ExternalClearingSystemIdentification1Code,1,1
pacs.004.001.15,/Document/PmtRtr/TxInf/OrgnlTxRef/UndrlygFICdtTrf/PrvsInstgAgt1/FinInstnId/ClrSysMmbId/ClrSysId/Prtry,Prtry,Max35Text,1,1
pacs.004.001.15,/Document/PmtRtr/TxInf/OrgnlTxRef/UndrlygFICdtTrf/PrvsInstgAgt1/FinInstnId/ClrSysMmbId/MmbId,MmbId,Max35Text,1,1
pacs.004.001.15,/Document/PmtRtr/TxInf/OrgnlTxRef/UndrlygFICdtTrf/PrvsInstgAgt1/FinInstnId/LEI,LEI,LEIIdentifier,0,1
pacs.004.001.15,/Document/PmtRtr/TxInf/OrgnlTxRef/UndrlygFICdtTrf/PrvsInstgAgt1/FinInstnId/Nm,Nm,Max140Text,0,1
pacs.004.001.15,/Document/PmtRtr/TxInf/OrgnlTxRef/UndrlygFICdtTrf/PrvsInstgAgt1/FinInstnId/PstlAdr,PstlAdr,PostalAddress27,0,1
pacs.004.001.15,/Document/PmtRtr/TxInf/OrgnlTxRef/UndrlygFICdtTrf/PrvsInstgAgt1/FinInstnId/PstlAdr/AdrTp,AdrTp,AddressType3Choice,0,1
pacs.004.001.15,/Document/PmtRtr/TxInf/OrgnlTxRef/UndrlygFICdtTrf/PrvsInstgAgt1/FinInstnId/PstlAdr/AdrTp/Cd,Cd,AddressType2Code,1,1
pacs.004.001.15,/Document/PmtRtr/TxInf/OrgnlTxRef/UndrlygFICdtTrf/PrvsInstgAgt1/FinInstnId/PstlAdr/AdrTp/Prtry,Prtry,GenericIdentification30,1,1
pacs.004.001.15,/Document/PmtRtr/TxInf/OrgnlTxRef/UndrlygFICdtTrf/PrvsInstgAgt1/FinInstnId/PstlAdr/AdrTp/Prtry/Id,Id,Exact4AlphaNumericText,1,1
pacs.004.001.15,/Document/PmtRtr/TxInf/OrgnlTxRef/UndrlygFICdtTrf/PrvsInstgAgt1/FinInstnId/PstlAdr/AdrTp/Prtry/Issr,Issr,Max35Text,1,1
pacs.004.001.15,/Document/PmtRtr/TxInf/OrgnlTxRef/UndrlygFICdtTrf/PrvsInstgAgt1/FinInstnId/PstlAdr/AdrTp/Prtry/SchmeNm,SchmeNm,Max35Text,0,1
pacs.004.001.15,/Document/PmtRtr/TxInf/OrgnlTxRef/UndrlygFICdtTrf/PrvsInstgAgt1/FinInstnId/PstlAdr/CareOf,CareOf,Max140Text,0,1
pacs.004.001.15,/Document/PmtRtr/TxInf/OrgnlTxRef/UndrlygFICdtTrf/PrvsInstgAgt1/FinInstnId/PstlAdr/Dept,Dept,Max70Text,0,1
pacs.004.001.15,/Document/PmtRtr/TxInf/OrgnlTxRef/UndrlygFICdtTrf/PrvsInstgAgt1/FinInstnId/PstlAdr/SubDept,SubDept,Max70Text,0,1
pacs.004.001.15,/Document/PmtRtr/TxInf/OrgnlTxRef/UndrlygFICdtTrf/PrvsInstgAgt1/FinInstnId/PstlAdr/StrtNm,StrtNm,Max140Text,0,1
pacs.004.001.15,/Document/PmtRtr/TxInf/OrgnlTxRef/UndrlygFICdtTrf/PrvsInstgAgt1/FinInstnId/PstlAdr/BldgNb,BldgNb,Max16Text,0,1
pacs.004.001.15,/Document/PmtRtr/TxInf/OrgnlTxRef/UndrlygFICdtTrf/PrvsInstgAgt1/FinInstnId/PstlAdr/BldgNm,BldgNm,Max140Text,0,1
pacs.004.001.15,/Document/PmtRtr/TxInf/OrgnlTxRef/UndrlygFICdtTrf/PrvsInstgAgt1/FinInstnId/PstlAdr/Flr,Flr,Max70Text,0,1
pacs.004.001.15,/Document/PmtRtr/TxInf/OrgnlTxRef/UndrlygFICdtTrf/PrvsInstgAgt1/FinInstnId/PstlAdr/UnitNb,UnitNb,Max16Text,0,1
pacs.004.001.15,/Document/PmtRtr/TxInf/OrgnlTxRef/UndrlygFICdtTrf/PrvsInstgAgt1/FinInstnId/PstlAdr/PstBx,PstBx,Max16Text,0,1
pacs.004.001.15,/Document/PmtRtr/TxInf/OrgnlTxRef/UndrlygFICdtTrf/PrvsInstgAgt1/FinInstnId/PstlAdr/Room,Room,Max70Text,0,1
pacs.004.001.15,/Document/PmtRtr/TxInf/OrgnlTxRef/UndrlygFICdtTrf/PrvsInstgAgt1/FinInstnId/PstlAdr/PstCd,PstCd,Max16Text,0,1
pacs.004.001.15,/Document/PmtRtr/TxInf/OrgnlTxRef/UndrlygFICdtTrf/PrvsInstgAgt1/FinInstnId/PstlAdr/TwnNm,TwnNm,Max140Text,0,1
pacs.004.001.15,/Document/PmtRtr/TxInf/OrgnlTxRef/UndrlygFICdtTrf/PrvsInstgAgt1/FinInstnId/PstlAdr/TwnLctnNm,TwnLctnNm,Max140Text,0,1
pacs.004.001.15,/Document/PmtRtr/TxInf/OrgnlTxRef/UndrlygFICdtTrf/PrvsInstgAgt1/FinInstnId/PstlAdr/DstrctNm,DstrctNm,Max140Text,0,1
pacs.004.001.15,/Document/PmtRtr/TxInf/OrgnlTxRef/UndrlygFICdtTrf/PrvsInstgAgt1/FinInstnId/PstlAdr/CtrySubDvsn,CtrySubDvsn,Max35Text,0,1
pacs.004.001.15,/Document/PmtRtr/TxInf/OrgnlTxRef/UndrlygFICdtTrf/PrvsInstgAgt1/FinInstnId/PstlAdr/Ctry,Ctry,CountryCode,0,1
pacs.004.001.15,/Document/PmtRtr/TxInf/OrgnlTxRef/UndrlygFICdtTrf/PrvsInstgAgt1/FinInstnId/PstlAdr/AdrLine,AdrLine,Max70Text,0,7
pacs.004.001.15,/Document/PmtRtr/TxInf/OrgnlTxRef/UndrlygFICdtTrf/PrvsInstgAgt1/FinInstnId/Othr,Othr,GenericFinancialIdentification1,0,1
pacs.004.001.15,/Document/PmtRtr/TxInf/OrgnlTxRef/UndrlygFICdtTrf/PrvsInstgAgt1/FinInstnId/Othr/Id,Id,Max35Text,1,1
pacs.004.001.15,/Document/PmtRtr/TxInf/OrgnlTxRef/UndrlygFICdtTrf/PrvsInstgAgt1/FinInstnId/Othr/SchmeNm,SchmeNm,FinancialIdentificationSchemeName1Choice,0,1
pacs.004.001.15,/Document/PmtRtr/TxInf/OrgnlTxRef/UndrlygFICdtTrf/PrvsInstgAgt1/FinInstnId/Othr/SchmeNm/Cd,Cd,ExternalFinancialInstitutionIdentification1Code,1,1
pacs.004.001.15,/Document/PmtRtr/TxInf/OrgnlTxRef/UndrlygFICdtTrf/PrvsInstgAgt1/FinInstnId/Othr/SchmeNm/Prtry,Prtry,Max35Text,1,1
pacs.004.001.15,/Document/PmtRtr/TxInf/OrgnlTxRef/UndrlygFICdtTrf/PrvsInstgAgt1/FinInstnId/Othr/Issr,Issr,Max35Text,0,1
pacs.004.001.15,/Document/PmtRtr/TxInf/OrgnlTxRef/UndrlygFICdtTrf/PrvsInstgAgt1/BrnchId,BrnchId,BranchData5,0,1
pacs.004.001.15,/Document/PmtRtr/TxInf/OrgnlTxRef/UndrlygFICdtTrf/PrvsInstgAgt1/BrnchId/Id,Id,Max35Text,0,1
pacs.004.001.15,/Document/PmtRtr/TxInf/OrgnlTxRef/UndrlygFICdtTrf/PrvsInstgAgt1/BrnchId/LEI,LEI,LEIIdentifier,0,1
pacs.004.001.15,/Document/PmtRtr/TxInf/OrgnlTxRef/UndrlygFICdtTrf/PrvsInstgAgt1/BrnchId/Nm,Nm,Max140Text,0,1
pacs.004.001.15,/Document/PmtRtr/TxInf/OrgnlTxRef/UndrlygFICdtTrf/PrvsInstgAgt1/BrnchId/PstlAdr,PstlAdr,PostalAddress27,0,1
pacs.004.001.15,/Document/PmtRtr/TxInf/OrgnlTxRef/UndrlygFICdtTrf/PrvsInstgAgt1/BrnchId/PstlAdr/AdrTp,AdrTp,AddressType3Choice,0,1
pacs.004.001.15,/Document/PmtRtr/TxInf/OrgnlTxRef/UndrlygFICdtTrf/PrvsInstgAgt1/BrnchId/PstlAdr/AdrTp/Cd,Cd,AddressType2Code,1,1
pacs.004.001.15,/Document/PmtRtr/TxInf/OrgnlTxRef/UndrlygFICdtTrf/PrvsInstgAgt1/BrnchId/PstlAdr/AdrTp/Prtry,Prtry,GenericIdentification30,1,1
pacs.004.001.15,/Document/PmtRtr/TxInf/OrgnlTxRef/UndrlygFICdtTrf/PrvsInstgAgt1/BrnchId/PstlAdr/AdrTp/Prtry/Id,Id,Exact4AlphaNumericText,1,1
pacs.004.001.15,/Document/PmtRtr/TxInf/OrgnlTxRef/UndrlygFICdtTrf/PrvsInstgAgt1/BrnchId/PstlAdr/AdrTp/Prtry/Issr,Issr,Max35Text,1,1
pacs.004.001.15,/Document/PmtRtr/TxInf/OrgnlTxRef/UndrlygFICdtTrf/PrvsInstgAgt1/BrnchId/PstlAdr/AdrTp/Prtry/SchmeNm,SchmeNm,Max35Text,0,1
pacs.004.001.15,/Document/PmtRtr/TxInf/OrgnlTxRef/UndrlygFICdtTrf/PrvsInstgAgt1/BrnchId/PstlAdr/CareOf,CareOf,Max140Text,0,1
pacs.004.001.15,/Document/PmtRtr/TxInf/OrgnlTxRef/UndrlygFICdtTrf/PrvsInstgAgt1/BrnchId/PstlAdr/Dept,Dept,Max70Text,0,1
pacs.004.001.15,/Document/PmtRtr/TxInf/OrgnlTxRef/UndrlygFICdtTrf/PrvsInstgAgt1/BrnchId/PstlAdr/SubDept,SubDept,Max70Text,0,1
pacs.004.001.15,/Document/PmtRtr/TxInf/OrgnlTxRef/UndrlygFICdtTrf/PrvsInstgAgt1/BrnchId/PstlAdr/StrtNm,StrtNm,Max140Text,0,1
pacs.004.001.15,/Document/PmtRtr/TxInf/OrgnlTxRef/UndrlygFICdtTrf/PrvsInstgAgt1/BrnchId/PstlAdr/BldgNb,BldgNb,Max16Text,0,1
pacs.004.001.15,/Document/PmtRtr/TxInf/OrgnlTxRef/UndrlygFICdtTrf/PrvsInstgAgt1/BrnchId/PstlAdr/BldgNm,BldgNm,Max140Text,0,1
pacs.004.001.15,/Document/PmtRtr/TxInf/OrgnlTxRef/UndrlygFICdtTrf/PrvsInstgAgt1/BrnchId/PstlAdr/Flr,Flr,Max70Text,0,1
pacs.004.001.15,/Document/PmtRtr/TxInf/OrgnlTxRef/UndrlygFICdtTrf/PrvsInstgAgt1/BrnchId/PstlAdr/UnitNb,UnitNb,Max16Text,0,1
pacs.004.001.15,/Document/PmtRtr/TxInf/OrgnlTxRef/UndrlygFICdtTrf/PrvsInstgAgt1/BrnchId/PstlAdr/PstBx,PstBx,Max16Text,0,1
pacs.004.001.15,/Document/PmtRtr/TxInf/OrgnlTxRef/UndrlygFICdtTrf/PrvsInstgAgt1/BrnchId/PstlAdr/Room,Room,Max70Text,0,1
pacs.004.001.15,/Document/PmtRtr/TxInf/OrgnlTxRef/UndrlygFICdtTrf/PrvsInstgAgt1/BrnchId/PstlAdr/PstCd,PstCd,Max16Text,0,1
pacs.004.001.15,/Document/PmtRtr/TxInf/OrgnlTxRef/UndrlygFICdtTrf/PrvsInstgAgt1/BrnchId/PstlAdr/TwnNm,TwnNm,Max140Text,0,1
pacs.004.001.15,/Document/PmtRtr/TxInf/OrgnlTxRef/UndrlygFICdtTrf/PrvsInstgAgt1/BrnchId/PstlAdr/TwnLctnNm,TwnLctnNm,Max140Text,0,1
pacs.004.001.15,/Document/PmtRtr/TxInf/OrgnlTxRef/UndrlygFICdtTrf/PrvsInstgAgt1/BrnchId/PstlAdr/DstrctNm,DstrctNm,Max140Text,0,1
pacs.004.001.15,/Document/PmtRtr/TxInf/OrgnlTxRef/UndrlygFICdtTrf/PrvsInstgAgt1/BrnchId/PstlAdr/CtrySubDvsn,CtrySubDvsn,Max35Text,0,1
pacs.004.001.15,/Document/PmtRtr/TxInf/OrgnlTxRef/UndrlygFICdtTrf/PrvsInstgAgt1/BrnchId/PstlAdr/Ctry,Ctry,CountryCode,0,1
pacs.004.001.15,/Document/PmtRtr/TxInf/OrgnlTxRef/UndrlygFICdtTrf/PrvsInstgAgt1/BrnchId/PstlAdr/AdrLine,AdrLine,Max70Text,0,7
pacs.004.001.15,/Document/PmtRtr/TxInf/OrgnlTxRef/UndrlygFICdtTrf/PrvsInstgAgt1Acct,PrvsInstgAgt1Acct,CashAccount40,0,1
pacs.004.001.15,/Document/PmtRtr/TxInf/OrgnlTxRef/UndrlygFICdtTrf/PrvsInstgAgt1Acct/Id,Id,AccountIdentification4Choice,0,1
pacs.004.001.15,/Document/PmtRtr/TxInf/OrgnlTxRef/UndrlygFICdtTrf/PrvsInstgAgt1Acct/Id/IBAN,IBAN,IBAN2007Identifier,1,1
pacs.004.001.15,/Document/PmtRtr/TxInf/OrgnlTxRef/UndrlygFICdtTrf/PrvsInstgAgt1Acct/Id/Othr,Othr,GenericAccountIdentification1,1,1
pacs.004.001.15,/Document/PmtRtr/TxInf/OrgnlTxRef/UndrlygFICdtTrf/PrvsInstgAgt1Acct/Id/Othr/Id,Id,Max34Text,1,1
pacs.004.001.15,/Document/PmtRtr/TxInf/OrgnlTxRef/UndrlygFICdtTrf/PrvsInstgAgt1Acct/Id/Othr/SchmeNm,SchmeNm,AccountSchemeName1Choice,0,1
pacs.004.001.15,/Document/PmtRtr/TxInf/OrgnlTxRef/UndrlygFICdtTrf/PrvsInstgAgt1Acct/Id/Othr/SchmeNm/Cd,Cd,ExternalAccountIdentification1Code,1,1
pacs.004.001.15,/Document/PmtRtr/TxInf/OrgnlTxRef/UndrlygFICdtTrf/PrvsInstgAgt1Acct/Id/Othr/SchmeNm/Prtry,Prtry,Max35Text,1,1
pacs.004.001.15,/Document/PmtRtr/TxInf/OrgnlTxRef/UndrlygFICdtTrf/PrvsInstgAgt1Acct/Id/Othr/Issr,Issr,Max35Text,0,1
pacs.004.001.15,/Document/PmtRtr/TxInf/OrgnlTxRef/UndrlygFICdtTrf/PrvsInstgAgt1Acct/Tp,Tp,CashAccountType2Choice,0,1
pacs.004.001.15,/Document/PmtRtr/TxInf/OrgnlTxRef/UndrlygFICdtTrf/PrvsInstgAgt1Acct/Tp/Cd,Cd,ExternalCashAccountType1Code,1,1
pacs.004.001.15,/Document/PmtRtr/TxInf/OrgnlTxRef/UndrlygFICdtTrf/PrvsInstgAgt1Acct/Tp/Prtry,Prtry,Max35Text,1,1
pacs.004.001.15,/Document/PmtRtr/TxInf/OrgnlTxRef/UndrlygFICdtTrf/PrvsInstgAgt1Acct/Ccy,Ccy,ActiveOrHistoricCurrencyCode,0,1
pacs.004.001.15,/Document/PmtRtr/TxInf/OrgnlTxRef/UndrlygFICdtTrf/PrvsInstgAgt1Acct/Nm,Nm,Max70Text,0,1
pacs.004.001.15,/Document/PmtRtr/TxInf/OrgnlTxRef/UndrlygFICdtTrf/PrvsInstgAgt1Acct/Prxy,Prxy,ProxyAccountIdentification1,0,1
pacs.004.001.15,/Document/PmtRtr/TxInf/OrgnlTxRef/UndrlygFICdtTrf/PrvsInstgAgt1Acct/Prxy/Tp,Tp,ProxyAccountType1Choice,0,1
pacs.004.001.15,/Document/PmtRtr/TxInf/OrgnlTxRef/UndrlygFICdtTrf/PrvsInstgAgt1Acct/Prxy/Tp/Cd,Cd,ExternalProxyAccountType1Code,1,1
pacs.004.001.15,/Document/PmtRtr/TxInf/OrgnlTxRef/UndrlygFICdtTrf/PrvsInstgAgt1Acct/Prxy/Tp/Prtry,Prtry,Max35Text,1,1
pacs.004.001.15,/Document/PmtRtr/TxInf/OrgnlTxRef/UndrlygFICdtTrf/PrvsInstgAgt1Acct/Prxy/Id,Id,Max2048Text,1,1
pacs.004.001.15,/Document/PmtRtr/TxInf/OrgnlTxRef/UndrlygFICdtTrf/PrvsInstgAgt2,PrvsInstgAgt2,BranchAndFinancialInstitutionIdentification8,0,1
pacs.004.001.15,/Document/PmtRtr/TxInf/OrgnlTxRef/UndrlygFICdtTrf/PrvsInstgAgt2/FinInstnId,FinInstnId,FinancialInstitutionIdentification23,1,1
pacs.004.001.15,/Document/PmtRtr/TxInf/OrgnlTxRef/UndrlygFICdtTrf/PrvsInstgAgt2/FinInstnId/BICFI,BICFI,BICFIDec2014Identifier,0,1
pacs.004.001.15,/Document/PmtRtr/TxInf/OrgnlTxRef/UndrlygFICdtTrf/PrvsInstgAgt2/FinInstnId/ClrSysMmbId,ClrSysMmbId,ClearingSystemMemberIdentification2,0,1
pacs.004.001.15,/Document/PmtRtr/TxInf/OrgnlTxRef/UndrlygFICdtTrf/PrvsInstgAgt2/FinInstnId/ClrSysMmbId/ClrSysId,ClrSysId,ClearingSystemIdentification2Choice,0,1
pacs.004.001.15,/Document/PmtRtr/TxInf/OrgnlTxRef/UndrlygFICdtTrf/PrvsInstgAgt2/FinInstnId/ClrSysMmbId/ClrSysId/Cd,Cd,ExternalClearingSystemIdentification1Code,1,1
pacs.004.001.15,/Document/PmtRtr/TxInf/OrgnlTxRef/UndrlygFICdtTrf/PrvsInstgAgt2/FinInstnId/ClrSysMmbId/ClrSysId/Prtry,Prtry,Max35Text,1,1
pacs.004.001.15,/Document/PmtRtr/TxInf/OrgnlTxRef/UndrlygFICdtTrf/PrvsInstgAgt2/FinInstnId/ClrSysMmbId/MmbId,MmbId,Max35Text,1,1
pacs.004.001.15,/Document/PmtRtr/TxInf/OrgnlTxRef/UndrlygFICdtTrf/PrvsInstgAgt2/FinInstnId/LEI,LEI,LEIIdentifier,0,1
pacs.004.001.15,/Document/PmtRtr/TxInf/OrgnlTxRef/UndrlygFICdtTrf/PrvsInstgAgt2/FinInstnId/Nm,Nm,Max140Text,0,1
pacs.004.001.15,/Document/PmtRtr/TxInf/OrgnlTxRef/UndrlygFICdtTrf/PrvsInstgAgt2/FinInstnId/PstlAdr,PstlAdr,PostalAddress27,0,1
pacs.004.001.15,/Document/PmtRtr/TxInf/OrgnlTxRef/UndrlygFICdtTrf/PrvsInstgAgt2/FinInstnId/PstlAdr/AdrTp,AdrTp,AddressType3Choice,0,1
pacs.004.001.15,/Document/PmtRtr/TxInf/OrgnlTxRef/UndrlygFICdtTrf/PrvsInstgAgt2/FinInstnId/PstlAdr/AdrTp/Cd,Cd,AddressType2Code,1,1
pacs.004.001.15,/Document/PmtRtr/TxInf/OrgnlTxRef/UndrlygFICdtTrf/PrvsInstgAgt2/FinInstnId/PstlAdr/AdrTp/Prtry,Prtry,GenericIdentification30,1,1
pacs.004.001.15,/Document/PmtRtr/TxInf/OrgnlTxRef/UndrlygFICdtTrf/PrvsInstgAgt2/FinInstnId/PstlAdr/AdrTp/Prtry/Id,Id,Exact4AlphaNumericText,1,1
pacs.004.001.15,/Document/PmtRtr/TxInf/OrgnlTxRef/UndrlygFICdtTrf/PrvsInstgAgt2/FinInstnId/PstlAdr/AdrTp/Prtry/Issr,Issr,Max35Text,1,1
pacs.004.001.15,/Document/PmtRtr/TxInf/OrgnlTxRef/UndrlygFICdtTrf/PrvsInstgAgt2/FinInstnId/PstlAdr/AdrTp/Prtry/SchmeNm,SchmeNm,Max35Text,0,1
pacs.004.001.15,/Document/PmtRtr/TxInf/OrgnlTxRef/UndrlygFICdtTrf/PrvsInstgAgt2/FinInstnId/PstlAdr/CareOf,CareOf,Max140Text,0,1
pacs.004.001.15,/Document/PmtRtr/TxInf/OrgnlTxRef/UndrlygFICdtTrf/PrvsInstgAgt2/FinInstnId/PstlAdr/Dept,Dept,Max70Text,0,1
pacs.004.001.15,/Document/PmtRtr/TxInf/OrgnlTxRef/UndrlygFICdtTrf/PrvsInstgAgt2/FinInstnId/PstlAdr/SubDept,SubDept,Max70Text,0,1
pacs.004.001.15,/Document/PmtRtr/TxInf/OrgnlTxRef/UndrlygFICdtTrf/PrvsInstgAgt2/FinInstnId/PstlAdr/StrtNm,StrtNm,Max140Text,0,1
pacs.004.001.15,/Document/PmtRtr/TxInf/OrgnlTxRef/UndrlygFICdtTrf/PrvsInstgAgt2/FinInstnId/PstlAdr/BldgNb,BldgNb,Max16Text,0,1
pacs.004.001.15,/Document/PmtRtr/TxInf/OrgnlTxRef/UndrlygFICdtTrf/PrvsInstgAgt2/FinInstnId/PstlAdr/BldgNm,BldgNm,Max140Text,0,1
pacs.004.001.15,/Document/PmtRtr/TxInf/OrgnlTxRef/UndrlygFICdtTrf/PrvsInstgAgt2/FinInstnId/PstlAdr/Flr,Flr,Max70Text,0,1
pacs.004.001.15,/Document/PmtRtr/TxInf/OrgnlTxRef/UndrlygFICdtTrf/PrvsInstgAgt2/FinInstnId/PstlAdr/UnitNb,UnitNb,Max16Text,0,1
pacs.004.001.15,/Document/PmtRtr/TxInf/OrgnlTxRef/UndrlygFICdtTrf/PrvsInstgAgt2/FinInstnId/PstlAdr/PstBx,PstBx,Max16Text,0,1
pacs.004.001.15,/Document/PmtRtr/TxInf/OrgnlTxRef/UndrlygFICdtTrf/PrvsInstgAgt2/FinInstnId/PstlAdr/Room,Room,Max70Text,0,1
pacs.004.001.15,/Document/PmtRtr/TxInf/OrgnlTxRef/UndrlygFICdtTrf/PrvsInstgAgt2/FinInstnId/PstlAdr/PstCd,PstCd,Max16Text,0,1
pacs.004.001.15,/Document/PmtRtr/TxInf/OrgnlTxRef/UndrlygFICdtTrf/PrvsInstgAgt2/FinInstnId/PstlAdr/TwnNm,TwnNm,Max140Text,0,1
pacs.004.001.15,/Document/PmtRtr/TxInf/OrgnlTxRef/UndrlygFICdtTrf/PrvsInstgAgt2/FinInstnId/PstlAdr/TwnLctnNm,TwnLctnNm,Max140Text,0,1
pacs.004.001.15,/Document/PmtRtr/TxInf/OrgnlTxRef/UndrlygFICdtTrf/PrvsInstgAgt2/FinInstnId/PstlAdr/DstrctNm,DstrctNm,Max140Text,0,1
pacs.004.001.15,/Document/PmtRtr/TxInf/OrgnlTxRef/UndrlygFICdtTrf/PrvsInstgAgt2/FinInstnId/PstlAdr/CtrySubDvsn,CtrySubDvsn,Max35Text,0,1
pacs.004.001.15,/Document/PmtRtr/TxInf/OrgnlTxRef/UndrlygFICdtTrf/PrvsInstgAgt2/FinInstnId/PstlAdr/Ctry,Ctry,CountryCode,0,1
pacs.004.001.15,/Document/PmtRtr/TxInf/OrgnlTxRef/UndrlygFICdtTrf/PrvsInstgAgt2/FinInstnId/PstlAdr/AdrLine,AdrLine,Max70Text,0,7
pacs.004.001.15,/Document/PmtRtr/TxInf/OrgnlTxRef/UndrlygFICdtTrf/PrvsInstgAgt2/FinInstnId/Othr,Othr,GenericFinancialIdentification1,0,1
pacs.004.001.15,/Document/PmtRtr/TxInf/OrgnlTxRef/UndrlygFICdtTrf/PrvsInstgAgt2/FinInstnId/Othr/Id,Id,Max35Text,1,1
pacs.004.001.15,/Document/PmtRtr/TxInf/OrgnlTxRef/UndrlygFICdtTrf/PrvsInstgAgt2/FinInstnId/Othr/SchmeNm,SchmeNm,FinancialIdentificationSchemeName1Choice,0,1
pacs.004.001.15,/Document/PmtRtr/TxInf/OrgnlTxRef/UndrlygFICdtTrf/PrvsInstgAgt2/FinInstnId/Othr/SchmeNm/Cd,Cd,ExternalFinancialInstitutionIdentification1Code,1,1
pacs.004.001.15,/Document/PmtRtr/TxInf/OrgnlTxRef/UndrlygFICdtTrf/PrvsInstgAgt2/FinInstnId/Othr/SchmeNm/Prtry,Prtry,Max35Text,1,1
pacs.004.001.15,/Document/PmtRtr/TxInf/OrgnlTxRef/UndrlygFICdtTrf/PrvsInstgAgt2/FinInstnId/Othr/Issr,Issr,Max35Text,0,1
pacs.004.001.15,/Document/PmtRtr/TxInf/OrgnlTxRef/UndrlygFICdtTrf/PrvsInstgAgt2/BrnchId,BrnchId,BranchData5,0,1
pacs.004.001.15,/Document/PmtRtr/TxInf/OrgnlTxRef/UndrlygFICdtTrf/PrvsInstgAgt2/BrnchId/Id,Id,Max35Text,0,1
pacs.004.001.15,/Document/PmtRtr/TxInf/OrgnlTxRef/UndrlygFICdtTrf/PrvsInstgAgt2/BrnchId/LEI,LEI,LEIIdentifier,0,1
pacs.004.001.15,/Document/PmtRtr/TxInf/OrgnlTxRef/UndrlygFICdtTrf/PrvsInstgAgt2/BrnchId/Nm,Nm,Max140Text,0,1
pacs.004.001.15,/Document/PmtRtr/TxInf/OrgnlTxRef/UndrlygFICdtTrf/PrvsInstgAgt2/BrnchId/PstlAdr,PstlAdr,PostalAddress27,0,1
pacs.004.001.15,/Document/PmtRtr/TxInf/OrgnlTxRef/UndrlygFICdtTrf/PrvsInstgAgt2/BrnchId/PstlAdr/AdrTp,AdrTp,AddressType3Choice,0,1
pacs.004.001.15,/Document/PmtRtr/TxInf/OrgnlTxRef/UndrlygFICdtTrf/PrvsInstgAgt2/BrnchId/PstlAdr/AdrTp/Cd,Cd,AddressType2Code,1,1
pacs.004.001.15,/Document/PmtRtr/TxInf/OrgnlTxRef/UndrlygFICdtTrf/PrvsInstgAgt2/BrnchId/PstlAdr/AdrTp/Prtry,Prtry,GenericIdentification30,1,1
pacs.004.001.15,/Document/PmtRtr/TxInf/OrgnlTxRef/UndrlygFICdtTrf/PrvsInstgAgt2/BrnchId/PstlAdr/AdrTp/Prtry/Id,Id,Exact4AlphaNumericText,1,1
pacs.004.001.15,/Document/PmtRtr/TxInf/OrgnlTxRef/UndrlygFICdtTrf/PrvsInstgAgt2/BrnchId/PstlAdr/AdrTp/Prtry/Issr,Issr,Max35Text,1,1
pacs.004.001.15,/Document/PmtRtr/TxInf/OrgnlTxRef/UndrlygFICdtTrf/PrvsInstgAgt2/BrnchId/PstlAdr/AdrTp/Prtry/SchmeNm,SchmeNm,Max35Text,0,1
pacs.004.001.15,/Document/PmtRtr/TxInf/OrgnlTxRef/UndrlygFICdtTrf/PrvsInstgAgt2/BrnchId/PstlAdr/CareOf,CareOf,Max140Text,0,1
pacs.004.001.15,/Document/PmtRtr/TxInf/OrgnlTxRef/UndrlygFICdtTrf/PrvsInstgAgt2/BrnchId/PstlAdr/Dept,Dept,Max70Text,0,1
pacs.004.001.15,/Document/PmtRtr/TxInf/OrgnlTxRef/UndrlygFICdtTrf/PrvsInstgAgt2/BrnchId/PstlAdr/SubDept,SubDept,Max70Text,0,1
pacs.004.001.15,/Document/PmtRtr/TxInf/OrgnlTxRef/UndrlygFICdtTrf/PrvsInstgAgt2/BrnchId/PstlAdr/StrtNm,StrtNm,Max140Text,0,1
pacs.004.001.15,/Document/PmtRtr/TxInf/OrgnlTxRef/UndrlygFICdtTrf/PrvsInstgAgt2/BrnchId/PstlAdr/BldgNb,BldgNb,Max16Text,0,1
pacs.004.001.15,/Document/PmtRtr/TxInf/OrgnlTxRef/UndrlygFICdtTrf/PrvsInstgAgt2/BrnchId/PstlAdr/BldgNm,BldgNm,Max140Text,0,1
pacs.004.001.15,/Document/PmtRtr/TxInf/OrgnlTxRef/UndrlygFICdtTrf/PrvsInstgAgt2/BrnchId/PstlAdr/Flr,Flr,Max70Text,0,1
pacs.004.001.15,/Document/PmtRtr/TxInf/OrgnlTxRef/UndrlygFICdtTrf/PrvsInstgAgt2/BrnchId/PstlAdr/UnitNb,UnitNb,Max16Text,0,1
pacs.004.001.15,/Document/PmtRtr/TxInf/OrgnlTxRef/UndrlygFICdtTrf/PrvsInstgAgt2/BrnchId/PstlAdr/PstBx,PstBx,Max16Text,0,1
pacs.004.001.15,/Document/PmtRtr/TxInf/OrgnlTxRef/UndrlygFICdtTrf/PrvsInstgAgt2/BrnchId/PstlAdr/Room,Room,Max70Text,0,1
pacs.004.001.15,/Document/PmtRtr/TxInf/OrgnlTxRef/UndrlygFICdtTrf/PrvsInstgAgt2/BrnchId/PstlAdr/PstCd,PstCd,Max16Text,0,1
pacs.004.001.15,/Document/PmtRtr/TxInf/OrgnlTxRef/UndrlygFICdtTrf/PrvsInstgAgt2/BrnchId/PstlAdr/TwnNm,TwnNm,Max140Text,0,1
pacs.004.001.15,/Document/PmtRtr/TxInf/OrgnlTxRef/UndrlygFICdtTrf/PrvsInstgAgt2/BrnchId/PstlAdr/TwnLctnNm,TwnLctnNm,Max140Text,0,1
pacs.004.001.15,/Document/PmtRtr/TxInf/OrgnlTxRef/UndrlygFICdtTrf/PrvsInstgAgt2/BrnchId/PstlAdr/DstrctNm,DstrctNm,Max140Text,0,1
pacs.004.001.15,/Document/PmtRtr/TxInf/OrgnlTxRef/UndrlygFICdtTrf/PrvsInstgAgt2/BrnchId/PstlAdr/CtrySubDvsn,CtrySubDvsn,Max35Text,0,1
pacs.004.001.15,/Document/PmtRtr/TxInf/OrgnlTxRef/UndrlygFICdtTrf/PrvsInstgAgt2/BrnchId/PstlAdr/Ctry,Ctry,CountryCode,0,1
pacs.004.001.15,/Document/PmtRtr/TxInf/OrgnlTxRef/UndrlygFICdtTrf/PrvsInstgAgt2/BrnchId/PstlAdr/AdrLine,AdrLine,Max70Text,0,7
pacs.004.001.15,/Document/PmtRtr/TxInf/OrgnlTxRef/UndrlygFICdtTrf/PrvsInstgAgt2Acct,PrvsInstgAgt2Acct,CashAccount40,0,1
pacs.004.001.15,/Document/PmtRtr/TxInf/OrgnlTxRef/UndrlygFICdtTrf/PrvsInstgAgt2Acct/Id,Id,AccountIdentification4Choice,0,1
pacs.004.001.15,/Document/PmtRtr/TxInf/OrgnlTxRef/UndrlygFICdtTrf/PrvsInstgAgt2Acct/Id/IBAN,IBAN,IBAN2007Identifier,1,1
pacs.004.001.15,/Document/PmtRtr/TxInf/OrgnlTxRef/UndrlygFICdtTrf/PrvsInstgAgt2Acct/Id/Othr,Othr,GenericAccountIdentification1,1,1
pacs.004.001.15,/Document/PmtRtr/TxInf/OrgnlTxRef/UndrlygFICdtTrf/PrvsInstgAgt2Acct/Id/Othr/Id,Id,Max34Text,1,1
pacs.004.001.15,/Document/PmtRtr/TxInf/OrgnlTxRef/UndrlygFICdtTrf/PrvsInstgAgt2Acct/Id/Othr/SchmeNm,SchmeNm,AccountSchemeName1Choice,0,1
pacs.004.001.15,/Document/PmtRtr/TxInf/OrgnlTxRef/UndrlygFICdtTrf/PrvsInstgAgt2Acct/Id/Othr/SchmeNm/Cd,Cd,ExternalAccountIdentification1Code,1,1
pacs.004.001.15,/Document/PmtRtr/TxInf/OrgnlTxRef/UndrlygFICdtTrf/PrvsInstgAgt2Acct/Id/Othr/SchmeNm/Prtry,Prtry,Max35Text,1,1
pacs.004.001.15,/Document/PmtRtr/TxInf/OrgnlTxRef/UndrlygFICdtTrf/PrvsInstgAgt2Acct/Id/Othr/Issr,Issr,Max35Text,0,1
pacs.004.001.15,/Document/PmtRtr/TxInf/OrgnlTxRef/UndrlygFICdtTrf/PrvsInstgAgt2Acct/Tp,Tp,CashAccountType2Choice,0,1
pacs.004.001.15,/Document/PmtRtr/TxInf/OrgnlTxRef/UndrlygFICdtTrf/PrvsInstgAgt2Acct/Tp/Cd,Cd,ExternalCashAccountType1Code,1,1
pacs.004.001.15,/Document/PmtRtr/TxInf/OrgnlTxRef/UndrlygFICdtTrf/PrvsInstgAgt2Acct/Tp/Prtry,Prtry,Max35Text,1,1
pacs.004.001.15,/Document/PmtRtr/TxInf/OrgnlTxRef/UndrlygFICdtTrf/PrvsInstgAgt2Acct/Ccy,Ccy,ActiveOrHistoricCurrencyCode,0,1
pacs.004.001.15,/Document/PmtRtr/TxInf/OrgnlTxRef/UndrlygFICdtTrf/PrvsInstgAgt2Acct/Nm,Nm,Max70Text,0,1
pacs.004.001.15,/Document/PmtRtr/TxInf/OrgnlTxRef/UndrlygFICdtTrf/PrvsInstgAgt2Acct/Prxy,Prxy,ProxyAccountIdentification1,0,1
pacs.004.001.15,/Document/PmtRtr/TxInf/OrgnlTxRef/UndrlygFICdtTrf/PrvsInstgAgt2Acct/Prxy/Tp,Tp,ProxyAccountType1Choice,0,1
pacs.004.001.15,/Document/PmtRtr/TxInf/OrgnlTxRef/UndrlygFICdtTrf/PrvsInstgAgt2Acct/Prxy/Tp/Cd,Cd,ExternalProxyAccountType1Code,1,1
pacs.004.001.15,/Document/PmtRtr/TxInf/OrgnlTxRef/UndrlygFICdtTrf/PrvsInstgAgt2Acct/Prxy/Tp/Prtry,Prtry,Max35Text,1,1
pacs.004.001.15,/Document/PmtRtr/TxInf/OrgnlTxRef/UndrlygFICdtTrf/PrvsInstgAgt2Acct/Prxy/Id,Id,Max2048Text,1,1
pacs.004.001.15,/Document/PmtRtr/TxInf/OrgnlTxRef/UndrlygFICdtTrf/PrvsInstgAgt3,PrvsInstgAgt3,BranchAndFinancialInstitutionIdentification8,0,1
pacs.004.001.15,/Document/PmtRtr/TxInf/OrgnlTxRef/UndrlygFICdtTrf/PrvsInstgAgt3/FinInstnId,FinInstnId,FinancialInstitutionIdentification23,1,1
pacs.004.001.15,/Document/PmtRtr/TxInf/OrgnlTxRef/UndrlygFICdtTrf/PrvsInstgAgt3/FinInstnId/BICFI,BICFI,BICFIDec2014Identifier,0,1
pacs.004.001.15,/Document/PmtRtr/TxInf/OrgnlTxRef/UndrlygFICdtTrf/PrvsInstgAgt3/FinInstnId/ClrSysMmbId,ClrSysMmbId,ClearingSystemMemberIdentification2,0,1
pacs.004.001.15,/Document/PmtRtr/TxInf/OrgnlTxRef/UndrlygFICdtTrf/PrvsInstgAgt3/FinInstnId/ClrSysMmbId/ClrSysId,ClrSysId,ClearingSystemIdentification2Choice,0,1
pacs.004.001.15,/Document/PmtRtr/TxInf/OrgnlTxRef/UndrlygFICdtTrf/PrvsInstgAgt3/FinInstnId/ClrSysMmbId/ClrSysId/Cd,Cd,ExternalClearingSystemIdentification1Code,1,1
pacs.004.001.15,/Document/PmtRtr/TxInf/OrgnlTxRef/UndrlygFICdtTrf/PrvsInstgAgt3/FinInstnId/ClrSysMmbId/ClrSysId/Prtry,Prtry,Max35Text,1,1
pacs.004.001.15,/Document/PmtRtr/TxInf/OrgnlTxRef/UndrlygFICdtTrf/PrvsInstgAgt3/FinInstnId/ClrSysMmbId/MmbId,MmbId,Max35Text,1,1
pacs.004.001.15,/Document/PmtRtr/TxInf/OrgnlTxRef/UndrlygFICdtTrf/PrvsInstgAgt3/FinInstnId/LEI,LEI,LEIIdentifier,0,1
pacs.004.001.15,/Document/PmtRtr/TxInf/OrgnlTxRef/UndrlygFICdtTrf/PrvsInstgAgt3/FinInstnId/Nm,Nm,Max140Text,0,1
pacs.004.001.15,/Document/PmtRtr/TxInf/OrgnlTxRef/UndrlygFICdtTrf/PrvsInstgAgt3/FinInstnId/PstlAdr,PstlAdr,PostalAddress27,0,1
pacs.004.001.15,/Document/PmtRtr/TxInf/OrgnlTxRef/UndrlygFICdtTrf/PrvsInstgAgt3/FinInstnId/PstlAdr/AdrTp,AdrTp,AddressType3Choice,0,1
pacs.004.001.15,/Document/PmtRtr/TxInf/OrgnlTxRef/UndrlygFICdtTrf/PrvsInstgAgt3/FinInstnId/PstlAdr/AdrTp/Cd,Cd,AddressType2Code,1,1
pacs.004.001.15,/Document/PmtRtr/TxInf/OrgnlTxRef/UndrlygFICdtTrf/PrvsInstgAgt3/FinInstnId/PstlAdr/AdrTp/Prtry,Prtry,GenericIdentification30,1,1
pacs.004.001.15,/Document/PmtRtr/TxInf/OrgnlTxRef/UndrlygFICdtTrf/PrvsInstgAgt3/FinInstnId/PstlAdr/AdrTp/Prtry/Id,Id,Exact4AlphaNumericText,1,1
pacs.004.001.15,/Document/PmtRtr/TxInf/OrgnlTxRef/UndrlygFICdtTrf/PrvsInstgAgt3/FinInstnId/PstlAdr/AdrTp/Prtry/Issr,Issr,Max35Text,1,1
pacs.004.001.15,/Document/PmtRtr/TxInf/OrgnlTxRef/UndrlygFICdtTrf/PrvsInstgAgt3/FinInstnId/PstlAdr/AdrTp/Prtry/SchmeNm,SchmeNm,Max35Text,0,1
pacs.004.001.15,/Document/PmtRtr/TxInf/OrgnlTxRef/UndrlygFICdtTrf/PrvsInstgAgt3/FinInstnId/PstlAdr/CareOf,CareOf,Max140Text,0,1
pacs.004.001.15,/Document/PmtRtr/TxInf/OrgnlTxRef/UndrlygFICdtTrf/PrvsInstgAgt3/FinInstnId/PstlAdr/Dept,Dept,Max70Text,0,1
pacs.004.001.15,/Document/PmtRtr/TxInf/OrgnlTxRef/UndrlygFICdtTrf/PrvsInstgAgt3/FinInstnId/PstlAdr/SubDept,SubDept,Max70Text,0,1
pacs.004.001.15,/Document/PmtRtr/TxInf/OrgnlTxRef/UndrlygFICdtTrf/PrvsInstgAgt3/FinInstnId/PstlAdr/StrtNm,StrtNm,Max140Text,0,1
pacs.004.001.15,/Document/PmtRtr/TxInf/OrgnlTxRef/UndrlygFICdtTrf/PrvsInstgAgt3/FinInstnId/PstlAdr/BldgNb,BldgNb,Max16Text,0,1
pacs.004.001.15,/Document/PmtRtr/TxInf/OrgnlTxRef/UndrlygFICdtTrf/PrvsInstgAgt3/FinInstnId/PstlAdr/BldgNm,BldgNm,Max140Text,0,1
pacs.004.001.15,/Document/PmtRtr/TxInf/OrgnlTxRef/UndrlygFICdtTrf/PrvsInstgAgt3/FinInstnId/PstlAdr/Flr,Flr,Max70Text,0,1
pacs.004.001.15,/Document/PmtRtr/TxInf/OrgnlTxRef/UndrlygFICdtTrf/PrvsInstgAgt3/FinInstnId/PstlAdr/UnitNb,UnitNb,Max16Text,0,1
pacs.004.001.15,/Document/PmtRtr/TxInf/OrgnlTxRef/UndrlygFICdtTrf/PrvsInstgAgt3/FinInstnId/PstlAdr/PstBx,PstBx,Max16Text,0,1
pacs.004.001.15,/Document/PmtRtr/TxInf/OrgnlTxRef/UndrlygFICdtTrf/PrvsInstgAgt3/FinInstnId/PstlAdr/Room,Room,Max70Text,0,1
pacs.004.001.15,/Document/PmtRtr/TxInf/OrgnlTxRef/UndrlygFICdtTrf/PrvsInstgAgt3/FinInstnId/PstlAdr/PstCd,PstCd,Max16Text,0,1
pacs.004.001.15,/Document/PmtRtr/TxInf/OrgnlTxRef/UndrlygFICdtTrf/PrvsInstgAgt3/FinInstnId/PstlAdr/TwnNm,TwnNm,Max140Text,0,1
pacs.004.001.15,/Document/PmtRtr/TxInf/OrgnlTxRef/UndrlygFICdtTrf/PrvsInstgAgt3/FinInstnId/PstlAdr/TwnLctnNm,TwnLctnNm,Max140Text,0,1
pacs.004.001.15,/Document/PmtRtr/TxInf/OrgnlTxRef/UndrlygFICdtTrf/PrvsInstgAgt3/FinInstnId/PstlAdr/DstrctNm,DstrctNm,Max140Text,0,1
pacs.004.001.15,/Document/PmtRtr/TxInf/OrgnlTxRef/UndrlygFICdtTrf/PrvsInstgAgt3/FinInstnId/PstlAdr/CtrySubDvsn,CtrySubDvsn,Max35Text,0,1
pacs.004.001.15,/Document/PmtRtr/TxInf/OrgnlTxRef/UndrlygFICdtTrf/PrvsInstgAgt3/FinInstnId/PstlAdr/Ctry,Ctry,CountryCode,0,1
pacs.004.001.15,/Document/PmtRtr/TxInf/OrgnlTxRef/UndrlygFICdtTrf/PrvsInstgAgt3/FinInstnId/PstlAdr/AdrLine,AdrLine,Max70Text,0,7
pacs.004.001.15,/Document/PmtRtr/TxInf/OrgnlTxRef/UndrlygFICdtTrf/PrvsInstgAgt3/FinInstnId/Othr,Othr,GenericFinancialIdentification1,0,1
pacs.004.001.15,/Document/PmtRtr/TxInf/OrgnlTxRef/UndrlygFICdtTrf/PrvsInstgAgt3/FinInstnId/Othr/Id,Id,Max35Text,1,1
pacs.004.001.15,/Document/PmtRtr/TxInf/OrgnlTxRef/UndrlygFICdtTrf/PrvsInstgAgt3/FinInstnId/Othr/SchmeNm,SchmeNm,FinancialIdentificationSchemeName1Choice,0,1
pacs.004.001.15,/Document/PmtRtr/TxInf/OrgnlTxRef/UndrlygFICdtTrf/PrvsInstgAgt3/FinInstnId/Othr/SchmeNm/Cd,Cd,ExternalFinancialInstitutionIdentification1Code,1,1
pacs.004.001.15,/Document/PmtRtr/TxInf/OrgnlTxRef/UndrlygFICdtTrf/PrvsInstgAgt3/FinInstnId/Othr/SchmeNm/Prtry,Prtry,Max35Text,1,1
pacs.004.001.15,/Document/PmtRtr/TxInf/OrgnlTxRef/UndrlygFICdtTrf/PrvsInstgAgt3/FinInstnId/Othr/Issr,Issr,Max35Text,0,1
pacs.004.001.15,/Document/PmtRtr/TxInf/OrgnlTxRef/UndrlygFICdtTrf/PrvsInstgAgt3/BrnchId,BrnchId,BranchData5,0,1
pacs.004.001.15,/Document/PmtRtr/TxInf/OrgnlTxRef/UndrlygFICdtTrf/PrvsInstgAgt3/BrnchId/Id,Id,Max35Text,0,1
pacs.004.001.15,/Document/PmtRtr/TxInf/OrgnlTxRef/UndrlygFICdtTrf/PrvsInstgAgt3/BrnchId/LEI,LEI,LEIIdentifier,0,1
pacs.004.001.15,/Document/PmtRtr/TxInf/OrgnlTxRef/UndrlygFICdtTrf/PrvsInstgAgt3/BrnchId/Nm,Nm,Max140Text,0,1
pacs.004.001.15,/Document/PmtRtr/TxInf/OrgnlTxRef/UndrlygFICdtTrf/PrvsInstgAgt3/BrnchId/PstlAdr,PstlAdr,PostalAddress27,0,1
pacs.004.001.15,/Document/PmtRtr/TxInf/OrgnlTxRef/UndrlygFICdtTrf/PrvsInstgAgt3/BrnchId/PstlAdr/AdrTp,AdrTp,AddressType3Choice,0,1
pacs.004.001.15,/Document/PmtRtr/TxInf/OrgnlTxRef/UndrlygFICdtTrf/PrvsInstgAgt3/BrnchId/PstlAdr/AdrTp/Cd,Cd,AddressType2Code,1,1
pacs.004.001.15,/Document/PmtRtr/TxInf/OrgnlTxRef/UndrlygFICdtTrf/PrvsInstgAgt3/BrnchId/PstlAdr/AdrTp/Prtry,Prtry,GenericIdentification30,1,1
pacs.004.001.15,/Document/PmtRtr/TxInf/OrgnlTxRef/UndrlygFICdtTrf/PrvsInstgAgt3/BrnchId/PstlAdr/AdrTp/Prtry/Id,Id,Exact4AlphaNumericText,1,1
pacs.004.001.15,/Document/PmtRtr/TxInf/OrgnlTxRef/UndrlygFICdtTrf/PrvsInstgAgt3/BrnchId/PstlAdr/AdrTp/Prtry/Issr,Issr,Max35Text,1,1
pacs.004.001.15,/Document/PmtRtr/TxInf/OrgnlTxRef/UndrlygFICdtTrf/PrvsInstgAgt3/BrnchId/PstlAdr/AdrTp/Prtry/SchmeNm,SchmeNm,Max35Text,0,1
pacs.004.001.15,/Document/PmtRtr/TxInf/OrgnlTxRef/UndrlygFICdtTrf/PrvsInstgAgt3/BrnchId/PstlAdr/CareOf,CareOf,Max140Text,0,1
pacs.004.001.15,/Document/PmtRtr/TxInf/OrgnlTxRef/UndrlygFICdtTrf/PrvsInstgAgt3/BrnchId/PstlAdr/Dept,Dept,Max70Text,0,1
pacs.004.001.15,/Document/PmtRtr/TxInf/OrgnlTxRef/UndrlygFICdtTrf/PrvsInstgAgt3/BrnchId/PstlAdr/SubDept,SubDept,Max70Text,0,1
pacs.004.001.15,/Document/PmtRtr/TxInf/OrgnlTxRef/UndrlygFICdtTrf/PrvsInstgAgt3/BrnchId/PstlAdr/StrtNm,StrtNm,Max140Text,0,1
pacs.004.001.15,/Document/PmtRtr/TxInf/OrgnlTxRef/UndrlygFICdtTrf/PrvsInstgAgt3/BrnchId/PstlAdr/BldgNb,BldgNb,Max16Text,0,1
pacs.004.001.15,/Document/PmtRtr/TxInf/OrgnlTxRef/UndrlygFICdtTrf/PrvsInstgAgt3/BrnchId/PstlAdr/BldgNm,BldgNm,Max140Text,0,1
pacs.004.001.15,/Document/PmtRtr/TxInf/OrgnlTxRef/UndrlygFICdtTrf/PrvsInstgAgt3/BrnchId/PstlAdr/Flr,Flr,Max70Text,0,1
pacs.004.001.15,/Document/PmtRtr/TxInf/OrgnlTxRef/UndrlygFICdtTrf/PrvsInstgAgt3/BrnchId/PstlAdr/UnitNb,UnitNb,Max16Text,0,1
pacs.004.001.15,/Document/PmtRtr/TxInf/OrgnlTxRef/UndrlygFICdtTrf/PrvsInstgAgt3/BrnchId/PstlAdr/PstBx,PstBx,Max16Text,0,1
pacs.004.001.15,/Document/PmtRtr/TxInf/OrgnlTxRef/UndrlygFICdtTrf/PrvsInstgAgt3/BrnchId/PstlAdr/Room,Room,Max70Text,0,1
pacs.004.001.15,/Document/PmtRtr/TxInf/OrgnlTxRef/UndrlygFICdtTrf/PrvsInstgAgt3/BrnchId/PstlAdr/PstCd,PstCd,Max16Text,0,1
pacs.004.001.15,/Document/PmtRtr/TxInf/OrgnlTxRef/UndrlygFICdtTrf/PrvsInstgAgt3/BrnchId/PstlAdr/TwnNm,TwnNm,Max140Text,0,1
pacs.004.001.15,/Document/PmtRtr/TxInf/OrgnlTxRef/UndrlygFICdtTrf/PrvsInstgAgt3/BrnchId/PstlAdr/TwnLctnNm,TwnLctnNm,Max140Text,0,1
pacs.004.001.15,/Document/PmtRtr/TxInf/OrgnlTxRef/UndrlygFICdtTrf/PrvsInstgAgt3/BrnchId/PstlAdr/DstrctNm,DstrctNm,Max140Text,0,1
pacs.004.001.15,/Document/PmtRtr/TxInf/OrgnlTxRef/UndrlygFICdtTrf/PrvsInstgAgt3/BrnchId/PstlAdr/CtrySubDvsn,CtrySubDvsn,Max35Text,0,1
pacs.004.001.15,/Document/PmtRtr/TxInf/OrgnlTxRef/UndrlygFICdtTrf/PrvsInstgAgt3/BrnchId/PstlAdr/Ctry,Ctry,CountryCode,0,1
pacs.004.001.15,/Document/PmtRtr/TxInf/OrgnlTxRef/UndrlygFICdtTrf/PrvsInstgAgt3/BrnchId/PstlAdr/AdrLine,AdrLine,Max70Text,0,7
pacs.004.001.15,/Document/PmtRtr/TxInf/OrgnlTxRef/UndrlygFICdtTrf/PrvsInstgAgt3Acct,PrvsInstgAgt3Acct,CashAccount40,0,1
pacs.004.001.15,/Document/PmtRtr/TxInf/OrgnlTxRef/UndrlygFICdtTrf/PrvsInstgAgt3Acct/Id,Id,AccountIdentification4Choice,0,1
pacs.004.001.15,/Document/PmtRtr/TxInf/OrgnlTxRef/UndrlygFICdtTrf/PrvsInstgAgt3Acct/Id/IBAN,IBAN,IBAN2007Identifier,1,1
pacs.004.001.15,/Document/PmtRtr/TxInf/OrgnlTxRef/UndrlygFICdtTrf/PrvsInstgAgt3Acct/Id/Othr,Othr,GenericAccountIdentification1,1,1
pacs.004.001.15,/Document/PmtRtr/TxInf/OrgnlTxRef/UndrlygFICdtTrf/PrvsInstgAgt3Acct/Id/Othr/Id,Id,Max34Text,1,1
pacs.004.001.15,/Document/PmtRtr/TxInf/OrgnlTxRef/UndrlygFICdtTrf/PrvsInstgAgt3Acct/Id/Othr/SchmeNm,SchmeNm,AccountSchemeName1Choice,0,1
pacs.004.001.15,/Document/PmtRtr/TxInf/OrgnlTxRef/UndrlygFICdtTrf/PrvsInstgAgt3Acct/Id/Othr/SchmeNm/Cd,Cd,ExternalAccountIdentification1Code,1,1
pacs.004.001.15,/Document/PmtRtr/TxInf/OrgnlTxRef/UndrlygFICdtTrf/PrvsInstgAgt3Acct/Id/Othr/SchmeNm/Prtry,Prtry,Max35Text,1,1
pacs.004.001.15,/Document/PmtRtr/TxInf/OrgnlTxRef/UndrlygFICdtTrf/PrvsInstgAgt3Acct/Id/Othr/Issr,Issr,Max35Text,0,1
pacs.004.001.15,/Document/PmtRtr/TxInf/OrgnlTxRef/UndrlygFICdtTrf/PrvsInstgAgt3Acct/Tp,Tp,CashAccountType2Choice,0,1
pacs.004.001.15,/Document/PmtRtr/TxInf/OrgnlTxRef/UndrlygFICdtTrf/PrvsInstgAgt3Acct/Tp/Cd,Cd,ExternalCashAccountType1Code,1,1
pacs.004.001.15,/Document/PmtRtr/TxInf/OrgnlTxRef/UndrlygFICdtTrf/PrvsInstgAgt3Acct/Tp/Prtry,Prtry,Max35Text,1,1
pacs.004.001.15,/Document/PmtRtr/TxInf/OrgnlTxRef/UndrlygFICdtTrf/PrvsInstgAgt3Acct/Ccy,Ccy,ActiveOrHistoricCurrencyCode,0,1
pacs.004.001.15,/Document/PmtRtr/TxInf/OrgnlTxRef/UndrlygFICdtTrf/PrvsInstgAgt3Acct/Nm,Nm,Max70Text,0,1
pacs.004.001.15,/Document/PmtRtr/TxInf/OrgnlTxRef/UndrlygFICdtTrf/PrvsInstgAgt3Acct/Prxy,Prxy,ProxyAccountIdentification1,0,1
pacs.004.001.15,/Document/PmtRtr/TxInf/OrgnlTxRef/UndrlygFICdtTrf/PrvsInstgAgt3Acct/Prxy/Tp,Tp,ProxyAccountType1Choice,0,1
pacs.004.001.15,/Document/PmtRtr/TxInf/OrgnlTxRef/UndrlygFICdtTrf/PrvsInstgAgt3Acct/Prxy/Tp/Cd,Cd,ExternalProxyAccountType1Code,1,1
pacs.004.001.15,/Document/PmtRtr/TxInf/OrgnlTxRef/UndrlygFICdtTrf/PrvsInstgAgt3Acct/Prxy/Tp/Prtry,Prtry,Max35Text,1,1
pacs.004.001.15,/Document/PmtRtr/TxInf/OrgnlTxRef/UndrlygFICdtTrf/PrvsInstgAgt3Acct/Prxy/Id,Id,Max2048Text,1,1
pacs.004.001.15,/Document/PmtRtr/TxInf/OrgnlTxRef/UndrlygFICdtTrf/InstgAgt,InstgAgt,BranchAndFinancialInstitutionIdentification8,0,1
pacs.004.001.15,/Document/PmtRtr/TxInf/OrgnlTxRef/UndrlygFICdtTrf/InstgAgt/FinInstnId,FinInstnId,FinancialInstitutionIdentification23,1,1
pacs.004.001.15,/Document/PmtRtr/TxInf/OrgnlTxRef/UndrlygFICdtTrf/InstgAgt/FinInstnId/BICFI,BICFI,BICFIDec2014Identifier,0,1
pacs.004.001.15,/Document/PmtRtr/TxInf/OrgnlTxRef/UndrlygFICdtTrf/InstgAgt/FinInstnId/ClrSysMmbId,ClrSysMmbId,ClearingSystemMemberIdentification2,0,1
pacs.004.001.15,/Document/PmtRtr/TxInf/OrgnlTxRef/UndrlygFICdtTrf/InstgAgt/FinInstnId/ClrSysMmbId/ClrSysId,ClrSysId,ClearingSystemIdentification2Choice,0,1
pacs.004.001.15,/Document/PmtRtr/TxInf/OrgnlTxRef/UndrlygFICdtTrf/InstgAgt/FinInstnId/ClrSysMmbId/ClrSysId/Cd,Cd,ExternalClearingSystemIdentification1Code,1,1
pacs.004.001.15,/Document/PmtRtr/TxInf/OrgnlTxRef/UndrlygFICdtTrf/InstgAgt/FinInstnId/ClrSysMmbId/ClrSysId/Prtry,Prtry,Max35Text,1,1
pacs.004.001.15,/Document/PmtRtr/TxInf/OrgnlTxRef/UndrlygFICdtTrf/InstgAgt/FinInstnId/ClrSysMmbId/MmbId,MmbId,Max35Text,1,1
pacs.004.001.15,/Document/PmtRtr/TxInf/OrgnlTxRef/UndrlygFICdtTrf/InstgAgt/FinInstnId/LEI,LEI,LEIIdentifier,0,1
pacs.004.001.15,/Document/PmtRtr/TxInf/OrgnlTxRef/UndrlygFICdtTrf/InstgAgt/FinInstnId/Nm,Nm,Max140Text,0,1
pacs.004.001.15,/Document/PmtRtr/TxInf/OrgnlTxRef/UndrlygFICdtTrf/InstgAgt/FinInstnId/PstlAdr,PstlAdr,PostalAddress27,0,1
pacs.004.001.15,/Document/PmtRtr/TxInf/OrgnlTxRef/UndrlygFICdtTrf/InstgAgt/FinInstnId/PstlAdr/AdrTp,AdrTp,AddressType3Choice,0,1
pacs.004.001.15,/Document/PmtRtr/TxInf/OrgnlTxRef/UndrlygFICdtTrf/InstgAgt/FinInstnId/PstlAdr/AdrTp/Cd,Cd,AddressType2Code,1,1
pacs.004.001.15,/Document/PmtRtr/TxInf/OrgnlTxRef/UndrlygFICdtTrf/InstgAgt/FinInstnId/PstlAdr/AdrTp/Prtry,Prtry,GenericIdentification30,1,1
pacs.004.001.15,/Document/PmtRtr/TxInf/OrgnlTxRef/UndrlygFICdtTrf/InstgAgt/FinInstnId/PstlAdr/AdrTp/Prtry/Id,Id,Exact4AlphaNumericText,1,1
pacs.004.001.15,/Document/PmtRtr/TxInf/OrgnlTxRef/UndrlygFICdtTrf/InstgAgt/FinInstnId/PstlAdr/AdrTp/Prtry/Issr,Issr,Max35Text,1,1
pacs.004.001.15,/Document/PmtRtr/TxInf/OrgnlTxRef/UndrlygFICdtTrf/InstgAgt/FinInstnId/PstlAdr/AdrTp/Prtry/SchmeNm,SchmeNm,Max35Text,0,1
pacs.004.001.15,/Document/PmtRtr/TxInf/OrgnlTxRef/UndrlygFICdtTrf/InstgAgt/FinInstnId/PstlAdr/CareOf,CareOf,Max140Text,0,1
pacs.004.001.15,/Document/PmtRtr/TxInf/OrgnlTxRef/UndrlygFICdtTrf/InstgAgt/FinInstnId/PstlAdr/Dept,Dept,Max70Text,0,1
pacs.004.001.15,/Document/PmtRtr/TxInf/OrgnlTxRef/UndrlygFICdtTrf/InstgAgt/FinInstnId/PstlAdr/SubDept,SubDept,Max70Text,0,1
pacs.004.001.15,/Document/PmtRtr/TxInf/OrgnlTxRef/UndrlygFICdtTrf/InstgAgt/FinInstnId/PstlAdr/StrtNm,StrtNm,Max140Text,0,1
pacs.004.001.15,/Document/PmtRtr/TxInf/OrgnlTxRef/UndrlygFICdtTrf/InstgAgt/FinInstnId/PstlAdr/BldgNb,BldgNb,Max16Text,0,1
pacs.004.001.15,/Document/PmtRtr/TxInf/OrgnlTxRef/UndrlygFICdtTrf/InstgAgt/FinInstnId/PstlAdr/BldgNm,BldgNm,Max140Text,0,1
pacs.004.001.15,/Document/PmtRtr/TxInf/OrgnlTxRef/UndrlygFICdtTrf/InstgAgt/FinInstnId/PstlAdr/Flr,Flr,Max70Text,0,1
pacs.004.001.15,/Document/PmtRtr/TxInf/OrgnlTxRef/UndrlygFICdtTrf/InstgAgt/FinInstnId/PstlAdr/UnitNb,UnitNb,Max16Text,0,1
pacs.004.001.15,/Document/PmtRtr/TxInf/OrgnlTxRef/UndrlygFICdtTrf/InstgAgt/FinInstnId/PstlAdr/PstBx,PstBx,Max16Text,0,1
pacs.004.001.15,/Document/PmtRtr/TxInf/OrgnlTxRef/UndrlygFICdtTrf/InstgAgt/FinInstnId/PstlAdr/Room,Room,Max70Text,0,1
pacs.004.001.15,/Document/PmtRtr/TxInf/OrgnlTxRef/UndrlygFICdtTrf/InstgAgt/FinInstnId/PstlAdr/PstCd,PstCd,Max16Text,0,1
pacs.004.001.15,/Document/PmtRtr/TxInf/OrgnlTxRef/UndrlygFICdtTrf/InstgAgt/FinInstnId/PstlAdr/TwnNm,TwnNm,Max140Text,0,1
pacs.004.001.15,/Document/PmtRtr/TxInf/OrgnlTxRef/UndrlygFICdtTrf/InstgAgt/FinInstnId/PstlAdr/TwnLctnNm,TwnLctnNm,Max140Text,0,1
pacs.004.001.15,/Document/PmtRtr/TxInf/OrgnlTxRef/UndrlygFICdtTrf/InstgAgt/FinInstnId/PstlAdr/DstrctNm,DstrctNm,Max140Text,0,1
pacs.004.001.15,/Document/PmtRtr/TxInf/OrgnlTxRef/UndrlygFICdtTrf/InstgAgt/FinInstnId/PstlAdr/CtrySubDvsn,CtrySubDvsn,Max35Text,0,1
pacs.004.001.15,/Document/PmtRtr/TxInf/OrgnlTxRef/UndrlygFICdtTrf/InstgAgt/FinInstnId/PstlAdr/Ctry,Ctry,CountryCode,0,1
pacs.004.001.15,/Document/PmtRtr/TxInf/OrgnlTxRef/UndrlygFICdtTrf/InstgAgt/FinInstnId/PstlAdr/AdrLine,AdrLine,Max70Text,0,7
pacs.004.001.15,/Document/PmtRtr/TxInf/OrgnlTxRef/UndrlygFICdtTrf/InstgAgt/FinInstnId/Othr,Othr,GenericFinancialIdentification1,0,1
pacs.004.001.15,/Document/PmtRtr/TxInf/OrgnlTxRef/UndrlygFICdtTrf/InstgAgt/FinInstnId/Othr/Id,Id,Max35Text,1,1
pacs.004.001.15,/Document/PmtRtr/TxInf/OrgnlTxRef/UndrlygFICdtTrf/InstgAgt/FinInstnId/Othr/SchmeNm,SchmeNm,FinancialIdentificationSchemeName1Choice,0,1
pacs.004.001.15,/Document/PmtRtr/TxInf/OrgnlTxRef/UndrlygFICdtTrf/InstgAgt/FinInstnId/Othr/SchmeNm/Cd,Cd,ExternalFinancialInstitutionIdentification1Code,1,1
pacs.004.001.15,/Document/PmtRtr/TxInf/OrgnlTxRef/UndrlygFICdtTrf/InstgAgt/FinInstnId/Othr/SchmeNm/Prtry,Prtry,Max35Text,1,1
pacs.004.001.15,/Document/PmtRtr/TxInf/OrgnlTxRef/UndrlygFICdtTrf/InstgAgt/FinInstnId/Othr/Issr,Issr,Max35Text,0,1
pacs.004.001.15,/Document/PmtRtr/TxInf/OrgnlTxRef/UndrlygFICdtTrf/InstgAgt/BrnchId,BrnchId,BranchData5,0,1
pacs.004.001.15,/Document/PmtRtr/TxInf/OrgnlTxRef/UndrlygFICdtTrf/InstgAgt/BrnchId/Id,Id,Max35Text,0,1
pacs.004.001.15,/Document/PmtRtr/TxInf/OrgnlTxRef/UndrlygFICdtTrf/InstgAgt/BrnchId/LEI,LEI,LEIIdentifier,0,1
pacs.004.001.15,/Document/PmtRtr/TxInf/OrgnlTxRef/UndrlygFICdtTrf/InstgAgt/BrnchId/Nm,Nm,Max140Text,0,1
pacs.004.001.15,/Document/PmtRtr/TxInf/OrgnlTxRef/UndrlygFICdtTrf/InstgAgt/BrnchId/PstlAdr,PstlAdr,PostalAddress27,0,1
pacs.004.001.15,/Document/PmtRtr/TxInf/OrgnlTxRef/UndrlygFICdtTrf/InstgAgt/BrnchId/PstlAdr/AdrTp,AdrTp,AddressType3Choice,0,1
pacs.004.001.15,/Document/PmtRtr/TxInf/OrgnlTxRef/UndrlygFICdtTrf/InstgAgt/BrnchId/PstlAdr/AdrTp/Cd,Cd,AddressType2Code,1,1
pacs.004.001.15,/Document/PmtRtr/TxInf/OrgnlTxRef/UndrlygFICdtTrf/InstgAgt/BrnchId/PstlAdr/AdrTp/Prtry,Prtry,GenericIdentification30,1,1
pacs.004.001.15,/Document/PmtRtr/TxInf/OrgnlTxRef/UndrlygFICdtTrf/InstgAgt/BrnchId/PstlAdr/AdrTp/Prtry/Id,Id,Exact4AlphaNumericText,1,1
pacs.004.001.15,/Document/PmtRtr/TxInf/OrgnlTxRef/UndrlygFICdtTrf/InstgAgt/BrnchId/PstlAdr/AdrTp/Prtry/Issr,Issr,Max35Text,1,1
pacs.004.001.15,/Document/PmtRtr/TxInf/OrgnlTxRef/UndrlygFICdtTrf/InstgAgt/BrnchId/PstlAdr/AdrTp/Prtry/SchmeNm,SchmeNm,Max35Text,0,1
pacs.004.001.15,/Document/PmtRtr/TxInf/OrgnlTxRef/UndrlygFICdtTrf/InstgAgt/BrnchId/PstlAdr/CareOf,CareOf,Max140Text,0,1
pacs.004.001.15,/Document/PmtRtr/TxInf/OrgnlTxRef/UndrlygFICdtTrf/InstgAgt/BrnchId/PstlAdr/Dept,Dept,Max70Text,0,1
pacs.004.001.15,/Document/PmtRtr/TxInf/OrgnlTxRef/UndrlygFICdtTrf/InstgAgt/BrnchId/PstlAdr/SubDept,SubDept,Max70Text,0,1
pacs.004.001.15,/Document/PmtRtr/TxInf/OrgnlTxRef/UndrlygFICdtTrf/InstgAgt/BrnchId/PstlAdr/StrtNm,StrtNm,Max140Text,0,1
pacs.004.001.15,/Document/PmtRtr/TxInf/OrgnlTxRef/UndrlygFICdtTrf/InstgAgt/BrnchId/PstlAdr/BldgNb,BldgNb,Max16Text,0,1
pacs.004.001.15,/Document/PmtRtr/TxInf/OrgnlTxRef/UndrlygFICdtTrf/InstgAgt/BrnchId/PstlAdr/BldgNm,BldgNm,Max140Text,0,1
pacs.004.001.15,/Document/PmtRtr/TxInf/OrgnlTxRef/UndrlygFICdtTrf/InstgAgt/BrnchId/PstlAdr/Flr,Flr,Max70Text,0,1
pacs.004.001.15,/Document/PmtRtr/TxInf/OrgnlTxRef/UndrlygFICdtTrf/InstgAgt/BrnchId/PstlAdr/UnitNb,UnitNb,Max16Text,0,1
pacs.004.001.15,/Document/PmtRtr/TxInf/OrgnlTxRef/UndrlygFICdtTrf/InstgAgt/BrnchId/PstlAdr/PstBx,PstBx,Max16Text,0,1
pacs.004.001.15,/Document/PmtRtr/TxInf/OrgnlTxRef/UndrlygFICdtTrf/InstgAgt/BrnchId/PstlAdr/Room,Room,Max70Text,0,1
pacs.004.001.15,/Document/PmtRtr/TxInf/OrgnlTxRef/UndrlygFICdtTrf/InstgAgt/BrnchId/PstlAdr/PstCd,PstCd,Max16Text,0,1
pacs.004.001.15,/Document/PmtRtr/TxInf/OrgnlTxRef/UndrlygFICdtTrf/InstgAgt/BrnchId/PstlAdr/TwnNm,TwnNm,Max140Text,0,1
pacs.004.001.15,/Document/PmtRtr/TxInf/OrgnlTxRef/UndrlygFICdtTrf/InstgAgt/BrnchId/PstlAdr/TwnLctnNm,TwnLctnNm,Max140Text,0,1
pacs.004.001.15,/Document/PmtRtr/TxInf/OrgnlTxRef/UndrlygFICdtTrf/InstgAgt/BrnchId/PstlAdr/DstrctNm,DstrctNm,Max140Text,0,1
pacs.004.001.15,/Document/PmtRtr/TxInf/OrgnlTxRef/UndrlygFICdtTrf/InstgAgt/BrnchId/PstlAdr/CtrySubDvsn,CtrySubDvsn,Max35Text,0,1
pacs.004.001.15,/Document/PmtRtr/TxInf/OrgnlTxRef/UndrlygFICdtTrf/InstgAgt/BrnchId/PstlAdr/Ctry,Ctry,CountryCode,0,1
pacs.004.001.15,/Document/PmtRtr/TxInf/OrgnlTxRef/UndrlygFICdtTrf/InstgAgt/BrnchId/PstlAdr/AdrLine,AdrLine,Max70Text,0,7
pacs.004.001.15,/Document/PmtRtr/TxInf/OrgnlTxRef/UndrlygFICdtTrf/InstdAgt,InstdAgt,BranchAndFinancialInstitutionIdentification8,0,1
pacs.004.001.15,/Document/PmtRtr/TxInf/OrgnlTxRef/UndrlygFICdtTrf/InstdAgt/FinInstnId,FinInstnId,FinancialInstitutionIdentification23,1,1
pacs.004.001.15,/Document/PmtRtr/TxInf/OrgnlTxRef/UndrlygFICdtTrf/InstdAgt/FinInstnId/BICFI,BICFI,BICFIDec2014Identifier,0,1
pacs.004.001.15,/Document/PmtRtr/TxInf/OrgnlTxRef/UndrlygFICdtTrf/InstdAgt/FinInstnId/ClrSysMmbId,ClrSysMmbId,ClearingSystemMemberIdentification2,0,1
pacs.004.001.15,/Document/PmtRtr/TxInf/OrgnlTxRef/UndrlygFICdtTrf/InstdAgt/FinInstnId/ClrSysMmbId/ClrSysId,ClrSysId,ClearingSystemIdentification2Choice,0,1
pacs.004.001.15,/Document/PmtRtr/TxInf/OrgnlTxRef/UndrlygFICdtTrf/InstdAgt/FinInstnId/ClrSysMmbId/ClrSysId/Cd,Cd,ExternalClearingSystemIdentification1Code,1,1
pacs.004.001.15,/Document/PmtRtr/TxInf/OrgnlTxRef/UndrlygFICdtTrf/InstdAgt/FinInstnId/ClrSysMmbId/ClrSysId/Prtry,Prtry,Max35Text,1,1
pacs.004.001.15,/Document/PmtRtr/TxInf/OrgnlTxRef/UndrlygFICdtTrf/InstdAgt/FinInstnId/ClrSysMmbId/MmbId,MmbId,Max35Text,1,1
pacs.004.001.15,/Document/PmtRtr/TxInf/OrgnlTxRef/UndrlygFICdtTrf/InstdAgt/FinInstnId/LEI,LEI,LEIIdentifier,0,1
pacs.004.001.15,/Document/PmtRtr/TxInf/OrgnlTxRef/UndrlygFICdtTrf/InstdAgt/FinInstnId/Nm,Nm,Max140Text,0,1
pacs.004.001.15,/Document/PmtRtr/TxInf/OrgnlTxRef/UndrlygFICdtTrf/InstdAgt/FinInstnId/PstlAdr,PstlAdr,PostalAddress27,0,1
pacs.004.001.15,/Document/PmtRtr/TxInf/OrgnlTxRef/UndrlygFICdtTrf/InstdAgt/FinInstnId/PstlAdr/AdrTp,AdrTp,AddressType3Choice,0,1
pacs.004.001.15,/Document/PmtRtr/TxInf/OrgnlTxRef/UndrlygFICdtTrf/InstdAgt/FinInstnId/PstlAdr/AdrTp/Cd,Cd,AddressType2Code,1,1
pacs.004.001.15,/Document/PmtRtr/TxInf/OrgnlTxRef/UndrlygFICdtTrf/InstdAgt/FinInstnId/PstlAdr/AdrTp/Prtry,Prtry,GenericIdentification30,1,1
pacs.004.001.15,/Document/PmtRtr/TxInf/OrgnlTxRef/UndrlygFICdtTrf/InstdAgt/FinInstnId/PstlAdr/AdrTp/Prtry/Id,Id,Exact4AlphaNumericText,1,1
pacs.004.001.15,/Document/PmtRtr/TxInf/OrgnlTxRef/UndrlygFICdtTrf/InstdAgt/FinInstnId/PstlAdr/AdrTp/Prtry/Issr,Issr,Max35Text,1,1
pacs.004.001.15,/Document/PmtRtr/TxInf/OrgnlTxRef/UndrlygFICdtTrf/InstdAgt/FinInstnId/PstlAdr/AdrTp/Prtry/SchmeNm,SchmeNm,Max35Text,0,1
pacs.004.001.15,/Document/PmtRtr/TxInf/OrgnlTxRef/UndrlygFICdtTrf/InstdAgt/FinInstnId/PstlAdr/CareOf,CareOf,Max140Text,0,1
pacs.004.001.15,/Document/PmtRtr/TxInf/OrgnlTxRef/UndrlygFICdtTrf/InstdAgt/FinInstnId/PstlAdr/Dept,Dept,Max70Text,0,1
pacs.004.001.15,/Document/PmtRtr/TxInf/OrgnlTxRef/UndrlygFICdtTrf/InstdAgt/FinInstnId/PstlAdr/SubDept,SubDept,Max70Text,0,1
pacs.004.001.15,/Document/PmtRtr/TxInf/OrgnlTxRef/UndrlygFICdtTrf/InstdAgt/FinInstnId/PstlAdr/StrtNm,StrtNm,Max140Text,0,1
pacs.004.001.15,/Document/PmtRtr/TxInf/OrgnlTxRef/UndrlygFICdtTrf/InstdAgt/FinInstnId/PstlAdr/BldgNb,BldgNb,Max16Text,0,1
pacs.004.001.15,/Document/PmtRtr/TxInf/OrgnlTxRef/UndrlygFICdtTrf/InstdAgt/FinInstnId/PstlAdr/BldgNm,BldgNm,Max140Text,0,1
pacs.004.001.15,/Document/PmtRtr/TxInf/OrgnlTxRef/UndrlygFICdtTrf/InstdAgt/FinInstnId/PstlAdr/Flr,Flr,Max70Text,0,1
pacs.004.001.15,/Document/PmtRtr/TxInf/OrgnlTxRef/UndrlygFICdtTrf/InstdAgt/FinInstnId/PstlAdr/UnitNb,UnitNb,Max16Text,0,1
pacs.004.001.15,/Document/PmtRtr/TxInf/OrgnlTxRef/UndrlygFICdtTrf/InstdAgt/FinInstnId/PstlAdr/PstBx,PstBx,Max16Text,0,1
pacs.004.001.15,/Document/PmtRtr/TxInf/OrgnlTxRef/UndrlygFICdtTrf/InstdAgt/FinInstnId/PstlAdr/Room,Room,Max70Text,0,1
pacs.004.001.15,/Document/PmtRtr/TxInf/OrgnlTxRef/UndrlygFICdtTrf/InstdAgt/FinInstnId/PstlAdr/PstCd,PstCd,Max16Text,0,1
pacs.004.001.15,/Document/PmtRtr/TxInf/OrgnlTxRef/UndrlygFICdtTrf/InstdAgt/FinInstnId/PstlAdr/TwnNm,TwnNm,Max140Text,0,1
pacs.004.001.15,/Document/PmtRtr/TxInf/OrgnlTxRef/UndrlygFICdtTrf/InstdAgt/FinInstnId/PstlAdr/TwnLctnNm,TwnLctnNm,Max140Text,0,1
pacs.004.001.15,/Document/PmtRtr/TxInf/OrgnlTxRef/UndrlygFICdtTrf/InstdAgt/FinInstnId/PstlAdr/DstrctNm,DstrctNm,Max140Text,0,1
pacs.004.001.15,/Document/PmtRtr/TxInf/OrgnlTxRef/UndrlygFICdtTrf/InstdAgt/FinInstnId/PstlAdr/CtrySubDvsn,CtrySubDvsn,Max35Text,0,1
pacs.004.001.15,/Document/PmtRtr/TxInf/OrgnlTxRef/UndrlygFICdtTrf/InstdAgt/FinInstnId/PstlAdr/Ctry,Ctry,CountryCode,0,1
pacs.004.001.15,/Document/PmtRtr/TxInf/OrgnlTxRef/UndrlygFICdtTrf/InstdAgt/FinInstnId/PstlAdr/AdrLine,AdrLine,Max70Text,0,7
pacs.004.001.15,/Document/PmtRtr/TxInf/OrgnlTxRef/UndrlygFICdtTrf/InstdAgt/FinInstnId/Othr,Othr,GenericFinancialIdentification1,0,1
pacs.004.001.15,/Document/PmtRtr/TxInf/OrgnlTxRef/UndrlygFICdtTrf/InstdAgt/FinInstnId/Othr/Id,Id,Max35Text,1,1
pacs.004.001.15,/Document/PmtRtr/TxInf/OrgnlTxRef/UndrlygFICdtTrf/InstdAgt/FinInstnId/Othr/SchmeNm,SchmeNm,FinancialIdentificationSchemeName1Choice,0,1
pacs.004.001.15,/Document/PmtRtr/TxInf/OrgnlTxRef/UndrlygFICdtTrf/InstdAgt/FinInstnId/Othr/SchmeNm/Cd,Cd,ExternalFinancialInstitutionIdentification1Code,1,1
pacs.004.001.15,/Document/PmtRtr/TxInf/OrgnlTxRef/UndrlygFICdtTrf/InstdAgt/FinInstnId/Othr/SchmeNm/Prtry,Prtry,Max35Text,1,1
pacs.004.001.15,/Document/PmtRtr/TxInf/OrgnlTxRef/UndrlygFICdtTrf/InstdAgt/FinInstnId/Othr/Issr,Issr,Max35Text,0,1
pacs.004.001.15,/Document/PmtRtr/TxInf/OrgnlTxRef/UndrlygFICdtTrf/InstdAgt/BrnchId,BrnchId,BranchData5,0,1
pacs.004.001.15,/Document/PmtRtr/TxInf/OrgnlTxRef/UndrlygFICdtTrf/InstdAgt/BrnchId/Id,Id,Max35Text,0,1
pacs.004.001.15,/Document/PmtRtr/TxInf/OrgnlTxRef/UndrlygFICdtTrf/InstdAgt/BrnchId/LEI,LEI,LEIIdentifier,0,1
pacs.004.001.15,/Document/PmtRtr/TxInf/OrgnlTxRef/UndrlygFICdtTrf/InstdAgt/BrnchId/Nm,Nm,Max140Text,0,1
pacs.004.001.15,/Document/PmtRtr/TxInf/OrgnlTxRef/UndrlygFICdtTrf/InstdAgt/BrnchId/PstlAdr,PstlAdr,PostalAddress27,0,1
pacs.004.001.15,/Document/PmtRtr/TxInf/OrgnlTxRef/UndrlygFICdtTrf/InstdAgt/BrnchId/PstlAdr/AdrTp,AdrTp,AddressType3Choice,0,1
pacs.004.001.15,/Document/PmtRtr/TxInf/OrgnlTxRef/UndrlygFICdtTrf/InstdAgt/BrnchId/PstlAdr/AdrTp/Cd,Cd,AddressType2Code,1,1
pacs.004.001.15,/Document/PmtRtr/TxInf/OrgnlTxRef/UndrlygFICdtTrf/InstdAgt/BrnchId/PstlAdr/AdrTp/Prtry,Prtry,GenericIdentification30,1,1
pacs.004.001.15,/Document/PmtRtr/TxInf/OrgnlTxRef/UndrlygFICdtTrf/InstdAgt/BrnchId/PstlAdr/AdrTp/Prtry/Id,Id,Exact4AlphaNumericText,1,1
pacs.004.001.15,/Document/PmtRtr/TxInf/OrgnlTxRef/UndrlygFICdtTrf/InstdAgt/BrnchId/PstlAdr/AdrTp/Prtry/Issr,Issr,Max35Text,1,1
pacs.004.001.15,/Document/PmtRtr/TxInf/OrgnlTxRef/UndrlygFICdtTrf/InstdAgt/BrnchId/PstlAdr/AdrTp/Prtry/SchmeNm,SchmeNm,Max35Text,0,1
pacs.004.001.15,/Document/PmtRtr/TxInf/OrgnlTxRef/UndrlygFICdtTrf/InstdAgt/BrnchId/PstlAdr/CareOf,CareOf,Max140Text,0,1
pacs.004.001.15,/Document/PmtRtr/TxInf/OrgnlTxRef/UndrlygFICdtTrf/InstdAgt/BrnchId/PstlAdr/Dept,Dept,Max70Text,0,1
pacs.004.001.15,/Document/PmtRtr/TxInf/OrgnlTxRef/UndrlygFICdtTrf/InstdAgt/BrnchId/PstlAdr/SubDept,SubDept,Max70Text,0,1
pacs.004.001.15,/Document/PmtRtr/TxInf/OrgnlTxRef/UndrlygFICdtTrf/InstdAgt/BrnchId/PstlAdr/StrtNm,StrtNm,Max140Text,0,1
pacs.004.001.15,/Document/PmtRtr/TxInf/OrgnlTxRef/UndrlygFICdtTrf/InstdAgt/BrnchId/PstlAdr/BldgNb,BldgNb,Max16Text,0,1
pacs.004.001.15,/Document/PmtRtr/TxInf/OrgnlTxRef/UndrlygFICdtTrf/InstdAgt/BrnchId/PstlAdr/BldgNm,BldgNm,Max140Text,0,1
pacs.004.001.15,/Document/PmtRtr/TxInf/OrgnlTxRef/UndrlygFICdtTrf/InstdAgt/BrnchId/PstlAdr/Flr,Flr,Max70Text,0,1
pacs.004.001.15,/Document/PmtRtr/TxInf/OrgnlTxRef/UndrlygFICdtTrf/InstdAgt/BrnchId/PstlAdr/UnitNb,UnitNb,Max16Text,0,1
pacs.004.001.15,/Document/PmtRtr/TxInf/OrgnlTxRef/UndrlygFICdtTrf/InstdAgt/BrnchId/PstlAdr/PstBx,PstBx,Max16Text,0,1
pacs.004.001.15,/Document/PmtRtr/TxInf/OrgnlTxRef/UndrlygFICdtTrf/InstdAgt/BrnchId/PstlAdr/Room,Room,Max70Text,0,1
pacs.004.001.15,/Document/PmtRtr/TxInf/OrgnlTxRef/UndrlygFICdtTrf/InstdAgt/BrnchId/PstlAdr/PstCd,PstCd,Max16Text,0,1
pacs.004.001.15,/Document/PmtRtr/TxInf/OrgnlTxRef/UndrlygFICdtTrf/InstdAgt/BrnchId/PstlAdr/TwnNm,TwnNm,Max140Text,0,1
pacs.004.001.15,/Document/PmtRtr/TxInf/OrgnlTxRef/UndrlygFICdtTrf/InstdAgt/BrnchId/PstlAdr/TwnLctnNm,TwnLctnNm,Max140Text,0,1
pacs.004.001.15,/Document/PmtRtr/TxInf/OrgnlTxRef/UndrlygFICdtTrf/InstdAgt/BrnchId/PstlAdr/DstrctNm,DstrctNm,Max140Text,0,1
pacs.004.001.15,/Document/PmtRtr/TxInf/OrgnlTxRef/UndrlygFICdtTrf/InstdAgt/BrnchId/PstlAdr/CtrySubDvsn,CtrySubDvsn,Max35Text,0,1
pacs.004.001.15,/Document/PmtRtr/TxInf/OrgnlTxRef/UndrlygFICdtTrf/InstdAgt/BrnchId/PstlAdr/Ctry,Ctry,CountryCode,0,1
pacs.004.001.15,/Document/PmtRtr/TxInf/OrgnlTxRef/UndrlygFICdtTrf/InstdAgt/BrnchId/PstlAdr/AdrLine,AdrLine,Max70Text,0,7
pacs.004.001.15,/Document/PmtRtr/TxInf/OrgnlTxRef/UndrlygFICdtTrf/IntrmyAgt1,IntrmyAgt1,BranchAndFinancialInstitutionIdentification8,0,1
pacs.004.001.15,/Document/PmtRtr/TxInf/OrgnlTxRef/UndrlygFICdtTrf/IntrmyAgt1/FinInstnId,FinInstnId,FinancialInstitutionIdentification23,1,1
pacs.004.001.15,/Document/PmtRtr/TxInf/OrgnlTxRef/UndrlygFICdtTrf/IntrmyAgt1/FinInstnId/BICFI,BICFI,BICFIDec2014Identifier,0,1
pacs.004.001.15,/Document/PmtRtr/TxInf/OrgnlTxRef/UndrlygFICdtTrf/IntrmyAgt1/FinInstnId/ClrSysMmbId,ClrSysMmbId,ClearingSystemMemberIdentification2,0,1
pacs.004.001.15,/Document/PmtRtr/TxInf/OrgnlTxRef/UndrlygFICdtTrf/IntrmyAgt1/FinInstnId/ClrSysMmbId/ClrSysId,ClrSysId,ClearingSystemIdentification2Choice,0,1
pacs.004.001.15,/Document/PmtRtr/TxInf/OrgnlTxRef/UndrlygFICdtTrf/IntrmyAgt1/FinInstnId/ClrSysMmbId/ClrSysId/Cd,Cd,ExternalClearingSystemIdentification1Code,1,1
pacs.004.001.15,/Document/PmtRtr/TxInf/OrgnlTxRef/UndrlygFICdtTrf/IntrmyAgt1/FinInstnId/ClrSysMmbId/ClrSysId/Prtry,Prtry,Max35Text,1,1
pacs.004.001.15,/Document/PmtRtr/TxInf/OrgnlTxRef/UndrlygFICdtTrf/IntrmyAgt1/FinInstnId/ClrSysMmbId/MmbId,MmbId,Max35Text,1,1
pacs.004.001.15,/Document/PmtRtr/TxInf/OrgnlTxRef/UndrlygFICdtTrf/IntrmyAgt1/FinInstnId/LEI,LEI,LEIIdentifier,0,1
pacs.004.001.15,/Document/PmtRtr/TxInf/OrgnlTxRef/UndrlygFICdtTrf/IntrmyAgt1/FinInstnId/Nm,Nm,Max140Text,0,1
pacs.004.001.15,/Document/PmtRtr/TxInf/OrgnlTxRef/UndrlygFICdtTrf/IntrmyAgt1/FinInstnId/PstlAdr,PstlAdr,PostalAddress27,0,1
pacs.004.001.15,/Document/PmtRtr/TxInf/OrgnlTxRef/UndrlygFICdtTrf/IntrmyAgt1/FinInstnId/PstlAdr/AdrTp,AdrTp,AddressType3Choice,0,1
pacs.004.001.15,/Document/PmtRtr/TxInf/OrgnlTxRef/UndrlygFICdtTrf/IntrmyAgt1/FinInstnId/PstlAdr/AdrTp/Cd,Cd,AddressType2Code,1,1
pacs.004.001.15,/Document/PmtRtr/TxInf/OrgnlTxRef/UndrlygFICdtTrf/IntrmyAgt1/FinInstnId/PstlAdr/AdrTp/Prtry,Prtry,GenericIdentification30,1,1
pacs.004.001.15,/Document/PmtRtr/TxInf/OrgnlTxRef/UndrlygFICdtTrf/IntrmyAgt1/FinInstnId/PstlAdr/AdrTp/Prtry/Id,Id,Exact4AlphaNumericText,1,1
pacs.004.001.15,/Document/PmtRtr/TxInf/OrgnlTxRef/UndrlygFICdtTrf/IntrmyAgt1/FinInstnId/PstlAdr/AdrTp/Prtry/Issr,Issr,Max35Text,1,1
pacs.004.001.15,/Document/PmtRtr/TxInf/OrgnlTxRef/UndrlygFICdtTrf/IntrmyAgt1/FinInstnId/PstlAdr/AdrTp/Prtry/SchmeNm,SchmeNm,Max35Text,0,1
pacs.004.001.15,/Document/PmtRtr/TxInf/OrgnlTxRef/UndrlygFICdtTrf/IntrmyAgt1/FinInstnId/PstlAdr/CareOf,CareOf,Max140Text,0,1
pacs.004.001.15,/Document/PmtRtr/TxInf/OrgnlTxRef/UndrlygFICdtTrf/IntrmyAgt1/FinInstnId/PstlAdr/Dept,Dept,Max70Text,0,1
pacs.004.001.15,/Document/PmtRtr/TxInf/OrgnlTxRef/UndrlygFICdtTrf/IntrmyAgt1/FinInstnId/PstlAdr/SubDept,SubDept,Max70Text,0,1
pacs.004.001.15,/Document/PmtRtr/TxInf/OrgnlTxRef/UndrlygFICdtTrf/IntrmyAgt1/FinInstnId/PstlAdr/StrtNm,StrtNm,Max140Text,0,1
pacs.004.001.15,/Document/PmtRtr/TxInf/OrgnlTxRef/UndrlygFICdtTrf/IntrmyAgt1/FinInstnId/PstlAdr/BldgNb,BldgNb,Max16Text,0,1
pacs.004.001.15,/Document/PmtRtr/TxInf/OrgnlTxRef/UndrlygFICdtTrf/IntrmyAgt1/FinInstnId/PstlAdr/BldgNm,BldgNm,Max140Text,0,1
pacs.004.001.15,/Document/PmtRtr/TxInf/OrgnlTxRef/UndrlygFICdtTrf/IntrmyAgt1/FinInstnId/PstlAdr/Flr,Flr,Max70Text,0,1
pacs.004.001.15,/Document/PmtRtr/TxInf/OrgnlTxRef/UndrlygFICdtTrf/IntrmyAgt1/FinInstnId/PstlAdr/UnitNb,UnitNb,Max16Text,0,1
pacs.004.001.15,/Document/PmtRtr/TxInf/OrgnlTxRef/UndrlygFICdtTrf/IntrmyAgt1/FinInstnId/PstlAdr/PstBx,PstBx,Max16Text,0,1
pacs.004.001.15,/Document/PmtRtr/TxInf/OrgnlTxRef/UndrlygFICdtTrf/IntrmyAgt1/FinInstnId/PstlAdr/Room,Room,Max70Text,0,1
pacs.004.001.15,/Document/PmtRtr/TxInf/OrgnlTxRef/UndrlygFICdtTrf/IntrmyAgt1/FinInstnId/PstlAdr/PstCd,PstCd,Max16Text,0,1
pacs.004.001.15,/Document/PmtRtr/TxInf/OrgnlTxRef/UndrlygFICdtTrf/IntrmyAgt1/FinInstnId/PstlAdr/TwnNm,TwnNm,Max140Text,0,1
pacs.004.001.15,/Document/PmtRtr/TxInf/OrgnlTxRef/UndrlygFICdtTrf/IntrmyAgt1/FinInstnId/PstlAdr/TwnLctnNm,TwnLctnNm,Max140Text,0,1
pacs.004.001.15,/Document/PmtRtr/TxInf/OrgnlTxRef/UndrlygFICdtTrf/IntrmyAgt1/FinInstnId/PstlAdr/DstrctNm,DstrctNm,Max140Text,0,1
pacs.004.001.15,/Document/PmtRtr/TxInf/OrgnlTxRef/UndrlygFICdtTrf/IntrmyAgt1/FinInstnId/PstlAdr/CtrySubDvsn,CtrySubDvsn,Max35Text,0,1
pacs.004.001.15,/Document/PmtRtr/TxInf/OrgnlTxRef/UndrlygFICdtTrf/IntrmyAgt1/FinInstnId/PstlAdr/Ctry,Ctry,CountryCode,0,1
pacs.004.001.15,/Document/PmtRtr/TxInf/OrgnlTxRef/UndrlygFICdtTrf/IntrmyAgt1/FinInstnId/PstlAdr/AdrLine,AdrLine,Max70Text,0,7
pacs.004.001.15,/Document/PmtRtr/TxInf/OrgnlTxRef/UndrlygFICdtTrf/IntrmyAgt1/FinInstnId/Othr,Othr,GenericFinancialIdentification1,0,1
pacs.004.001.15,/Document/PmtRtr/TxInf/OrgnlTxRef/UndrlygFICdtTrf/IntrmyAgt1/FinInstnId/Othr/Id,Id,Max35Text,1,1
pacs.004.001.15,/Document/PmtRtr/TxInf/OrgnlTxRef/UndrlygFICdtTrf/IntrmyAgt1/FinInstnId/Othr/SchmeNm,SchmeNm,FinancialIdentificationSchemeName1Choice,0,1
pacs.004.001.15,/Document/PmtRtr/TxInf/OrgnlTxRef/UndrlygFICdtTrf/IntrmyAgt1/FinInstnId/Othr/SchmeNm/Cd,Cd,ExternalFinancialInstitutionIdentification1Code,1,1
pacs.004.001.15,/Document/PmtRtr/TxInf/OrgnlTxRef/UndrlygFICdtTrf/IntrmyAgt1/FinInstnId/Othr/SchmeNm/Prtry,Prtry,Max35Text,1,1
pacs.004.001.15,/Document/PmtRtr/TxInf/OrgnlTxRef/UndrlygFICdtTrf/IntrmyAgt1/FinInstnId/Othr/Issr,Issr,Max35Text,0,1
pacs.004.001.15,/Document/PmtRtr/TxInf/OrgnlTxRef/UndrlygFICdtTrf/IntrmyAgt1/BrnchId,BrnchId,BranchData5,0,1
pacs.004.001.15,/Document/PmtRtr/TxInf/OrgnlTxRef/UndrlygFICdtTrf/IntrmyAgt1/BrnchId/Id,Id,Max35Text,0,1
pacs.004.001.15,/Document/PmtRtr/TxInf/OrgnlTxRef/UndrlygFICdtTrf/IntrmyAgt1/BrnchId/LEI,LEI,LEIIdentifier,0,1
pacs.004.001.15,/Document/PmtRtr/TxInf/OrgnlTxRef/UndrlygFICdtTrf/IntrmyAgt1/BrnchId/Nm,Nm,Max140Text,0,1
pacs.004.001.15,/Document/PmtRtr/TxInf/OrgnlTxRef/UndrlygFICdtTrf/IntrmyAgt1/BrnchId/PstlAdr,PstlAdr,PostalAddress27,0,1
pacs.004.001.15,/Document/PmtRtr/TxInf/OrgnlTxRef/UndrlygFICdtTrf/IntrmyAgt1/BrnchId/PstlAdr/AdrTp,AdrTp,AddressType3Choice,0,1
pacs.004.001.15,/Document/PmtRtr/TxInf/OrgnlTxRef/UndrlygFICdtTrf/IntrmyAgt1/BrnchId/PstlAdr/AdrTp/Cd,Cd,AddressType2Code,1,1
pacs.004.001.15,/Document/PmtRtr/TxInf/OrgnlTxRef/UndrlygFICdtTrf/IntrmyAgt1/BrnchId/PstlAdr/AdrTp/Prtry,Prtry,GenericIdentification30,1,1
pacs.004.001.15,/Document/PmtRtr/TxInf/OrgnlTxRef/UndrlygFICdtTrf/IntrmyAgt1/BrnchId/PstlAdr/AdrTp/Prtry/Id,Id,Exact4AlphaNumericText,1,1
pacs.004.001.15,/Document/PmtRtr/TxInf/OrgnlTxRef/UndrlygFICdtTrf/IntrmyAgt1/BrnchId/PstlAdr/AdrTp/Prtry/Issr,Issr,Max35Text,1,1
pacs.004.001.15,/Document/PmtRtr/TxInf/OrgnlTxRef/UndrlygFICdtTrf/IntrmyAgt1/BrnchId/PstlAdr/AdrTp/Prtry/SchmeNm,SchmeNm,Max35Text,0,1
pacs.004.001.15,/Document/PmtRtr/TxInf/OrgnlTxRef/UndrlygFICdtTrf/IntrmyAgt1/BrnchId/PstlAdr/CareOf,CareOf,Max140Text,0,1
pacs.004.001.15,/Document/PmtRtr/TxInf/OrgnlTxRef/UndrlygFICdtTrf/IntrmyAgt1/BrnchId/PstlAdr/Dept,Dept,Max70Text,0,1
pacs.004.001.15,/Document/PmtRtr/TxInf/OrgnlTxRef/UndrlygFICdtTrf/IntrmyAgt1/BrnchId/PstlAdr/SubDept,SubDept,Max70Text,0,1
pacs.004.001.15,/Document/PmtRtr/TxInf/OrgnlTxRef/UndrlygFICdtTrf/IntrmyAgt1/BrnchId/PstlAdr/StrtNm,StrtNm,Max140Text,0,1
pacs.004.001.15,/Document/PmtRtr/TxInf/OrgnlTxRef/UndrlygFICdtTrf/IntrmyAgt1/BrnchId/PstlAdr/BldgNb,BldgNb,Max16Text,0,1
pacs.004.001.15,/Document/PmtRtr/TxInf/OrgnlTxRef/UndrlygFICdtTrf/IntrmyAgt1/BrnchId/PstlAdr/BldgNm,BldgNm,Max140Text,0,1
pacs.004.001.15,/Document/PmtRtr/TxInf/OrgnlTxRef/UndrlygFICdtTrf/IntrmyAgt1/BrnchId/PstlAdr/Flr,Flr,Max70Text,0,1
pacs.004.001.15,/Document/PmtRtr/TxInf/OrgnlTxRef/UndrlygFICdtTrf/IntrmyAgt1/BrnchId/PstlAdr/UnitNb,UnitNb,Max16Text,0,1
pacs.004.001.15,/Document/PmtRtr/TxInf/OrgnlTxRef/UndrlygFICdtTrf/IntrmyAgt1/BrnchId/PstlAdr/PstBx,PstBx,Max16Text,0,1
pacs.004.001.15,/Document/PmtRtr/TxInf/OrgnlTxRef/UndrlygFICdtTrf/IntrmyAgt1/BrnchId/PstlAdr/Room,Room,Max70Text,0,1
pacs.004.001.15,/Document/PmtRtr/TxInf/OrgnlTxRef/UndrlygFICdtTrf/IntrmyAgt1/BrnchId/PstlAdr/PstCd,PstCd,Max16Text,0,1
pacs.004.001.15,/Document/PmtRtr/TxInf/OrgnlTxRef/UndrlygFICdtTrf/IntrmyAgt1/BrnchId/PstlAdr/TwnNm,TwnNm,Max140Text,0,1
pacs.004.001.15,/Document/PmtRtr/TxInf/OrgnlTxRef/UndrlygFICdtTrf/IntrmyAgt1/BrnchId/PstlAdr/TwnLctnNm,TwnLctnNm,Max140Text,0,1
pacs.004.001.15,/Document/PmtRtr/TxInf/OrgnlTxRef/UndrlygFICdtTrf/IntrmyAgt1/BrnchId/PstlAdr/DstrctNm,DstrctNm,Max140Text,0,1
pacs.004.001.15,/Document/PmtRtr/TxInf/OrgnlTxRef/UndrlygFICdtTrf/IntrmyAgt1/BrnchId/PstlAdr/CtrySubDvsn,CtrySubDvsn,Max35Text,0,1
pacs.004.001.15,/Document/PmtRtr/TxInf/OrgnlTxRef/UndrlygFICdtTrf/IntrmyAgt1/BrnchId/PstlAdr/Ctry,Ctry,CountryCode,0,1
pacs.004.001.15,/Document/PmtRtr/TxInf/OrgnlTxRef/UndrlygFICdtTrf/IntrmyAgt1/BrnchId/PstlAdr/AdrLine,AdrLine,Max70Text,0,7
pacs.004.001.15,/Document/PmtRtr/TxInf/OrgnlTxRef/UndrlygFICdtTrf/IntrmyAgt1Acct,IntrmyAgt1Acct,CashAccount40,0,1
pacs.004.001.15,/Document/PmtRtr/TxInf/OrgnlTxRef/UndrlygFICdtTrf/IntrmyAgt1Acct/Id,Id,AccountIdentification4Choice,0,1
pacs.004.001.15,/Document/PmtRtr/TxInf/OrgnlTxRef/UndrlygFICdtTrf/IntrmyAgt1Acct/Id/IBAN,IBAN,IBAN2007Identifier,1,1
pacs.004.001.15,/Document/PmtRtr/TxInf/OrgnlTxRef/UndrlygFICdtTrf/IntrmyAgt1Acct/Id/Othr,Othr,GenericAccountIdentification1,1,1
pacs.004.001.15,/Document/PmtRtr/TxInf/OrgnlTxRef/UndrlygFICdtTrf/IntrmyAgt1Acct/Id/Othr/Id,Id,Max34Text,1,1
pacs.004.001.15,/Document/PmtRtr/TxInf/OrgnlTxRef/UndrlygFICdtTrf/IntrmyAgt1Acct/Id/Othr/SchmeNm,SchmeNm,AccountSchemeName1Choice,0,1
pacs.004.001.15,/Document/PmtRtr/TxInf/OrgnlTxRef/UndrlygFICdtTrf/IntrmyAgt1Acct/Id/Othr/SchmeNm/Cd,Cd,ExternalAccountIdentification1Code,1,1
pacs.004.001.15,/Document/PmtRtr/TxInf/OrgnlTxRef/UndrlygFICdtTrf/IntrmyAgt1Acct/Id/Othr/SchmeNm/Prtry,Prtry,Max35Text,1,1
pacs.004.001.15,/Document/PmtRtr/TxInf/OrgnlTxRef/UndrlygFICdtTrf/IntrmyAgt1Acct/Id/Othr/Issr,Issr,Max35Text,0,1
pacs.004.001.15,/Document/PmtRtr/TxInf/OrgnlTxRef/UndrlygFICdtTrf/IntrmyAgt1Acct/Tp,Tp,CashAccountType2Choice,0,1
pacs.004.001.15,/Document/PmtRtr/TxInf/OrgnlTxRef/UndrlygFICdtTrf/IntrmyAgt1Acct/Tp/Cd,Cd,ExternalCashAccountType1Code,1,1
pacs.004.001.15,/Document/PmtRtr/TxInf/OrgnlTxRef/UndrlygFICdtTrf/IntrmyAgt1Acct/Tp/Prtry,Prtry,Max35Text,1,1
pacs.004.001.15,/Document/PmtRtr/TxInf/OrgnlTxRef/UndrlygFICdtTrf/IntrmyAgt1Acct/Ccy,Ccy,ActiveOrHistoricCurrencyCode,0,1
pacs.004.001.15,/Document/PmtRtr/TxInf/OrgnlTxRef/UndrlygFICdtTrf/IntrmyAgt1Acct/Nm,Nm,Max70Text,0,1
pacs.004.001.15,/Document/PmtRtr/TxInf/OrgnlTxRef/UndrlygFICdtTrf/IntrmyAgt1Acct/Prxy,Prxy,ProxyAccountIdentification1,0,1
pacs.004.001.15,/Document/PmtRtr/TxInf/OrgnlTxRef/UndrlygFICdtTrf/IntrmyAgt1Acct/Prxy/Tp,Tp,ProxyAccountType1Choice,0,1
pacs.004.001.15,/Document/PmtRtr/TxInf/OrgnlTxRef/UndrlygFICdtTrf/IntrmyAgt1Acct/Prxy/Tp/Cd,Cd,ExternalProxyAccountType1Code,1,1
pacs.004.001.15,/Document/PmtRtr/TxInf/OrgnlTxRef/UndrlygFICdtTrf/IntrmyAgt1Acct/Prxy/Tp/Prtry,Prtry,Max35Text,1,1
pacs.004.001.15,/Document/PmtRtr/TxInf/OrgnlTxRef/UndrlygFICdtTrf/IntrmyAgt1Acct/Prxy/Id,Id,Max2048Text,1,1
pacs.004.001.15,/Document/PmtRtr/TxInf/OrgnlTxRef/UndrlygFICdtTrf/IntrmyAgt2,IntrmyAgt2,BranchAndFinancialInstitutionIdentification8,0,1
pacs.004.001.15,/Document/PmtRtr/TxInf/OrgnlTxRef/UndrlygFICdtTrf/IntrmyAgt2/FinInstnId,FinInstnId,FinancialInstitutionIdentification23,1,1
pacs.004.001.15,/Document/PmtRtr/TxInf/OrgnlTxRef/UndrlygFICdtTrf/IntrmyAgt2/FinInstnId/BICFI,BICFI,BICFIDec2014Identifier,0,1
pacs.004.001.15,/Document/PmtRtr/TxInf/OrgnlTxRef/UndrlygFICdtTrf/IntrmyAgt2/FinInstnId/ClrSysMmbId,ClrSysMmbId,ClearingSystemMemberIdentification2,0,1
pacs.004.001.15,/Document/PmtRtr/TxInf/OrgnlTxRef/UndrlygFICdtTrf/IntrmyAgt2/FinInstnId/ClrSysMmbId/ClrSysId,ClrSysId,ClearingSystemIdentification2Choice,0,1
pacs.004.001.15,/Document/PmtRtr/TxInf/OrgnlTxRef/UndrlygFICdtTrf/IntrmyAgt2/FinInstnId/ClrSysMmbId/ClrSysId/Cd,Cd,ExternalClearingSystemIdentification1Code,1,1
pacs.004.001.15,/Document/PmtRtr/TxInf/OrgnlTxRef/UndrlygFICdtTrf/IntrmyAgt2/FinInstnId/ClrSysMmbId/ClrSysId/Prtry,Prtry,Max35Text,1,1
pacs.004.001.15,/Document/PmtRtr/TxInf/OrgnlTxRef/UndrlygFICdtTrf/IntrmyAgt2/FinInstnId/ClrSysMmbId/MmbId,MmbId,Max35Text,1,1
pacs.004.001.15,/Document/PmtRtr/TxInf/OrgnlTxRef/UndrlygFICdtTrf/IntrmyAgt2/FinInstnId/LEI,LEI,LEIIdentifier,0,1
pacs.004.001.15,/Document/PmtRtr/TxInf/OrgnlTxRef/UndrlygFICdtTrf/IntrmyAgt2/FinInstnId/Nm,Nm,Max140Text,0,1
pacs.004.001.15,/Document/PmtRtr/TxInf/OrgnlTxRef/UndrlygFICdtTrf/IntrmyAgt2/FinInstnId/PstlAdr,PstlAdr,PostalAddress27,0,1
pacs.004.001.15,/Document/PmtRtr/TxInf/OrgnlTxRef/UndrlygFICdtTrf/IntrmyAgt2/FinInstnId/PstlAdr/AdrTp,AdrTp,AddressType3Choice,0,1
pacs.004.001.15,/Document/PmtRtr/TxInf/OrgnlTxRef/UndrlygFICdtTrf/IntrmyAgt2/FinInstnId/PstlAdr/AdrTp/Cd,Cd,AddressType2Code,1,1
pacs.004.001.15,/Document/PmtRtr/TxInf/OrgnlTxRef/UndrlygFICdtTrf/IntrmyAgt2/FinInstnId/PstlAdr/AdrTp/Prtry,Prtry,GenericIdentification30,1,1
pacs.004.001.15,/Document/PmtRtr/TxInf/OrgnlTxRef/UndrlygFICdtTrf/IntrmyAgt2/FinInstnId/PstlAdr/AdrTp/Prtry/Id,Id,Exact4AlphaNumericText,1,1
pacs.004.001.15,/Document/PmtRtr/TxInf/OrgnlTxRef/UndrlygFICdtTrf/IntrmyAgt2/FinInstnId/PstlAdr/AdrTp/Prtry/Issr,Issr,Max35Text,1,1
pacs.004.001.15,/Document/PmtRtr/TxInf/OrgnlTxRef/UndrlygFICdtTrf/IntrmyAgt2/FinInstnId/PstlAdr/AdrTp/Prtry/SchmeNm,SchmeNm,Max35Text,0,1
pacs.004.001.15,/Document/PmtRtr/TxInf/OrgnlTxRef/UndrlygFICdtTrf/IntrmyAgt2/FinInstnId/PstlAdr/CareOf,CareOf,Max140Text,0,1
pacs.004.001.15,/Document/PmtRtr/TxInf/OrgnlTxRef/UndrlygFICdtTrf/IntrmyAgt2/FinInstnId/PstlAdr/Dept,Dept,Max70Text,0,1
pacs.004.001.15,/Document/PmtRtr/TxInf/OrgnlTxRef/UndrlygFICdtTrf/IntrmyAgt2/FinInstnId/PstlAdr/SubDept,SubDept,Max70Text,0,1
pacs.004.001.15,/Document/PmtRtr/TxInf/OrgnlTxRef/UndrlygFICdtTrf/IntrmyAgt2/FinInstnId/PstlAdr/StrtNm,StrtNm,Max140Text,0,1
pacs.004.001.15,/Document/PmtRtr/TxInf/OrgnlTxRef/UndrlygFICdtTrf/IntrmyAgt2/FinInstnId/PstlAdr/BldgNb,BldgNb,Max16Text,0,1
pacs.004.001.15,/Document/PmtRtr/TxInf/OrgnlTxRef/UndrlygFICdtTrf/IntrmyAgt2/FinInstnId/PstlAdr/BldgNm,BldgNm,Max140Text,0,1
pacs.004.001.15,/Document/PmtRtr/TxInf/OrgnlTxRef/UndrlygFICdtTrf/IntrmyAgt2/FinInstnId/PstlAdr/Flr,Flr,Max70Text,0,1
pacs.004.001.15,/Document/PmtRtr/TxInf/OrgnlTxRef/UndrlygFICdtTrf/IntrmyAgt2/FinInstnId/PstlAdr/UnitNb,UnitNb,Max16Text,0,1
pacs.004.001.15,/Document/PmtRtr/TxInf/OrgnlTxRef/UndrlygFICdtTrf/IntrmyAgt2/FinInstnId/PstlAdr/PstBx,PstBx,Max16Text,0,1
pacs.004.001.15,/Document/PmtRtr/TxInf/OrgnlTxRef/UndrlygFICdtTrf/IntrmyAgt2/FinInstnId/PstlAdr/Room,Room,Max70Text,0,1
pacs.004.001.15,/Document/PmtRtr/TxInf/OrgnlTxRef/UndrlygFICdtTrf/IntrmyAgt2/FinInstnId/PstlAdr/PstCd,PstCd,Max16Text,0,1
pacs.004.001.15,/Document/PmtRtr/TxInf/OrgnlTxRef/UndrlygFICdtTrf/IntrmyAgt2/FinInstnId/PstlAdr/TwnNm,TwnNm,Max140Text,0,1
pacs.004.001.15,/Document/PmtRtr/TxInf/OrgnlTxRef/UndrlygFICdtTrf/IntrmyAgt2/FinInstnId/PstlAdr/TwnLctnNm,TwnLctnNm,Max140Text,0,1
pacs.004.001.15,/Document/PmtRtr/TxInf/OrgnlTxRef/UndrlygFICdtTrf/IntrmyAgt2/FinInstnId/PstlAdr/DstrctNm,DstrctNm,Max140Text,0,1
pacs.004.001.15,/Document/PmtRtr/TxInf/OrgnlTxRef/UndrlygFICdtTrf/IntrmyAgt2/FinInstnId/PstlAdr/CtrySubDvsn,CtrySubDvsn,Max35Text,0,1
pacs.004.001.15,/Document/PmtRtr/TxInf/OrgnlTxRef/UndrlygFICdtTrf/IntrmyAgt2/FinInstnId/PstlAdr/Ctry,Ctry,CountryCode,0,1
pacs.004.001.15,/Document/PmtRtr/TxInf/OrgnlTxRef/UndrlygFICdtTrf/IntrmyAgt2/FinInstnId/PstlAdr/AdrLine,AdrLine,Max70Text,0,7
pacs.004.001.15,/Document/PmtRtr/TxInf/OrgnlTxRef/UndrlygFICdtTrf/IntrmyAgt2/FinInstnId/Othr,Othr,GenericFinancialIdentification1,0,1
pacs.004.001.15,/Document/PmtRtr/TxInf/OrgnlTxRef/UndrlygFICdtTrf/IntrmyAgt2/FinInstnId/Othr/Id,Id,Max35Text,1,1
pacs.004.001.15,/Document/PmtRtr/TxInf/OrgnlTxRef/UndrlygFICdtTrf/IntrmyAgt2/FinInstnId/Othr/SchmeNm,SchmeNm,FinancialIdentificationSchemeName1Choice,0,1
pacs.004.001.15,/Document/PmtRtr/TxInf/OrgnlTxRef/UndrlygFICdtTrf/IntrmyAgt2/FinInstnId/Othr/SchmeNm/Cd,Cd,ExternalFinancialInstitutionIdentification1Code,1,1
pacs.004.001.15,/Document/PmtRtr/TxInf/OrgnlTxRef/UndrlygFICdtTrf/IntrmyAgt2/FinInstnId/Othr/SchmeNm/Prtry,Prtry,Max35Text,1,1
pacs.004.001.15,/Document/PmtRtr/TxInf/OrgnlTxRef/UndrlygFICdtTrf/IntrmyAgt2/FinInstnId/Othr/Issr,Issr,Max35Text,0,1
pacs.004.001.15,/Document/PmtRtr/TxInf/OrgnlTxRef/UndrlygFICdtTrf/IntrmyAgt2/BrnchId,BrnchId,BranchData5,0,1
pacs.004.001.15,/Document/PmtRtr/TxInf/OrgnlTxRef/UndrlygFICdtTrf/IntrmyAgt2/BrnchId/Id,Id,Max35Text,0,1
pacs.004.001.15,/Document/PmtRtr/TxInf/OrgnlTxRef/UndrlygFICdtTrf/IntrmyAgt2/BrnchId/LEI,LEI,LEIIdentifier,0,1
pacs.004.001.15,/Document/PmtRtr/TxInf/OrgnlTxRef/UndrlygFICdtTrf/IntrmyAgt2/BrnchId/Nm,Nm,Max140Text,0,1
pacs.004.001.15,/Document/PmtRtr/TxInf/OrgnlTxRef/UndrlygFICdtTrf/IntrmyAgt2/BrnchId/PstlAdr,PstlAdr,PostalAddress27,0,1
pacs.004.001.15,/Document/PmtRtr/TxInf/OrgnlTxRef/UndrlygFICdtTrf/IntrmyAgt2/BrnchId/PstlAdr/AdrTp,AdrTp,AddressType3Choice,0,1
pacs.004.001.15,/Document/PmtRtr/TxInf/OrgnlTxRef/UndrlygFICdtTrf/IntrmyAgt2/BrnchId/PstlAdr/AdrTp/Cd,Cd,AddressType2Code,1,1
pacs.004.001.15,/Document/PmtRtr/TxInf/OrgnlTxRef/UndrlygFICdtTrf/IntrmyAgt2/BrnchId/PstlAdr/AdrTp/Prtry,Prtry,GenericIdentification30,1,1
pacs.004.001.15,/Document/PmtRtr/TxInf/OrgnlTxRef/UndrlygFICdtTrf/IntrmyAgt2/BrnchId/PstlAdr/AdrTp/Prtry/Id,Id,Exact4AlphaNumericText,1,1
pacs.004.001.15,/Document/PmtRtr/TxInf/OrgnlTxRef/UndrlygFICdtTrf/IntrmyAgt2/BrnchId/PstlAdr/AdrTp/Prtry/Issr,Issr,Max35Text,1,1
pacs.004.001.15,/Document/PmtRtr/TxInf/OrgnlTxRef/UndrlygFICdtTrf/IntrmyAgt2/BrnchId/PstlAdr/AdrTp/Prtry/SchmeNm,SchmeNm,Max35Text,0,1
pacs.004.001.15,/Document/PmtRtr/TxInf/OrgnlTxRef/UndrlygFICdtTrf/IntrmyAgt2/BrnchId/PstlAdr/CareOf,CareOf,Max140Text,0,1
pacs.004.001.15,/Document/PmtRtr/TxInf/OrgnlTxRef/UndrlygFICdtTrf/IntrmyAgt2/BrnchId/PstlAdr/Dept,Dept,Max70Text,0,1
pacs.004.001.15,/Document/PmtRtr/TxInf/OrgnlTxRef/UndrlygFICdtTrf/IntrmyAgt2/BrnchId/PstlAdr/SubDept,SubDept,Max70Text,0,1
pacs.004.001.15,/Document/PmtRtr/TxInf/OrgnlTxRef/UndrlygFICdtTrf/IntrmyAgt2/BrnchId/PstlAdr/StrtNm,StrtNm,Max140Text,0,1
pacs.004.001.15,/Document/PmtRtr/TxInf/OrgnlTxRef/UndrlygFICdtTrf/IntrmyAgt2/BrnchId/PstlAdr/BldgNb,BldgNb,Max16Text,0,1
pacs.004.001.15,/Document/PmtRtr/TxInf/OrgnlTxRef/UndrlygFICdtTrf/IntrmyAgt2/BrnchId/PstlAdr/BldgNm,BldgNm,Max140Text,0,1
pacs.004.001.15,/Document/PmtRtr/TxInf/OrgnlTxRef/UndrlygFICdtTrf/IntrmyAgt2/BrnchId/PstlAdr/Flr,Flr,Max70Text,0,1
pacs.004.001.15,/Document/PmtRtr/TxInf/OrgnlTxRef/UndrlygFICdtTrf/IntrmyAgt2/BrnchId/PstlAdr/UnitNb,UnitNb,Max16Text,0,1
pacs.004.001.15,/Document/PmtRtr/TxInf/OrgnlTxRef/UndrlygFICdtTrf/IntrmyAgt2/BrnchId/PstlAdr/PstBx,PstBx,Max16Text,0,1
pacs.004.001.15,/Document/PmtRtr/TxInf/OrgnlTxRef/UndrlygFICdtTrf/IntrmyAgt2/BrnchId/PstlAdr/Room,Room,Max70Text,0,1
pacs.004.001.15,/Document/PmtRtr/TxInf/OrgnlTxRef/UndrlygFICdtTrf/IntrmyAgt2/BrnchId/PstlAdr/PstCd,PstCd,Max16Text,0,1
pacs.004.001.15,/Document/PmtRtr/TxInf/OrgnlTxRef/UndrlygFICdtTrf/IntrmyAgt2/BrnchId/PstlAdr/TwnNm,TwnNm,Max140Text,0,1
pacs.004.001.15,/Document/PmtRtr/TxInf/OrgnlTxRef/UndrlygFICdtTrf/IntrmyAgt2/BrnchId/PstlAdr/TwnLctnNm,TwnLctnNm,Max140Text,0,1
pacs.004.001.15,/Document/PmtRtr/TxInf/OrgnlTxRef/UndrlygFICdtTrf/IntrmyAgt2/BrnchId/PstlAdr/DstrctNm,DstrctNm,Max140Text,0,1
pacs.004.001.15,/Document/PmtRtr/TxInf/OrgnlTxRef/UndrlygFICdtTrf/IntrmyAgt2/BrnchId/PstlAdr/CtrySubDvsn,CtrySubDvsn,Max35Text,0,1
pacs.004.001.15,/Document/PmtRtr/TxInf/OrgnlTxRef/UndrlygFICdtTrf/IntrmyAgt2/BrnchId/PstlAdr/Ctry,Ctry,CountryCode,0,1
pacs.004.001.15,/Document/PmtRtr/TxInf/OrgnlTxRef/UndrlygFICdtTrf/IntrmyAgt2/BrnchId/PstlAdr/AdrLine,AdrLine,Max70Text,0,7
pacs.004.001.15,/Document/PmtRtr/TxInf/OrgnlTxRef/UndrlygFICdtTrf/IntrmyAgt2Acct,IntrmyAgt2Acct,CashAccount40,0,1
pacs.004.001.15,/Document/PmtRtr/TxInf/OrgnlTxRef/UndrlygFICdtTrf/IntrmyAgt2Acct/Id,Id,AccountIdentification4Choice,0,1
pacs.004.001.15,/Document/PmtRtr/TxInf/OrgnlTxRef/UndrlygFICdtTrf/IntrmyAgt2Acct/Id/IBAN,IBAN,IBAN2007Identifier,1,1
pacs.004.001.15,/Document/PmtRtr/TxInf/OrgnlTxRef/UndrlygFICdtTrf/IntrmyAgt2Acct/Id/Othr,Othr,GenericAccountIdentification1,1,1
pacs.004.001.15,/Document/PmtRtr/TxInf/OrgnlTxRef/UndrlygFICdtTrf/IntrmyAgt2Acct/Id/Othr/Id,Id,Max34Text,1,1
pacs.004.001.15,/Document/PmtRtr/TxInf/OrgnlTxRef/UndrlygFICdtTrf/IntrmyAgt2Acct/Id/Othr/SchmeNm,SchmeNm,AccountSchemeName1Choice,0,1
pacs.004.001.15,/Document/PmtRtr/TxInf/OrgnlTxRef/UndrlygFICdtTrf/IntrmyAgt2Acct/Id/Othr/SchmeNm/Cd,Cd,ExternalAccountIdentification1Code,1,1
pacs.004.001.15,/Document/PmtRtr/TxInf/OrgnlTxRef/UndrlygFICdtTrf/IntrmyAgt2Acct/Id/Othr/SchmeNm/Prtry,Prtry,Max35Text,1,1
pacs.004.001.15,/Document/PmtRtr/TxInf/OrgnlTxRef/UndrlygFICdtTrf/IntrmyAgt2Acct/Id/Othr/Issr,Issr,Max35Text,0,1
pacs.004.001.15,/Document/PmtRtr/TxInf/OrgnlTxRef/UndrlygFICdtTrf/IntrmyAgt2Acct/Tp,Tp,CashAccountType2Choice,0,1
pacs.004.001.15,/Document/PmtRtr/TxInf/OrgnlTxRef/UndrlygFICdtTrf/IntrmyAgt2Acct/Tp/Cd,Cd,ExternalCashAccountType1Code,1,1
pacs.004.001.15,/Document/PmtRtr/TxInf/OrgnlTxRef/UndrlygFICdtTrf/IntrmyAgt2Acct/Tp/Prtry,Prtry,Max35Text,1,1
pacs.004.001.15,/Document/PmtRtr/TxInf/OrgnlTxRef/UndrlygFICdtTrf/IntrmyAgt2Acct/Ccy,Ccy,ActiveOrHistoricCurrencyCode,0,1
pacs.004.001.15,/Document/PmtRtr/TxInf/OrgnlTxRef/UndrlygFICdtTrf/IntrmyAgt2Acct/Nm,Nm,Max70Text,0,1
pacs.004.001.15,/Document/PmtRtr/TxInf/OrgnlTxRef/UndrlygFICdtTrf/IntrmyAgt2Acct/Prxy,Prxy,ProxyAccountIdentification1,0,1
pacs.004.001.15,/Document/PmtRtr/TxInf/OrgnlTxRef/UndrlygFICdtTrf/IntrmyAgt2Acct/Prxy/Tp,Tp,ProxyAccountType1Choice,0,1
pacs.004.001.15,/Document/PmtRtr/TxInf/OrgnlTxRef/UndrlygFICdtTrf/IntrmyAgt2Acct/Prxy/Tp/Cd,Cd,ExternalProxyAccountType1Code,1,1
pacs.004.001.15,/Document/PmtRtr/TxInf/OrgnlTxRef/UndrlygFICdtTrf/IntrmyAgt2Acct/Prxy/Tp/Prtry,Prtry,Max35Text,1,1
pacs.004.001.15,/Document/PmtRtr/TxInf/OrgnlTxRef/UndrlygFICdtTrf/IntrmyAgt2Acct/Prxy/Id,Id,Max2048Text,1,1
pacs.004.001.15,/Document/PmtRtr/TxInf/OrgnlTxRef/UndrlygFICdtTrf/IntrmyAgt3,IntrmyAgt3,BranchAndFinancialInstitutionIdentification8,0,1
pacs.004.001.15,/Document/PmtRtr/TxInf/OrgnlTxRef/UndrlygFICdtTrf/IntrmyAgt3/FinInstnId,FinInstnId,FinancialInstitutionIdentification23,1,1
pacs.004.001.15,/Document/PmtRtr/TxInf/OrgnlTxRef/UndrlygFICdtTrf/IntrmyAgt3/FinInstnId/BICFI,BICFI,BICFIDec2014Identifier,0,1
pacs.004.001.15,/Document/PmtRtr/TxInf/OrgnlTxRef/UndrlygFICdtTrf/IntrmyAgt3/FinInstnId/ClrSysMmbId,ClrSysMmbId,ClearingSystemMemberIdentification2,0,1
pacs.004.001.15,/Document/PmtRtr/TxInf/OrgnlTxRef/UndrlygFICdtTrf/IntrmyAgt3/FinInstnId/ClrSysMmbId/ClrSysId,ClrSysId,ClearingSystemIdentification2Choice,0,1
pacs.004.001.15,/Document/PmtRtr/TxInf/OrgnlTxRef/UndrlygFICdtTrf/IntrmyAgt3/FinInstnId/ClrSysMmbId/ClrSysId/Cd,Cd,ExternalClearingSystemIdentification1Code,1,1
pacs.004.001.15,/Document/PmtRtr/TxInf/OrgnlTxRef/UndrlygFICdtTrf/IntrmyAgt3/FinInstnId/ClrSysMmbId/ClrSysId/Prtry,Prtry,Max35Text,1,1
pacs.004.001.15,/Document/PmtRtr/TxInf/OrgnlTxRef/UndrlygFICdtTrf/IntrmyAgt3/FinInstnId/ClrSysMmbId/MmbId,MmbId,Max35Text,1,1
pacs.004.001.15,/Document/PmtRtr/TxInf/OrgnlTxRef/UndrlygFICdtTrf/IntrmyAgt3/FinInstnId/LEI,LEI,LEIIdentifier,0,1
pacs.004.001.15,/Document/PmtRtr/TxInf/OrgnlTxRef/UndrlygFICdtTrf/IntrmyAgt3/FinInstnId/Nm,Nm,Max140Text,0,1
pacs.004.001.15,/Document/PmtRtr/TxInf/OrgnlTxRef/UndrlygFICdtTrf/IntrmyAgt3/FinInstnId/PstlAdr,PstlAdr,PostalAddress27,0,1
pacs.004.001.15,/Document/PmtRtr/TxInf/OrgnlTxRef/UndrlygFICdtTrf/IntrmyAgt3/FinInstnId/PstlAdr/AdrTp,AdrTp,AddressType3Choice,0,1
pacs.004.001.15,/Document/PmtRtr/TxInf/OrgnlTxRef/UndrlygFICdtTrf/IntrmyAgt3/FinInstnId/PstlAdr/AdrTp/Cd,Cd,AddressType2Code,1,1
pacs.004.001.15,/Document/PmtRtr/TxInf/OrgnlTxRef/UndrlygFICdtTrf/IntrmyAgt3/FinInstnId/PstlAdr/AdrTp/Prtry,Prtry,GenericIdentification30,1,1
pacs.004.001.15,/Document/PmtRtr/TxInf/OrgnlTxRef/UndrlygFICdtTrf/IntrmyAgt3/FinInstnId/PstlAdr/AdrTp/Prtry/Id,Id,Exact4AlphaNumericText,1,1
pacs.004.001.15,/Document/PmtRtr/TxInf/OrgnlTxRef/UndrlygFICdtTrf/IntrmyAgt3/FinInstnId/PstlAdr/AdrTp/Prtry/Issr,Issr,Max35Text,1,1
pacs.004.001.15,/Document/PmtRtr/TxInf/OrgnlTxRef/UndrlygFICdtTrf/IntrmyAgt3/FinInstnId/PstlAdr/AdrTp/Prtry/SchmeNm,SchmeNm,Max35Text,0,1
pacs.004.001.15,/Document/PmtRtr/TxInf/OrgnlTxRef/UndrlygFICdtTrf/IntrmyAgt3/FinInstnId/PstlAdr/CareOf,CareOf,Max140Text,0,1
pacs.004.001.15,/Document/PmtRtr/TxInf/OrgnlTxRef/UndrlygFICdtTrf/IntrmyAgt3/FinInstnId/PstlAdr/Dept,Dept,Max70Text,0,1
pacs.004.001.15,/Document/PmtRtr/TxInf/OrgnlTxRef/UndrlygFICdtTrf/IntrmyAgt3/FinInstnId/PstlAdr/SubDept,SubDept,Max70Text,0,1
pacs.004.001.15,/Document/PmtRtr/TxInf/OrgnlTxRef/UndrlygFICdtTrf/IntrmyAgt3/FinInstnId/PstlAdr/StrtNm,StrtNm,Max140Text,0,1
pacs.004.001.15,/Document/PmtRtr/TxInf/OrgnlTxRef/UndrlygFICdtTrf/IntrmyAgt3/FinInstnId/PstlAdr/BldgNb,BldgNb,Max16Text,0,1
pacs.004.001.15,/Document/PmtRtr/TxInf/OrgnlTxRef/UndrlygFICdtTrf/IntrmyAgt3/FinInstnId/PstlAdr/BldgNm,BldgNm,Max140Text,0,1
pacs.004.001.15,/Document/PmtRtr/TxInf/OrgnlTxRef/UndrlygFICdtTrf/IntrmyAgt3/FinInstnId/PstlAdr/Flr,Flr,Max70Text,0,1
pacs.004.001.15,/Document/PmtRtr/TxInf/OrgnlTxRef/UndrlygFICdtTrf/IntrmyAgt3/FinInstnId/PstlAdr/UnitNb,UnitNb,Max16Text,0,1
pacs.004.001.15,/Document/PmtRtr/TxInf/OrgnlTxRef/UndrlygFICdtTrf/IntrmyAgt3/FinInstnId/PstlAdr/PstBx,PstBx,Max16Text,0,1
pacs.004.001.15,/Document/PmtRtr/TxInf/OrgnlTxRef/UndrlygFICdtTrf/IntrmyAgt3/FinInstnId/PstlAdr/Room,Room,Max70Text,0,1
pacs.004.001.15,/Document/PmtRtr/TxInf/OrgnlTxRef/UndrlygFICdtTrf/IntrmyAgt3/FinInstnId/PstlAdr/PstCd,PstCd,Max16Text,0,1
pacs.004.001.15,/Document/PmtRtr/TxInf/OrgnlTxRef/UndrlygFICdtTrf/IntrmyAgt3/FinInstnId/PstlAdr/TwnNm,TwnNm,Max140Text,0,1
pacs.004.001.15,/Document/PmtRtr/TxInf/OrgnlTxRef/UndrlygFICdtTrf/IntrmyAgt3/FinInstnId/PstlAdr/TwnLctnNm,TwnLctnNm,Max140Text,0,1
pacs.004.001.15,/Document/PmtRtr/TxInf/OrgnlTxRef/UndrlygFICdtTrf/IntrmyAgt3/FinInstnId/PstlAdr/DstrctNm,DstrctNm,Max140Text,0,1
pacs.004.001.15,/Document/PmtRtr/TxInf/OrgnlTxRef/UndrlygFICdtTrf/IntrmyAgt3/FinInstnId/PstlAdr/CtrySubDvsn,CtrySubDvsn,Max35Text,0,1
pacs.004.001.15,/Document/PmtRtr/TxInf/OrgnlTxRef/UndrlygFICdtTrf/IntrmyAgt3/FinInstnId/PstlAdr/Ctry,Ctry,CountryCode,0,1
pacs.004.001.15,/Document/PmtRtr/TxInf/OrgnlTxRef/UndrlygFICdtTrf/IntrmyAgt3/FinInstnId/PstlAdr/AdrLine,AdrLine,Max70Text,0,7
pacs.004.001.15,/Document/PmtRtr/TxInf/OrgnlTxRef/UndrlygFICdtTrf/IntrmyAgt3/FinInstnId/Othr,Othr,GenericFinancialIdentification1,0,1
pacs.004.001.15,/Document/PmtRtr/TxInf/OrgnlTxRef/UndrlygFICdtTrf/IntrmyAgt3/FinInstnId/Othr/Id,Id,Max35Text,1,1
pacs.004.001.15,/Document/PmtRtr/TxInf/OrgnlTxRef/UndrlygFICdtTrf/IntrmyAgt3/FinInstnId/Othr/SchmeNm,SchmeNm,FinancialIdentificationSchemeName1Choice,0,1
pacs.004.001.15,/Document/PmtRtr/TxInf/OrgnlTxRef/UndrlygFICdtTrf/IntrmyAgt3/FinInstnId/Othr/SchmeNm/Cd,Cd,ExternalFinancialInstitutionIdentification1Code,1,1
pacs.004.001.15,/Document/PmtRtr/TxInf/OrgnlTxRef/UndrlygFICdtTrf/IntrmyAgt3/FinInstnId/Othr/SchmeNm/Prtry,Prtry,Max35Text,1,1
pacs.004.001.15,/Document/PmtRtr/TxInf/OrgnlTxRef/UndrlygFICdtTrf/IntrmyAgt3/FinInstnId/Othr/Issr,Issr,Max35Text,0,1
pacs.004.001.15,/Document/PmtRtr/TxInf/OrgnlTxRef/UndrlygFICdtTrf/IntrmyAgt3/BrnchId,BrnchId,BranchData5,0,1
pacs.004.001.15,/Document/PmtRtr/TxInf/OrgnlTxRef/UndrlygFICdtTrf/IntrmyAgt3/BrnchId/Id,Id,Max35Text,0,1
pacs.004.001.15,/Document/PmtRtr/TxInf/OrgnlTxRef/UndrlygFICdtTrf/IntrmyAgt3/BrnchId/LEI,LEI,LEIIdentifier,0,1
pacs.004.001.15,/Document/PmtRtr/TxInf/OrgnlTxRef/UndrlygFICdtTrf/IntrmyAgt3/BrnchId/Nm,Nm,Max140Text,0,1
pacs.004.001.15,/Document/PmtRtr/TxInf/OrgnlTxRef/UndrlygFICdtTrf/IntrmyAgt3/BrnchId/PstlAdr,PstlAdr,PostalAddress27,0,1
pacs.004.001.15,/Document/PmtRtr/TxInf/OrgnlTxRef/UndrlygFICdtTrf/IntrmyAgt3/BrnchId/PstlAdr/AdrTp,AdrTp,AddressType3Choice,0,1
pacs.004.001.15,/Document/PmtRtr/TxInf/OrgnlTxRef/UndrlygFICdtTrf/IntrmyAgt3/BrnchId/PstlAdr/AdrTp/Cd,Cd,AddressType2Code,1,1
pacs.004.001.15,/Document/PmtRtr/TxInf/OrgnlTxRef/UndrlygFICdtTrf/IntrmyAgt3/BrnchId/PstlAdr/AdrTp/Prtry,Prtry,GenericIdentification30,1,1
pacs.004.001.15,/Document/PmtRtr/TxInf/OrgnlTxRef/UndrlygFICdtTrf/IntrmyAgt3/BrnchId/PstlAdr/AdrTp/Prtry/Id,Id,Exact4AlphaNumericText,1,1
pacs.004.001.15,/Document/PmtRtr/TxInf/OrgnlTxRef/UndrlygFICdtTrf/IntrmyAgt3/BrnchId/PstlAdr/AdrTp/Prtry/Issr,Issr,Max35Text,1,1
pacs.004.001.15,/Document/PmtRtr/TxInf/OrgnlTxRef/UndrlygFICdtTrf/IntrmyAgt3/BrnchId/PstlAdr/AdrTp/Prtry/SchmeNm,SchmeNm,Max35Text,0,1
pacs.004.001.15,/Document/PmtRtr/TxInf/OrgnlTxRef/UndrlygFICdtTrf/IntrmyAgt3/BrnchId/PstlAdr/CareOf,CareOf,Max140Text,0,1
pacs.004.001.15,/Document/PmtRtr/TxInf/OrgnlTxRef/UndrlygFICdtTrf/IntrmyAgt3/BrnchId/PstlAdr/Dept,Dept,Max70Text,0,1
pacs.004.001.15,/Document/PmtRtr/TxInf/OrgnlTxRef/UndrlygFICdtTrf/IntrmyAgt3/BrnchId/PstlAdr/SubDept,SubDept,Max70Text,0,1
pacs.004.001.15,/Document/PmtRtr/TxInf/OrgnlTxRef/UndrlygFICdtTrf/IntrmyAgt3/BrnchId/PstlAdr/StrtNm,StrtNm,Max140Text,0,1
pacs.004.001.15,/Document/PmtRtr/TxInf/OrgnlTxRef/UndrlygFICdtTrf/IntrmyAgt3/BrnchId/PstlAdr/BldgNb,BldgNb,Max16Text,0,1
pacs.004.001.15,/Document/PmtRtr/TxInf/OrgnlTxRef/UndrlygFICdtTrf/IntrmyAgt3/BrnchId/PstlAdr/BldgNm,BldgNm,Max140Text,0,1
pacs.004.001.15,/Document/PmtRtr/TxInf/OrgnlTxRef/UndrlygFICdtTrf/IntrmyAgt3/BrnchId/PstlAdr/Flr,Flr,Max70Text,0,1
pacs.004.001.15,/Document/PmtRtr/TxInf/OrgnlTxRef/UndrlygFICdtTrf/IntrmyAgt3/BrnchId/PstlAdr/UnitNb,UnitNb,Max16Text,0,1
pacs.004.001.15,/Document/PmtRtr/TxInf/OrgnlTxRef/UndrlygFICdtTrf/IntrmyAgt3/BrnchId/PstlAdr/PstBx,PstBx,Max16Text,0,1
pacs.004.001.15,/Document/PmtRtr/TxInf/OrgnlTxRef/UndrlygFICdtTrf/IntrmyAgt3/BrnchId/PstlAdr/Room,Room,Max70Text,0,1
pacs.004.001.15,/Document/PmtRtr/TxInf/OrgnlTxRef/UndrlygFICdtTrf/IntrmyAgt3/BrnchId/PstlAdr/PstCd,PstCd,Max16Text,0,1
pacs.004.001.15,/Document/PmtRtr/TxInf/OrgnlTxRef/UndrlygFICdtTrf/IntrmyAgt3/BrnchId/PstlAdr/TwnNm,TwnNm,Max140Text,0,1
pacs.004.001.15,/Document/PmtRtr/TxInf/OrgnlTxRef/UndrlygFICdtTrf/IntrmyAgt3/BrnchId/PstlAdr/TwnLctnNm,TwnLctnNm,Max140Text,0,1
pacs.004.001.15,/Document/PmtRtr/TxInf/OrgnlTxRef/UndrlygFICdtTrf/IntrmyAgt3/BrnchId/PstlAdr/DstrctNm,DstrctNm,Max140Text,0,1
pacs.004.001.15,/Document/PmtRtr/TxInf/OrgnlTxRef/UndrlygFICdtTrf/IntrmyAgt3/BrnchId/PstlAdr/CtrySubDvsn,CtrySubDvsn,Max35Text,0,1
pacs.004.001.15,/Document/PmtRtr/TxInf/OrgnlTxRef/UndrlygFICdtTrf/IntrmyAgt3/BrnchId/PstlAdr/Ctry,Ctry,CountryCode,0,1
pacs.004.001.15,/Document/PmtRtr/TxInf/OrgnlTxRef/UndrlygFICdtTrf/IntrmyAgt3/BrnchId/PstlAdr/AdrLine,AdrLine,Max70Text,0,7
pacs.004.001.15,/Document/PmtRtr/TxInf/OrgnlTxRef/UndrlygFICdtTrf/IntrmyAgt3Acct,IntrmyAgt3Acct,CashAccount40,0,1
pacs.004.001.15,/Document/PmtRtr/TxInf/OrgnlTxRef/UndrlygFICdtTrf/IntrmyAgt3Acct/Id,Id,AccountIdentification4Choice,0,1
pacs.004.001.15,/Document/PmtRtr/TxInf/OrgnlTxRef/UndrlygFICdtTrf/IntrmyAgt3Acct/Id/IBAN,IBAN,IBAN2007Identifier,1,1
pacs.004.001.15,/Document/PmtRtr/TxInf/OrgnlTxRef/UndrlygFICdtTrf/IntrmyAgt3Acct/Id/Othr,Othr,GenericAccountIdentification1,1,1
pacs.004.001.15,/Document/PmtRtr/TxInf/OrgnlTxRef/UndrlygFICdtTrf/IntrmyAgt3Acct/Id/Othr/Id,Id,Max34Text,1,1
pacs.004.001.15,/Document/PmtRtr/TxInf/OrgnlTxRef/UndrlygFICdtTrf/IntrmyAgt3Acct/Id/Othr/SchmeNm,SchmeNm,AccountSchemeName1Choice,0,1
pacs.004.001.15,/Document/PmtRtr/TxInf/OrgnlTxRef/UndrlygFICdtTrf/IntrmyAgt3Acct/Id/Othr/SchmeNm/Cd,Cd,ExternalAccountIdentification1Code,1,1
pacs.004.001.15,/Document/PmtRtr/TxInf/OrgnlTxRef/UndrlygFICdtTrf/IntrmyAgt3Acct/Id/Othr/SchmeNm/Prtry,Prtry,Max35Text,1,1
pacs.004.001.15,/Document/PmtRtr/TxInf/OrgnlTxRef/UndrlygFICdtTrf/IntrmyAgt3Acct/Id/Othr/Issr,Issr,Max35Text,0,1
pacs.004.001.15,/Document/PmtRtr/TxInf/OrgnlTxRef/UndrlygFICdtTrf/IntrmyAgt3Acct/Tp,Tp,CashAccountType2Choice,0,1
pacs.004.001.15,/Document/PmtRtr/TxInf/OrgnlTxRef/UndrlygFICdtTrf/IntrmyAgt3Acct/Tp/Cd,Cd,ExternalCashAccountType1Code,1,1
pacs.004.001.15,/Document/PmtRtr/TxInf/OrgnlTxRef/UndrlygFICdtTrf/IntrmyAgt3Acct/Tp/Prtry,Prtry,Max35Text,1,1
pacs.004.001.15,/Document/PmtRtr/TxInf/OrgnlTxRef/UndrlygFICdtTrf/IntrmyAgt3Acct/Ccy,Ccy,ActiveOrHistoricCurrencyCode,0,1
pacs.004.001.15,/Document/PmtRtr/TxInf/OrgnlTxRef/UndrlygFICdtTrf/IntrmyAgt3Acct/Nm,Nm,Max70Text,0,1
pacs.004.001.15,/Document/PmtRtr/TxInf/OrgnlTxRef/UndrlygFICdtTrf/IntrmyAgt3Acct/Prxy,Prxy,ProxyAccountIdentification1,0,1
pacs.004.001.15,/Document/PmtRtr/TxInf/OrgnlTxRef/UndrlygFICdtTrf/IntrmyAgt3Acct/Prxy/Tp,Tp,ProxyAccountType1Choice,0,1
pacs.004.001.15,/Document/PmtRtr/TxInf/OrgnlTxRef/UndrlygFICdtTrf/IntrmyAgt3Acct/Prxy/Tp/Cd,Cd,ExternalProxyAccountType1Code,1,1
pacs.004.001.15,/Document/PmtRtr/TxInf/OrgnlTxRef/UndrlygFICdtTrf/IntrmyAgt3Acct/Prxy/Tp/Prtry,Prtry,Max35Text,1,1
pacs.004.001.15,/Document/PmtRtr/TxInf/OrgnlTxRef/UndrlygFICdtTrf/IntrmyAgt3Acct/Prxy/Id,Id,Max2048Text,1,1
pacs.004.001.15,/Document/PmtRtr/TxInf/OrgnlTxRef/UndrlygFICdtTrf/UltmtDbtr,UltmtDbtr,BranchAndFinancialInstitutionIdentification8,0,1
pacs.004.001.15,/Document/PmtRtr/TxInf/OrgnlTxRef/UndrlygFICdtTrf/UltmtDbtr/FinInstnId,FinInstnId,FinancialInstitutionIdentification23,1,1
pacs.004.001.15,/Document/PmtRtr/TxInf/OrgnlTxRef/UndrlygFICdtTrf/UltmtDbtr/FinInstnId/BICFI,BICFI,BICFIDec2014Identifier,0,1
pacs.004.001.15,/Document/PmtRtr/TxInf/OrgnlTxRef/UndrlygFICdtTrf/UltmtDbtr/FinInstnId/ClrSysMmbId,ClrSysMmbId,ClearingSystemMemberIdentification2,0,1
pacs.004.001.15,/Document/PmtRtr/TxInf/OrgnlTxRef/UndrlygFICdtTrf/UltmtDbtr/FinInstnId/ClrSysMmbId/ClrSysId,ClrSysId,ClearingSystemIdentification2Choice,0,1
pacs.004.001.15,/Document/PmtRtr/TxInf/OrgnlTxRef/UndrlygFICdtTrf/UltmtDbtr/FinInstnId/ClrSysMmbId/ClrSysId/Cd,Cd,ExternalClearingSystemIdentification1Code,1,1
pacs.004.001.15,/Document/PmtRtr/TxInf/OrgnlTxRef/UndrlygFICdtTrf/UltmtDbtr/FinInstnId/ClrSysMmbId/ClrSysId/Prtry,Prtry,Max35Text,1,1
pacs.004.001.15,/Document/PmtRtr/TxInf/OrgnlTxRef/UndrlygFICdtTrf/UltmtDbtr/FinInstnId/ClrSysMmbId/MmbId,MmbId,Max35Text,1,1
pacs.004.001.15,/Document/PmtRtr/TxInf/OrgnlTxRef/UndrlygFICdtTrf/UltmtDbtr/FinInstnId/LEI,LEI,LEIIdentifier,0,1
pacs.004.001.15,/Document/PmtRtr/TxInf/OrgnlTxRef/UndrlygFICdtTrf/UltmtDbtr/FinInstnId/Nm,Nm,Max140Text,0,1
pacs.004.001.15,/Document/PmtRtr/TxInf/OrgnlTxRef/UndrlygFICdtTrf/UltmtDbtr/FinInstnId/PstlAdr,PstlAdr,PostalAddress27,0,1
pacs.004.001.15,/Document/PmtRtr/TxInf/OrgnlTxRef/UndrlygFICdtTrf/UltmtDbtr/FinInstnId/PstlAdr/AdrTp,AdrTp,AddressType3Choice,0,1
pacs.004.001.15,/Document/PmtRtr/TxInf/OrgnlTxRef/UndrlygFICdtTrf/UltmtDbtr/FinInstnId/PstlAdr/AdrTp/Cd,Cd,AddressType2Code,1,1
pacs.004.001.15,/Document/PmtRtr/TxInf/OrgnlTxRef/UndrlygFICdtTrf/UltmtDbtr/FinInstnId/PstlAdr/AdrTp/Prtry,Prtry,GenericIdentification30,1,1
pacs.004.001.15,/Document/PmtRtr/TxInf/OrgnlTxRef/UndrlygFICdtTrf/UltmtDbtr/FinInstnId/PstlAdr/AdrTp/Prtry/Id,Id,Exact4AlphaNumericText,1,1
pacs.004.001.15,/Document/PmtRtr/TxInf/OrgnlTxRef/UndrlygFICdtTrf/UltmtDbtr/FinInstnId/PstlAdr/AdrTp/Prtry/Issr,Issr,Max35Text,1,1
pacs.004.001.15,/Document/PmtRtr/TxInf/OrgnlTxRef/UndrlygFICdtTrf/UltmtDbtr/FinInstnId/PstlAdr/AdrTp/Prtry/SchmeNm,SchmeNm,Max35Text,0,1
pacs.004.001.15,/Document/PmtRtr/TxInf/OrgnlTxRef/UndrlygFICdtTrf/UltmtDbtr/FinInstnId/PstlAdr/CareOf,CareOf,Max140Text,0,1
pacs.004.001.15,/Document/PmtRtr/TxInf/OrgnlTxRef/UndrlygFICdtTrf/UltmtDbtr/FinInstnId/PstlAdr/Dept,Dept,Max70Text,0,1
pacs.004.001.15,/Document/PmtRtr/TxInf/OrgnlTxRef/UndrlygFICdtTrf/UltmtDbtr/FinInstnId/PstlAdr/SubDept,SubDept,Max70Text,0,1
pacs.004.001.15,/Document/PmtRtr/TxInf/OrgnlTxRef/UndrlygFICdtTrf/UltmtDbtr/FinInstnId/PstlAdr/StrtNm,StrtNm,Max140Text,0,1
pacs.004.001.15,/Document/PmtRtr/TxInf/OrgnlTxRef/UndrlygFICdtTrf/UltmtDbtr/FinInstnId/PstlAdr/BldgNb,BldgNb,Max16Text,0,1
pacs.004.001.15,/Document/PmtRtr/TxInf/OrgnlTxRef/UndrlygFICdtTrf/UltmtDbtr/FinInstnId/PstlAdr/BldgNm,BldgNm,Max140Text,0,1
pacs.004.001.15,/Document/PmtRtr/TxInf/OrgnlTxRef/UndrlygFICdtTrf/UltmtDbtr/FinInstnId/PstlAdr/Flr,Flr,Max70Text,0,1
pacs.004.001.15,/Document/PmtRtr/TxInf/OrgnlTxRef/UndrlygFICdtTrf/UltmtDbtr/FinInstnId/PstlAdr/UnitNb,UnitNb,Max16Text,0,1
pacs.004.001.15,/Document/PmtRtr/TxInf/OrgnlTxRef/UndrlygFICdtTrf/UltmtDbtr/FinInstnId/PstlAdr/PstBx,PstBx,Max16Text,0,1
pacs.004.001.15,/Document/PmtRtr/TxInf/OrgnlTxRef/UndrlygFICdtTrf/UltmtDbtr/FinInstnId/PstlAdr/Room,Room,Max70Text,0,1
pacs.004.001.15,/Document/PmtRtr/TxInf/OrgnlTxRef/UndrlygFICdtTrf/UltmtDbtr/FinInstnId/PstlAdr/PstCd,PstCd,Max16Text,0,1
pacs.004.001.15,/Document/PmtRtr/TxInf/OrgnlTxRef/UndrlygFICdtTrf/UltmtDbtr/FinInstnId/PstlAdr/TwnNm,TwnNm,Max140Text,0,1
pacs.004.001.15,/Document/PmtRtr/TxInf/OrgnlTxRef/UndrlygFICdtTrf/UltmtDbtr/FinInstnId/PstlAdr/TwnLctnNm,TwnLctnNm,Max140Text,0,1
pacs.004.001.15,/Document/PmtRtr/TxInf/OrgnlTxRef/UndrlygFICdtTrf/UltmtDbtr/FinInstnId/PstlAdr/DstrctNm,DstrctNm,Max140Text,0,1
pacs.004.001.15,/Document/PmtRtr/TxInf/OrgnlTxRef/UndrlygFICdtTrf/UltmtDbtr/FinInstnId/PstlAdr/CtrySubDvsn,CtrySubDvsn,Max35Text,0,1
pacs.004.001.15,/Document/PmtRtr/TxInf/OrgnlTxRef/UndrlygFICdtTrf/UltmtDbtr/FinInstnId/PstlAdr/Ctry,Ctry,CountryCode,0,1
pacs.004.001.15,/Document/PmtRtr/TxInf/OrgnlTxRef/UndrlygFICdtTrf/UltmtDbtr/FinInstnId/PstlAdr/AdrLine,AdrLine,Max70Text,0,7
pacs.004.001.15,/Document/PmtRtr/TxInf/OrgnlTxRef/UndrlygFICdtTrf/UltmtDbtr/FinInstnId/Othr,Othr,GenericFinancialIdentification1,0,1
pacs.004.001.15,/Document/PmtRtr/TxInf/OrgnlTxRef/UndrlygFICdtTrf/UltmtDbtr/FinInstnId/Othr/Id,Id,Max35Text,1,1
pacs.004.001.15,/Document/PmtRtr/TxInf/OrgnlTxRef/UndrlygFICdtTrf/UltmtDbtr/FinInstnId/Othr/SchmeNm,SchmeNm,FinancialIdentificationSchemeName1Choice,0,1
pacs.004.001.15,/Document/PmtRtr/TxInf/OrgnlTxRef/UndrlygFICdtTrf/UltmtDbtr/FinInstnId/Othr/SchmeNm/Cd,Cd,ExternalFinancialInstitutionIdentification1Code,1,1
pacs.004.001.15,/Document/PmtRtr/TxInf/OrgnlTxRef/UndrlygFICdtTrf/UltmtDbtr/FinInstnId/Othr/SchmeNm/Prtry,Prtry,Max35Text,1,1
pacs.004.001.15,/Document/PmtRtr/TxInf/OrgnlTxRef/UndrlygFICdtTrf/UltmtDbtr/FinInstnId/Othr/Issr,Issr,Max35Text,0,1
pacs.004.001.15,/Document/PmtRtr/TxInf/OrgnlTxRef/UndrlygFICdtTrf/UltmtDbtr/BrnchId,BrnchId,BranchData5,0,1
pacs.004.001.15,/Document/PmtRtr/TxInf/OrgnlTxRef/UndrlygFICdtTrf/UltmtDbtr/BrnchId/Id,Id,Max35Text,0,1
pacs.004.001.15,/Document/PmtRtr/TxInf/OrgnlTxRef/UndrlygFICdtTrf/UltmtDbtr/BrnchId/LEI,LEI,LEIIdentifier,0,1
pacs.004.001.15,/Document/PmtRtr/TxInf/OrgnlTxRef/UndrlygFICdtTrf/UltmtDbtr/BrnchId/Nm,Nm,Max140Text,0,1
pacs.004.001.15,/Document/PmtRtr/TxInf/OrgnlTxRef/UndrlygFICdtTrf/UltmtDbtr/BrnchId/PstlAdr,PstlAdr,PostalAddress27,0,1
pacs.004.001.15,/Document/PmtRtr/TxInf/OrgnlTxRef/UndrlygFICdtTrf/UltmtDbtr/BrnchId/PstlAdr/AdrTp,AdrTp,AddressType3Choice,0,1
pacs.004.001.15,/Document/PmtRtr/TxInf/OrgnlTxRef/UndrlygFICdtTrf/UltmtDbtr/BrnchId/PstlAdr/AdrTp/Cd,Cd,AddressType2Code,1,1
pacs.004.001.15,/Document/PmtRtr/TxInf/OrgnlTxRef/UndrlygFICdtTrf/UltmtDbtr/BrnchId/PstlAdr/AdrTp/Prtry,Prtry,GenericIdentification30,1,1
pacs.004.001.15,/Document/PmtRtr/TxInf/OrgnlTxRef/UndrlygFICdtTrf/UltmtDbtr/BrnchId/PstlAdr/AdrTp/Prtry/Id,Id,Exact4AlphaNumericText,1,1
pacs.004.001.15,/Document/PmtRtr/TxInf/OrgnlTxRef/UndrlygFICdtTrf/UltmtDbtr/BrnchId/PstlAdr/AdrTp/Prtry/Issr,Issr,Max35Text,1,1
pacs.004.001.15,/Document/PmtRtr/TxInf/OrgnlTxRef/UndrlygFICdtTrf/UltmtDbtr/BrnchId/PstlAdr/AdrTp/Prtry/SchmeNm,SchmeNm,Max35Text,0,1
pacs.004.001.15,/Document/PmtRtr/TxInf/OrgnlTxRef/UndrlygFICdtTrf/UltmtDbtr/BrnchId/PstlAdr/CareOf,CareOf,Max140Text,0,1
pacs.004.001.15,/Document/PmtRtr/TxInf/OrgnlTxRef/UndrlygFICdtTrf/UltmtDbtr/BrnchId/PstlAdr/Dept,Dept,Max70Text,0,1
pacs.004.001.15,/Document/PmtRtr/TxInf/OrgnlTxRef/UndrlygFICdtTrf/UltmtDbtr/BrnchId/PstlAdr/SubDept,SubDept,Max70Text,0,1
pacs.004.001.15,/Document/PmtRtr/TxInf/OrgnlTxRef/UndrlygFICdtTrf/UltmtDbtr/BrnchId/PstlAdr/StrtNm,StrtNm,Max140Text,0,1
pacs.004.001.15,/Document/PmtRtr/TxInf/OrgnlTxRef/UndrlygFICdtTrf/UltmtDbtr/BrnchId/PstlAdr/BldgNb,BldgNb,Max16Text,0,1
pacs.004.001.15,/Document/PmtRtr/TxInf/OrgnlTxRef/UndrlygFICdtTrf/UltmtDbtr/BrnchId/PstlAdr/BldgNm,BldgNm,Max140Text,0,1
pacs.004.001.15,/Document/PmtRtr/TxInf/OrgnlTxRef/UndrlygFICdtTrf/UltmtDbtr/BrnchId/PstlAdr/Flr,Flr,Max70Text,0,1
pacs.004.001.15,/Document/PmtRtr/TxInf/OrgnlTxRef/UndrlygFICdtTrf/UltmtDbtr/BrnchId/PstlAdr/UnitNb,UnitNb,Max16Text,0,1
pacs.004.001.15,/Document/PmtRtr/TxInf/OrgnlTxRef/UndrlygFICdtTrf/UltmtDbtr/BrnchId/PstlAdr/PstBx,PstBx,Max16Text,0,1
pacs.004.001.15,/Document/PmtRtr/TxInf/OrgnlTxRef/UndrlygFICdtTrf/UltmtDbtr/BrnchId/PstlAdr/Room,Room,Max70Text,0,1
pacs.004.001.15,/Document/PmtRtr/TxInf/OrgnlTxRef/UndrlygFICdtTrf/UltmtDbtr/BrnchId/PstlAdr/PstCd,PstCd,Max16Text,0,1
pacs.004.001.15,/Document/PmtRtr/TxInf/OrgnlTxRef/UndrlygFICdtTrf/UltmtDbtr/BrnchId/PstlAdr/TwnNm,TwnNm,Max140Text,0,1
pacs.004.001.15,/Document/PmtRtr/TxInf/OrgnlTxRef/UndrlygFICdtTrf/UltmtDbtr/BrnchId/PstlAdr/TwnLctnNm,TwnLctnNm,Max140Text,0,1
pacs.004.001.15,/Document/PmtRtr/TxInf/OrgnlTxRef/UndrlygFICdtTrf/UltmtDbtr/BrnchId/PstlAdr/DstrctNm,DstrctNm,Max140Text,0,1
pacs.004.001.15,/Document/PmtRtr/TxInf/OrgnlTxRef/UndrlygFICdtTrf/UltmtDbtr/BrnchId/PstlAdr/CtrySubDvsn,CtrySubDvsn,Max35Text,0,1
pacs.004.001.15,/Document/PmtRtr/TxInf/OrgnlTxRef/UndrlygFICdtTrf/UltmtDbtr/BrnchId/PstlAdr/Ctry,Ctry,CountryCode,0,1
pacs.004.001.15,/Document/PmtRtr/TxInf/OrgnlTxRef/UndrlygFICdtTrf/UltmtDbtr/BrnchId/PstlAdr/AdrLine,AdrLine,Max70Text,0,7
pacs.004.001.15,/Document/PmtRtr/TxInf/OrgnlTxRef/UndrlygFICdtTrf/Dbtr,Dbtr,BranchAndFinancialInstitutionIdentification8,1,1
pacs.004.001.15,/Document/PmtRtr/TxInf/OrgnlTxRef/UndrlygFICdtTrf/Dbtr/FinInstnId,FinInstnId,FinancialInstitutionIdentification23,1,1
pacs.004.001.15,/Document/PmtRtr/TxInf/OrgnlTxRef/UndrlygFICdtTrf/Dbtr/FinInstnId/BICFI,BICFI,BICFIDec2014Identifier,0,1
pacs.004.001.15,/Document/PmtRtr/TxInf/OrgnlTxRef/UndrlygFICdtTrf/Dbtr/FinInstnId/ClrSysMmbId,ClrSysMmbId,ClearingSystemMemberIdentification2,0,1
pacs.004.001.15,/Document/PmtRtr/TxInf/OrgnlTxRef/UndrlygFICdtTrf/Dbtr/FinInstnId/ClrSysMmbId/ClrSysId,ClrSysId,ClearingSystemIdentification2Choice,0,1
pacs.004.001.15,/Document/PmtRtr/TxInf/OrgnlTxRef/UndrlygFICdtTrf/Dbtr/FinInstnId/ClrSysMmbId/ClrSysId/Cd,Cd,ExternalClearingSystemIdentification1Code,1,1
pacs.004.001.15,/Document/PmtRtr/TxInf/OrgnlTxRef/UndrlygFICdtTrf/Dbtr/FinInstnId/ClrSysMmbId/ClrSysId/Prtry,Prtry,Max35Text,1,1
pacs.004.001.15,/Document/PmtRtr/TxInf/OrgnlTxRef/UndrlygFICdtTrf/Dbtr/FinInstnId/ClrSysMmbId/MmbId,MmbId,Max35Text,1,1
pacs.004.001.15,/Document/PmtRtr/TxInf/OrgnlTxRef/UndrlygFICdtTrf/Dbtr/FinInstnId/LEI,LEI,LEIIdentifier,0,1
pacs.004.001.15,/Document/PmtRtr/TxInf/OrgnlTxRef/UndrlygFICdtTrf/Dbtr/FinInstnId/Nm,Nm,Max140Text,0,1
pacs.004.001.15,/Document/PmtRtr/TxInf/OrgnlTxRef/UndrlygFICdtTrf/Dbtr/FinInstnId/PstlAdr,PstlAdr,PostalAddress27,0,1
pacs.004.001.15,/Document/PmtRtr/TxInf/OrgnlTxRef/UndrlygFICdtTrf/Dbtr/FinInstnId/PstlAdr/AdrTp,AdrTp,AddressType3Choice,0,1
pacs.004.001.15,/Document/PmtRtr/TxInf/OrgnlTxRef/UndrlygFICdtTrf/Dbtr/FinInstnId/PstlAdr/AdrTp/Cd,Cd,AddressType2Code,1,1
pacs.004.001.15,/Document/PmtRtr/TxInf/OrgnlTxRef/UndrlygFICdtTrf/Dbtr/FinInstnId/PstlAdr/AdrTp/Prtry,Prtry,GenericIdentification30,1,1
pacs.004.001.15,/Document/PmtRtr/TxInf/OrgnlTxRef/UndrlygFICdtTrf/Dbtr/FinInstnId/PstlAdr/AdrTp/Prtry/Id,Id,Exact4AlphaNumericText,1,1
pacs.004.001.15,/Document/PmtRtr/TxInf/OrgnlTxRef/UndrlygFICdtTrf/Dbtr/FinInstnId/PstlAdr/AdrTp/Prtry/Issr,Issr,Max35Text,1,1
pacs.004.001.15,/Document/PmtRtr/TxInf/OrgnlTxRef/UndrlygFICdtTrf/Dbtr/FinInstnId/PstlAdr/AdrTp/Prtry/SchmeNm,SchmeNm,Max35Text,0,1
pacs.004.001.15,/Document/PmtRtr/TxInf/OrgnlTxRef/UndrlygFICdtTrf/Dbtr/FinInstnId/PstlAdr/CareOf,CareOf,Max140Text,0,1
pacs.004.001.15,/Document/PmtRtr/TxInf/OrgnlTxRef/UndrlygFICdtTrf/Dbtr/FinInstnId/PstlAdr/Dept,Dept,Max70Text,0,1
pacs.004.001.15,/Document/PmtRtr/TxInf/OrgnlTxRef/UndrlygFICdtTrf/Dbtr/FinInstnId/PstlAdr/SubDept,SubDept,Max70Text,0,1
pacs.004.001.15,/Document/PmtRtr/TxInf/OrgnlTxRef/UndrlygFICdtTrf/Dbtr/FinInstnId/PstlAdr/StrtNm,StrtNm,Max140Text,0,1
pacs.004.001.15,/Document/PmtRtr/TxInf/OrgnlTxRef/UndrlygFICdtTrf/Dbtr/FinInstnId/PstlAdr/BldgNb,BldgNb,Max16Text,0,1
pacs.004.001.15,/Document/PmtRtr/TxInf/OrgnlTxRef/UndrlygFICdtTrf/Dbtr/FinInstnId/PstlAdr/BldgNm,BldgNm,Max140Text,0,1
pacs.004.001.15,/Document/PmtRtr/TxInf/OrgnlTxRef/UndrlygFICdtTrf/Dbtr/FinInstnId/PstlAdr/Flr,Flr,Max70Text,0,1
pacs.004.001.15,/Document/PmtRtr/TxInf/OrgnlTxRef/UndrlygFICdtTrf/Dbtr/FinInstnId/PstlAdr/UnitNb,UnitNb,Max16Text,0,1
pacs.004.001.15,/Document/PmtRtr/TxInf/OrgnlTxRef/UndrlygFICdtTrf/Dbtr/FinInstnId/PstlAdr/PstBx,PstBx,Max16Text,0,1
pacs.004.001.15,/Document/PmtRtr/TxInf/OrgnlTxRef/UndrlygFICdtTrf/Dbtr/FinInstnId/PstlAdr/Room,Room,Max70Text,0,1
pacs.004.001.15,/Document/PmtRtr/TxInf/OrgnlTxRef/UndrlygFICdtTrf/Dbtr/FinInstnId/PstlAdr/PstCd,PstCd,Max16Text,0,1
pacs.004.001.15,/Document/PmtRtr/TxInf/OrgnlTxRef/UndrlygFICdtTrf/Dbtr/FinInstnId/PstlAdr/TwnNm,TwnNm,Max140Text,0,1
pacs.004.001.15,/Document/PmtRtr/TxInf/OrgnlTxRef/UndrlygFICdtTrf/Dbtr/FinInstnId/PstlAdr/TwnLctnNm,TwnLctnNm,Max140Text,0,1
pacs.004.001.15,/Document/PmtRtr/TxInf/OrgnlTxRef/UndrlygFICdtTrf/Dbtr/FinInstnId/PstlAdr/DstrctNm,DstrctNm,Max140Text,0,1
pacs.004.001.15,/Document/PmtRtr/TxInf/OrgnlTxRef/UndrlygFICdtTrf/Dbtr/FinInstnId/PstlAdr/CtrySubDvsn,CtrySubDvsn,Max35Text,0,1
pacs.004.001.15,/Document/PmtRtr/TxInf/OrgnlTxRef/UndrlygFICdtTrf/Dbtr/FinInstnId/PstlAdr/Ctry,Ctry,CountryCode,0,1
pacs.004.001.15,/Document/PmtRtr/TxInf/OrgnlTxRef/UndrlygFICdtTrf/Dbtr/FinInstnId/PstlAdr/AdrLine,AdrLine,Max70Text,0,7
pacs.004.001.15,/Document/PmtRtr/TxInf/OrgnlTxRef/UndrlygFICdtTrf/Dbtr/FinInstnId/Othr,Othr,GenericFinancialIdentification1,0,1
pacs.004.001.15,/Document/PmtRtr/TxInf/OrgnlTxRef/UndrlygFICdtTrf/Dbtr/FinInstnId/Othr/Id,Id,Max35Text,1,1
pacs.004.001.15,/Document/PmtRtr/TxInf/OrgnlTxRef/UndrlygFICdtTrf/Dbtr/FinInstnId/Othr/SchmeNm,SchmeNm,FinancialIdentificationSchemeName1Choice,0,1
pacs.004.001.15,/Document/PmtRtr/TxInf/OrgnlTxRef/UndrlygFICdtTrf/Dbtr/FinInstnId/Othr/SchmeNm/Cd,Cd,ExternalFinancialInstitutionIdentification1Code,1,1
pacs.004.001.15,/Document/PmtRtr/TxInf/OrgnlTxRef/UndrlygFICdtTrf/Dbtr/FinInstnId/Othr/SchmeNm/Prtry,Prtry,Max35Text,1,1
pacs.004.001.15,/Document/PmtRtr/TxInf/OrgnlTxRef/UndrlygFICdtTrf/Dbtr/FinInstnId/Othr/Issr,Issr,Max35Text,0,1
pacs.004.001.15,/Document/PmtRtr/TxInf/OrgnlTxRef/UndrlygFICdtTrf/Dbtr/BrnchId,BrnchId,BranchData5,0,1
pacs.004.001.15,/Document/PmtRtr/TxInf/OrgnlTxRef/UndrlygFICdtTrf/Dbtr/BrnchId/Id,Id,Max35Text,0,1
pacs.004.001.15,/Document/PmtRtr/TxInf/OrgnlTxRef/UndrlygFICdtTrf/Dbtr/BrnchId/LEI,LEI,LEIIdentifier,0,1
pacs.004.001.15,/Document/PmtRtr/TxInf/OrgnlTxRef/UndrlygFICdtTrf/Dbtr/BrnchId/Nm,Nm,Max140Text,0,1
pacs.004.001.15,/Document/PmtRtr/TxInf/OrgnlTxRef/UndrlygFICdtTrf/Dbtr/BrnchId/PstlAdr,PstlAdr,PostalAddress27,0,1
pacs.004.001.15,/Document/PmtRtr/TxInf/OrgnlTxRef/UndrlygFICdtTrf/Dbtr/BrnchId/PstlAdr/AdrTp,AdrTp,AddressType3Choice,0,1
pacs.004.001.15,/Document/PmtRtr/TxInf/OrgnlTxRef/UndrlygFICdtTrf/Dbtr/BrnchId/PstlAdr/AdrTp/Cd,Cd,AddressType2Code,1,1
pacs.004.001.15,/Document/PmtRtr/TxInf/OrgnlTxRef/UndrlygFICdtTrf/Dbtr/BrnchId/PstlAdr/AdrTp/Prtry,Prtry,GenericIdentification30,1,1
pacs.004.001.15,/Document/PmtRtr/TxInf/OrgnlTxRef/UndrlygFICdtTrf/Dbtr/BrnchId/PstlAdr/AdrTp/Prtry/Id,Id,Exact4AlphaNumericText,1,1
pacs.004.001.15,/Document/PmtRtr/TxInf/OrgnlTxRef/UndrlygFICdtTrf/Dbtr/BrnchId/PstlAdr/AdrTp/Prtry/Issr,Issr,Max35Text,1,1
pacs.004.001.15,/Document/PmtRtr/TxInf/OrgnlTxRef/UndrlygFICdtTrf/Dbtr/BrnchId/PstlAdr/AdrTp/Prtry/SchmeNm,SchmeNm,Max35Text,0,1
pacs.004.001.15,/Document/PmtRtr/TxInf/OrgnlTxRef/UndrlygFICdtTrf/Dbtr/BrnchId/PstlAdr/CareOf,CareOf,Max140Text,0,1
pacs.004.001.15,/Document/PmtRtr/TxInf/OrgnlTxRef/UndrlygFICdtTrf/Dbtr/BrnchId/PstlAdr/Dept,Dept,Max70Text,0,1
pacs.004.001.15,/Document/PmtRtr/TxInf/OrgnlTxRef/UndrlygFICdtTrf/Dbtr/BrnchId/PstlAdr/SubDept,SubDept,Max70Text,0,1
pacs.004.001.15,/Document/PmtRtr/TxInf/OrgnlTxRef/UndrlygFICdtTrf/Dbtr/BrnchId/PstlAdr/StrtNm,StrtNm,Max140Text,0,1
pacs.004.001.15,/Document/PmtRtr/TxInf/OrgnlTxRef/UndrlygFICdtTrf/Dbtr/BrnchId/PstlAdr/BldgNb,BldgNb,Max16Text,0,1
pacs.004.001.15,/Document/PmtRtr/TxInf/OrgnlTxRef/UndrlygFICdtTrf/Dbtr/BrnchId/PstlAdr/BldgNm,BldgNm,Max140Text,0,1
pacs.004.001.15,/Document/PmtRtr/TxInf/OrgnlTxRef/UndrlygFICdtTrf/Dbtr/BrnchId/PstlAdr/Flr,Flr,Max70Text,0,1
pacs.004.001.15,/Document/PmtRtr/TxInf/OrgnlTxRef/UndrlygFICdtTrf/Dbtr/BrnchId/PstlAdr/UnitNb,UnitNb,Max16Text,0,1
pacs.004.001.15,/Document/PmtRtr/TxInf/OrgnlTxRef/UndrlygFICdtTrf/Dbtr/BrnchId/PstlAdr/PstBx,PstBx,Max16Text,0,1
pacs.004.001.15,/Document/PmtRtr/TxInf/OrgnlTxRef/UndrlygFICdtTrf/Dbtr/BrnchId/PstlAdr/Room,Room,Max70Text,0,1
pacs.004.001.15,/Document/PmtRtr/TxInf/OrgnlTxRef/UndrlygFICdtTrf/Dbtr/BrnchId/PstlAdr/PstCd,PstCd,Max16Text,0,1
pacs.004.001.15,/Document/PmtRtr/TxInf/OrgnlTxRef/UndrlygFICdtTrf/Dbtr/BrnchId/PstlAdr/TwnNm,TwnNm,Max140Text,0,1
pacs.004.001.15,/Document/PmtRtr/TxInf/OrgnlTxRef/UndrlygFICdtTrf/Dbtr/BrnchId/PstlAdr/TwnLctnNm,TwnLctnNm,Max140Text,0,1
pacs.004.001.15,/Document/PmtRtr/TxInf/OrgnlTxRef/UndrlygFICdtTrf/Dbtr/BrnchId/PstlAdr/DstrctNm,DstrctNm,Max140Text,0,1
pacs.004.001.15,/Document/PmtRtr/TxInf/OrgnlTxRef/UndrlygFICdtTrf/Dbtr/BrnchId/PstlAdr/CtrySubDvsn,CtrySubDvsn,Max35Text,0,1
pacs.004.001.15,/Document/PmtRtr/TxInf/OrgnlTxRef/UndrlygFICdtTrf/Dbtr/BrnchId/PstlAdr/Ctry,Ctry,CountryCode,0,1
pacs.004.001.15,/Document/PmtRtr/TxInf/OrgnlTxRef/UndrlygFICdtTrf/Dbtr/BrnchId/PstlAdr/AdrLine,AdrLine,Max70Text,0,7
pacs.004.001.15,/Document/PmtRtr/TxInf/OrgnlTxRef/UndrlygFICdtTrf/DbtrAcct,DbtrAcct,CashAccount40,0,1
pacs.004.001.15,/Document/PmtRtr/TxInf/OrgnlTxRef/UndrlygFICdtTrf/DbtrAcct/Id,Id,AccountIdentification4Choice,0,1
pacs.004.001.15,/Document/PmtRtr/TxInf/OrgnlTxRef/UndrlygFICdtTrf/DbtrAcct/Id/IBAN,IBAN,IBAN2007Identifier,1,1
pacs.004.001.15,/Document/PmtRtr/TxInf/OrgnlTxRef/UndrlygFICdtTrf/DbtrAcct/Id/Othr,Othr,GenericAccountIdentification1,1,1
pacs.004.001.15,/Document/PmtRtr/TxInf/OrgnlTxRef/UndrlygFICdtTrf/DbtrAcct/Id/Othr/Id,Id,Max34Text,1,1
pacs.004.001.15,/Document/PmtRtr/TxInf/OrgnlTxRef/UndrlygFICdtTrf/DbtrAcct/Id/Othr/SchmeNm,SchmeNm,AccountSchemeName1Choice,0,1
pacs.004.001.15,/Document/PmtRtr/TxInf/OrgnlTxRef/UndrlygFICdtTrf/DbtrAcct/Id/Othr/SchmeNm/Cd,Cd,ExternalAccountIdentification1Code,1,1
pacs.004.001.15,/Document/PmtRtr/TxInf/OrgnlTxRef/UndrlygFICdtTrf/DbtrAcct/Id/Othr/SchmeNm/Prtry,Prtry,Max35Text,1,1
pacs.004.001.15,/Document/PmtRtr/TxInf/OrgnlTxRef/UndrlygFICdtTrf/DbtrAcct/Id/Othr/Issr,Issr,Max35Text,0,1
pacs.004.001.15,/Document/PmtRtr/TxInf/OrgnlTxRef/UndrlygFICdtTrf/DbtrAcct/Tp,Tp,CashAccountType2Choice,0,1
pacs.004.001.15,/Document/PmtRtr/TxInf/OrgnlTxRef/UndrlygFICdtTrf/DbtrAcct/Tp/Cd,Cd,ExternalCashAccountType1Code,1,1
pacs.004.001.15,/Document/PmtRtr/TxInf/OrgnlTxRef/UndrlygFICdtTrf/DbtrAcct/Tp/Prtry,Prtry,Max35Text,1,1
pacs.004.001.15,/Document/PmtRtr/TxInf/OrgnlTxRef/UndrlygFICdtTrf/DbtrAcct/Ccy,Ccy,ActiveOrHistoricCurrencyCode,0,1
pacs.004.001.15,/Document/PmtRtr/TxInf/OrgnlTxRef/UndrlygFICdtTrf/DbtrAcct/Nm,Nm,Max70Text,0,1
pacs.004.001.15,/Document/PmtRtr/TxInf/OrgnlTxRef/UndrlygFICdtTrf/DbtrAcct/Prxy,Prxy,ProxyAccountIdentification1,0,1
pacs.004.001.15,/Document/PmtRtr/TxInf/OrgnlTxRef/UndrlygFICdtTrf/DbtrAcct/Prxy/Tp,Tp,ProxyAccountType1Choice,0,1
pacs.004.001.15,/Document/PmtRtr/TxInf/OrgnlTxRef/UndrlygFICdtTrf/DbtrAcct/Prxy/Tp/Cd,Cd,ExternalProxyAccountType1Code,1,1
pacs.004.001.15,/Document/PmtRtr/TxInf/OrgnlTxRef/UndrlygFICdtTrf/DbtrAcct/Prxy/Tp/Prtry,Prtry,Max35Text,1,1
pacs.004.001.15,/Document/PmtRtr/TxInf/OrgnlTxRef/UndrlygFICdtTrf/DbtrAcct/Prxy/Id,Id,Max2048Text,1,1
pacs.004.001.15,/Document/PmtRtr/TxInf/OrgnlTxRef/UndrlygFICdtTrf/DbtrAgt,DbtrAgt,BranchAndFinancialInstitutionIdentification8,0,1
pacs.004.001.15,/Document/PmtRtr/TxInf/OrgnlTxRef/UndrlygFICdtTrf/DbtrAgt/FinInstnId,FinInstnId,FinancialInstitutionIdentification23,1,1
pacs.004.001.15,/Document/PmtRtr/TxInf/OrgnlTxRef/UndrlygFICdtTrf/DbtrAgt/FinInstnId/BICFI,BICFI,BICFIDec2014Identifier,0,1
pacs.004.001.15,/Document/PmtRtr/TxInf/OrgnlTxRef/UndrlygFICdtTrf/DbtrAgt/FinInstnId/ClrSysMmbId,ClrSysMmbId,ClearingSystemMemberIdentification2,0,1
pacs.004.001.15,/Document/PmtRtr/TxInf/OrgnlTxRef/UndrlygFICdtTrf/DbtrAgt/FinInstnId/ClrSysMmbId/ClrSysId,ClrSysId,ClearingSystemIdentification2Choice,0,1
pacs.004.001.15,/Document/PmtRtr/TxInf/OrgnlTxRef/UndrlygFICdtTrf/DbtrAgt/FinInstnId/ClrSysMmbId/ClrSysId/Cd,Cd,ExternalClearingSystemIdentification1Code,1,1
pacs.004.001.15,/Document/PmtRtr/TxInf/OrgnlTxRef/UndrlygFICdtTrf/DbtrAgt/FinInstnId/ClrSysMmbId/ClrSysId/Prtry,Prtry,Max35Text,1,1
pacs.004.001.15,/Document/PmtRtr/TxInf/OrgnlTxRef/UndrlygFICdtTrf/DbtrAgt/FinInstnId/ClrSysMmbId/MmbId,MmbId,Max35Text,1,1
pacs.004.001.15,/Document/PmtRtr/TxInf/OrgnlTxRef/UndrlygFICdtTrf/DbtrAgt/FinInstnId/LEI,LEI,LEIIdentifier,0,1
pacs.004.001.15,/Document/PmtRtr/TxInf/OrgnlTxRef/UndrlygFICdtTrf/DbtrAgt/FinInstnId/Nm,Nm,Max140Text,0,1
pacs.004.001.15,/Document/PmtRtr/TxInf/OrgnlTxRef/UndrlygFICdtTrf/DbtrAgt/FinInstnId/PstlAdr,PstlAdr,PostalAddress27,0,1
pacs.004.001.15,/Document/PmtRtr/TxInf/OrgnlTxRef/UndrlygFICdtTrf/DbtrAgt/FinInstnId/PstlAdr/AdrTp,AdrTp,AddressType3Choice,0,1
pacs.004.001.15,/Document/PmtRtr/TxInf/OrgnlTxRef/UndrlygFICdtTrf/DbtrAgt/FinInstnId/PstlAdr/AdrTp/Cd,Cd,AddressType2Code,1,1
pacs.004.001.15,/Document/PmtRtr/TxInf/OrgnlTxRef/UndrlygFICdtTrf/DbtrAgt/FinInstnId/PstlAdr/AdrTp/Prtry,Prtry,GenericIdentification30,1,1
pacs.004.001.15,/Document/PmtRtr/TxInf/OrgnlTxRef/UndrlygFICdtTrf/DbtrAgt/FinInstnId/PstlAdr/AdrTp/Prtry/Id,Id,Exact4AlphaNumericText,1,1
pacs.004.001.15,/Document/PmtRtr/TxInf/OrgnlTxRef/UndrlygFICdtTrf/DbtrAgt/FinInstnId/PstlAdr/AdrTp/Prtry/Issr,Issr,Max35Text,1,1
pacs.004.001.15,/Document/PmtRtr/TxInf/OrgnlTxRef/UndrlygFICdtTrf/DbtrAgt/FinInstnId/PstlAdr/AdrTp/Prtry/SchmeNm,SchmeNm,Max35Text,0,1
pacs.004.001.15,/Document/PmtRtr/TxInf/OrgnlTxRef/UndrlygFICdtTrf/DbtrAgt/FinInstnId/PstlAdr/CareOf,CareOf,Max140Text,0,1
pacs.004.001.15,/Document/PmtRtr/TxInf/OrgnlTxRef/UndrlygFICdtTrf/DbtrAgt/FinInstnId/PstlAdr/Dept,Dept,Max70Text,0,1
pacs.004.001.15,/Document/PmtRtr/TxInf/OrgnlTxRef/UndrlygFICdtTrf/DbtrAgt/FinInstnId/PstlAdr/SubDept,SubDept,Max70Text,0,1
pacs.004.001.15,/Document/PmtRtr/TxInf/OrgnlTxRef/UndrlygFICdtTrf/DbtrAgt/FinInstnId/PstlAdr/StrtNm,StrtNm,Max140Text,0,1
pacs.004.001.15,/Document/PmtRtr/TxInf/OrgnlTxRef/UndrlygFICdtTrf/DbtrAgt/FinInstnId/PstlAdr/BldgNb,BldgNb,Max16Text,0,1
pacs.004.001.15,/Document/PmtRtr/TxInf/OrgnlTxRef/UndrlygFICdtTrf/DbtrAgt/FinInstnId/PstlAdr/BldgNm,BldgNm,Max140Text,0,1
pacs.004.001.15,/Document/PmtRtr/TxInf/OrgnlTxRef/UndrlygFICdtTrf/DbtrAgt/FinInstnId/PstlAdr/Flr,Flr,Max70Text,0,1
pacs.004.001.15,/Document/PmtRtr/TxInf/OrgnlTxRef/UndrlygFICdtTrf/DbtrAgt/FinInstnId/PstlAdr/UnitNb,UnitNb,Max16Text,0,1
pacs.004.001.15,/Document/PmtRtr/TxInf/OrgnlTxRef/UndrlygFICdtTrf/DbtrAgt/FinInstnId/PstlAdr/PstBx,PstBx,Max16Text,0,1
pacs.004.001.15,/Document/PmtRtr/TxInf/OrgnlTxRef/UndrlygFICdtTrf/DbtrAgt/FinInstnId/PstlAdr/Room,Room,Max70Text,0,1
pacs.004.001.15,/Document/PmtRtr/TxInf/OrgnlTxRef/UndrlygFICdtTrf/DbtrAgt/FinInstnId/PstlAdr/PstCd,PstCd,Max16Text,0,1
pacs.004.001.15,/Document/PmtRtr/TxInf/OrgnlTxRef/UndrlygFICdtTrf/DbtrAgt/FinInstnId/PstlAdr/TwnNm,TwnNm,Max140Text,0,1
pacs.004.001.15,/Document/PmtRtr/TxInf/OrgnlTxRef/UndrlygFICdtTrf/DbtrAgt/FinInstnId/PstlAdr/TwnLctnNm,TwnLctnNm,Max140Text,0,1
pacs.004.001.15,/Document/PmtRtr/TxInf/OrgnlTxRef/UndrlygFICdtTrf/DbtrAgt/FinInstnId/PstlAdr/DstrctNm,DstrctNm,Max140Text,0,1
pacs.004.001.15,/Document/PmtRtr/TxInf/OrgnlTxRef/UndrlygFICdtTrf/DbtrAgt/FinInstnId/PstlAdr/CtrySubDvsn,CtrySubDvsn,Max35Text,0,1
pacs.004.001.15,/Document/PmtRtr/TxInf/OrgnlTxRef/UndrlygFICdtTrf/DbtrAgt/FinInstnId/PstlAdr/Ctry,Ctry,CountryCode,0,1
pacs.004.001.15,/Document/PmtRtr/TxInf/OrgnlTxRef/UndrlygFICdtTrf/DbtrAgt/FinInstnId/PstlAdr/AdrLine,AdrLine,Max70Text,0,7
pacs.004.001.15,/Document/PmtRtr/TxInf/OrgnlTxRef/UndrlygFICdtTrf/DbtrAgt/FinInstnId/Othr,Othr,GenericFinancialIdentification1,0,1
pacs.004.001.15,/Document/PmtRtr/TxInf/OrgnlTxRef/UndrlygFICdtTrf/DbtrAgt/FinInstnId/Othr/Id,Id,Max35Text,1,1
pacs.004.001.15,/Document/PmtRtr/TxInf/OrgnlTxRef/UndrlygFICdtTrf/DbtrAgt/FinInstnId/Othr/SchmeNm,SchmeNm,FinancialIdentificationSchemeName1Choice,0,1
pacs.004.001.15,/Document/PmtRtr/TxInf/OrgnlTxRef/UndrlygFICdtTrf/DbtrAgt/FinInstnId/Othr/SchmeNm/Cd,Cd,ExternalFinancialInstitutionIdentification1Code,1,1
pacs.004.001.15,/Document/PmtRtr/TxInf/OrgnlTxRef/UndrlygFICdtTrf/DbtrAgt/FinInstnId/Othr/SchmeNm/Prtry,Prtry,Max35Text,1,1
pacs.004.001.15,/Document/PmtRtr/TxInf/OrgnlTxRef/UndrlygFICdtTrf/DbtrAgt/FinInstnId/Othr/Issr,Issr,Max35Text,0,1
pacs.004.001.15,/Document/PmtRtr/TxInf/OrgnlTxRef/UndrlygFICdtTrf/DbtrAgt/BrnchId,BrnchId,BranchData5,0,1
pacs.004.001.15,/Document/PmtRtr/TxInf/OrgnlTxRef/UndrlygFICdtTrf/DbtrAgt/BrnchId/Id,Id,Max35Text,0,1
pacs.004.001.15,/Document/PmtRtr/TxInf/OrgnlTxRef/UndrlygFICdtTrf/DbtrAgt/BrnchId/LEI,LEI,LEIIdentifier,0,1
pacs.004.001.15,/Document/PmtRtr/TxInf/OrgnlTxRef/UndrlygFICdtTrf/DbtrAgt/BrnchId/Nm,Nm,Max140Text,0,1
pacs.004.001.15,/Document/PmtRtr/TxInf/OrgnlTxRef/UndrlygFICdtTrf/DbtrAgt/BrnchId/PstlAdr,PstlAdr,PostalAddress27,0,1
pacs.004.001.15,/Document/PmtRtr/TxInf/OrgnlTxRef/UndrlygFICdtTrf/DbtrAgt/BrnchId/PstlAdr/AdrTp,AdrTp,AddressType3Choice,0,1
pacs.004.001.15,/Document/PmtRtr/TxInf/OrgnlTxRef/UndrlygFICdtTrf/DbtrAgt/BrnchId/PstlAdr/AdrTp/Cd,Cd,AddressType2Code,1,1
pacs.004.001.15,/Document/PmtRtr/TxInf/OrgnlTxRef/UndrlygFICdtTrf/DbtrAgt/BrnchId/PstlAdr/AdrTp/Prtry,Prtry,GenericIdentification30,1,1
pacs.004.001.15,/Document/PmtRtr/TxInf/OrgnlTxRef/UndrlygFICdtTrf/DbtrAgt/BrnchId/PstlAdr/AdrTp/Prtry/Id,Id,Exact4AlphaNumericText,1,1
pacs.004.001.15,/Document/PmtRtr/TxInf/OrgnlTxRef/UndrlygFICdtTrf/DbtrAgt/BrnchId/PstlAdr/AdrTp/Prtry/Issr,Issr,Max35Text,1,1
pacs.004.001.15,/Document/PmtRtr/TxInf/OrgnlTxRef/UndrlygFICdtTrf/DbtrAgt/BrnchId/PstlAdr/AdrTp/Prtry/SchmeNm,SchmeNm,Max35Text,0,1
pacs.004.001.15,/Document/PmtRtr/TxInf/OrgnlTxRef/UndrlygFICdtTrf/DbtrAgt/BrnchId/PstlAdr/CareOf,CareOf,Max140Text,0,1
pacs.004.001.15,/Document/PmtRtr/TxInf/OrgnlTxRef/UndrlygFICdtTrf/DbtrAgt/BrnchId/PstlAdr/Dept,Dept,Max70Text,0,1
pacs.004.001.15,/Document/PmtRtr/TxInf/OrgnlTxRef/UndrlygFICdtTrf/DbtrAgt/BrnchId/PstlAdr/SubDept,SubDept,Max70Text,0,1
pacs.004.001.15,/Document/PmtRtr/TxInf/OrgnlTxRef/UndrlygFICdtTrf/DbtrAgt/BrnchId/PstlAdr/StrtNm,StrtNm,Max140Text,0,1
pacs.004.001.15,/Document/PmtRtr/TxInf/OrgnlTxRef/UndrlygFICdtTrf/DbtrAgt/BrnchId/PstlAdr/BldgNb,BldgNb,Max16Text,0,1
pacs.004.001.15,/Document/PmtRtr/TxInf/OrgnlTxRef/UndrlygFICdtTrf/DbtrAgt/BrnchId/PstlAdr/BldgNm,BldgNm,Max140Text,0,1
pacs.004.001.15,/Document/PmtRtr/TxInf/OrgnlTxRef/UndrlygFICdtTrf/DbtrAgt/BrnchId/PstlAdr/Flr,Flr,Max70Text,0,1
pacs.004.001.15,/Document/PmtRtr/TxInf/OrgnlTxRef/UndrlygFICdtTrf/DbtrAgt/BrnchId/PstlAdr/UnitNb,UnitNb,Max16Text,0,1
pacs.004.001.15,/Document/PmtRtr/TxInf/OrgnlTxRef/UndrlygFICdtTrf/DbtrAgt/BrnchId/PstlAdr/PstBx,PstBx,Max16Text,0,1
pacs.004.001.15,/Document/PmtRtr/TxInf/OrgnlTxRef/UndrlygFICdtTrf/DbtrAgt/BrnchId/PstlAdr/Room,Room,Max70Text,0,1
pacs.004.001.15,/Document/PmtRtr/TxInf/OrgnlTxRef/UndrlygFICdtTrf/DbtrAgt/BrnchId/PstlAdr/PstCd,PstCd,Max16Text,0,1
pacs.004.001.15,/Document/PmtRtr/TxInf/OrgnlTxRef/UndrlygFICdtTrf/DbtrAgt/BrnchId/PstlAdr/TwnNm,TwnNm,Max140Text,0,1
pacs.004.001.15,/Document/PmtRtr/TxInf/OrgnlTxRef/UndrlygFICdtTrf/DbtrAgt/BrnchId/PstlAdr/TwnLctnNm,TwnLctnNm,Max140Text,0,1
pacs.004.001.15,/Document/PmtRtr/TxInf/OrgnlTxRef/UndrlygFICdtTrf/DbtrAgt/BrnchId/PstlAdr/DstrctNm,DstrctNm,Max140Text,0,1
pacs.004.001.15,/Document/PmtRtr/TxInf/OrgnlTxRef/UndrlygFICdtTrf/DbtrAgt/BrnchId/PstlAdr/CtrySubDvsn,CtrySubDvsn,Max35Text,0,1
pacs.004.001.15,/Document/PmtRtr/TxInf/OrgnlTxRef/UndrlygFICdtTrf/DbtrAgt/BrnchId/PstlAdr/Ctry,Ctry,CountryCode,0,1
pacs.004.001.15,/Document/PmtRtr/TxInf/OrgnlTxRef/UndrlygFICdtTrf/DbtrAgt/BrnchId/PstlAdr/AdrLine,AdrLine,Max70Text,0,7
pacs.004.001.15,/Document/PmtRtr/TxInf/OrgnlTxRef/UndrlygFICdtTrf/DbtrAgtAcct,DbtrAgtAcct,CashAccount40,0,1
pacs.004.001.15,/Document/PmtRtr/TxInf/OrgnlTxRef/UndrlygFICdtTrf/DbtrAgtAcct/Id,Id,AccountIdentification4Choice,0,1
pacs.004.001.15,/Document/PmtRtr/TxInf/OrgnlTxRef/UndrlygFICdtTrf/DbtrAgtAcct/Id/IBAN,IBAN,IBAN2007Identifier,1,1
pacs.004.001.15,/Document/PmtRtr/TxInf/OrgnlTxRef/UndrlygFICdtTrf/DbtrAgtAcct/Id/Othr,Othr,GenericAccountIdentification1,1,1
pacs.004.001.15,/Document/PmtRtr/TxInf/OrgnlTxRef/UndrlygFICdtTrf/DbtrAgtAcct/Id/Othr/Id,Id,Max34Text,1,1
pacs.004.001.15,/Document/PmtRtr/TxInf/OrgnlTxRef/UndrlygFICdtTrf/DbtrAgtAcct/Id/Othr/SchmeNm,SchmeNm,AccountSchemeName1Choice,0,1
pacs.004.001.15,/Document/PmtRtr/TxInf/OrgnlTxRef/UndrlygFICdtTrf/DbtrAgtAcct/Id/Othr/SchmeNm/Cd,Cd,ExternalAccountIdentification1Code,1,1
pacs.004.001.15,/Document/PmtRtr/TxInf/OrgnlTxRef/UndrlygFICdtTrf/DbtrAgtAcct/Id/Othr/SchmeNm/Prtry,Prtry,Max35Text,1,1
pacs.004.001.15,/Document/PmtRtr/TxInf/OrgnlTxRef/UndrlygFICdtTrf/DbtrAgtAcct/Id/Othr/Issr,Issr,Max35Text,0,1
pacs.004.001.15,/Document/PmtRtr/TxInf/OrgnlTxRef/UndrlygFICdtTrf/DbtrAgtAcct/Tp,Tp,CashAccountType2Choice,0,1
pacs.004.001.15,/Document/PmtRtr/TxInf/OrgnlTxRef/UndrlygFICdtTrf/DbtrAgtAcct/Tp/Cd,Cd,ExternalCashAccountType1Code,1,1
pacs.004.001.15,/Document/PmtRtr/TxInf/OrgnlTxRef/UndrlygFICdtTrf/DbtrAgtAcct/Tp/Prtry,Prtry,Max35Text,1,1
pacs.004.001.15,/Document/PmtRtr/TxInf/OrgnlTxRef/UndrlygFICdtTrf/DbtrAgtAcct/Ccy,Ccy,ActiveOrHistoricCurrencyCode,0,1
pacs.004.001.15,/Document/PmtRtr/TxInf/OrgnlTxRef/UndrlygFICdtTrf/DbtrAgtAcct/Nm,Nm,Max70Text,0,1
pacs.004.001.15,/Document/PmtRtr/TxInf/OrgnlTxRef/UndrlygFICdtTrf/DbtrAgtAcct/Prxy,Prxy,ProxyAccountIdentification1,0,1
pacs.004.001.15,/Document/PmtRtr/TxInf/OrgnlTxRef/UndrlygFICdtTrf/DbtrAgtAcct/Prxy/Tp,Tp,ProxyAccountType1Choice,0,1
pacs.004.001.15,/Document/PmtRtr/TxInf/OrgnlTxRef/UndrlygFICdtTrf/DbtrAgtAcct/Prxy/Tp/Cd,Cd,ExternalProxyAccountType1Code,1,1
pacs.004.001.15,/Document/PmtRtr/TxInf/OrgnlTxRef/UndrlygFICdtTrf/DbtrAgtAcct/Prxy/Tp/Prtry,Prtry,Max35Text,1,1
pacs.004.001.15,/Document/PmtRtr/TxInf/OrgnlTxRef/UndrlygFICdtTrf/DbtrAgtAcct/Prxy/Id,Id,Max2048Text,1,1
pacs.004.001.15,/Document/PmtRtr/TxInf/OrgnlTxRef/UndrlygFICdtTrf/CdtrAgt,CdtrAgt,BranchAndFinancialInstitutionIdentification8,0,1
pacs.004.001.15,/Document/PmtRtr/TxInf/OrgnlTxRef/UndrlygFICdtTrf/CdtrAgt/FinInstnId,FinInstnId,FinancialInstitutionIdentification23,1,1
pacs.004.001.15,/Document/PmtRtr/TxInf/OrgnlTxRef/UndrlygFICdtTrf/CdtrAgt/FinInstnId/BICFI,BICFI,BICFIDec2014Identifier,0,1
pacs.004.001.15,/Document/PmtRtr/TxInf/OrgnlTxRef/UndrlygFICdtTrf/CdtrAgt/FinInstnId/ClrSysMmbId,ClrSysMmbId,ClearingSystemMemberIdentification2,0,1
pacs.004.001.15,/Document/PmtRtr/TxInf/OrgnlTxRef/UndrlygFICdtTrf/CdtrAgt/FinInstnId/ClrSysMmbId/ClrSysId,ClrSysId,ClearingSystemIdentification2Choice,0,1
pacs.004.001.15,/Document/PmtRtr/TxInf/OrgnlTxRef/UndrlygFICdtTrf/CdtrAgt/FinInstnId/ClrSysMmbId/ClrSysId/Cd,Cd,ExternalClearingSystemIdentification1Code,1,1
pacs.004.001.15,/Document/PmtRtr/TxInf/OrgnlTxRef/UndrlygFICdtTrf/CdtrAgt/FinInstnId/ClrSysMmbId/ClrSysId/Prtry,Prtry,Max35Text,1,1
pacs.004.001.15,/Document/PmtRtr/TxInf/OrgnlTxRef/UndrlygFICdtTrf/CdtrAgt/FinInstnId/ClrSysMmbId/MmbId,MmbId,Max35Text,1,1
pacs.004.001.15,/Document/PmtRtr/TxInf/OrgnlTxRef/UndrlygFICdtTrf/CdtrAgt/FinInstnId/LEI,LEI,LEIIdentifier,0,1
pacs.004.001.15,/Document/PmtRtr/TxInf/OrgnlTxRef/UndrlygFICdtTrf/CdtrAgt/FinInstnId/Nm,Nm,Max140Text,0,1
pacs.004.001.15,/Document/PmtRtr/TxInf/OrgnlTxRef/UndrlygFICdtTrf/CdtrAgt/FinInstnId/PstlAdr,PstlAdr,PostalAddress27,0,1
pacs.004.001.15,/Document/PmtRtr/TxInf/OrgnlTxRef/UndrlygFICdtTrf/CdtrAgt/FinInstnId/PstlAdr/AdrTp,AdrTp,AddressType3Choice,0,1
pacs.004.001.15,/Document/PmtRtr/TxInf/OrgnlTxRef/UndrlygFICdtTrf/CdtrAgt/FinInstnId/PstlAdr/AdrTp/Cd,Cd,AddressType2Code,1,1
pacs.004.001.15,/Document/PmtRtr/TxInf/OrgnlTxRef/UndrlygFICdtTrf/CdtrAgt/FinInstnId/PstlAdr/AdrTp/Prtry,Prtry,GenericIdentification30,1,1
pacs.004.001.15,/Document/PmtRtr/TxInf/OrgnlTxRef/UndrlygFICdtTrf/CdtrAgt/FinInstnId/PstlAdr/AdrTp/Prtry/Id,Id,Exact4AlphaNumericText,1,1
pacs.004.001.15,/Document/PmtRtr/TxInf/OrgnlTxRef/UndrlygFICdtTrf/CdtrAgt/FinInstnId/PstlAdr/AdrTp/Prtry/Issr,Issr,Max35Text,1,1
pacs.004.001.15,/Document/PmtRtr/TxInf/OrgnlTxRef/UndrlygFICdtTrf/CdtrAgt/FinInstnId/PstlAdr/AdrTp/Prtry/SchmeNm,SchmeNm,Max35Text,0,1
pacs.004.001.15,/Document/PmtRtr/TxInf/OrgnlTxRef/UndrlygFICdtTrf/CdtrAgt/FinInstnId/PstlAdr/CareOf,CareOf,Max140Text,0,1
pacs.004.001.15,/Document/PmtRtr/TxInf/OrgnlTxRef/UndrlygFICdtTrf/CdtrAgt/FinInstnId/PstlAdr/Dept,Dept,Max70Text,0,1
pacs.004.001.15,/Document/PmtRtr/TxInf/OrgnlTxRef/UndrlygFICdtTrf/CdtrAgt/FinInstnId/PstlAdr/SubDept,SubDept,Max70Text,0,1
pacs.004.001.15,/Document/PmtRtr/TxInf/OrgnlTxRef/UndrlygFICdtTrf/CdtrAgt/FinInstnId/PstlAdr/StrtNm,StrtNm,Max140Text,0,1
pacs.004.001.15,/Document/PmtRtr/TxInf/OrgnlTxRef/UndrlygFICdtTrf/CdtrAgt/FinInstnId/PstlAdr/BldgNb,BldgNb,Max16Text,0,1
pacs.004.001.15,/Document/PmtRtr/TxInf/OrgnlTxRef/UndrlygFICdtTrf/CdtrAgt/FinInstnId/PstlAdr/BldgNm,BldgNm,Max140Text,0,1
pacs.004.001.15,/Document/PmtRtr/TxInf/OrgnlTxRef/UndrlygFICdtTrf/CdtrAgt/FinInstnId/PstlAdr/Flr,Flr,Max70Text,0,1
pacs.004.001.15,/Document/PmtRtr/TxInf/OrgnlTxRef/UndrlygFICdtTrf/CdtrAgt/FinInstnId/PstlAdr/UnitNb,UnitNb,Max16Text,0,1
pacs.004.001.15,/Document/PmtRtr/TxInf/OrgnlTxRef/UndrlygFICdtTrf/CdtrAgt/FinInstnId/PstlAdr/PstBx,PstBx,Max16Text,0,1
pacs.004.001.15,/Document/PmtRtr/TxInf/OrgnlTxRef/UndrlygFICdtTrf/CdtrAgt/FinInstnId/PstlAdr/Room,Room,Max70Text,0,1
pacs.004.001.15,/Document/PmtRtr/TxInf/OrgnlTxRef/UndrlygFICdtTrf/CdtrAgt/FinInstnId/PstlAdr/PstCd,PstCd,Max16Text,0,1
pacs.004.001.15,/Document/PmtRtr/TxInf/OrgnlTxRef/UndrlygFICdtTrf/CdtrAgt/FinInstnId/PstlAdr/TwnNm,TwnNm,Max140Text,0,1
pacs.004.001.15,/Document/PmtRtr/TxInf/OrgnlTxRef/UndrlygFICdtTrf/CdtrAgt/FinInstnId/PstlAdr/TwnLctnNm,TwnLctnNm,Max140Text,0,1
pacs.004.001.15,/Document/PmtRtr/TxInf/OrgnlTxRef/UndrlygFICdtTrf/CdtrAgt/FinInstnId/PstlAdr/DstrctNm,DstrctNm,Max140Text,0,1
pacs.004.001.15,/Document/PmtRtr/TxInf/OrgnlTxRef/UndrlygFICdtTrf/CdtrAgt/FinInstnId/PstlAdr/CtrySubDvsn,CtrySubDvsn,Max35Text,0,1
pacs.004.001.15,/Document/PmtRtr/TxInf/OrgnlTxRef/UndrlygFICdtTrf/CdtrAgt/FinInstnId/PstlAdr/Ctry,Ctry,CountryCode,0,1
pacs.004.001.15,/Document/PmtRtr/TxInf/OrgnlTxRef/UndrlygFICdtTrf/CdtrAgt/FinInstnId/PstlAdr/AdrLine,AdrLine,Max70Text,0,7
pacs.004.001.15,/Document/PmtRtr/TxInf/OrgnlTxRef/UndrlygFICdtTrf/CdtrAgt/FinInstnId/Othr,Othr,GenericFinancialIdentification1,0,1
pacs.004.001.15,/Document/PmtRtr/TxInf/OrgnlTxRef/UndrlygFICdtTrf/CdtrAgt/FinInstnId/Othr/Id,Id,Max35Text,1,1
pacs.004.001.15,/Document/PmtRtr/TxInf/OrgnlTxRef/UndrlygFICdtTrf/CdtrAgt/FinInstnId/Othr/SchmeNm,SchmeNm,FinancialIdentificationSchemeName1Choice,0,1
pacs.004.001.15,/Document/PmtRtr/TxInf/OrgnlTxRef/UndrlygFICdtTrf/CdtrAgt/FinInstnId/Othr/SchmeNm/Cd,Cd,ExternalFinancialInstitutionIdentification1Code,1,1
pacs.004.001.15,/Document/PmtRtr/TxInf/OrgnlTxRef/UndrlygFICdtTrf/CdtrAgt/FinInstnId/Othr/SchmeNm/Prtry,Prtry,Max35Text,1,1
pacs.004.001.15,/Document/PmtRtr/TxInf/OrgnlTxRef/UndrlygFICdtTrf/CdtrAgt/FinInstnId/Othr/Issr,Issr,Max35Text,0,1
pacs.004.001.15,/Document/PmtRtr/TxInf/OrgnlTxRef/UndrlygFICdtTrf/CdtrAgt/BrnchId,BrnchId,BranchData5,0,1
pacs.004.001.15,/Document/PmtRtr/TxInf/OrgnlTxRef/UndrlygFICdtTrf/CdtrAgt/BrnchId/Id,Id,Max35Text,0,1
pacs.004.001.15,/Document/PmtRtr/TxInf/OrgnlTxRef/UndrlygFICdtTrf/CdtrAgt/BrnchId/LEI,LEI,LEIIdentifier,0,1
pacs.004.001.15,/Document/PmtRtr/TxInf/OrgnlTxRef/UndrlygFICdtTrf/CdtrAgt/BrnchId/Nm,Nm,Max140Text,0,1
pacs.004.001.15,/Document/PmtRtr/TxInf/OrgnlTxRef/UndrlygFICdtTrf/CdtrAgt/BrnchId/PstlAdr,PstlAdr,PostalAddress27,0,1
pacs.004.001.15,/Document/PmtRtr/TxInf/OrgnlTxRef/UndrlygFICdtTrf/CdtrAgt/BrnchId/PstlAdr/AdrTp,AdrTp,AddressType3Choice,0,1
pacs.004.001.15,/Document/PmtRtr/TxInf/OrgnlTxRef/UndrlygFICdtTrf/CdtrAgt/BrnchId/PstlAdr/AdrTp/Cd,Cd,AddressType2Code,1,1
pacs.004.001.15,/Document/PmtRtr/TxInf/OrgnlTxRef/UndrlygFICdtTrf/CdtrAgt/BrnchId/PstlAdr/AdrTp/Prtry,Prtry,GenericIdentification30,1,1
pacs.004.001.15,/Document/PmtRtr/TxInf/OrgnlTxRef/UndrlygFICdtTrf/CdtrAgt/BrnchId/PstlAdr/AdrTp/Prtry/Id,Id,Exact4AlphaNumericText,1,1
pacs.004.001.15,/Document/PmtRtr/TxInf/OrgnlTxRef/UndrlygFICdtTrf/CdtrAgt/BrnchId/PstlAdr/AdrTp/Prtry/Issr,Issr,Max35Text,1,1
pacs.004.001.15,/Document/PmtRtr/TxInf/OrgnlTxRef/UndrlygFICdtTrf/CdtrAgt/BrnchId/PstlAdr/AdrTp/Prtry/SchmeNm,SchmeNm,Max35Text,0,1
pacs.004.001.15,/Document/PmtRtr/TxInf/OrgnlTxRef/UndrlygFICdtTrf/CdtrAgt/BrnchId/PstlAdr/CareOf,CareOf,Max140Text,0,1
pacs.004.001.15,/Document/PmtRtr/TxInf/OrgnlTxRef/UndrlygFICdtTrf/CdtrAgt/BrnchId/PstlAdr/Dept,Dept,Max70Text,0,1
pacs.004.001.15,/Document/PmtRtr/TxInf/OrgnlTxRef/UndrlygFICdtTrf/CdtrAgt/BrnchId/PstlAdr/SubDept,SubDept,Max70Text,0,1
pacs.004.001.15,/Document/PmtRtr/TxInf/OrgnlTxRef/UndrlygFICdtTrf/CdtrAgt/BrnchId/PstlAdr/StrtNm,StrtNm,Max140Text,0,1
pacs.004.001.15,/Document/PmtRtr/TxInf/OrgnlTxRef/UndrlygFICdtTrf/CdtrAgt/BrnchId/PstlAdr/BldgNb,BldgNb,Max16Text,0,1
pacs.004.001.15,/Document/PmtRtr/TxInf/OrgnlTxRef/UndrlygFICdtTrf/CdtrAgt/BrnchId/PstlAdr/BldgNm,BldgNm,Max140Text,0,1
pacs.004.001.15,/Document/PmtRtr/TxInf/OrgnlTxRef/UndrlygFICdtTrf/CdtrAgt/BrnchId/PstlAdr/Flr,Flr,Max70Text,0,1
pacs.004.001.15,/Document/PmtRtr/TxInf/OrgnlTxRef/UndrlygFICdtTrf/CdtrAgt/BrnchId/PstlAdr/UnitNb,UnitNb,Max16Text,0,1
pacs.004.001.15,/Document/PmtRtr/TxInf/OrgnlTxRef/UndrlygFICdtTrf/CdtrAgt/BrnchId/PstlAdr/PstBx,PstBx,Max16Text,0,1
pacs.004.001.15,/Document/PmtRtr/TxInf/OrgnlTxRef/UndrlygFICdtTrf/CdtrAgt/BrnchId/PstlAdr/Room,Room,Max70Text,0,1
pacs.004.001.15,/Document/PmtRtr/TxInf/OrgnlTxRef/UndrlygFICdtTrf/CdtrAgt/BrnchId/PstlAdr/PstCd,PstCd,Max16Text,0,1
pacs.004.001.15,/Document/PmtRtr/TxInf/OrgnlTxRef/UndrlygFICdtTrf/CdtrAgt/BrnchId/PstlAdr/TwnNm,TwnNm,Max140Text,0,1
pacs.004.001.15,/Document/PmtRtr/TxInf/OrgnlTxRef/UndrlygFICdtTrf/CdtrAgt/BrnchId/PstlAdr/TwnLctnNm,TwnLctnNm,Max140Text,0,1
pacs.004.001.15,/Document/PmtRtr/TxInf/OrgnlTxRef/UndrlygFICdtTrf/CdtrAgt/BrnchId/PstlAdr/DstrctNm,DstrctNm,Max140Text,0,1
pacs.004.001.15,/Document/PmtRtr/TxInf/OrgnlTxRef/UndrlygFICdtTrf/CdtrAgt/BrnchId/PstlAdr/CtrySubDvsn,CtrySubDvsn,Max35Text,0,1
pacs.004.001.15,/Document/PmtRtr/TxInf/OrgnlTxRef/UndrlygFICdtTrf/CdtrAgt/BrnchId/PstlAdr/Ctry,Ctry,CountryCode,0,1
pacs.004.001.15,/Document/PmtRtr/TxInf/OrgnlTxRef/UndrlygFICdtTrf/CdtrAgt/BrnchId/PstlAdr/AdrLine,AdrLine,Max70Text,0,7
pacs.004.001.15,/Document/PmtRtr/TxInf/OrgnlTxRef/UndrlygFICdtTrf/CdtrAgtAcct,CdtrAgtAcct,CashAccount40,0,1
pacs.004.001.15,/Document/PmtRtr/TxInf/OrgnlTxRef/UndrlygFICdtTrf/CdtrAgtAcct/Id,Id,AccountIdentification4Choice,0,1
pacs.004.001.15,/Document/PmtRtr/TxInf/OrgnlTxRef/UndrlygFICdtTrf/CdtrAgtAcct/Id/IBAN,IBAN,IBAN2007Identifier,1,1
pacs.004.001.15,/Document/PmtRtr/TxInf/OrgnlTxRef/UndrlygFICdtTrf/CdtrAgtAcct/Id/Othr,Othr,GenericAccountIdentification1,1,1
pacs.004.001.15,/Document/PmtRtr/TxInf/OrgnlTxRef/UndrlygFICdtTrf/CdtrAgtAcct/Id/Othr/Id,Id,Max34Text,1,1
pacs.004.001.15,/Document/PmtRtr/TxInf/OrgnlTxRef/UndrlygFICdtTrf/CdtrAgtAcct/Id/Othr/SchmeNm,SchmeNm,AccountSchemeName1Choice,0,1
pacs.004.001.15,/Document/PmtRtr/TxInf/OrgnlTxRef/UndrlygFICdtTrf/CdtrAgtAcct/Id/Othr/SchmeNm/Cd,Cd,ExternalAccountIdentification1Code,1,1
pacs.004.001.15,/Document/PmtRtr/TxInf/OrgnlTxRef/UndrlygFICdtTrf/CdtrAgtAcct/Id/Othr/SchmeNm/Prtry,Prtry,Max35Text,1,1
pacs.004.001.15,/Document/PmtRtr/TxInf/OrgnlTxRef/UndrlygFICdtTrf/CdtrAgtAcct/Id/Othr/Issr,Issr,Max35Text,0,1
pacs.004.001.15,/Document/PmtRtr/TxInf/OrgnlTxRef/UndrlygFICdtTrf/CdtrAgtAcct/Tp,Tp,CashAccountType2Choice,0,1
pacs.004.001.15,/Document/PmtRtr/TxInf/OrgnlTxRef/UndrlygFICdtTrf/CdtrAgtAcct/Tp/Cd,Cd,ExternalCashAccountType1Code,1,1
pacs.004.001.15,/Document/PmtRtr/TxInf/OrgnlTxRef/UndrlygFICdtTrf/CdtrAgtAcct/Tp/Prtry,Prtry,Max35Text,1,1
pacs.004.001.15,/Document/PmtRtr/TxInf/OrgnlTxRef/UndrlygFICdtTrf/CdtrAgtAcct/Ccy,Ccy,ActiveOrHistoricCurrencyCode,0,1
pacs.004.001.15,/Document/PmtRtr/TxInf/OrgnlTxRef/UndrlygFICdtTrf/CdtrAgtAcct/Nm,Nm,Max70Text,0,1
pacs.004.001.15,/Document/PmtRtr/TxInf/OrgnlTxRef/UndrlygFICdtTrf/CdtrAgtAcct/Prxy,Prxy,ProxyAccountIdentification1,0,1
pacs.004.001.15,/Document/PmtRtr/TxInf/OrgnlTxRef/UndrlygFICdtTrf/CdtrAgtAcct/Prxy/Tp,Tp,ProxyAccountType1Choice,0,1
pacs.004.001.15,/Document/PmtRtr/TxInf/OrgnlTxRef/UndrlygFICdtTrf/CdtrAgtAcct/Prxy/Tp/Cd,Cd,ExternalProxyAccountType1Code,1,1
pacs.004.001.15,/Document/PmtRtr/TxInf/OrgnlTxRef/UndrlygFICdtTrf/CdtrAgtAcct/Prxy/Tp/Prtry,Prtry,Max35Text,1,1
pacs.004.001.15,/Document/PmtRtr/TxInf/OrgnlTxRef/UndrlygFICdtTrf/CdtrAgtAcct/Prxy/Id,Id,Max2048Text,1,1
pacs.004.001.15,/Document/PmtRtr/TxInf/OrgnlTxRef/UndrlygFICdtTrf/Cdtr,Cdtr,BranchAndFinancialInstitutionIdentification8,1,1
pacs.004.001.15,/Document/PmtRtr/TxInf/OrgnlTxRef/UndrlygFICdtTrf/Cdtr/FinInstnId,FinInstnId,FinancialInstitutionIdentification23,1,1
pacs.004.001.15,/Document/PmtRtr/TxInf/OrgnlTxRef/UndrlygFICdtTrf/Cdtr/FinInstnId/BICFI,BICFI,BICFIDec2014Identifier,0,1
pacs.004.001.15,/Document/PmtRtr/TxInf/OrgnlTxRef/UndrlygFICdtTrf/Cdtr/FinInstnId/ClrSysMmbId,ClrSysMmbId,ClearingSystemMemberIdentification2,0,1
pacs.004.001.15,/Document/PmtRtr/TxInf/OrgnlTxRef/UndrlygFICdtTrf/Cdtr/FinInstnId/ClrSysMmbId/ClrSysId,ClrSysId,ClearingSystemIdentification2Choice,0,1
pacs.004.001.15,/Document/PmtRtr/TxInf/OrgnlTxRef/UndrlygFICdtTrf/Cdtr/FinInstnId/ClrSysMmbId/ClrSysId/Cd,Cd,ExternalClearingSystemIdentification1Code,1,1
pacs.004.001.15,/Document/PmtRtr/TxInf/OrgnlTxRef/UndrlygFICdtTrf/Cdtr/FinInstnId/ClrSysMmbId/ClrSysId/Prtry,Prtry,Max35Text,1,1
pacs.004.001.15,/Document/PmtRtr/TxInf/OrgnlTxRef/UndrlygFICdtTrf/Cdtr/FinInstnId/ClrSysMmbId/MmbId,MmbId,Max35Text,1,1
pacs.004.001.15,/Document/PmtRtr/TxInf/OrgnlTxRef/UndrlygFICdtTrf/Cdtr/FinInstnId/LEI,LEI,LEIIdentifier,0,1
pacs.004.001.15,/Document/PmtRtr/TxInf/OrgnlTxRef/UndrlygFICdtTrf/Cdtr/FinInstnId/Nm,Nm,Max140Text,0,1
pacs.004.001.15,/Document/PmtRtr/TxInf/OrgnlTxRef/UndrlygFICdtTrf/Cdtr/FinInstnId/PstlAdr,PstlAdr,PostalAddress27,0,1
pacs.004.001.15,/Document/PmtRtr/TxInf/OrgnlTxRef/UndrlygFICdtTrf/Cdtr/FinInstnId/PstlAdr/AdrTp,AdrTp,AddressType3Choice,0,1
pacs.004.001.15,/Document/PmtRtr/TxInf/OrgnlTxRef/UndrlygFICdtTrf/Cdtr/FinInstnId/PstlAdr/AdrTp/Cd,Cd,AddressType2Code,1,1
pacs.004.001.15,/Document/PmtRtr/TxInf/OrgnlTxRef/UndrlygFICdtTrf/Cdtr/FinInstnId/PstlAdr/AdrTp/Prtry,Prtry,GenericIdentification30,1,1
pacs.004.001.15,/Document/PmtRtr/TxInf/OrgnlTxRef/UndrlygFICdtTrf/Cdtr/FinInstnId/PstlAdr/AdrTp/Prtry/Id,Id,Exact4AlphaNumericText,1,1
pacs.004.001.15,/Document/PmtRtr/TxInf/OrgnlTxRef/UndrlygFICdtTrf/Cdtr/FinInstnId/PstlAdr/AdrTp/Prtry/Issr,Issr,Max35Text,1,1
pacs.004.001.15,/Document/PmtRtr/TxInf/OrgnlTxRef/UndrlygFICdtTrf/Cdtr/FinInstnId/PstlAdr/AdrTp/Prtry/SchmeNm,SchmeNm,Max35Text,0,1
pacs.004.001.15,/Document/PmtRtr/TxInf/OrgnlTxRef/UndrlygFICdtTrf/Cdtr/FinInstnId/PstlAdr/CareOf,CareOf,Max140Text,0,1
pacs.004.001.15,/Document/PmtRtr/TxInf/OrgnlTxRef/UndrlygFICdtTrf/Cdtr/FinInstnId/PstlAdr/Dept,Dept,Max70Text,0,1
pacs.004.001.15,/Document/PmtRtr/TxInf/OrgnlTxRef/UndrlygFICdtTrf/Cdtr/FinInstnId/PstlAdr/SubDept,SubDept,Max70Text,0,1
pacs.004.001.15,/Document/PmtRtr/TxInf/OrgnlTxRef/UndrlygFICdtTrf/Cdtr/FinInstnId/PstlAdr/StrtNm,StrtNm,Max140Text,0,1
pacs.004.001.15,/Document/PmtRtr/TxInf/OrgnlTxRef/UndrlygFICdtTrf/Cdtr/FinInstnId/PstlAdr/BldgNb,BldgNb,Max16Text,0,1
pacs.004.001.15,/Document/PmtRtr/TxInf/OrgnlTxRef/UndrlygFICdtTrf/Cdtr/FinInstnId/PstlAdr/BldgNm,BldgNm,Max140Text,0,1
pacs.004.001.15,/Document/PmtRtr/TxInf/OrgnlTxRef/UndrlygFICdtTrf/Cdtr/FinInstnId/PstlAdr/Flr,Flr,Max70Text,0,1
pacs.004.001.15,/Document/PmtRtr/TxInf/OrgnlTxRef/UndrlygFICdtTrf/Cdtr/FinInstnId/PstlAdr/UnitNb,UnitNb,Max16Text,0,1
pacs.004.001.15,/Document/PmtRtr/TxInf/OrgnlTxRef/UndrlygFICdtTrf/Cdtr/FinInstnId/PstlAdr/PstBx,PstBx,Max16Text,0,1
pacs.004.001.15,/Document/PmtRtr/TxInf/OrgnlTxRef/UndrlygFICdtTrf/Cdtr/FinInstnId/PstlAdr/Room,Room,Max70Text,0,1
pacs.004.001.15,/Document/PmtRtr/TxInf/OrgnlTxRef/UndrlygFICdtTrf/Cdtr/FinInstnId/PstlAdr/PstCd,PstCd,Max16Text,0,1
pacs.004.001.15,/Document/PmtRtr/TxInf/OrgnlTxRef/UndrlygFICdtTrf/Cdtr/FinInstnId/PstlAdr/TwnNm,TwnNm,Max140Text,0,1
pacs.004.001.15,/Document/PmtRtr/TxInf/OrgnlTxRef/UndrlygFICdtTrf/Cdtr/FinInstnId/PstlAdr/TwnLctnNm,TwnLctnNm,Max140Text,0,1
pacs.004.001.15,/Document/PmtRtr/TxInf/OrgnlTxRef/UndrlygFICdtTrf/Cdtr/FinInstnId/PstlAdr/DstrctNm,DstrctNm,Max140Text,0,1
pacs.004.001.15,/Document/PmtRtr/TxInf/OrgnlTxRef/UndrlygFICdtTrf/Cdtr/FinInstnId/PstlAdr/CtrySubDvsn,CtrySubDvsn,Max35Text,0,1
pacs.004.001.15,/Document/PmtRtr/TxInf/OrgnlTxRef/UndrlygFICdtTrf/Cdtr/FinInstnId/PstlAdr/Ctry,Ctry,CountryCode,0,1
pacs.004.001.15,/Document/PmtRtr/TxInf/OrgnlTxRef/UndrlygFICdtTrf/Cdtr/FinInstnId/PstlAdr/AdrLine,AdrLine,Max70Text,0,7
pacs.004.001.15,/Document/PmtRtr/TxInf/OrgnlTxRef/UndrlygFICdtTrf/Cdtr/FinInstnId/Othr,Othr,GenericFinancialIdentification1,0,1
pacs.004.001.15,/Document/PmtRtr/TxInf/OrgnlTxRef/UndrlygFICdtTrf/Cdtr/FinInstnId/Othr/Id,Id,Max35Text,1,1
pacs.004.001.15,/Document/PmtRtr/TxInf/OrgnlTxRef/UndrlygFICdtTrf/Cdtr/FinInstnId/Othr/SchmeNm,SchmeNm,FinancialIdentificationSchemeName1Choice,0,1
pacs.004.001.15,/Document/PmtRtr/TxInf/OrgnlTxRef/UndrlygFICdtTrf/Cdtr/FinInstnId/Othr/SchmeNm/Cd,Cd,ExternalFinancialInstitutionIdentification1Code,1,1
pacs.004.001.15,/Document/PmtRtr/TxInf/OrgnlTxRef/UndrlygFICdtTrf/Cdtr/FinInstnId/Othr/SchmeNm/Prtry,Prtry,Max35Text,1,1
pacs.004.001.15,/Document/PmtRtr/TxInf/OrgnlTxRef/UndrlygFICdtTrf/Cdtr/FinInstnId/Othr/Issr,Issr,Max35Text,0,1
pacs.004.001.15,/Document/PmtRtr/TxInf/OrgnlTxRef/UndrlygFICdtTrf/Cdtr/BrnchId,BrnchId,BranchData5,0,1
pacs.004.001.15,/Document/PmtRtr/TxInf/OrgnlTxRef/UndrlygFICdtTrf/Cdtr/BrnchId/Id,Id,Max35Text,0,1
pacs.004.001.15,/Document/PmtRtr/TxInf/OrgnlTxRef/UndrlygFICdtTrf/Cdtr/BrnchId/LEI,LEI,LEIIdentifier,0,1
pacs.004.001.15,/Document/PmtRtr/TxInf/OrgnlTxRef/UndrlygFICdtTrf/Cdtr/BrnchId/Nm,Nm,Max140Text,0,1
pacs.004.001.15,/Document/PmtRtr/TxInf/OrgnlTxRef/UndrlygFICdtTrf/Cdtr/BrnchId/PstlAdr,PstlAdr,PostalAddress27,0,1
pacs.004.001.15,/Document/PmtRtr/TxInf/OrgnlTxRef/UndrlygFICdtTrf/Cdtr/BrnchId/PstlAdr/AdrTp,AdrTp,AddressType3Choice,0,1
pacs.004.001.15,/Document/PmtRtr/TxInf/OrgnlTxRef/UndrlygFICdtTrf/Cdtr/BrnchId/PstlAdr/AdrTp/Cd,Cd,AddressType2Code,1,1
pacs.004.001.15,/Document/PmtRtr/TxInf/OrgnlTxRef/UndrlygFICdtTrf/Cdtr/BrnchId/PstlAdr/AdrTp/Prtry,Prtry,GenericIdentification30,1,1
pacs.004.001.15,/Document/PmtRtr/TxInf/OrgnlTxRef/UndrlygFICdtTrf/Cdtr/BrnchId/PstlAdr/AdrTp/Prtry/Id,Id,Exact4AlphaNumericText,1,1
pacs.004.001.15,/Document/PmtRtr/TxInf/OrgnlTxRef/UndrlygFICdtTrf/Cdtr/BrnchId/PstlAdr/AdrTp/Prtry/Issr,Issr,Max35Text,1,1
pacs.004.001.15,/Document/PmtRtr/TxInf/OrgnlTxRef/UndrlygFICdtTrf/Cdtr/BrnchId/PstlAdr/AdrTp/Prtry/SchmeNm,SchmeNm,Max35Text,0,1
pacs.004.001.15,/Document/PmtRtr/TxInf/OrgnlTxRef/UndrlygFICdtTrf/Cdtr/BrnchId/PstlAdr/CareOf,CareOf,Max140Text,0,1
pacs.004.001.15,/Document/PmtRtr/TxInf/OrgnlTxRef/UndrlygFICdtTrf/Cdtr/BrnchId/PstlAdr/Dept,Dept,Max70Text,0,1
pacs.004.001.15,/Document/PmtRtr/TxInf/OrgnlTxRef/UndrlygFICdtTrf/Cdtr/BrnchId/PstlAdr/SubDept,SubDept,Max70Text,0,1
pacs.004.001.15,/Document/PmtRtr/TxInf/OrgnlTxRef/UndrlygFICdtTrf/Cdtr/BrnchId/PstlAdr/StrtNm,StrtNm,Max140Text,0,1
pacs.004.001.15,/Document/PmtRtr/TxInf/OrgnlTxRef/UndrlygFICdtTrf/Cdtr/BrnchId/PstlAdr/BldgNb,BldgNb,Max16Text,0,1
pacs.004.001.15,/Document/PmtRtr/TxInf/OrgnlTxRef/UndrlygFICdtTrf/Cdtr/BrnchId/PstlAdr/BldgNm,BldgNm,Max140Text,0,1
pacs.004.001.15,/Document/PmtRtr/TxInf/OrgnlTxRef/UndrlygFICdtTrf/Cdtr/BrnchId/PstlAdr/Flr,Flr,Max70Text,0,1
pacs.004.001.15,/Document/PmtRtr/TxInf/OrgnlTxRef/UndrlygFICdtTrf/Cdtr/BrnchId/PstlAdr/UnitNb,UnitNb,Max16Text,0,1
pacs.004.001.15,/Document/PmtRtr/TxInf/OrgnlTxRef/UndrlygFICdtTrf/Cdtr/BrnchId/PstlAdr/PstBx,PstBx,Max16Text,0,1
pacs.004.001.15,/Document/PmtRtr/TxInf/OrgnlTxRef/UndrlygFICdtTrf/Cdtr/BrnchId/PstlAdr/Room,Room,Max70Text,0,1
pacs.004.001.15,/Document/PmtRtr/TxInf/OrgnlTxRef/UndrlygFICdtTrf/Cdtr/BrnchId/PstlAdr/PstCd,PstCd,Max16Text,0,1
pacs.004.001.15,/Document/PmtRtr/TxInf/OrgnlTxRef/UndrlygFICdtTrf/Cdtr/BrnchId/PstlAdr/TwnNm,TwnNm,Max140Text,0,1
pacs.004.001.15,/Document/PmtRtr/TxInf/OrgnlTxRef/UndrlygFICdtTrf/Cdtr/BrnchId/PstlAdr/TwnLctnNm,TwnLctnNm,Max140Text,0,1
pacs.004.001.15,/Document/PmtRtr/TxInf/OrgnlTxRef/UndrlygFICdtTrf/Cdtr/BrnchId/PstlAdr/DstrctNm,DstrctNm,Max140Text,0,1
pacs.004.001.15,/Document/PmtRtr/TxInf/OrgnlTxRef/UndrlygFICdtTrf/Cdtr/BrnchId/PstlAdr/CtrySubDvsn,CtrySubDvsn,Max35Text,0,1
pacs.004.001.15,/Document/PmtRtr/TxInf/OrgnlTxRef/UndrlygFICdtTrf/Cdtr/BrnchId/PstlAdr/Ctry,Ctry,CountryCode,0,1
pacs.004.001.15,/Document/PmtRtr/TxInf/OrgnlTxRef/UndrlygFICdtTrf/Cdtr/BrnchId/PstlAdr/AdrLine,AdrLine,Max70Text,0,7
pacs.004.001.15,/Document/PmtRtr/TxInf/OrgnlTxRef/UndrlygFICdtTrf/CdtrAcct,CdtrAcct,CashAccount40,0,1
pacs.004.001.15,/Document/PmtRtr/TxInf/OrgnlTxRef/UndrlygFICdtTrf/CdtrAcct/Id,Id,AccountIdentification4Choice,0,1
pacs.004.001.15,/Document/PmtRtr/TxInf/OrgnlTxRef/UndrlygFICdtTrf/CdtrAcct/Id/IBAN,IBAN,IBAN2007Identifier,1,1
pacs.004.001.15,/Document/PmtRtr/TxInf/OrgnlTxRef/UndrlygFICdtTrf/CdtrAcct/Id/Othr,Othr,GenericAccountIdentification1,1,1
pacs.004.001.15,/Document/PmtRtr/TxInf/OrgnlTxRef/UndrlygFICdtTrf/CdtrAcct/Id/Othr/Id,Id,Max34Text,1,1
pacs.004.001.15,/Document/PmtRtr/TxInf/OrgnlTxRef/UndrlygFICdtTrf/CdtrAcct/Id/Othr/SchmeNm,SchmeNm,AccountSchemeName1Choice,0,1
pacs.004.001.15,/Document/PmtRtr/TxInf/OrgnlTxRef/UndrlygFICdtTrf/CdtrAcct/Id/Othr/SchmeNm/Cd,Cd,ExternalAccountIdentification1Code,1,1
pacs.004.001.15,/Document/PmtRtr/TxInf/OrgnlTxRef/UndrlygFICdtTrf/CdtrAcct/Id/Othr/SchmeNm/Prtry,Prtry,Max35Text,1,1
pacs.004.001.15,/Document/PmtRtr/TxInf/OrgnlTxRef/UndrlygFICdtTrf/CdtrAcct/Id/Othr/Issr,Issr,Max35Text,0,1
pacs.004.001.15,/Document/PmtRtr/TxInf/OrgnlTxRef/UndrlygFICdtTrf/CdtrAcct/Tp,Tp,CashAccountType2Choice,0,1
pacs.004.001.15,/Document/PmtRtr/TxInf/OrgnlTxRef/UndrlygFICdtTrf/CdtrAcct/Tp/Cd,Cd,ExternalCashAccountType1Code,1,1
pacs.004.001.15,/Document/PmtRtr/TxInf/OrgnlTxRef/UndrlygFICdtTrf/CdtrAcct/Tp/Prtry,Prtry,Max35Text,1,1
pacs.004.001.15,/Document/PmtRtr/TxInf/OrgnlTxRef/UndrlygFICdtTrf/CdtrAcct/Ccy,Ccy,ActiveOrHistoricCurrencyCode,0,1
pacs.004.001.15,/Document/PmtRtr/TxInf/OrgnlTxRef/UndrlygFICdtTrf/CdtrAcct/Nm,Nm,Max70Text,0,1
pacs.004.001.15,/Document/PmtRtr/TxInf/OrgnlTxRef/UndrlygFICdtTrf/CdtrAcct/Prxy,Prxy,ProxyAccountIdentification1,0,1
pacs.004.001.15,/Document/PmtRtr/TxInf/OrgnlTxRef/UndrlygFICdtTrf/CdtrAcct/Prxy/Tp,Tp,ProxyAccountType1Choice,0,1
pacs.004.001.15,/Document/PmtRtr/TxInf/OrgnlTxRef/UndrlygFICdtTrf/CdtrAcct/Prxy/Tp/Cd,Cd,ExternalProxyAccountType1Code,1,1
pacs.004.001.15,/Document/PmtRtr/TxInf/OrgnlTxRef/UndrlygFICdtTrf/CdtrAcct/Prxy/Tp/Prtry,Prtry,Max35Text,1,1
pacs.004.001.15,/Document/PmtRtr/TxInf/OrgnlTxRef/UndrlygFICdtTrf/CdtrAcct/Prxy/Id,Id,Max2048Text,1,1
pacs.004.001.15,/Document/PmtRtr/TxInf/OrgnlTxRef/UndrlygFICdtTrf/UltmtCdtr,UltmtCdtr,BranchAndFinancialInstitutionIdentification8,0,1
pacs.004.001.15,/Document/PmtRtr/TxInf/OrgnlTxRef/UndrlygFICdtTrf/UltmtCdtr/FinInstnId,FinInstnId,FinancialInstitutionIdentification23,1,1
pacs.004.001.15,/Document/PmtRtr/TxInf/OrgnlTxRef/UndrlygFICdtTrf/UltmtCdtr/FinInstnId/BICFI,BICFI,BICFIDec2014Identifier,0,1
pacs.004.001.15,/Document/PmtRtr/TxInf/OrgnlTxRef/UndrlygFICdtTrf/UltmtCdtr/FinInstnId/ClrSysMmbId,ClrSysMmbId,ClearingSystemMemberIdentification2,0,1
pacs.004.001.15,/Document/PmtRtr/TxInf/OrgnlTxRef/UndrlygFICdtTrf/UltmtCdtr/FinInstnId/ClrSysMmbId/ClrSysId,ClrSysId,ClearingSystemIdentification2Choice,0,1
pacs.004.001.15,/Document/PmtRtr/TxInf/OrgnlTxRef/UndrlygFICdtTrf/UltmtCdtr/FinInstnId/ClrSysMmbId/ClrSysId/Cd,Cd,ExternalClearingSystemIdentification1Code,1,1
pacs.004.001.15,/Document/PmtRtr/TxInf/OrgnlTxRef/UndrlygFICdtTrf/UltmtCdtr/FinInstnId/ClrSysMmbId/ClrSysId/Prtry,Prtry,Max35Text,1,1
pacs.004.001.15,/Document/PmtRtr/TxInf/OrgnlTxRef/UndrlygFICdtTrf/UltmtCdtr/FinInstnId/ClrSysMmbId/MmbId,MmbId,Max35Text,1,1
pacs.004.001.15,/Document/PmtRtr/TxInf/OrgnlTxRef/UndrlygFICdtTrf/UltmtCdtr/FinInstnId/LEI,LEI,LEIIdentifier,0,1
pacs.004.001.15,/Document/PmtRtr/TxInf/OrgnlTxRef/UndrlygFICdtTrf/UltmtCdtr/FinInstnId/Nm,Nm,Max140Text,0,1
pacs.004.001.15,/Document/PmtRtr/TxInf/OrgnlTxRef/UndrlygFICdtTrf/UltmtCdtr/FinInstnId/PstlAdr,PstlAdr,PostalAddress27,0,1
pacs.004.001.15,/Document/PmtRtr/TxInf/OrgnlTxRef/UndrlygFICdtTrf/UltmtCdtr/FinInstnId/PstlAdr/AdrTp,AdrTp,AddressType3Choice,0,1
pacs.004.001.15,/Document/PmtRtr/TxInf/OrgnlTxRef/UndrlygFICdtTrf/UltmtCdtr/FinInstnId/PstlAdr/AdrTp/Cd,Cd,AddressType2Code,1,1
pacs.004.001.15,/Document/PmtRtr/TxInf/OrgnlTxRef/UndrlygFICdtTrf/UltmtCdtr/FinInstnId/PstlAdr/AdrTp/Prtry,Prtry,GenericIdentification30,1,1
pacs.004.001.15,/Document/PmtRtr/TxInf/OrgnlTxRef/UndrlygFICdtTrf/UltmtCdtr/FinInstnId/PstlAdr/AdrTp/Prtry/Id,Id,Exact4AlphaNumericText,1,1
pacs.004.001.15,/Document/PmtRtr/TxInf/OrgnlTxRef/UndrlygFICdtTrf/UltmtCdtr/FinInstnId/PstlAdr/AdrTp/Prtry/Issr,Issr,Max35Text,1,1
pacs.004.001.15,/Document/PmtRtr/TxInf/OrgnlTxRef/UndrlygFICdtTrf/UltmtCdtr/FinInstnId/PstlAdr/AdrTp/Prtry/SchmeNm,SchmeNm,Max35Text,0,1
pacs.004.001.15,/Document/PmtRtr/TxInf/OrgnlTxRef/UndrlygFICdtTrf/UltmtCdtr/FinInstnId/PstlAdr/CareOf,CareOf,Max140Text,0,1
pacs.004.001.15,/Document/PmtRtr/TxInf/OrgnlTxRef/UndrlygFICdtTrf/UltmtCdtr/FinInstnId/PstlAdr/Dept,Dept,Max70Text,0,1
pacs.004.001.15,/Document/PmtRtr/TxInf/OrgnlTxRef/UndrlygFICdtTrf/UltmtCdtr/FinInstnId/PstlAdr/SubDept,SubDept,Max70Text,0,1
pacs.004.001.15,/Document/PmtRtr/TxInf/OrgnlTxRef/UndrlygFICdtTrf/UltmtCdtr/FinInstnId/PstlAdr/StrtNm,StrtNm,Max140Text,0,1
pacs.004.001.15,/Document/PmtRtr/TxInf/OrgnlTxRef/UndrlygFICdtTrf/UltmtCdtr/FinInstnId/PstlAdr/BldgNb,BldgNb,Max16Text,0,1
pacs.004.001.15,/Document/PmtRtr/TxInf/OrgnlTxRef/UndrlygFICdtTrf/UltmtCdtr/FinInstnId/PstlAdr/BldgNm,BldgNm,Max140Text,0,1
pacs.004.001.15,/Document/PmtRtr/TxInf/OrgnlTxRef/UndrlygFICdtTrf/UltmtCdtr/FinInstnId/PstlAdr/Flr,Flr,Max70Text,0,1
pacs.004.001.15,/Document/PmtRtr/TxInf/OrgnlTxRef/UndrlygFICdtTrf/UltmtCdtr/FinInstnId/PstlAdr/UnitNb,UnitNb,Max16Text,0,1
pacs.004.001.15,/Document/PmtRtr/TxInf/OrgnlTxRef/UndrlygFICdtTrf/UltmtCdtr/FinInstnId/PstlAdr/PstBx,PstBx,Max16Text,0,1
pacs.004.001.15,/Document/PmtRtr/TxInf/OrgnlTxRef/UndrlygFICdtTrf/UltmtCdtr/FinInstnId/PstlAdr/Room,Room,Max70Text,0,1
pacs.004.001.15,/Document/PmtRtr/TxInf/OrgnlTxRef/UndrlygFICdtTrf/UltmtCdtr/FinInstnId/PstlAdr/PstCd,PstCd,Max16Text,0,1
pacs.004.001.15,/Document/PmtRtr/TxInf/OrgnlTxRef/UndrlygFICdtTrf/UltmtCdtr/FinInstnId/PstlAdr/TwnNm,TwnNm,Max140Text,0,1
pacs.004.001.15,/Document/PmtRtr/TxInf/OrgnlTxRef/UndrlygFICdtTrf/UltmtCdtr/FinInstnId/PstlAdr/TwnLctnNm,TwnLctnNm,Max140Text,0,1
pacs.004.001.15,/Document/PmtRtr/TxInf/OrgnlTxRef/UndrlygFICdtTrf/UltmtCdtr/FinInstnId/PstlAdr/DstrctNm,DstrctNm,Max140Text,0,1
pacs.004.001.15,/Document/PmtRtr/TxInf/OrgnlTxRef/UndrlygFICdtTrf/UltmtCdtr/FinInstnId/PstlAdr/CtrySubDvsn,CtrySubDvsn,Max35Text,0,1
pacs.004.001.15,/Document/PmtRtr/TxInf/OrgnlTxRef/UndrlygFICdtTrf/UltmtCdtr/FinInstnId/PstlAdr/Ctry,Ctry,CountryCode,0,1
pacs.004.001.15,/Document/PmtRtr/TxInf/OrgnlTxRef/UndrlygFICdtTrf/UltmtCdtr/FinInstnId/PstlAdr/AdrLine,AdrLine,Max70Text,0,7
pacs.004.001.15,/Document/PmtRtr/TxInf/OrgnlTxRef/UndrlygFICdtTrf/UltmtCdtr/FinInstnId/Othr,Othr,GenericFinancialIdentification1,0,1
pacs.004.001.15,/Document/PmtRtr/TxInf/OrgnlTxRef/UndrlygFICdtTrf/UltmtCdtr/FinInstnId/Othr/Id,Id,Max35Text,1,1
pacs.004.001.15,/Document/PmtRtr/TxInf/OrgnlTxRef/UndrlygFICdtTrf/UltmtCdtr/FinInstnId/Othr/SchmeNm,SchmeNm,FinancialIdentificationSchemeName1Choice,0,1
pacs.004.001.15,/Document/PmtRtr/TxInf/OrgnlTxRef/UndrlygFICdtTrf/UltmtCdtr/FinInstnId/Othr/SchmeNm/Cd,Cd,ExternalFinancialInstitutionIdentification1Code,1,1
pacs.004.001.15,/Document/PmtRtr/TxInf/OrgnlTxRef/UndrlygFICdtTrf/UltmtCdtr/FinInstnId/Othr/SchmeNm/Prtry,Prtry,Max35Text,1,1
pacs.004.001.15,/Document/PmtRtr/TxInf/OrgnlTxRef/UndrlygFICdtTrf/UltmtCdtr/FinInstnId/Othr/Issr,Issr,Max35Text,0,1
pacs.004.001.15,/Document/PmtRtr/TxInf/OrgnlTxRef/UndrlygFICdtTrf/UltmtCdtr/BrnchId,BrnchId,BranchData5,0,1
pacs.004.001.15,/Document/PmtRtr/TxInf/OrgnlTxRef/UndrlygFICdtTrf/UltmtCdtr/BrnchId/Id,Id,Max35Text,0,1
pacs.004.001.15,/Document/PmtRtr/TxInf/OrgnlTxRef/UndrlygFICdtTrf/UltmtCdtr/BrnchId/LEI,LEI,LEIIdentifier,0,1
pacs.004.001.15,/Document/PmtRtr/TxInf/OrgnlTxRef/UndrlygFICdtTrf/UltmtCdtr/BrnchId/Nm,Nm,Max140Text,0,1
pacs.004.001.15,/Document/PmtRtr/TxInf/OrgnlTxRef/UndrlygFICdtTrf/UltmtCdtr/BrnchId/PstlAdr,PstlAdr,PostalAddress27,0,1
pacs.004.001.15,/Document/PmtRtr/TxInf/OrgnlTxRef/UndrlygFICdtTrf/UltmtCdtr/BrnchId/PstlAdr/AdrTp,AdrTp,AddressType3Choice,0,1
pacs.004.001.15,/Document/PmtRtr/TxInf/OrgnlTxRef/UndrlygFICdtTrf/UltmtCdtr/BrnchId/PstlAdr/AdrTp/Cd,Cd,AddressType2Code,1,1
pacs.004.001.15,/Document/PmtRtr/TxInf/OrgnlTxRef/UndrlygFICdtTrf/UltmtCdtr/BrnchId/PstlAdr/AdrTp/Prtry,Prtry,GenericIdentification30,1,1
pacs.004.001.15,/Document/PmtRtr/TxInf/OrgnlTxRef/UndrlygFICdtTrf/UltmtCdtr/BrnchId/PstlAdr/AdrTp/Prtry/Id,Id,Exact4AlphaNumericText,1,1
pacs.004.001.15,/Document/PmtRtr/TxInf/OrgnlTxRef/UndrlygFICdtTrf/UltmtCdtr/BrnchId/PstlAdr/AdrTp/Prtry/Issr,Issr,Max35Text,1,1
pacs.004.001.15,/Document/PmtRtr/TxInf/OrgnlTxRef/UndrlygFICdtTrf/UltmtCdtr/BrnchId/PstlAdr/AdrTp/Prtry/SchmeNm,SchmeNm,Max35Text,0,1
pacs.004.001.15,/Document/PmtRtr/TxInf/OrgnlTxRef/UndrlygFICdtTrf/UltmtCdtr/BrnchId/PstlAdr/CareOf,CareOf,Max140Text,0,1
pacs.004.001.15,/Document/PmtRtr/TxInf/OrgnlTxRef/UndrlygFICdtTrf/UltmtCdtr/BrnchId/PstlAdr/Dept,Dept,Max70Text,0,1
pacs.004.001.15,/Document/PmtRtr/TxInf/OrgnlTxRef/UndrlygFICdtTrf/UltmtCdtr/BrnchId/PstlAdr/SubDept,SubDept,Max70Text,0,1
pacs.004.001.15,/Document/PmtRtr/TxInf/OrgnlTxRef/UndrlygFICdtTrf/UltmtCdtr/BrnchId/PstlAdr/StrtNm,StrtNm,Max140Text,0,1
pacs.004.001.15,/Document/PmtRtr/TxInf/OrgnlTxRef/UndrlygFICdtTrf/UltmtCdtr/BrnchId/PstlAdr/BldgNb,BldgNb,Max16Text,0,1
pacs.004.001.15,/Document/PmtRtr/TxInf/OrgnlTxRef/UndrlygFICdtTrf/UltmtCdtr/BrnchId/PstlAdr/BldgNm,BldgNm,Max140Text,0,1
pacs.004.001.15,/Document/PmtRtr/TxInf/OrgnlTxRef/UndrlygFICdtTrf/UltmtCdtr/BrnchId/PstlAdr/Flr,Flr,Max70Text,0,1
pacs.004.001.15,/Document/PmtRtr/TxInf/OrgnlTxRef/UndrlygFICdtTrf/UltmtCdtr/BrnchId/PstlAdr/UnitNb,UnitNb,Max16Text,0,1
pacs.004.001.15,/Document/PmtRtr/TxInf/OrgnlTxRef/UndrlygFICdtTrf/UltmtCdtr/BrnchId/PstlAdr/PstBx,PstBx,Max16Text,0,1
pacs.004.001.15,/Document/PmtRtr/TxInf/OrgnlTxRef/UndrlygFICdtTrf/UltmtCdtr/BrnchId/PstlAdr/Room,Room,Max70Text,0,1
pacs.004.001.15,/Document/PmtRtr/TxInf/OrgnlTxRef/UndrlygFICdtTrf/UltmtCdtr/BrnchId/PstlAdr/PstCd,PstCd,Max16Text,0,1
pacs.004.001.15,/Document/PmtRtr/TxInf/OrgnlTxRef/UndrlygFICdtTrf/UltmtCdtr/BrnchId/PstlAdr/TwnNm,TwnNm,Max140Text,0,1
pacs.004.001.15,/Document/PmtRtr/TxInf/OrgnlTxRef/UndrlygFICdtTrf/UltmtCdtr/BrnchId/PstlAdr/TwnLctnNm,TwnLctnNm,Max140Text,0,1
pacs.004.001.15,/Document/PmtRtr/TxInf/OrgnlTxRef/UndrlygFICdtTrf/UltmtCdtr/BrnchId/PstlAdr/DstrctNm,DstrctNm,Max140Text,0,1
pacs.004.001.15,/Document/PmtRtr/TxInf/OrgnlTxRef/UndrlygFICdtTrf/UltmtCdtr/BrnchId/PstlAdr/CtrySubDvsn,CtrySubDvsn,Max35Text,0,1
pacs.004.001.15,/Document/PmtRtr/TxInf/OrgnlTxRef/UndrlygFICdtTrf/UltmtCdtr/BrnchId/PstlAdr/Ctry,Ctry,CountryCode,0,1
pacs.004.001.15,/Document/PmtRtr/TxInf/OrgnlTxRef/UndrlygFICdtTrf/UltmtCdtr/BrnchId/PstlAdr/AdrLine,AdrLine,Max70Text,0,7
pacs.004.001.15,/Document/PmtRtr/TxInf/OrgnlTxRef/UndrlygFICdtTrf/InstrForCdtrAgt,InstrForCdtrAgt,InstructionForCreditorAgent3,0,
pacs.004.001.15,/Document/PmtRtr/TxInf/OrgnlTxRef/UndrlygFICdtTrf/InstrForCdtrAgt/Cd,Cd,ExternalCreditorAgentInstruction1Code,0,1
pacs.004.001.15,/Document/PmtRtr/TxInf/OrgnlTxRef/UndrlygFICdtTrf/InstrForCdtrAgt/InstrInf,InstrInf,Max140Text,0,1
pacs.004.001.15,/Document/PmtRtr/TxInf/OrgnlTxRef/UndrlygFICdtTrf/InstrForNxtAgt,InstrForNxtAgt,InstructionForNextAgent1,0,
pacs.004.001.15,/Document/PmtRtr/TxInf/OrgnlTxRef/UndrlygFICdtTrf/InstrForNxtAgt/Cd,Cd,Instruction4Code,0,1
pacs.004.001.15,/Document/PmtRtr/TxInf/OrgnlTxRef/UndrlygFICdtTrf/InstrForNxtAgt/InstrInf,InstrInf,Max140Text,0,1
pacs.004.001.15,/Document/PmtRtr/TxInf/OrgnlTxRef/UndrlygFICdtTrf/Purp,Purp,Purpose2Choice,0,1
pacs.004.001.15,/Document/PmtRtr/TxInf/OrgnlTxRef/UndrlygFICdtTrf/Purp/Cd,Cd,ExternalPurpose1Code,1,1
pacs.004.001.15,/Document/PmtRtr/TxInf/OrgnlTxRef/UndrlygFICdtTrf/Purp/Prtry,Prtry,Max35Text,1,1
pacs.004.001.15,/Document/PmtRtr/TxInf/OrgnlTxRef/UndrlygFICdtTrf/RmtInf,RmtInf,RemittanceInformation2,0,1
pacs.004.001.15,/Document/PmtRtr/TxInf/OrgnlTxRef/UndrlygFICdtTrf/RmtInf/Ustrd,Ustrd,Max140Text,0,
pacs.004.001.15,/Document/PmtRtr/TxInf/OrgnlTxRef/UndrlygFICdtTrf/UndrlygAllcn,UndrlygAllcn,TransactionAllocation2,0,
pacs.004.001.15,/Document/PmtRtr/TxInf/OrgnlTxRef/UndrlygFICdtTrf/UndrlygAllcn/Amt,Amt,ActiveOrHistoricCurrencyAndAmount,1,1
pacs.004.001.15,/Document/PmtRtr/TxInf/OrgnlTxRef/UndrlygFICdtTrf/UndrlygAllcn/CdtDbtInd,CdtDbtInd,CreditDebitCode,1,1
pacs.004.001.15,/Document/PmtRtr/TxInf/OrgnlTxRef/UndrlygFICdtTrf/UndrlygAllcn/Acct,Acct,CashAccount40,1,1
pacs.004.001.15,/Document/PmtRtr/TxInf/OrgnlTxRef/UndrlygFICdtTrf/UndrlygAllcn/Acct/Id,Id,AccountIdentification4Choice,0,1
pacs.004.001.15,/Document/PmtRtr/TxInf/OrgnlTxRef/UndrlygFICdtTrf/UndrlygAllcn/Acct/Id/IBAN,IBAN,IBAN2007Identifier,1,1
pacs.004.001.15,/Document/PmtRtr/TxInf/OrgnlTxRef/UndrlygFICdtTrf/UndrlygAllcn/Acct/Id/Othr,Othr,GenericAccountIdentification1,1,1
pacs.004.001.15,/Document/PmtRtr/TxInf/OrgnlTxRef/UndrlygFICdtTrf/UndrlygAllcn/Acct/Id/Othr/Id,Id,Max34Text,1,1
pacs.004.001.15,/Document/PmtRtr/TxInf/OrgnlTxRef/UndrlygFICdtTrf/UndrlygAllcn/Acct/Id/Othr/SchmeNm,SchmeNm,AccountSchemeName1Choice,0,1
pacs.004.001.15,/Document/PmtRtr/TxInf/OrgnlTxRef/UndrlygFICdtTrf/UndrlygAllcn/Acct/Id/Othr/SchmeNm/Cd,Cd,ExternalAccountIdentification1Code,1,1
pacs.004.001.15,/Document/PmtRtr/TxInf/OrgnlTxRef/UndrlygFICdtTrf/UndrlygAllcn/Acct/Id/Othr/SchmeNm/Prtry,Prtry,Max35Text,1,1
pacs.004.001.15,/Document/PmtRtr/TxInf/OrgnlTxRef/UndrlygFICdtTrf/UndrlygAllcn/Acct/Id/Othr/Issr,Issr,Max35Text,0,1
pacs.004.001.15,/Document/PmtRtr/TxInf/OrgnlTxRef/UndrlygFICdtTrf/UndrlygAllcn/Acct/Tp,Tp,CashAccountType2Choice,0,1
pacs.004.001.15,/Document/PmtRtr/TxInf/OrgnlTxRef/UndrlygFICdtTrf/UndrlygAllcn/Acct/Tp/Cd,Cd,ExternalCashAccountType1Code,1,1
pacs.004.001.15,/Document/PmtRtr/TxInf/OrgnlTxRef/UndrlygFICdtTrf/UndrlygAllcn/Acct/Tp/Prtry,Prtry,Max35Text,1,1
pacs.004.001.15,/Document/PmtRtr/TxInf/OrgnlTxRef/UndrlygFICdtTrf/UndrlygAllcn/Acct/Ccy,Ccy,ActiveOrHistoricCurrencyCode,0,1
pacs.004.001.15,/Document/PmtRtr/TxInf/OrgnlTxRef/UndrlygFICdtTrf/UndrlygAllcn/Acct/Nm,Nm,Max70Text,0,1
pacs.004.001.15,/Document/PmtRtr/TxInf/OrgnlTxRef/UndrlygFICdtTrf/UndrlygAllcn/Acct/Prxy,Prxy,ProxyAccountIdentification1,0,1
pacs.004.001.15,/Document/PmtRtr/TxInf/OrgnlTxRef/UndrlygFICdtTrf/UndrlygAllcn/Acct/Prxy/Tp,Tp,ProxyAccountType1Choice,0,1
pacs.004.001.15,/Document/PmtRtr/TxInf/OrgnlTxRef/UndrlygFICdtTrf/UndrlygAllcn/Acct/Prxy/Tp/Cd,Cd,ExternalProxyAccountType1Code,1,1
pacs.004.001.15,/Document/PmtRtr/TxInf/OrgnlTxRef/UndrlygFICdtTrf/UndrlygAllcn/Acct/Prxy/Tp/Prtry,Prtry,Max35Text,1,1
pacs.004.001.15,/Document/PmtRtr/TxInf/OrgnlTxRef/UndrlygFICdtTrf/UndrlygAllcn/Acct/Prxy/Id,Id,Max2048Text,1,1
pacs.004.001.15,/Document/PmtRtr/TxInf/OrgnlTxRef/UndrlygFICdtTrf/UndrlygAllcn/Purp,Purp,Purpose2Choice,1,1
pacs.004.001.15,/Document/PmtRtr/TxInf/OrgnlTxRef/UndrlygFICdtTrf/UndrlygAllcn/Purp/Cd,Cd,ExternalPurpose1Code,1,1
pacs.004.001.15,/Document/PmtRtr/TxInf/OrgnlTxRef/UndrlygFICdtTrf/UndrlygAllcn/Purp/Prtry,Prtry,Max35Text,1,1
pacs.004.001.15,/Document/PmtRtr/TxInf/OrgnlTxRef/UndrlygFICdtTrf/UndrlygAllcn/Ref,Ref,Max35Text,1,1
pacs.004.001.15,/Document/PmtRtr/TxInf/OrgnlTxRef/UndrlygFICdtTrf/UndrlygAllcn/RltdRefs,RltdRefs,References80Choice,0,
pacs.004.001.15,/Document/PmtRtr/TxInf/OrgnlTxRef/UndrlygFICdtTrf/UndrlygAllcn/RltdRefs/SctiesSttlmTxId,SctiesSttlmTxId,Max35Text,1,1
pacs.004.001.15,/Document/PmtRtr/TxInf/OrgnlTxRef/UndrlygFICdtTrf/UndrlygAllcn/RltdRefs/IntraPosMvmntId,IntraPosMvmntId,Max35Text,1,1
pacs.004.001.15,/Document/PmtRtr/TxInf/OrgnlTxRef/UndrlygFICdtTrf/UndrlygAllcn/RltdRefs/IntraBalMvmntId,IntraBalMvmntId,Max35Text,1,1
pacs.004.001.15,/Document/PmtRtr/TxInf/OrgnlTxRef/UndrlygFICdtTrf/UndrlygAllcn/RltdRefs/AcctSvcrTxId,AcctSvcrTxId,Max35Text,1,1
pacs.004.001.15,/Document/PmtRtr/TxInf/OrgnlTxRef/UndrlygFICdtTrf/UndrlygAllcn/RltdRefs/MktInfrstrctrTxId,MktInfrstrctrTxId,Max35Text,1,1
pacs.004.001.15,/Document/PmtRtr/TxInf/OrgnlTxRef/UndrlygFICdtTrf/UndrlygAllcn/RltdRefs/CtrPtyMktInfrstrctrTxId,CtrPtyMktInfrstrctrTxId,Max35Text,1,1
pacs.004.001.15,/Document/PmtRtr/TxInf/OrgnlTxRef/UndrlygFICdtTrf/UndrlygAllcn/RltdRefs/PoolId,PoolId,Max35Text,1,1
pacs.004.001.15,/Document/PmtRtr/TxInf/OrgnlTxRef/UndrlygFICdtTrf/UndrlygAllcn/RltdRefs/CmonId,CmonId,Max35Text,1,1
pacs.004.001.15,/Document/PmtRtr/TxInf/OrgnlTxRef/UndrlygFICdtTrf/UndrlygAllcn/RltdRefs/TradId,TradId,Max35Text,1,1
pacs.004.001.15,/Document/PmtRtr/TxInf/OrgnlTxRef/UndrlygFICdtTrf/UndrlygAllcn/RltdRefs/UnqTxIdr,UnqTxIdr,UTIIdentifier,1,1
pacs.004.001.15,/Document/PmtRtr/TxInf/OrgnlTxRef/UndrlygFICdtTrf/UndrlygAllcn/RltdRefs/OthrTxId,OthrTxId,Max35Text,1,1
pacs.004.001.15,/Document/PmtRtr/TxInf/SplmtryData,SplmtryData,SupplementaryData1,0,
pacs.004.001.15,/Document/PmtRtr/TxInf/SplmtryData/PlcAndNm,PlcAndNm,Max350Text,0,1
pacs.004.001.15,/Document/PmtRtr/TxInf/SplmtryData/Envlp,Envlp,SupplementaryDataEnvelope1,1,1
pacs.004.001.15,/Document/PmtRtr/SplmtryData,SplmtryData,SupplementaryData1,0,
pacs.004.001.15,/Document/PmtRtr/SplmtryData/PlcAndNm,PlcAndNm,Max350Text,0,1
pacs.004.001.15,/Document/PmtRtr/SplmtryData/Envlp,Envlp,SupplementaryDataEnvelope1,1,1
