Message,XPath,XML Tag,Type,MinOccurs,MaxOccurs
pacs.003.001.12,/Document,Document,Document,1,1
pacs.003.001.12,/Document/FIToFICstmrDrctDbt,FIToFICstmrDrctDbt,FIToFICustomerDirectDebitV12,1,1
pacs.003.001.12,/Document/FIToFICstmrDrctDbt/GrpHdr,GrpHdr,GroupHeader125,1,1
pacs.003.001.12,/Document/FIToFICstmrDrctDbt/GrpHdr/MsgId,MsgId,Max35Text,1,1
pacs.003.001.12,/Document/FIToFICstmrDrctDbt/GrpHdr/CreDtTm,CreDtTm,ISODateTime,1,1
pacs.003.001.12,/Document/FIToFICstmrDrctDbt/GrpHdr/Authstn,Authstn,Authorisation1Choice,0,2
pacs.003.001.12,/Document/FIToFICstmrDrctDbt/GrpHdr/Authstn/Cd,Cd,Authorisation1Code,1,1
pacs.003.001.12,/Document/FIToFICstmrDrctDbt/GrpHdr/Authstn/Prtry,Prtry,Max128Text,1,1
pacs.003.001.12,/Document/FIToFICstmrDrctDbt/GrpHdr/BtchBookg,BtchBookg,BatchBookingIndicator,0,1
pacs.003.001.12,/Document/FIToFICstmrDrctDbt/GrpHdr/NbOfTxs,NbOfTxs,Max15NumericText,1,1
pacs.003.001.12,/Document/FIToFICstmrDrctDbt/GrpHdr/CtrlSum,CtrlSum,DecimalNumber,0,1
pacs.003.001.12,/Document/FIToFICstmrDrctDbt/GrpHdr/TtlIntrBkSttlmAmt,TtlIntrBkSttlmAmt,ActiveCurrencyAndAmount,0,1
pacs.003.001.12,/Document/FIToFICstmrDrctDbt/GrpHdr/IntrBkSttlmDt,IntrBkSttlmDt,ISODate,0,1
pacs.003.001.12,/Document/FIToFICstmrDrctDbt/GrpHdr/SttlmInf,SttlmInf,SettlementInstruction14,1,1
pacs.003.001.12,/Document/FIToFICstmrDrctDbt/GrpHdr/SttlmInf/SttlmMtd,SttlmMtd,SettlementMethod2Code,1,1
pacs.003.001.12,/Document/FIToFICstmrDrctDbt/GrpHdr/SttlmInf/SttlmAcct,SttlmAcct,CashAccount40,0,1
pacs.003.001.12,/Document/FIToFICstmrDrctDbt/GrpHdr/SttlmInf/SttlmAcct/Id,Id,AccountIdentification4Choice,0,1
pacs.003.001.12,/Document/FIToFICstmrDrctDbt/GrpHdr/SttlmInf/SttlmAcct/Id/IBAN,IBAN,IBAN2007Identifier,1,1
pacs.003.001.12,/Document/FIToFICstmrDrctDbt/GrpHdr/SttlmInf/SttlmAcct/Id/Othr,Othr,GenericAccountIdentification1,1,1
pacs.003.001.12,/Document/FIToFICstmrDrctDbt/GrpHdr/SttlmInf/SttlmAcct/Id/Othr/Id,Id,Max34Text,1,1
pacs.003.001.12,/Document/FIToFICstmrDrctDbt/GrpHdr/SttlmInf/SttlmAcct/Id/Othr/SchmeNm,SchmeNm,AccountSchemeName1Choice,0,1
pacs.003.001.12,/Document/FIToFICstmrDrctDbt/GrpHdr/SttlmInf/SttlmAcct/Id/Othr/SchmeNm/Cd,Cd,ExternalAccountIdentification1Code,1,1
pacs.003.001.12,/Document/FIToFICstmrDrctDbt/GrpHdr/SttlmInf/SttlmAcct/Id/Othr/SchmeNm/Prtry,Prtry,Max35Text,1,1
pacs.003.001.12,/Document/FIToFICstmrDrctDbt/GrpHdr/SttlmInf/SttlmAcct/Id/Othr/Issr,Issr,Max35Text,0,1
pacs.003.001.12,/Document/FIToFICstmrDrctDbt/GrpHdr/SttlmInf/SttlmAcct/Tp,Tp,CashAccountType2Choice,0,1
pacs.003.001.12,/Document/FIToFICstmrDrctDbt/GrpHdr/SttlmInf/SttlmAcct/Tp/Cd,Cd,ExternalCashAccountType1Code,1,1
pacs.003.001.12,/Document/FIToFICstmrDrctDbt/GrpHdr/SttlmInf/SttlmAcct/Tp/Prtry,Prtry,Max35Text,1,1
pacs.003.001.12,/Document/FIToFICstmrDrctDbt/GrpHdr/SttlmInf/SttlmAcct/Ccy,Ccy,ActiveOrHistoricCurrencyCode,0,1
pacs.003.001.12,/Document/FIToFICstmrDrctDbt/GrpHdr/SttlmInf/SttlmAcct/Nm,Nm,Max70Text,0,1
pacs.003.001.12,/Document/FIToFICstmrDrctDbt/GrpHdr/SttlmInf/SttlmAcct/Prxy,Prxy,ProxyAccountIdentification1,0,1
pacs.003.001.12,/Document/FIToFICstmrDrctDbt/GrpHdr/SttlmInf/SttlmAcct/Prxy/Tp,Tp,ProxyAccountType1Choice,0,1
pacs.003.001.12,/Document/FIToFICstmrDrctDbt/GrpHdr/SttlmInf/SttlmAcct/Prxy/Tp/Cd,Cd,ExternalProxyAccountType1Code,1,1
pacs.003.001.12,/Document/FIToFICstmrDrctDbt/GrpHdr/SttlmInf/SttlmAcct/Prxy/Tp/Prtry,Prtry,Max35Text,1,1
pacs.003.001.12,/Document/FIToFICstmrDrctDbt/GrpHdr/SttlmInf/SttlmAcct/Prxy/Id,Id,Max2048Text,1,1
pacs.003.001.12,/Document/FIToFICstmrDrctDbt/GrpHdr/SttlmInf/ClrSys,ClrSys,ClearingSystemIdentification3Choice,0,1
pacs.003.001.12,/Document/FIToFICstmrDrctDbt/GrpHdr/SttlmInf/ClrSys/Cd,Cd,ExternalCashClearingSystem1Code,1,1
pacs.003.001.12,/Document/FIToFICstmrDrctDbt/GrpHdr/SttlmInf/ClrSys/Prtry,Prtry,Max35Text,1,1
pacs.003.001.12,/Document/FIToFICstmrDrctDbt/GrpHdr/PmtTpInf,PmtTpInf,PaymentTypeInformation27,0,1
pacs.003.001.12,/Document/FIToFICstmrDrctDbt/GrpHdr/PmtTpInf/InstrPrty,InstrPrty,Priority2Code,0,1
pacs.003.001.12,/Document/FIToFICstmrDrctDbt/GrpHdr/PmtTpInf/ClrChanl,ClrChanl,ClearingChannel2Code,0,1
pacs.003.001.12,/Document/FIToFICstmrDrctDbt/GrpHdr/PmtTpInf/SvcLvl,SvcLvl,ServiceLevel8Choice,0,
pacs.003.001.12,/Document/FIToFICstmrDrctDbt/GrpHdr/PmtTpInf/SvcLvl/Cd,Cd,ExternalServiceLevel1Code,1,1
pacs.003.001.12,/Document/FIToFICstmrDrctDbt/GrpHdr/PmtTpInf/SvcLvl/Prtry,Prtry,Max35Text,1,1
pacs.003.001.12,/Document/FIToFICstmrDrctDbt/GrpHdr/PmtTpInf/LclInstrm,LclInstrm,LocalInstrument2Choice,0,1
pacs.003.001.12,/Document/FIToFICstmrDrctDbt/GrpHdr/PmtTpInf/LclInstrm/Cd,Cd,ExternalLocalInstrument1Code,1,1
pacs.003.001.12,/Document/FIToFICstmrDrctDbt/GrpHdr/PmtTpInf/LclInstrm/Prtry,Prtry,Max35Text,1,1
pacs.003.001.12,/Document/FIToFICstmrDrctDbt/GrpHdr/PmtTpInf/SeqTp,SeqTp,SequenceType3Code,0,1
pacs.003.001.12,/Document/FIToFICstmrDrctDbt/GrpHdr/PmtTpInf/CtgyPurp,CtgyPurp,CategoryPurpose1Choice,0,1
pacs.003.001.12,/Document/FIToFICstmrDrctDbt/GrpHdr/PmtTpInf/CtgyPurp/Cd,Cd,ExternalCategoryPurpose1Code,1,1
pacs.003.001.12,/Document/FIToFICstmrDrctDbt/GrpHdr/PmtTpInf/CtgyPurp/Prtry,Prtry,Max35Text,1,1
pacs.003.001.12,/Document/FIToFICstmrDrctDbt/GrpHdr/InstgAgt,InstgAgt,BranchAndFinancialInstitutionIdentification8,0,1
pacs.003.001.12,/Document/FIToFICstmrDrctDbt/GrpHdr/InstgAgt/FinInstnId,FinInstnId,FinancialInstitutionIdentification23,1,1
pacs.003.001.12,/Document/FIToFICstmrDrctDbt/GrpHdr/InstgAgt/FinInstnId/BICFI,BICFI,BICFIDec2014Identifier,0,1
pacs.003.001.12,/Document/FIToFICstmrDrctDbt/GrpHdr/InstgAgt/FinInstnId/ClrSysMmbId,ClrSysMmbId,ClearingSystemMemberIdentification2,0,1
pacs.003.001.12,/Document/FIToFICstmrDrctDbt/GrpHdr/InstgAgt/FinInstnId/ClrSysMmbId/ClrSysId,ClrSysId,ClearingSystemIdentification2Choice,0,1
pacs.003.001.12,/Document/FIToFICstmrDrctDbt/GrpHdr/InstgAgt/FinInstnId/ClrSysMmbId/ClrSysId/Cd,Cd,ExternalClearingSystemIdentification1Code,1,1
pacs.003.001.12,/Document/FIToFICstmrDrctDbt/GrpHdr/InstgAgt/FinInstnId/ClrSysMmbId/ClrSysId/Prtry,Prtry,Max35Text,1,1
pacs.003.001.12,/Document/FIToFICstmrDrctDbt/GrpHdr/InstgAgt/FinInstnId/ClrSysMmbId/MmbId,MmbId,Max35Text,1,1
pacs.003.001.12,/Document/FIToFICstmrDrctDbt/GrpHdr/InstgAgt/FinInstnId/LEI,LEI,LEIIdentifier,0,1
pacs.003.001.12,/Document/FIToFICstmrDrctDbt/GrpHdr/InstgAgt/FinInstnId/Nm,Nm,Max140Text,0,1
pacs.003.001.12,/Document/FIToFICstmrDrctDbt/GrpHdr/InstgAgt/FinInstnId/PstlAdr,PstlAdr,PostalAddress27,0,1
pacs.003.001.12,/Document/FIToFICstmrDrctDbt/GrpHdr/InstgAgt/FinInstnId/PstlAdr/AdrTp,AdrTp,AddressType3Choice,0,1
pacs.003.001.12,/Document/FIToFICstmrDrctDbt/GrpHdr/InstgAgt/FinInstnId/PstlAdr/AdrTp/Cd,Cd,AddressType2Code,1,1
pacs.003.001.12,/Document/FIToFICstmrDrctDbt/GrpHdr/InstgAgt/FinInstnId/PstlAdr/AdrTp/Prtry,Prtry,GenericIdentification30,1,1
pacs.003.001.12,/Document/FIToFICstmrDrctDbt/GrpHdr/InstgAgt/FinInstnId/PstlAdr/AdrTp/Prtry/Id,Id,Exact4AlphaNumericText,1,1
pacs.003.001.12,/Document/FIToFICstmrDrctDbt/GrpHdr/InstgAgt/FinInstnId/PstlAdr/AdrTp/Prtry/Issr,Issr,Max35Text,1,1
pacs.003.001.12,/Document/FIToFICstmrDrctDbt/GrpHdr/InstgAgt/FinInstnId/PstlAdr/AdrTp/Prtry/SchmeNm,SchmeNm,Max35Text,0,1
pacs.003.001.12,/Document/FIToFICstmrDrctDbt/GrpHdr/InstgAgt/FinInstnId/PstlAdr/CareOf,CareOf,Max140Text,0,1
pacs.003.001.12,/Document/FIToFICstmrDrctDbt/GrpHdr/InstgAgt/FinInstnId/PstlAdr/Dept,Dept,Max70Text,0,1
pacs.003.001.12,/Document/FIToFICstmrDrctDbt/GrpHdr/InstgAgt/FinInstnId/PstlAdr/SubDept,SubDept,Max70Text,0,1
pacs.003.001.12,/Document/FIToFICstmrDrctDbt/GrpHdr/InstgAgt/FinInstnId/PstlAdr/StrtNm,StrtNm,Max140Text,0,1
pacs.003.001.12,/Document/FIToFICstmrDrctDbt/GrpHdr/InstgAgt/FinInstnId/PstlAdr/BldgNb,BldgNb,Max16Text,0,1
pacs.003.001.12,/Document/FIToFICstmrDrctDbt/GrpHdr/InstgAgt/FinInstnId/PstlAdr/BldgNm,BldgNm,Max140Text,0,1
pacs.003.001.12,/Document/FIToFICstmrDrctDbt/GrpHdr/InstgAgt/FinInstnId/PstlAdr/Flr,Flr,Max70Text,0,1
pacs.003.001.12,/Document/FIToFICstmrDrctDbt/GrpHdr/InstgAgt/FinInstnId/PstlAdr/UnitNb,UnitNb,Max16Text,0,1
pacs.003.001.12,/Document/FIToFICstmrDrctDbt/GrpHdr/InstgAgt/FinInstnId/PstlAdr/PstBx,PstBx,Max16Text,0,1
pacs.003.001.12,/Document/FIToFICstmrDrctDbt/GrpHdr/InstgAgt/FinInstnId/PstlAdr/Room,Room,Max70Text,0,1
pacs.003.001.12,/Document/FIToFICstmrDrctDbt/GrpHdr/InstgAgt/FinInstnId/PstlAdr/PstCd,PstCd,Max16Text,0,1
pacs.003.001.12,/Document/FIToFICstmrDrctDbt/GrpHdr/InstgAgt/FinInstnId/PstlAdr/TwnNm,TwnNm,Max140Text,0,1
pacs.003.001.12,/Document/FIToFICstmrDrctDbt/GrpHdr/InstgAgt/FinInstnId/PstlAdr/TwnLctnNm,TwnLctnNm,Max140Text,0,1
pacs.003.001.12,/Document/FIToFICstmrDrctDbt/GrpHdr/InstgAgt/FinInstnId/PstlAdr/DstrctNm,DstrctNm,Max140Text,0,1
pacs.003.001.12,/Document/FIToFICstmrDrctDbt/GrpHdr/InstgAgt/FinInstnId/PstlAdr/CtrySubDvsn,CtrySubDvsn,Max35Text,0,1
pacs.003.001.12,/Document/FIToFICstmrDrctDbt/GrpHdr/InstgAgt/FinInstnId/PstlAdr/Ctry,Ctry,CountryCode,0,1
pacs.003.001.12,/Document/FIToFICstmrDrctDbt/GrpHdr/InstgAgt/FinInstnId/PstlAdr/AdrLine,AdrLine,Max70Text,0,7
pacs.003.001.12,/Document/FIToFICstmrDrctDbt/GrpHdr/InstgAgt/FinInstnId/Othr,Othr,GenericFinancialIdentification1,0,1
pacs.003.001.12,/Document/FIToFICstmrDrctDbt/GrpHdr/InstgAgt/FinInstnId/Othr/Id,Id,Max35Text,1,1
pacs.003.001.12,/Document/FIToFICstmrDrctDbt/GrpHdr/InstgAgt/FinInstnId/Othr/SchmeNm,SchmeNm,FinancialIdentificationSchemeName1Choice,0,1
pacs.003.001.12,/Document/FIToFICstmrDrctDbt/GrpHdr/InstgAgt/FinInstnId/Othr/SchmeNm/Cd,Cd,ExternalFinancialInstitutionIdentification1Code,1,1
pacs.003.001.12,/Document/FIToFICstmrDrctDbt/GrpHdr/InstgAgt/FinInstnId/Othr/SchmeNm/Prtry,Prtry,Max35Text,1,1
pacs.003.001.12,/Document/FIToFICstmrDrctDbt/GrpHdr/InstgAgt/FinInstnId/Othr/Issr,Issr,Max35Text,0,1
pacs.003.001.12,/Document/FIToFICstmrDrctDbt/GrpHdr/InstgAgt/BrnchId,BrnchId,BranchData5,0,1
pacs.003.001.12,/Document/FIToFICstmrDrctDbt/GrpHdr/InstgAgt/BrnchId/Id,Id,Max35Text,0,1
pacs.003.001.12,/Document/FIToFICstmrDrctDbt/GrpHdr/InstgAgt/BrnchId/LEI,LEI,LEIIdentifier,0,1
pacs.003.001.12,/Document/FIToFICstmrDrctDbt/GrpHdr/InstgAgt/BrnchId/Nm,Nm,Max140Text,0,1
pacs.003.001.12,/Document/FIToFICstmrDrctDbt/GrpHdr/InstgAgt/BrnchId/PstlAdr,PstlAdr,PostalAddress27,0,1
pacs.003.001.12,/Document/FIToFICstmrDrctDbt/GrpHdr/InstgAgt/BrnchId/PstlAdr/AdrTp,AdrTp,AddressType3Choice,0,1
pacs.003.001.12,/Document/FIToFICstmrDrctDbt/GrpHdr/InstgAgt/BrnchId/PstlAdr/AdrTp/Cd,Cd,AddressType2Code,1,1
pacs.003.001.12,/Document/FIToFICstmrDrctDbt/GrpHdr/InstgAgt/BrnchId/PstlAdr/AdrTp/Prtry,Prtry,GenericIdentification30,1,1
pacs.003.001.12,/Document/FIToFICstmrDrctDbt/GrpHdr/InstgAgt/BrnchId/PstlAdr/AdrTp/Prtry/Id,Id,Exact4AlphaNumericText,1,1
pacs.003.001.12,/Document/FIToFICstmrDrctDbt/GrpHdr/InstgAgt/BrnchId/PstlAdr/AdrTp/Prtry/Issr,Issr,Max35Text,1,1
pacs.003.001.12,/Document/FIToFICstmrDrctDbt/GrpHdr/InstgAgt/BrnchId/PstlAdr/AdrTp/Prtry/SchmeNm,SchmeNm,Max35Text,0,1
pacs.003.001.12,/Document/FIToFICstmrDrctDbt/GrpHdr/InstgAgt/BrnchId/PstlAdr/CareOf,CareOf,Max140Text,0,1
pacs.003.001.12,/Document/FIToFICstmrDrctDbt/GrpHdr/InstgAgt/BrnchId/PstlAdr/Dept,Dept,Max70Text,0,1
pacs.003.001.12,/Document/FIToFICstmrDrctDbt/GrpHdr/InstgAgt/BrnchId/PstlAdr/SubDept,SubDept,Max70Text,0,1
pacs.003.001.12,/Document/FIToFICstmrDrctDbt/GrpHdr/InstgAgt/BrnchId/PstlAdr/StrtNm,StrtNm,Max140Text,0,1
pacs.003.001.12,/Document/FIToFICstmrDrctDbt/GrpHdr/InstgAgt/BrnchId/PstlAdr/BldgNb,BldgNb,Max16Text,0,1
pacs.003.001.12,/Document/FIToFICstmrDrctDbt/GrpHdr/InstgAgt/BrnchId/PstlAdr/BldgNm,BldgNm,Max140Text,0,1
pacs.003.001.12,/Document/FIToFICstmrDrctDbt/GrpHdr/InstgAgt/BrnchId/PstlAdr/Flr,Flr,Max70Text,0,1
pacs.003.001.12,/Document/FIToFICstmrDrctDbt/GrpHdr/InstgAgt/BrnchId/PstlAdr/UnitNb,UnitNb,Max16Text,0,1
pacs.003.001.12,/Document/FIToFICstmrDrctDbt/GrpHdr/InstgAgt/BrnchId/PstlAdr/PstBx,PstBx,Max16Text,0,1
pacs.003.001.12,/Document/FIToFICstmrDrctDbt/GrpHdr/InstgAgt/BrnchId/PstlAdr/Room,Room,Max70Text,0,1
pacs.003.001.12,/Document/FIToFICstmrDrctDbt/GrpHdr/InstgAgt/BrnchId/PstlAdr/PstCd,PstCd,Max16Text,0,1
pacs.003.001.12,/Document/FIToFICstmrDrctDbt/GrpHdr/InstgAgt/BrnchId/PstlAdr/TwnNm,TwnNm,Max140Text,0,1
pacs.003.001.12,/Document/FIToFICstmrDrctDbt/GrpHdr/InstgAgt/BrnchId/PstlAdr/TwnLctnNm,TwnLctnNm,Max140Text,0,1
pacs.003.001.12,/Document/FIToFICstmrDrctDbt/GrpHdr/InstgAgt/BrnchId/PstlAdr/DstrctNm,DstrctNm,Max140Text,0,1
pacs.003.001.12,/Document/FIToFICstmrDrctDbt/GrpHdr/InstgAgt/BrnchId/PstlAdr/CtrySubDvsn,CtrySubDvsn,Max35Text,0,1
pacs.003.001.12,/Document/FIToFICstmrDrctDbt/GrpHdr/InstgAgt/BrnchId/PstlAdr/Ctry,Ctry,CountryCode,0,1
pacs.003.001.12,/Document/FIToFICstmrDrctDbt/GrpHdr/InstgAgt/BrnchId/PstlAdr/AdrLine,AdrLine,Max70Text,0,7
pacs.003.001.12,/Document/FIToFICstmrDrctDbt/GrpHdr/InstdAgt,InstdAgt,BranchAndFinancialInstitutionIdentification8,0,1
pacs.003.001.12,/Document/FIToFICstmrDrctDbt/GrpHdr/InstdAgt/FinInstnId,FinInstnId,FinancialInstitutionIdentification23,1,1
pacs.003.001.12,/Document/FIToFICstmrDrctDbt/GrpHdr/InstdAgt/FinInstnId/BICFI,BICFI,BICFIDec2014Identifier,0,1
pacs.003.001.12,/Document/FIToFICstmrDrctDbt/GrpHdr/InstdAgt/FinInstnId/ClrSysMmbId,ClrSysMmbId,ClearingSystemMemberIdentification2,0,1
pacs.003.001.12,/Document/FIToFICstmrDrctDbt/GrpHdr/InstdAgt/FinInstnId/ClrSysMmbId/ClrSysId,ClrSysId,ClearingSystemIdentification2Choice,0,1
pacs.003.001.12,/Document/FIToFICstmrDrctDbt/GrpHdr/InstdAgt/FinInstnId/ClrSysMmbId/ClrSysId/Cd,Cd,ExternalClearingSystemIdentification1Code,1,1
pacs.003.001.12,/Document/FIToFICstmrDrctDbt/GrpHdr/InstdAgt/FinInstnId/ClrSysMmbId/ClrSysId/Prtry,Prtry,Max35Text,1,1
pacs.003.001.12,/Document/FIToFICstmrDrctDbt/GrpHdr/InstdAgt/FinInstnId/ClrSysMmbId/MmbId,MmbId,Max35Text,1,1
pacs.003.001.12,/Document/FIToFICstmrDrctDbt/GrpHdr/InstdAgt/FinInstnId/LEI,LEI,LEIIdentifier,0,1
pacs.003.001.12,/Document/FIToFICstmrDrctDbt/GrpHdr/InstdAgt/FinInstnId/Nm,Nm,Max140Text,0,1
pacs.003.001.12,/Document/FIToFICstmrDrctDbt/GrpHdr/InstdAgt/FinInstnId/PstlAdr,PstlAdr,PostalAddress27,0,1
pacs.003.001.12,/Document/FIToFICstmrDrctDbt/GrpHdr/InstdAgt/FinInstnId/PstlAdr/AdrTp,AdrTp,AddressType3Choice,0,1
pacs.003.001.12,/Document/FIToFICstmrDrctDbt/GrpHdr/InstdAgt/FinInstnId/PstlAdr/AdrTp/Cd,Cd,AddressType2Code,1,1
pacs.003.001.12,/Document/FIToFICstmrDrctDbt/GrpHdr/InstdAgt/FinInstnId/PstlAdr/AdrTp/Prtry,Prtry,GenericIdentification30,1,1
pacs.003.001.12,/Document/FIToFICstmrDrctDbt/GrpHdr/InstdAgt/FinInstnId/PstlAdr/AdrTp/Prtry/Id,Id,Exact4AlphaNumericText,1,1
pacs.003.001.12,/Document/FIToFICstmrDrctDbt/GrpHdr/InstdAgt/FinInstnId/PstlAdr/AdrTp/Prtry/Issr,Issr,Max35Text,1,1
pacs.003.001.12,/Document/FIToFICstmrDrctDbt/GrpHdr/InstdAgt/FinInstnId/PstlAdr/AdrTp/Prtry/SchmeNm,SchmeNm,Max35Text,0,1
pacs.003.001.12,/Document/FIToFICstmrDrctDbt/GrpHdr/InstdAgt/FinInstnId/PstlAdr/CareOf,CareOf,Max140Text,0,1
pacs.003.001.12,/Document/FIToFICstmrDrctDbt/GrpHdr/InstdAgt/FinInstnId/PstlAdr/Dept,Dept,Max70Text,0,1
pacs.003.001.12,/Document/FIToFICstmrDrctDbt/GrpHdr/InstdAgt/FinInstnId/PstlAdr/SubDept,SubDept,Max70Text,0,1
pacs.003.001.12,/Document/FIToFICstmrDrctDbt/GrpHdr/InstdAgt/FinInstnId/PstlAdr/StrtNm,StrtNm,Max140Text,0,1
pacs.003.001.12,/Document/FIToFICstmrDrctDbt/GrpHdr/InstdAgt/FinInstnId/PstlAdr/BldgNb,BldgNb,Max16Text,0,1
pacs.003.001.12,/Document/FIToFICstmrDrctDbt/GrpHdr/InstdAgt/FinInstnId/PstlAdr/BldgNm,BldgNm,Max140Text,0,1
pacs.003.001.12,/Document/FIToFICstmrDrctDbt/GrpHdr/InstdAgt/FinInstnId/PstlAdr/Flr,Flr,Max70Text,0,1
pacs.003.001.12,/Document/FIToFICstmrDrctDbt/GrpHdr/InstdAgt/FinInstnId/PstlAdr/UnitNb,UnitNb,Max16Text,0,1
pacs.003.001.12,/Document/FIToFICstmrDrctDbt/GrpHdr/InstdAgt/FinInstnId/PstlAdr/PstBx,PstBx,Max16Text,0,1
pacs.003.001.12,/Document/FIToFICstmrDrctDbt/GrpHdr/InstdAgt/FinInstnId/PstlAdr/Room,Room,Max70Text,0,1
pacs.003.001.12,/Document/FIToFICstmrDrctDbt/GrpHdr/InstdAgt/FinInstnId/PstlAdr/PstCd,PstCd,Max16Text,0,1
pacs.003.001.12,/Document/FIToFICstmrDrctDbt/GrpHdr/InstdAgt/FinInstnId/PstlAdr/TwnNm,TwnNm,Max140Text,0,1
pacs.003.001.12,/Document/FIToFICstmrDrctDbt/GrpHdr/InstdAgt/FinInstnId/PstlAdr/TwnLctnNm,TwnLctnNm,Max140Text,0,1
pacs.003.001.12,/Document/FIToFICstmrDrctDbt/GrpHdr/InstdAgt/FinInstnId/PstlAdr/DstrctNm,DstrctNm,Max140Text,0,1
pacs.003.001.12,/Document/FIToFICstmrDrctDbt/GrpHdr/InstdAgt/FinInstnId/PstlAdr/CtrySubDvsn,CtrySubDvsn,Max35Text,0,1
pacs.003.001.12,/Document/FIToFICstmrDrctDbt/GrpHdr/InstdAgt/FinInstnId/PstlAdr/Ctry,Ctry,CountryCode,0,1
pacs.003.001.12,/Document/FIToFICstmrDrctDbt/GrpHdr/InstdAgt/FinInstnId/PstlAdr/AdrLine,AdrLine,Max70Text,0,7
pacs.003.001.12,/Document/FIToFICstmrDrctDbt/GrpHdr/InstdAgt/FinInstnId/Othr,Othr,GenericFinancialIdentification1,0,1
pacs.003.001.12,/Document/FIToFICstmrDrctDbt/GrpHdr/InstdAgt/FinInstnId/Othr/Id,Id,Max35Text,1,1
pacs.003.001.12,/Document/FIToFICstmrDrctDbt/GrpHdr/InstdAgt/FinInstnId/Othr/SchmeNm,SchmeNm,FinancialIdentificationSchemeName1Choice,0,1
pacs.003.001.12,/Document/FIToFICstmrDrctDbt/GrpHdr/InstdAgt/FinInstnId/Othr/SchmeNm/Cd,Cd,ExternalFinancialInstitutionIdentification1Code,1,1
pacs.003.001.12,/Document/FIToFICstmrDrctDbt/GrpHdr/InstdAgt/FinInstnId/Othr/SchmeNm/Prtry,Prtry,Max35Text,1,1
pacs.003.001.12,/Document/FIToFICstmrDrctDbt/GrpHdr/InstdAgt/FinInstnId/Othr/Issr,Issr,Max35Text,0,1
pacs.003.001.12,/Document/FIToFICstmrDrctDbt/GrpHdr/InstdAgt/BrnchId,BrnchId,BranchData5,0,1
pacs.003.001.12,/Document/FIToFICstmrDrctDbt/GrpHdr/InstdAgt/BrnchId/Id,Id,Max35Text,0,1
pacs.003.001.12,/Document/FIToFICstmrDrctDbt/GrpHdr/InstdAgt/BrnchId/LEI,LEI,LEIIdentifier,0,1
pacs.003.001.12,/Document/FIToFICstmrDrctDbt/GrpHdr/InstdAgt/BrnchId/Nm,Nm,Max140Text,0,1
pacs.003.001.12,/Document/FIToFICstmrDrctDbt/GrpHdr/InstdAgt/BrnchId/PstlAdr,PstlAdr,PostalAddress27,0,1
pacs.003.001.12,/Document/FIToFICstmrDrctDbt/GrpHdr/InstdAgt/BrnchId/PstlAdr/AdrTp,AdrTp,AddressType3Choice,0,1
pacs.003.001.12,/Document/FIToFICstmrDrctDbt/GrpHdr/InstdAgt/BrnchId/PstlAdr/AdrTp/Cd,Cd,AddressType2Code,1,1
pacs.003.001.12,/Document/FIToFICstmrDrctDbt/GrpHdr/InstdAgt/BrnchId/PstlAdr/AdrTp/Prtry,Prtry,GenericIdentification30,1,1
pacs.003.001.12,/Document/FIToFICstmrDrctDbt/GrpHdr/InstdAgt/BrnchId/PstlAdr/AdrTp/Prtry/Id,Id,Exact4AlphaNumericText,1,1
pacs.003.001.12,/Document/FIToFICstmrDrctDbt/GrpHdr/InstdAgt/BrnchId/PstlAdr/AdrTp/Prtry/Issr,Issr,Max35Text,1,1
pacs.003.001.12,/Document/FIToFICstmrDrctDbt/GrpHdr/InstdAgt/BrnchId/PstlAdr/AdrTp/Prtry/SchmeNm,SchmeNm,Max35Text,0,1
pacs.003.001.12,/Document/FIToFICstmrDrctDbt/GrpHdr/InstdAgt/BrnchId/PstlAdr/CareOf,CareOf,Max140Text,0,1
pacs.003.001.12,/Document/FIToFICstmrDrctDbt/GrpHdr/InstdAgt/BrnchId/PstlAdr/Dept,Dept,Max70Text,0,1
pacs.003.001.12,/Document/FIToFICstmrDrctDbt/GrpHdr/InstdAgt/BrnchId/PstlAdr/SubDept,SubDept,Max70Text,0,1
pacs.003.001.12,/Document/FIToFICstmrDrctDbt/GrpHdr/InstdAgt/BrnchId/PstlAdr/StrtNm,StrtNm,Max140Text,0,1
pacs.003.001.12,/Document/FIToFICstmrDrctDbt/GrpHdr/InstdAgt/BrnchId/PstlAdr/BldgNb,BldgNb,Max16Text,0,1
pacs.003.001.12,/Document/FIToFICstmrDrctDbt/GrpHdr/InstdAgt/BrnchId/PstlAdr/BldgNm,BldgNm,Max140Text,0,1
pacs.003.001.12,/Document/FIToFICstmrDrctDbt/GrpHdr/InstdAgt/BrnchId/PstlAdr/Flr,Flr,Max70Text,0,1
pacs.003.001.12,/Document/FIToFICstmrDrctDbt/GrpHdr/InstdAgt/BrnchId/PstlAdr/UnitNb,UnitNb,Max16Text,0,1
pacs.003.001.12,/Document/FIToFICstmrDrctDbt/GrpHdr/InstdAgt/BrnchId/PstlAdr/PstBx,PstBx,Max16Text,0,1
pacs.003.001.12,/Document/FIToFICstmrDrctDbt/GrpHdr/InstdAgt/BrnchId/PstlAdr/Room,Room,Max70Text,0,1
pacs.003.001.12,/Document/FIToFICstmrDrctDbt/GrpHdr/InstdAgt/BrnchId/PstlAdr/PstCd,PstCd,Max16Text,0,1
pacs.003.001.12,/Document/FIToFICstmrDrctDbt/GrpHdr/InstdAgt/BrnchId/PstlAdr/TwnNm,TwnNm,Max140Text,0,1
pacs.003.001.12,/Document/FIToFICstmrDrctDbt/GrpHdr/InstdAgt/BrnchId/PstlAdr/TwnLctnNm,TwnLctnNm,Max140Text,0,1
pacs.003.001.12,/Document/FIToFICstmrDrctDbt/GrpHdr/InstdAgt/BrnchId/PstlAdr/DstrctNm,DstrctNm,Max140Text,0,1
pacs.003.001.12,/Document/FIToFICstmrDrctDbt/GrpHdr/InstdAgt/BrnchId/PstlAdr/CtrySubDvsn,CtrySubDvsn,Max35Text,0,1
pacs.003.001.12,/Document/FIToFICstmrDrctDbt/GrpHdr/InstdAgt/BrnchId/PstlAdr/Ctry,Ctry,CountryCode,0,1
pacs.003.001.12,/Document/FIToFICstmrDrctDbt/GrpHdr/InstdAgt/BrnchId/PstlAdr/AdrLine,AdrLine,Max70Text,0,7
pacs.003.001.12,/Document/FIToFICstmrDrctDbt/DrctDbtTxInf,DrctDbtTxInf,DirectDebitTransactionInformation35,1,
pacs.003.001.12,/Document/FIToFICstmrDrctDbt/DrctDbtTxInf/PmtId,PmtId,PaymentIdentification13,1,1
pacs.003.001.12,/Document/FIToFICstmrDrctDbt/DrctDbtTxInf/PmtId/InstrId,InstrId,Max35Text,0,1
pacs.003.001.12,/Document/FIToFICstmrDrctDbt/DrctDbtTxInf/PmtId/EndToEndId,EndToEndId,Max35Text,1,1
pacs.003.001.12,/Document/FIToFICstmrDrctDbt/DrctDbtTxInf/PmtId/TxId,TxId,Max35Text,0,1
pacs.003.001.12,/Document/FIToFICstmrDrctDbt/DrctDbtTxInf/PmtId/UETR,UETR,UUIDv4Identifier,0,1
pacs.003.001.12,/Document/FIToFICstmrDrctDbt/DrctDbtTxInf/PmtId/ClrSysRef,ClrSysRef,Max35Text,0,1
pacs.003.001.12,/Document/FIToFICstmrDrctDbt/DrctDbtTxInf/PmtTpInf,PmtTpInf,PaymentTypeInformation27,0,1
pacs.003.001.12,/Document/FIToFICstmrDrctDbt/DrctDbtTxInf/PmtTpInf/InstrPrty,InstrPrty,Priority2Code,0,1
pacs.003.001.12,/Document/FIToFICstmrDrctDbt/DrctDbtTxInf/PmtTpInf/ClrChanl,ClrChanl,ClearingChannel2Code,0,1
pacs.003.001.12,/Document/FIToFICstmrDrctDbt/DrctDbtTxInf/PmtTpInf/SvcLvl,SvcLvl,ServiceLevel8Choice,0,
pacs.003.001.12,/Document/FIToFICstmrDrctDbt/DrctDbtTxInf/PmtTpInf/SvcLvl/Cd,Cd,ExternalServiceLevel1Code,1,1
pacs.003.001.12,/Document/FIToFICstmrDrctDbt/DrctDbtTxInf/PmtTpInf/SvcLvl/Prtry,Prtry,Max35Text,1,1
pacs.003.001.12,/Document/FIToFICstmrDrctDbt/DrctDbtTxInf/PmtTpInf/LclInstrm,LclInstrm,LocalInstrument2Choice,0,1
pacs.003.001.12,/Document/FIToFICstmrDrctDbt/DrctDbtTxInf/PmtTpInf/LclInstrm/Cd,Cd,ExternalLocalInstrument1Code,1,1
pacs.003.001.12,/Document/FIToFICstmrDrctDbt/DrctDbtTxInf/PmtTpInf/LclInstrm/Prtry,Prtry,Max35Text,1,1
pacs.003.001.12,/Document/FIToFICstmrDrctDbt/DrctDbtTxInf/PmtTpInf/SeqTp,SeqTp,SequenceType3Code,0,1
pacs.003.001.12,/Document/FIToFICstmrDrctDbt/DrctDbtTxInf/PmtTpInf/CtgyPurp,CtgyPurp,CategoryPurpose1Choice,0,1
pacs.003.001.12,/Document/FIToFICstmrDrctDbt/DrctDbtTxInf/PmtTpInf/CtgyPurp/Cd,Cd,ExternalCategoryPurpose1Code,1,1
pacs.003.001.12,/Document/FIToFICstmrDrctDbt/DrctDbtTxInf/PmtTpInf/CtgyPurp/Prtry,Prtry,Max35Text,1,1
pacs.003.001.12,/Document/FIToFICstmrDrctDbt/DrctDbtTxInf/IntrBkSttlmAmt,IntrBkSttlmAmt,ActiveCurrencyAndAmount,1,1
pacs.003.001.12,/Document/FIToFICstmrDrctDbt/DrctDbtTxInf/IntrBkSttlmDt,IntrBkSttlmDt,ISODate,0,1
pacs.003.001.12,/Document/FIToFICstmrDrctDbt/DrctDbtTxInf/SttlmPrty,SttlmPrty,Priority3Code,0,1
pacs.003.001.12,/Document/FIToFICstmrDrctDbt/DrctDbtTxInf/SttlmTmIndctn,SttlmTmIndctn,SettlementDateTimeIndication1,0,1
pacs.003.001.12,/Document/FIToFICstmrDrctDbt/DrctDbtTxInf/SttlmTmIndctn/DbtDtTm,DbtDtTm,ISODateTime,0,1
pacs.003.001.12,/Document/FIToFICstmrDrctDbt/DrctDbtTxInf/SttlmTmIndctn/CdtDtTm,CdtDtTm,ISODateTime,0,1
pacs.003.001.12,/Document/FIToFICstmrDrctDbt/DrctDbtTxInf/InstdAmt,InstdAmt,ActiveOrHistoricCurrencyAndAmount,0,1
pacs.003.001.12,/Document/FIToFICstmrDrctDbt/DrctDbtTxInf/XchgRate,XchgRate,BaseOneRate,0,1
pacs.003.001.12,/Document/FIToFICstmrDrctDbt/DrctDbtTxInf/ChrgBr,ChrgBr,ChargeBearerType1Code,1,1
pacs.003.001.12,/Document/FIToFICstmrDrctDbt/DrctDbtTxInf/ChrgsInf,ChrgsInf,Charges16,0,
pacs.003.001.12,/Document/FIToFICstmrDrctDbt/DrctDbtTxInf/ChrgsInf/Amt,Amt,ActiveOrHistoricCurrencyAndAmount,1,1
pacs.003.001.12,/Document/FIToFICstmrDrctDbt/DrctDbtTxInf/ChrgsInf/Agt,Agt,BranchAndFinancialInstitutionIdentification8,1,1
pacs.003.001.12,/Document/FIToFICstmrDrctDbt/DrctDbtTxInf/ChrgsInf/Agt/FinInstnId,FinInstnId,FinancialInstitutionIdentification23,1,1
pacs.003.001.12,/Document/FIToFICstmrDrctDbt/DrctDbtTxInf/ChrgsInf/Agt/FinInstnId/BICFI,BICFI,BICFIDec2014Identifier,0,1
pacs.003.001.12,/Document/FIToFICstmrDrctDbt/DrctDbtTxInf/ChrgsInf/Agt/FinInstnId/ClrSysMmbId,ClrSysMmbId,ClearingSystemMemberIdentification2,0,1
pacs.003.001.12,/Document/FIToFICstmrDrctDbt/DrctDbtTxInf/ChrgsInf/Agt/FinInstnId/ClrSysMmbId/ClrSysId,ClrSysId,ClearingSystemIdentification2Choice,0,1
pacs.003.001.12,/Document/FIToFICstmrDrctDbt/DrctDbtTxInf/ChrgsInf/Agt/FinInstnId/ClrSysMmbId/ClrSysId/Cd,Cd,ExternalClearingSystemIdentification1Code,1,1
pacs.003.001.12,/Document/FIToFICstmrDrctDbt/DrctDbtTxInf/ChrgsInf/Agt/FinInstnId/ClrSysMmbId/ClrSysId/Prtry,Prtry,Max35Text,1,1
pacs.003.001.12,/Document/FIToFICstmrDrctDbt/DrctDbtTxInf/ChrgsInf/Agt/FinInstnId/ClrSysMmbId/MmbId,MmbId,Max35Text,1,1
pacs.003.001.12,/Document/FIToFICstmrDrctDbt/DrctDbtTxInf/ChrgsInf/Agt/FinInstnId/LEI,LEI,LEIIdentifier,0,1
pacs.003.001.12,/Document/FIToFICstmrDrctDbt/DrctDbtTxInf/ChrgsInf/Agt/FinInstnId/Nm,Nm,Max140Text,0,1
pacs.003.001.12,/Document/FIToFICstmrDrctDbt/DrctDbtTxInf/ChrgsInf/Agt/FinInstnId/PstlAdr,PstlAdr,PostalAddress27,0,1
pacs.003.001.12,/Document/FIToFICstmrDrctDbt/DrctDbtTxInf/ChrgsInf/Agt/FinInstnId/PstlAdr/AdrTp,AdrTp,AddressType3Choice,0,1
pacs.003.001.12,/Document/FIToFICstmrDrctDbt/DrctDbtTxInf/ChrgsInf/Agt/FinInstnId/PstlAdr/AdrTp/Cd,Cd,AddressType2Code,1,1
pacs.003.001.12,/Document/FIToFICstmrDrctDbt/DrctDbtTxInf/ChrgsInf/Agt/FinInstnId/PstlAdr/AdrTp/Prtry,Prtry,GenericIdentification30,1,1
pacs.003.001.12,/Document/FIToFICstmrDrctDbt/DrctDbtTxInf/ChrgsInf/Agt/FinInstnId/PstlAdr/AdrTp/Prtry/Id,Id,Exact4AlphaNumericText,1,1
pacs.003.001.12,/Document/FIToFICstmrDrctDbt/DrctDbtTxInf/ChrgsInf/Agt/FinInstnId/PstlAdr/AdrTp/Prtry/Issr,Issr,Max35Text,1,1
pacs.003.001.12,/Document/FIToFICstmrDrctDbt/DrctDbtTxInf/ChrgsInf/Agt/FinInstnId/PstlAdr/AdrTp/Prtry/SchmeNm,SchmeNm,Max35Text,0,1
pacs.003.001.12,/Document/FIToFICstmrDrctDbt/DrctDbtTxInf/ChrgsInf/Agt/FinInstnId/PstlAdr/CareOf,CareOf,Max140Text,0,1
pacs.003.001.12,/Document/FIToFICstmrDrctDbt/DrctDbtTxInf/ChrgsInf/Agt/FinInstnId/PstlAdr/Dept,Dept,Max70Text,0,1
pacs.003.001.12,/Document/FIToFICstmrDrctDbt/DrctDbtTxInf/ChrgsInf/Agt/FinInstnId/PstlAdr/SubDept,SubDept,Max70Text,0,1
pacs.003.001.12,/Document/FIToFICstmrDrctDbt/DrctDbtTxInf/ChrgsInf/Agt/FinInstnId/PstlAdr/StrtNm,StrtNm,Max140Text,0,1
pacs.003.001.12,/Document/FIToFICstmrDrctDbt/DrctDbtTxInf/ChrgsInf/Agt/FinInstnId/PstlAdr/BldgNb,BldgNb,Max16Text,0,1
pacs.003.001.12,/Document/FIToFICstmrDrctDbt/DrctDbtTxInf/ChrgsInf/Agt/FinInstnId/PstlAdr/BldgNm,BldgNm,Max140Text,0,1
pacs.003.001.12,/Document/FIToFICstmrDrctDbt/DrctDbtTxInf/ChrgsInf/Agt/FinInstnId/PstlAdr/Flr,Flr,Max70Text,0,1
pacs.003.001.12,/Document/FIToFICstmrDrctDbt/DrctDbtTxInf/ChrgsInf/Agt/FinInstnId/PstlAdr/UnitNb,UnitNb,Max16Text,0,1
pacs.003.001.12,/Document/FIToFICstmrDrctDbt/DrctDbtTxInf/ChrgsInf/Agt/FinInstnId/PstlAdr/PstBx,PstBx,Max16Text,0,1
pacs.003.001.12,/Document/FIToFICstmrDrctDbt/DrctDbtTxInf/ChrgsInf/Agt/FinInstnId/PstlAdr/Room,Room,Max70Text,0,1
pacs.003.001.12,/Document/FIToFICstmrDrctDbt/DrctDbtTxInf/ChrgsInf/Agt/FinInstnId/PstlAdr/PstCd,PstCd,Max16Text,0,1
pacs.003.001.12,/Document/FIToFICstmrDrctDbt/DrctDbtTxInf/ChrgsInf/Agt/FinInstnId/PstlAdr/TwnNm,TwnNm,Max140Text,0,1
pacs.003.001.12,/Document/FIToFICstmrDrctDbt/DrctDbtTxInf/ChrgsInf/Agt/FinInstnId/PstlAdr/TwnLctnNm,TwnLctnNm,Max140Text,0,1
pacs.003.001.12,/Document/FIToFICstmrDrctDbt/DrctDbtTxInf/ChrgsInf/Agt/FinInstnId/PstlAdr/DstrctNm,DstrctNm,Max140Text,0,1
pacs.003.001.12,/Document/FIToFICstmrDrctDbt/DrctDbtTxInf/ChrgsInf/Agt/FinInstnId/PstlAdr/CtrySubDvsn,CtrySubDvsn,Max35Text,0,1
pacs.003.001.12,/Document/FIToFICstmrDrctDbt/DrctDbtTxInf/ChrgsInf/Agt/FinInstnId/PstlAdr/Ctry,Ctry,CountryCode,0,1
pacs.003.001.12,/Document/FIToFICstmrDrctDbt/DrctDbtTxInf/ChrgsInf/Agt/FinInstnId/PstlAdr/AdrLine,AdrLine,Max70Text,0,7
pacs.003.001.12,/Document/FIToFICstmrDrctDbt/DrctDbtTxInf/ChrgsInf/Agt/FinInstnId/Othr,Othr,GenericFinancialIdentification1,0,1
pacs.003.001.12,/Document/FIToFICstmrDrctDbt/DrctDbtTxInf/ChrgsInf/Agt/FinInstnId/Othr/Id,Id,Max35Text,1,1
pacs.003.001.12,/Document/FIToFICstmrDrctDbt/DrctDbtTxInf/ChrgsInf/Agt/FinInstnId/Othr/SchmeNm,SchmeNm,FinancialIdentificationSchemeName1Choice,0,1
pacs.003.001.12,/Document/FIToFICstmrDrctDbt/DrctDbtTxInf/ChrgsInf/Agt/FinInstnId/Othr/SchmeNm/Cd,Cd,ExternalFinancialInstitutionIdentification1Code,1,1
pacs.003.001.12,/Document/FIToFICstmrDrctDbt/DrctDbtTxInf/ChrgsInf/Agt/FinInstnId/Othr/SchmeNm/Prtry,Prtry,Max35Text,1,1
pacs.003.001.12,/Document/FIToFICstmrDrctDbt/DrctDbtTxInf/ChrgsInf/Agt/FinInstnId/Othr/Issr,Issr,Max35Text,0,1
pacs.003.001.12,/Document/FIToFICstmrDrctDbt/DrctDbtTxInf/ChrgsInf/Agt/BrnchId,BrnchId,BranchData5,0,1
pacs.003.001.12,/Document/FIToFICstmrDrctDbt/DrctDbtTxInf/ChrgsInf/Agt/BrnchId/Id,Id,Max35Text,0,1
pacs.003.001.12,/Document/FIToFICstmrDrctDbt/DrctDbtTxInf/ChrgsInf/Agt/BrnchId/LEI,LEI,LEIIdentifier,0,1
pacs.003.001.12,/Document/FIToFICstmrDrctDbt/DrctDbtTxInf/ChrgsInf/Agt/BrnchId/Nm,Nm,Max140Text,0,1
pacs.003.001.12,/Document/FIToFICstmrDrctDbt/DrctDbtTxInf/ChrgsInf/Agt/BrnchId/PstlAdr,PstlAdr,PostalAddress27,0,1
pacs.003.001.12,/Document/FIToFICstmrDrctDbt/DrctDbtTxInf/ChrgsInf/Agt/BrnchId/PstlAdr/AdrTp,AdrTp,AddressType3Choice,0,1
pacs.003.001.12,/Document/FIToFICstmrDrctDbt/DrctDbtTxInf/ChrgsInf/Agt/BrnchId/PstlAdr/AdrTp/Cd,Cd,AddressType2Code,1,1
pacs.003.001.12,/Document/FIToFICstmrDrctDbt/DrctDbtTxInf/ChrgsInf/Agt/BrnchId/PstlAdr/AdrTp/Prtry,Prtry,GenericIdentification30,1,1
pacs.003.001.12,/Document/FIToFICstmrDrctDbt/DrctDbtTxInf/ChrgsInf/Agt/BrnchId/PstlAdr/AdrTp/Prtry/Id,Id,Exact4AlphaNumericText,1,1
pacs.003.001.12,/Document/FIToFICstmrDrctDbt/DrctDbtTxInf/ChrgsInf/Agt/BrnchId/PstlAdr/AdrTp/Prtry/Issr,Issr,Max35Text,1,1
pacs.003.001.12,/Document/FIToFICstmrDrctDbt/DrctDbtTxInf/ChrgsInf/Agt/BrnchId/PstlAdr/AdrTp/Prtry/SchmeNm,SchmeNm,Max35Text,0,1
pacs.003.001.12,/Document/FIToFICstmrDrctDbt/DrctDbtTxInf/ChrgsInf/Agt/BrnchId/PstlAdr/CareOf,CareOf,Max140Text,0,1
pacs.003.001.12,/Document/FIToFICstmrDrctDbt/DrctDbtTxInf/ChrgsInf/Agt/BrnchId/PstlAdr/Dept,Dept,Max70Text,0,1
pacs.003.001.12,/Document/FIToFICstmrDrctDbt/DrctDbtTxInf/ChrgsInf/Agt/BrnchId/PstlAdr/SubDept,SubDept,Max70Text,0,1
pacs.003.001.12,/Document/FIToFICstmrDrctDbt/DrctDbtTxInf/ChrgsInf/Agt/BrnchId/PstlAdr/StrtNm,StrtNm,Max140Text,0,1
pacs.003.001.12,/Document/FIToFICstmrDrctDbt/DrctDbtTxInf/ChrgsInf/Agt/BrnchId/PstlAdr/BldgNb,BldgNb,Max16Text,0,1
pacs.003.001.12,/Document/FIToFICstmrDrctDbt/DrctDbtTxInf/ChrgsInf/Agt/BrnchId/PstlAdr/BldgNm,BldgNm,Max140Text,0,1
pacs.003.001.12,/Document/FIToFICstmrDrctDbt/DrctDbtTxInf/ChrgsInf/Agt/BrnchId/PstlAdr/Flr,Flr,Max70Text,0,1
pacs.003.001.12,/Document/FIToFICstmrDrctDbt/DrctDbtTxInf/ChrgsInf/Agt/BrnchId/PstlAdr/UnitNb,UnitNb,Max16Text,0,1
pacs.003.001.12,/Document/FIToFICstmrDrctDbt/DrctDbtTxInf/ChrgsInf/Agt/BrnchId/PstlAdr/PstBx,PstBx,Max16Text,0,1
pacs.003.001.12,/Document/FIToFICstmrDrctDbt/DrctDbtTxInf/ChrgsInf/Agt/BrnchId/PstlAdr/Room,Room,Max70Text,0,1
pacs.003.001.12,/Document/FIToFICstmrDrctDbt/DrctDbtTxInf/ChrgsInf/Agt/BrnchId/PstlAdr/PstCd,PstCd,Max16Text,0,1
pacs.003.001.12,/Document/FIToFICstmrDrctDbt/DrctDbtTxInf/ChrgsInf/Agt/BrnchId/PstlAdr/TwnNm,TwnNm,Max140Text,0,1
pacs.003.001.12,/Document/FIToFICstmrDrctDbt/DrctDbtTxInf/ChrgsInf/Agt/BrnchId/PstlAdr/TwnLctnNm,TwnLctnNm,Max140Text,0,1
pacs.003.001.12,/Document/FIToFICstmrDrctDbt/DrctDbtTxInf/ChrgsInf/Agt/BrnchId/PstlAdr/DstrctNm,DstrctNm,Max140Text,0,1
pacs.003.001.12,/Document/FIToFICstmrDrctDbt/DrctDbtTxInf/ChrgsInf/Agt/BrnchId/PstlAdr/CtrySubDvsn,CtrySubDvsn,Max35Text,0,1
pacs.003.001.12,/Document/FIToFICstmrDrctDbt/DrctDbtTxInf/ChrgsInf/Agt/BrnchId/PstlAdr/Ctry,Ctry,CountryCode,0,1
pacs.003.001.12,/Document/FIToFICstmrDrctDbt/DrctDbtTxInf/ChrgsInf/Agt/BrnchId/PstlAdr/AdrLine,AdrLine,Max70Text,0,7
pacs.003.001.12,/Document/FIToFICstmrDrctDbt/DrctDbtTxInf/ChrgsInf/Tp,Tp,ChargeType3Choice,0,1
pacs.003.001.12,/Document/FIToFICstmrDrctDbt/DrctDbtTxInf/ChrgsInf/Tp/Cd,Cd,ExternalChargeType1Code,1,1
pacs.003.001.12,/Document/FIToFICstmrDrctDbt/DrctDbtTxInf/ChrgsInf/Tp/Prtry,Prtry,GenericIdentification3,1,1
pacs.003.001.12,/Document/FIToFICstmrDrctDbt/DrctDbtTxInf/ChrgsInf/Tp/Prtry/Id,Id,Max35Text,1,1
pacs.003.001.12,/Document/FIToFICstmrDrctDbt/DrctDbtTxInf/ChrgsInf/Tp/Prtry/Issr,Issr,Max35Text,0,1
pacs.003.001.12,/Document/FIToFICstmrDrctDbt/DrctDbtTxInf/ReqdColltnDt,ReqdColltnDt,ISODate,0,1
pacs.003.001.12,/Document/FIToFICstmrDrctDbt/DrctDbtTxInf/DrctDbtTx,DrctDbtTx,DirectDebitTransaction12,0,1
pacs.003.001.12,/Document/FIToFICstmrDrctDbt/DrctDbtTxInf/DrctDbtTx/MndtRltdInf,MndtRltdInf,MandateRelatedInformation16,0,1
pacs.003.001.12,/Document/FIToFICstmrDrctDbt/DrctDbtTxInf/DrctDbtTx/MndtRltdInf/MndtId,MndtId,Max35Text,0,1
pacs.003.001.12,/Document/FIToFICstmrDrctDbt/DrctDbtTxInf/DrctDbtTx/MndtRltdInf/DtOfSgntr,DtOfSgntr,ISODate,0,1
pacs.003.001.12,/Document/FIToFICstmrDrctDbt/DrctDbtTxInf/DrctDbtTx/MndtRltdInf/AmdmntInd,AmdmntInd,TrueFalseIndicator,0,1
pacs.003.001.12,/Document/FIToFICstmrDrctDbt/DrctDbtTxInf/DrctDbtTx/MndtRltdInf/AmdmntInfDtls,AmdmntInfDtls,AmendmentInformationDetails15,0,1
pacs.003.001.12,/Document/FIToFICstmrDrctDbt/DrctDbtTxInf/DrctDbtTx/MndtRltdInf/AmdmntInfDtls/OrgnlMndtId,OrgnlMndtId,Max35Text,0,1
pacs.003.001.12,/Document/FIToFICstmrDrctDbt/DrctDbtTxInf/DrctDbtTx/MndtRltdInf/AmdmntInfDtls/OrgnlCdtrSchmeId,OrgnlCdtrSchmeId,PartyIdentification272,0,1
pacs.003.001.12,/Document/FIToFICstmrDrctDbt/DrctDbtTxInf/DrctDbtTx/MndtRltdInf/AmdmntInfDtls/OrgnlCdtrSchmeId/Nm,Nm,Max140Text,0,1
pacs.003.001.12,/Document/FIToFICstmrDrctDbt/DrctDbtTxInf/DrctDbtTx/MndtRltdInf/AmdmntInfDtls/OrgnlCdtrSchmeId/PstlAdr,PstlAdr,PostalAddress27,0,1
pacs.003.001.12,/Document/FIToFICstmrDrctDbt/DrctDbtTxInf/DrctDbtTx/MndtRltdInf/AmdmntInfDtls/OrgnlCdtrSchmeId/PstlAdr/AdrTp,AdrTp,AddressType3Choice,0,1
pacs.003.001.12,/Document/FIToFICstmrDrctDbt/DrctDbtTxInf/DrctDbtTx/MndtRltdInf/AmdmntInfDtls/OrgnlCdtrSchmeId/PstlAdr/AdrTp/Cd,Cd,AddressType2Code,1,1
pacs.003.001.12,/Document/FIToFICstmrDrctDbt/DrctDbtTxInf/DrctDbtTx/MndtRltdInf/AmdmntInfDtls/OrgnlCdtrSchmeId/PstlAdr/AdrTp/Prtry,Prtry,GenericIdentification30,1,1
pacs.003.001.12,/Document/FIToFICstmrDrctDbt/DrctDbtTxInf/DrctDbtTx/MndtRltdInf/AmdmntInfDtls/OrgnlCdtrSchmeId/PstlAdr/AdrTp/Prtry/Id,Id,Exact4AlphaNumericText,1,1
pacs.003.001.12,/Document/FIToFICstmrDrctDbt/DrctDbtTxInf/DrctDbtTx/MndtRltdInf/AmdmntInfDtls/OrgnlCdtrSchmeId/PstlAdr/AdrTp/Prtry/Issr,Issr,Max35Text,1,1
pacs.003.001.12,/Document/FIToFICstmrDrctDbt/DrctDbtTxInf/DrctDbtTx/MndtRltdInf/AmdmntInfDtls/OrgnlCdtrSchmeId/PstlAdr/AdrTp/Prtry/SchmeNm,SchmeNm,Max35Text,0,1
pacs.003.001.12,/Document/FIToFICstmrDrctDbt/DrctDbtTxInf/DrctDbtTx/MndtRltdInf/AmdmntInfDtls/OrgnlCdtrSchmeId/PstlAdr/CareOf,CareOf,Max140Text,0,1
pacs.003.001.12,/Document/FIToFICstmrDrctDbt/DrctDbtTxInf/DrctDbtTx/MndtRltdInf/AmdmntInfDtls/OrgnlCdtrSchmeId/PstlAdr/Dept,Dept,Max70Text,0,1
pacs.003.001.12,/Document/FIToFICstmrDrctDbt/DrctDbtTxInf/DrctDbtTx/MndtRltdInf/AmdmntInfDtls/OrgnlCdtrSchmeId/PstlAdr/SubDept,SubDept,Max70Text,0,1
pacs.003.001.12,/Document/FIToFICstmrDrctDbt/DrctDbtTxInf/DrctDbtTx/MndtRltdInf/AmdmntInfDtls/OrgnlCdtrSchmeId/PstlAdr/StrtNm,StrtNm,Max140Text,0,1
pacs.003.001.12,/Document/FIToFICstmrDrctDbt/DrctDbtTxInf/DrctDbtTx/MndtRltdInf/AmdmntInfDtls/OrgnlCdtrSchmeId/PstlAdr/BldgNb,BldgNb,Max16Text,0,1
pacs.003.001.12,/Document/FIToFICstmrDrctDbt/DrctDbtTxInf/DrctDbtTx/MndtRltdInf/AmdmntInfDtls/OrgnlCdtrSchmeId/PstlAdr/BldgNm,BldgNm,Max140Text,0,1
pacs.003.001.12,/Document/FIToFICstmrDrctDbt/DrctDbtTxInf/DrctDbtTx/MndtRltdInf/AmdmntInfDtls/OrgnlCdtrSchmeId/PstlAdr/Flr,Flr,Max70Text,0,1
pacs.003.001.12,/Document/FIToFICstmrDrctDbt/DrctDbtTxInf/DrctDbtTx/MndtRltdInf/AmdmntInfDtls/OrgnlCdtrSchmeId/PstlAdr/UnitNb,UnitNb,Max16Text,0,1
pacs.003.001.12,/Document/FIToFICstmrDrctDbt/DrctDbtTxInf/DrctDbtTx/MndtRltdInf/AmdmntInfDtls/OrgnlCdtrSchmeId/PstlAdr/PstBx,PstBx,Max16Text,0,1
pacs.003.001.12,/Document/FIToFICstmrDrctDbt/DrctDbtTxInf/DrctDbtTx/MndtRltdInf/AmdmntInfDtls/OrgnlCdtrSchmeId/PstlAdr/Room,Room,Max70Text,0,1
pacs.003.001.12,/Document/FIToFICstmrDrctDbt/DrctDbtTxInf/DrctDbtTx/MndtRltdInf/AmdmntInfDtls/OrgnlCdtrSchmeId/PstlAdr/PstCd,PstCd,Max16Text,0,1
pacs.003.001.12,/Document/FIToFICstmrDrctDbt/DrctDbtTxInf/DrctDbtTx/MndtRltdInf/AmdmntInfDtls/OrgnlCdtrSchmeId/PstlAdr/TwnNm,TwnNm,Max140Text,0,1
pacs.003.001.12,/Document/FIToFICstmrDrctDbt/DrctDbtTxInf/DrctDbtTx/MndtRltdInf/AmdmntInfDtls/OrgnlCdtrSchmeId/PstlAdr/TwnLctnNm,TwnLctnNm,Max140Text,0,1
pacs.003.001.12,/Document/FIToFICstmrDrctDbt/DrctDbtTxInf/DrctDbtTx/MndtRltdInf/AmdmntInfDtls/OrgnlCdtrSchmeId/PstlAdr/DstrctNm,DstrctNm,Max140Text,0,1
pacs.003.001.12,/Document/FIToFICstmrDrctDbt/DrctDbtTxInf/DrctDbtTx/MndtRltdInf/AmdmntInfDtls/OrgnlCdtrSchmeId/PstlAdr/CtrySubDvsn,CtrySubDvsn,Max35Text,0,1
pacs.003.001.12,/Document/FIToFICstmrDrctDbt/DrctDbtTxInf/DrctDbtTx/MndtRltdInf/AmdmntInfDtls/OrgnlCdtrSchmeId/PstlAdr/Ctry,Ctry,CountryCode,0,1
pacs.003.001.12,/Document/FIToFICstmrDrctDbt/DrctDbtTxInf/DrctDbtTx/MndtRltdInf/AmdmntInfDtls/OrgnlCdtrSchmeId/PstlAdr/AdrLine,AdrLine,Max70Text,0,7
pacs.003.001.12,/Document/FIToFICstmrDrctDbt/DrctDbtTxInf/DrctDbtTx/MndtRltdInf/AmdmntInfDtls/OrgnlCdtrSchmeId/Id,Id,Party52Choice,0,1
pacs.003.001.12,/Document/FIToFICstmrDrctDbt/DrctDbtTxInf/DrctDbtTx/MndtRltdInf/AmdmntInfDtls/OrgnlCdtrSchmeId/Id/OrgId,OrgId,OrganisationIdentification39,1,1
pacs.003.001.12,/Document/FIToFICstmrDrctDbt/DrctDbtTxInf/DrctDbtTx/MndtRltdInf/AmdmntInfDtls/OrgnlCdtrSchmeId/Id/OrgId/AnyBIC,AnyBIC,AnyBICDec2014Identifier,0,1
pacs.003.001.12,/Document/FIToFICstmrDrctDbt/DrctDbtTxInf/DrctDbtTx/MndtRltdInf/AmdmntInfDtls/OrgnlCdtrSchmeId/Id/OrgId/LEI,LEI,LEIIdentifier,0,1
pacs.003.001.12,/Document/FIToFICstmrDrctDbt/DrctDbtTxInf/DrctDbtTx/MndtRltdInf/AmdmntInfDtls/OrgnlCdtrSchmeId/Id/OrgId/Othr,Othr,GenericOrganisationIdentification3,0,
pacs.003.001.12,/Document/FIToFICstmrDrctDbt/DrctDbtTxInf/DrctDbtTx/MndtRltdInf/AmdmntInfDtls/OrgnlCdtrSchmeId/Id/OrgId/Othr/Id,Id,Max256Text,1,1
pacs.003.001.12,/Document/FIToFICstmrDrctDbt/DrctDbtTxInf/DrctDbtTx/MndtRltdInf/AmdmntInfDtls/OrgnlCdtrSchmeId/Id/OrgId/Othr/SchmeNm,SchmeNm,OrganisationIdentificationSchemeName1Choice,0,1
pacs.003.001.12,/Document/FIToFICstmrDrctDbt/DrctDbtTxInf/DrctDbtTx/MndtRltdInf/AmdmntInfDtls/OrgnlCdtrSchmeId/Id/OrgId/Othr/SchmeNm/Cd,Cd,ExternalOrganisationIdentification1Code,1,1
pacs.003.001.12,/Document/FIToFICstmrDrctDbt/DrctDbtTxInf/DrctDbtTx/MndtRltdInf/AmdmntInfDtls/OrgnlCdtrSchmeId/Id/OrgId/Othr/SchmeNm/Prtry,Prtry,Max35Text,1,1
pacs.003.001.12,/Document/FIToFICstmrDrctDbt/DrctDbtTxInf/DrctDbtTx/MndtRltdInf/AmdmntInfDtls/OrgnlCdtrSchmeId/Id/OrgId/Othr/Issr,Issr,Max35Text,0,1
pacs.003.001.12,/Document/FIToFICstmrDrctDbt/DrctDbtTxInf/DrctDbtTx/MndtRltdInf/AmdmntInfDtls/OrgnlCdtrSchmeId/Id/PrvtId,PrvtId,PersonIdentification18,1,1
pacs.003.001.12,/Document/FIToFICstmrDrctDbt/DrctDbtTxInf/DrctDbtTx/MndtRltdInf/AmdmntInfDtls/OrgnlCdtrSchmeId/Id/PrvtId/DtAndPlcOfBirth,DtAndPlcOfBirth,DateAndPlaceOfBirth1,0,1
pacs.003.001.12,/Document/FIToFICstmrDrctDbt/DrctDbtTxInf/DrctDbtTx/MndtRltdInf/AmdmntInfDtls/OrgnlCdtrSchmeId/Id/PrvtId/DtAndPlcOfBirth/BirthDt,BirthDt,ISODate,1,1
pacs.003.001.12,/Document/FIToFICstmrDrctDbt/DrctDbtTxInf/DrctDbtTx/MndtRltdInf/AmdmntInfDtls/OrgnlCdtrSchmeId/Id/PrvtId/DtAndPlcOfBirth/PrvcOfBirth,PrvcOfBirth,Max35Text,0,1
pacs.003.001.12,/Document/FIToFICstmrDrctDbt/DrctDbtTxInf/DrctDbtTx/MndtRltdInf/AmdmntInfDtls/OrgnlCdtrSchmeId/Id/PrvtId/DtAndPlcOfBirth/CityOfBirth,CityOfBirth,Max35Text,1,1
pacs.003.001.12,/Document/FIToFICstmrDrctDbt/DrctDbtTxInf/DrctDbtTx/MndtRltdInf/AmdmntInfDtls/OrgnlCdtrSchmeId/Id/PrvtId/DtAndPlcOfBirth/CtryOfBirth,CtryOfBirth,CountryCode,1,1
pacs.003.001.12,/Document/FIToFICstmrDrctDbt/DrctDbtTxInf/DrctDbtTx/MndtRltdInf/AmdmntInfDtls/OrgnlCdtrSchmeId/Id/PrvtId/Othr,Othr,GenericPersonIdentification2,0,
pacs.003.001.12,/Document/FIToFICstmrDrctDbt/DrctDbtTxInf/DrctDbtTx/MndtRltdInf/AmdmntInfDtls/OrgnlCdtrSchmeId/Id/PrvtId/Othr/Id,Id,Max256Text,1,1
pacs.003.001.12,/Document/FIToFICstmrDrctDbt/DrctDbtTxInf/DrctDbtTx/MndtRltdInf/AmdmntInfDtls/OrgnlCdtrSchmeId/Id/PrvtId/Othr/SchmeNm,SchmeNm,PersonIdentificationSchemeName1Choice,0,1
pacs.003.001.12,/Document/FIToFICstmrDrctDbt/DrctDbtTxInf/DrctDbtTx/MndtRltdInf/AmdmntInfDtls/OrgnlCdtrSchmeId/Id/PrvtId/Othr/SchmeNm/Cd,Cd,ExternalPersonIdentification1Code,1,1
pacs.003.001.12,/Document/FIToFICstmrDrctDbt/DrctDbtTxInf/DrctDbtTx/MndtRltdInf/AmdmntInfDtls/OrgnlCdtrSchmeId/Id/PrvtId/Othr/SchmeNm/Prtry,Prtry,Max35Text,1,1
pacs.003.001.12,/Document/FIToFICstmrDrctDbt/DrctDbtTxInf/DrctDbtTx/MndtRltdInf/AmdmntInfDtls/OrgnlCdtrSchmeId/Id/PrvtId/Othr/Issr,Issr,Max35Text,0,1
pacs.003.001.12,/Document/FIToFICstmrDrctDbt/DrctDbtTxInf/DrctDbtTx/MndtRltdInf/AmdmntInfDtls/OrgnlCdtrSchmeId/CtryOfRes,CtryOfRes,CountryCode,0,1
pacs.003.001.12,/Document/FIToFICstmrDrctDbt/DrctDbtTxInf/DrctDbtTx/MndtRltdInf/AmdmntInfDtls/OrgnlCdtrSchmeId/CtctDtls,CtctDtls,Contact13,0,1
pacs.003.001.12,/Document/FIToFICstmrDrctDbt/DrctDbtTxInf/DrctDbtTx/MndtRltdInf/AmdmntInfDtls/OrgnlCdtrSchmeId/CtctDtls/NmPrfx,NmPrfx,NamePrefix2Code,0,1
pacs.003.001.12,/Document/FIToFICstmrDrctDbt/DrctDbtTxInf/DrctDbtTx/MndtRltdInf/AmdmntInfDtls/OrgnlCdtrSchmeId/CtctDtls/Nm,Nm,Max140Text,0,1
pacs.003.001.12,/Document/FIToFICstmrDrctDbt/DrctDbtTxInf/DrctDbtTx/MndtRltdInf/AmdmntInfDtls/OrgnlCdtrSchmeId/CtctDtls/PhneNb,PhneNb,PhoneNumber,0,1
pacs.003.001.12,/Document/FIToFICstmrDrctDbt/DrctDbtTxInf/DrctDbtTx/MndtRltdInf/AmdmntInfDtls/OrgnlCdtrSchmeId/CtctDtls/MobNb,MobNb,PhoneNumber,0,1
pacs.003.001.12,/Document/FIToFICstmrDrctDbt/DrctDbtTxInf/DrctDbtTx/MndtRltdInf/AmdmntInfDtls/OrgnlCdtrSchmeId/CtctDtls/FaxNb,FaxNb,PhoneNumber,0,1
pacs.003.001.12,/Document/FIToFICstmrDrctDbt/DrctDbtTxInf/DrctDbtTx/MndtRltdInf/AmdmntInfDtls/OrgnlCdtrSchmeId/CtctDtls/URLAdr,URLAdr,Max2048Text,0,1
pacs.003.001.12,/Document/FIToFICstmrDrctDbt/DrctDbtTxInf/DrctDbtTx/MndtRltdInf/AmdmntInfDtls/OrgnlCdtrSchmeId/CtctDtls/EmailAdr,EmailAdr,Max256Text,0,1
pacs.003.001.12,/Document/FIToFICstmrDrctDbt/DrctDbtTxInf/DrctDbtTx/MndtRltdInf/AmdmntInfDtls/OrgnlCdtrSchmeId/CtctDtls/EmailPurp,EmailPurp,Max35Text,0,1
pacs.003.001.12,/Document/FIToFICstmrDrctDbt/DrctDbtTxInf/DrctDbtTx/MndtRltdInf/AmdmntInfDtls/OrgnlCdtrSchmeId/CtctDtls/JobTitl,JobTitl,Max35Text,0,1
pacs.003.001.12,/Document/FIToFICstmrDrctDbt/DrctDbtTxInf/DrctDbtTx/MndtRltdInf/AmdmntInfDtls/OrgnlCdtrSchmeId/CtctDtls/Rspnsblty,Rspnsblty,Max35Text,0,1
pacs.003.001.12,/Document/FIToFICstmrDrctDbt/DrctDbtTxInf/DrctDbtTx/MndtRltdInf/AmdmntInfDtls/OrgnlCdtrSchmeId/CtctDtls/Dept,Dept,Max70Text,0,1
pacs.003.001.12,/Document/FIToFICstmrDrctDbt/DrctDbtTxInf/DrctDbtTx/MndtRltdInf/AmdmntInfDtls/OrgnlCdtrSchmeId/CtctDtls/Othr,Othr,OtherContact1,0,
pacs.003.001.12,/Document/FIToFICstmrDrctDbt/DrctDbtTxInf/DrctDbtTx/MndtRltdInf/AmdmntInfDtls/OrgnlCdtrSchmeId/CtctDtls/Othr/ChanlTp,ChanlTp,Max4Text,1,1
pacs.003.001.12,/Document/FIToFICstmrDrctDbt/DrctDbtTxInf/DrctDbtTx/MndtRltdInf/AmdmntInfDtls/OrgnlCdtrSchmeId/CtctDtls/Othr/Id,Id,Max128Text,0,1
pacs.003.001.12,/Document/FIToFICstmrDrctDbt/DrctDbtTxInf/DrctDbtTx/MndtRltdInf/AmdmntInfDtls/OrgnlCdtrSchmeId/CtctDtls/PrefrdMtd,PrefrdMtd,PreferredContactMethod2Code,0,1
pacs.003.001.12,/Document/FIToFICstmrDrctDbt/DrctDbtTxInf/DrctDbtTx/MndtRltdInf/AmdmntInfDtls/OrgnlCdtrAgt,OrgnlCdtrAgt,BranchAndFinancialInstitutionIdentification8,0,1
pacs.003.001.12,/Document/FIToFICstmrDrctDbt/DrctDbtTxInf/DrctDbtTx/MndtRltdInf/AmdmntInfDtls/OrgnlCdtrAgt/FinInstnId,FinInstnId,FinancialInstitutionIdentification23,1,1
pacs.003.001.12,/Document/FIToFICstmrDrctDbt/DrctDbtTxInf/DrctDbtTx/MndtRltdInf/AmdmntInfDtls/OrgnlCdtrAgt/FinInstnId/BICFI,BICFI,BICFIDec2014Identifier,0,1
pacs.003.001.12,/Document/FIToFICstmrDrctDbt/DrctDbtTxInf/DrctDbtTx/MndtRltdInf/AmdmntInfDtls/OrgnlCdtrAgt/FinInstnId/ClrSysMmbId,ClrSysMmbId,ClearingSystemMemberIdentification2,0,1
pacs.003.001.12,/Document/FIToFICstmrDrctDbt/DrctDbtTxInf/DrctDbtTx/MndtRltdInf/AmdmntInfDtls/OrgnlCdtrAgt/FinInstnId/ClrSysMmbId/ClrSysId,ClrSysId,ClearingSystemIdentification2Choice,0,1
pacs.003.001.12,/Document/FIToFICstmrDrctDbt/DrctDbtTxInf/DrctDbtTx/MndtRltdInf/AmdmntInfDtls/OrgnlCdtrAgt/FinInstnId/ClrSysMmbId/ClrSysId/Cd,Cd,ExternalClearingSystemIdentification1Code,1,1
pacs.003.001.12,/Document/FIToFICstmrDrctDbt/DrctDbtTxInf/DrctDbtTx/MndtRltdInf/AmdmntInfDtls/OrgnlCdtrAgt/FinInstnId/ClrSysMmbId/ClrSysId/Prtry,Prtry,Max35Text,1,1
pacs.003.001.12,/Document/FIToFICstmrDrctDbt/DrctDbtTxInf/DrctDbtTx/MndtRltdInf/AmdmntInfDtls/OrgnlCdtrAgt/FinInstnId/ClrSysMmbId/MmbId,MmbId,Max35Text,1,1
pacs.003.001.12,/Document/FIToFICstmrDrctDbt/DrctDbtTxInf/DrctDbtTx/MndtRltdInf/AmdmntInfDtls/OrgnlCdtrAgt/FinInstnId/LEI,LEI,LEIIdentifier,0,1
pacs.003.001.12,/Document/FIToFICstmrDrctDbt/DrctDbtTxInf/DrctDbtTx/MndtRltdInf/AmdmntInfDtls/OrgnlCdtrAgt/FinInstnId/Nm,Nm,Max140Text,0,1
pacs.003.001.12,/Document/FIToFICstmrDrctDbt/DrctDbtTxInf/DrctDbtTx/MndtRltdInf/AmdmntInfDtls/OrgnlCdtrAgt/FinInstnId/PstlAdr,PstlAdr,PostalAddress27,0,1
pacs.003.001.12,/Document/FIToFICstmrDrctDbt/DrctDbtTxInf/DrctDbtTx/MndtRltdInf/AmdmntInfDtls/OrgnlCdtrAgt/FinInstnId/PstlAdr/AdrTp,AdrTp,AddressType3Choice,0,1
pacs.003.001.12,/Document/FIToFICstmrDrctDbt/DrctDbtTxInf/DrctDbtTx/MndtRltdInf/AmdmntInfDtls/OrgnlCdtrAgt/FinInstnId/PstlAdr/AdrTp/Cd,Cd,AddressType2Code,1,1
pacs.003.001.12,/Document/FIToFICstmrDrctDbt/DrctDbtTxInf/DrctDbtTx/MndtRltdInf/AmdmntInfDtls/OrgnlCdtrAgt/FinInstnId/PstlAdr/AdrTp/Prtry,Prtry,GenericIdentification30,1,1
pacs.003.001.12,/Document/FIToFICstmrDrctDbt/DrctDbtTxInf/DrctDbtTx/MndtRltdInf/AmdmntInfDtls/OrgnlCdtrAgt/FinInstnId/PstlAdr/AdrTp/Prtry/Id,Id,Exact4AlphaNumericText,1,1
pacs.003.001.12,/Document/FIToFICstmrDrctDbt/DrctDbtTxInf/DrctDbtTx/MndtRltdInf/AmdmntInfDtls/OrgnlCdtrAgt/FinInstnId/PstlAdr/AdrTp/Prtry/Issr,Issr,Max35Text,1,1
pacs.003.001.12,/Document/FIToFICstmrDrctDbt/DrctDbtTxInf/DrctDbtTx/MndtRltdInf/AmdmntInfDtls/OrgnlCdtrAgt/FinInstnId/PstlAdr/AdrTp/Prtry/SchmeNm,SchmeNm,Max35Text,0,1
pacs.003.001.12,/Document/FIToFICstmrDrctDbt/DrctDbtTxInf/DrctDbtTx/MndtRltdInf/AmdmntInfDtls/OrgnlCdtrAgt/FinInstnId/PstlAdr/CareOf,CareOf,Max140Text,0,1
pacs.003.001.12,/Document/FIToFICstmrDrctDbt/DrctDbtTxInf/DrctDbtTx/MndtRltdInf/AmdmntInfDtls/OrgnlCdtrAgt/FinInstnId/PstlAdr/Dept,Dept,Max70Text,0,1
pacs.003.001.12,/Document/FIToFICstmrDrctDbt/DrctDbtTxInf/DrctDbtTx/MndtRltdInf/AmdmntInfDtls/OrgnlCdtrAgt/FinInstnId/PstlAdr/SubDept,SubDept,Max70Text,0,1
pacs.003.001.12,/Document/FIToFICstmrDrctDbt/DrctDbtTxInf/DrctDbtTx/MndtRltdInf/AmdmntInfDtls/OrgnlCdtrAgt/FinInstnId/PstlAdr/StrtNm,StrtNm,Max140Text,0,1
pacs.003.001.12,/Document/FIToFICstmrDrctDbt/DrctDbtTxInf/DrctDbtTx/MndtRltdInf/AmdmntInfDtls/OrgnlCdtrAgt/FinInstnId/PstlAdr/BldgNb,BldgNb,Max16Text,0,1
pacs.003.001.12,/Document/FIToFICstmrDrctDbt/DrctDbtTxInf/DrctDbtTx/MndtRltdInf/AmdmntInfDtls/OrgnlCdtrAgt/FinInstnId/PstlAdr/BldgNm,BldgNm,Max140Text,0,1
pacs.003.001.12,/Document/FIToFICstmrDrctDbt/DrctDbtTxInf/DrctDbtTx/MndtRltdInf/AmdmntInfDtls/OrgnlCdtrAgt/FinInstnId/PstlAdr/Flr,Flr,Max70Text,0,1
pacs.003.001.12,/Document/FIToFICstmrDrctDbt/DrctDbtTxInf/DrctDbtTx/MndtRltdInf/AmdmntInfDtls/OrgnlCdtrAgt/FinInstnId/PstlAdr/UnitNb,UnitNb,Max16Text,0,1
pacs.003.001.12,/Document/FIToFICstmrDrctDbt/DrctDbtTxInf/DrctDbtTx/MndtRltdInf/AmdmntInfDtls/OrgnlCdtrAgt/FinInstnId/PstlAdr/PstBx,PstBx,Max16Text,0,1
pacs.003.001.12,/Document/FIToFICstmrDrctDbt/DrctDbtTxInf/DrctDbtTx/MndtRltdInf/AmdmntInfDtls/OrgnlCdtrAgt/FinInstnId/PstlAdr/Room,Room,Max70Text,0,1
pacs.003.001.12,/Document/FIToFICstmrDrctDbt/DrctDbtTxInf/DrctDbtTx/MndtRltdInf/AmdmntInfDtls/OrgnlCdtrAgt/FinInstnId/PstlAdr/PstCd,PstCd,Max16Text,0,1
pacs.003.001.12,/Document/FIToFICstmrDrctDbt/DrctDbtTxInf/DrctDbtTx/MndtRltdInf/AmdmntInfDtls/OrgnlCdtrAgt/FinInstnId/PstlAdr/TwnNm,TwnNm,Max140Text,0,1
pacs.003.001.12,/Document/FIToFICstmrDrctDbt/DrctDbtTxInf/DrctDbtTx/MndtRltdInf/AmdmntInfDtls/OrgnlCdtrAgt/FinInstnId/PstlAdr/TwnLctnNm,TwnLctnNm,Max140Text,0,1
pacs.003.001.12,/Document/FIToFICstmrDrctDbt/DrctDbtTxInf/DrctDbtTx/MndtRltdInf/AmdmntInfDtls/OrgnlCdtrAgt/FinInstnId/PstlAdr/DstrctNm,DstrctNm,Max140Text,0,1
pacs.003.001.12,/Document/FIToFICstmrDrctDbt/DrctDbtTxInf/DrctDbtTx/MndtRltdInf/AmdmntInfDtls/OrgnlCdtrAgt/FinInstnId/PstlAdr/CtrySubDvsn,CtrySubDvsn,Max35Text,0,1
pacs.003.001.12,/Document/FIToFICstmrDrctDbt/DrctDbtTxInf/DrctDbtTx/MndtRltdInf/AmdmntInfDtls/OrgnlCdtrAgt/FinInstnId/PstlAdr/Ctry,Ctry,CountryCode,0,1
pacs.003.001.12,/Document/FIToFICstmrDrctDbt/DrctDbtTxInf/DrctDbtTx/MndtRltdInf/AmdmntInfDtls/OrgnlCdtrAgt/FinInstnId/PstlAdr/AdrLine,AdrLine,Max70Text,0,7
pacs.003.001.12,/Document/FIToFICstmrDrctDbt/DrctDbtTxInf/DrctDbtTx/MndtRltdInf/AmdmntInfDtls/OrgnlCdtrAgt/FinInstnId/Othr,Othr,GenericFinancialIdentification1,0,1
pacs.003.001.12,/Document/FIToFICstmrDrctDbt/DrctDbtTxInf/DrctDbtTx/MndtRltdInf/AmdmntInfDtls/OrgnlCdtrAgt/FinInstnId/Othr/Id,Id,Max35Text,1,1
pacs.003.001.12,/Document/FIToFICstmrDrctDbt/DrctDbtTxInf/DrctDbtTx/MndtRltdInf/AmdmntInfDtls/OrgnlCdtrAgt/FinInstnId/Othr/SchmeNm,SchmeNm,FinancialIdentificationSchemeName1Choice,0,1
pacs.003.001.12,/Document/FIToFICstmrDrctDbt/DrctDbtTxInf/DrctDbtTx/MndtRltdInf/AmdmntInfDtls/OrgnlCdtrAgt/FinInstnId/Othr/SchmeNm/Cd,Cd,ExternalFinancialInstitutionIdentification1Code,1,1
pacs.003.001.12,/Document/FIToFICstmrDrctDbt/DrctDbtTxInf/DrctDbtTx/MndtRltdInf/AmdmntInfDtls/OrgnlCdtrAgt/FinInstnId/Othr/SchmeNm/Prtry,Prtry,Max35Text,1,1
pacs.003.001.12,/Document/FIToFICstmrDrctDbt/DrctDbtTxInf/DrctDbtTx/MndtRltdInf/AmdmntInfDtls/OrgnlCdtrAgt/FinInstnId/Othr/Issr,Issr,Max35Text,0,1
pacs.003.001.12,/Document/FIToFICstmrDrctDbt/DrctDbtTxInf/DrctDbtTx/MndtRltdInf/AmdmntInfDtls/OrgnlCdtrAgt/BrnchId,BrnchId,BranchData5,0,1
pacs.003.001.12,/Document/FIToFICstmrDrctDbt/DrctDbtTxInf/DrctDbtTx/MndtRltdInf/AmdmntInfDtls/OrgnlCdtrAgt/BrnchId/Id,Id,Max35Text,0,1
pacs.003.001.12,/Document/FIToFICstmrDrctDbt/DrctDbtTxInf/DrctDbtTx/MndtRltdInf/AmdmntInfDtls/OrgnlCdtrAgt/BrnchId/LEI,LEI,LEIIdentifier,0,1
pacs.003.001.12,/Document/FIToFICstmrDrctDbt/DrctDbtTxInf/DrctDbtTx/MndtRltdInf/AmdmntInfDtls/OrgnlCdtrAgt/BrnchId/Nm,Nm,Max140Text,0,1
pacs.003.001.12,/Document/FIToFICstmrDrctDbt/DrctDbtTxInf/DrctDbtTx/MndtRltdInf/AmdmntInfDtls/OrgnlCdtrAgt/BrnchId/PstlAdr,PstlAdr,PostalAddress27,0,1
pacs.003.001.12,/Document/FIToFICstmrDrctDbt/DrctDbtTxInf/DrctDbtTx/MndtRltdInf/AmdmntInfDtls/OrgnlCdtrAgt/BrnchId/PstlAdr/AdrTp,AdrTp,AddressType3Choice,0,1
pacs.003.001.12,/Document/FIToFICstmrDrctDbt/DrctDbtTxInf/DrctDbtTx/MndtRltdInf/AmdmntInfDtls/OrgnlCdtrAgt/BrnchId/PstlAdr/AdrTp/Cd,Cd,AddressType2Code,1,1
pacs.003.001.12,/Document/FIToFICstmrDrctDbt/DrctDbtTxInf/DrctDbtTx/MndtRltdInf/AmdmntInfDtls/OrgnlCdtrAgt/BrnchId/PstlAdr/AdrTp/Prtry,Prtry,GenericIdentification30,1,1
pacs.003.001.12,/Document/FIToFICstmrDrctDbt/DrctDbtTxInf/DrctDbtTx/MndtRltdInf/AmdmntInfDtls/OrgnlCdtrAgt/BrnchId/PstlAdr/AdrTp/Prtry/Id,Id,Exact4AlphaNumericText,1,1
pacs.003.001.12,/Document/FIToFICstmrDrctDbt/DrctDbtTxInf/DrctDbtTx/MndtRltdInf/AmdmntInfDtls/OrgnlCdtrAgt/BrnchId/PstlAdr/AdrTp/Prtry/Issr,Issr,Max35Text,1,1
pacs.003.001.12,/Document/FIToFICstmrDrctDbt/DrctDbtTxInf/DrctDbtTx/MndtRltdInf/AmdmntInfDtls/OrgnlCdtrAgt/BrnchId/PstlAdr/AdrTp/Prtry/SchmeNm,SchmeNm,Max35Text,0,1
pacs.003.001.12,/Document/FIToFICstmrDrctDbt/DrctDbtTxInf/DrctDbtTx/MndtRltdInf/AmdmntInfDtls/OrgnlCdtrAgt/BrnchId/PstlAdr/CareOf,CareOf,Max140Text,0,1
pacs.003.001.12,/Document/FIToFICstmrDrctDbt/DrctDbtTxInf/DrctDbtTx/MndtRltdInf/AmdmntInfDtls/OrgnlCdtrAgt/BrnchId/PstlAdr/Dept,Dept,Max70Text,0,1
pacs.003.001.12,/Document/FIToFICstmrDrctDbt/DrctDbtTxInf/DrctDbtTx/MndtRltdInf/AmdmntInfDtls/OrgnlCdtrAgt/BrnchId/PstlAdr/SubDept,SubDept,Max70Text,0,1
pacs.003.001.12,/Document/FIToFICstmrDrctDbt/DrctDbtTxInf/DrctDbtTx/MndtRltdInf/AmdmntInfDtls/OrgnlCdtrAgt/BrnchId/PstlAdr/StrtNm,StrtNm,Max140Text,0,1
pacs.003.001.12,/Document/FIToFICstmrDrctDbt/DrctDbtTxInf/DrctDbtTx/MndtRltdInf/AmdmntInfDtls/OrgnlCdtrAgt/BrnchId/PstlAdr/BldgNb,BldgNb,Max16Text,0,1
pacs.003.001.12,/Document/FIToFICstmrDrctDbt/DrctDbtTxInf/DrctDbtTx/MndtRltdInf/AmdmntInfDtls/OrgnlCdtrAgt/BrnchId/PstlAdr/BldgNm,BldgNm,Max140Text,0,1
pacs.003.001.12,/Document/FIToFICstmrDrctDbt/DrctDbtTxInf/DrctDbtTx/MndtRltdInf/AmdmntInfDtls/OrgnlCdtrAgt/BrnchId/PstlAdr/Flr,Flr,Max70Text,0,1
pacs.003.001.12,/Document/FIToFICstmrDrctDbt/DrctDbtTxInf/DrctDbtTx/MndtRltdInf/AmdmntInfDtls/OrgnlCdtrAgt/BrnchId/PstlAdr/UnitNb,UnitNb,Max16Text,0,1
pacs.003.001.12,/Document/FIToFICstmrDrctDbt/DrctDbtTxInf/DrctDbtTx/MndtRltdInf/AmdmntInfDtls/OrgnlCdtrAgt/BrnchId/PstlAdr/PstBx,PstBx,Max16Text,0,1
pacs.003.001.12,/Document/FIToFICstmrDrctDbt/DrctDbtTxInf/DrctDbtTx/MndtRltdInf/AmdmntInfDtls/OrgnlCdtrAgt/BrnchId/PstlAdr/Room,Room,Max70Text,0,1
pacs.003.001.12,/Document/FIToFICstmrDrctDbt/DrctDbtTxInf/DrctDbtTx/MndtRltdInf/AmdmntInfDtls/OrgnlCdtrAgt/BrnchId/PstlAdr/PstCd,PstCd,Max16Text,0,1
pacs.003.001.12,/Document/FIToFICstmrDrctDbt/DrctDbtTxInf/DrctDbtTx/MndtRltdInf/AmdmntInfDtls/OrgnlCdtrAgt/BrnchId/PstlAdr/TwnNm,TwnNm,Max140Text,0,1
pacs.003.001.12,/Document/FIToFICstmrDrctDbt/DrctDbtTxInf/DrctDbtTx/MndtRltdInf/AmdmntInfDtls/OrgnlCdtrAgt/BrnchId/PstlAdr/TwnLctnNm,TwnLctnNm,Max140Text,0,1
pacs.003.001.12,/Document/FIToFICstmrDrctDbt/DrctDbtTxInf/DrctDbtTx/MndtRltdInf/AmdmntInfDtls/OrgnlCdtrAgt/BrnchId/PstlAdr/DstrctNm,DstrctNm,Max140Text,0,1
pacs.003.001.12,/Document/FIToFICstmrDrctDbt/DrctDbtTxInf/DrctDbtTx/MndtRltdInf/AmdmntInfDtls/OrgnlCdtrAgt/BrnchId/PstlAdr/CtrySubDvsn,CtrySubDvsn,Max35Text,0,1
pacs.003.001.12,/Document/FIToFICstmrDrctDbt/DrctDbtTxInf/DrctDbtTx/MndtRltdInf/AmdmntInfDtls/OrgnlCdtrAgt/BrnchId/PstlAdr/Ctry,Ctry,CountryCode,0,1
pacs.003.001.12,/Document/FIToFICstmrDrctDbt/DrctDbtTxInf/DrctDbtTx/MndtRltdInf/AmdmntInfDtls/OrgnlCdtrAgt/BrnchId/PstlAdr/AdrLine,AdrLine,Max70Text,0,7
pacs.003.001.12,/Document/FIToFICstmrDrctDbt/DrctDbtTxInf/DrctDbtTx/MndtRltdInf/AmdmntInfDtls/OrgnlCdtrAgtAcct,OrgnlCdtrAgtAcct,CashAccount40,0,1
pacs.003.001.12,/Document/FIToFICstmrDrctDbt/DrctDbtTxInf/DrctDbtTx/MndtRltdInf/AmdmntInfDtls/OrgnlCdtrAgtAcct/Id,Id,AccountIdentification4Choice,0,1
pacs.003.001.12,/Document/FIToFICstmrDrctDbt/DrctDbtTxInf/DrctDbtTx/MndtRltdInf/AmdmntInfDtls/OrgnlCdtrAgtAcct/Id/IBAN,IBAN,IBAN2007Identifier,1,1
pacs.003.001.12,/Document/FIToFICstmrDrctDbt/DrctDbtTxInf/DrctDbtTx/MndtRltdInf/AmdmntInfDtls/OrgnlCdtrAgtAcct/Id/Othr,Othr,GenericAccountIdentification1,1,1
pacs.003.001.12,/Document/FIToFICstmrDrctDbt/DrctDbtTxInf/DrctDbtTx/MndtRltdInf/AmdmntInfDtls/OrgnlCdtrAgtAcct/Id/Othr/Id,Id,Max34Text,1,1
pacs.003.001.12,/Document/FIToFICstmrDrctDbt/DrctDbtTxInf/DrctDbtTx/MndtRltdInf/AmdmntInfDtls/OrgnlCdtrAgtAcct/Id/Othr/SchmeNm,SchmeNm,AccountSchemeName1Choice,0,1
pacs.003.001.12,/Document/FIToFICstmrDrctDbt/DrctDbtTxInf/DrctDbtTx/MndtRltdInf/AmdmntInfDtls/OrgnlCdtrAgtAcct/Id/Othr/SchmeNm/Cd,Cd,ExternalAccountIdentification1Code,1,1
pacs.003.001.12,/Document/FIToFICstmrDrctDbt/DrctDbtTxInf/DrctDbtTx/MndtRltdInf/AmdmntInfDtls/OrgnlCdtrAgtAcct/Id/Othr/SchmeNm/Prtry,Prtry,Max35Text,1,1
pacs.003.001.12,/Document/FIToFICstmrDrctDbt/DrctDbtTxInf/DrctDbtTx/MndtRltdInf/AmdmntInfDtls/OrgnlCdtrAgtAcct/Id/Othr/Issr,Issr,Max35Text,0,1
pacs.003.001.12,/Document/FIToFICstmrDrctDbt/DrctDbtTxInf/DrctDbtTx/MndtRltdInf/AmdmntInfDtls/OrgnlCdtrAgtAcct/Tp,Tp,CashAccountType2Choice,0,1
pacs.003.001.12,/Document/FIToFICstmrDrctDbt/DrctDbtTxInf/DrctDbtTx/MndtRltdInf/AmdmntInfDtls/OrgnlCdtrAgtAcct/Tp/Cd,Cd,ExternalCashAccountType1Code,1,1
pacs.003.001.12,/Document/FIToFICstmrDrctDbt/DrctDbtTxInf/DrctDbtTx/MndtRltdInf/AmdmntInfDtls/OrgnlCdtrAgtAcct/Tp/Prtry,Prtry,Max35Text,1,1
pacs.003.001.12,/Document/FIToFICstmrDrctDbt/DrctDbtTxInf/DrctDbtTx/MndtRltdInf/AmdmntInfDtls/OrgnlCdtrAgtAcct/Ccy,Ccy,ActiveOrHistoricCurrencyCode,0,1
pacs.003.001.12,/Document/FIToFICstmrDrctDbt/DrctDbtTxInf/DrctDbtTx/MndtRltdInf/AmdmntInfDtls/OrgnlCdtrAgtAcct/Nm,Nm,Max70Text,0,1
pacs.003.001.12,/Document/FIToFICstmrDrctDbt/DrctDbtTxInf/DrctDbtTx/MndtRltdInf/AmdmntInfDtls/OrgnlCdtrAgtAcct/Prxy,Prxy,ProxyAccountIdentification1,0,1
pacs.003.001.12,/Document/FIToFICstmrDrctDbt/DrctDbtTxInf/DrctDbtTx/MndtRltdInf/AmdmntInfDtls/OrgnlCdtrAgtAcct/Prxy/Tp,Tp,ProxyAccountType1Choice,0,1
pacs.003.001.12,/Document/FIToFICstmrDrctDbt/DrctDbtTxInf/DrctDbtTx/MndtRltdInf/AmdmntInfDtls/OrgnlCdtrAgtAcct/Prxy/Tp/Cd,Cd,ExternalProxyAccountType1Code,1,1
pacs.003.001.12,/Document/FIToFICstmrDrctDbt/DrctDbtTxInf/DrctDbtTx/MndtRltdInf/AmdmntInfDtls/OrgnlCdtrAgtAcct/Prxy/Tp/Prtry,Prtry,Max35Text,1,1
pacs.003.001.12,/Document/FIToFICstmrDrctDbt/DrctDbtTxInf/DrctDbtTx/MndtRltdInf/AmdmntInfDtls/OrgnlCdtrAgtAcct/Prxy/Id,Id,Max2048Text,1,1
pacs.003.001.12,/Document/FIToFICstmrDrctDbt/DrctDbtTxInf/DrctDbtTx/MndtRltdInf/AmdmntInfDtls/OrgnlDbtr,OrgnlDbtr,PartyIdentification272,0,1
pacs.003.001.12,/Document/FIToFICstmrDrctDbt/DrctDbtTxInf/DrctDbtTx/MndtRltdInf/AmdmntInfDtls/OrgnlDbtr/Nm,Nm,Max140Text,0,1
pacs.003.001.12,/Document/FIToFICstmrDrctDbt/DrctDbtTxInf/DrctDbtTx/MndtRltdInf/AmdmntInfDtls/OrgnlDbtr/PstlAdr,PstlAdr,PostalAddress27,0,1
pacs.003.001.12,/Document/FIToFICstmrDrctDbt/DrctDbtTxInf/DrctDbtTx/MndtRltdInf/AmdmntInfDtls/OrgnlDbtr/PstlAdr/AdrTp,AdrTp,AddressType3Choice,0,1
pacs.003.001.12,/Document/FIToFICstmrDrctDbt/DrctDbtTxInf/DrctDbtTx/MndtRltdInf/AmdmntInfDtls/OrgnlDbtr/PstlAdr/AdrTp/Cd,Cd,AddressType2Code,1,1
pacs.003.001.12,/Document/FIToFICstmrDrctDbt/DrctDbtTxInf/DrctDbtTx/MndtRltdInf/AmdmntInfDtls/OrgnlDbtr/PstlAdr/AdrTp/Prtry,Prtry,GenericIdentification30,1,1
pacs.003.001.12,/Document/FIToFICstmrDrctDbt/DrctDbtTxInf/DrctDbtTx/MndtRltdInf/AmdmntInfDtls/OrgnlDbtr/PstlAdr/AdrTp/Prtry/Id,Id,Exact4AlphaNumericText,1,1
pacs.003.001.12,/Document/FIToFICstmrDrctDbt/DrctDbtTxInf/DrctDbtTx/MndtRltdInf/AmdmntInfDtls/OrgnlDbtr/PstlAdr/AdrTp/Prtry/Issr,Issr,Max35Text,1,1
pacs.003.001.12,/Document/FIToFICstmrDrctDbt/DrctDbtTxInf/DrctDbtTx/MndtRltdInf/AmdmntInfDtls/OrgnlDbtr/PstlAdr/AdrTp/Prtry/SchmeNm,SchmeNm,Max35Text,0,1
pacs.003.001.12,/Document/FIToFICstmrDrctDbt/DrctDbtTxInf/DrctDbtTx/MndtRltdInf/AmdmntInfDtls/OrgnlDbtr/PstlAdr/CareOf,CareOf,Max140Text,0,1
pacs.003.001.12,/Document/FIToFICstmrDrctDbt/DrctDbtTxInf/DrctDbtTx/MndtRltdInf/AmdmntInfDtls/OrgnlDbtr/PstlAdr/Dept,Dept,Max70Text,0,1
pacs.003.001.12,/Document/FIToFICstmrDrctDbt/DrctDbtTxInf/DrctDbtTx/MndtRltdInf/AmdmntInfDtls/OrgnlDbtr/PstlAdr/SubDept,SubDept,Max70Text,0,1
pacs.003.001.12,/Document/FIToFICstmrDrctDbt/DrctDbtTxInf/DrctDbtTx/MndtRltdInf/AmdmntInfDtls/OrgnlDbtr/PstlAdr/StrtNm,StrtNm,Max140Text,0,1
pacs.003.001.12,/Document/FIToFICstmrDrctDbt/DrctDbtTxInf/DrctDbtTx/MndtRltdInf/AmdmntInfDtls/OrgnlDbtr/PstlAdr/BldgNb,BldgNb,Max16Text,0,1
pacs.003.001.12,/Document/FIToFICstmrDrctDbt/DrctDbtTxInf/DrctDbtTx/MndtRltdInf/AmdmntInfDtls/OrgnlDbtr/PstlAdr/BldgNm,BldgNm,Max140Text,0,1
pacs.003.001.12,/Document/FIToFICstmrDrctDbt/DrctDbtTxInf/DrctDbtTx/MndtRltdInf/AmdmntInfDtls/OrgnlDbtr/PstlAdr/Flr,Flr,Max70Text,0,1
pacs.003.001.12,/Document/FIToFICstmrDrctDbt/DrctDbtTxInf/DrctDbtTx/MndtRltdInf/AmdmntInfDtls/OrgnlDbtr/PstlAdr/UnitNb,UnitNb,Max16Text,0,1
pacs.003.001.12,/Document/FIToFICstmrDrctDbt/DrctDbtTxInf/DrctDbtTx/MndtRltdInf/AmdmntInfDtls/OrgnlDbtr/PstlAdr/PstBx,PstBx,Max16Text,0,1
pacs.003.001.12,/Document/FIToFICstmrDrctDbt/DrctDbtTxInf/DrctDbtTx/MndtRltdInf/AmdmntInfDtls/OrgnlDbtr/PstlAdr/Room,Room,Max70Text,0,1
pacs.003.001.12,/Document/FIToFICstmrDrctDbt/DrctDbtTxInf/DrctDbtTx/MndtRltdInf/AmdmntInfDtls/OrgnlDbtr/PstlAdr/PstCd,PstCd,Max16Text,0,1
pacs.003.001.12,/Document/FIToFICstmrDrctDbt/DrctDbtTxInf/DrctDbtTx/MndtRltdInf/AmdmntInfDtls/OrgnlDbtr/PstlAdr/TwnNm,TwnNm,Max140Text,0,1
pacs.003.001.12,/Document/FIToFICstmrDrctDbt/DrctDbtTxInf/DrctDbtTx/MndtRltdInf/AmdmntInfDtls/OrgnlDbtr/PstlAdr/TwnLctnNm,TwnLctnNm,Max140Text,0,1
pacs.003.001.12,/Document/FIToFICstmrDrctDbt/DrctDbtTxInf/DrctDbtTx/MndtRltdInf/AmdmntInfDtls/OrgnlDbtr/PstlAdr/DstrctNm,DstrctNm,Max140Text,0,1
pacs.003.001.12,/Document/FIToFICstmrDrctDbt/DrctDbtTxInf/DrctDbtTx/MndtRltdInf/AmdmntInfDtls/OrgnlDbtr/PstlAdr/CtrySubDvsn,CtrySubDvsn,Max35Text,0,1
pacs.003.001.12,/Document/FIToFICstmrDrctDbt/DrctDbtTxInf/DrctDbtTx/MndtRltdInf/AmdmntInfDtls/OrgnlDbtr/PstlAdr/Ctry,Ctry,CountryCode,0,1
pacs.003.001.12,/Document/FIToFICstmrDrctDbt/DrctDbtTxInf/DrctDbtTx/MndtRltdInf/AmdmntInfDtls/OrgnlDbtr/PstlAdr/AdrLine,AdrLine,Max70Text,0,7
pacs.003.001.12,/Document/FIToFICstmrDrctDbt/DrctDbtTxInf/DrctDbtTx/MndtRltdInf/AmdmntInfDtls/OrgnlDbtr/Id,Id,Party52Choice,0,1
pacs.003.001.12,/Document/FIToFICstmrDrctDbt/DrctDbtTxInf/DrctDbtTx/MndtRltdInf/AmdmntInfDtls/OrgnlDbtr/Id/OrgId,OrgId,OrganisationIdentification39,1,1
pacs.003.001.12,/Document/FIToFICstmrDrctDbt/DrctDbtTxInf/DrctDbtTx/MndtRltdInf/AmdmntInfDtls/OrgnlDbtr/Id/OrgId/AnyBIC,AnyBIC,AnyBICDec2014Identifier,0,1
pacs.003.001.12,/Document/FIToFICstmrDrctDbt/DrctDbtTxInf/DrctDbtTx/MndtRltdInf/AmdmntInfDtls/OrgnlDbtr/Id/OrgId/LEI,LEI,LEIIdentifier,0,1
pacs.003.001.12,/Document/FIToFICstmrDrctDbt/DrctDbtTxInf/DrctDbtTx/MndtRltdInf/AmdmntInfDtls/OrgnlDbtr/Id/OrgId/Othr,Othr,GenericOrganisationIdentification3,0,
pacs.003.001.12,/Document/FIToFICstmrDrctDbt/DrctDbtTxInf/DrctDbtTx/MndtRltdInf/AmdmntInfDtls/OrgnlDbtr/Id/OrgId/Othr/Id,Id,Max256Text,1,1
pacs.003.001.12,/Document/FIToFICstmrDrctDbt/DrctDbtTxInf/DrctDbtTx/MndtRltdInf/AmdmntInfDtls/OrgnlDbtr/Id/OrgId/Othr/SchmeNm,SchmeNm,OrganisationIdentificationSchemeName1Choice,0,1
pacs.003.001.12,/Document/FIToFICstmrDrctDbt/DrctDbtTxInf/DrctDbtTx/MndtRltdInf/AmdmntInfDtls/OrgnlDbtr/Id/OrgId/Othr/SchmeNm/Cd,Cd,ExternalOrganisationIdentification1Code,1,1
pacs.003.001.12,/Document/FIToFICstmrDrctDbt/DrctDbtTxInf/DrctDbtTx/MndtRltdInf/AmdmntInfDtls/OrgnlDbtr/Id/OrgId/Othr/SchmeNm/Prtry,Prtry,Max35Text,1,1
pacs.003.001.12,/Document/FIToFICstmrDrctDbt/DrctDbtTxInf/DrctDbtTx/MndtRltdInf/AmdmntInfDtls/OrgnlDbtr/Id/OrgId/Othr/Issr,Issr,Max35Text,0,1
pacs.003.001.12,/Document/FIToFICstmrDrctDbt/DrctDbtTxInf/DrctDbtTx/MndtRltdInf/AmdmntInfDtls/OrgnlDbtr/Id/PrvtId,PrvtId,PersonIdentification18,1,1
pacs.003.001.12,/Document/FIToFICstmrDrctDbt/DrctDbtTxInf/DrctDbtTx/MndtRltdInf/AmdmntInfDtls/OrgnlDbtr/Id/PrvtId/DtAndPlcOfBirth,DtAndPlcOfBirth,DateAndPlaceOfBirth1,0,1
pacs.003.001.12,/Document/FIToFICstmrDrctDbt/DrctDbtTxInf/DrctDbtTx/MndtRltdInf/AmdmntInfDtls/OrgnlDbtr/Id/PrvtId/DtAndPlcOfBirth/BirthDt,BirthDt,ISODate,1,1
pacs.003.001.12,/Document/FIToFICstmrDrctDbt/DrctDbtTxInf/DrctDbtTx/MndtRltdInf/AmdmntInfDtls/OrgnlDbtr/Id/PrvtId/DtAndPlcOfBirth/PrvcOfBirth,PrvcOfBirth,Max35Text,0,1
pacs.003.001.12,/Document/FIToFICstmrDrctDbt/DrctDbtTxInf/DrctDbtTx/MndtRltdInf/AmdmntInfDtls/OrgnlDbtr/Id/PrvtId/DtAndPlcOfBirth/CityOfBirth,CityOfBirth,Max35Text,1,1
pacs.003.001.12,/Document/FIToFICstmrDrctDbt/DrctDbtTxInf/DrctDbtTx/MndtRltdInf/AmdmntInfDtls/OrgnlDbtr/Id/PrvtId/DtAndPlcOfBirth/CtryOfBirth,CtryOfBirth,CountryCode,1,1
pacs.003.001.12,/Document/FIToFICstmrDrctDbt/DrctDbtTxInf/DrctDbtTx/MndtRltdInf/AmdmntInfDtls/OrgnlDbtr/Id/PrvtId/Othr,Othr,GenericPersonIdentification2,0,
pacs.003.001.12,/Document/FIToFICstmrDrctDbt/DrctDbtTxInf/DrctDbtTx/MndtRltdInf/AmdmntInfDtls/OrgnlDbtr/Id/PrvtId/Othr/Id,Id,Max256Text,1,1
pacs.003.001.12,/Document/FIToFICstmrDrctDbt/DrctDbtTxInf/DrctDbtTx/MndtRltdInf/AmdmntInfDtls/OrgnlDbtr/Id/PrvtId/Othr/SchmeNm,SchmeNm,PersonIdentificationSchemeName1Choice,0,1
pacs.003.001.12,/Document/FIToFICstmrDrctDbt/DrctDbtTxInf/DrctDbtTx/MndtRltdInf/AmdmntInfDtls/OrgnlDbtr/Id/PrvtId/Othr/SchmeNm/Cd,Cd,ExternalPersonIdentification1Code,1,1
pacs.003.001.12,/Document/FIToFICstmrDrctDbt/DrctDbtTxInf/DrctDbtTx/MndtRltdInf/AmdmntInfDtls/OrgnlDbtr/Id/PrvtId/Othr/SchmeNm/Prtry,Prtry,Max35Text,1,1
pacs.003.001.12,/Document/FIToFICstmrDrctDbt/DrctDbtTxInf/DrctDbtTx/MndtRltdInf/AmdmntInfDtls/OrgnlDbtr/Id/PrvtId/Othr/Issr,Issr,Max35Text,0,1
pacs.003.001.12,/Document/FIToFICstmrDrctDbt/DrctDbtTxInf/DrctDbtTx/MndtRltdInf/AmdmntInfDtls/OrgnlDbtr/CtryOfRes,CtryOfRes,CountryCode,0,1
pacs.003.001.12,/Document/FIToFICstmrDrctDbt/DrctDbtTxInf/DrctDbtTx/MndtRltdInf/AmdmntInfDtls/OrgnlDbtr/CtctDtls,CtctDtls,Contact13,0,1
pacs.003.001.12,/Document/FIToFICstmrDrctDbt/DrctDbtTxInf/DrctDbtTx/MndtRltdInf/AmdmntInfDtls/OrgnlDbtr/CtctDtls/NmPrfx,NmPrfx,NamePrefix2Code,0,1
pacs.003.001.12,/Document/FIToFICstmrDrctDbt/DrctDbtTxInf/DrctDbtTx/MndtRltdInf/AmdmntInfDtls/OrgnlDbtr/CtctDtls/Nm,Nm,Max140Text,0,1
pacs.003.001.12,/Document/FIToFICstmrDrctDbt/DrctDbtTxInf/DrctDbtTx/MndtRltdInf/AmdmntInfDtls/OrgnlDbtr/CtctDtls/PhneNb,PhneNb,PhoneNumber,0,1
pacs.003.001.12,/Document/FIToFICstmrDrctDbt/DrctDbtTxInf/DrctDbtTx/MndtRltdInf/AmdmntInfDtls/OrgnlDbtr/CtctDtls/MobNb,MobNb,PhoneNumber,0,1
pacs.003.001.12,/Document/FIToFICstmrDrctDbt/DrctDbtTxInf/DrctDbtTx/MndtRltdInf/AmdmntInfDtls/OrgnlDbtr/CtctDtls/FaxNb,FaxNb,PhoneNumber,0,1
pacs.003.001.12,/Document/FIToFICstmrDrctDbt/DrctDbtTxInf/DrctDbtTx/MndtRltdInf/AmdmntInfDtls/OrgnlDbtr/CtctDtls/URLAdr,URLAdr,Max2048Text,0,1
pacs.003.001.12,/Document/FIToFICstmrDrctDbt/DrctDbtTxInf/DrctDbtTx/MndtRltdInf/AmdmntInfDtls/OrgnlDbtr/CtctDtls/EmailAdr,EmailAdr,Max256Text,0,1
pacs.003.001.12,/Document/FIToFICstmrDrctDbt/DrctDbtTxInf/DrctDbtTx/MndtRltdInf/AmdmntInfDtls/OrgnlDbtr/CtctDtls/EmailPurp,EmailPurp,Max35Text,0,1
pacs.003.001.12,/Document/FIToFICstmrDrctDbt/DrctDbtTxInf/DrctDbtTx/MndtRltdInf/AmdmntInfDtls/OrgnlDbtr/CtctDtls/JobTitl,JobTitl,Max35Text,0,1
pacs.003.001.12,/Document/FIToFICstmrDrctDbt/DrctDbtTxInf/DrctDbtTx/MndtRltdInf/AmdmntInfDtls/OrgnlDbtr/CtctDtls/Rspnsblty,Rspnsblty,Max35Text,0,1
pacs.003.001.12,/Document/FIToFICstmrDrctDbt/DrctDbtTxInf/DrctDbtTx/MndtRltdInf/AmdmntInfDtls/OrgnlDbtr/CtctDtls/Dept,Dept,Max70Text,0,1
pacs.003.001.12,/Document/FIToFICstmrDrctDbt/DrctDbtTxInf/DrctDbtTx/MndtRltdInf/AmdmntInfDtls/OrgnlDbtr/CtctDtls/Othr,Othr,OtherContact1,0,
pacs.003.001.12,/Document/FIToFICstmrDrctDbt/DrctDbtTxInf/DrctDbtTx/MndtRltdInf/AmdmntInfDtls/OrgnlDbtr/CtctDtls/Othr/ChanlTp,ChanlTp,Max4Text,1,1
pacs.003.001.12,/Document/FIToFICstmrDrctDbt/DrctDbtTxInf/DrctDbtTx/MndtRltdInf/AmdmntInfDtls/OrgnlDbtr/CtctDtls/Othr/Id,Id,Max128Text,0,1
pacs.003.001.12,/Document/FIToFICstmrDrctDbt/DrctDbtTxInf/DrctDbtTx/MndtRltdInf/AmdmntInfDtls/OrgnlDbtr/CtctDtls/PrefrdMtd,PrefrdMtd,PreferredContactMethod2Code,0,1
pacs.003.001.12,/Document/FIToFICstmrDrctDbt/DrctDbtTxInf/DrctDbtTx/MndtRltdInf/AmdmntInfDtls/OrgnlDbtrAcct,OrgnlDbtrAcct,CashAccount40,0,1
pacs.003.001.12,/Document/FIToFICstmrDrctDbt/DrctDbtTxInf/DrctDbtTx/MndtRltdInf/AmdmntInfDtls/OrgnlDbtrAcct/Id,Id,AccountIdentification4Choice,0,1
pacs.003.001.12,/Document/FIToFICstmrDrctDbt/DrctDbtTxInf/DrctDbtTx/MndtRltdInf/AmdmntInfDtls/OrgnlDbtrAcct/Id/IBAN,IBAN,IBAN2007Identifier,1,1
pacs.003.001.12,/Document/FIToFICstmrDrctDbt/DrctDbtTxInf/DrctDbtTx/MndtRltdInf/AmdmntInfDtls/OrgnlDbtrAcct/Id/Othr,Othr,GenericAccountIdentification1,1,1
pacs.003.001.12,/Document/FIToFICstmrDrctDbt/DrctDbtTxInf/DrctDbtTx/MndtRltdInf/AmdmntInfDtls/OrgnlDbtrAcct/Id/Othr/Id,Id,Max34Text,1,1
pacs.003.001.12,/Document/FIToFICstmrDrctDbt/DrctDbtTxInf/DrctDbtTx/MndtRltdInf/AmdmntInfDtls/OrgnlDbtrAcct/Id/Othr/SchmeNm,SchmeNm,AccountSchemeName1Choice,0,1
pacs.003.001.12,/Document/FIToFICstmrDrctDbt/DrctDbtTxInf/DrctDbtTx/MndtRltdInf/AmdmntInfDtls/OrgnlDbtrAcct/Id/Othr/SchmeNm/Cd,Cd,ExternalAccountIdentification1Code,1,1
pacs.003.001.12,/Document/FIToFICstmrDrctDbt/DrctDbtTxInf/DrctDbtTx/MndtRltdInf/AmdmntInfDtls/OrgnlDbtrAcct/Id/Othr/SchmeNm/Prtry,Prtry,Max35Text,1,1
pacs.003.001.12,/Document/FIToFICstmrDrctDbt/DrctDbtTxInf/DrctDbtTx/MndtRltdInf/AmdmntInfDtls/OrgnlDbtrAcct/Id/Othr/Issr,Issr,Max35Text,0,1
pacs.003.001.12,/Document/FIToFICstmrDrctDbt/DrctDbtTxInf/DrctDbtTx/MndtRltdInf/AmdmntInfDtls/OrgnlDbtrAcct/Tp,Tp,CashAccountType2Choice,0,1
pacs.003.001.12,/Document/FIToFICstmrDrctDbt/DrctDbtTxInf/DrctDbtTx/MndtRltdInf/AmdmntInfDtls/OrgnlDbtrAcct/Tp/Cd,Cd,ExternalCashAccountType1Code,1,1
pacs.003.001.12,/Document/FIToFICstmrDrctDbt/DrctDbtTxInf/DrctDbtTx/MndtRltdInf/AmdmntInfDtls/OrgnlDbtrAcct/Tp/Prtry,Prtry,Max35Text,1,1
pacs.003.001.12,/Document/FIToFICstmrDrctDbt/DrctDbtTxInf/DrctDbtTx/MndtRltdInf/AmdmntInfDtls/OrgnlDbtrAcct/Ccy,Ccy,ActiveOrHistoricCurrencyCode,0,1
pacs.003.001.12,/Document/FIToFICstmrDrctDbt/DrctDbtTxInf/DrctDbtTx/MndtRltdInf/AmdmntInfDtls/OrgnlDbtrAcct/Nm,Nm,Max70Text,0,1
pacs.003.001.12,/Document/FIToFICstmrDrctDbt/DrctDbtTxInf/DrctDbtTx/MndtRltdInf/AmdmntInfDtls/OrgnlDbtrAcct/Prxy,Prxy,ProxyAccountIdentification1,0,1
pacs.003.001.12,/Document/FIToFICstmrDrctDbt/DrctDbtTxInf/DrctDbtTx/MndtRltdInf/AmdmntInfDtls/OrgnlDbtrAcct/Prxy/Tp,Tp,ProxyAccountType1Choice,0,1
pacs.003.001.12,/Document/FIToFICstmrDrctDbt/DrctDbtTxInf/DrctDbtTx/MndtRltdInf/AmdmntInfDtls/OrgnlDbtrAcct/Prxy/Tp/Cd,Cd,ExternalProxyAccountType1Code,1,1
pacs.003.001.12,/Document/FIToFICstmrDrctDbt/DrctDbtTxInf/DrctDbtTx/MndtRltdInf/AmdmntInfDtls/OrgnlDbtrAcct/Prxy/Tp/Prtry,Prtry,Max35Text,1,1
pacs.003.001.12,/Document/FIToFICstmrDrctDbt/DrctDbtTxInf/DrctDbtTx/MndtRltdInf/AmdmntInfDtls/OrgnlDbtrAcct/Prxy/Id,Id,Max2048Text,1,1
pacs.003.001.12,/Document/FIToFICstmrDrctDbt/DrctDbtTxInf/DrctDbtTx/MndtRltdInf/AmdmntInfDtls/OrgnlDbtrAgt,OrgnlDbtrAgt,BranchAndFinancialInstitutionIdentification8,0,1
pacs.003.001.12,/Document/FIToFICstmrDrctDbt/DrctDbtTxInf/DrctDbtTx/MndtRltdInf/AmdmntInfDtls/OrgnlDbtrAgt/FinInstnId,FinInstnId,FinancialInstitutionIdentification23,1,1
pacs.003.001.12,/Document/FIToFICstmrDrctDbt/DrctDbtTxInf/DrctDbtTx/MndtRltdInf/AmdmntInfDtls/OrgnlDbtrAgt/FinInstnId/BICFI,BICFI,BICFIDec2014Identifier,0,1
pacs.003.001.12,/Document/FIToFICstmrDrctDbt/DrctDbtTxInf/DrctDbtTx/MndtRltdInf/AmdmntInfDtls/OrgnlDbtrAgt/FinInstnId/ClrSysMmbId,ClrSysMmbId,ClearingSystemMemberIdentification2,0,1
pacs.003.001.12,/Document/FIToFICstmrDrctDbt/DrctDbtTxInf/DrctDbtTx/MndtRltdInf/AmdmntInfDtls/OrgnlDbtrAgt/FinInstnId/ClrSysMmbId/ClrSysId,ClrSysId,ClearingSystemIdentification2Choice,0,1
pacs.003.001.12,/Document/FIToFICstmrDrctDbt/DrctDbtTxInf/DrctDbtTx/MndtRltdInf/AmdmntInfDtls/OrgnlDbtrAgt/FinInstnId/ClrSysMmbId/ClrSysId/Cd,Cd,ExternalClearingSystemIdentification1Code,1,1
pacs.003.001.12,/Document/FIToFICstmrDrctDbt/DrctDbtTxInf/DrctDbtTx/MndtRltdInf/AmdmntInfDtls/OrgnlDbtrAgt/FinInstnId/ClrSysMmbId/ClrSysId/Prtry,Prtry,Max35Text,1,1
pacs.003.001.12,/Document/FIToFICstmrDrctDbt/DrctDbtTxInf/DrctDbtTx/MndtRltdInf/AmdmntInfDtls/OrgnlDbtrAgt/FinInstnId/ClrSysMmbId/MmbId,MmbId,Max35Text,1,1
pacs.003.001.12,/Document/FIToFICstmrDrctDbt/DrctDbtTxInf/DrctDbtTx/MndtRltdInf/AmdmntInfDtls/OrgnlDbtrAgt/FinInstnId/LEI,LEI,LEIIdentifier,0,1
pacs.003.001.12,/Document/FIToFICstmrDrctDbt/DrctDbtTxInf/DrctDbtTx/MndtRltdInf/AmdmntInfDtls/OrgnlDbtrAgt/FinInstnId/Nm,Nm,Max140Text,0,1
pacs.003.001.12,/Document/FIToFICstmrDrctDbt/DrctDbtTxInf/DrctDbtTx/MndtRltdInf/AmdmntInfDtls/OrgnlDbtrAgt/FinInstnId/PstlAdr,PstlAdr,PostalAddress27,0,1
pacs.003.001.12,/Document/FIToFICstmrDrctDbt/DrctDbtTxInf/DrctDbtTx/MndtRltdInf/AmdmntInfDtls/OrgnlDbtrAgt/FinInstnId/PstlAdr/AdrTp,AdrTp,AddressType3Choice,0,1
pacs.003.001.12,/Document/FIToFICstmrDrctDbt/DrctDbtTxInf/DrctDbtTx/MndtRltdInf/AmdmntInfDtls/OrgnlDbtrAgt/FinInstnId/PstlAdr/AdrTp/Cd,Cd,AddressType2Code,1,1
pacs.003.001.12,/Document/FIToFICstmrDrctDbt/DrctDbtTxInf/DrctDbtTx/MndtRltdInf/AmdmntInfDtls/OrgnlDbtrAgt/FinInstnId/PstlAdr/AdrTp/Prtry,Prtry,GenericIdentification30,1,1
pacs.003.001.12,/Document/FIToFICstmrDrctDbt/DrctDbtTxInf/DrctDbtTx/MndtRltdInf/AmdmntInfDtls/OrgnlDbtrAgt/FinInstnId/PstlAdr/AdrTp/Prtry/Id,Id,Exact4AlphaNumericText,1,1
pacs.003.001.12,/Document/FIToFICstmrDrctDbt/DrctDbtTxInf/DrctDbtTx/MndtRltdInf/AmdmntInfDtls/OrgnlDbtrAgt/FinInstnId/PstlAdr/AdrTp/Prtry/Issr,Issr,Max35Text,1,1
pacs.003.001.12,/Document/FIToFICstmrDrctDbt/DrctDbtTxInf/DrctDbtTx/MndtRltdInf/AmdmntInfDtls/OrgnlDbtrAgt/FinInstnId/PstlAdr/AdrTp/Prtry/SchmeNm,SchmeNm,Max35Text,0,1
pacs.003.001.12,/Document/FIToFICstmrDrctDbt/DrctDbtTxInf/DrctDbtTx/MndtRltdInf/AmdmntInfDtls/OrgnlDbtrAgt/FinInstnId/PstlAdr/CareOf,CareOf,Max140Text,0,1
pacs.003.001.12,/Document/FIToFICstmrDrctDbt/DrctDbtTxInf/DrctDbtTx/MndtRltdInf/AmdmntInfDtls/OrgnlDbtrAgt/FinInstnId/PstlAdr/Dept,Dept,Max70Text,0,1
pacs.003.001.12,/Document/FIToFICstmrDrctDbt/DrctDbtTxInf/DrctDbtTx/MndtRltdInf/AmdmntInfDtls/OrgnlDbtrAgt/FinInstnId/PstlAdr/SubDept,SubDept,Max70Text,0,1
pacs.003.001.12,/Document/FIToFICstmrDrctDbt/DrctDbtTxInf/DrctDbtTx/MndtRltdInf/AmdmntInfDtls/OrgnlDbtrAgt/FinInstnId/PstlAdr/StrtNm,StrtNm,Max140Text,0,1
pacs.003.001.12,/Document/FIToFICstmrDrctDbt/DrctDbtTxInf/DrctDbtTx/MndtRltdInf/AmdmntInfDtls/OrgnlDbtrAgt/FinInstnId/PstlAdr/BldgNb,BldgNb,Max16Text,0,1
pacs.003.001.12,/Document/FIToFICstmrDrctDbt/DrctDbtTxInf/DrctDbtTx/MndtRltdInf/AmdmntInfDtls/OrgnlDbtrAgt/FinInstnId/PstlAdr/BldgNm,BldgNm,Max140Text,0,1
pacs.003.001.12,/Document/FIToFICstmrDrctDbt/DrctDbtTxInf/DrctDbtTx/MndtRltdInf/AmdmntInfDtls/OrgnlDbtrAgt/FinInstnId/PstlAdr/Flr,Flr,Max70Text,0,1
pacs.003.001.12,/Document/FIToFICstmrDrctDbt/DrctDbtTxInf/DrctDbtTx/MndtRltdInf/AmdmntInfDtls/OrgnlDbtrAgt/FinInstnId/PstlAdr/UnitNb,UnitNb,Max16Text,0,1
pacs.003.001.12,/Document/FIToFICstmrDrctDbt/DrctDbtTxInf/DrctDbtTx/MndtRltdInf/AmdmntInfDtls/OrgnlDbtrAgt/FinInstnId/PstlAdr/PstBx,PstBx,Max16Text,0,1
pacs.003.001.12,/Document/FIToFICstmrDrctDbt/DrctDbtTxInf/DrctDbtTx/MndtRltdInf/AmdmntInfDtls/OrgnlDbtrAgt/FinInstnId/PstlAdr/Room,Room,Max70Text,0,1
pacs.003.001.12,/Document/FIToFICstmrDrctDbt/DrctDbtTxInf/DrctDbtTx/MndtRltdInf/AmdmntInfDtls/OrgnlDbtrAgt/FinInstnId/PstlAdr/PstCd,PstCd,Max16Text,0,1
pacs.003.001.12,/Document/FIToFICstmrDrctDbt/DrctDbtTxInf/DrctDbtTx/MndtRltdInf/AmdmntInfDtls/OrgnlDbtrAgt/FinInstnId/PstlAdr/TwnNm,TwnNm,Max140Text,0,1
pacs.003.001.12,/Document/FIToFICstmrDrctDbt/DrctDbtTxInf/DrctDbtTx/MndtRltdInf/AmdmntInfDtls/OrgnlDbtrAgt/FinInstnId/PstlAdr/TwnLctnNm,TwnLctnNm,Max140Text,0,1
pacs.003.001.12,/Document/FIToFICstmrDrctDbt/DrctDbtTxInf/DrctDbtTx/MndtRltdInf/AmdmntInfDtls/OrgnlDbtrAgt/FinInstnId/PstlAdr/DstrctNm,DstrctNm,Max140Text,0,1
pacs.003.001.12,/Document/FIToFICstmrDrctDbt/DrctDbtTxInf/DrctDbtTx/MndtRltdInf/AmdmntInfDtls/OrgnlDbtrAgt/FinInstnId/PstlAdr/CtrySubDvsn,CtrySubDvsn,Max35Text,0,1
pacs.003.001.12,/Document/FIToFICstmrDrctDbt/DrctDbtTxInf/DrctDbtTx/MndtRltdInf/AmdmntInfDtls/OrgnlDbtrAgt/FinInstnId/PstlAdr/Ctry,Ctry,CountryCode,0,1
pacs.003.001.12,/Document/FIToFICstmrDrctDbt/DrctDbtTxInf/DrctDbtTx/MndtRltdInf/AmdmntInfDtls/OrgnlDbtrAgt/FinInstnId/PstlAdr/AdrLine,AdrLine,Max70Text,0,7
pacs.003.001.12,/Document/FIToFICstmrDrctDbt/DrctDbtTxInf/DrctDbtTx/MndtRltdInf/AmdmntInfDtls/OrgnlDbtrAgt/FinInstnId/Othr,Othr,GenericFinancialIdentification1,0,1
pacs.003.001.12,/Document/FIToFICstmrDrctDbt/DrctDbtTxInf/DrctDbtTx/MndtRltdInf/AmdmntInfDtls/OrgnlDbtrAgt/FinInstnId/Othr/Id,Id,Max35Text,1,1
pacs.003.001.12,/Document/FIToFICstmrDrctDbt/DrctDbtTxInf/DrctDbtTx/MndtRltdInf/AmdmntInfDtls/OrgnlDbtrAgt/FinInstnId/Othr/SchmeNm,SchmeNm,FinancialIdentificationSchemeName1Choice,0,1
pacs.003.001.12,/Document/FIToFICstmrDrctDbt/DrctDbtTxInf/DrctDbtTx/MndtRltdInf/AmdmntInfDtls/OrgnlDbtrAgt/FinInstnId/Othr/SchmeNm/Cd,Cd,ExternalFinancialInstitutionIdentification1Code,1,1
pacs.003.001.12,/Document/FIToFICstmrDrctDbt/DrctDbtTxInf/DrctDbtTx/MndtRltdInf/AmdmntInfDtls/OrgnlDbtrAgt/FinInstnId/Othr/SchmeNm/Prtry,Prtry,Max35Text,1,1
pacs.003.001.12,/Document/FIToFICstmrDrctDbt/DrctDbtTxInf/DrctDbtTx/MndtRltdInf/AmdmntInfDtls/OrgnlDbtrAgt/FinInstnId/Othr/Issr,Issr,Max35Text,0,1
pacs.003.001.12,/Document/FIToFICstmrDrctDbt/DrctDbtTxInf/DrctDbtTx/MndtRltdInf/AmdmntInfDtls/OrgnlDbtrAgt/BrnchId,BrnchId,BranchData5,0,1
pacs.003.001.12,/Document/FIToFICstmrDrctDbt/DrctDbtTxInf/DrctDbtTx/MndtRltdInf/AmdmntInfDtls/OrgnlDbtrAgt/BrnchId/Id,Id,Max35Text,0,1
pacs.003.001.12,/Document/FIToFICstmrDrctDbt/DrctDbtTxInf/DrctDbtTx/MndtRltdInf/AmdmntInfDtls/OrgnlDbtrAgt/BrnchId/LEI,LEI,LEIIdentifier,0,1
pacs.003.001.12,/Document/FIToFICstmrDrctDbt/DrctDbtTxInf/DrctDbtTx/MndtRltdInf/AmdmntInfDtls/OrgnlDbtrAgt/BrnchId/Nm,Nm,Max140Text,0,1
pacs.003.001.12,/Document/FIToFICstmrDrctDbt/DrctDbtTxInf/DrctDbtTx/MndtRltdInf/AmdmntInfDtls/OrgnlDbtrAgt/BrnchId/PstlAdr,PstlAdr,PostalAddress27,0,1
pacs.003.001.12,/Document/FIToFICstmrDrctDbt/DrctDbtTxInf/DrctDbtTx/MndtRltdInf/AmdmntInfDtls/OrgnlDbtrAgt/BrnchId/PstlAdr/AdrTp,AdrTp,AddressType3Choice,0,1
pacs.003.001.12,/Document/FIToFICstmrDrctDbt/DrctDbtTxInf/DrctDbtTx/MndtRltdInf/AmdmntInfDtls/OrgnlDbtrAgt/BrnchId/PstlAdr/AdrTp/Cd,Cd,AddressType2Code,1,1
pacs.003.001.12,/Document/FIToFICstmrDrctDbt/DrctDbtTxInf/DrctDbtTx/MndtRltdInf/AmdmntInfDtls/OrgnlDbtrAgt/BrnchId/PstlAdr/AdrTp/Prtry,Prtry,GenericIdentification30,1,1
pacs.003.001.12,/Document/FIToFICstmrDrctDbt/DrctDbtTxInf/DrctDbtTx/MndtRltdInf/AmdmntInfDtls/OrgnlDbtrAgt/BrnchId/PstlAdr/AdrTp/Prtry/Id,Id,Exact4AlphaNumericText,1,1
pacs.003.001.12,/Document/FIToFICstmrDrctDbt/DrctDbtTxInf/DrctDbtTx/MndtRltdInf/AmdmntInfDtls/OrgnlDbtrAgt/BrnchId/PstlAdr/AdrTp/Prtry/Issr,Issr,Max35Text,1,1
pacs.003.001.12,/Document/FIToFICstmrDrctDbt/DrctDbtTxInf/DrctDbtTx/MndtRltdInf/AmdmntInfDtls/OrgnlDbtrAgt/BrnchId/PstlAdr/AdrTp/Prtry/SchmeNm,SchmeNm,Max35Text,0,1
pacs.003.001.12,/Document/FIToFICstmrDrctDbt/DrctDbtTxInf/DrctDbtTx/MndtRltdInf/AmdmntInfDtls/OrgnlDbtrAgt/BrnchId/PstlAdr/CareOf,CareOf,Max140Text,0,1
pacs.003.001.12,/Document/FIToFICstmrDrctDbt/DrctDbtTxInf/DrctDbtTx/MndtRltdInf/AmdmntInfDtls/OrgnlDbtrAgt/BrnchId/PstlAdr/Dept,Dept,Max70Text,0,1
pacs.003.001.12,/Document/FIToFICstmrDrctDbt/DrctDbtTxInf/DrctDbtTx/MndtRltdInf/AmdmntInfDtls/OrgnlDbtrAgt/BrnchId/PstlAdr/SubDept,SubDept,Max70Text,0,1
pacs.003.001.12,/Document/FIToFICstmrDrctDbt/DrctDbtTxInf/DrctDbtTx/MndtRltdInf/AmdmntInfDtls/OrgnlDbtrAgt/BrnchId/PstlAdr/StrtNm,StrtNm,Max140Text,0,1
pacs.003.001.12,/Document/FIToFICstmrDrctDbt/DrctDbtTxInf/DrctDbtTx/MndtRltdInf/AmdmntInfDtls/OrgnlDbtrAgt/BrnchId/PstlAdr/BldgNb,BldgNb,Max16Text,0,1
pacs.003.001.12,/Document/FIToFICstmrDrctDbt/DrctDbtTxInf/DrctDbtTx/MndtRltdInf/AmdmntInfDtls/OrgnlDbtrAgt/BrnchId/PstlAdr/BldgNm,BldgNm,Max140Text,0,1
pacs.003.001.12,/Document/FIToFICstmrDrctDbt/DrctDbtTxInf/DrctDbtTx/MndtRltdInf/AmdmntInfDtls/OrgnlDbtrAgt/BrnchId/PstlAdr/Flr,Flr,Max70Text,0,1
pacs.003.001.12,/Document/FIToFICstmrDrctDbt/DrctDbtTxInf/DrctDbtTx/MndtRltdInf/AmdmntInfDtls/OrgnlDbtrAgt/BrnchId/PstlAdr/UnitNb,UnitNb,Max16Text,0,1
pacs.003.001.12,/Document/FIToFICstmrDrctDbt/DrctDbtTxInf/DrctDbtTx/MndtRltdInf/AmdmntInfDtls/OrgnlDbtrAgt/BrnchId/PstlAdr/PstBx,PstBx,Max16Text,0,1
pacs.003.001.12,/Document/FIToFICstmrDrctDbt/DrctDbtTxInf/DrctDbtTx/MndtRltdInf/AmdmntInfDtls/OrgnlDbtrAgt/BrnchId/PstlAdr/Room,Room,Max70Text,0,1
pacs.003.001.12,/Document/FIToFICstmrDrctDbt/DrctDbtTxInf/DrctDbtTx/MndtRltdInf/AmdmntInfDtls/OrgnlDbtrAgt/BrnchId/PstlAdr/PstCd,PstCd,Max16Text,0,1
pacs.003.001.12,/Document/FIToFICstmrDrctDbt/DrctDbtTxInf/DrctDbtTx/MndtRltdInf/AmdmntInfDtls/OrgnlDbtrAgt/BrnchId/PstlAdr/TwnNm,TwnNm,Max140Text,0,1
pacs.003.001.12,/Document/FIToFICstmrDrctDbt/DrctDbtTxInf/DrctDbtTx/MndtRltdInf/AmdmntInfDtls/OrgnlDbtrAgt/BrnchId/PstlAdr/TwnLctnNm,TwnLctnNm,Max140Text,0,1
pacs.003.001.12,/Document/FIToFICstmrDrctDbt/DrctDbtTxInf/DrctDbtTx/MndtRltdInf/AmdmntInfDtls/OrgnlDbtrAgt/BrnchId/PstlAdr/DstrctNm,DstrctNm,Max140Text,0,1
pacs.003.001.12,/Document/FIToFICstmrDrctDbt/DrctDbtTxInf/DrctDbtTx/MndtRltdInf/AmdmntInfDtls/OrgnlDbtrAgt/BrnchId/PstlAdr/CtrySubDvsn,CtrySubDvsn,Max35Text,0,1
pacs.003.001.12,/Document/FIToFICstmrDrctDbt/DrctDbtTxInf/DrctDbtTx/MndtRltdInf/AmdmntInfDtls/OrgnlDbtrAgt/BrnchId/PstlAdr/Ctry,Ctry,CountryCode,0,1
pacs.003.001.12,/Document/FIToFICstmrDrctDbt/DrctDbtTxInf/DrctDbtTx/MndtRltdInf/AmdmntInfDtls/OrgnlDbtrAgt/BrnchId/PstlAdr/AdrLine,AdrLine,Max70Text,0,7
pacs.003.001.12,/Document/FIToFICstmrDrctDbt/DrctDbtTxInf/DrctDbtTx/MndtRltdInf/AmdmntInfDtls/OrgnlDbtrAgtAcct,OrgnlDbtrAgtAcct,CashAccount40,0,1
pacs.003.001.12,/Document/FIToFICstmrDrctDbt/DrctDbtTxInf/DrctDbtTx/MndtRltdInf/AmdmntInfDtls/OrgnlDbtrAgtAcct/Id,Id,AccountIdentification4Choice,0,1
pacs.003.001.12,/Document/FIToFICstmrDrctDbt/DrctDbtTxInf/DrctDbtTx/MndtRltdInf/AmdmntInfDtls/OrgnlDbtrAgtAcct/Id/IBAN,IBAN,IBAN2007Identifier,1,1
pacs.003.001.12,/Document/FIToFICstmrDrctDbt/DrctDbtTxInf/DrctDbtTx/MndtRltdInf/AmdmntInfDtls/OrgnlDbtrAgtAcct/Id/Othr,Othr,GenericAccountIdentification1,1,1
pacs.003.001.12,/Document/FIToFICstmrDrctDbt/DrctDbtTxInf/DrctDbtTx/MndtRltdInf/AmdmntInfDtls/OrgnlDbtrAgtAcct/Id/Othr/Id,Id,Max34Text,1,1
pacs.003.001.12,/Document/FIToFICstmrDrctDbt/DrctDbtTxInf/DrctDbtTx/MndtRltdInf/AmdmntInfDtls/OrgnlDbtrAgtAcct/Id/Othr/SchmeNm,SchmeNm,AccountSchemeName1Choice,0,1
pacs.003.001.12,/Document/FIToFICstmrDrctDbt/DrctDbtTxInf/DrctDbtTx/MndtRltdInf/AmdmntInfDtls/OrgnlDbtrAgtAcct/Id/Othr/SchmeNm/Cd,Cd,ExternalAccountIdentification1Code,1,1
pacs.003.001.12,/Document/FIToFICstmrDrctDbt/DrctDbtTxInf/DrctDbtTx/MndtRltdInf/AmdmntInfDtls/OrgnlDbtrAgtAcct/Id/Othr/SchmeNm/Prtry,Prtry,Max35Text,1,1
pacs.003.001.12,/Document/FIToFICstmrDrctDbt/DrctDbtTxInf/DrctDbtTx/MndtRltdInf/AmdmntInfDtls/OrgnlDbtrAgtAcct/Id/Othr/Issr,Issr,Max35Text,0,1
pacs.003.001.12,/Document/FIToFICstmrDrctDbt/DrctDbtTxInf/DrctDbtTx/MndtRltdInf/AmdmntInfDtls/OrgnlDbtrAgtAcct/Tp,Tp,CashAccountType2Choice,0,1
pacs.003.001.12,/Document/FIToFICstmrDrctDbt/DrctDbtTxInf/DrctDbtTx/MndtRltdInf/AmdmntInfDtls/OrgnlDbtrAgtAcct/Tp/Cd,Cd,ExternalCashAccountType1Code,1,1
pacs.003.001.12,/Document/FIToFICstmrDrctDbt/DrctDbtTxInf/DrctDbtTx/MndtRltdInf/AmdmntInfDtls/OrgnlDbtrAgtAcct/Tp/Prtry,Prtry,Max35Text,1,1
pacs.003.001.12,/Document/FIToFICstmrDrctDbt/DrctDbtTxInf/DrctDbtTx/MndtRltdInf/AmdmntInfDtls/OrgnlDbtrAgtAcct/Ccy,Ccy,ActiveOrHistoricCurrencyCode,0,1
pacs.003.001.12,/Document/FIToFICstmrDrctDbt/DrctDbtTxInf/DrctDbtTx/MndtRltdInf/AmdmntInfDtls/OrgnlDbtrAgtAcct/Nm,Nm,Max70Text,0,1
pacs.003.001.12,/Document/FIToFICstmrDrctDbt/DrctDbtTxInf/DrctDbtTx/MndtRltdInf/AmdmntInfDtls/OrgnlDbtrAgtAcct/Prxy,Prxy,ProxyAccountIdentification1,0,1
pacs.003.001.12,/Document/FIToFICstmrDrctDbt/DrctDbtTxInf/DrctDbtTx/MndtRltdInf/AmdmntInfDtls/OrgnlDbtrAgtAcct/Prxy/Tp,Tp,ProxyAccountType1Choice,0,1
pacs.003.001.12,/Document/FIToFICstmrDrctDbt/DrctDbtTxInf/DrctDbtTx/MndtRltdInf/AmdmntInfDtls/OrgnlDbtrAgtAcct/Prxy/Tp/Cd,Cd,ExternalProxyAccountType1Code,1,1
pacs.003.001.12,/Document/FIToFICstmrDrctDbt/DrctDbtTxInf/DrctDbtTx/MndtRltdInf/AmdmntInfDtls/OrgnlDbtrAgtAcct/Prxy/Tp/Prtry,Prtry,Max35Text,1,1
pacs.003.001.12,/Document/FIToFICstmrDrctDbt/DrctDbtTxInf/DrctDbtTx/MndtRltdInf/AmdmntInfDtls/OrgnlDbtrAgtAcct/Prxy/Id,Id,Max2048Text,1,1
pacs.003.001.12,/Document/FIToFICstmrDrctDbt/DrctDbtTxInf/DrctDbtTx/MndtRltdInf/AmdmntInfDtls/OrgnlFnlColltnDt,OrgnlFnlColltnDt,ISODate,0,1
pacs.003.001.12,/Document/FIToFICstmrDrctDbt/DrctDbtTxInf/DrctDbtTx/MndtRltdInf/AmdmntInfDtls/OrgnlFrqcy,OrgnlFrqcy,Frequency36Choice,0,1
pacs.003.001.12,/Document/FIToFICstmrDrctDbt/DrctDbtTxInf/DrctDbtTx/MndtRltdInf/AmdmntInfDtls/OrgnlFrqcy/Tp,Tp,Frequency6Code,1,1
pacs.003.001.12,/Document/FIToFICstmrDrctDbt/DrctDbtTxInf/DrctDbtTx/MndtRltdInf/AmdmntInfDtls/OrgnlFrqcy/Prd,Prd,FrequencyPeriod1,1,1
pacs.003.001.12,/Document/FIToFICstmrDrctDbt/DrctDbtTxInf/DrctDbtTx/MndtRltdInf/AmdmntInfDtls/OrgnlFrqcy/Prd/Tp,Tp,Frequency6Code,1,1
pacs.003.001.12,/Document/FIToFICstmrDrctDbt/DrctDbtTxInf/DrctDbtTx/MndtRltdInf/AmdmntInfDtls/OrgnlFrqcy/Prd/CntPerPrd,CntPerPrd,DecimalNumber,1,1
pacs.003.001.12,/Document/FIToFICstmrDrctDbt/DrctDbtTxInf/DrctDbtTx/MndtRltdInf/AmdmntInfDtls/OrgnlFrqcy/PtInTm,PtInTm,FrequencyAndMoment1,1,1
pacs.003.001.12,/Document/FIToFICstmrDrctDbt/DrctDbtTxInf/DrctDbtTx/MndtRltdInf/AmdmntInfDtls/OrgnlFrqcy/PtInTm/Tp,Tp,Frequency6Code,1,1
pacs.003.001.12,/Document/FIToFICstmrDrctDbt/DrctDbtTxInf/DrctDbtTx/MndtRltdInf/AmdmntInfDtls/OrgnlFrqcy/PtInTm/PtInTm,PtInTm,Exact2NumericText,1,1
pacs.003.001.12,/Document/FIToFICstmrDrctDbt/DrctDbtTxInf/DrctDbtTx/MndtRltdInf/AmdmntInfDtls/OrgnlRsn,OrgnlRsn,MandateSetupReason1Choice,0,1
pacs.003.001.12,/Document/FIToFICstmrDrctDbt/DrctDbtTxInf/DrctDbtTx/MndtRltdInf/AmdmntInfDtls/OrgnlRsn/Cd,Cd,ExternalMandateSetupReason1Code,1,1
pacs.003.001.12,/Document/FIToFICstmrDrctDbt/DrctDbtTxInf/DrctDbtTx/MndtRltdInf/AmdmntInfDtls/OrgnlRsn/Prtry,Prtry,Max70Text,1,1
pacs.003.001.12,/Document/FIToFICstmrDrctDbt/DrctDbtTxInf/DrctDbtTx/MndtRltdInf/AmdmntInfDtls/OrgnlTrckgDays,OrgnlTrckgDays,Exact2NumericText,0,1
pacs.003.001.12,/Document/FIToFICstmrDrctDbt/DrctDbtTxInf/DrctDbtTx/MndtRltdInf/ElctrncSgntr,ElctrncSgntr,Max1025Text,0,1
pacs.003.001.12,/Document/FIToFICstmrDrctDbt/DrctDbtTxInf/DrctDbtTx/MndtRltdInf/FrstColltnDt,FrstColltnDt,ISODate,0,1
pacs.003.001.12,/Document/FIToFICstmrDrctDbt/DrctDbtTxInf/DrctDbtTx/MndtRltdInf/FnlColltnDt,FnlColltnDt,ISODate,0,1
pacs.003.001.12,/Document/FIToFICstmrDrctDbt/DrctDbtTxInf/DrctDbtTx/MndtRltdInf/Frqcy,Frqcy,Frequency36Choice,0,1
pacs.003.001.12,/Document/FIToFICstmrDrctDbt/DrctDbtTxInf/DrctDbtTx/MndtRltdInf/Frqcy/Tp,Tp,Frequency6Code,1,1
pacs.003.001.12,/Document/FIToFICstmrDrctDbt/DrctDbtTxInf/DrctDbtTx/MndtRltdInf/Frqcy/Prd,Prd,FrequencyPeriod1,1,1
pacs.003.001.12,/Document/FIToFICstmrDrctDbt/DrctDbtTxInf/DrctDbtTx/MndtRltdInf/Frqcy/Prd/Tp,Tp,Frequency6Code,1,1
pacs.003.001.12,/Document/FIToFICstmrDrctDbt/DrctDbtTxInf/DrctDbtTx/MndtRltdInf/Frqcy/Prd/CntPerPrd,CntPerPrd,DecimalNumber,1,1
pacs.003.001.12,/Document/FIToFICstmrDrctDbt/DrctDbtTxInf/DrctDbtTx/MndtRltdInf/Frqcy/PtInTm,PtInTm,FrequencyAndMoment1,1,1
pacs.003.001.12,/Document/FIToFICstmrDrctDbt/DrctDbtTxInf/DrctDbtTx/MndtRltdInf/Frqcy/PtInTm/Tp,Tp,Frequency6Code,1,1
pacs.003.001.12,/Document/FIToFICstmrDrctDbt/DrctDbtTxInf/DrctDbtTx/MndtRltdInf/Frqcy/PtInTm/PtInTm,PtInTm,Exact2NumericText,1,1
pacs.003.001.12,/Document/FIToFICstmrDrctDbt/DrctDbtTxInf/DrctDbtTx/MndtRltdInf/Rsn,Rsn,MandateSetupReason1Choice,0,1
pacs.003.001.12,/Document/FIToFICstmrDrctDbt/DrctDbtTxInf/DrctDbtTx/MndtRltdInf/Rsn/Cd,Cd,ExternalMandateSetupReason1Code,1,1
pacs.003.001.12,/Document/FIToFICstmrDrctDbt/DrctDbtTxInf/DrctDbtTx/MndtRltdInf/Rsn/Prtry,Prtry,Max70Text,1,1
pacs.003.001.12,/Document/FIToFICstmrDrctDbt/DrctDbtTxInf/DrctDbtTx/MndtRltdInf/TrckgDays,TrckgDays,Exact2NumericText,0,1
pacs.003.001.12,/Document/FIToFICstmrDrctDbt/DrctDbtTxInf/DrctDbtTx/CdtrSchmeId,CdtrSchmeId,PartyIdentification272,0,1
pacs.003.001.12,/Document/FIToFICstmrDrctDbt/DrctDbtTxInf/DrctDbtTx/CdtrSchmeId/Nm,Nm,Max140Text,0,1
pacs.003.001.12,/Document/FIToFICstmrDrctDbt/DrctDbtTxInf/DrctDbtTx/CdtrSchmeId/PstlAdr,PstlAdr,PostalAddress27,0,1
pacs.003.001.12,/Document/FIToFICstmrDrctDbt/DrctDbtTxInf/DrctDbtTx/CdtrSchmeId/PstlAdr/AdrTp,AdrTp,AddressType3Choice,0,1
pacs.003.001.12,/Document/FIToFICstmrDrctDbt/DrctDbtTxInf/DrctDbtTx/CdtrSchmeId/PstlAdr/AdrTp/Cd,Cd,AddressType2Code,1,1
pacs.003.001.12,/Document/FIToFICstmrDrctDbt/DrctDbtTxInf/DrctDbtTx/CdtrSchmeId/PstlAdr/AdrTp/Prtry,Prtry,GenericIdentification30,1,1
pacs.003.001.12,/Document/FIToFICstmrDrctDbt/DrctDbtTxInf/DrctDbtTx/CdtrSchmeId/PstlAdr/AdrTp/Prtry/Id,Id,Exact4AlphaNumericText,1,1
pacs.003.001.12,/Document/FIToFICstmrDrctDbt/DrctDbtTxInf/DrctDbtTx/CdtrSchmeId/PstlAdr/AdrTp/Prtry/Issr,Issr,Max35Text,1,1
pacs.003.001.12,/Document/FIToFICstmrDrctDbt/DrctDbtTxInf/DrctDbtTx/CdtrSchmeId/PstlAdr/AdrTp/Prtry/SchmeNm,SchmeNm,Max35Text,0,1
pacs.003.001.12,/Document/FIToFICstmrDrctDbt/DrctDbtTxInf/DrctDbtTx/CdtrSchmeId/PstlAdr/CareOf,CareOf,Max140Text,0,1
pacs.003.001.12,/Document/FIToFICstmrDrctDbt/DrctDbtTxInf/DrctDbtTx/CdtrSchmeId/PstlAdr/Dept,Dept,Max70Text,0,1
pacs.003.001.12,/Document/FIToFICstmrDrctDbt/DrctDbtTxInf/DrctDbtTx/CdtrSchmeId/PstlAdr/SubDept,SubDept,Max70Text,0,1
pacs.003.001.12,/Document/FIToFICstmrDrctDbt/DrctDbtTxInf/DrctDbtTx/CdtrSchmeId/PstlAdr/StrtNm,StrtNm,Max140Text,0,1
pacs.003.001.12,/Document/FIToFICstmrDrctDbt/DrctDbtTxInf/DrctDbtTx/CdtrSchmeId/PstlAdr/BldgNb,BldgNb,Max16Text,0,1
pacs.003.001.12,/Document/FIToFICstmrDrctDbt/DrctDbtTxInf/DrctDbtTx/CdtrSchmeId/PstlAdr/BldgNm,BldgNm,Max140Text,0,1
pacs.003.001.12,/Document/FIToFICstmrDrctDbt/DrctDbtTxInf/DrctDbtTx/CdtrSchmeId/PstlAdr/Flr,Flr,Max70Text,0,1
pacs.003.001.12,/Document/FIToFICstmrDrctDbt/DrctDbtTxInf/DrctDbtTx/CdtrSchmeId/PstlAdr/UnitNb,UnitNb,Max16Text,0,1
pacs.003.001.12,/Document/FIToFICstmrDrctDbt/DrctDbtTxInf/DrctDbtTx/CdtrSchmeId/PstlAdr/PstBx,PstBx,Max16Text,0,1
pacs.003.001.12,/Document/FIToFICstmrDrctDbt/DrctDbtTxInf/DrctDbtTx/CdtrSchmeId/PstlAdr/Room,Room,Max70Text,0,1
pacs.003.001.12,/Document/FIToFICstmrDrctDbt/DrctDbtTxInf/DrctDbtTx/CdtrSchmeId/PstlAdr/PstCd,PstCd,Max16Text,0,1
pacs.003.001.12,/Document/FIToFICstmrDrctDbt/DrctDbtTxInf/DrctDbtTx/CdtrSchmeId/PstlAdr/TwnNm,TwnNm,Max140Text,0,1
pacs.003.001.12,/Document/FIToFICstmrDrctDbt/DrctDbtTxInf/DrctDbtTx/CdtrSchmeId/PstlAdr/TwnLctnNm,TwnLctnNm,Max140Text,0,1
pacs.003.001.12,/Document/FIToFICstmrDrctDbt/DrctDbtTxInf/DrctDbtTx/CdtrSchmeId/PstlAdr/DstrctNm,DstrctNm,Max140Text,0,1
pacs.003.001.12,/Document/FIToFICstmrDrctDbt/DrctDbtTxInf/DrctDbtTx/CdtrSchmeId/PstlAdr/CtrySubDvsn,CtrySubDvsn,Max35Text,0,1
pacs.003.001.12,/Document/FIToFICstmrDrctDbt/DrctDbtTxInf/DrctDbtTx/CdtrSchmeId/PstlAdr/Ctry,Ctry,CountryCode,0,1
pacs.003.001.12,/Document/FIToFICstmrDrctDbt/DrctDbtTxInf/DrctDbtTx/CdtrSchmeId/PstlAdr/AdrLine,AdrLine,Max70Text,0,7
pacs.003.001.12,/Document/FIToFICstmrDrctDbt/DrctDbtTxInf/DrctDbtTx/CdtrSchmeId/Id,Id,Party52Choice,0,1
pacs.003.001.12,/Document/FIToFICstmrDrctDbt/DrctDbtTxInf/DrctDbtTx/CdtrSchmeId/Id/OrgId,OrgId,OrganisationIdentification39,1,1
pacs.003.001.12,/Document/FIToFICstmrDrctDbt/DrctDbtTxInf/DrctDbtTx/CdtrSchmeId/Id/OrgId/AnyBIC,AnyBIC,AnyBICDec2014Identifier,0,1
pacs.003.001.12,/Document/FIToFICstmrDrctDbt/DrctDbtTxInf/DrctDbtTx/CdtrSchmeId/Id/OrgId/LEI,LEI,LEIIdentifier,0,1
pacs.003.001.12,/Document/FIToFICstmrDrctDbt/DrctDbtTxInf/DrctDbtTx/CdtrSchmeId/Id/OrgId/Othr,Othr,GenericOrganisationIdentification3,0,
pacs.003.001.12,/Document/FIToFICstmrDrctDbt/DrctDbtTxInf/DrctDbtTx/CdtrSchmeId/Id/OrgId/Othr/Id,Id,Max256Text,1,1
pacs.003.001.12,/Document/FIToFICstmrDrctDbt/DrctDbtTxInf/DrctDbtTx/CdtrSchmeId/Id/OrgId/Othr/SchmeNm,SchmeNm,OrganisationIdentificationSchemeName1Choice,0,1
pacs.003.001.12,/Document/FIToFICstmrDrctDbt/DrctDbtTxInf/DrctDbtTx/CdtrSchmeId/Id/OrgId/Othr/SchmeNm/Cd,Cd,ExternalOrganisationIdentification1Code,1,1
pacs.003.001.12,/Document/FIToFICstmrDrctDbt/DrctDbtTxInf/DrctDbtTx/CdtrSchmeId/Id/OrgId/Othr/SchmeNm/Prtry,Prtry,Max35Text,1,1
pacs.003.001.12,/Document/FIToFICstmrDrctDbt/DrctDbtTxInf/DrctDbtTx/CdtrSchmeId/Id/OrgId/Othr/Issr,Issr,Max35Text,0,1
pacs.003.001.12,/Document/FIToFICstmrDrctDbt/DrctDbtTxInf/DrctDbtTx/CdtrSchmeId/Id/PrvtId,PrvtId,PersonIdentification18,1,1
pacs.003.001.12,/Document/FIToFICstmrDrctDbt/DrctDbtTxInf/DrctDbtTx/CdtrSchmeId/Id/PrvtId/DtAndPlcOfBirth,DtAndPlcOfBirth,DateAndPlaceOfBirth1,0,1
pacs.003.001.12,/Document/FIToFICstmrDrctDbt/DrctDbtTxInf/DrctDbtTx/CdtrSchmeId/Id/PrvtId/DtAndPlcOfBirth/BirthDt,BirthDt,ISODate,1,1
pacs.003.001.12,/Document/FIToFICstmrDrctDbt/DrctDbtTxInf/DrctDbtTx/CdtrSchmeId/Id/PrvtId/DtAndPlcOfBirth/PrvcOfBirth,PrvcOfBirth,Max35Text,0,1
pacs.003.001.12,/Document/FIToFICstmrDrctDbt/DrctDbtTxInf/DrctDbtTx/CdtrSchmeId/Id/PrvtId/DtAndPlcOfBirth/CityOfBirth,CityOfBirth,Max35Text,1,1
pacs.003.001.12,/Document/FIToFICstmrDrctDbt/DrctDbtTxInf/DrctDbtTx/CdtrSchmeId/Id/PrvtId/DtAndPlcOfBirth/CtryOfBirth,CtryOfBirth,CountryCode,1,1
pacs.003.001.12,/Document/FIToFICstmrDrctDbt/DrctDbtTxInf/DrctDbtTx/CdtrSchmeId/Id/PrvtId/Othr,Othr,GenericPersonIdentification2,0,
pacs.003.001.12,/Document/FIToFICstmrDrctDbt/DrctDbtTxInf/DrctDbtTx/CdtrSchmeId/Id/PrvtId/Othr/Id,Id,Max256Text,1,1
pacs.003.001.12,/Document/FIToFICstmrDrctDbt/DrctDbtTxInf/DrctDbtTx/CdtrSchmeId/Id/PrvtId/Othr/SchmeNm,SchmeNm,PersonIdentificationSchemeName1Choice,0,1
pacs.003.001.12,/Document/FIToFICstmrDrctDbt/DrctDbtTxInf/DrctDbtTx/CdtrSchmeId/Id/PrvtId/Othr/SchmeNm/Cd,Cd,ExternalPersonIdentification1Code,1,1
pacs.003.001.12,/Document/FIToFICstmrDrctDbt/DrctDbtTxInf/DrctDbtTx/CdtrSchmeId/Id/PrvtId/Othr/SchmeNm/Prtry,Prtry,Max35Text,1,1
pacs.003.001.12,/Document/FIToFICstmrDrctDbt/DrctDbtTxInf/DrctDbtTx/CdtrSchmeId/Id/PrvtId/Othr/Issr,Issr,Max35Text,0,1
pacs.003.001.12,/Document/FIToFICstmrDrctDbt/DrctDbtTxInf/DrctDbtTx/CdtrSchmeId/CtryOfRes,CtryOfRes,CountryCode,0,1
pacs.003.001.12,/Document/FIToFICstmrDrctDbt/DrctDbtTxInf/DrctDbtTx/CdtrSchmeId/CtctDtls,CtctDtls,Contact13,0,1
pacs.003.001.12,/Document/FIToFICstmrDrctDbt/DrctDbtTxInf/DrctDbtTx/CdtrSchmeId/CtctDtls/NmPrfx,NmPrfx,NamePrefix2Code,0,1
pacs.003.001.12,/Document/FIToFICstmrDrctDbt/DrctDbtTxInf/DrctDbtTx/CdtrSchmeId/CtctDtls/Nm,Nm,Max140Text,0,1
pacs.003.001.12,/Document/FIToFICstmrDrctDbt/DrctDbtTxInf/DrctDbtTx/CdtrSchmeId/CtctDtls/PhneNb,PhneNb,PhoneNumber,0,1
pacs.003.001.12,/Document/FIToFICstmrDrctDbt/DrctDbtTxInf/DrctDbtTx/CdtrSchmeId/CtctDtls/MobNb,MobNb,PhoneNumber,0,1
pacs.003.001.12,/Document/FIToFICstmrDrctDbt/DrctDbtTxInf/DrctDbtTx/CdtrSchmeId/CtctDtls/FaxNb,FaxNb,PhoneNumber,0,1
pacs.003.001.12,/Document/FIToFICstmrDrctDbt/DrctDbtTxInf/DrctDbtTx/CdtrSchmeId/CtctDtls/URLAdr,URLAdr,Max2048Text,0,1
pacs.003.001.12,/Document/FIToFICstmrDrctDbt/DrctDbtTxInf/DrctDbtTx/CdtrSchmeId/CtctDtls/EmailAdr,EmailAdr,Max256Text,0,1
pacs.003.001.12,/Document/FIToFICstmrDrctDbt/DrctDbtTxInf/DrctDbtTx/CdtrSchmeId/CtctDtls/EmailPurp,EmailPurp,Max35Text,0,1
pacs.003.001.12,/Document/FIToFICstmrDrctDbt/DrctDbtTxInf/DrctDbtTx/CdtrSchmeId/CtctDtls/JobTitl,JobTitl,Max35Text,0,1
pacs.003.001.12,/Document/FIToFICstmrDrctDbt/DrctDbtTxInf/DrctDbtTx/CdtrSchmeId/CtctDtls/Rspnsblty,Rspnsblty,Max35Text,0,1
pacs.003.001.12,/Document/FIToFICstmrDrctDbt/DrctDbtTxInf/DrctDbtTx/CdtrSchmeId/CtctDtls/Dept,Dept,Max70Text,0,1
pacs.003.001.12,/Document/FIToFICstmrDrctDbt/DrctDbtTxInf/DrctDbtTx/CdtrSchmeId/CtctDtls/Othr,Othr,OtherContact1,0,
pacs.003.001.12,/Document/FIToFICstmrDrctDbt/DrctDbtTxInf/DrctDbtTx/CdtrSchmeId/CtctDtls/Othr/ChanlTp,ChanlTp,Max4Text,1,1
pacs.003.001.12,/Document/FIToFICstmrDrctDbt/DrctDbtTxInf/DrctDbtTx/CdtrSchmeId/CtctDtls/Othr/Id,Id,Max128Text,0,1
pacs.003.001.12,/Document/FIToFICstmrDrctDbt/DrctDbtTxInf/DrctDbtTx/CdtrSchmeId/CtctDtls/PrefrdMtd,PrefrdMtd,PreferredContactMethod2Code,0,1
pacs.003.001.12,/Document/FIToFICstmrDrctDbt/DrctDbtTxInf/DrctDbtTx/PreNtfctnId,PreNtfctnId,Max35Text,0,1
pacs.003.001.12,/Document/FIToFICstmrDrctDbt/DrctDbtTxInf/DrctDbtTx/PreNtfctnDt,PreNtfctnDt,ISODate,0,1
pacs.003.001.12,/Document/FIToFICstmrDrctDbt/DrctDbtTxInf/Cdtr,Cdtr,PartyIdentification272,1,1
pacs.003.001.12,/Document/FIToFICstmrDrctDbt/DrctDbtTxInf/Cdtr/Nm,Nm,Max140Text,0,1
pacs.003.001.12,/Document/FIToFICstmrDrctDbt/DrctDbtTxInf/Cdtr/PstlAdr,PstlAdr,PostalAddress27,0,1
pacs.003.001.12,/Document/FIToFICstmrDrctDbt/DrctDbtTxInf/Cdtr/PstlAdr/AdrTp,AdrTp,AddressType3Choice,0,1
pacs.003.001.12,/Document/FIToFICstmrDrctDbt/DrctDbtTxInf/Cdtr/PstlAdr/AdrTp/Cd,Cd,AddressType2Code,1,1
pacs.003.001.12,/Document/FIToFICstmrDrctDbt/DrctDbtTxInf/Cdtr/PstlAdr/AdrTp/Prtry,Prtry,GenericIdentification30,1,1
pacs.003.001.12,/Document/FIToFICstmrDrctDbt/DrctDbtTxInf/Cdtr/PstlAdr/AdrTp/Prtry/Id,Id,Exact4AlphaNumericText,1,1
pacs.003.001.12,/Document/FIToFICstmrDrctDbt/DrctDbtTxInf/Cdtr/PstlAdr/AdrTp/Prtry/Issr,Issr,Max35Text,1,1
pacs.003.001.12,/Document/FIToFICstmrDrctDbt/DrctDbtTxInf/Cdtr/PstlAdr/AdrTp/Prtry/SchmeNm,SchmeNm,Max35Text,0,1
pacs.003.001.12,/Document/FIToFICstmrDrctDbt/DrctDbtTxInf/Cdtr/PstlAdr/CareOf,CareOf,Max140Text,0,1
pacs.003.001.12,/Document/FIToFICstmrDrctDbt/DrctDbtTxInf/Cdtr/PstlAdr/Dept,Dept,Max70Text,0,1
pacs.003.001.12,/Document/FIToFICstmrDrctDbt/DrctDbtTxInf/Cdtr/PstlAdr/SubDept,SubDept,Max70Text,0,1
pacs.003.001.12,/Document/FIToFICstmrDrctDbt/DrctDbtTxInf/Cdtr/PstlAdr/StrtNm,StrtNm,Max140Text,0,1
pacs.003.001.12,/Document/FIToFICstmrDrctDbt/DrctDbtTxInf/Cdtr/PstlAdr/BldgNb,BldgNb,Max16Text,0,1
pacs.003.001.12,/Document/FIToFICstmrDrctDbt/DrctDbtTxInf/Cdtr/PstlAdr/BldgNm,BldgNm,Max140Text,0,1
pacs.003.001.12,/Document/FIToFICstmrDrctDbt/DrctDbtTxInf/Cdtr/PstlAdr/Flr,Flr,Max70Text,0,1
pacs.003.001.12,/Document/FIToFICstmrDrctDbt/DrctDbtTxInf/Cdtr/PstlAdr/UnitNb,UnitNb,Max16Text,0,1
pacs.003.001.12,/Document/FIToFICstmrDrctDbt/DrctDbtTxInf/Cdtr/PstlAdr/PstBx,PstBx,Max16Text,0,1
pacs.003.001.12,/Document/FIToFICstmrDrctDbt/DrctDbtTxInf/Cdtr/PstlAdr/Room,Room,Max70Text,0,1
pacs.003.001.12,/Document/FIToFICstmrDrctDbt/DrctDbtTxInf/Cdtr/PstlAdr/PstCd,PstCd,Max16Text,0,1
pacs.003.001.12,/Document/FIToFICstmrDrctDbt/DrctDbtTxInf/Cdtr/PstlAdr/TwnNm,TwnNm,Max140Text,0,1
pacs.003.001.12,/Document/FIToFICstmrDrctDbt/DrctDbtTxInf/Cdtr/PstlAdr/TwnLctnNm,TwnLctnNm,Max140Text,0,1
pacs.003.001.12,/Document/FIToFICstmrDrctDbt/DrctDbtTxInf/Cdtr/PstlAdr/DstrctNm,DstrctNm,Max140Text,0,1
pacs.003.001.12,/Document/FIToFICstmrDrctDbt/DrctDbtTxInf/Cdtr/PstlAdr/CtrySubDvsn,CtrySubDvsn,Max35Text,0,1
pacs.003.001.12,/Document/FIToFICstmrDrctDbt/DrctDbtTxInf/Cdtr/PstlAdr/Ctry,Ctry,CountryCode,0,1
pacs.003.001.12,/Document/FIToFICstmrDrctDbt/DrctDbtTxInf/Cdtr/PstlAdr/AdrLine,AdrLine,Max70Text,0,7
pacs.003.001.12,/Document/FIToFICstmrDrctDbt/DrctDbtTxInf/Cdtr/Id,Id,Party52Choice,0,1
pacs.003.001.12,/Document/FIToFICstmrDrctDbt/DrctDbtTxInf/Cdtr/Id/OrgId,OrgId,OrganisationIdentification39,1,1
pacs.003.001.12,/Document/FIToFICstmrDrctDbt/DrctDbtTxInf/Cdtr/Id/OrgId/AnyBIC,AnyBIC,AnyBICDec2014Identifier,0,1
pacs.003.001.12,/Document/FIToFICstmrDrctDbt/DrctDbtTxInf/Cdtr/Id/OrgId/LEI,LEI,LEIIdentifier,0,1
pacs.003.001.12,/Document/FIToFICstmrDrctDbt/DrctDbtTxInf/Cdtr/Id/OrgId/Othr,Othr,GenericOrganisationIdentification3,0,
pacs.003.001.12,/Document/FIToFICstmrDrctDbt/DrctDbtTxInf/Cdtr/Id/OrgId/Othr/Id,Id,Max256Text,1,1
pacs.003.001.12,/Document/FIToFICstmrDrctDbt/DrctDbtTxInf/Cdtr/Id/OrgId/Othr/SchmeNm,SchmeNm,OrganisationIdentificationSchemeName1Choice,0,1
pacs.003.001.12,/Document/FIToFICstmrDrctDbt/DrctDbtTxInf/Cdtr/Id/OrgId/Othr/SchmeNm/Cd,Cd,ExternalOrganisationIdentification1Code,1,1
pacs.003.001.12,/Document/FIToFICstmrDrctDbt/DrctDbtTxInf/Cdtr/Id/OrgId/Othr/SchmeNm/Prtry,Prtry,Max35Text,1,1
pacs.003.001.12,/Document/FIToFICstmrDrctDbt/DrctDbtTxInf/Cdtr/Id/OrgId/Othr/Issr,Issr,Max35Text,0,1
pacs.003.001.12,/Document/FIToFICstmrDrctDbt/DrctDbtTxInf/Cdtr/Id/PrvtId,PrvtId,PersonIdentification18,1,1
pacs.003.001.12,/Document/FIToFICstmrDrctDbt/DrctDbtTxInf/Cdtr/Id/PrvtId/DtAndPlcOfBirth,DtAndPlcOfBirth,DateAndPlaceOfBirth1,0,1
pacs.003.001.12,/Document/FIToFICstmrDrctDbt/DrctDbtTxInf/Cdtr/Id/PrvtId/DtAndPlcOfBirth/BirthDt,BirthDt,ISODate,1,1
pacs.003.001.12,/Document/FIToFICstmrDrctDbt/DrctDbtTxInf/Cdtr/Id/PrvtId/DtAndPlcOfBirth/PrvcOfBirth,PrvcOfBirth,Max35Text,0,1
pacs.003.001.12,/Document/FIToFICstmrDrctDbt/DrctDbtTxInf/Cdtr/Id/PrvtId/DtAndPlcOfBirth/CityOfBirth,CityOfBirth,Max35Text,1,1
pacs.003.001.12,/Document/FIToFICstmrDrctDbt/DrctDbtTxInf/Cdtr/Id/PrvtId/DtAndPlcOfBirth/CtryOfBirth,CtryOfBirth,CountryCode,1,1
pacs.003.001.12,/Document/FIToFICstmrDrctDbt/DrctDbtTxInf/Cdtr/Id/PrvtId/Othr,Othr,GenericPersonIdentification2,0,
pacs.003.001.12,/Document/FIToFICstmrDrctDbt/DrctDbtTxInf/Cdtr/Id/PrvtId/Othr/Id,Id,Max256Text,1,1
pacs.003.001.12,/Document/FIToFICstmrDrctDbt/DrctDbtTxInf/Cdtr/Id/PrvtId/Othr/SchmeNm,SchmeNm,PersonIdentificationSchemeName1Choice,0,1
pacs.003.001.12,/Document/FIToFICstmrDrctDbt/DrctDbtTxInf/Cdtr/Id/PrvtId/Othr/SchmeNm/Cd,Cd,ExternalPersonIdentification1Code,1,1
pacs.003.001.12,/Document/FIToFICstmrDrctDbt/DrctDbtTxInf/Cdtr/Id/PrvtId/Othr/SchmeNm/Prtry,Prtry,Max35Text,1,1
pacs.003.001.12,/Document/FIToFICstmrDrctDbt/DrctDbtTxInf/Cdtr/Id/PrvtId/Othr/Issr,Issr,Max35Text,0,1
pacs.003.001.12,/Document/FIToFICstmrDrctDbt/DrctDbtTxInf/Cdtr/CtryOfRes,CtryOfRes,CountryCode,0,1
pacs.003.001.12,/Document/FIToFICstmrDrctDbt/DrctDbtTxInf/Cdtr/CtctDtls,CtctDtls,Contact13,0,1
pacs.003.001.12,/Document/FIToFICstmrDrctDbt/DrctDbtTxInf/Cdtr/CtctDtls/NmPrfx,NmPrfx,NamePrefix2Code,0,1
pacs.003.001.12,/Document/FIToFICstmrDrctDbt/DrctDbtTxInf/Cdtr/CtctDtls/Nm,Nm,Max140Text,0,1
pacs.003.001.12,/Document/FIToFICstmrDrctDbt/DrctDbtTxInf/Cdtr/CtctDtls/PhneNb,PhneNb,PhoneNumber,0,1
pacs.003.001.12,/Document/FIToFICstmrDrctDbt/DrctDbtTxInf/Cdtr/CtctDtls/MobNb,MobNb,PhoneNumber,0,1
pacs.003.001.12,/Document/FIToFICstmrDrctDbt/DrctDbtTxInf/Cdtr/CtctDtls/FaxNb,FaxNb,PhoneNumber,0,1
pacs.003.001.12,/Document/FIToFICstmrDrctDbt/DrctDbtTxInf/Cdtr/CtctDtls/URLAdr,URLAdr,Max2048Text,0,1
pacs.003.001.12,/Document/FIToFICstmrDrctDbt/DrctDbtTxInf/Cdtr/CtctDtls/EmailAdr,EmailAdr,Max256Text,0,1
pacs.003.001.12,/Document/FIToFICstmrDrctDbt/DrctDbtTxInf/Cdtr/CtctDtls/EmailPurp,EmailPurp,Max35Text,0,1
pacs.003.001.12,/Document/FIToFICstmrDrctDbt/DrctDbtTxInf/Cdtr/CtctDtls/JobTitl,JobTitl,Max35Text,0,1
pacs.003.001.12,/Document/FIToFICstmrDrctDbt/DrctDbtTxInf/Cdtr/CtctDtls/Rspnsblty,Rspnsblty,Max35Text,0,1
pacs.003.001.12,/Document/FIToFICstmrDrctDbt/DrctDbtTxInf/Cdtr/CtctDtls/Dept,Dept,Max70Text,0,1
pacs.003.001.12,/Document/FIToFICstmrDrctDbt/DrctDbtTxInf/Cdtr/CtctDtls/Othr,Othr,OtherContact1,0,
pacs.003.001.12,/Document/FIToFICstmrDrctDbt/DrctDbtTxInf/Cdtr/CtctDtls/Othr/ChanlTp,ChanlTp,Max4Text,1,1
pacs.003.001.12,/Document/FIToFICstmrDrctDbt/DrctDbtTxInf/Cdtr/CtctDtls/Othr/Id,Id,Max128Text,0,1
pacs.003.001.12,/Document/FIToFICstmrDrctDbt/DrctDbtTxInf/Cdtr/CtctDtls/PrefrdMtd,PrefrdMtd,PreferredContactMethod2Code,0,1
pacs.003.001.12,/Document/FIToFICstmrDrctDbt/DrctDbtTxInf/CdtrAcct,CdtrAcct,CashAccount40,0,1
pacs.003.001.12,/Document/FIToFICstmrDrctDbt/DrctDbtTxInf/CdtrAcct/Id,Id,AccountIdentification4Choice,0,1
pacs.003.001.12,/Document/FIToFICstmrDrctDbt/DrctDbtTxInf/CdtrAcct/Id/IBAN,IBAN,IBAN2007Identifier,1,1
pacs.003.001.12,/Document/FIToFICstmrDrctDbt/DrctDbtTxInf/CdtrAcct/Id/Othr,Othr,GenericAccountIdentification1,1,1
pacs.003.001.12,/Document/FIToFICstmrDrctDbt/DrctDbtTxInf/CdtrAcct/Id/Othr/Id,Id,Max34Text,1,1
pacs.003.001.12,/Document/FIToFICstmrDrctDbt/DrctDbtTxInf/CdtrAcct/Id/Othr/SchmeNm,SchmeNm,AccountSchemeName1Choice,0,1
pacs.003.001.12,/Document/FIToFICstmrDrctDbt/DrctDbtTxInf/CdtrAcct/Id/Othr/SchmeNm/Cd,Cd,ExternalAccountIdentification1Code,1,1
pacs.003.001.12,/Document/FIToFICstmrDrctDbt/DrctDbtTxInf/CdtrAcct/Id/Othr/SchmeNm/Prtry,Prtry,Max35Text,1,1
pacs.003.001.12,/Document/FIToFICstmrDrctDbt/DrctDbtTxInf/CdtrAcct/Id/Othr/Issr,Issr,Max35Text,0,1
pacs.003.001.12,/Document/FIToFICstmrDrctDbt/DrctDbtTxInf/CdtrAcct/Tp,Tp,CashAccountType2Choice,0,1
pacs.003.001.12,/Document/FIToFICstmrDrctDbt/DrctDbtTxInf/CdtrAcct/Tp/Cd,Cd,ExternalCashAccountType1Code,1,1
pacs.003.001.12,/Document/FIToFICstmrDrctDbt/DrctDbtTxInf/CdtrAcct/Tp/Prtry,Prtry,Max35Text,1,1
pacs.003.001.12,/Document/FIToFICstmrDrctDbt/DrctDbtTxInf/CdtrAcct/Ccy,Ccy,ActiveOrHistoricCurrencyCode,0,1
pacs.003.001.12,/Document/FIToFICstmrDrctDbt/DrctDbtTxInf/CdtrAcct/Nm,Nm,Max70Text,0,1
pacs.003.001.12,/Document/FIToFICstmrDrctDbt/DrctDbtTxInf/CdtrAcct/Prxy,Prxy,ProxyAccountIdentification1,0,1
pacs.003.001.12,/Document/FIToFICstmrDrctDbt/DrctDbtTxInf/CdtrAcct/Prxy/Tp,Tp,ProxyAccountType1Choice,0,1
pacs.003.001.12,/Document/FIToFICstmrDrctDbt/DrctDbtTxInf/CdtrAcct/Prxy/Tp/Cd,Cd,ExternalProxyAccountType1Code,1,1
pacs.003.001.12,/Document/FIToFICstmrDrctDbt/DrctDbtTxInf/CdtrAcct/Prxy/Tp/Prtry,Prtry,Max35Text,1,1
pacs.003.001.12,/Document/FIToFICstmrDrctDbt/DrctDbtTxInf/CdtrAcct/Prxy/Id,Id,Max2048Text,1,1
pacs.003.001.12,/Document/FIToFICstmrDrctDbt/DrctDbtTxInf/CdtrAgt,CdtrAgt,BranchAndFinancialInstitutionIdentification8,1,1
pacs.003.001.12,/Document/FIToFICstmrDrctDbt/DrctDbtTxInf/CdtrAgt/FinInstnId,FinInstnId,FinancialInstitutionIdentification23,1,1
pacs.003.001.12,/Document/FIToFICstmrDrctDbt/DrctDbtTxInf/CdtrAgt/FinInstnId/BICFI,BICFI,BICFIDec2014Identifier,0,1
pacs.003.001.12,/Document/FIToFICstmrDrctDbt/DrctDbtTxInf/CdtrAgt/FinInstnId/ClrSysMmbId,ClrSysMmbId,ClearingSystemMemberIdentification2,0,1
pacs.003.001.12,/Document/FIToFICstmrDrctDbt/DrctDbtTxInf/CdtrAgt/FinInstnId/ClrSysMmbId/ClrSysId,ClrSysId,ClearingSystemIdentification2Choice,0,1
pacs.003.001.12,/Document/FIToFICstmrDrctDbt/DrctDbtTxInf/CdtrAgt/FinInstnId/ClrSysMmbId/ClrSysId/Cd,Cd,ExternalClearingSystemIdentification1Code,1,1
pacs.003.001.12,/Document/FIToFICstmrDrctDbt/DrctDbtTxInf/CdtrAgt/FinInstnId/ClrSysMmbId/ClrSysId/Prtry,Prtry,Max35Text,1,1
pacs.003.001.12,/Document/FIToFICstmrDrctDbt/DrctDbtTxInf/CdtrAgt/FinInstnId/ClrSysMmbId/MmbId,MmbId,Max35Text,1,1
pacs.003.001.12,/Document/FIToFICstmrDrctDbt/DrctDbtTxInf/CdtrAgt/FinInstnId/LEI,LEI,LEIIdentifier,0,1
pacs.003.001.12,/Document/FIToFICstmrDrctDbt/DrctDbtTxInf/CdtrAgt/FinInstnId/Nm,Nm,Max140Text,0,1
pacs.003.001.12,/Document/FIToFICstmrDrctDbt/DrctDbtTxInf/CdtrAgt/FinInstnId/PstlAdr,PstlAdr,PostalAddress27,0,1
pacs.003.001.12,/Document/FIToFICstmrDrctDbt/DrctDbtTxInf/CdtrAgt/FinInstnId/PstlAdr/AdrTp,AdrTp,AddressType3Choice,0,1
pacs.003.001.12,/Document/FIToFICstmrDrctDbt/DrctDbtTxInf/CdtrAgt/FinInstnId/PstlAdr/AdrTp/Cd,Cd,AddressType2Code,1,1
pacs.003.001.12,/Document/FIToFICstmrDrctDbt/DrctDbtTxInf/CdtrAgt/FinInstnId/PstlAdr/AdrTp/Prtry,Prtry,GenericIdentification30,1,1
pacs.003.001.12,/Document/FIToFICstmrDrctDbt/DrctDbtTxInf/CdtrAgt/FinInstnId/PstlAdr/AdrTp/Prtry/Id,Id,Exact4AlphaNumericText,1,1
pacs.003.001.12,/Document/FIToFICstmrDrctDbt/DrctDbtTxInf/CdtrAgt/FinInstnId/PstlAdr/AdrTp/Prtry/Issr,Issr,Max35Text,1,1
pacs.003.001.12,/Document/FIToFICstmrDrctDbt/DrctDbtTxInf/CdtrAgt/FinInstnId/PstlAdr/AdrTp/Prtry/SchmeNm,SchmeNm,Max35Text,0,1
pacs.003.001.12,/Document/FIToFICstmrDrctDbt/DrctDbtTxInf/CdtrAgt/FinInstnId/PstlAdr/CareOf,CareOf,Max140Text,0,1
pacs.003.001.12,/Document/FIToFICstmrDrctDbt/DrctDbtTxInf/CdtrAgt/FinInstnId/PstlAdr/Dept,Dept,Max70Text,0,1
pacs.003.001.12,/Document/FIToFICstmrDrctDbt/DrctDbtTxInf/CdtrAgt/FinInstnId/PstlAdr/SubDept,SubDept,Max70Text,0,1
pacs.003.001.12,/Document/FIToFICstmrDrctDbt/DrctDbtTxInf/CdtrAgt/FinInstnId/PstlAdr/StrtNm,StrtNm,Max140Text,0,1
pacs.003.001.12,/Document/FIToFICstmrDrctDbt/DrctDbtTxInf/CdtrAgt/FinInstnId/PstlAdr/BldgNb,BldgNb,Max16Text,0,1
pacs.003.001.12,/Document/FIToFICstmrDrctDbt/DrctDbtTxInf/CdtrAgt/FinInstnId/PstlAdr/BldgNm,BldgNm,Max140Text,0,1
pacs.003.001.12,/Document/FIToFICstmrDrctDbt/DrctDbtTxInf/CdtrAgt/FinInstnId/PstlAdr/Flr,Flr,Max70Text,0,1
pacs.003.001.12,/Document/FIToFICstmrDrctDbt/DrctDbtTxInf/CdtrAgt/FinInstnId/PstlAdr/UnitNb,UnitNb,Max16Text,0,1
pacs.003.001.12,/Document/FIToFICstmrDrctDbt/DrctDbtTxInf/CdtrAgt/FinInstnId/PstlAdr/PstBx,PstBx,Max16Text,0,1
pacs.003.001.12,/Document/FIToFICstmrDrctDbt/DrctDbtTxInf/CdtrAgt/FinInstnId/PstlAdr/Room,Room,Max70Text,0,1
pacs.003.001.12,/Document/FIToFICstmrDrctDbt/DrctDbtTxInf/CdtrAgt/FinInstnId/PstlAdr/PstCd,PstCd,Max16Text,0,1
pacs.003.001.12,/Document/FIToFICstmrDrctDbt/DrctDbtTxInf/CdtrAgt/FinInstnId/PstlAdr/TwnNm,TwnNm,Max140Text,0,1
pacs.003.001.12,/Document/FIToFICstmrDrctDbt/DrctDbtTxInf/CdtrAgt/FinInstnId/PstlAdr/TwnLctnNm,TwnLctnNm,Max140Text,0,1
pacs.003.001.12,/Document/FIToFICstmrDrctDbt/DrctDbtTxInf/CdtrAgt/FinInstnId/PstlAdr/DstrctNm,DstrctNm,Max140Text,0,1
pacs.003.001.12,/Document/FIToFICstmrDrctDbt/DrctDbtTxInf/CdtrAgt/FinInstnId/PstlAdr/CtrySubDvsn,CtrySubDvsn,Max35Text,0,1
pacs.003.001.12,/Document/FIToFICstmrDrctDbt/DrctDbtTxInf/CdtrAgt/FinInstnId/PstlAdr/Ctry,Ctry,CountryCode,0,1
pacs.003.001.12,/Document/FIToFICstmrDrctDbt/DrctDbtTxInf/CdtrAgt/FinInstnId/PstlAdr/AdrLine,AdrLine,Max70Text,0,7
pacs.003.001.12,/Document/FIToFICstmrDrctDbt/DrctDbtTxInf/CdtrAgt/FinInstnId/Othr,Othr,GenericFinancialIdentification1,0,1
pacs.003.001.12,/Document/FIToFICstmrDrctDbt/DrctDbtTxInf/CdtrAgt/FinInstnId/Othr/Id,Id,Max35Text,1,1
pacs.003.001.12,/Document/FIToFICstmrDrctDbt/DrctDbtTxInf/CdtrAgt/FinInstnId/Othr/SchmeNm,SchmeNm,FinancialIdentificationSchemeName1Choice,0,1
pacs.003.001.12,/Document/FIToFICstmrDrctDbt/DrctDbtTxInf/CdtrAgt/FinInstnId/Othr/SchmeNm/Cd,Cd,ExternalFinancialInstitutionIdentification1Code,1,1
pacs.003.001.12,/Document/FIToFICstmrDrctDbt/DrctDbtTxInf/CdtrAgt/FinInstnId/Othr/SchmeNm/Prtry,Prtry,Max35Text,1,1
pacs.003.001.12,/Document/FIToFICstmrDrctDbt/DrctDbtTxInf/CdtrAgt/FinInstnId/Othr/Issr,Issr,Max35Text,0,1
pacs.003.001.12,/Document/FIToFICstmrDrctDbt/DrctDbtTxInf/CdtrAgt/BrnchId,BrnchId,BranchData5,0,1
pacs.003.001.12,/Document/FIToFICstmrDrctDbt/DrctDbtTxInf/CdtrAgt/BrnchId/Id,Id,Max35Text,0,1
pacs.003.001.12,/Document/FIToFICstmrDrctDbt/DrctDbtTxInf/CdtrAgt/BrnchId/LEI,LEI,LEIIdentifier,0,1
pacs.003.001.12,/Document/FIToFICstmrDrctDbt/DrctDbtTxInf/CdtrAgt/BrnchId/Nm,Nm,Max140Text,0,1
pacs.003.001.12,/Document/FIToFICstmrDrctDbt/DrctDbtTxInf/CdtrAgt/BrnchId/PstlAdr,PstlAdr,PostalAddress27,0,1
pacs.003.001.12,/Document/FIToFICstmrDrctDbt/DrctDbtTxInf/CdtrAgt/BrnchId/PstlAdr/AdrTp,AdrTp,AddressType3Choice,0,1
pacs.003.001.12,/Document/FIToFICstmrDrctDbt/DrctDbtTxInf/CdtrAgt/BrnchId/PstlAdr/AdrTp/Cd,Cd,AddressType2Code,1,1
pacs.003.001.12,/Document/FIToFICstmrDrctDbt/DrctDbtTxInf/CdtrAgt/BrnchId/PstlAdr/AdrTp/Prtry,Prtry,GenericIdentification30,1,1
pacs.003.001.12,/Document/FIToFICstmrDrctDbt/DrctDbtTxInf/CdtrAgt/BrnchId/PstlAdr/AdrTp/Prtry/Id,Id,Exact4AlphaNumericText,1,1
pacs.003.001.12,/Document/FIToFICstmrDrctDbt/DrctDbtTxInf/CdtrAgt/BrnchId/PstlAdr/AdrTp/Prtry/Issr,Issr,Max35Text,1,1
pacs.003.001.12,/Document/FIToFICstmrDrctDbt/DrctDbtTxInf/CdtrAgt/BrnchId/PstlAdr/AdrTp/Prtry/SchmeNm,SchmeNm,Max35Text,0,1
pacs.003.001.12,/Document/FIToFICstmrDrctDbt/DrctDbtTxInf/CdtrAgt/BrnchId/PstlAdr/CareOf,CareOf,Max140Text,0,1
pacs.003.001.12,/Document/FIToFICstmrDrctDbt/DrctDbtTxInf/CdtrAgt/BrnchId/PstlAdr/Dept,Dept,Max70Text,0,1
pacs.003.001.12,/Document/FIToFICstmrDrctDbt/DrctDbtTxInf/CdtrAgt/BrnchId/PstlAdr/SubDept,SubDept,Max70Text,0,1
pacs.003.001.12,/Document/FIToFICstmrDrctDbt/DrctDbtTxInf/CdtrAgt/BrnchId/PstlAdr/StrtNm,StrtNm,Max140Text,0,1
pacs.003.001.12,/Document/FIToFICstmrDrctDbt/DrctDbtTxInf/CdtrAgt/BrnchId/PstlAdr/BldgNb,BldgNb,Max16Text,0,1
pacs.003.001.12,/Document/FIToFICstmrDrctDbt/DrctDbtTxInf/CdtrAgt/BrnchId/PstlAdr/BldgNm,BldgNm,Max140Text,0,1
pacs.003.001.12,/Document/FIToFICstmrDrctDbt/DrctDbtTxInf/CdtrAgt/BrnchId/PstlAdr/Flr,Flr,Max70Text,0,1
pacs.003.001.12,/Document/FIToFICstmrDrctDbt/DrctDbtTxInf/CdtrAgt/BrnchId/PstlAdr/UnitNb,UnitNb,Max16Text,0,1
pacs.003.001.12,/Document/FIToFICstmrDrctDbt/DrctDbtTxInf/CdtrAgt/BrnchId/PstlAdr/PstBx,PstBx,Max16Text,0,1
pacs.003.001.12,/Document/FIToFICstmrDrctDbt/DrctDbtTxInf/CdtrAgt/BrnchId/PstlAdr/Room,Room,Max70Text,0,1
pacs.003.001.12,/Document/FIToFICstmrDrctDbt/DrctDbtTxInf/CdtrAgt/BrnchId/PstlAdr/PstCd,PstCd,Max16Text,0,1
pacs.003.001.12,/Document/FIToFICstmrDrctDbt/DrctDbtTxInf/CdtrAgt/BrnchId/PstlAdr/TwnNm,TwnNm,Max140Text,0,1
pacs.003.001.12,/Document/FIToFICstmrDrctDbt/DrctDbtTxInf/CdtrAgt/BrnchId/PstlAdr/TwnLctnNm,TwnLctnNm,Max140Text,0,1
pacs.003.001.12,/Document/FIToFICstmrDrctDbt/DrctDbtTxInf/CdtrAgt/BrnchId/PstlAdr/DstrctNm,DstrctNm,Max140Text,0,1
pacs.003.001.12,/Document/FIToFICstmrDrctDbt/DrctDbtTxInf/CdtrAgt/BrnchId/PstlAdr/CtrySubDvsn,CtrySubDvsn,Max35Text,0,1
pacs.003.001.12,/Document/FIToFICstmrDrctDbt/DrctDbtTxInf/CdtrAgt/BrnchId/PstlAdr/Ctry,Ctry,CountryCode,0,1
pacs.003.001.12,/Document/FIToFICstmrDrctDbt/DrctDbtTxInf/CdtrAgt/BrnchId/PstlAdr/AdrLine,AdrLine,Max70Text,0,7
pacs.003.001.12,/Document/FIToFICstmrDrctDbt/DrctDbtTxInf/CdtrAgtAcct,CdtrAgtAcct,CashAccount40,0,1
pacs.003.001.12,/Document/FIToFICstmrDrctDbt/DrctDbtTxInf/CdtrAgtAcct/Id,Id,AccountIdentification4Choice,0,1
pacs.003.001.12,/Document/FIToFICstmrDrctDbt/DrctDbtTxInf/CdtrAgtAcct/Id/IBAN,IBAN,IBAN2007Identifier,1,1
pacs.003.001.12,/Document/FIToFICstmrDrctDbt/DrctDbtTxInf/CdtrAgtAcct/Id/Othr,Othr,GenericAccountIdentification1,1,1
pacs.003.001.12,/Document/FIToFICstmrDrctDbt/DrctDbtTxInf/CdtrAgtAcct/Id/Othr/Id,Id,Max34Text,1,1
pacs.003.001.12,/Document/FIToFICstmrDrctDbt/DrctDbtTxInf/CdtrAgtAcct/Id/Othr/SchmeNm,SchmeNm,AccountSchemeName1Choice,0,1
pacs.003.001.12,/Document/FIToFICstmrDrctDbt/DrctDbtTxInf/CdtrAgtAcct/Id/Othr/SchmeNm/Cd,Cd,ExternalAccountIdentification1Code,1,1
pacs.003.001.12,/Document/FIToFICstmrDrctDbt/DrctDbtTxInf/CdtrAgtAcct/Id/Othr/SchmeNm/Prtry,Prtry,Max35Text,1,1
pacs.003.001.12,/Document/FIToFICstmrDrctDbt/DrctDbtTxInf/CdtrAgtAcct/Id/Othr/Issr,Issr,Max35Text,0,1
pacs.003.001.12,/Document/FIToFICstmrDrctDbt/DrctDbtTxInf/CdtrAgtAcct/Tp,Tp,CashAccountType2Choice,0,1
pacs.003.001.12,/Document/FIToFICstmrDrctDbt/DrctDbtTxInf/CdtrAgtAcct/Tp/Cd,Cd,ExternalCashAccountType1Code,1,1
pacs.003.001.12,/Document/FIToFICstmrDrctDbt/DrctDbtTxInf/CdtrAgtAcct/Tp/Prtry,Prtry,Max35Text,1,1
pacs.003.001.12,/Document/FIToFICstmrDrctDbt/DrctDbtTxInf/CdtrAgtAcct/Ccy,Ccy,ActiveOrHistoricCurrencyCode,0,1
pacs.003.001.12,/Document/FIToFICstmrDrctDbt/DrctDbtTxInf/CdtrAgtAcct/Nm,Nm,Max70Text,0,1
pacs.003.001.12,/Document/FIToFICstmrDrctDbt/DrctDbtTxInf/CdtrAgtAcct/Prxy,Prxy,ProxyAccountIdentification1,0,1
pacs.003.001.12,/Document/FIToFICstmrDrctDbt/DrctDbtTxInf/CdtrAgtAcct/Prxy/Tp,Tp,ProxyAccountType1Choice,0,1
pacs.003.001.12,/Document/FIToFICstmrDrctDbt/DrctDbtTxInf/CdtrAgtAcct/Prxy/Tp/Cd,Cd,ExternalProxyAccountType1Code,1,1
pacs.003.001.12,/Document/FIToFICstmrDrctDbt/DrctDbtTxInf/CdtrAgtAcct/Prxy/Tp/Prtry,Prtry,Max35Text,1,1
pacs.003.001.12,/Document/FIToFICstmrDrctDbt/DrctDbtTxInf/CdtrAgtAcct/Prxy/Id,Id,Max2048Text,1,1
pacs.003.001.12,/Document/FIToFICstmrDrctDbt/DrctDbtTxInf/UltmtCdtr,UltmtCdtr,PartyIdentification272,0,1
pacs.003.001.12,/Document/FIToFICstmrDrctDbt/DrctDbtTxInf/UltmtCdtr/Nm,Nm,Max140Text,0,1
pacs.003.001.12,/Document/FIToFICstmrDrctDbt/DrctDbtTxInf/UltmtCdtr/PstlAdr,PstlAdr,PostalAddress27,0,1
pacs.003.001.12,/Document/FIToFICstmrDrctDbt/DrctDbtTxInf/UltmtCdtr/PstlAdr/AdrTp,AdrTp,AddressType3Choice,0,1
pacs.003.001.12,/Document/FIToFICstmrDrctDbt/DrctDbtTxInf/UltmtCdtr/PstlAdr/AdrTp/Cd,Cd,AddressType2Code,1,1
pacs.003.001.12,/Document/FIToFICstmrDrctDbt/DrctDbtTxInf/UltmtCdtr/PstlAdr/AdrTp/Prtry,Prtry,GenericIdentification30,1,1
pacs.003.001.12,/Document/FIToFICstmrDrctDbt/DrctDbtTxInf/UltmtCdtr/PstlAdr/AdrTp/Prtry/Id,Id,Exact4AlphaNumericText,1,1
pacs.003.001.12,/Document/FIToFICstmrDrctDbt/DrctDbtTxInf/UltmtCdtr/PstlAdr/AdrTp/Prtry/Issr,Issr,Max35Text,1,1
pacs.003.001.12,/Document/FIToFICstmrDrctDbt/DrctDbtTxInf/UltmtCdtr/PstlAdr/AdrTp/Prtry/SchmeNm,SchmeNm,Max35Text,0,1
pacs.003.001.12,/Document/FIToFICstmrDrctDbt/DrctDbtTxInf/UltmtCdtr/PstlAdr/CareOf,CareOf,Max140Text,0,1
pacs.003.001.12,/Document/FIToFICstmrDrctDbt/DrctDbtTxInf/UltmtCdtr/PstlAdr/Dept,Dept,Max70Text,0,1
pacs.003.001.12,/Document/FIToFICstmrDrctDbt/DrctDbtTxInf/UltmtCdtr/PstlAdr/SubDept,SubDept,Max70Text,0,1
pacs.003.001.12,/Document/FIToFICstmrDrctDbt/DrctDbtTxInf/UltmtCdtr/PstlAdr/StrtNm,StrtNm,Max140Text,0,1
pacs.003.001.12,/Document/FIToFICstmrDrctDbt/DrctDbtTxInf/UltmtCdtr/PstlAdr/BldgNb,BldgNb,Max16Text,0,1
pacs.003.001.12,/Document/FIToFICstmrDrctDbt/DrctDbtTxInf/UltmtCdtr/PstlAdr/BldgNm,BldgNm,Max140Text,0,1
pacs.003.001.12,/Document/FIToFICstmrDrctDbt/DrctDbtTxInf/UltmtCdtr/PstlAdr/Flr,Flr,Max70Text,0,1
pacs.003.001.12,/Document/FIToFICstmrDrctDbt/DrctDbtTxInf/UltmtCdtr/PstlAdr/UnitNb,UnitNb,Max16Text,0,1
pacs.003.001.12,/Document/FIToFICstmrDrctDbt/DrctDbtTxInf/UltmtCdtr/PstlAdr/PstBx,PstBx,Max16Text,0,1
pacs.003.001.12,/Document/FIToFICstmrDrctDbt/DrctDbtTxInf/UltmtCdtr/PstlAdr/Room,Room,Max70Text,0,1
pacs.003.001.12,/Document/FIToFICstmrDrctDbt/DrctDbtTxInf/UltmtCdtr/PstlAdr/PstCd,PstCd,Max16Text,0,1
pacs.003.001.12,/Document/FIToFICstmrDrctDbt/DrctDbtTxInf/UltmtCdtr/PstlAdr/TwnNm,TwnNm,Max140Text,0,1
pacs.003.001.12,/Document/FIToFICstmrDrctDbt/DrctDbtTxInf/UltmtCdtr/PstlAdr/TwnLctnNm,TwnLctnNm,Max140Text,0,1
pacs.003.001.12,/Document/FIToFICstmrDrctDbt/DrctDbtTxInf/UltmtCdtr/PstlAdr/DstrctNm,DstrctNm,Max140Text,0,1
pacs.003.001.12,/Document/FIToFICstmrDrctDbt/DrctDbtTxInf/UltmtCdtr/PstlAdr/CtrySubDvsn,CtrySubDvsn,Max35Text,0,1
pacs.003.001.12,/Document/FIToFICstmrDrctDbt/DrctDbtTxInf/UltmtCdtr/PstlAdr/Ctry,Ctry,CountryCode,0,1
pacs.003.001.12,/Document/FIToFICstmrDrctDbt/DrctDbtTxInf/UltmtCdtr/PstlAdr/AdrLine,AdrLine,Max70Text,0,7
pacs.003.001.12,/Document/FIToFICstmrDrctDbt/DrctDbtTxInf/UltmtCdtr/Id,Id,Party52Choice,0,1
pacs.003.001.12,/Document/FIToFICstmrDrctDbt/DrctDbtTxInf/UltmtCdtr/Id/OrgId,OrgId,OrganisationIdentification39,1,1
pacs.003.001.12,/Document/FIToFICstmrDrctDbt/DrctDbtTxInf/UltmtCdtr/Id/OrgId/AnyBIC,AnyBIC,AnyBICDec2014Identifier,0,1
pacs.003.001.12,/Document/FIToFICstmrDrctDbt/DrctDbtTxInf/UltmtCdtr/Id/OrgId/LEI,LEI,LEIIdentifier,0,1
pacs.003.001.12,/Document/FIToFICstmrDrctDbt/DrctDbtTxInf/UltmtCdtr/Id/OrgId/Othr,Othr,GenericOrganisationIdentification3,0,
pacs.003.001.12,/Document/FIToFICstmrDrctDbt/DrctDbtTxInf/UltmtCdtr/Id/OrgId/Othr/Id,Id,Max256Text,1,1
pacs.003.001.12,/Document/FIToFICstmrDrctDbt/DrctDbtTxInf/UltmtCdtr/Id/OrgId/Othr/SchmeNm,SchmeNm,OrganisationIdentificationSchemeName1Choice,0,1
pacs.003.001.12,/Document/FIToFICstmrDrctDbt/DrctDbtTxInf/UltmtCdtr/Id/OrgId/Othr/SchmeNm/Cd,Cd,ExternalOrganisationIdentification1Code,1,1
pacs.003.001.12,/Document/FIToFICstmrDrctDbt/DrctDbtTxInf/UltmtCdtr/Id/OrgId/Othr/SchmeNm/Prtry,Prtry,Max35Text,1,1
pacs.003.001.12,/Document/FIToFICstmrDrctDbt/DrctDbtTxInf/UltmtCdtr/Id/OrgId/Othr/Issr,Issr,Max35Text,0,1
pacs.003.001.12,/Document/FIToFICstmrDrctDbt/DrctDbtTxInf/UltmtCdtr/Id/PrvtId,PrvtId,PersonIdentification18,1,1
pacs.003.001.12,/Document/FIToFICstmrDrctDbt/DrctDbtTxInf/UltmtCdtr/Id/PrvtId/DtAndPlcOfBirth,DtAndPlcOfBirth,DateAndPlaceOfBirth1,0,1
pacs.003.001.12,/Document/FIToFICstmrDrctDbt/DrctDbtTxInf/UltmtCdtr/Id/PrvtId/DtAndPlcOfBirth/BirthDt,BirthDt,ISODate,1,1
pacs.003.001.12,/Document/FIToFICstmrDrctDbt/DrctDbtTxInf/UltmtCdtr/Id/PrvtId/DtAndPlcOfBirth/PrvcOfBirth,PrvcOfBirth,Max35Text,0,1
pacs.003.001.12,/Document/FIToFICstmrDrctDbt/DrctDbtTxInf/UltmtCdtr/Id/PrvtId/DtAndPlcOfBirth/CityOfBirth,CityOfBirth,Max35Text,1,1
pacs.003.001.12,/Document/FIToFICstmrDrctDbt/DrctDbtTxInf/UltmtCdtr/Id/PrvtId/DtAndPlcOfBirth/CtryOfBirth,CtryOfBirth,CountryCode,1,1
pacs.003.001.12,/Document/FIToFICstmrDrctDbt/DrctDbtTxInf/UltmtCdtr/Id/PrvtId/Othr,Othr,GenericPersonIdentification2,0,
pacs.003.001.12,/Document/FIToFICstmrDrctDbt/DrctDbtTxInf/UltmtCdtr/Id/PrvtId/Othr/Id,Id,Max256Text,1,1
pacs.003.001.12,/Document/FIToFICstmrDrctDbt/DrctDbtTxInf/UltmtCdtr/Id/PrvtId/Othr/SchmeNm,SchmeNm,PersonIdentificationSchemeName1Choice,0,1
pacs.003.001.12,/Document/FIToFICstmrDrctDbt/DrctDbtTxInf/UltmtCdtr/Id/PrvtId/Othr/SchmeNm/Cd,Cd,ExternalPersonIdentification1Code,1,1
pacs.003.001.12,/Document/FIToFICstmrDrctDbt/DrctDbtTxInf/UltmtCdtr/Id/PrvtId/Othr/SchmeNm/Prtry,Prtry,Max35Text,1,1
pacs.003.001.12,/Document/FIToFICstmrDrctDbt/DrctDbtTxInf/UltmtCdtr/Id/PrvtId/Othr/Issr,Issr,Max35Text,0,1
pacs.003.001.12,/Document/FIToFICstmrDrctDbt/DrctDbtTxInf/UltmtCdtr/CtryOfRes,CtryOfRes,CountryCode,0,1
pacs.003.001.12,/Document/FIToFICstmrDrctDbt/DrctDbtTxInf/UltmtCdtr/CtctDtls,CtctDtls,Contact13,0,1
pacs.003.001.12,/Document/FIToFICstmrDrctDbt/DrctDbtTxInf/UltmtCdtr/CtctDtls/NmPrfx,NmPrfx,NamePrefix2Code,0,1
pacs.003.001.12,/Document/FIToFICstmrDrctDbt/DrctDbtTxInf/UltmtCdtr/CtctDtls/Nm,Nm,Max140Text,0,1
pacs.003.001.12,/Document/FIToFICstmrDrctDbt/DrctDbtTxInf/UltmtCdtr/CtctDtls/PhneNb,PhneNb,PhoneNumber,0,1
pacs.003.001.12,/Document/FIToFICstmrDrctDbt/DrctDbtTxInf/UltmtCdtr/CtctDtls/MobNb,MobNb,PhoneNumber,0,1
pacs.003.001.12,/Document/FIToFICstmrDrctDbt/DrctDbtTxInf/UltmtCdtr/CtctDtls/FaxNb,FaxNb,PhoneNumber,0,1
pacs.003.001.12,/Document/FIToFICstmrDrctDbt/DrctDbtTxInf/UltmtCdtr/CtctDtls/URLAdr,URLAdr,Max2048Text,0,1
pacs.003.001.12,/Document/FIToFICstmrDrctDbt/DrctDbtTxInf/UltmtCdtr/CtctDtls/EmailAdr,EmailAdr,Max256Text,0,1
pacs.003.001.12,/Document/FIToFICstmrDrctDbt/DrctDbtTxInf/UltmtCdtr/CtctDtls/EmailPurp,EmailPurp,Max35Text,0,1
pacs.003.001.12,/Document/FIToFICstmrDrctDbt/DrctDbtTxInf/UltmtCdtr/CtctDtls/JobTitl,JobTitl,Max35Text,0,1
pacs.003.001.12,/Document/FIToFICstmrDrctDbt/DrctDbtTxInf/UltmtCdtr/CtctDtls/Rspnsblty,Rspnsblty,Max35Text,0,1
pacs.003.001.12,/Document/FIToFICstmrDrctDbt/DrctDbtTxInf/UltmtCdtr/CtctDtls/Dept,Dept,Max70Text,0,1
pacs.003.001.12,/Document/FIToFICstmrDrctDbt/DrctDbtTxInf/UltmtCdtr/CtctDtls/Othr,Othr,OtherContact1,0,
pacs.003.001.12,/Document/FIToFICstmrDrctDbt/DrctDbtTxInf/UltmtCdtr/CtctDtls/Othr/ChanlTp,ChanlTp,Max4Text,1,1
pacs.003.001.12,/Document/FIToFICstmrDrctDbt/DrctDbtTxInf/UltmtCdtr/CtctDtls/Othr/Id,Id,Max128Text,0,1
pacs.003.001.12,/Document/FIToFICstmrDrctDbt/DrctDbtTxInf/UltmtCdtr/CtctDtls/PrefrdMtd,PrefrdMtd,PreferredContactMethod2Code,0,1
pacs.003.001.12,/Document/FIToFICstmrDrctDbt/DrctDbtTxInf/InitgPty,InitgPty,PartyIdentification272,0,1
pacs.003.001.12,/Document/FIToFICstmrDrctDbt/DrctDbtTxInf/InitgPty/Nm,Nm,Max140Text,0,1
pacs.003.001.12,/Document/FIToFICstmrDrctDbt/DrctDbtTxInf/InitgPty/PstlAdr,PstlAdr,PostalAddress27,0,1
pacs.003.001.12,/Document/FIToFICstmrDrctDbt/DrctDbtTxInf/InitgPty/PstlAdr/AdrTp,AdrTp,AddressType3Choice,0,1
pacs.003.001.12,/Document/FIToFICstmrDrctDbt/DrctDbtTxInf/InitgPty/PstlAdr/AdrTp/Cd,Cd,AddressType2Code,1,1
pacs.003.001.12,/Document/FIToFICstmrDrctDbt/DrctDbtTxInf/InitgPty/PstlAdr/AdrTp/Prtry,Prtry,GenericIdentification30,1,1
pacs.003.001.12,/Document/FIToFICstmrDrctDbt/DrctDbtTxInf/InitgPty/PstlAdr/AdrTp/Prtry/Id,Id,Exact4AlphaNumericText,1,1
pacs.003.001.12,/Document/FIToFICstmrDrctDbt/DrctDbtTxInf/InitgPty/PstlAdr/AdrTp/Prtry/Issr,Issr,Max35Text,1,1
pacs.003.001.12,/Document/FIToFICstmrDrctDbt/DrctDbtTxInf/InitgPty/PstlAdr/AdrTp/Prtry/SchmeNm,SchmeNm,Max35Text,0,1
pacs.003.001.12,/Document/FIToFICstmrDrctDbt/DrctDbtTxInf/InitgPty/PstlAdr/CareOf,CareOf,Max140Text,0,1
pacs.003.001.12,/Document/FIToFICstmrDrctDbt/DrctDbtTxInf/InitgPty/PstlAdr/Dept,Dept,Max70Text,0,1
pacs.003.001.12,/Document/FIToFICstmrDrctDbt/DrctDbtTxInf/InitgPty/PstlAdr/SubDept,SubDept,Max70Text,0,1
pacs.003.001.12,/Document/FIToFICstmrDrctDbt/DrctDbtTxInf/InitgPty/PstlAdr/StrtNm,StrtNm,Max140Text,0,1
pacs.003.001.12,/Document/FIToFICstmrDrctDbt/DrctDbtTxInf/InitgPty/PstlAdr/BldgNb,BldgNb,Max16Text,0,1
pacs.003.001.12,/Document/FIToFICstmrDrctDbt/DrctDbtTxInf/InitgPty/PstlAdr/BldgNm,BldgNm,Max140Text,0,1
pacs.003.001.12,/Document/FIToFICstmrDrctDbt/DrctDbtTxInf/InitgPty/PstlAdr/Flr,Flr,Max70Text,0,1
pacs.003.001.12,/Document/FIToFICstmrDrctDbt/DrctDbtTxInf/InitgPty/PstlAdr/UnitNb,UnitNb,Max16Text,0,1
pacs.003.001.12,/Document/FIToFICstmrDrctDbt/DrctDbtTxInf/InitgPty/PstlAdr/PstBx,PstBx,Max16Text,0,1
pacs.003.001.12,/Document/FIToFICstmrDrctDbt/DrctDbtTxInf/InitgPty/PstlAdr/Room,Room,Max70Text,0,1
pacs.003.001.12,/Document/FIToFICstmrDrctDbt/DrctDbtTxInf/InitgPty/PstlAdr/PstCd,PstCd,Max16Text,0,1
pacs.003.001.12,/Document/FIToFICstmrDrctDbt/DrctDbtTxInf/InitgPty/PstlAdr/TwnNm,TwnNm,Max140Text,0,1
pacs.003.001.12,/Document/FIToFICstmrDrctDbt/DrctDbtTxInf/InitgPty/PstlAdr/TwnLctnNm,TwnLctnNm,Max140Text,0,1
pacs.003.001.12,/Document/FIToFICstmrDrctDbt/DrctDbtTxInf/InitgPty/PstlAdr/DstrctNm,DstrctNm,Max140Text,0,1
pacs.003.001.12,/Document/FIToFICstmrDrctDbt/DrctDbtTxInf/InitgPty/PstlAdr/CtrySubDvsn,CtrySubDvsn,Max35Text,0,1
pacs.003.001.12,/Document/FIToFICstmrDrctDbt/DrctDbtTxInf/InitgPty/PstlAdr/Ctry,Ctry,CountryCode,0,1
pacs.003.001.12,/Document/FIToFICstmrDrctDbt/DrctDbtTxInf/InitgPty/PstlAdr/AdrLine,AdrLine,Max70Text,0,7
pacs.003.001.12,/Document/FIToFICstmrDrctDbt/DrctDbtTxInf/InitgPty/Id,Id,Party52Choice,0,1
pacs.003.001.12,/Document/FIToFICstmrDrctDbt/DrctDbtTxInf/InitgPty/Id/OrgId,OrgId,OrganisationIdentification39,1,1
pacs.003.001.12,/Document/FIToFICstmrDrctDbt/DrctDbtTxInf/InitgPty/Id/OrgId/AnyBIC,AnyBIC,AnyBICDec2014Identifier,0,1
pacs.003.001.12,/Document/FIToFICstmrDrctDbt/DrctDbtTxInf/InitgPty/Id/OrgId/LEI,LEI,LEIIdentifier,0,1
pacs.003.001.12,/Document/FIToFICstmrDrctDbt/DrctDbtTxInf/InitgPty/Id/OrgId/Othr,Othr,GenericOrganisationIdentification3,0,
pacs.003.001.12,/Document/FIToFICstmrDrctDbt/DrctDbtTxInf/InitgPty/Id/OrgId/Othr/Id,Id,Max256Text,1,1
pacs.003.001.12,/Document/FIToFICstmrDrctDbt/DrctDbtTxInf/InitgPty/Id/OrgId/Othr/SchmeNm,SchmeNm,OrganisationIdentificationSchemeName1Choice,0,1
pacs.003.001.12,/Document/FIToFICstmrDrctDbt/DrctDbtTxInf/InitgPty/Id/OrgId/Othr/SchmeNm/Cd,Cd,ExternalOrganisationIdentification1Code,1,1
pacs.003.001.12,/Document/FIToFICstmrDrctDbt/DrctDbtTxInf/InitgPty/Id/OrgId/Othr/SchmeNm/Prtry,Prtry,Max35Text,1,1
pacs.003.001.12,/Document/FIToFICstmrDrctDbt/DrctDbtTxInf/InitgPty/Id/OrgId/Othr/Issr,Issr,Max35Text,0,1
pacs.003.001.12,/Document/FIToFICstmrDrctDbt/DrctDbtTxInf/InitgPty/Id/PrvtId,PrvtId,PersonIdentification18,1,1
pacs.003.001.12,/Document/FIToFICstmrDrctDbt/DrctDbtTxInf/InitgPty/Id/PrvtId/DtAndPlcOfBirth,DtAndPlcOfBirth,DateAndPlaceOfBirth1,0,1
pacs.003.001.12,/Document/FIToFICstmrDrctDbt/DrctDbtTxInf/InitgPty/Id/PrvtId/DtAndPlcOfBirth/BirthDt,BirthDt,ISODate,1,1
pacs.003.001.12,/Document/FIToFICstmrDrctDbt/DrctDbtTxInf/InitgPty/Id/PrvtId/DtAndPlcOfBirth/PrvcOfBirth,PrvcOfBirth,Max35Text,0,1
pacs.003.001.12,/Document/FIToFICstmrDrctDbt/DrctDbtTxInf/InitgPty/Id/PrvtId/DtAndPlcOfBirth/CityOfBirth,CityOfBirth,Max35Text,1,1
pacs.003.001.12,/Document/FIToFICstmrDrctDbt/DrctDbtTxInf/InitgPty/Id/PrvtId/DtAndPlcOfBirth/CtryOfBirth,CtryOfBirth,CountryCode,1,1
pacs.003.001.12,/Document/FIToFICstmrDrctDbt/DrctDbtTxInf/InitgPty/Id/PrvtId/Othr,Othr,GenericPersonIdentification2,0,
pacs.003.001.12,/Document/FIToFICstmrDrctDbt/DrctDbtTxInf/InitgPty/Id/PrvtId/Othr/Id,Id,Max256Text,1,1
pacs.003.001.12,/Document/FIToFICstmrDrctDbt/DrctDbtTxInf/InitgPty/Id/PrvtId/Othr/SchmeNm,SchmeNm,PersonIdentificationSchemeName1Choice,0,1
pacs.003.001.12,/Document/FIToFICstmrDrctDbt/DrctDbtTxInf/InitgPty/Id/PrvtId/Othr/SchmeNm/Cd,Cd,ExternalPersonIdentification1Code,1,1
pacs.003.001.12,/Document/FIToFICstmrDrctDbt/DrctDbtTxInf/InitgPty/Id/PrvtId/Othr/SchmeNm/Prtry,Prtry,Max35Text,1,1
pacs.003.001.12,/Document/FIToFICstmrDrctDbt/DrctDbtTxInf/InitgPty/Id/PrvtId/Othr/Issr,Issr,Max35Text,0,1
pacs.003.001.12,/Document/FIToFICstmrDrctDbt/DrctDbtTxInf/InitgPty/CtryOfRes,CtryOfRes,CountryCode,0,1
pacs.003.001.12,/Document/FIToFICstmrDrctDbt/DrctDbtTxInf/InitgPty/CtctDtls,CtctDtls,Contact13,0,1
pacs.003.001.12,/Document/FIToFICstmrDrctDbt/DrctDbtTxInf/InitgPty/CtctDtls/NmPrfx,NmPrfx,NamePrefix2Code,0,1
pacs.003.001.12,/Document/FIToFICstmrDrctDbt/DrctDbtTxInf/InitgPty/CtctDtls/Nm,Nm,Max140Text,0,1
pacs.003.001.12,/Document/FIToFICstmrDrctDbt/DrctDbtTxInf/InitgPty/CtctDtls/PhneNb,PhneNb,PhoneNumber,0,1
pacs.003.001.12,/Document/FIToFICstmrDrctDbt/DrctDbtTxInf/InitgPty/CtctDtls/MobNb,MobNb,PhoneNumber,0,1
pacs.003.001.12,/Document/FIToFICstmrDrctDbt/DrctDbtTxInf/InitgPty/CtctDtls/FaxNb,FaxNb,PhoneNumber,0,1
pacs.003.001.12,/Document/FIToFICstmrDrctDbt/DrctDbtTxInf/InitgPty/CtctDtls/URLAdr,URLAdr,Max2048Text,0,1
pacs.003.001.12,/Document/FIToFICstmrDrctDbt/DrctDbtTxInf/InitgPty/CtctDtls/EmailAdr,EmailAdr,Max256Text,0,1
pacs.003.001.12,/Document/FIToFICstmrDrctDbt/DrctDbtTxInf/InitgPty/CtctDtls/EmailPurp,EmailPurp,Max35Text,0,1
pacs.003.001.12,/Document/FIToFICstmrDrctDbt/DrctDbtTxInf/InitgPty/CtctDtls/JobTitl,JobTitl,Max35Text,0,1
pacs.003.001.12,/Document/FIToFICstmrDrctDbt/DrctDbtTxInf/InitgPty/CtctDtls/Rspnsblty,Rspnsblty,Max35Text,0,1
pacs.003.001.12,/Document/FIToFICstmrDrctDbt/DrctDbtTxInf/InitgPty/CtctDtls/Dept,Dept,Max70Text,0,1
pacs.003.001.12,/Document/FIToFICstmrDrctDbt/DrctDbtTxInf/InitgPty/CtctDtls/Othr,Othr,OtherContact1,0,
pacs.003.001.12,/Document/FIToFICstmrDrctDbt/DrctDbtTxInf/InitgPty/CtctDtls/Othr/ChanlTp,ChanlTp,Max4Text,1,1
pacs.003.001.12,/Document/FIToFICstmrDrctDbt/DrctDbtTxInf/InitgPty/CtctDtls/Othr/Id,Id,Max128Text,0,1
pacs.003.001.12,/Document/FIToFICstmrDrctDbt/DrctDbtTxInf/InitgPty/CtctDtls/PrefrdMtd,PrefrdMtd,PreferredContactMethod2Code,0,1
pacs.003.001.12,/Document/FIToFICstmrDrctDbt/DrctDbtTxInf/InstgAgt,InstgAgt,BranchAndFinancialInstitutionIdentification8,0,1
pacs.003.001.12,/Document/FIToFICstmrDrctDbt/DrctDbtTxInf/InstgAgt/FinInstnId,FinInstnId,FinancialInstitutionIdentification23,1,1
pacs.003.001.12,/Document/FIToFICstmrDrctDbt/DrctDbtTxInf/InstgAgt/FinInstnId/BICFI,BICFI,BICFIDec2014Identifier,0,1
pacs.003.001.12,/Document/FIToFICstmrDrctDbt/DrctDbtTxInf/InstgAgt/FinInstnId/ClrSysMmbId,ClrSysMmbId,ClearingSystemMemberIdentification2,0,1
pacs.003.001.12,/Document/FIToFICstmrDrctDbt/DrctDbtTxInf/InstgAgt/FinInstnId/ClrSysMmbId/ClrSysId,ClrSysId,ClearingSystemIdentification2Choice,0,1
pacs.003.001.12,/Document/FIToFICstmrDrctDbt/DrctDbtTxInf/InstgAgt/FinInstnId/ClrSysMmbId/ClrSysId/Cd,Cd,ExternalClearingSystemIdentification1Code,1,1
pacs.003.001.12,/Document/FIToFICstmrDrctDbt/DrctDbtTxInf/InstgAgt/FinInstnId/ClrSysMmbId/ClrSysId/Prtry,Prtry,Max35Text,1,1
pacs.003.001.12,/Document/FIToFICstmrDrctDbt/DrctDbtTxInf/InstgAgt/FinInstnId/ClrSysMmbId/MmbId,MmbId,Max35Text,1,1
pacs.003.001.12,/Document/FIToFICstmrDrctDbt/DrctDbtTxInf/InstgAgt/FinInstnId/LEI,LEI,LEIIdentifier,0,1
pacs.003.001.12,/Document/FIToFICstmrDrctDbt/DrctDbtTxInf/InstgAgt/FinInstnId/Nm,Nm,Max140Text,0,1
pacs.003.001.12,/Document/FIToFICstmrDrctDbt/DrctDbtTxInf/InstgAgt/FinInstnId/PstlAdr,PstlAdr,PostalAddress27,0,1
pacs.003.001.12,/Document/FIToFICstmrDrctDbt/DrctDbtTxInf/InstgAgt/FinInstnId/PstlAdr/AdrTp,AdrTp,AddressType3Choice,0,1
pacs.003.001.12,/Document/FIToFICstmrDrctDbt/DrctDbtTxInf/InstgAgt/FinInstnId/PstlAdr/AdrTp/Cd,Cd,AddressType2Code,1,1
pacs.003.001.12,/Document/FIToFICstmrDrctDbt/DrctDbtTxInf/InstgAgt/FinInstnId/PstlAdr/AdrTp/Prtry,Prtry,GenericIdentification30,1,1
pacs.003.001.12,/Document/FIToFICstmrDrctDbt/DrctDbtTxInf/InstgAgt/FinInstnId/PstlAdr/AdrTp/Prtry/Id,Id,Exact4AlphaNumericText,1,1
pacs.003.001.12,/Document/FIToFICstmrDrctDbt/DrctDbtTxInf/InstgAgt/FinInstnId/PstlAdr/AdrTp/Prtry/Issr,Issr,Max35Text,1,1
pacs.003.001.12,/Document/FIToFICstmrDrctDbt/DrctDbtTxInf/InstgAgt/FinInstnId/PstlAdr/AdrTp/Prtry/SchmeNm,SchmeNm,Max35Text,0,1
pacs.003.001.12,/Document/FIToFICstmrDrctDbt/DrctDbtTxInf/InstgAgt/FinInstnId/PstlAdr/CareOf,CareOf,Max140Text,0,1
pacs.003.001.12,/Document/FIToFICstmrDrctDbt/DrctDbtTxInf/InstgAgt/FinInstnId/PstlAdr/Dept,Dept,Max70Text,0,1
pacs.003.001.12,/Document/FIToFICstmrDrctDbt/DrctDbtTxInf/InstgAgt/FinInstnId/PstlAdr/SubDept,SubDept,Max70Text,0,1
pacs.003.001.12,/Document/FIToFICstmrDrctDbt/DrctDbtTxInf/InstgAgt/FinInstnId/PstlAdr/StrtNm,StrtNm,Max140Text,0,1
pacs.003.001.12,/Document/FIToFICstmrDrctDbt/DrctDbtTxInf/InstgAgt/FinInstnId/PstlAdr/BldgNb,BldgNb,Max16Text,0,1
pacs.003.001.12,/Document/FIToFICstmrDrctDbt/DrctDbtTxInf/InstgAgt/FinInstnId/PstlAdr/BldgNm,BldgNm,Max140Text,0,1
pacs.003.001.12,/Document/FIToFICstmrDrctDbt/DrctDbtTxInf/InstgAgt/FinInstnId/PstlAdr/Flr,Flr,Max70Text,0,1
pacs.003.001.12,/Document/FIToFICstmrDrctDbt/DrctDbtTxInf/InstgAgt/FinInstnId/PstlAdr/UnitNb,UnitNb,Max16Text,0,1
pacs.003.001.12,/Document/FIToFICstmrDrctDbt/DrctDbtTxInf/InstgAgt/FinInstnId/PstlAdr/PstBx,PstBx,Max16Text,0,1
pacs.003.001.12,/Document/FIToFICstmrDrctDbt/DrctDbtTxInf/InstgAgt/FinInstnId/PstlAdr/Room,Room,Max70Text,0,1
pacs.003.001.12,/Document/FIToFICstmrDrctDbt/DrctDbtTxInf/InstgAgt/FinInstnId/PstlAdr/PstCd,PstCd,Max16Text,0,1
pacs.003.001.12,/Document/FIToFICstmrDrctDbt/DrctDbtTxInf/InstgAgt/FinInstnId/PstlAdr/TwnNm,TwnNm,Max140Text,0,1
pacs.003.001.12,/Document/FIToFICstmrDrctDbt/DrctDbtTxInf/InstgAgt/FinInstnId/PstlAdr/TwnLctnNm,TwnLctnNm,Max140Text,0,1
pacs.003.001.12,/Document/FIToFICstmrDrctDbt/DrctDbtTxInf/InstgAgt/FinInstnId/PstlAdr/DstrctNm,DstrctNm,Max140Text,0,1
pacs.003.001.12,/Document/FIToFICstmrDrctDbt/DrctDbtTxInf/InstgAgt/FinInstnId/PstlAdr/CtrySubDvsn,CtrySubDvsn,Max35Text,0,1
pacs.003.001.12,/Document/FIToFICstmrDrctDbt/DrctDbtTxInf/InstgAgt/FinInstnId/PstlAdr/Ctry,Ctry,CountryCode,0,1
pacs.003.001.12,/Document/FIToFICstmrDrctDbt/DrctDbtTxInf/InstgAgt/FinInstnId/PstlAdr/AdrLine,AdrLine,Max70Text,0,7
pacs.003.001.12,/Document/FIToFICstmrDrctDbt/DrctDbtTxInf/InstgAgt/FinInstnId/Othr,Othr,GenericFinancialIdentification1,0,1
pacs.003.001.12,/Document/FIToFICstmrDrctDbt/DrctDbtTxInf/InstgAgt/FinInstnId/Othr/Id,Id,Max35Text,1,1
pacs.003.001.12,/Document/FIToFICstmrDrctDbt/DrctDbtTxInf/InstgAgt/FinInstnId/Othr/SchmeNm,SchmeNm,FinancialIdentificationSchemeName1Choice,0,1
pacs.003.001.12,/Document/FIToFICstmrDrctDbt/DrctDbtTxInf/InstgAgt/FinInstnId/Othr/SchmeNm/Cd,Cd,ExternalFinancialInstitutionIdentification1Code,1,1
pacs.003.001.12,/Document/FIToFICstmrDrctDbt/DrctDbtTxInf/InstgAgt/FinInstnId/Othr/SchmeNm/Prtry,Prtry,Max35Text,1,1
pacs.003.001.12,/Document/FIToFICstmrDrctDbt/DrctDbtTxInf/InstgAgt/FinInstnId/Othr/Issr,Issr,Max35Text,0,1
pacs.003.001.12,/Document/FIToFICstmrDrctDbt/DrctDbtTxInf/InstgAgt/BrnchId,BrnchId,BranchData5,0,1
pacs.003.001.12,/Document/FIToFICstmrDrctDbt/DrctDbtTxInf/InstgAgt/BrnchId/Id,Id,Max35Text,0,1
pacs.003.001.12,/Document/FIToFICstmrDrctDbt/DrctDbtTxInf/InstgAgt/BrnchId/LEI,LEI,LEIIdentifier,0,1
pacs.003.001.12,/Document/FIToFICstmrDrctDbt/DrctDbtTxInf/InstgAgt/BrnchId/Nm,Nm,Max140Text,0,1
pacs.003.001.12,/Document/FIToFICstmrDrctDbt/DrctDbtTxInf/InstgAgt/BrnchId/PstlAdr,PstlAdr,PostalAddress27,0,1
pacs.003.001.12,/Document/FIToFICstmrDrctDbt/DrctDbtTxInf/InstgAgt/BrnchId/PstlAdr/AdrTp,AdrTp,AddressType3Choice,0,1
pacs.003.001.12,/Document/FIToFICstmrDrctDbt/DrctDbtTxInf/InstgAgt/BrnchId/PstlAdr/AdrTp/Cd,Cd,AddressType2Code,1,1
pacs.003.001.12,/Document/FIToFICstmrDrctDbt/DrctDbtTxInf/InstgAgt/BrnchId/PstlAdr/AdrTp/Prtry,Prtry,GenericIdentification30,1,1
pacs.003.001.12,/Document/FIToFICstmrDrctDbt/DrctDbtTxInf/InstgAgt/BrnchId/PstlAdr/AdrTp/Prtry/Id,Id,Exact4AlphaNumericText,1,1
pacs.003.001.12,/Document/FIToFICstmrDrctDbt/DrctDbtTxInf/InstgAgt/BrnchId/PstlAdr/AdrTp/Prtry/Issr,Issr,Max35Text,1,1
pacs.003.001.12,/Document/FIToFICstmrDrctDbt/DrctDbtTxInf/InstgAgt/BrnchId/PstlAdr/AdrTp/Prtry/SchmeNm,SchmeNm,Max35Text,0,1
pacs.003.001.12,/Document/FIToFICstmrDrctDbt/DrctDbtTxInf/InstgAgt/BrnchId/PstlAdr/CareOf,CareOf,Max140Text,0,1
pacs.003.001.12,/Document/FIToFICstmrDrctDbt/DrctDbtTxInf/InstgAgt/BrnchId/PstlAdr/Dept,Dept,Max70Text,0,1
pacs.003.001.12,/Document/FIToFICstmrDrctDbt/DrctDbtTxInf/InstgAgt/BrnchId/PstlAdr/SubDept,SubDept,Max70Text,0,1
pacs.003.001.12,/Document/FIToFICstmrDrctDbt/DrctDbtTxInf/InstgAgt/BrnchId/PstlAdr/StrtNm,StrtNm,Max140Text,0,1
pacs.003.001.12,/Document/FIToFICstmrDrctDbt/DrctDbtTxInf/InstgAgt/BrnchId/PstlAdr/BldgNb,BldgNb,Max16Text,0,1
pacs.003.001.12,/Document/FIToFICstmrDrctDbt/DrctDbtTxInf/InstgAgt/BrnchId/PstlAdr/BldgNm,BldgNm,Max140Text,0,1
pacs.003.001.12,/Document/FIToFICstmrDrctDbt/DrctDbtTxInf/InstgAgt/BrnchId/PstlAdr/Flr,Flr,Max70Text,0,1
pacs.003.001.12,/Document/FIToFICstmrDrctDbt/DrctDbtTxInf/InstgAgt/BrnchId/PstlAdr/UnitNb,UnitNb,Max16Text,0,1
pacs.003.001.12,/Document/FIToFICstmrDrctDbt/DrctDbtTxInf/InstgAgt/BrnchId/PstlAdr/PstBx,PstBx,Max16Text,0,1
pacs.003.001.12,/Document/FIToFICstmrDrctDbt/DrctDbtTxInf/InstgAgt/BrnchId/PstlAdr/Room,Room,Max70Text,0,1
pacs.003.001.12,/Document/FIToFICstmrDrctDbt/DrctDbtTxInf/InstgAgt/BrnchId/PstlAdr/PstCd,PstCd,Max16Text,0,1
pacs.003.001.12,/Document/FIToFICstmrDrctDbt/DrctDbtTxInf/InstgAgt/BrnchId/PstlAdr/TwnNm,TwnNm,Max140Text,0,1
pacs.003.001.12,/Document/FIToFICstmrDrctDbt/DrctDbtTxInf/InstgAgt/BrnchId/PstlAdr/TwnLctnNm,TwnLctnNm,Max140Text,0,1
pacs.003.001.12,/Document/FIToFICstmrDrctDbt/DrctDbtTxInf/InstgAgt/BrnchId/PstlAdr/DstrctNm,DstrctNm,Max140Text,0,1
pacs.003.001.12,/Document/FIToFICstmrDrctDbt/DrctDbtTxInf/InstgAgt/BrnchId/PstlAdr/CtrySubDvsn,CtrySubDvsn,Max35Text,0,1
pacs.003.001.12,/Document/FIToFICstmrDrctDbt/DrctDbtTxInf/InstgAgt/BrnchId/PstlAdr/Ctry,Ctry,CountryCode,0,1
pacs.003.001.12,/Document/FIToFICstmrDrctDbt/DrctDbtTxInf/InstgAgt/BrnchId/PstlAdr/AdrLine,AdrLine,Max70Text,0,7
pacs.003.001.12,/Document/FIToFICstmrDrctDbt/DrctDbtTxInf/InstdAgt,InstdAgt,BranchAndFinancialInstitutionIdentification8,0,1
pacs.003.001.12,/Document/FIToFICstmrDrctDbt/DrctDbtTxInf/InstdAgt/FinInstnId,FinInstnId,FinancialInstitutionIdentification23,1,1
pacs.003.001.12,/Document/FIToFICstmrDrctDbt/DrctDbtTxInf/InstdAgt/FinInstnId/BICFI,BICFI,BICFIDec2014Identifier,0,1
pacs.003.001.12,/Document/FIToFICstmrDrctDbt/DrctDbtTxInf/InstdAgt/FinInstnId/ClrSysMmbId,ClrSysMmbId,ClearingSystemMemberIdentification2,0,1
pacs.003.001.12,/Document/FIToFICstmrDrctDbt/DrctDbtTxInf/InstdAgt/FinInstnId/ClrSysMmbId/ClrSysId,ClrSysId,ClearingSystemIdentification2Choice,0,1
pacs.003.001.12,/Document/FIToFICstmrDrctDbt/DrctDbtTxInf/InstdAgt/FinInstnId/ClrSysMmbId/ClrSysId/Cd,Cd,ExternalClearingSystemIdentification1Code,1,1
pacs.003.001.12,/Document/FIToFICstmrDrctDbt/DrctDbtTxInf/InstdAgt/FinInstnId/ClrSysMmbId/ClrSysId/Prtry,Prtry,Max35Text,1,1
pacs.003.001.12,/Document/FIToFICstmrDrctDbt/DrctDbtTxInf/InstdAgt/FinInstnId/ClrSysMmbId/MmbId,MmbId,Max35Text,1,1
pacs.003.001.12,/Document/FIToFICstmrDrctDbt/DrctDbtTxInf/InstdAgt/FinInstnId/LEI,LEI,LEIIdentifier,0,1
pacs.003.001.12,/Document/FIToFICstmrDrctDbt/DrctDbtTxInf/InstdAgt/FinInstnId/Nm,Nm,Max140Text,0,1
pacs.003.001.12,/Document/FIToFICstmrDrctDbt/DrctDbtTxInf/InstdAgt/FinInstnId/PstlAdr,PstlAdr,PostalAddress27,0,1
pacs.003.001.12,/Document/FIToFICstmrDrctDbt/DrctDbtTxInf/InstdAgt/FinInstnId/PstlAdr/AdrTp,AdrTp,AddressType3Choice,0,1
pacs.003.001.12,/Document/FIToFICstmrDrctDbt/DrctDbtTxInf/InstdAgt/FinInstnId/PstlAdr/AdrTp/Cd,Cd,AddressType2Code,1,1
pacs.003.001.12,/Document/FIToFICstmrDrctDbt/DrctDbtTxInf/InstdAgt/FinInstnId/PstlAdr/AdrTp/Prtry,Prtry,GenericIdentification30,1,1
pacs.003.001.12,/Document/FIToFICstmrDrctDbt/DrctDbtTxInf/InstdAgt/FinInstnId/PstlAdr/AdrTp/Prtry/Id,Id,Exact4AlphaNumericText,1,1
pacs.003.001.12,/Document/FIToFICstmrDrctDbt/DrctDbtTxInf/InstdAgt/FinInstnId/PstlAdr/AdrTp/Prtry/Issr,Issr,Max35Text,1,1
pacs.003.001.12,/Document/FIToFICstmrDrctDbt/DrctDbtTxInf/InstdAgt/FinInstnId/PstlAdr/AdrTp/Prtry/SchmeNm,SchmeNm,Max35Text,0,1
pacs.003.001.12,/Document/FIToFICstmrDrctDbt/DrctDbtTxInf/InstdAgt/FinInstnId/PstlAdr/CareOf,CareOf,Max140Text,0,1
pacs.003.001.12,/Document/FIToFICstmrDrctDbt/DrctDbtTxInf/InstdAgt/FinInstnId/PstlAdr/Dept,Dept,Max70Text,0,1
pacs.003.001.12,/Document/FIToFICstmrDrctDbt/DrctDbtTxInf/InstdAgt/FinInstnId/PstlAdr/SubDept,SubDept,Max70Text,0,1
pacs.003.001.12,/Document/FIToFICstmrDrctDbt/DrctDbtTxInf/InstdAgt/FinInstnId/PstlAdr/StrtNm,StrtNm,Max140Text,0,1
pacs.003.001.12,/Document/FIToFICstmrDrctDbt/DrctDbtTxInf/InstdAgt/FinInstnId/PstlAdr/BldgNb,BldgNb,Max16Text,0,1
pacs.003.001.12,/Document/FIToFICstmrDrctDbt/DrctDbtTxInf/InstdAgt/FinInstnId/PstlAdr/BldgNm,BldgNm,Max140Text,0,1
pacs.003.001.12,/Document/FIToFICstmrDrctDbt/DrctDbtTxInf/InstdAgt/FinInstnId/PstlAdr/Flr,Flr,Max70Text,0,1
pacs.003.001.12,/Document/FIToFICstmrDrctDbt/DrctDbtTxInf/InstdAgt/FinInstnId/PstlAdr/UnitNb,UnitNb,Max16Text,0,1
pacs.003.001.12,/Document/FIToFICstmrDrctDbt/DrctDbtTxInf/InstdAgt/FinInstnId/PstlAdr/PstBx,PstBx,Max16Text,0,1
pacs.003.001.12,/Document/FIToFICstmrDrctDbt/DrctDbtTxInf/InstdAgt/FinInstnId/PstlAdr/Room,Room,Max70Text,0,1
pacs.003.001.12,/Document/FIToFICstmrDrctDbt/DrctDbtTxInf/InstdAgt/FinInstnId/PstlAdr/PstCd,PstCd,Max16Text,0,1
pacs.003.001.12,/Document/FIToFICstmrDrctDbt/DrctDbtTxInf/InstdAgt/FinInstnId/PstlAdr/TwnNm,TwnNm,Max140Text,0,1
pacs.003.001.12,/Document/FIToFICstmrDrctDbt/DrctDbtTxInf/InstdAgt/FinInstnId/PstlAdr/TwnLctnNm,TwnLctnNm,Max140Text,0,1
pacs.003.001.12,/Document/FIToFICstmrDrctDbt/DrctDbtTxInf/InstdAgt/FinInstnId/PstlAdr/DstrctNm,DstrctNm,Max140Text,0,1
pacs.003.001.12,/Document/FIToFICstmrDrctDbt/DrctDbtTxInf/InstdAgt/FinInstnId/PstlAdr/CtrySubDvsn,CtrySubDvsn,Max35Text,0,1
pacs.003.001.12,/Document/FIToFICstmrDrctDbt/DrctDbtTxInf/InstdAgt/FinInstnId/PstlAdr/Ctry,Ctry,CountryCode,0,1
pacs.003.001.12,/Document/FIToFICstmrDrctDbt/DrctDbtTxInf/InstdAgt/FinInstnId/PstlAdr/AdrLine,AdrLine,Max70Text,0,7
pacs.003.001.12,/Document/FIToFICstmrDrctDbt/DrctDbtTxInf/InstdAgt/FinInstnId/Othr,Othr,GenericFinancialIdentification1,0,1
pacs.003.001.12,/Document/FIToFICstmrDrctDbt/DrctDbtTxInf/InstdAgt/FinInstnId/Othr/Id,Id,Max35Text,1,1
pacs.003.001.12,/Document/FIToFICstmrDrctDbt/DrctDbtTxInf/InstdAgt/FinInstnId/Othr/SchmeNm,SchmeNm,FinancialIdentificationSchemeName1Choice,0,1
pacs.003.001.12,/Document/FIToFICstmrDrctDbt/DrctDbtTxInf/InstdAgt/FinInstnId/Othr/SchmeNm/Cd,Cd,ExternalFinancialInstitutionIdentification1Code,1,1
pacs.003.001.12,/Document/FIToFICstmrDrctDbt/DrctDbtTxInf/InstdAgt/FinInstnId/Othr/SchmeNm/Prtry,Prtry,Max35Text,1,1
pacs.003.001.12,/Document/FIToFICstmrDrctDbt/DrctDbtTxInf/InstdAgt/FinInstnId/Othr/Issr,Issr,Max35Text,0,1
pacs.003.001.12,/Document/FIToFICstmrDrctDbt/DrctDbtTxInf/InstdAgt/BrnchId,BrnchId,BranchData5,0,1
pacs.003.001.12,/Document/FIToFICstmrDrctDbt/DrctDbtTxInf/InstdAgt/BrnchId/Id,Id,Max35Text,0,1
pacs.003.001.12,/Document/FIToFICstmrDrctDbt/DrctDbtTxInf/InstdAgt/BrnchId/LEI,LEI,LEIIdentifier,0,1
pacs.003.001.12,/Document/FIToFICstmrDrctDbt/DrctDbtTxInf/InstdAgt/BrnchId/Nm,Nm,Max140Text,0,1
pacs.003.001.12,/Document/FIToFICstmrDrctDbt/DrctDbtTxInf/InstdAgt/BrnchId/PstlAdr,PstlAdr,PostalAddress27,0,1
pacs.003.001.12,/Document/FIToFICstmrDrctDbt/DrctDbtTxInf/InstdAgt/BrnchId/PstlAdr/AdrTp,AdrTp,AddressType3Choice,0,1
pacs.003.001.12,/Document/FIToFICstmrDrctDbt/DrctDbtTxInf/InstdAgt/BrnchId/PstlAdr/AdrTp/Cd,Cd,AddressType2Code,1,1
pacs.003.001.12,/Document/FIToFICstmrDrctDbt/DrctDbtTxInf/InstdAgt/BrnchId/PstlAdr/AdrTp/Prtry,Prtry,GenericIdentification30,1,1
pacs.003.001.12,/Document/FIToFICstmrDrctDbt/DrctDbtTxInf/InstdAgt/BrnchId/PstlAdr/AdrTp/Prtry/Id,Id,Exact4AlphaNumericText,1,1
pacs.003.001.12,/Document/FIToFICstmrDrctDbt/DrctDbtTxInf/InstdAgt/BrnchId/PstlAdr/AdrTp/Prtry/Issr,Issr,Max35Text,1,1
pacs.003.001.12,/Document/FIToFICstmrDrctDbt/DrctDbtTxInf/InstdAgt/BrnchId/PstlAdr/AdrTp/Prtry/SchmeNm,SchmeNm,Max35Text,0,1
pacs.003.001.12,/Document/FIToFICstmrDrctDbt/DrctDbtTxInf/InstdAgt/BrnchId/PstlAdr/CareOf,CareOf,Max140Text,0,1
pacs.003.001.12,/Document/FIToFICstmrDrctDbt/DrctDbtTxInf/InstdAgt/BrnchId/PstlAdr/Dept,Dept,Max70Text,0,1
pacs.003.001.12,/Document/FIToFICstmrDrctDbt/DrctDbtTxInf/InstdAgt/BrnchId/PstlAdr/SubDept,SubDept,Max70Text,0,1
pacs.003.001.12,/Document/FIToFICstmrDrctDbt/DrctDbtTxInf/InstdAgt/BrnchId/PstlAdr/StrtNm,StrtNm,Max140Text,0,1
pacs.003.001.12,/Document/FIToFICstmrDrctDbt/DrctDbtTxInf/InstdAgt/BrnchId/PstlAdr/BldgNb,BldgNb,Max16Text,0,1
pacs.003.001.12,/Document/FIToFICstmrDrctDbt/DrctDbtTxInf/InstdAgt/BrnchId/PstlAdr/BldgNm,BldgNm,Max140Text,0,1
pacs.003.001.12,/Document/FIToFICstmrDrctDbt/DrctDbtTxInf/InstdAgt/BrnchId/PstlAdr/Flr,Flr,Max70Text,0,1
pacs.003.001.12,/Document/FIToFICstmrDrctDbt/DrctDbtTxInf/InstdAgt/BrnchId/PstlAdr/UnitNb,UnitNb,Max16Text,0,1
pacs.003.001.12,/Document/FIToFICstmrDrctDbt/DrctDbtTxInf/InstdAgt/BrnchId/PstlAdr/PstBx,PstBx,Max16Text,0,1
pacs.003.001.12,/Document/FIToFICstmrDrctDbt/DrctDbtTxInf/InstdAgt/BrnchId/PstlAdr/Room,Room,Max70Text,0,1
pacs.003.001.12,/Document/FIToFICstmrDrctDbt/DrctDbtTxInf/InstdAgt/BrnchId/PstlAdr/PstCd,PstCd,Max16Text,0,1
pacs.003.001.12,/Document/FIToFICstmrDrctDbt/DrctDbtTxInf/InstdAgt/BrnchId/PstlAdr/TwnNm,TwnNm,Max140Text,0,1
pacs.003.001.12,/Document/FIToFICstmrDrctDbt/DrctDbtTxInf/InstdAgt/BrnchId/PstlAdr/TwnLctnNm,TwnLctnNm,Max140Text,0,1
pacs.003.001.12,/Document/FIToFICstmrDrctDbt/DrctDbtTxInf/InstdAgt/BrnchId/PstlAdr/DstrctNm,DstrctNm,Max140Text,0,1
pacs.003.001.12,/Document/FIToFICstmrDrctDbt/DrctDbtTxInf/InstdAgt/BrnchId/PstlAdr/CtrySubDvsn,CtrySubDvsn,Max35Text,0,1
pacs.003.001.12,/Document/FIToFICstmrDrctDbt/DrctDbtTxInf/InstdAgt/BrnchId/PstlAdr/Ctry,Ctry,CountryCode,0,1
pacs.003.001.12,/Document/FIToFICstmrDrctDbt/DrctDbtTxInf/InstdAgt/BrnchId/PstlAdr/AdrLine,AdrLine,Max70Text,0,7
pacs.003.001.12,/Document/FIToFICstmrDrctDbt/DrctDbtTxInf/IntrmyAgt1,IntrmyAgt1,BranchAndFinancialInstitutionIdentification8,0,1
pacs.003.001.12,/Document/FIToFICstmrDrctDbt/DrctDbtTxInf/IntrmyAgt1/FinInstnId,FinInstnId,FinancialInstitutionIdentification23,1,1
pacs.003.001.12,/Document/FIToFICstmrDrctDbt/DrctDbtTxInf/IntrmyAgt1/FinInstnId/BICFI,BICFI,BICFIDec2014Identifier,0,1
pacs.003.001.12,/Document/FIToFICstmrDrctDbt/DrctDbtTxInf/IntrmyAgt1/FinInstnId/ClrSysMmbId,ClrSysMmbId,ClearingSystemMemberIdentification2,0,1
pacs.003.001.12,/Document/FIToFICstmrDrctDbt/DrctDbtTxInf/IntrmyAgt1/FinInstnId/ClrSysMmbId/ClrSysId,ClrSysId,ClearingSystemIdentification2Choice,0,1
pacs.003.001.12,/Document/FIToFICstmrDrctDbt/DrctDbtTxInf/IntrmyAgt1/FinInstnId/ClrSysMmbId/ClrSysId/Cd,Cd,ExternalClearingSystemIdentification1Code,1,1
pacs.003.001.12,/Document/FIToFICstmrDrctDbt/DrctDbtTxInf/IntrmyAgt1/FinInstnId/ClrSysMmbId/ClrSysId/Prtry,Prtry,Max35Text,1,1
pacs.003.001.12,/Document/FIToFICstmrDrctDbt/DrctDbtTxInf/IntrmyAgt1/FinInstnId/ClrSysMmbId/MmbId,MmbId,Max35Text,1,1
pacs.003.001.12,/Document/FIToFICstmrDrctDbt/DrctDbtTxInf/IntrmyAgt1/FinInstnId/LEI,LEI,LEIIdentifier,0,1
pacs.003.001.12,/Document/FIToFICstmrDrctDbt/DrctDbtTxInf/IntrmyAgt1/FinInstnId/Nm,Nm,Max140Text,0,1
pacs.003.001.12,/Document/FIToFICstmrDrctDbt/DrctDbtTxInf/IntrmyAgt1/FinInstnId/PstlAdr,PstlAdr,PostalAddress27,0,1
pacs.003.001.12,/Document/FIToFICstmrDrctDbt/DrctDbtTxInf/IntrmyAgt1/FinInstnId/PstlAdr/AdrTp,AdrTp,AddressType3Choice,0,1
pacs.003.001.12,/Document/FIToFICstmrDrctDbt/DrctDbtTxInf/IntrmyAgt1/FinInstnId/PstlAdr/AdrTp/Cd,Cd,AddressType2Code,1,1
pacs.003.001.12,/Document/FIToFICstmrDrctDbt/DrctDbtTxInf/IntrmyAgt1/FinInstnId/PstlAdr/AdrTp/Prtry,Prtry,GenericIdentification30,1,1
pacs.003.001.12,/Document/FIToFICstmrDrctDbt/DrctDbtTxInf/IntrmyAgt1/FinInstnId/PstlAdr/AdrTp/Prtry/Id,Id,Exact4AlphaNumericText,1,1
pacs.003.001.12,/Document/FIToFICstmrDrctDbt/DrctDbtTxInf/IntrmyAgt1/FinInstnId/PstlAdr/AdrTp/Prtry/Issr,Issr,Max35Text,1,1
pacs.003.001.12,/Document/FIToFICstmrDrctDbt/DrctDbtTxInf/IntrmyAgt1/FinInstnId/PstlAdr/AdrTp/Prtry/SchmeNm,SchmeNm,Max35Text,0,1
pacs.003.001.12,/Document/FIToFICstmrDrctDbt/DrctDbtTxInf/IntrmyAgt1/FinInstnId/PstlAdr/CareOf,CareOf,Max140Text,0,1
pacs.003.001.12,/Document/FIToFICstmrDrctDbt/DrctDbtTxInf/IntrmyAgt1/FinInstnId/PstlAdr/Dept,Dept,Max70Text,0,1
pacs.003.001.12,/Document/FIToFICstmrDrctDbt/DrctDbtTxInf/IntrmyAgt1/FinInstnId/PstlAdr/SubDept,SubDept,Max70Text,0,1
pacs.003.001.12,/Document/FIToFICstmrDrctDbt/DrctDbtTxInf/IntrmyAgt1/FinInstnId/PstlAdr/StrtNm,StrtNm,Max140Text,0,1
pacs.003.001.12,/Document/FIToFICstmrDrctDbt/DrctDbtTxInf/IntrmyAgt1/FinInstnId/PstlAdr/BldgNb,BldgNb,Max16Text,0,1
pacs.003.001.12,/Document/FIToFICstmrDrctDbt/DrctDbtTxInf/IntrmyAgt1/FinInstnId/PstlAdr/BldgNm,BldgNm,Max140Text,0,1
pacs.003.001.12,/Document/FIToFICstmrDrctDbt/DrctDbtTxInf/IntrmyAgt1/FinInstnId/PstlAdr/Flr,Flr,Max70Text,0,1
pacs.003.001.12,/Document/FIToFICstmrDrctDbt/DrctDbtTxInf/IntrmyAgt1/FinInstnId/PstlAdr/UnitNb,UnitNb,Max16Text,0,1
pacs.003.001.12,/Document/FIToFICstmrDrctDbt/DrctDbtTxInf/IntrmyAgt1/FinInstnId/PstlAdr/PstBx,PstBx,Max16Text,0,1
pacs.003.001.12,/Document/FIToFICstmrDrctDbt/DrctDbtTxInf/IntrmyAgt1/FinInstnId/PstlAdr/Room,Room,Max70Text,0,1
pacs.003.001.12,/Document/FIToFICstmrDrctDbt/DrctDbtTxInf/IntrmyAgt1/FinInstnId/PstlAdr/PstCd,PstCd,Max16Text,0,1
pacs.003.001.12,/Document/FIToFICstmrDrctDbt/DrctDbtTxInf/IntrmyAgt1/FinInstnId/PstlAdr/TwnNm,TwnNm,Max140Text,0,1
pacs.003.001.12,/Document/FIToFICstmrDrctDbt/DrctDbtTxInf/IntrmyAgt1/FinInstnId/PstlAdr/TwnLctnNm,TwnLctnNm,Max140Text,0,1
pacs.003.001.12,/Document/FIToFICstmrDrctDbt/DrctDbtTxInf/IntrmyAgt1/FinInstnId/PstlAdr/DstrctNm,DstrctNm,Max140Text,0,1
pacs.003.001.12,/Document/FIToFICstmrDrctDbt/DrctDbtTxInf/IntrmyAgt1/FinInstnId/PstlAdr/CtrySubDvsn,CtrySubDvsn,Max35Text,0,1
pacs.003.001.12,/Document/FIToFICstmrDrctDbt/DrctDbtTxInf/IntrmyAgt1/FinInstnId/PstlAdr/Ctry,Ctry,CountryCode,0,1
pacs.003.001.12,/Document/FIToFICstmrDrctDbt/DrctDbtTxInf/IntrmyAgt1/FinInstnId/PstlAdr/AdrLine,AdrLine,Max70Text,0,7
pacs.003.001.12,/Document/FIToFICstmrDrctDbt/DrctDbtTxInf/IntrmyAgt1/FinInstnId/Othr,Othr,GenericFinancialIdentification1,0,1
pacs.003.001.12,/Document/FIToFICstmrDrctDbt/DrctDbtTxInf/IntrmyAgt1/FinInstnId/Othr/Id,Id,Max35Text,1,1
pacs.003.001.12,/Document/FIToFICstmrDrctDbt/DrctDbtTxInf/IntrmyAgt1/FinInstnId/Othr/SchmeNm,SchmeNm,FinancialIdentificationSchemeName1Choice,0,1
pacs.003.001.12,/Document/FIToFICstmrDrctDbt/DrctDbtTxInf/IntrmyAgt1/FinInstnId/Othr/SchmeNm/Cd,Cd,ExternalFinancialInstitutionIdentification1Code,1,1
pacs.003.001.12,/Document/FIToFICstmrDrctDbt/DrctDbtTxInf/IntrmyAgt1/FinInstnId/Othr/SchmeNm/Prtry,Prtry,Max35Text,1,1
pacs.003.001.12,/Document/FIToFICstmrDrctDbt/DrctDbtTxInf/IntrmyAgt1/FinInstnId/Othr/Issr,Issr,Max35Text,0,1
pacs.003.001.12,/Document/FIToFICstmrDrctDbt/DrctDbtTxInf/IntrmyAgt1/BrnchId,BrnchId,BranchData5,0,1
pacs.003.001.12,/Document/FIToFICstmrDrctDbt/DrctDbtTxInf/IntrmyAgt1/BrnchId/Id,Id,Max35Text,0,1
pacs.003.001.12,/Document/FIToFICstmrDrctDbt/DrctDbtTxInf/IntrmyAgt1/BrnchId/LEI,LEI,LEIIdentifier,0,1
pacs.003.001.12,/Document/FIToFICstmrDrctDbt/DrctDbtTxInf/IntrmyAgt1/BrnchId/Nm,Nm,Max140Text,0,1
pacs.003.001.12,/Document/FIToFICstmrDrctDbt/DrctDbtTxInf/IntrmyAgt1/BrnchId/PstlAdr,PstlAdr,PostalAddress27,0,1
pacs.003.001.12,/Document/FIToFICstmrDrctDbt/DrctDbtTxInf/IntrmyAgt1/BrnchId/PstlAdr/AdrTp,AdrTp,AddressType3Choice,0,1
pacs.003.001.12,/Document/FIToFICstmrDrctDbt/DrctDbtTxInf/IntrmyAgt1/BrnchId/PstlAdr/AdrTp/Cd,Cd,AddressType2Code,1,1
pacs.003.001.12,/Document/FIToFICstmrDrctDbt/DrctDbtTxInf/IntrmyAgt1/BrnchId/PstlAdr/AdrTp/Prtry,Prtry,GenericIdentification30,1,1
pacs.003.001.12,/Document/FIToFICstmrDrctDbt/DrctDbtTxInf/IntrmyAgt1/BrnchId/PstlAdr/AdrTp/Prtry/Id,Id,Exact4AlphaNumericText,1,1
pacs.003.001.12,/Document/FIToFICstmrDrctDbt/DrctDbtTxInf/IntrmyAgt1/BrnchId/PstlAdr/AdrTp/Prtry/Issr,Issr,Max35Text,1,1
pacs.003.001.12,/Document/FIToFICstmrDrctDbt/DrctDbtTxInf/IntrmyAgt1/BrnchId/PstlAdr/AdrTp/Prtry/SchmeNm,SchmeNm,Max35Text,0,1
pacs.003.001.12,/Document/FIToFICstmrDrctDbt/DrctDbtTxInf/IntrmyAgt1/BrnchId/PstlAdr/CareOf,CareOf,Max140Text,0,1
pacs.003.001.12,/Document/FIToFICstmrDrctDbt/DrctDbtTxInf/IntrmyAgt1/BrnchId/PstlAdr/Dept,Dept,Max70Text,0,1
pacs.003.001.12,/Document/FIToFICstmrDrctDbt/DrctDbtTxInf/IntrmyAgt1/BrnchId/PstlAdr/SubDept,SubDept,Max70Text,0,1
pacs.003.001.12,/Document/FIToFICstmrDrctDbt/DrctDbtTxInf/IntrmyAgt1/BrnchId/PstlAdr/StrtNm,StrtNm,Max140Text,0,1
pacs.003.001.12,/Document/FIToFICstmrDrctDbt/DrctDbtTxInf/IntrmyAgt1/BrnchId/PstlAdr/BldgNb,BldgNb,Max16Text,0,1
pacs.003.001.12,/Document/FIToFICstmrDrctDbt/DrctDbtTxInf/IntrmyAgt1/BrnchId/PstlAdr/BldgNm,BldgNm,Max140Text,0,1
pacs.003.001.12,/Document/FIToFICstmrDrctDbt/DrctDbtTxInf/IntrmyAgt1/BrnchId/PstlAdr/Flr,Flr,Max70Text,0,1
pacs.003.001.12,/Document/FIToFICstmrDrctDbt/DrctDbtTxInf/IntrmyAgt1/BrnchId/PstlAdr/UnitNb,UnitNb,Max16Text,0,1
pacs.003.001.12,/Document/FIToFICstmrDrctDbt/DrctDbtTxInf/IntrmyAgt1/BrnchId/PstlAdr/PstBx,PstBx,Max16Text,0,1
pacs.003.001.12,/Document/FIToFICstmrDrctDbt/DrctDbtTxInf/IntrmyAgt1/BrnchId/PstlAdr/Room,Room,Max70Text,0,1
pacs.003.001.12,/Document/FIToFICstmrDrctDbt/DrctDbtTxInf/IntrmyAgt1/BrnchId/PstlAdr/PstCd,PstCd,Max16Text,0,1
pacs.003.001.12,/Document/FIToFICstmrDrctDbt/DrctDbtTxInf/IntrmyAgt1/BrnchId/PstlAdr/TwnNm,TwnNm,Max140Text,0,1
pacs.003.001.12,/Document/FIToFICstmrDrctDbt/DrctDbtTxInf/IntrmyAgt1/BrnchId/PstlAdr/TwnLctnNm,TwnLctnNm,Max140Text,0,1
pacs.003.001.12,/Document/FIToFICstmrDrctDbt/DrctDbtTxInf/IntrmyAgt1/BrnchId/PstlAdr/DstrctNm,DstrctNm,Max140Text,0,1
pacs.003.001.12,/Document/FIToFICstmrDrctDbt/DrctDbtTxInf/IntrmyAgt1/BrnchId/PstlAdr/CtrySubDvsn,CtrySubDvsn,Max35Text,0,1
pacs.003.001.12,/Document/FIToFICstmrDrctDbt/DrctDbtTxInf/IntrmyAgt1/BrnchId/PstlAdr/Ctry,Ctry,CountryCode,0,1
pacs.003.001.12,/Document/FIToFICstmrDrctDbt/DrctDbtTxInf/IntrmyAgt1/BrnchId/PstlAdr/AdrLine,AdrLine,Max70Text,0,7
pacs.003.001.12,/Document/FIToFICstmrDrctDbt/DrctDbtTxInf/IntrmyAgt1Acct,IntrmyAgt1Acct,CashAccount40,0,1
pacs.003.001.12,/Document/FIToFICstmrDrctDbt/DrctDbtTxInf/IntrmyAgt1Acct/Id,Id,AccountIdentification4Choice,0,1
pacs.003.001.12,/Document/FIToFICstmrDrctDbt/DrctDbtTxInf/IntrmyAgt1Acct/Id/IBAN,IBAN,IBAN2007Identifier,1,1
pacs.003.001.12,/Document/FIToFICstmrDrctDbt/DrctDbtTxInf/IntrmyAgt1Acct/Id/Othr,Othr,GenericAccountIdentification1,1,1
pacs.003.001.12,/Document/FIToFICstmrDrctDbt/DrctDbtTxInf/IntrmyAgt1Acct/Id/Othr/Id,Id,Max34Text,1,1
pacs.003.001.12,/Document/FIToFICstmrDrctDbt/DrctDbtTxInf/IntrmyAgt1Acct/Id/Othr/SchmeNm,SchmeNm,AccountSchemeName1Choice,0,1
pacs.003.001.12,/Document/FIToFICstmrDrctDbt/DrctDbtTxInf/IntrmyAgt1Acct/Id/Othr/SchmeNm/Cd,Cd,ExternalAccountIdentification1Code,1,1
pacs.003.001.12,/Document/FIToFICstmrDrctDbt/DrctDbtTxInf/IntrmyAgt1Acct/Id/Othr/SchmeNm/Prtry,Prtry,Max35Text,1,1
pacs.003.001.12,/Document/FIToFICstmrDrctDbt/DrctDbtTxInf/IntrmyAgt1Acct/Id/Othr/Issr,Issr,Max35Text,0,1
pacs.003.001.12,/Document/FIToFICstmrDrctDbt/DrctDbtTxInf/IntrmyAgt1Acct/Tp,Tp,CashAccountType2Choice,0,1
pacs.003.001.12,/Document/FIToFICstmrDrctDbt/DrctDbtTxInf/IntrmyAgt1Acct/Tp/Cd,Cd,ExternalCashAccountType1Code,1,1
pacs.003.001.12,/Document/FIToFICstmrDrctDbt/DrctDbtTxInf/IntrmyAgt1Acct/Tp/Prtry,Prtry,Max35Text,1,1
pacs.003.001.12,/Document/FIToFICstmrDrctDbt/DrctDbtTxInf/IntrmyAgt1Acct/Ccy,Ccy,ActiveOrHistoricCurrencyCode,0,1
pacs.003.001.12,/Document/FIToFICstmrDrctDbt/DrctDbtTxInf/IntrmyAgt1Acct/Nm,Nm,Max70Text,0,1
pacs.003.001.12,/Document/FIToFICstmrDrctDbt/DrctDbtTxInf/IntrmyAgt1Acct/Prxy,Prxy,ProxyAccountIdentification1,0,1
pacs.003.001.12,/Document/FIToFICstmrDrctDbt/DrctDbtTxInf/IntrmyAgt1Acct/Prxy/Tp,Tp,ProxyAccountType1Choice,0,1
pacs.003.001.12,/Document/FIToFICstmrDrctDbt/DrctDbtTxInf/IntrmyAgt1Acct/Prxy/Tp/Cd,Cd,ExternalProxyAccountType1Code,1,1
pacs.003.001.12,/Document/FIToFICstmrDrctDbt/DrctDbtTxInf/IntrmyAgt1Acct/Prxy/Tp/Prtry,Prtry,Max35Text,1,1
pacs.003.001.12,/Document/FIToFICstmrDrctDbt/DrctDbtTxInf/IntrmyAgt1Acct/Prxy/Id,Id,Max2048Text,1,1
pacs.003.001.12,/Document/FIToFICstmrDrctDbt/DrctDbtTxInf/IntrmyAgt2,IntrmyAgt2,BranchAndFinancialInstitutionIdentification8,0,1
pacs.003.001.12,/Document/FIToFICstmrDrctDbt/DrctDbtTxInf/IntrmyAgt2/FinInstnId,FinInstnId,FinancialInstitutionIdentification23,1,1
pacs.003.001.12,/Document/FIToFICstmrDrctDbt/DrctDbtTxInf/IntrmyAgt2/FinInstnId/BICFI,BICFI,BICFIDec2014Identifier,0,1
pacs.003.001.12,/Document/FIToFICstmrDrctDbt/DrctDbtTxInf/IntrmyAgt2/FinInstnId/ClrSysMmbId,ClrSysMmbId,ClearingSystemMemberIdentification2,0,1
pacs.003.001.12,/Document/FIToFICstmrDrctDbt/DrctDbtTxInf/IntrmyAgt2/FinInstnId/ClrSysMmbId/ClrSysId,ClrSysId,ClearingSystemIdentification2Choice,0,1
pacs.003.001.12,/Document/FIToFICstmrDrctDbt/DrctDbtTxInf/IntrmyAgt2/FinInstnId/ClrSysMmbId/ClrSysId/Cd,Cd,ExternalClearingSystemIdentification1Code,1,1
pacs.003.001.12,/Document/FIToFICstmrDrctDbt/DrctDbtTxInf/IntrmyAgt2/FinInstnId/ClrSysMmbId/ClrSysId/Prtry,Prtry,Max35Text,1,1
pacs.003.001.12,/Document/FIToFICstmrDrctDbt/DrctDbtTxInf/IntrmyAgt2/FinInstnId/ClrSysMmbId/MmbId,MmbId,Max35Text,1,1
pacs.003.001.12,/Document/FIToFICstmrDrctDbt/DrctDbtTxInf/IntrmyAgt2/FinInstnId/LEI,LEI,LEIIdentifier,0,1
pacs.003.001.12,/Document/FIToFICstmrDrctDbt/DrctDbtTxInf/IntrmyAgt2/FinInstnId/Nm,Nm,Max140Text,0,1
pacs.003.001.12,/Document/FIToFICstmrDrctDbt/DrctDbtTxInf/IntrmyAgt2/FinInstnId/PstlAdr,PstlAdr,PostalAddress27,0,1
pacs.003.001.12,/Document/FIToFICstmrDrctDbt/DrctDbtTxInf/IntrmyAgt2/FinInstnId/PstlAdr/AdrTp,AdrTp,AddressType3Choice,0,1
pacs.003.001.12,/Document/FIToFICstmrDrctDbt/DrctDbtTxInf/IntrmyAgt2/FinInstnId/PstlAdr/AdrTp/Cd,Cd,AddressType2Code,1,1
pacs.003.001.12,/Document/FIToFICstmrDrctDbt/DrctDbtTxInf/IntrmyAgt2/FinInstnId/PstlAdr/AdrTp/Prtry,Prtry,GenericIdentification30,1,1
pacs.003.001.12,/Document/FIToFICstmrDrctDbt/DrctDbtTxInf/IntrmyAgt2/FinInstnId/PstlAdr/AdrTp/Prtry/Id,Id,Exact4AlphaNumericText,1,1
pacs.003.001.12,/Document/FIToFICstmrDrctDbt/DrctDbtTxInf/IntrmyAgt2/FinInstnId/PstlAdr/AdrTp/Prtry/Issr,Issr,Max35Text,1,1
pacs.003.001.12,/Document/FIToFICstmrDrctDbt/DrctDbtTxInf/IntrmyAgt2/FinInstnId/PstlAdr/AdrTp/Prtry/SchmeNm,SchmeNm,Max35Text,0,1
pacs.003.001.12,/Document/FIToFICstmrDrctDbt/DrctDbtTxInf/IntrmyAgt2/FinInstnId/PstlAdr/CareOf,CareOf,Max140Text,0,1
pacs.003.001.12,/Document/FIToFICstmrDrctDbt/DrctDbtTxInf/IntrmyAgt2/FinInstnId/PstlAdr/Dept,Dept,Max70Text,0,1
pacs.003.001.12,/Document/FIToFICstmrDrctDbt/DrctDbtTxInf/IntrmyAgt2/FinInstnId/PstlAdr/SubDept,SubDept,Max70Text,0,1
pacs.003.001.12,/Document/FIToFICstmrDrctDbt/DrctDbtTxInf/IntrmyAgt2/FinInstnId/PstlAdr/StrtNm,StrtNm,Max140Text,0,1
pacs.003.001.12,/Document/FIToFICstmrDrctDbt/DrctDbtTxInf/IntrmyAgt2/FinInstnId/PstlAdr/BldgNb,BldgNb,Max16Text,0,1
pacs.003.001.12,/Document/FIToFICstmrDrctDbt/DrctDbtTxInf/IntrmyAgt2/FinInstnId/PstlAdr/BldgNm,BldgNm,Max140Text,0,1
pacs.003.001.12,/Document/FIToFICstmrDrctDbt/DrctDbtTxInf/IntrmyAgt2/FinInstnId/PstlAdr/Flr,Flr,Max70Text,0,1
pacs.003.001.12,/Document/FIToFICstmrDrctDbt/DrctDbtTxInf/IntrmyAgt2/FinInstnId/PstlAdr/UnitNb,UnitNb,Max16Text,0,1
pacs.003.001.12,/Document/FIToFICstmrDrctDbt/DrctDbtTxInf/IntrmyAgt2/FinInstnId/PstlAdr/PstBx,PstBx,Max16Text,0,1
pacs.003.001.12,/Document/FIToFICstmrDrctDbt/DrctDbtTxInf/IntrmyAgt2/FinInstnId/PstlAdr/Room,Room,Max70Text,0,1
pacs.003.001.12,/Document/FIToFICstmrDrctDbt/DrctDbtTxInf/IntrmyAgt2/FinInstnId/PstlAdr/PstCd,PstCd,Max16Text,0,1
pacs.003.001.12,/Document/FIToFICstmrDrctDbt/DrctDbtTxInf/IntrmyAgt2/FinInstnId/PstlAdr/TwnNm,TwnNm,Max140Text,0,1
pacs.003.001.12,/Document/FIToFICstmrDrctDbt/DrctDbtTxInf/IntrmyAgt2/FinInstnId/PstlAdr/TwnLctnNm,TwnLctnNm,Max140Text,0,1
pacs.003.001.12,/Document/FIToFICstmrDrctDbt/DrctDbtTxInf/IntrmyAgt2/FinInstnId/PstlAdr/DstrctNm,DstrctNm,Max140Text,0,1
pacs.003.001.12,/Document/FIToFICstmrDrctDbt/DrctDbtTxInf/IntrmyAgt2/FinInstnId/PstlAdr/CtrySubDvsn,CtrySubDvsn,Max35Text,0,1
pacs.003.001.12,/Document/FIToFICstmrDrctDbt/DrctDbtTxInf/IntrmyAgt2/FinInstnId/PstlAdr/Ctry,Ctry,CountryCode,0,1
pacs.003.001.12,/Document/FIToFICstmrDrctDbt/DrctDbtTxInf/IntrmyAgt2/FinInstnId/PstlAdr/AdrLine,AdrLine,Max70Text,0,7
pacs.003.001.12,/Document/FIToFICstmrDrctDbt/DrctDbtTxInf/IntrmyAgt2/FinInstnId/Othr,Othr,GenericFinancialIdentification1,0,1
pacs.003.001.12,/Document/FIToFICstmrDrctDbt/DrctDbtTxInf/IntrmyAgt2/FinInstnId/Othr/Id,Id,Max35Text,1,1
pacs.003.001.12,/Document/FIToFICstmrDrctDbt/DrctDbtTxInf/IntrmyAgt2/FinInstnId/Othr/SchmeNm,SchmeNm,FinancialIdentificationSchemeName1Choice,0,1
pacs.003.001.12,/Document/FIToFICstmrDrctDbt/DrctDbtTxInf/IntrmyAgt2/FinInstnId/Othr/SchmeNm/Cd,Cd,ExternalFinancialInstitutionIdentification1Code,1,1
pacs.003.001.12,/Document/FIToFICstmrDrctDbt/DrctDbtTxInf/IntrmyAgt2/FinInstnId/Othr/SchmeNm/Prtry,Prtry,Max35Text,1,1
pacs.003.001.12,/Document/FIToFICstmrDrctDbt/DrctDbtTxInf/IntrmyAgt2/FinInstnId/Othr/Issr,Issr,Max35Text,0,1
pacs.003.001.12,/Document/FIToFICstmrDrctDbt/DrctDbtTxInf/IntrmyAgt2/BrnchId,BrnchId,BranchData5,0,1
pacs.003.001.12,/Document/FIToFICstmrDrctDbt/DrctDbtTxInf/IntrmyAgt2/BrnchId/Id,Id,Max35Text,0,1
pacs.003.001.12,/Document/FIToFICstmrDrctDbt/DrctDbtTxInf/IntrmyAgt2/BrnchId/LEI,LEI,LEIIdentifier,0,1
pacs.003.001.12,/Document/FIToFICstmrDrctDbt/DrctDbtTxInf/IntrmyAgt2/BrnchId/Nm,Nm,Max140Text,0,1
pacs.003.001.12,/Document/FIToFICstmrDrctDbt/DrctDbtTxInf/IntrmyAgt2/BrnchId/PstlAdr,PstlAdr,PostalAddress27,0,1
pacs.003.001.12,/Document/FIToFICstmrDrctDbt/DrctDbtTxInf/IntrmyAgt2/BrnchId/PstlAdr/AdrTp,AdrTp,AddressType3Choice,0,1
pacs.003.001.12,/Document/FIToFICstmrDrctDbt/DrctDbtTxInf/IntrmyAgt2/BrnchId/PstlAdr/AdrTp/Cd,Cd,AddressType2Code,1,1
pacs.003.001.12,/Document/FIToFICstmrDrctDbt/DrctDbtTxInf/IntrmyAgt2/BrnchId/PstlAdr/AdrTp/Prtry,Prtry,GenericIdentification30,1,1
pacs.003.001.12,/Document/FIToFICstmrDrctDbt/DrctDbtTxInf/IntrmyAgt2/BrnchId/PstlAdr/AdrTp/Prtry/Id,Id,Exact4AlphaNumericText,1,1
pacs.003.001.12,/Document/FIToFICstmrDrctDbt/DrctDbtTxInf/IntrmyAgt2/BrnchId/PstlAdr/AdrTp/Prtry/Issr,Issr,Max35Text,1,1
pacs.003.001.12,/Document/FIToFICstmrDrctDbt/DrctDbtTxInf/IntrmyAgt2/BrnchId/PstlAdr/AdrTp/Prtry/SchmeNm,SchmeNm,Max35Text,0,1
pacs.003.001.12,/Document/FIToFICstmrDrctDbt/DrctDbtTxInf/IntrmyAgt2/BrnchId/PstlAdr/CareOf,CareOf,Max140Text,0,1
pacs.003.001.12,/Document/FIToFICstmrDrctDbt/DrctDbtTxInf/IntrmyAgt2/BrnchId/PstlAdr/Dept,Dept,Max70Text,0,1
pacs.003.001.12,/Document/FIToFICstmrDrctDbt/DrctDbtTxInf/IntrmyAgt2/BrnchId/PstlAdr/SubDept,SubDept,Max70Text,0,1
pacs.003.001.12,/Document/FIToFICstmrDrctDbt/DrctDbtTxInf/IntrmyAgt2/BrnchId/PstlAdr/StrtNm,StrtNm,Max140Text,0,1
pacs.003.001.12,/Document/FIToFICstmrDrctDbt/DrctDbtTxInf/IntrmyAgt2/BrnchId/PstlAdr/BldgNb,BldgNb,Max16Text,0,1
pacs.003.001.12,/Document/FIToFICstmrDrctDbt/DrctDbtTxInf/IntrmyAgt2/BrnchId/PstlAdr/BldgNm,BldgNm,Max140Text,0,1
pacs.003.001.12,/Document/FIToFICstmrDrctDbt/DrctDbtTxInf/IntrmyAgt2/BrnchId/PstlAdr/Flr,Flr,Max70Text,0,1
pacs.003.001.12,/Document/FIToFICstmrDrctDbt/DrctDbtTxInf/IntrmyAgt2/BrnchId/PstlAdr/UnitNb,UnitNb,Max16Text,0,1
pacs.003.001.12,/Document/FIToFICstmrDrctDbt/DrctDbtTxInf/IntrmyAgt2/BrnchId/PstlAdr/PstBx,PstBx,Max16Text,0,1
pacs.003.001.12,/Document/FIToFICstmrDrctDbt/DrctDbtTxInf/IntrmyAgt2/BrnchId/PstlAdr/Room,Room,Max70Text,0,1
pacs.003.001.12,/Document/FIToFICstmrDrctDbt/DrctDbtTxInf/IntrmyAgt2/BrnchId/PstlAdr/PstCd,PstCd,Max16Text,0,1
pacs.003.001.12,/Document/FIToFICstmrDrctDbt/DrctDbtTxInf/IntrmyAgt2/BrnchId/PstlAdr/TwnNm,TwnNm,Max140Text,0,1
pacs.003.001.12,/Document/FIToFICstmrDrctDbt/DrctDbtTxInf/IntrmyAgt2/BrnchId/PstlAdr/TwnLctnNm,TwnLctnNm,Max140Text,0,1
pacs.003.001.12,/Document/FIToFICstmrDrctDbt/DrctDbtTxInf/IntrmyAgt2/BrnchId/PstlAdr/DstrctNm,DstrctNm,Max140Text,0,1
pacs.003.001.12,/Document/FIToFICstmrDrctDbt/DrctDbtTxInf/IntrmyAgt2/BrnchId/PstlAdr/CtrySubDvsn,CtrySubDvsn,Max35Text,0,1
pacs.003.001.12,/Document/FIToFICstmrDrctDbt/DrctDbtTxInf/IntrmyAgt2/BrnchId/PstlAdr/Ctry,Ctry,CountryCode,0,1
pacs.003.001.12,/Document/FIToFICstmrDrctDbt/DrctDbtTxInf/IntrmyAgt2/BrnchId/PstlAdr/AdrLine,AdrLine,Max70Text,0,7
pacs.003.001.12,/Document/FIToFICstmrDrctDbt/DrctDbtTxInf/IntrmyAgt2Acct,IntrmyAgt2Acct,CashAccount40,0,1
pacs.003.001.12,/Document/FIToFICstmrDrctDbt/DrctDbtTxInf/IntrmyAgt2Acct/Id,Id,AccountIdentification4Choice,0,1
pacs.003.001.12,/Document/FIToFICstmrDrctDbt/DrctDbtTxInf/IntrmyAgt2Acct/Id/IBAN,IBAN,IBAN2007Identifier,1,1
pacs.003.001.12,/Document/FIToFICstmrDrctDbt/DrctDbtTxInf/IntrmyAgt2Acct/Id/Othr,Othr,GenericAccountIdentification1,1,1
pacs.003.001.12,/Document/FIToFICstmrDrctDbt/DrctDbtTxInf/IntrmyAgt2Acct/Id/Othr/Id,Id,Max34Text,1,1
pacs.003.001.12,/Document/FIToFICstmrDrctDbt/DrctDbtTxInf/IntrmyAgt2Acct/Id/Othr/SchmeNm,SchmeNm,AccountSchemeName1Choice,0,1
pacs.003.001.12,/Document/FIToFICstmrDrctDbt/DrctDbtTxInf/IntrmyAgt2Acct/Id/Othr/SchmeNm/Cd,Cd,ExternalAccountIdentification1Code,1,1
pacs.003.001.12,/Document/FIToFICstmrDrctDbt/DrctDbtTxInf/IntrmyAgt2Acct/Id/Othr/SchmeNm/Prtry,Prtry,Max35Text,1,1
pacs.003.001.12,/Document/FIToFICstmrDrctDbt/DrctDbtTxInf/IntrmyAgt2Acct/Id/Othr/Issr,Issr,Max35Text,0,1
pacs.003.001.12,/Document/FIToFICstmrDrctDbt/DrctDbtTxInf/IntrmyAgt2Acct/Tp,Tp,CashAccountType2Choice,0,1
pacs.003.001.12,/Document/FIToFICstmrDrctDbt/DrctDbtTxInf/IntrmyAgt2Acct/Tp/Cd,Cd,ExternalCashAccountType1Code,1,1
pacs.003.001.12,/Document/FIToFICstmrDrctDbt/DrctDbtTxInf/IntrmyAgt2Acct/Tp/Prtry,Prtry,Max35Text,1,1
pacs.003.001.12,/Document/FIToFICstmrDrctDbt/DrctDbtTxInf/IntrmyAgt2Acct/Ccy,Ccy,ActiveOrHistoricCurrencyCode,0,1
pacs.003.001.12,/Document/FIToFICstmrDrctDbt/DrctDbtTxInf/IntrmyAgt2Acct/Nm,Nm,Max70Text,0,1
pacs.003.001.12,/Document/FIToFICstmrDrctDbt/DrctDbtTxInf/IntrmyAgt2Acct/Prxy,Prxy,ProxyAccountIdentification1,0,1
pacs.003.001.12,/Document/FIToFICstmrDrctDbt/DrctDbtTxInf/IntrmyAgt2Acct/Prxy/Tp,Tp,ProxyAccountType1Choice,0,1
pacs.003.001.12,/Document/FIToFICstmrDrctDbt/DrctDbtTxInf/IntrmyAgt2Acct/Prxy/Tp/Cd,Cd,ExternalProxyAccountType1Code,1,1
pacs.003.001.12,/Document/FIToFICstmrDrctDbt/DrctDbtTxInf/IntrmyAgt2Acct/Prxy/Tp/Prtry,Prtry,Max35Text,1,1
pacs.003.001.12,/Document/FIToFICstmrDrctDbt/DrctDbtTxInf/IntrmyAgt2Acct/Prxy/Id,Id,Max2048Text,1,1
pacs.003.001.12,/Document/FIToFICstmrDrctDbt/DrctDbtTxInf/IntrmyAgt3,IntrmyAgt3,BranchAndFinancialInstitutionIdentification8,0,1
pacs.003.001.12,/Document/FIToFICstmrDrctDbt/DrctDbtTxInf/IntrmyAgt3/FinInstnId,FinInstnId,FinancialInstitutionIdentification23,1,1
pacs.003.001.12,/Document/FIToFICstmrDrctDbt/DrctDbtTxInf/IntrmyAgt3/FinInstnId/BICFI,BICFI,BICFIDec2014Identifier,0,1
pacs.003.001.12,/Document/FIToFICstmrDrctDbt/DrctDbtTxInf/IntrmyAgt3/FinInstnId/ClrSysMmbId,ClrSysMmbId,ClearingSystemMemberIdentification2,0,1
pacs.003.001.12,/Document/FIToFICstmrDrctDbt/DrctDbtTxInf/IntrmyAgt3/FinInstnId/ClrSysMmbId/ClrSysId,ClrSysId,ClearingSystemIdentification2Choice,0,1
pacs.003.001.12,/Document/FIToFICstmrDrctDbt/DrctDbtTxInf/IntrmyAgt3/FinInstnId/ClrSysMmbId/ClrSysId/Cd,Cd,ExternalClearingSystemIdentification1Code,1,1
pacs.003.001.12,/Document/FIToFICstmrDrctDbt/DrctDbtTxInf/IntrmyAgt3/FinInstnId/ClrSysMmbId/ClrSysId/Prtry,Prtry,Max35Text,1,1
pacs.003.001.12,/Document/FIToFICstmrDrctDbt/DrctDbtTxInf/IntrmyAgt3/FinInstnId/ClrSysMmbId/MmbId,MmbId,Max35Text,1,1
pacs.003.001.12,/Document/FIToFICstmrDrctDbt/DrctDbtTxInf/IntrmyAgt3/FinInstnId/LEI,LEI,LEIIdentifier,0,1
pacs.003.001.12,/Document/FIToFICstmrDrctDbt/DrctDbtTxInf/IntrmyAgt3/FinInstnId/Nm,Nm,Max140Text,0,1
pacs.003.001.12,/Document/FIToFICstmrDrctDbt/DrctDbtTxInf/IntrmyAgt3/FinInstnId/PstlAdr,PstlAdr,PostalAddress27,0,1
pacs.003.001.12,/Document/FIToFICstmrDrctDbt/DrctDbtTxInf/IntrmyAgt3/FinInstnId/PstlAdr/AdrTp,AdrTp,AddressType3Choice,0,1
pacs.003.001.12,/Document/FIToFICstmrDrctDbt/DrctDbtTxInf/IntrmyAgt3/FinInstnId/PstlAdr/AdrTp/Cd,Cd,AddressType2Code,1,1
pacs.003.001.12,/Document/FIToFICstmrDrctDbt/DrctDbtTxInf/IntrmyAgt3/FinInstnId/PstlAdr/AdrTp/Prtry,Prtry,GenericIdentification30,1,1
pacs.003.001.12,/Document/FIToFICstmrDrctDbt/DrctDbtTxInf/IntrmyAgt3/FinInstnId/PstlAdr/AdrTp/Prtry/Id,Id,Exact4AlphaNumericText,1,1
pacs.003.001.12,/Document/FIToFICstmrDrctDbt/DrctDbtTxInf/IntrmyAgt3/FinInstnId/PstlAdr/AdrTp/Prtry/Issr,Issr,Max35Text,1,1
pacs.003.001.12,/Document/FIToFICstmrDrctDbt/DrctDbtTxInf/IntrmyAgt3/FinInstnId/PstlAdr/AdrTp/Prtry/SchmeNm,SchmeNm,Max35Text,0,1
pacs.003.001.12,/Document/FIToFICstmrDrctDbt/DrctDbtTxInf/IntrmyAgt3/FinInstnId/PstlAdr/CareOf,CareOf,Max140Text,0,1
pacs.003.001.12,/Document/FIToFICstmrDrctDbt/DrctDbtTxInf/IntrmyAgt3/FinInstnId/PstlAdr/Dept,Dept,Max70Text,0,1
pacs.003.001.12,/Document/FIToFICstmrDrctDbt/DrctDbtTxInf/IntrmyAgt3/FinInstnId/PstlAdr/SubDept,SubDept,Max70Text,0,1
pacs.003.001.12,/Document/FIToFICstmrDrctDbt/DrctDbtTxInf/IntrmyAgt3/FinInstnId/PstlAdr/StrtNm,StrtNm,Max140Text,0,1
pacs.003.001.12,/Document/FIToFICstmrDrctDbt/DrctDbtTxInf/IntrmyAgt3/FinInstnId/PstlAdr/BldgNb,BldgNb,Max16Text,0,1
pacs.003.001.12,/Document/FIToFICstmrDrctDbt/DrctDbtTxInf/IntrmyAgt3/FinInstnId/PstlAdr/BldgNm,BldgNm,Max140Text,0,1
pacs.003.001.12,/Document/FIToFICstmrDrctDbt/DrctDbtTxInf/IntrmyAgt3/FinInstnId/PstlAdr/Flr,Flr,Max70Text,0,1
pacs.003.001.12,/Document/FIToFICstmrDrctDbt/DrctDbtTxInf/IntrmyAgt3/FinInstnId/PstlAdr/UnitNb,UnitNb,Max16Text,0,1
pacs.003.001.12,/Document/FIToFICstmrDrctDbt/DrctDbtTxInf/IntrmyAgt3/FinInstnId/PstlAdr/PstBx,PstBx,Max16Text,0,1
pacs.003.001.12,/Document/FIToFICstmrDrctDbt/DrctDbtTxInf/IntrmyAgt3/FinInstnId/PstlAdr/Room,Room,Max70Text,0,1
pacs.003.001.12,/Document/FIToFICstmrDrctDbt/DrctDbtTxInf/IntrmyAgt3/FinInstnId/PstlAdr/PstCd,PstCd,Max16Text,0,1
pacs.003.001.12,/Document/FIToFICstmrDrctDbt/DrctDbtTxInf/IntrmyAgt3/FinInstnId/PstlAdr/TwnNm,TwnNm,Max140Text,0,1
pacs.003.001.12,/Document/FIToFICstmrDrctDbt/DrctDbtTxInf/IntrmyAgt3/FinInstnId/PstlAdr/TwnLctnNm,TwnLctnNm,Max140Text,0,1
pacs.003.001.12,/Document/FIToFICstmrDrctDbt/DrctDbtTxInf/IntrmyAgt3/FinInstnId/PstlAdr/DstrctNm,DstrctNm,Max140Text,0,1
pacs.003.001.12,/Document/FIToFICstmrDrctDbt/DrctDbtTxInf/IntrmyAgt3/FinInstnId/PstlAdr/CtrySubDvsn,CtrySubDvsn,Max35Text,0,1
pacs.003.001.12,/Document/FIToFICstmrDrctDbt/DrctDbtTxInf/IntrmyAgt3/FinInstnId/PstlAdr/Ctry,Ctry,CountryCode,0,1
pacs.003.001.12,/Document/FIToFICstmrDrctDbt/DrctDbtTxInf/IntrmyAgt3/FinInstnId/PstlAdr/AdrLine,AdrLine,Max70Text,0,7
pacs.003.001.12,/Document/FIToFICstmrDrctDbt/DrctDbtTxInf/IntrmyAgt3/FinInstnId/Othr,Othr,GenericFinancialIdentification1,0,1
pacs.003.001.12,/Document/FIToFICstmrDrctDbt/DrctDbtTxInf/IntrmyAgt3/FinInstnId/Othr/Id,Id,Max35Text,1,1
pacs.003.001.12,/Document/FIToFICstmrDrctDbt/DrctDbtTxInf/IntrmyAgt3/FinInstnId/Othr/SchmeNm,SchmeNm,FinancialIdentificationSchemeName1Choice,0,1
pacs.003.001.12,/Document/FIToFICstmrDrctDbt/DrctDbtTxInf/IntrmyAgt3/FinInstnId/Othr/SchmeNm/Cd,Cd,ExternalFinancialInstitutionIdentification1Code,1,1
pacs.003.001.12,/Document/FIToFICstmrDrctDbt/DrctDbtTxInf/IntrmyAgt3/FinInstnId/Othr/SchmeNm/Prtry,Prtry,Max35Text,1,1
pacs.003.001.12,/Document/FIToFICstmrDrctDbt/DrctDbtTxInf/IntrmyAgt3/FinInstnId/Othr/Issr,Issr,Max35Text,0,1
pacs.003.001.12,/Document/FIToFICstmrDrctDbt/DrctDbtTxInf/IntrmyAgt3/BrnchId,BrnchId,BranchData5,0,1
pacs.003.001.12,/Document/FIToFICstmrDrctDbt/DrctDbtTxInf/IntrmyAgt3/BrnchId/Id,Id,Max35Text,0,1
pacs.003.001.12,/Document/FIToFICstmrDrctDbt/DrctDbtTxInf/IntrmyAgt3/BrnchId/LEI,LEI,LEIIdentifier,0,1
pacs.003.001.12,/Document/FIToFICstmrDrctDbt/DrctDbtTxInf/IntrmyAgt3/BrnchId/Nm,Nm,Max140Text,0,1
pacs.003.001.12,/Document/FIToFICstmrDrctDbt/DrctDbtTxInf/IntrmyAgt3/BrnchId/PstlAdr,PstlAdr,PostalAddress27,0,1
pacs.003.001.12,/Document/FIToFICstmrDrctDbt/DrctDbtTxInf/IntrmyAgt3/BrnchId/PstlAdr/AdrTp,AdrTp,AddressType3Choice,0,1
pacs.003.001.12,/Document/FIToFICstmrDrctDbt/DrctDbtTxInf/IntrmyAgt3/BrnchId/PstlAdr/AdrTp/Cd,Cd,AddressType2Code,1,1
pacs.003.001.12,/Document/FIToFICstmrDrctDbt/DrctDbtTxInf/IntrmyAgt3/BrnchId/PstlAdr/AdrTp/Prtry,Prtry,GenericIdentification30,1,1
pacs.003.001.12,/Document/FIToFICstmrDrctDbt/DrctDbtTxInf/IntrmyAgt3/BrnchId/PstlAdr/AdrTp/Prtry/Id,Id,Exact4AlphaNumericText,1,1
pacs.003.001.12,/Document/FIToFICstmrDrctDbt/DrctDbtTxInf/IntrmyAgt3/BrnchId/PstlAdr/AdrTp/Prtry/Issr,Issr,Max35Text,1,1
pacs.003.001.12,/Document/FIToFICstmrDrctDbt/DrctDbtTxInf/IntrmyAgt3/BrnchId/PstlAdr/AdrTp/Prtry/SchmeNm,SchmeNm,Max35Text,0,1
pacs.003.001.12,/Document/FIToFICstmrDrctDbt/DrctDbtTxInf/IntrmyAgt3/BrnchId/PstlAdr/CareOf,CareOf,Max140Text,0,1
pacs.003.001.12,/Document/FIToFICstmrDrctDbt/DrctDbtTxInf/IntrmyAgt3/BrnchId/PstlAdr/Dept,Dept,Max70Text,0,1
pacs.003.001.12,/Document/FIToFICstmrDrctDbt/DrctDbtTxInf/IntrmyAgt3/BrnchId/PstlAdr/SubDept,SubDept,Max70Text,0,1
pacs.003.001.12,/Document/FIToFICstmrDrctDbt/DrctDbtTxInf/IntrmyAgt3/BrnchId/PstlAdr/StrtNm,StrtNm,Max140Text,0,1
pacs.003.001.12,/Document/FIToFICstmrDrctDbt/DrctDbtTxInf/IntrmyAgt3/BrnchId/PstlAdr/BldgNb,BldgNb,Max16Text,0,1
pacs.003.001.12,/Document/FIToFICstmrDrctDbt/DrctDbtTxInf/IntrmyAgt3/BrnchId/PstlAdr/BldgNm,BldgNm,Max140Text,0,1
pacs.003.001.12,/Document/FIToFICstmrDrctDbt/DrctDbtTxInf/IntrmyAgt3/BrnchId/PstlAdr/Flr,Flr,Max70Text,0,1
pacs.003.001.12,/Document/FIToFICstmrDrctDbt/DrctDbtTxInf/IntrmyAgt3/BrnchId/PstlAdr/UnitNb,UnitNb,Max16Text,0,1
pacs.003.001.12,/Document/FIToFICstmrDrctDbt/DrctDbtTxInf/IntrmyAgt3/BrnchId/PstlAdr/PstBx,PstBx,Max16Text,0,1
pacs.003.001.12,/Document/FIToFICstmrDrctDbt/DrctDbtTxInf/IntrmyAgt3/BrnchId/PstlAdr/Room,Room,Max70Text,0,1
pacs.003.001.12,/Document/FIToFICstmrDrctDbt/DrctDbtTxInf/IntrmyAgt3/BrnchId/PstlAdr/PstCd,PstCd,Max16Text,0,1
pacs.003.001.12,/Document/FIToFICstmrDrctDbt/DrctDbtTxInf/IntrmyAgt3/BrnchId/PstlAdr/TwnNm,TwnNm,Max140Text,0,1
pacs.003.001.12,/Document/FIToFICstmrDrctDbt/DrctDbtTxInf/IntrmyAgt3/BrnchId/PstlAdr/TwnLctnNm,TwnLctnNm,Max140Text,0,1
pacs.003.001.12,/Document/FIToFICstmrDrctDbt/DrctDbtTxInf/IntrmyAgt3/BrnchId/PstlAdr/DstrctNm,DstrctNm,Max140Text,0,1
pacs.003.001.12,/Document/FIToFICstmrDrctDbt/DrctDbtTxInf/IntrmyAgt3/BrnchId/PstlAdr/CtrySubDvsn,CtrySubDvsn,Max35Text,0,1
pacs.003.001.12,/Document/FIToFICstmrDrctDbt/DrctDbtTxInf/IntrmyAgt3/BrnchId/PstlAdr/Ctry,Ctry,CountryCode,0,1
pacs.003.001.12,/Document/FIToFICstmrDrctDbt/DrctDbtTxInf/IntrmyAgt3/BrnchId/PstlAdr/AdrLine,AdrLine,Max70Text,0,7
pacs.003.001.12,/Document/FIToFICstmrDrctDbt/DrctDbtTxInf/IntrmyAgt3Acct,IntrmyAgt3Acct,CashAccount40,0,1
pacs.003.001.12,/Document/FIToFICstmrDrctDbt/DrctDbtTxInf/IntrmyAgt3Acct/Id,Id,AccountIdentification4Choice,0,1
pacs.003.001.12,/Document/FIToFICstmrDrctDbt/DrctDbtTxInf/IntrmyAgt3Acct/Id/IBAN,IBAN,IBAN2007Identifier,1,1
pacs.003.001.12,/Document/FIToFICstmrDrctDbt/DrctDbtTxInf/IntrmyAgt3Acct/Id/Othr,Othr,GenericAccountIdentification1,1,1
pacs.003.001.12,/Document/FIToFICstmrDrctDbt/DrctDbtTxInf/IntrmyAgt3Acct/Id/Othr/Id,Id,Max34Text,1,1
pacs.003.001.12,/Document/FIToFICstmrDrctDbt/DrctDbtTxInf/IntrmyAgt3Acct/Id/Othr/SchmeNm,SchmeNm,AccountSchemeName1Choice,0,1
pacs.003.001.12,/Document/FIToFICstmrDrctDbt/DrctDbtTxInf/IntrmyAgt3Acct/Id/Othr/SchmeNm/Cd,Cd,ExternalAccountIdentification1Code,1,1
pacs.003.001.12,/Document/FIToFICstmrDrctDbt/DrctDbtTxInf/IntrmyAgt3Acct/Id/Othr/SchmeNm/Prtry,Prtry,Max35Text,1,1
pacs.003.001.12,/Document/FIToFICstmrDrctDbt/DrctDbtTxInf/IntrmyAgt3Acct/Id/Othr/Issr,Issr,Max35Text,0,1
pacs.003.001.12,/Document/FIToFICstmrDrctDbt/DrctDbtTxInf/IntrmyAgt3Acct/Tp,Tp,CashAccountType2Choice,0,1
pacs.003.001.12,/Document/FIToFICstmrDrctDbt/DrctDbtTxInf/IntrmyAgt3Acct/Tp/Cd,Cd,ExternalCashAccountType1Code,1,1
pacs.003.001.12,/Document/FIToFICstmrDrctDbt/DrctDbtTxInf/IntrmyAgt3Acct/Tp/Prtry,Prtry,Max35Text,1,1
pacs.003.001.12,/Document/FIToFICstmrDrctDbt/DrctDbtTxInf/IntrmyAgt3Acct/Ccy,Ccy,ActiveOrHistoricCurrencyCode,0,1
pacs.003.001.12,/Document/FIToFICstmrDrctDbt/DrctDbtTxInf/IntrmyAgt3Acct/Nm,Nm,Max70Text,0,1
pacs.003.001.12,/Document/FIToFICstmrDrctDbt/DrctDbtTxInf/IntrmyAgt3Acct/Prxy,Prxy,ProxyAccountIdentification1,0,1
pacs.003.001.12,/Document/FIToFICstmrDrctDbt/DrctDbtTxInf/IntrmyAgt3Acct/Prxy/Tp,Tp,ProxyAccountType1Choice,0,1
pacs.003.001.12,/Document/FIToFICstmrDrctDbt/DrctDbtTxInf/IntrmyAgt3Acct/Prxy/Tp/Cd,Cd,ExternalProxyAccountType1Code,1,1
pacs.003.001.12,/Document/FIToFICstmrDrctDbt/DrctDbtTxInf/IntrmyAgt3Acct/Prxy/Tp/Prtry,Prtry,Max35Text,1,1
pacs.003.001.12,/Document/FIToFICstmrDrctDbt/DrctDbtTxInf/IntrmyAgt3Acct/Prxy/Id,Id,Max2048Text,1,1
pacs.003.001.12,/Document/FIToFICstmrDrctDbt/DrctDbtTxInf/Dbtr,Dbtr,PartyIdentification272,1,1
pacs.003.001.12,/Document/FIToFICstmrDrctDbt/DrctDbtTxInf/Dbtr/Nm,Nm,Max140Text,0,1
pacs.003.001.12,/Document/FIToFICstmrDrctDbt/DrctDbtTxInf/Dbtr/PstlAdr,PstlAdr,PostalAddress27,0,1
pacs.003.001.12,/Document/FIToFICstmrDrctDbt/DrctDbtTxInf/Dbtr/PstlAdr/AdrTp,AdrTp,AddressType3Choice,0,1
pacs.003.001.12,/Document/FIToFICstmrDrctDbt/DrctDbtTxInf/Dbtr/PstlAdr/AdrTp/Cd,Cd,AddressType2Code,1,1
pacs.003.001.12,/Document/FIToFICstmrDrctDbt/DrctDbtTxInf/Dbtr/PstlAdr/AdrTp/Prtry,Prtry,GenericIdentification30,1,1
pacs.003.001.12,/Document/FIToFICstmrDrctDbt/DrctDbtTxInf/Dbtr/PstlAdr/AdrTp/Prtry/Id,Id,Exact4AlphaNumericText,1,1
pacs.003.001.12,/Document/FIToFICstmrDrctDbt/DrctDbtTxInf/Dbtr/PstlAdr/AdrTp/Prtry/Issr,Issr,Max35Text,1,1
pacs.003.001.12,/Document/FIToFICstmrDrctDbt/DrctDbtTxInf/Dbtr/PstlAdr/AdrTp/Prtry/SchmeNm,SchmeNm,Max35Text,0,1
pacs.003.001.12,/Document/FIToFICstmrDrctDbt/DrctDbtTxInf/Dbtr/PstlAdr/CareOf,CareOf,Max140Text,0,1
pacs.003.001.12,/Document/FIToFICstmrDrctDbt/DrctDbtTxInf/Dbtr/PstlAdr/Dept,Dept,Max70Text,0,1
pacs.003.001.12,/Document/FIToFICstmrDrctDbt/DrctDbtTxInf/Dbtr/PstlAdr/SubDept,SubDept,Max70Text,0,1
pacs.003.001.12,/Document/FIToFICstmrDrctDbt/DrctDbtTxInf/Dbtr/PstlAdr/StrtNm,StrtNm,Max140Text,0,1
pacs.003.001.12,/Document/FIToFICstmrDrctDbt/DrctDbtTxInf/Dbtr/PstlAdr/BldgNb,BldgNb,Max16Text,0,1
pacs.003.001.12,/Document/FIToFICstmrDrctDbt/DrctDbtTxInf/Dbtr/PstlAdr/BldgNm,BldgNm,Max140Text,0,1
pacs.003.001.12,/Document/FIToFICstmrDrctDbt/DrctDbtTxInf/Dbtr/PstlAdr/Flr,Flr,Max70Text,0,1
pacs.003.001.12,/Document/FIToFICstmrDrctDbt/DrctDbtTxInf/Dbtr/PstlAdr/UnitNb,UnitNb,Max16Text,0,1
pacs.003.001.12,/Document/FIToFICstmrDrctDbt/DrctDbtTxInf/Dbtr/PstlAdr/PstBx,PstBx,Max16Text,0,1
pacs.003.001.12,/Document/FIToFICstmrDrctDbt/DrctDbtTxInf/Dbtr/PstlAdr/Room,Room,Max70Text,0,1
pacs.003.001.12,/Document/FIToFICstmrDrctDbt/DrctDbtTxInf/Dbtr/PstlAdr/PstCd,PstCd,Max16Text,0,1
pacs.003.001.12,/Document/FIToFICstmrDrctDbt/DrctDbtTxInf/Dbtr/PstlAdr/TwnNm,TwnNm,Max140Text,0,1
pacs.003.001.12,/Document/FIToFICstmrDrctDbt/DrctDbtTxInf/Dbtr/PstlAdr/TwnLctnNm,TwnLctnNm,Max140Text,0,1
pacs.003.001.12,/Document/FIToFICstmrDrctDbt/DrctDbtTxInf/Dbtr/PstlAdr/DstrctNm,DstrctNm,Max140Text,0,1
pacs.003.001.12,/Document/FIToFICstmrDrctDbt/DrctDbtTxInf/Dbtr/PstlAdr/CtrySubDvsn,CtrySubDvsn,Max35Text,0,1
pacs.003.001.12,/Document/FIToFICstmrDrctDbt/DrctDbtTxInf/Dbtr/PstlAdr/Ctry,Ctry,CountryCode,0,1
pacs.003.001.12,/Document/FIToFICstmrDrctDbt/DrctDbtTxInf/Dbtr/PstlAdr/AdrLine,AdrLine,Max70Text,0,7
pacs.003.001.12,/Document/FIToFICstmrDrctDbt/DrctDbtTxInf/Dbtr/Id,Id,Party52Choice,0,1
pacs.003.001.12,/Document/FIToFICstmrDrctDbt/DrctDbtTxInf/Dbtr/Id/OrgId,OrgId,OrganisationIdentification39,1,1
pacs.003.001.12,/Document/FIToFICstmrDrctDbt/DrctDbtTxInf/Dbtr/Id/OrgId/AnyBIC,AnyBIC,AnyBICDec2014Identifier,0,1
pacs.003.001.12,/Document/FIToFICstmrDrctDbt/DrctDbtTxInf/Dbtr/Id/OrgId/LEI,LEI,LEIIdentifier,0,1
pacs.003.001.12,/Document/FIToFICstmrDrctDbt/DrctDbtTxInf/Dbtr/Id/OrgId/Othr,Othr,GenericOrganisationIdentification3,0,
pacs.003.001.12,/Document/FIToFICstmrDrctDbt/DrctDbtTxInf/Dbtr/Id/OrgId/Othr/Id,Id,Max256Text,1,1
pacs.003.001.12,/Document/FIToFICstmrDrctDbt/DrctDbtTxInf/Dbtr/Id/OrgId/Othr/SchmeNm,SchmeNm,OrganisationIdentificationSchemeName1Choice,0,1
pacs.003.001.12,/Document/FIToFICstmrDrctDbt/DrctDbtTxInf/Dbtr/Id/OrgId/Othr/SchmeNm/Cd,Cd,ExternalOrganisationIdentification1Code,1,1
pacs.003.001.12,/Document/FIToFICstmrDrctDbt/DrctDbtTxInf/Dbtr/Id/OrgId/Othr/SchmeNm/Prtry,Prtry,Max35Text,1,1
pacs.003.001.12,/Document/FIToFICstmrDrctDbt/DrctDbtTxInf/Dbtr/Id/OrgId/Othr/Issr,Issr,Max35Text,0,1
pacs.003.001.12,/Document/FIToFICstmrDrctDbt/DrctDbtTxInf/Dbtr/Id/PrvtId,PrvtId,PersonIdentification18,1,1
pacs.003.001.12,/Document/FIToFICstmrDrctDbt/DrctDbtTxInf/Dbtr/Id/PrvtId/DtAndPlcOfBirth,DtAndPlcOfBirth,DateAndPlaceOfBirth1,0,1
pacs.003.001.12,/Document/FIToFICstmrDrctDbt/DrctDbtTxInf/Dbtr/Id/PrvtId/DtAndPlcOfBirth/BirthDt,BirthDt,ISODate,1,1
pacs.003.001.12,/Document/FIToFICstmrDrctDbt/DrctDbtTxInf/Dbtr/Id/PrvtId/DtAndPlcOfBirth/PrvcOfBirth,PrvcOfBirth,Max35Text,0,1
pacs.003.001.12,/Document/FIToFICstmrDrctDbt/DrctDbtTxInf/Dbtr/Id/PrvtId/DtAndPlcOfBirth/CityOfBirth,CityOfBirth,Max35Text,1,1
pacs.003.001.12,/Document/FIToFICstmrDrctDbt/DrctDbtTxInf/Dbtr/Id/PrvtId/DtAndPlcOfBirth/CtryOfBirth,CtryOfBirth,CountryCode,1,1
pacs.003.001.12,/Document/FIToFICstmrDrctDbt/DrctDbtTxInf/Dbtr/Id/PrvtId/Othr,Othr,GenericPersonIdentification2,0,
pacs.003.001.12,/Document/FIToFICstmrDrctDbt/DrctDbtTxInf/Dbtr/Id/PrvtId/Othr/Id,Id,Max256Text,1,1
pacs.003.001.12,/Document/FIToFICstmrDrctDbt/DrctDbtTxInf/Dbtr/Id/PrvtId/Othr/SchmeNm,SchmeNm,PersonIdentificationSchemeName1Choice,0,1
pacs.003.001.12,/Document/FIToFICstmrDrctDbt/DrctDbtTxInf/Dbtr/Id/PrvtId/Othr/SchmeNm/Cd,Cd,ExternalPersonIdentification1Code,1,1
pacs.003.001.12,/Document/FIToFICstmrDrctDbt/DrctDbtTxInf/Dbtr/Id/PrvtId/Othr/SchmeNm/Prtry,Prtry,Max35Text,1,1
pacs.003.001.12,/Document/FIToFICstmrDrctDbt/DrctDbtTxInf/Dbtr/Id/PrvtId/Othr/Issr,Issr,Max35Text,0,1
pacs.003.001.12,/Document/FIToFICstmrDrctDbt/DrctDbtTxInf/Dbtr/CtryOfRes,CtryOfRes,CountryCode,0,1
pacs.003.001.12,/Document/FIToFICstmrDrctDbt/DrctDbtTxInf/Dbtr/CtctDtls,CtctDtls,Contact13,0,1
pacs.003.001.12,/Document/FIToFICstmrDrctDbt/DrctDbtTxInf/Dbtr/CtctDtls/NmPrfx,NmPrfx,NamePrefix2Code,0,1
pacs.003.001.12,/Document/FIToFICstmrDrctDbt/DrctDbtTxInf/Dbtr/CtctDtls/Nm,Nm,Max140Text,0,1
pacs.003.001.12,/Document/FIToFICstmrDrctDbt/DrctDbtTxInf/Dbtr/CtctDtls/PhneNb,PhneNb,PhoneNumber,0,1
pacs.003.001.12,/Document/FIToFICstmrDrctDbt/DrctDbtTxInf/Dbtr/CtctDtls/MobNb,MobNb,PhoneNumber,0,1
pacs.003.001.12,/Document/FIToFICstmrDrctDbt/DrctDbtTxInf/Dbtr/CtctDtls/FaxNb,FaxNb,PhoneNumber,0,1
pacs.003.001.12,/Document/FIToFICstmrDrctDbt/DrctDbtTxInf/Dbtr/CtctDtls/URLAdr,URLAdr,Max2048Text,0,1
pacs.003.001.12,/Document/FIToFICstmrDrctDbt/DrctDbtTxInf/Dbtr/CtctDtls/EmailAdr,EmailAdr,Max256Text,0,1
pacs.003.001.12,/Document/FIToFICstmrDrctDbt/DrctDbtTxInf/Dbtr/CtctDtls/EmailPurp,EmailPurp,Max35Text,0,1
pacs.003.001.12,/Document/FIToFICstmrDrctDbt/DrctDbtTxInf/Dbtr/CtctDtls/JobTitl,JobTitl,Max35Text,0,1
pacs.003.001.12,/Document/FIToFICstmrDrctDbt/DrctDbtTxInf/Dbtr/CtctDtls/Rspnsblty,Rspnsblty,Max35Text,0,1
pacs.003.001.12,/Document/FIToFICstmrDrctDbt/DrctDbtTxInf/Dbtr/CtctDtls/Dept,Dept,Max70Text,0,1
pacs.003.001.12,/Document/FIToFICstmrDrctDbt/DrctDbtTxInf/Dbtr/CtctDtls/Othr,Othr,OtherContact1,0,
pacs.003.001.12,/Document/FIToFICstmrDrctDbt/DrctDbtTxInf/Dbtr/CtctDtls/Othr/ChanlTp,ChanlTp,Max4Text,1,1
pacs.003.001.12,/Document/FIToFICstmrDrctDbt/DrctDbtTxInf/Dbtr/CtctDtls/Othr/Id,Id,Max128Text,0,1
pacs.003.001.12,/Document/FIToFICstmrDrctDbt/DrctDbtTxInf/Dbtr/CtctDtls/PrefrdMtd,PrefrdMtd,PreferredContactMethod2Code,0,1
pacs.003.001.12,/Document/FIToFICstmrDrctDbt/DrctDbtTxInf/DbtrAcct,DbtrAcct,CashAccount40,1,1
pacs.003.001.12,/Document/FIToFICstmrDrctDbt/DrctDbtTxInf/DbtrAcct/Id,Id,AccountIdentification4Choice,0,1
pacs.003.001.12,/Document/FIToFICstmrDrctDbt/DrctDbtTxInf/DbtrAcct/Id/IBAN,IBAN,IBAN2007Identifier,1,1
pacs.003.001.12,/Document/FIToFICstmrDrctDbt/DrctDbtTxInf/DbtrAcct/Id/Othr,Othr,GenericAccountIdentification1,1,1
pacs.003.001.12,/Document/FIToFICstmrDrctDbt/DrctDbtTxInf/DbtrAcct/Id/Othr/Id,Id,Max34Text,1,1
pacs.003.001.12,/Document/FIToFICstmrDrctDbt/DrctDbtTxInf/DbtrAcct/Id/Othr/SchmeNm,SchmeNm,AccountSchemeName1Choice,0,1
pacs.003.001.12,/Document/FIToFICstmrDrctDbt/DrctDbtTxInf/DbtrAcct/Id/Othr/SchmeNm/Cd,Cd,ExternalAccountIdentification1Code,1,1
pacs.003.001.12,/Document/FIToFICstmrDrctDbt/DrctDbtTxInf/DbtrAcct/Id/Othr/SchmeNm/Prtry,Prtry,Max35Text,1,1
pacs.003.001.12,/Document/FIToFICstmrDrctDbt/DrctDbtTxInf/DbtrAcct/Id/Othr/Issr,Issr,Max35Text,0,1
pacs.003.001.12,/Document/FIToFICstmrDrctDbt/DrctDbtTxInf/DbtrAcct/Tp,Tp,CashAccountType2Choice,0,1
pacs.003.001.12,/Document/FIToFICstmrDrctDbt/DrctDbtTxInf/DbtrAcct/Tp/Cd,Cd,ExternalCashAccountType1Code,1,1
pacs.003.001.12,/Document/FIToFICstmrDrctDbt/DrctDbtTxInf/DbtrAcct/Tp/Prtry,Prtry,Max35Text,1,1
pacs.003.001.12,/Document/FIToFICstmrDrctDbt/DrctDbtTxInf/DbtrAcct/Ccy,Ccy,ActiveOrHistoricCurrencyCode,0,1
pacs.003.001.12,/Document/FIToFICstmrDrctDbt/DrctDbtTxInf/DbtrAcct/Nm,Nm,Max70Text,0,1
pacs.003.001.12,/Document/FIToFICstmrDrctDbt/DrctDbtTxInf/DbtrAcct/Prxy,Prxy,ProxyAccountIdentification1,0,1
pacs.003.001.12,/Document/FIToFICstmrDrctDbt/DrctDbtTxInf/DbtrAcct/Prxy/Tp,Tp,ProxyAccountType1Choice,0,1
pacs.003.001.12,/Document/FIToFICstmrDrctDbt/DrctDbtTxInf/DbtrAcct/Prxy/Tp/Cd,Cd,ExternalProxyAccountType1Code,1,1
pacs.003.001.12,/Document/FIToFICstmrDrctDbt/DrctDbtTxInf/DbtrAcct/Prxy/Tp/Prtry,Prtry,Max35Text,1,1
pacs.003.001.12,/Document/FIToFICstmrDrctDbt/DrctDbtTxInf/DbtrAcct/Prxy/Id,Id,Max2048Text,1,1
pacs.003.001.12,/Document/FIToFICstmrDrctDbt/DrctDbtTxInf/DbtrAgt,DbtrAgt,BranchAndFinancialInstitutionIdentification8,1,1
pacs.003.001.12,/Document/FIToFICstmrDrctDbt/DrctDbtTxInf/DbtrAgt/FinInstnId,FinInstnId,FinancialInstitutionIdentification23,1,1
pacs.003.001.12,/Document/FIToFICstmrDrctDbt/DrctDbtTxInf/DbtrAgt/FinInstnId/BICFI,BICFI,BICFIDec2014Identifier,0,1
pacs.003.001.12,/Document/FIToFICstmrDrctDbt/DrctDbtTxInf/DbtrAgt/FinInstnId/ClrSysMmbId,ClrSysMmbId,ClearingSystemMemberIdentification2,0,1
pacs.003.001.12,/Document/FIToFICstmrDrctDbt/DrctDbtTxInf/DbtrAgt/FinInstnId/ClrSysMmbId/ClrSysId,ClrSysId,ClearingSystemIdentification2Choice,0,1
pacs.003.001.12,/Document/FIToFICstmrDrctDbt/DrctDbtTxInf/DbtrAgt/FinInstnId/ClrSysMmbId/ClrSysId/Cd,Cd,ExternalClearingSystemIdentification1Code,1,1
pacs.003.001.12,/Document/FIToFICstmrDrctDbt/DrctDbtTxInf/DbtrAgt/FinInstnId/ClrSysMmbId/ClrSysId/Prtry,Prtry,Max35Text,1,1
pacs.003.001.12,/Document/FIToFICstmrDrctDbt/DrctDbtTxInf/DbtrAgt/FinInstnId/ClrSysMmbId/MmbId,MmbId,Max35Text,1,1
pacs.003.001.12,/Document/FIToFICstmrDrctDbt/DrctDbtTxInf/DbtrAgt/FinInstnId/LEI,LEI,LEIIdentifier,0,1
pacs.003.001.12,/Document/FIToFICstmrDrctDbt/DrctDbtTxInf/DbtrAgt/FinInstnId/Nm,Nm,Max140Text,0,1
pacs.003.001.12,/Document/FIToFICstmrDrctDbt/DrctDbtTxInf/DbtrAgt/FinInstnId/PstlAdr,PstlAdr,PostalAddress27,0,1
pacs.003.001.12,/Document/FIToFICstmrDrctDbt/DrctDbtTxInf/DbtrAgt/FinInstnId/PstlAdr/AdrTp,AdrTp,AddressType3Choice,0,1
pacs.003.001.12,/Document/FIToFICstmrDrctDbt/DrctDbtTxInf/DbtrAgt/FinInstnId/PstlAdr/AdrTp/Cd,Cd,AddressType2Code,1,1
pacs.003.001.12,/Document/FIToFICstmrDrctDbt/DrctDbtTxInf/DbtrAgt/FinInstnId/PstlAdr/AdrTp/Prtry,Prtry,GenericIdentification30,1,1
pacs.003.001.12,/Document/FIToFICstmrDrctDbt/DrctDbtTxInf/DbtrAgt/FinInstnId/PstlAdr/AdrTp/Prtry/Id,Id,Exact4AlphaNumericText,1,1
pacs.003.001.12,/Document/FIToFICstmrDrctDbt/DrctDbtTxInf/DbtrAgt/FinInstnId/PstlAdr/AdrTp/Prtry/Issr,Issr,Max35Text,1,1
pacs.003.001.12,/Document/FIToFICstmrDrctDbt/DrctDbtTxInf/DbtrAgt/FinInstnId/PstlAdr/AdrTp/Prtry/SchmeNm,SchmeNm,Max35Text,0,1
pacs.003.001.12,/Document/FIToFICstmrDrctDbt/DrctDbtTxInf/DbtrAgt/FinInstnId/PstlAdr/CareOf,CareOf,Max140Text,0,1
pacs.003.001.12,/Document/FIToFICstmrDrctDbt/DrctDbtTxInf/DbtrAgt/FinInstnId/PstlAdr/Dept,Dept,Max70Text,0,1
pacs.003.001.12,/Document/FIToFICstmrDrctDbt/DrctDbtTxInf/DbtrAgt/FinInstnId/PstlAdr/SubDept,SubDept,Max70Text,0,1
pacs.003.001.12,/Document/FIToFICstmrDrctDbt/DrctDbtTxInf/DbtrAgt/FinInstnId/PstlAdr/StrtNm,StrtNm,Max140Text,0,1
pacs.003.001.12,/Document/FIToFICstmrDrctDbt/DrctDbtTxInf/DbtrAgt/FinInstnId/PstlAdr/BldgNb,BldgNb,Max16Text,0,1
pacs.003.001.12,/Document/FIToFICstmrDrctDbt/DrctDbtTxInf/DbtrAgt/FinInstnId/PstlAdr/BldgNm,BldgNm,Max140Text,0,1
pacs.003.001.12,/Document/FIToFICstmrDrctDbt/DrctDbtTxInf/DbtrAgt/FinInstnId/PstlAdr/Flr,Flr,Max70Text,0,1
pacs.003.001.12,/Document/FIToFICstmrDrctDbt/DrctDbtTxInf/DbtrAgt/FinInstnId/PstlAdr/UnitNb,UnitNb,Max16Text,0,1
pacs.003.001.12,/Document/FIToFICstmrDrctDbt/DrctDbtTxInf/DbtrAgt/FinInstnId/PstlAdr/PstBx,PstBx,Max16Text,0,1
pacs.003.001.12,/Document/FIToFICstmrDrctDbt/DrctDbtTxInf/DbtrAgt/FinInstnId/PstlAdr/Room,Room,Max70Text,0,1
pacs.003.001.12,/Document/FIToFICstmrDrctDbt/DrctDbtTxInf/DbtrAgt/FinInstnId/PstlAdr/PstCd,PstCd,Max16Text,0,1
pacs.003.001.12,/Document/FIToFICstmrDrctDbt/DrctDbtTxInf/DbtrAgt/FinInstnId/PstlAdr/TwnNm,TwnNm,Max140Text,0,1
pacs.003.001.12,/Document/FIToFICstmrDrctDbt/DrctDbtTxInf/DbtrAgt/FinInstnId/PstlAdr/TwnLctnNm,TwnLctnNm,Max140Text,0,1
pacs.003.001.12,/Document/FIToFICstmrDrctDbt/DrctDbtTxInf/DbtrAgt/FinInstnId/PstlAdr/DstrctNm,DstrctNm,Max140Text,0,1
pacs.003.001.12,/Document/FIToFICstmrDrctDbt/DrctDbtTxInf/DbtrAgt/FinInstnId/PstlAdr/CtrySubDvsn,CtrySubDvsn,Max35Text,0,1
pacs.003.001.12,/Document/FIToFICstmrDrctDbt/DrctDbtTxInf/DbtrAgt/FinInstnId/PstlAdr/Ctry,Ctry,CountryCode,0,1
pacs.003.001.12,/Document/FIToFICstmrDrctDbt/DrctDbtTxInf/DbtrAgt/FinInstnId/PstlAdr/AdrLine,AdrLine,Max70Text,0,7
pacs.003.001.12,/Document/FIToFICstmrDrctDbt/DrctDbtTxInf/DbtrAgt/FinInstnId/Othr,Othr,GenericFinancialIdentification1,0,1
pacs.003.001.12,/Document/FIToFICstmrDrctDbt/DrctDbtTxInf/DbtrAgt/FinInstnId/Othr/Id,Id,Max35Text,1,1
pacs.003.001.12,/Document/FIToFICstmrDrctDbt/DrctDbtTxInf/DbtrAgt/FinInstnId/Othr/SchmeNm,SchmeNm,FinancialIdentificationSchemeName1Choice,0,1
pacs.003.001.12,/Document/FIToFICstmrDrctDbt/DrctDbtTxInf/DbtrAgt/FinInstnId/Othr/SchmeNm/Cd,Cd,ExternalFinancialInstitutionIdentification1Code,1,1
pacs.003.001.12,/Document/FIToFICstmrDrctDbt/DrctDbtTxInf/DbtrAgt/FinInstnId/Othr/SchmeNm/Prtry,Prtry,Max35Text,1,1
pacs.003.001.12,/Document/FIToFICstmrDrctDbt/DrctDbtTxInf/DbtrAgt/FinInstnId/Othr/Issr,Issr,Max35Text,0,1
pacs.003.001.12,/Document/FIToFICstmrDrctDbt/DrctDbtTxInf/DbtrAgt/BrnchId,BrnchId,BranchData5,0,1
pacs.003.001.12,/Document/FIToFICstmrDrctDbt/DrctDbtTxInf/DbtrAgt/BrnchId/Id,Id,Max35Text,0,1
pacs.003.001.12,/Document/FIToFICstmrDrctDbt/DrctDbtTxInf/DbtrAgt/BrnchId/LEI,LEI,LEIIdentifier,0,1
pacs.003.001.12,/Document/FIToFICstmrDrctDbt/DrctDbtTxInf/DbtrAgt/BrnchId/Nm,Nm,Max140Text,0,1
pacs.003.001.12,/Document/FIToFICstmrDrctDbt/DrctDbtTxInf/DbtrAgt/BrnchId/PstlAdr,PstlAdr,PostalAddress27,0,1
pacs.003.001.12,/Document/FIToFICstmrDrctDbt/DrctDbtTxInf/DbtrAgt/BrnchId/PstlAdr/AdrTp,AdrTp,AddressType3Choice,0,1
pacs.003.001.12,/Document/FIToFICstmrDrctDbt/DrctDbtTxInf/DbtrAgt/BrnchId/PstlAdr/AdrTp/Cd,Cd,AddressType2Code,1,1
pacs.003.001.12,/Document/FIToFICstmrDrctDbt/DrctDbtTxInf/DbtrAgt/BrnchId/PstlAdr/AdrTp/Prtry,Prtry,GenericIdentification30,1,1
pacs.003.001.12,/Document/FIToFICstmrDrctDbt/DrctDbtTxInf/DbtrAgt/BrnchId/PstlAdr/AdrTp/Prtry/Id,Id,Exact4AlphaNumericText,1,1
pacs.003.001.12,/Document/FIToFICstmrDrctDbt/DrctDbtTxInf/DbtrAgt/BrnchId/PstlAdr/AdrTp/Prtry/Issr,Issr,Max35Text,1,1
pacs.003.001.12,/Document/FIToFICstmrDrctDbt/DrctDbtTxInf/DbtrAgt/BrnchId/PstlAdr/AdrTp/Prtry/SchmeNm,SchmeNm,Max35Text,0,1
pacs.003.001.12,/Document/FIToFICstmrDrctDbt/DrctDbtTxInf/DbtrAgt/BrnchId/PstlAdr/CareOf,CareOf,Max140Text,0,1
pacs.003.001.12,/Document/FIToFICstmrDrctDbt/DrctDbtTxInf/DbtrAgt/BrnchId/PstlAdr/Dept,Dept,Max70Text,0,1
pacs.003.001.12,/Document/FIToFICstmrDrctDbt/DrctDbtTxInf/DbtrAgt/BrnchId/PstlAdr/SubDept,SubDept,Max70Text,0,1
pacs.003.001.12,/Document/FIToFICstmrDrctDbt/DrctDbtTxInf/DbtrAgt/BrnchId/PstlAdr/StrtNm,StrtNm,Max140Text,0,1
pacs.003.001.12,/Document/FIToFICstmrDrctDbt/DrctDbtTxInf/DbtrAgt/BrnchId/PstlAdr/BldgNb,BldgNb,Max16Text,0,1
pacs.003.001.12,/Document/FIToFICstmrDrctDbt/DrctDbtTxInf/DbtrAgt/BrnchId/PstlAdr/BldgNm,BldgNm,Max140Text,0,1
pacs.003.001.12,/Document/FIToFICstmrDrctDbt/DrctDbtTxInf/DbtrAgt/BrnchId/PstlAdr/Flr,Flr,Max70Text,0,1
pacs.003.001.12,/Document/FIToFICstmrDrctDbt/DrctDbtTxInf/DbtrAgt/BrnchId/PstlAdr/UnitNb,UnitNb,Max16Text,0,1
pacs.003.001.12,/Document/FIToFICstmrDrctDbt/DrctDbtTxInf/DbtrAgt/BrnchId/PstlAdr/PstBx,PstBx,Max16Text,0,1
pacs.003.001.12,/Document/FIToFICstmrDrctDbt/DrctDbtTxInf/DbtrAgt/BrnchId/PstlAdr/Room,Room,Max70Text,0,1
pacs.003.001.12,/Document/FIToFICstmrDrctDbt/DrctDbtTxInf/DbtrAgt/BrnchId/PstlAdr/PstCd,PstCd,Max16Text,0,1
pacs.003.001.12,/Document/FIToFICstmrDrctDbt/DrctDbtTxInf/DbtrAgt/BrnchId/PstlAdr/TwnNm,TwnNm,Max140Text,0,1
pacs.003.001.12,/Document/FIToFICstmrDrctDbt/DrctDbtTxInf/DbtrAgt/BrnchId/PstlAdr/TwnLctnNm,TwnLctnNm,Max140Text,0,1
pacs.003.001.12,/Document/FIToFICstmrDrctDbt/DrctDbtTxInf/DbtrAgt/BrnchId/PstlAdr/DstrctNm,DstrctNm,Max140Text,0,1
pacs.003.001.12,/Document/FIToFICstmrDrctDbt/DrctDbtTxInf/DbtrAgt/BrnchId/PstlAdr/CtrySubDvsn,CtrySubDvsn,Max35Text,0,1
pacs.003.001.12,/Document/FIToFICstmrDrctDbt/DrctDbtTxInf/DbtrAgt/BrnchId/PstlAdr/Ctry,Ctry,CountryCode,0,1
pacs.003.001.12,/Document/FIToFICstmrDrctDbt/DrctDbtTxInf/DbtrAgt/BrnchId/PstlAdr/AdrLine,AdrLine,Max70Text,0,7
pacs.003.001.12,/Document/FIToFICstmrDrctDbt/DrctDbtTxInf/DbtrAgtAcct,DbtrAgtAcct,CashAccount40,0,1
pacs.003.001.12,/Document/FIToFICstmrDrctDbt/DrctDbtTxInf/DbtrAgtAcct/Id,Id,AccountIdentification4Choice,0,1
pacs.003.001.12,/Document/FIToFICstmrDrctDbt/DrctDbtTxInf/DbtrAgtAcct/Id/IBAN,IBAN,IBAN2007Identifier,1,1
pacs.003.001.12,/Document/FIToFICstmrDrctDbt/DrctDbtTxInf/DbtrAgtAcct/Id/Othr,Othr,GenericAccountIdentification1,1,1
pacs.003.001.12,/Document/FIToFICstmrDrctDbt/DrctDbtTxInf/DbtrAgtAcct/Id/Othr/Id,Id,Max34Text,1,1
pacs.003.001.12,/Document/FIToFICstmrDrctDbt/DrctDbtTxInf/DbtrAgtAcct/Id/Othr/SchmeNm,SchmeNm,AccountSchemeName1Choice,0,1
pacs.003.001.12,/Document/FIToFICstmrDrctDbt/DrctDbtTxInf/DbtrAgtAcct/Id/Othr/SchmeNm/Cd,Cd,ExternalAccountIdentification1Code,1,1
pacs.003.001.12,/Document/FIToFICstmrDrctDbt/DrctDbtTxInf/DbtrAgtAcct/Id/Othr/SchmeNm/Prtry,Prtry,Max35Text,1,1
pacs.003.001.12,/Document/FIToFICstmrDrctDbt/DrctDbtTxInf/DbtrAgtAcct/Id/Othr/Issr,Issr,Max35Text,0,1
pacs.003.001.12,/Document/FIToFICstmrDrctDbt/DrctDbtTxInf/DbtrAgtAcct/Tp,Tp,CashAccountType2Choice,0,1
pacs.003.001.12,/Document/FIToFICstmrDrctDbt/DrctDbtTxInf/DbtrAgtAcct/Tp/Cd,Cd,ExternalCashAccountType1Code,1,1
pacs.003.001.12,/Document/FIToFICstmrDrctDbt/DrctDbtTxInf/DbtrAgtAcct/Tp/Prtry,Prtry,Max35Text,1,1
pacs.003.001.12,/Document/FIToFICstmrDrctDbt/DrctDbtTxInf/DbtrAgtAcct/Ccy,Ccy,ActiveOrHistoricCurrencyCode,0,1
pacs.003.001.12,/Document/FIToFICstmrDrctDbt/DrctDbtTxInf/DbtrAgtAcct/Nm,Nm,Max70Text,0,1
pacs.003.001.12,/Document/FIToFICstmrDrctDbt/DrctDbtTxInf/DbtrAgtAcct/Prxy,Prxy,ProxyAccountIdentification1,0,1
pacs.003.001.12,/Document/FIToFICstmrDrctDbt/DrctDbtTxInf/DbtrAgtAcct/Prxy/Tp,Tp,ProxyAccountType1Choice,0,1
pacs.003.001.12,/Document/FIToFICstmrDrctDbt/DrctDbtTxInf/DbtrAgtAcct/Prxy/Tp/Cd,Cd,ExternalProxyAccountType1Code,1,1
pacs.003.001.12,/Document/FIToFICstmrDrctDbt/DrctDbtTxInf/DbtrAgtAcct/Prxy/Tp/Prtry,Prtry,Max35Text,1,1
pacs.003.001.12,/Document/FIToFICstmrDrctDbt/DrctDbtTxInf/DbtrAgtAcct/Prxy/Id,Id,Max2048Text,1,1
pacs.003.001.12,/Document/FIToFICstmrDrctDbt/DrctDbtTxInf/UltmtDbtr,UltmtDbtr,PartyIdentification272,0,1
pacs.003.001.12,/Document/FIToFICstmrDrctDbt/DrctDbtTxInf/UltmtDbtr/Nm,Nm,Max140Text,0,1
pacs.003.001.12,/Document/FIToFICstmrDrctDbt/DrctDbtTxInf/UltmtDbtr/PstlAdr,PstlAdr,PostalAddress27,0,1
pacs.003.001.12,/Document/FIToFICstmrDrctDbt/DrctDbtTxInf/UltmtDbtr/PstlAdr/AdrTp,AdrTp,AddressType3Choice,0,1
pacs.003.001.12,/Document/FIToFICstmrDrctDbt/DrctDbtTxInf/UltmtDbtr/PstlAdr/AdrTp/Cd,Cd,AddressType2Code,1,1
pacs.003.001.12,/Document/FIToFICstmrDrctDbt/DrctDbtTxInf/UltmtDbtr/PstlAdr/AdrTp/Prtry,Prtry,GenericIdentification30,1,1
pacs.003.001.12,/Document/FIToFICstmrDrctDbt/DrctDbtTxInf/UltmtDbtr/PstlAdr/AdrTp/Prtry/Id,Id,Exact4AlphaNumericText,1,1
pacs.003.001.12,/Document/FIToFICstmrDrctDbt/DrctDbtTxInf/UltmtDbtr/PstlAdr/AdrTp/Prtry/Issr,Issr,Max35Text,1,1
pacs.003.001.12,/Document/FIToFICstmrDrctDbt/DrctDbtTxInf/UltmtDbtr/PstlAdr/AdrTp/Prtry/SchmeNm,SchmeNm,Max35Text,0,1
pacs.003.001.12,/Document/FIToFICstmrDrctDbt/DrctDbtTxInf/UltmtDbtr/PstlAdr/CareOf,CareOf,Max140Text,0,1
pacs.003.001.12,/Document/FIToFICstmrDrctDbt/DrctDbtTxInf/UltmtDbtr/PstlAdr/Dept,Dept,Max70Text,0,1
pacs.003.001.12,/Document/FIToFICstmrDrctDbt/DrctDbtTxInf/UltmtDbtr/PstlAdr/SubDept,SubDept,Max70Text,0,1
pacs.003.001.12,/Document/FIToFICstmrDrctDbt/DrctDbtTxInf/UltmtDbtr/PstlAdr/StrtNm,StrtNm,Max140Text,0,1
pacs.003.001.12,/Document/FIToFICstmrDrctDbt/DrctDbtTxInf/UltmtDbtr/PstlAdr/BldgNb,BldgNb,Max16Text,0,1
pacs.003.001.12,/Document/FIToFICstmrDrctDbt/DrctDbtTxInf/UltmtDbtr/PstlAdr/BldgNm,BldgNm,Max140Text,0,1
pacs.003.001.12,/Document/FIToFICstmrDrctDbt/DrctDbtTxInf/UltmtDbtr/PstlAdr/Flr,Flr,Max70Text,0,1
pacs.003.001.12,/Document/FIToFICstmrDrctDbt/DrctDbtTxInf/UltmtDbtr/PstlAdr/UnitNb,UnitNb,Max16Text,0,1
pacs.003.001.12,/Document/FIToFICstmrDrctDbt/DrctDbtTxInf/UltmtDbtr/PstlAdr/PstBx,PstBx,Max16Text,0,1
pacs.003.001.12,/Document/FIToFICstmrDrctDbt/DrctDbtTxInf/UltmtDbtr/PstlAdr/Room,Room,Max70Text,0,1
pacs.003.001.12,/Document/FIToFICstmrDrctDbt/DrctDbtTxInf/UltmtDbtr/PstlAdr/PstCd,PstCd,Max16Text,0,1
pacs.003.001.12,/Document/FIToFICstmrDrctDbt/DrctDbtTxInf/UltmtDbtr/PstlAdr/TwnNm,TwnNm,Max140Text,0,1
pacs.003.001.12,/Document/FIToFICstmrDrctDbt/DrctDbtTxInf/UltmtDbtr/PstlAdr/TwnLctnNm,TwnLctnNm,Max140Text,0,1
pacs.003.001.12,/Document/FIToFICstmrDrctDbt/DrctDbtTxInf/UltmtDbtr/PstlAdr/DstrctNm,DstrctNm,Max140Text,0,1
pacs.003.001.12,/Document/FIToFICstmrDrctDbt/DrctDbtTxInf/UltmtDbtr/PstlAdr/CtrySubDvsn,CtrySubDvsn,Max35Text,0,1
pacs.003.001.12,/Document/FIToFICstmrDrctDbt/DrctDbtTxInf/UltmtDbtr/PstlAdr/Ctry,Ctry,CountryCode,0,1
pacs.003.001.12,/Document/FIToFICstmrDrctDbt/DrctDbtTxInf/UltmtDbtr/PstlAdr/AdrLine,AdrLine,Max70Text,0,7
pacs.003.001.12,/Document/FIToFICstmrDrctDbt/DrctDbtTxInf/UltmtDbtr/Id,Id,Party52Choice,0,1
pacs.003.001.12,/Document/FIToFICstmrDrctDbt/DrctDbtTxInf/UltmtDbtr/Id/OrgId,OrgId,OrganisationIdentification39,1,1
pacs.003.001.12,/Document/FIToFICstmrDrctDbt/DrctDbtTxInf/UltmtDbtr/Id/OrgId/AnyBIC,AnyBIC,AnyBICDec2014Identifier,0,1
pacs.003.001.12,/Document/FIToFICstmrDrctDbt/DrctDbtTxInf/UltmtDbtr/Id/OrgId/LEI,LEI,LEIIdentifier,0,1
pacs.003.001.12,/Document/FIToFICstmrDrctDbt/DrctDbtTxInf/UltmtDbtr/Id/OrgId/Othr,Othr,GenericOrganisationIdentification3,0,
pacs.003.001.12,/Document/FIToFICstmrDrctDbt/DrctDbtTxInf/UltmtDbtr/Id/OrgId/Othr/Id,Id,Max256Text,1,1
pacs.003.001.12,/Document/FIToFICstmrDrctDbt/DrctDbtTxInf/UltmtDbtr/Id/OrgId/Othr/SchmeNm,SchmeNm,OrganisationIdentificationSchemeName1Choice,0,1
pacs.003.001.12,/Document/FIToFICstmrDrctDbt/DrctDbtTxInf/UltmtDbtr/Id/OrgId/Othr/SchmeNm/Cd,Cd,ExternalOrganisationIdentification1Code,1,1
pacs.003.001.12,/Document/FIToFICstmrDrctDbt/DrctDbtTxInf/UltmtDbtr/Id/OrgId/Othr/SchmeNm/Prtry,Prtry,Max35Text,1,1
pacs.003.001.12,/Document/FIToFICstmrDrctDbt/DrctDbtTxInf/UltmtDbtr/Id/OrgId/Othr/Issr,Issr,Max35Text,0,1
pacs.003.001.12,/Document/FIToFICstmrDrctDbt/DrctDbtTxInf/UltmtDbtr/Id/PrvtId,PrvtId,PersonIdentification18,1,1
pacs.003.001.12,/Document/FIToFICstmrDrctDbt/DrctDbtTxInf/UltmtDbtr/Id/PrvtId/DtAndPlcOfBirth,DtAndPlcOfBirth,DateAndPlaceOfBirth1,0,1
pacs.003.001.12,/Document/FIToFICstmrDrctDbt/DrctDbtTxInf/UltmtDbtr/Id/PrvtId/DtAndPlcOfBirth/BirthDt,BirthDt,ISODate,1,1
pacs.003.001.12,/Document/FIToFICstmrDrctDbt/DrctDbtTxInf/UltmtDbtr/Id/PrvtId/DtAndPlcOfBirth/PrvcOfBirth,PrvcOfBirth,Max35Text,0,1
pacs.003.001.12,/Document/FIToFICstmrDrctDbt/DrctDbtTxInf/UltmtDbtr/Id/PrvtId/DtAndPlcOfBirth/CityOfBirth,CityOfBirth,Max35Text,1,1
pacs.003.001.12,/Document/FIToFICstmrDrctDbt/DrctDbtTxInf/UltmtDbtr/Id/PrvtId/DtAndPlcOfBirth/CtryOfBirth,CtryOfBirth,CountryCode,1,1
pacs.003.001.12,/Document/FIToFICstmrDrctDbt/DrctDbtTxInf/UltmtDbtr/Id/PrvtId/Othr,Othr,GenericPersonIdentification2,0,
pacs.003.001.12,/Document/FIToFICstmrDrctDbt/DrctDbtTxInf/UltmtDbtr/Id/PrvtId/Othr/Id,Id,Max256Text,1,1
pacs.003.001.12,/Document/FIToFICstmrDrctDbt/DrctDbtTxInf/UltmtDbtr/Id/PrvtId/Othr/SchmeNm,SchmeNm,PersonIdentificationSchemeName1Choice,0,1
pacs.003.001.12,/Document/FIToFICstmrDrctDbt/DrctDbtTxInf/UltmtDbtr/Id/PrvtId/Othr/SchmeNm/Cd,Cd,ExternalPersonIdentification1Code,1,1
pacs.003.001.12,/Document/FIToFICstmrDrctDbt/DrctDbtTxInf/UltmtDbtr/Id/PrvtId/Othr/SchmeNm/Prtry,Prtry,Max35Text,1,1
pacs.003.001.12,/Document/FIToFICstmrDrctDbt/DrctDbtTxInf/UltmtDbtr/Id/PrvtId/Othr/Issr,Issr,Max35Text,0,1
pacs.003.001.12,/Document/FIToFICstmrDrctDbt/DrctDbtTxInf/UltmtDbtr/CtryOfRes,CtryOfRes,CountryCode,0,1
pacs.003.001.12,/Document/FIToFICstmrDrctDbt/DrctDbtTxInf/UltmtDbtr/CtctDtls,CtctDtls,Contact13,0,1
pacs.003.001.12,/Document/FIToFICstmrDrctDbt/DrctDbtTxInf/UltmtDbtr/CtctDtls/NmPrfx,NmPrfx,NamePrefix2Code,0,1
pacs.003.001.12,/Document/FIToFICstmrDrctDbt/DrctDbtTxInf/UltmtDbtr/CtctDtls/Nm,Nm,Max140Text,0,1
pacs.003.001.12,/Document/FIToFICstmrDrctDbt/DrctDbtTxInf/UltmtDbtr/CtctDtls/PhneNb,PhneNb,PhoneNumber,0,1
pacs.003.001.12,/Document/FIToFICstmrDrctDbt/DrctDbtTxInf/UltmtDbtr/CtctDtls/MobNb,MobNb,PhoneNumber,0,1
pacs.003.001.12,/Document/FIToFICstmrDrctDbt/DrctDbtTxInf/UltmtDbtr/CtctDtls/FaxNb,FaxNb,PhoneNumber,0,1
pacs.003.001.12,/Document/FIToFICstmrDrctDbt/DrctDbtTxInf/UltmtDbtr/CtctDtls/URLAdr,URLAdr,Max2048Text,0,1
pacs.003.001.12,/Document/FIToFICstmrDrctDbt/DrctDbtTxInf/UltmtDbtr/CtctDtls/EmailAdr,EmailAdr,Max256Text,0,1
pacs.003.001.12,/Document/FIToFICstmrDrctDbt/DrctDbtTxInf/UltmtDbtr/CtctDtls/EmailPurp,EmailPurp,Max35Text,0,1
pacs.003.001.12,/Document/FIToFICstmrDrctDbt/DrctDbtTxInf/UltmtDbtr/CtctDtls/JobTitl,JobTitl,Max35Text,0,1
pacs.003.001.12,/Document/FIToFICstmrDrctDbt/DrctDbtTxInf/UltmtDbtr/CtctDtls/Rspnsblty,Rspnsblty,Max35Text,0,1
pacs.003.001.12,/Document/FIToFICstmrDrctDbt/DrctDbtTxInf/UltmtDbtr/CtctDtls/Dept,Dept,Max70Text,0,1
pacs.003.001.12,/Document/FIToFICstmrDrctDbt/DrctDbtTxInf/UltmtDbtr/CtctDtls/Othr,Othr,OtherContact1,0,
pacs.003.001.12,/Document/FIToFICstmrDrctDbt/DrctDbtTxInf/UltmtDbtr/CtctDtls/Othr/ChanlTp,ChanlTp,Max4Text,1,1
pacs.003.001.12,/Document/FIToFICstmrDrctDbt/DrctDbtTxInf/UltmtDbtr/CtctDtls/Othr/Id,Id,Max128Text,0,1
pacs.003.001.12,/Document/FIToFICstmrDrctDbt/DrctDbtTxInf/UltmtDbtr/CtctDtls/PrefrdMtd,PrefrdMtd,PreferredContactMethod2Code,0,1
pacs.003.001.12,/Document/FIToFICstmrDrctDbt/DrctDbtTxInf/Purp,Purp,Purpose2Choice,0,1
pacs.003.001.12,/Document/FIToFICstmrDrctDbt/DrctDbtTxInf/Purp/Cd,Cd,ExternalPurpose1Code,1,1
pacs.003.001.12,/Document/FIToFICstmrDrctDbt/DrctDbtTxInf/Purp/Prtry,Prtry,Max35Text,1,1
pacs.003.001.12,/Document/FIToFICstmrDrctDbt/DrctDbtTxInf/RgltryRptg,RgltryRptg,RegulatoryReporting10,0,10
pacs.003.001.12,/Document/FIToFICstmrDrctDbt/DrctDbtTxInf/RgltryRptg/DbtCdtRptgInd,DbtCdtRptgInd,RegulatoryReportingType1Code,1,1
pacs.003.001.12,/Document/FIToFICstmrDrctDbt/DrctDbtTxInf/RgltryRptg/Authrty,Authrty,RegulatoryAuthority2,0,1
pacs.003.001.12,/Document/FIToFICstmrDrctDbt/DrctDbtTxInf/RgltryRptg/Authrty/Nm,Nm,Max140Text,0,1
pacs.003.001.12,/Document/FIToFICstmrDrctDbt/DrctDbtTxInf/RgltryRptg/Authrty/Ctry,Ctry,CountryCode,0,1
pacs.003.001.12,/Document/FIToFICstmrDrctDbt/DrctDbtTxInf/RgltryRptg/Dtls,Dtls,StructuredRegulatoryReporting5,0,
pacs.003.001.12,/Document/FIToFICstmrDrctDbt/DrctDbtTxInf/RgltryRptg/Dtls/Tp,Tp,RegulatoryReportingType1Choice,0,1
pacs.003.001.12,/Document/FIToFICstmrDrctDbt/DrctDbtTxInf/RgltryRptg/Dtls/Tp/Cd,Cd,ExternalRegulatoryReportingType1Code,1,1
pacs.003.001.12,/Document/FIToFICstmrDrctDbt/DrctDbtTxInf/RgltryRptg/Dtls/Tp/Prtry,Prtry,Max35Text,1,1
pacs.003.001.12,/Document/FIToFICstmrDrctDbt/DrctDbtTxInf/RgltryRptg/Dtls/Dt,Dt,ISODate,0,1
pacs.003.001.12,/Document/FIToFICstmrDrctDbt/DrctDbtTxInf/RgltryRptg/Dtls/Ctry,Ctry,CountryCode,0,1
pacs.003.001.12,/Document/FIToFICstmrDrctDbt/DrctDbtTxInf/RgltryRptg/Dtls/RptgCd,RptgCd,Max10Text,0,1
pacs.003.001.12,/Document/FIToFICstmrDrctDbt/DrctDbtTxInf/RgltryRptg/Dtls/Amt,Amt,ActiveOrHistoricCurrencyAndAmount,0,1
pacs.003.001.12,/Document/FIToFICstmrDrctDbt/DrctDbtTxInf/RgltryRptg/Dtls/Inf,Inf,Max35Text,0,
pacs.003.001.12,/Document/FIToFICstmrDrctDbt/DrctDbtTxInf/RltdRmtInf,RltdRmtInf,RemittanceLocation8,0,10
pacs.003.001.12,/Document/FIToFICstmrDrctDbt/DrctDbtTxInf/RltdRmtInf/RmtId,RmtId,Max35Text,0,1
pacs.003.001.12,/Document/FIToFICstmrDrctDbt/DrctDbtTxInf/RltdRmtInf/RmtLctnDtls,RmtLctnDtls,RemittanceLocationData2,0,
pacs.003.001.12,/Document/FIToFICstmrDrctDbt/DrctDbtTxInf/RltdRmtInf/RmtLctnDtls/Mtd,Mtd,RemittanceLocationMethod2Code,1,1
pacs.003.001.12,/Document/FIToFICstmrDrctDbt/DrctDbtTxInf/RltdRmtInf/RmtLctnDtls/ElctrncAdr,ElctrncAdr,Max2048Text,0,1
pacs.003.001.12,/Document/FIToFICstmrDrctDbt/DrctDbtTxInf/RltdRmtInf/RmtLctnDtls/PstlAdr,PstlAdr,NameAndAddress18,0,1
pacs.003.001.12,/Document/FIToFICstmrDrctDbt/DrctDbtTxInf/RltdRmtInf/RmtLctnDtls/PstlAdr/Nm,Nm,Max140Text,1,1
pacs.003.001.12,/Document/FIToFICstmrDrctDbt/DrctDbtTxInf/RltdRmtInf/RmtLctnDtls/PstlAdr/Adr,Adr,PostalAddress27,1,1
pacs.003.001.12,/Document/FIToFICstmrDrctDbt/DrctDbtTxInf/RltdRmtInf/RmtLctnDtls/PstlAdr/Adr/AdrTp,AdrTp,AddressType3Choice,0,1
pacs.003.001.12,/Document/FIToFICstmrDrctDbt/DrctDbtTxInf/RltdRmtInf/RmtLctnDtls/PstlAdr/Adr/AdrTp/Cd,Cd,AddressType2Code,1,1
pacs.003.001.12,/Document/FIToFICstmrDrctDbt/DrctDbtTxInf/RltdRmtInf/RmtLctnDtls/PstlAdr/Adr/AdrTp/Prtry,Prtry,GenericIdentification30,1,1
pacs.003.001.12,/Document/FIToFICstmrDrctDbt/DrctDbtTxInf/RltdRmtInf/RmtLctnDtls/PstlAdr/Adr/AdrTp/Prtry/Id,Id,Exact4AlphaNumericText,1,1
pacs.003.001.12,/Document/FIToFICstmrDrctDbt/DrctDbtTxInf/RltdRmtInf/RmtLctnDtls/PstlAdr/Adr/AdrTp/Prtry/Issr,Issr,Max35Text,1,1
pacs.003.001.12,/Document/FIToFICstmrDrctDbt/DrctDbtTxInf/RltdRmtInf/RmtLctnDtls/PstlAdr/Adr/AdrTp/Prtry/SchmeNm,SchmeNm,Max35Text,0,1
pacs.003.001.12,/Document/FIToFICstmrDrctDbt/DrctDbtTxInf/RltdRmtInf/RmtLctnDtls/PstlAdr/Adr/CareOf,CareOf,Max140Text,0,1
pacs.003.001.12,/Document/FIToFICstmrDrctDbt/DrctDbtTxInf/RltdRmtInf/RmtLctnDtls/PstlAdr/Adr/Dept,Dept,Max70Text,0,1
pacs.003.001.12,/Document/FIToFICstmrDrctDbt/DrctDbtTxInf/RltdRmtInf/RmtLctnDtls/PstlAdr/Adr/SubDept,SubDept,Max70Text,0,1
pacs.003.001.12,/Document/FIToFICstmrDrctDbt/DrctDbtTxInf/RltdRmtInf/RmtLctnDtls/PstlAdr/Adr/StrtNm,StrtNm,Max140Text,0,1
pacs.003.001.12,/Document/FIToFICstmrDrctDbt/DrctDbtTxInf/RltdRmtInf/RmtLctnDtls/PstlAdr/Adr/BldgNb,BldgNb,Max16Text,0,1
pacs.003.001.12,/Document/FIToFICstmrDrctDbt/DrctDbtTxInf/RltdRmtInf/RmtLctnDtls/PstlAdr/Adr/BldgNm,BldgNm,Max140Text,0,1
pacs.003.001.12,/Document/FIToFICstmrDrctDbt/DrctDbtTxInf/RltdRmtInf/RmtLctnDtls/PstlAdr/Adr/Flr,Flr,Max70Text,0,1
pacs.003.001.12,/Document/FIToFICstmrDrctDbt/DrctDbtTxInf/RltdRmtInf/RmtLctnDtls/PstlAdr/Adr/UnitNb,UnitNb,Max16Text,0,1
pacs.003.001.12,/Document/FIToFICstmrDrctDbt/DrctDbtTxInf/RltdRmtInf/RmtLctnDtls/PstlAdr/Adr/PstBx,PstBx,Max16Text,0,1
pacs.003.001.12,/Document/FIToFICstmrDrctDbt/DrctDbtTxInf/RltdRmtInf/RmtLctnDtls/PstlAdr/Adr/Room,Room,Max70Text,0,1
pacs.003.001.12,/Document/FIToFICstmrDrctDbt/DrctDbtTxInf/RltdRmtInf/RmtLctnDtls/PstlAdr/Adr/PstCd,PstCd,Max16Text,0,1
pacs.003.001.12,/Document/FIToFICstmrDrctDbt/DrctDbtTxInf/RltdRmtInf/RmtLctnDtls/PstlAdr/Adr/TwnNm,TwnNm,Max140Text,0,1
pacs.003.001.12,/Document/FIToFICstmrDrctDbt/DrctDbtTxInf/RltdRmtInf/RmtLctnDtls/PstlAdr/Adr/TwnLctnNm,TwnLctnNm,Max140Text,0,1
pacs.003.001.12,/Document/FIToFICstmrDrctDbt/DrctDbtTxInf/RltdRmtInf/RmtLctnDtls/PstlAdr/Adr/DstrctNm,DstrctNm,Max140Text,0,1
pacs.003.001.12,/Document/FIToFICstmrDrctDbt/DrctDbtTxInf/RltdRmtInf/RmtLctnDtls/PstlAdr/Adr/CtrySubDvsn,CtrySubDvsn,Max35Text,0,1
pacs.003.001.12,/Document/FIToFICstmrDrctDbt/DrctDbtTxInf/RltdRmtInf/RmtLctnDtls/PstlAdr/Adr/Ctry,Ctry,CountryCode,0,1
pacs.003.001.12,/Document/FIToFICstmrDrctDbt/DrctDbtTxInf/RltdRmtInf/RmtLctnDtls/PstlAdr/Adr/AdrLine,AdrLine,Max70Text,0,7
pacs.003.001.12,/Document/FIToFICstmrDrctDbt/DrctDbtTxInf/RmtInf,RmtInf,RemittanceInformation26,0,1
pacs.003.001.12,/Document/FIToFICstmrDrctDbt/DrctDbtTxInf/RmtInf/Ustrd,Ustrd,Max140Text,0,
pacs.003.001.12,/Document/FIToFICstmrDrctDbt/DrctDbtTxInf/RmtInf/Strd,Strd,StructuredRemittanceInformation22,0,
pacs.003.001.12,/Document/FIToFICstmrDrctDbt/DrctDbtTxInf/RmtInf/Strd/RfrdDocInf,RfrdDocInf,ReferredDocumentInformation8,0,
pacs.003.001.12,/Document/FIToFICstmrDrctDbt/DrctDbtTxInf/RmtInf/Strd/RfrdDocInf/Tp,Tp,DocumentType1,0,1
pacs.003.001.12,/Document/FIToFICstmrDrctDbt/DrctDbtTxInf/RmtInf/Strd/RfrdDocInf/Tp/CdOrPrtry,CdOrPrtry,DocumentType2Choice,1,1
pacs.003.001.12,/Document/FIToFICstmrDrctDbt/DrctDbtTxInf/RmtInf/Strd/RfrdDocInf/Tp/CdOrPrtry/Cd,Cd,ExternalDocumentType1Code,1,1
pacs.003.001.12,/Document/FIToFICstmrDrctDbt/DrctDbtTxInf/RmtInf/Strd/RfrdDocInf/Tp/CdOrPrtry/Prtry,Prtry,Max35Text,1,1
pacs.003.001.12,/Document/FIToFICstmrDrctDbt/DrctDbtTxInf/RmtInf/Strd/RfrdDocInf/Tp/Issr,Issr,Max35Text,0,1
pacs.003.001.12,/Document/FIToFICstmrDrctDbt/DrctDbtTxInf/RmtInf/Strd/RfrdDocInf/Nb,Nb,Max35Text,0,1
pacs.003.001.12,/Document/FIToFICstmrDrctDbt/DrctDbtTxInf/RmtInf/Strd/RfrdDocInf/RltdDt,RltdDt,DateAndType1,0,1
pacs.003.001.12,/Document/FIToFICstmrDrctDbt/DrctDbtTxInf/RmtInf/Strd/RfrdDocInf/RltdDt/Tp,Tp,DateType2Choice,1,1
pacs.003.001.12,/Document/FIToFICstmrDrctDbt/DrctDbtTxInf/RmtInf/Strd/RfrdDocInf/RltdDt/Tp/Cd,Cd,ExternalDateType1Code,1,1
pacs.003.001.12,/Document/FIToFICstmrDrctDbt/DrctDbtTxInf/RmtInf/Strd/RfrdDocInf/RltdDt/Tp/Prtry,Prtry,Max35Text,1,1
pacs.003.001.12,/Document/FIToFICstmrDrctDbt/DrctDbtTxInf/RmtInf/Strd/RfrdDocInf/RltdDt/Dt,Dt,ISODate,1,1
pacs.003.001.12,/Document/FIToFICstmrDrctDbt/DrctDbtTxInf/RmtInf/Strd/RfrdDocInf/LineDtls,LineDtls,DocumentLineInformation2,0,
pacs.003.001.12,/Document/FIToFICstmrDrctDbt/DrctDbtTxInf/RmtInf/Strd/RfrdDocInf/LineDtls/Id,Id,DocumentLineIdentification1,1,
pacs.003.001.12,/Document/FIToFICstmrDrctDbt/DrctDbtTxInf/RmtInf/Strd/RfrdDocInf/LineDtls/Id/Tp,Tp,DocumentLineType1,0,1
pacs.003.001.12,/Document/FIToFICstmrDrctDbt/DrctDbtTxInf/RmtInf/Strd/RfrdDocInf/LineDtls/Id/Tp/CdOrPrtry,CdOrPrtry,DocumentLineType1Choice,1,1
pacs.003.001.12,/Document/FIToFICstmrDrctDbt/DrctDbtTxInf/RmtInf/Strd/RfrdDocInf/LineDtls/Id/Tp/CdOrPrtry/Cd,Cd,ExternalDocumentLineType1Code,1,1
pacs.003.001.12,/Document/FIToFICstmrDrctDbt/DrctDbtTxInf/RmtInf/Strd/RfrdDocInf/LineDtls/Id/Tp/CdOrPrtry/Prtry,Prtry,Max35Text,1,1
pacs.003.001.12,/Document/FIToFICstmrDrctDbt/DrctDbtTxInf/RmtInf/Strd/RfrdDocInf/LineDtls/Id/Tp/Issr,Issr,Max35Text,0,1
pacs.003.001.12,/Document/FIToFICstmrDrctDbt/DrctDbtTxInf/RmtInf/Strd/RfrdDocInf/LineDtls/Id/Nb,Nb,Max35Text,0,1
pacs.003.001.12,/Document/FIToFICstmrDrctDbt/DrctDbtTxInf/RmtInf/Strd/RfrdDocInf/LineDtls/Id/RltdDt,RltdDt,ISODate,0,1
pacs.003.001.12,/Document/FIToFICstmrDrctDbt/DrctDbtTxInf/RmtInf/Strd/RfrdDocInf/LineDtls/Desc,Desc,Max2048Text,0,1
pacs.003.001.12,/Document/FIToFICstmrDrctDbt/DrctDbtTxInf/RmtInf/Strd/RfrdDocInf/LineDtls/Amt,Amt,RemittanceAmount4,0,1
pacs.003.001.12,/Document/FIToFICstmrDrctDbt/DrctDbtTxInf/RmtInf/Strd/RfrdDocInf/LineDtls/Amt/RmtAmtAndTp,RmtAmtAndTp,DocumentAmount1,0,
pacs.003.001.12,/Document/FIToFICstmrDrctDbt/DrctDbtTxInf/RmtInf/Strd/RfrdDocInf/LineDtls/Amt/RmtAmtAndTp/Tp,Tp,DocumentAmountType1Choice,1,1
pacs.003.001.12,/Document/FIToFICstmrDrctDbt/DrctDbtTxInf/RmtInf/Strd/RfrdDocInf/LineDtls/Amt/RmtAmtAndTp/Tp/Cd,Cd,ExternalDocumentAmountType1Code,1,1
pacs.003.001.12,/Document/FIToFICstmrDrctDbt/DrctDbtTxInf/RmtInf/Strd/RfrdDocInf/LineDtls/Amt/RmtAmtAndTp/Tp/Prtry,Prtry,Max35Text,1,1
pacs.003.001.12,/Document/FIToFICstmrDrctDbt/DrctDbtTxInf/RmtInf/Strd/RfrdDocInf/LineDtls/Amt/RmtAmtAndTp/Amt,Amt,ActiveOrHistoricCurrencyAndAmount,1,1
pacs.003.001.12,/Document/FIToFICstmrDrctDbt/DrctDbtTxInf/RmtInf/Strd/RfrdDocInf/LineDtls/Amt/AdjstmntAmtAndRsn,AdjstmntAmtAndRsn,DocumentAdjustment1,0,
pacs.003.001.12,/Document/FIToFICstmrDrctDbt/DrctDbtTxInf/RmtInf/Strd/RfrdDocInf/LineDtls/Amt/AdjstmntAmtAndRsn/Amt,Amt,ActiveOrHistoricCurrencyAndAmount,1,1
pacs.003.001.12,/Document/FIToFICstmrDrctDbt/DrctDbtTxInf/RmtInf/Strd/RfrdDocInf/LineDtls/Amt/AdjstmntAmtAndRsn/CdtDbtInd,CdtDbtInd,CreditDebitCode,0,1
pacs.003.001.12,/Document/FIToFICstmrDrctDbt/DrctDbtTxInf/RmtInf/Strd/RfrdDocInf/LineDtls/Amt/AdjstmntAmtAndRsn/Rsn,Rsn,Max4Text,0,1
pacs.003.001.12,/Document/FIToFICstmrDrctDbt/DrctDbtTxInf/RmtInf/Strd/RfrdDocInf/LineDtls/Amt/AdjstmntAmtAndRsn/AddtlInf,AddtlInf,Max140Text,0,1
pacs.003.001.12,/Document/FIToFICstmrDrctDbt/DrctDbtTxInf/RmtInf/Strd/RfrdDocAmt,RfrdDocAmt,RemittanceAmount4,0,1
pacs.003.001.12,/Document/FIToFICstmrDrctDbt/DrctDbtTxInf/RmtInf/Strd/RfrdDocAmt/RmtAmtAndTp,RmtAmtAndTp,DocumentAmount1,0,
pacs.003.001.12,/Document/FIToFICstmrDrctDbt/DrctDbtTxInf/RmtInf/Strd/RfrdDocAmt/RmtAmtAndTp/Tp,Tp,DocumentAmountType1Choice,1,1
pacs.003.001.12,/Document/FIToFICstmrDrctDbt/DrctDbtTxInf/RmtInf/Strd/RfrdDocAmt/RmtAmtAndTp/Tp/Cd,Cd,ExternalDocumentAmountType1Code,1,1
pacs.003.001.12,/Document/FIToFICstmrDrctDbt/DrctDbtTxInf/RmtInf/Strd/RfrdDocAmt/RmtAmtAndTp/Tp/Prtry,Prtry,Max35Text,1,1
pacs.003.001.12,/Document/FIToFICstmrDrctDbt/DrctDbtTxInf/RmtInf/Strd/RfrdDocAmt/RmtAmtAndTp/Amt,Amt,ActiveOrHistoricCurrencyAndAmount,1,1
pacs.003.001.12,/Document/FIToFICstmrDrctDbt/DrctDbtTxInf/RmtInf/Strd/RfrdDocAmt/AdjstmntAmtAndRsn,AdjstmntAmtAndRsn,DocumentAdjustment1,0,
pacs.003.001.12,/Document/FIToFICstmrDrctDbt/DrctDbtTxInf/RmtInf/Strd/RfrdDocAmt/AdjstmntAmtAndRsn/Amt,Amt,ActiveOrHistoricCurrencyAndAmount,1,1
pacs.003.001.12,/Document/FIToFICstmrDrctDbt/DrctDbtTxInf/RmtInf/Strd/RfrdDocAmt/AdjstmntAmtAndRsn/CdtDbtInd,CdtDbtInd,CreditDebitCode,0,1
pacs.003.001.12,/Document/FIToFICstmrDrctDbt/DrctDbtTxInf/RmtInf/Strd/RfrdDocAmt/AdjstmntAmtAndRsn/Rsn,Rsn,Max4Text,0,1
pacs.003.001.12,/Document/FIToFICstmrDrctDbt/DrctDbtTxInf/RmtInf/Strd/RfrdDocAmt/AdjstmntAmtAndRsn/AddtlInf,AddtlInf,Max140Text,0,1
pacs.003.001.12,/Document/FIToFICstmrDrctDbt/DrctDbtTxInf/RmtInf/Strd/CdtrRefInf,CdtrRefInf,CreditorReferenceInformation3,0,1
pacs.003.001.12,/Document/FIToFICstmrDrctDbt/DrctDbtTxInf/RmtInf/Strd/CdtrRefInf/Tp,Tp,CreditorReferenceType3,0,1
pacs.003.001.12,/Document/FIToFICstmrDrctDbt/DrctDbtTxInf/RmtInf/Strd/CdtrRefInf/Tp/CdOrPrtry,CdOrPrtry,CreditorReferenceType2Choice,1,1
pacs.003.001.12,/Document/FIToFICstmrDrctDbt/DrctDbtTxInf/RmtInf/Strd/CdtrRefInf/Tp/CdOrPrtry/Cd,Cd,ExternalCreditorReferenceType1Code,1,1
pacs.003.001.12,/Document/FIToFICstmrDrctDbt/DrctDbtTxInf/RmtInf/Strd/CdtrRefInf/Tp/CdOrPrtry/Prtry,Prtry,Max35Text,1,1
pacs.003.001.12,/Document/FIToFICstmrDrctDbt/DrctDbtTxInf/RmtInf/Strd/CdtrRefInf/Tp/Issr,Issr,Max35Text,0,1
pacs.003.001.12,/Document/FIToFICstmrDrctDbt/DrctDbtTxInf/RmtInf/Strd/CdtrRefInf/Ref,Ref,Max35Text,0,1
pacs.003.001.12,/Document/FIToFICstmrDrctDbt/DrctDbtTxInf/RmtInf/Strd/Invcr,Invcr,PartyIdentification272,0,1
pacs.003.001.12,/Document/FIToFICstmrDrctDbt/DrctDbtTxInf/RmtInf/Strd/Invcr/Nm,Nm,Max140Text,0,1
pacs.003.001.12,/Document/FIToFICstmrDrctDbt/DrctDbtTxInf/RmtInf/Strd/Invcr/PstlAdr,PstlAdr,PostalAddress27,0,1
pacs.003.001.12,/Document/FIToFICstmrDrctDbt/DrctDbtTxInf/RmtInf/Strd/Invcr/PstlAdr/AdrTp,AdrTp,AddressType3Choice,0,1
pacs.003.001.12,/Document/FIToFICstmrDrctDbt/DrctDbtTxInf/RmtInf/Strd/Invcr/PstlAdr/AdrTp/Cd,Cd,AddressType2Code,1,1
pacs.003.001.12,/Document/FIToFICstmrDrctDbt/DrctDbtTxInf/RmtInf/Strd/Invcr/PstlAdr/AdrTp/Prtry,Prtry,GenericIdentification30,1,1
pacs.003.001.12,/Document/FIToFICstmrDrctDbt/DrctDbtTxInf/RmtInf/Strd/Invcr/PstlAdr/AdrTp/Prtry/Id,Id,Exact4AlphaNumericText,1,1
pacs.003.001.12,/Document/FIToFICstmrDrctDbt/DrctDbtTxInf/RmtInf/Strd/Invcr/PstlAdr/AdrTp/Prtry/Issr,Issr,Max35Text,1,1
pacs.003.001.12,/Document/FIToFICstmrDrctDbt/DrctDbtTxInf/RmtInf/Strd/Invcr/PstlAdr/AdrTp/Prtry/SchmeNm,SchmeNm,Max35Text,0,1
pacs.003.001.12,/Document/FIToFICstmrDrctDbt/DrctDbtTxInf/RmtInf/Strd/Invcr/PstlAdr/CareOf,CareOf,Max140Text,0,1
pacs.003.001.12,/Document/FIToFICstmrDrctDbt/DrctDbtTxInf/RmtInf/Strd/Invcr/PstlAdr/Dept,Dept,Max70Text,0,1
pacs.003.001.12,/Document/FIToFICstmrDrctDbt/DrctDbtTxInf/RmtInf/Strd/Invcr/PstlAdr/SubDept,SubDept,Max70Text,0,1
pacs.003.001.12,/Document/FIToFICstmrDrctDbt/DrctDbtTxInf/RmtInf/Strd/Invcr/PstlAdr/StrtNm,StrtNm,Max140Text,0,1
pacs.003.001.12,/Document/FIToFICstmrDrctDbt/DrctDbtTxInf/RmtInf/Strd/Invcr/PstlAdr/BldgNb,BldgNb,Max16Text,0,1
pacs.003.001.12,/Document/FIToFICstmrDrctDbt/DrctDbtTxInf/RmtInf/Strd/Invcr/PstlAdr/BldgNm,BldgNm,Max140Text,0,1
pacs.003.001.12,/Document/FIToFICstmrDrctDbt/DrctDbtTxInf/RmtInf/Strd/Invcr/PstlAdr/Flr,Flr,Max70Text,0,1
pacs.003.001.12,/Document/FIToFICstmrDrctDbt/DrctDbtTxInf/RmtInf/Strd/Invcr/PstlAdr/UnitNb,UnitNb,Max16Text,0,1
pacs.003.001.12,/Document/FIToFICstmrDrctDbt/DrctDbtTxInf/RmtInf/Strd/Invcr/PstlAdr/PstBx,PstBx,Max16Text,0,1
pacs.003.001.12,/Document/FIToFICstmrDrctDbt/DrctDbtTxInf/RmtInf/Strd/Invcr/PstlAdr/Room,Room,Max70Text,0,1
pacs.003.001.12,/Document/FIToFICstmrDrctDbt/DrctDbtTxInf/RmtInf/Strd/Invcr/PstlAdr/PstCd,PstCd,Max16Text,0,1
pacs.003.001.12,/Document/FIToFICstmrDrctDbt/DrctDbtTxInf/RmtInf/Strd/Invcr/PstlAdr/TwnNm,TwnNm,Max140Text,0,1
pacs.003.001.12,/Document/FIToFICstmrDrctDbt/DrctDbtTxInf/RmtInf/Strd/Invcr/PstlAdr/TwnLctnNm,TwnLctnNm,Max140Text,0,1
pacs.003.001.12,/Document/FIToFICstmrDrctDbt/DrctDbtTxInf/RmtInf/Strd/Invcr/PstlAdr/DstrctNm,DstrctNm,Max140Text,0,1
pacs.003.001.12,/Document/FIToFICstmrDrctDbt/DrctDbtTxInf/RmtInf/Strd/Invcr/PstlAdr/CtrySubDvsn,CtrySubDvsn,Max35Text,0,1
pacs.003.001.12,/Document/FIToFICstmrDrctDbt/DrctDbtTxInf/RmtInf/Strd/Invcr/PstlAdr/Ctry,Ctry,CountryCode,0,1
pacs.003.001.12,/Document/FIToFICstmrDrctDbt/DrctDbtTxInf/RmtInf/Strd/Invcr/PstlAdr/AdrLine,AdrLine,Max70Text,0,7
pacs.003.001.12,/Document/FIToFICstmrDrctDbt/DrctDbtTxInf/RmtInf/Strd/Invcr/Id,Id,Party52Choice,0,1
pacs.003.001.12,/Document/FIToFICstmrDrctDbt/DrctDbtTxInf/RmtInf/Strd/Invcr/Id/OrgId,OrgId,OrganisationIdentification39,1,1
pacs.003.001.12,/Document/FIToFICstmrDrctDbt/DrctDbtTxInf/RmtInf/Strd/Invcr/Id/OrgId/AnyBIC,AnyBIC,AnyBICDec2014Identifier,0,1
pacs.003.001.12,/Document/FIToFICstmrDrctDbt/DrctDbtTxInf/RmtInf/Strd/Invcr/Id/OrgId/LEI,LEI,LEIIdentifier,0,1
pacs.003.001.12,/Document/FIToFICstmrDrctDbt/DrctDbtTxInf/RmtInf/Strd/Invcr/Id/OrgId/Othr,Othr,GenericOrganisationIdentification3,0,
pacs.003.001.12,/Document/FIToFICstmrDrctDbt/DrctDbtTxInf/RmtInf/Strd/Invcr/Id/OrgId/Othr/Id,Id,Max256Text,1,1
pacs.003.001.12,/Document/FIToFICstmrDrctDbt/DrctDbtTxInf/RmtInf/Strd/Invcr/Id/OrgId/Othr/SchmeNm,SchmeNm,OrganisationIdentificationSchemeName1Choice,0,1
pacs.003.001.12,/Document/FIToFICstmrDrctDbt/DrctDbtTxInf/RmtInf/Strd/Invcr/Id/OrgId/Othr/SchmeNm/Cd,Cd,ExternalOrganisationIdentification1Code,1,1
pacs.003.001.12,/Document/FIToFICstmrDrctDbt/DrctDbtTxInf/RmtInf/Strd/Invcr/Id/OrgId/Othr/SchmeNm/Prtry,Prtry,Max35Text,1,1
pacs.003.001.12,/Document/FIToFICstmrDrctDbt/DrctDbtTxInf/RmtInf/Strd/Invcr/Id/OrgId/Othr/Issr,Issr,Max35Text,0,1
pacs.003.001.12,/Document/FIToFICstmrDrctDbt/DrctDbtTxInf/RmtInf/Strd/Invcr/Id/PrvtId,PrvtId,PersonIdentification18,1,1
pacs.003.001.12,/Document/FIToFICstmrDrctDbt/DrctDbtTxInf/RmtInf/Strd/Invcr/Id/PrvtId/DtAndPlcOfBirth,DtAndPlcOfBirth,DateAndPlaceOfBirth1,0,1
pacs.003.001.12,/Document/FIToFICstmrDrctDbt/DrctDbtTxInf/RmtInf/Strd/Invcr/Id/PrvtId/DtAndPlcOfBirth/BirthDt,BirthDt,ISODate,1,1
pacs.003.001.12,/Document/FIToFICstmrDrctDbt/DrctDbtTxInf/RmtInf/Strd/Invcr/Id/PrvtId/DtAndPlcOfBirth/PrvcOfBirth,PrvcOfBirth,Max35Text,0,1
pacs.003.001.12,/Document/FIToFICstmrDrctDbt/DrctDbtTxInf/RmtInf/Strd/Invcr/Id/PrvtId/DtAndPlcOfBirth/CityOfBirth,CityOfBirth,Max35Text,1,1
pacs.003.001.12,/Document/FIToFICstmrDrctDbt/DrctDbtTxInf/RmtInf/Strd/Invcr/Id/PrvtId/DtAndPlcOfBirth/CtryOfBirth,CtryOfBirth,CountryCode,1,1
pacs.003.001.12,/Document/FIToFICstmrDrctDbt/DrctDbtTxInf/RmtInf/Strd/Invcr/Id/PrvtId/Othr,Othr,GenericPersonIdentification2,0,
pacs.003.001.12,/Document/FIToFICstmrDrctDbt/DrctDbtTxInf/RmtInf/Strd/Invcr/Id/PrvtId/Othr/Id,Id,Max256Text,1,1
pacs.003.001.12,/Document/FIToFICstmrDrctDbt/DrctDbtTxInf/RmtInf/Strd/Invcr/Id/PrvtId/Othr/SchmeNm,SchmeNm,PersonIdentificationSchemeName1Choice,0,1
pacs.003.001.12,/Document/FIToFICstmrDrctDbt/DrctDbtTxInf/RmtInf/Strd/Invcr/Id/PrvtId/Othr/SchmeNm/Cd,Cd,ExternalPersonIdentification1Code,1,1
pacs.003.001.12,/Document/FIToFICstmrDrctDbt/DrctDbtTxInf/RmtInf/Strd/Invcr/Id/PrvtId/Othr/SchmeNm/Prtry,Prtry,Max35Text,1,1
pacs.003.001.12,/Document/FIToFICstmrDrctDbt/DrctDbtTxInf/RmtInf/Strd/Invcr/Id/PrvtId/Othr/Issr,Issr,Max35Text,0,1
pacs.003.001.12,/Document/FIToFICstmrDrctDbt/DrctDbtTxInf/RmtInf/Strd/Invcr/CtryOfRes,CtryOfRes,CountryCode,0,1
pacs.003.001.12,/Document/FIToFICstmrDrctDbt/DrctDbtTxInf/RmtInf/Strd/Invcr/CtctDtls,CtctDtls,Contact13,0,1
pacs.003.001.12,/Document/FIToFICstmrDrctDbt/DrctDbtTxInf/RmtInf/Strd/Invcr/CtctDtls/NmPrfx,NmPrfx,NamePrefix2Code,0,1
pacs.003.001.12,/Document/FIToFICstmrDrctDbt/DrctDbtTxInf/RmtInf/Strd/Invcr/CtctDtls/Nm,Nm,Max140Text,0,1
pacs.003.001.12,/Document/FIToFICstmrDrctDbt/DrctDbtTxInf/RmtInf/Strd/Invcr/CtctDtls/PhneNb,PhneNb,PhoneNumber,0,1
pacs.003.001.12,/Document/FIToFICstmrDrctDbt/DrctDbtTxInf/RmtInf/Strd/Invcr/CtctDtls/MobNb,MobNb,PhoneNumber,0,1
pacs.003.001.12,/Document/FIToFICstmrDrctDbt/DrctDbtTxInf/RmtInf/Strd/Invcr/CtctDtls/FaxNb,FaxNb,PhoneNumber,0,1
pacs.003.001.12,/Document/FIToFICstmrDrctDbt/DrctDbtTxInf/RmtInf/Strd/Invcr/CtctDtls/URLAdr,URLAdr,Max2048Text,0,1
pacs.003.001.12,/Document/FIToFICstmrDrctDbt/DrctDbtTxInf/RmtInf/Strd/Invcr/CtctDtls/EmailAdr,EmailAdr,Max256Text,0,1
pacs.003.001.12,/Document/FIToFICstmrDrctDbt/DrctDbtTxInf/RmtInf/Strd/Invcr/CtctDtls/EmailPurp,EmailPurp,Max35Text,0,1
pacs.003.001.12,/Document/FIToFICstmrDrctDbt/DrctDbtTxInf/RmtInf/Strd/Invcr/CtctDtls/JobTitl,JobTitl,Max35Text,0,1
pacs.003.001.12,/Document/FIToFICstmrDrctDbt/DrctDbtTxInf/RmtInf/Strd/Invcr/CtctDtls/Rspnsblty,Rspnsblty,Max35Text,0,1
pacs.003.001.12,/Document/FIToFICstmrDrctDbt/DrctDbtTxInf/RmtInf/Strd/Invcr/CtctDtls/Dept,Dept,Max70Text,0,1
pacs.003.001.12,/Document/FIToFICstmrDrctDbt/DrctDbtTxInf/RmtInf/Strd/Invcr/CtctDtls/Othr,Othr,OtherContact1,0,
pacs.003.001.12,/Document/FIToFICstmrDrctDbt/DrctDbtTxInf/RmtInf/Strd/Invcr/CtctDtls/Othr/ChanlTp,ChanlTp,Max4Text,1,1
pacs.003.001.12,/Document/FIToFICstmrDrctDbt/DrctDbtTxInf/RmtInf/Strd/Invcr/CtctDtls/Othr/Id,Id,Max128Text,0,1
pacs.003.001.12,/Document/FIToFICstmrDrctDbt/DrctDbtTxInf/RmtInf/Strd/Invcr/CtctDtls/PrefrdMtd,PrefrdMtd,PreferredContactMethod2Code,0,1
pacs.003.001.12,/Document/FIToFICstmrDrctDbt/DrctDbtTxInf/RmtInf/Strd/Invcee,Invcee,PartyIdentification272,0,1
pacs.003.001.12,/Document/FIToFICstmrDrctDbt/DrctDbtTxInf/RmtInf/Strd/Invcee/Nm,Nm,Max140Text,0,1
pacs.003.001.12,/Document/FIToFICstmrDrctDbt/DrctDbtTxInf/RmtInf/Strd/Invcee/PstlAdr,PstlAdr,PostalAddress27,0,1
pacs.003.001.12,/Document/FIToFICstmrDrctDbt/DrctDbtTxInf/RmtInf/Strd/Invcee/PstlAdr/AdrTp,AdrTp,AddressType3Choice,0,1
pacs.003.001.12,/Document/FIToFICstmrDrctDbt/DrctDbtTxInf/RmtInf/Strd/Invcee/PstlAdr/AdrTp/Cd,Cd,AddressType2Code,1,1
pacs.003.001.12,/Document/FIToFICstmrDrctDbt/DrctDbtTxInf/RmtInf/Strd/Invcee/PstlAdr/AdrTp/Prtry,Prtry,GenericIdentification30,1,1
pacs.003.001.12,/Document/FIToFICstmrDrctDbt/DrctDbtTxInf/RmtInf/Strd/Invcee/PstlAdr/AdrTp/Prtry/Id,Id,Exact4AlphaNumericText,1,1
pacs.003.001.12,/Document/FIToFICstmrDrctDbt/DrctDbtTxInf/RmtInf/Strd/Invcee/PstlAdr/AdrTp/Prtry/Issr,Issr,Max35Text,1,1
pacs.003.001.12,/Document/FIToFICstmrDrctDbt/DrctDbtTxInf/RmtInf/Strd/Invcee/PstlAdr/AdrTp/Prtry/SchmeNm,SchmeNm,Max35Text,0,1
pacs.003.001.12,/Document/FIToFICstmrDrctDbt/DrctDbtTxInf/RmtInf/Strd/Invcee/PstlAdr/CareOf,CareOf,Max140Text,0,1
pacs.003.001.12,/Document/FIToFICstmrDrctDbt/DrctDbtTxInf/RmtInf/Strd/Invcee/PstlAdr/Dept,Dept,Max70Text,0,1
pacs.003.001.12,/Document/FIToFICstmrDrctDbt/DrctDbtTxInf/RmtInf/Strd/Invcee/PstlAdr/SubDept,SubDept,Max70Text,0,1
pacs.003.001.12,/Document/FIToFICstmrDrctDbt/DrctDbtTxInf/RmtInf/Strd/Invcee/PstlAdr/StrtNm,StrtNm,Max140Text,0,1
pacs.003.001.12,/Document/FIToFICstmrDrctDbt/DrctDbtTxInf/RmtInf/Strd/Invcee/PstlAdr/BldgNb,BldgNb,Max16Text,0,1
pacs.003.001.12,/Document/FIToFICstmrDrctDbt/DrctDbtTxInf/RmtInf/Strd/Invcee/PstlAdr/BldgNm,BldgNm,Max140Text,0,1
pacs.003.001.12,/Document/FIToFICstmrDrctDbt/DrctDbtTxInf/RmtInf/Strd/Invcee/PstlAdr/Flr,Flr,Max70Text,0,1
pacs.003.001.12,/Document/FIToFICstmrDrctDbt/DrctDbtTxInf/RmtInf/Strd/Invcee/PstlAdr/UnitNb,UnitNb,Max16Text,0,1
pacs.003.001.12,/Document/FIToFICstmrDrctDbt/DrctDbtTxInf/RmtInf/Strd/Invcee/PstlAdr/PstBx,PstBx,Max16Text,0,1
pacs.003.001.12,/Document/FIToFICstmrDrctDbt/DrctDbtTxInf/RmtInf/Strd/Invcee/PstlAdr/Room,Room,Max70Text,0,1
pacs.003.001.12,/Document/FIToFICstmrDrctDbt/DrctDbtTxInf/RmtInf/Strd/Invcee/PstlAdr/PstCd,PstCd,Max16Text,0,1
pacs.003.001.12,/Document/FIToFICstmrDrctDbt/DrctDbtTxInf/RmtInf/Strd/Invcee/PstlAdr/TwnNm,TwnNm,Max140Text,0,1
pacs.003.001.12,/Document/FIToFICstmrDrctDbt/DrctDbtTxInf/RmtInf/Strd/Invcee/PstlAdr/TwnLctnNm,TwnLctnNm,Max140Text,0,1
pacs.003.001.12,/Document/FIToFICstmrDrctDbt/DrctDbtTxInf/RmtInf/Strd/Invcee/PstlAdr/DstrctNm,DstrctNm,Max140Text,0,1
pacs.003.001.12,/Document/FIToFICstmrDrctDbt/DrctDbtTxInf/RmtInf/Strd/Invcee/PstlAdr/CtrySubDvsn,CtrySubDvsn,Max35Text,0,1
pacs.003.001.12,/Document/FIToFICstmrDrctDbt/DrctDbtTxInf/RmtInf/Strd/Invcee/PstlAdr/Ctry,Ctry,CountryCode,0,1
pacs.003.001.12,/Document/FIToFICstmrDrctDbt/DrctDbtTxInf/RmtInf/Strd/Invcee/PstlAdr/AdrLine,AdrLine,Max70Text,0,7
pacs.003.001.12,/Document/FIToFICstmrDrctDbt/DrctDbtTxInf/RmtInf/Strd/Invcee/Id,Id,Party52Choice,0,1
pacs.003.001.12,/Document/FIToFICstmrDrctDbt/DrctDbtTxInf/RmtInf/Strd/Invcee/Id/OrgId,OrgId,OrganisationIdentification39,1,1
pacs.003.001.12,/Document/FIToFICstmrDrctDbt/DrctDbtTxInf/RmtInf/Strd/Invcee/Id/OrgId/AnyBIC,AnyBIC,AnyBICDec2014Identifier,0,1
pacs.003.001.12,/Document/FIToFICstmrDrctDbt/DrctDbtTxInf/RmtInf/Strd/Invcee/Id/OrgId/LEI,LEI,LEIIdentifier,0,1
pacs.003.001.12,/Document/FIToFICstmrDrctDbt/DrctDbtTxInf/RmtInf/Strd/Invcee/Id/OrgId/Othr,Othr,GenericOrganisationIdentification3,0,
pacs.003.001.12,/Document/FIToFICstmrDrctDbt/DrctDbtTxInf/RmtInf/Strd/Invcee/Id/OrgId/Othr/Id,Id,Max256Text,1,1
pacs.003.001.12,/Document/FIToFICstmrDrctDbt/DrctDbtTxInf/RmtInf/Strd/Invcee/Id/OrgId/Othr/SchmeNm,SchmeNm,OrganisationIdentificationSchemeName1Choice,0,1
pacs.003.001.12,/Document/FIToFICstmrDrctDbt/DrctDbtTxInf/RmtInf/Strd/Invcee/Id/OrgId/Othr/SchmeNm/Cd,Cd,ExternalOrganisationIdentification1Code,1,1
pacs.003.001.12,/Document/FIToFICstmrDrctDbt/DrctDbtTxInf/RmtInf/Strd/Invcee/Id/OrgId/Othr/SchmeNm/Prtry,Prtry,Max35Text,1,1
pacs.003.001.12,/Document/FIToFICstmrDrctDbt/DrctDbtTxInf/RmtInf/Strd/Invcee/Id/OrgId/Othr/Issr,Issr,Max35Text,0,1
pacs.003.001.12,/Document/FIToFICstmrDrctDbt/DrctDbtTxInf/RmtInf/Strd/Invcee/Id/PrvtId,PrvtId,PersonIdentification18,1,1
pacs.003.001.12,/Document/FIToFICstmrDrctDbt/DrctDbtTxInf/RmtInf/Strd/Invcee/Id/PrvtId/DtAndPlcOfBirth,DtAndPlcOfBirth,DateAndPlaceOfBirth1,0,1
pacs.003.001.12,/Document/FIToFICstmrDrctDbt/DrctDbtTxInf/RmtInf/Strd/Invcee/Id/PrvtId/DtAndPlcOfBirth/BirthDt,BirthDt,ISODate,1,1
pacs.003.001.12,/Document/FIToFICstmrDrctDbt/DrctDbtTxInf/RmtInf/Strd/Invcee/Id/PrvtId/DtAndPlcOfBirth/PrvcOfBirth,PrvcOfBirth,Max35Text,0,1
pacs.003.001.12,/Document/FIToFICstmrDrctDbt/DrctDbtTxInf/RmtInf/Strd/Invcee/Id/PrvtId/DtAndPlcOfBirth/CityOfBirth,CityOfBirth,Max35Text,1,1
pacs.003.001.12,/Document/FIToFICstmrDrctDbt/DrctDbtTxInf/RmtInf/Strd/Invcee/Id/PrvtId/DtAndPlcOfBirth/CtryOfBirth,CtryOfBirth,CountryCode,1,1
pacs.003.001.12,/Document/FIToFICstmrDrctDbt/DrctDbtTxInf/RmtInf/Strd/Invcee/Id/PrvtId/Othr,Othr,GenericPersonIdentification2,0,
pacs.003.001.12,/Document/FIToFICstmrDrctDbt/DrctDbtTxInf/RmtInf/Strd/Invcee/Id/PrvtId/Othr/Id,Id,Max256Text,1,1
pacs.003.001.12,/Document/FIToFICstmrDrctDbt/DrctDbtTxInf/RmtInf/Strd/Invcee/Id/PrvtId/Othr/SchmeNm,SchmeNm,PersonIdentificationSchemeName1Choice,0,1
pacs.003.001.12,/Document/FIToFICstmrDrctDbt/DrctDbtTxInf/RmtInf/Strd/Invcee/Id/PrvtId/Othr/SchmeNm/Cd,Cd,ExternalPersonIdentification1Code,1,1
pacs.003.001.12,/Document/FIToFICstmrDrctDbt/DrctDbtTxInf/RmtInf/Strd/Invcee/Id/PrvtId/Othr/SchmeNm/Prtry,Prtry,Max35Text,1,1
pacs.003.001.12,/Document/FIToFICstmrDrctDbt/DrctDbtTxInf/RmtInf/Strd/Invcee/Id/PrvtId/Othr/Issr,Issr,Max35Text,0,1
pacs.003.001.12,/Document/FIToFICstmrDrctDbt/DrctDbtTxInf/RmtInf/Strd/Invcee/CtryOfRes,CtryOfRes,CountryCode,0,1
pacs.003.001.12,/Document/FIToFICstmrDrctDbt/DrctDbtTxInf/RmtInf/Strd/Invcee/CtctDtls,CtctDtls,Contact13,0,1
pacs.003.001.12,/Document/FIToFICstmrDrctDbt/DrctDbtTxInf/RmtInf/Strd/Invcee/CtctDtls/NmPrfx,NmPrfx,NamePrefix2Code,0,1
pacs.003.001.12,/Document/FIToFICstmrDrctDbt/DrctDbtTxInf/RmtInf/Strd/Invcee/CtctDtls/Nm,Nm,Max140Text,0,1
pacs.003.001.12,/Document/FIToFICstmrDrctDbt/DrctDbtTxInf/RmtInf/Strd/Invcee/CtctDtls/PhneNb,PhneNb,PhoneNumber,0,1
pacs.003.001.12,/Document/FIToFICstmrDrctDbt/DrctDbtTxInf/RmtInf/Strd/Invcee/CtctDtls/MobNb,MobNb,PhoneNumber,0,1
pacs.003.001.12,/Document/FIToFICstmrDrctDbt/DrctDbtTxInf/RmtInf/Strd/Invcee/CtctDtls/FaxNb,FaxNb,PhoneNumber,0,1
pacs.003.001.12,/Document/FIToFICstmrDrctDbt/DrctDbtTxInf/RmtInf/Strd/Invcee/CtctDtls/URLAdr,URLAdr,Max2048Text,0,1
pacs.003.001.12,/Document/FIToFICstmrDrctDbt/DrctDbtTxInf/RmtInf/Strd/Invcee/CtctDtls/EmailAdr,EmailAdr,Max256Text,0,1
pacs.003.001.12,/Document/FIToFICstmrDrctDbt/DrctDbtTxInf/RmtInf/Strd/Invcee/CtctDtls/EmailPurp,EmailPurp,Max35Text,0,1
pacs.003.001.12,/Document/FIToFICstmrDrctDbt/DrctDbtTxInf/RmtInf/Strd/Invcee/CtctDtls/JobTitl,JobTitl,Max35Text,0,1
pacs.003.001.12,/Document/FIToFICstmrDrctDbt/DrctDbtTxInf/RmtInf/Strd/Invcee/CtctDtls/Rspnsblty,Rspnsblty,Max35Text,0,1
pacs.003.001.12,/Document/FIToFICstmrDrctDbt/DrctDbtTxInf/RmtInf/Strd/Invcee/CtctDtls/Dept,Dept,Max70Text,0,1
pacs.003.001.12,/Document/FIToFICstmrDrctDbt/DrctDbtTxInf/RmtInf/Strd/Invcee/CtctDtls/Othr,Othr,OtherContact1,0,
pacs.003.001.12,/Document/FIToFICstmrDrctDbt/DrctDbtTxInf/RmtInf/Strd/Invcee/CtctDtls/Othr/ChanlTp,ChanlTp,Max4Text,1,1
pacs.003.001.12,/Document/FIToFICstmrDrctDbt/DrctDbtTxInf/RmtInf/Strd/Invcee/CtctDtls/Othr/Id,Id,Max128Text,0,1
pacs.003.001.12,/Document/FIToFICstmrDrctDbt/DrctDbtTxInf/RmtInf/Strd/Invcee/CtctDtls/PrefrdMtd,PrefrdMtd,PreferredContactMethod2Code,0,1
pacs.003.001.12,/Document/FIToFICstmrDrctDbt/DrctDbtTxInf/RmtInf/Strd/TaxRmt,TaxRmt,TaxData1,0,1
pacs.003.001.12,/Document/FIToFICstmrDrctDbt/DrctDbtTxInf/RmtInf/Strd/TaxRmt/Cdtr,Cdtr,TaxParty1,0,1
pacs.003.001.12,/Document/FIToFICstmrDrctDbt/DrctDbtTxInf/RmtInf/Strd/TaxRmt/Cdtr/TaxId,TaxId,Max35Text,0,1
pacs.003.001.12,/Document/FIToFICstmrDrctDbt/DrctDbtTxInf/RmtInf/Strd/TaxRmt/Cdtr/RegnId,RegnId,Max35Text,0,1
pacs.003.001.12,/Document/FIToFICstmrDrctDbt/DrctDbtTxInf/RmtInf/Strd/TaxRmt/Cdtr/TaxTp,TaxTp,Max35Text,0,1
pacs.003.001.12,/Document/FIToFICstmrDrctDbt/DrctDbtTxInf/RmtInf/Strd/TaxRmt/Dbtr,Dbtr,TaxParty2,0,1
pacs.003.001.12,/Document/FIToFICstmrDrctDbt/DrctDbtTxInf/RmtInf/Strd/TaxRmt/Dbtr/TaxId,TaxId,Max35Text,0,1
pacs.003.001.12,/Document/FIToFICstmrDrctDbt/DrctDbtTxInf/RmtInf/Strd/TaxRmt/Dbtr/RegnId,RegnId,Max35Text,0,1
pacs.003.001.12,/Document/FIToFICstmrDrctDbt/DrctDbtTxInf/RmtInf/Strd/TaxRmt/Dbtr/TaxTp,TaxTp,Max35Text,0,1
pacs.003.001.12,/Document/FIToFICstmrDrctDbt/DrctDbtTxInf/RmtInf/Strd/TaxRmt/Dbtr/Authstn,Authstn,TaxAuthorisation1,0,1
pacs.003.001.12,/Document/FIToFICstmrDrctDbt/DrctDbtTxInf/RmtInf/Strd/TaxRmt/Dbtr/Authstn/Titl,Titl,Max35Text,0,1
pacs.003.001.12,/Document/FIToFICstmrDrctDbt/DrctDbtTxInf/RmtInf/Strd/TaxRmt/Dbtr/Authstn/Nm,Nm,Max140Text,0,1
pacs.003.001.12,/Document/FIToFICstmrDrctDbt/DrctDbtTxInf/RmtInf/Strd/TaxRmt/UltmtDbtr,UltmtDbtr,TaxParty2,0,1
pacs.003.001.12,/Document/FIToFICstmrDrctDbt/DrctDbtTxInf/RmtInf/Strd/TaxRmt/UltmtDbtr/TaxId,TaxId,Max35Text,0,1
pacs.003.001.12,/Document/FIToFICstmrDrctDbt/DrctDbtTxInf/RmtInf/Strd/TaxRmt/UltmtDbtr/RegnId,RegnId,Max35Text,0,1
pacs.003.001.12,/Document/FIToFICstmrDrctDbt/DrctDbtTxInf/RmtInf/Strd/TaxRmt/UltmtDbtr/TaxTp,TaxTp,Max35Text,0,1
pacs.003.001.12,/Document/FIToFICstmrDrctDbt/DrctDbtTxInf/RmtInf/Strd/TaxRmt/UltmtDbtr/Authstn,Authstn,TaxAuthorisation1,0,1
pacs.003.001.12,/Document/FIToFICstmrDrctDbt/DrctDbtTxInf/RmtInf/Strd/TaxRmt/UltmtDbtr/Authstn/Titl,Titl,Max35Text,0,1
pacs.003.001.12,/Document/FIToFICstmrDrctDbt/DrctDbtTxInf/RmtInf/Strd/TaxRmt/UltmtDbtr/Authstn/Nm,Nm,Max140Text,0,1
pacs.003.001.12,/Document/FIToFICstmrDrctDbt/DrctDbtTxInf/RmtInf/Strd/TaxRmt/AdmstnZone,AdmstnZone,Max35Text,0,1
pacs.003.001.12,/Document/FIToFICstmrDrctDbt/DrctDbtTxInf/RmtInf/Strd/TaxRmt/RefNb,RefNb,Max140Text,0,1
pacs.003.001.12,/Document/FIToFICstmrDrctDbt/DrctDbtTxInf/RmtInf/Strd/TaxRmt/Mtd,Mtd,Max35Text,0,1
pacs.003.001.12,/Document/FIToFICstmrDrctDbt/DrctDbtTxInf/RmtInf/Strd/TaxRmt/TtlTaxblBaseAmt,TtlTaxblBaseAmt,ActiveOrHistoricCurrencyAndAmount,0,1
pacs.003.001.12,/Document/FIToFICstmrDrctDbt/DrctDbtTxInf/RmtInf/Strd/TaxRmt/TtlTaxAmt,TtlTaxAmt,ActiveOrHistoricCurrencyAndAmount,0,1
pacs.003.001.12,/Document/FIToFICstmrDrctDbt/DrctDbtTxInf/RmtInf/Strd/TaxRmt/Dt,Dt,ISODate,0,1
pacs.003.001.12,/Document/FIToFICstmrDrctDbt/DrctDbtTxInf/RmtInf/Strd/TaxRmt/SeqNb,SeqNb,Number,0,1
pacs.003.001.12,/Document/FIToFICstmrDrctDbt/DrctDbtTxInf/RmtInf/Strd/TaxRmt/Rcrd,Rcrd,TaxRecord3,0,
pacs.003.001.12,/Document/FIToFICstmrDrctDbt/DrctDbtTxInf/RmtInf/Strd/TaxRmt/Rcrd/Tp,Tp,Max35Text,0,1
pacs.003.001.12,/Document/FIToFICstmrDrctDbt/DrctDbtTxInf/RmtInf/Strd/TaxRmt/Rcrd/Ctgy,Ctgy,Max35Text,0,1
pacs.003.001.12,/Document/FIToFICstmrDrctDbt/DrctDbtTxInf/RmtInf/Strd/TaxRmt/Rcrd/CtgyDtls,CtgyDtls,Max35Text,0,1
pacs.003.001.12,/Document/FIToFICstmrDrctDbt/DrctDbtTxInf/RmtInf/Strd/TaxRmt/Rcrd/DbtrSts,DbtrSts,Max35Text,0,1
pacs.003.001.12,/Document/FIToFICstmrDrctDbt/DrctDbtTxInf/RmtInf/Strd/TaxRmt/Rcrd/CertId,CertId,Max35Text,0,1
pacs.003.001.12,/Document/FIToFICstmrDrctDbt/DrctDbtTxInf/RmtInf/Strd/TaxRmt/Rcrd/FrmsCd,FrmsCd,Max35Text,0,1
pacs.003.001.12,/Document/FIToFICstmrDrctDbt/DrctDbtTxInf/RmtInf/Strd/TaxRmt/Rcrd/Prd,Prd,TaxPeriod3,0,1
pacs.003.001.12,/Document/FIToFICstmrDrctDbt/DrctDbtTxInf/RmtInf/Strd/TaxRmt/Rcrd/Prd/Yr,Yr,ISOYear,0,1
pacs.003.001.12,/Document/FIToFICstmrDrctDbt/DrctDbtTxInf/RmtInf/Strd/TaxRmt/Rcrd/Prd/Tp,Tp,TaxRecordPeriod1Code,0,1
pacs.003.001.12,/Document/FIToFICstmrDrctDbt/DrctDbtTxInf/RmtInf/Strd/TaxRmt/Rcrd/Prd/FrToDt,FrToDt,DatePeriod2,0,1
pacs.003.001.12,/Document/FIToFICstmrDrctDbt/DrctDbtTxInf/RmtInf/Strd/TaxRmt/Rcrd/Prd/FrToDt/FrDt,FrDt,ISODate,1,1
pacs.003.001.12,/Document/FIToFICstmrDrctDbt/DrctDbtTxInf/RmtInf/Strd/TaxRmt/Rcrd/Prd/FrToDt/ToDt,ToDt,ISODate,1,1
pacs.003.001.12,/Document/FIToFICstmrDrctDbt/DrctDbtTxInf/RmtInf/Strd/TaxRmt/Rcrd/TaxAmt,TaxAmt,TaxAmount3,0,1
pacs.003.001.12,/Document/FIToFICstmrDrctDbt/DrctDbtTxInf/RmtInf/Strd/TaxRmt/Rcrd/TaxAmt/Rate,Rate,PercentageRate,0,1
pacs.003.001.12,/Document/FIToFICstmrDrctDbt/DrctDbtTxInf/RmtInf/Strd/TaxRmt/Rcrd/TaxAmt/TaxblBaseAmt,TaxblBaseAmt,ActiveOrHistoricCurrencyAndAmount,0,1
pacs.003.001.12,/Document/FIToFICstmrDrctDbt/DrctDbtTxInf/RmtInf/Strd/TaxRmt/Rcrd/TaxAmt/TtlAmt,TtlAmt,ActiveOrHistoricCurrencyAndAmount,0,1
pacs.003.001.12,/Document/FIToFICstmrDrctDbt/DrctDbtTxInf/RmtInf/Strd/TaxRmt/Rcrd/TaxAmt/Dtls,Dtls,TaxRecordDetails3,0,
pacs.003.001.12,/Document/FIToFICstmrDrctDbt/DrctDbtTxInf/RmtInf/Strd/TaxRmt/Rcrd/TaxAmt/Dtls/Prd,Prd,TaxPeriod3,0,1
pacs.003.001.12,/Document/FIToFICstmrDrctDbt/DrctDbtTxInf/RmtInf/Strd/TaxRmt/Rcrd/TaxAmt/Dtls/Prd/Yr,Yr,ISOYear,0,1
pacs.003.001.12,/Document/FIToFICstmrDrctDbt/DrctDbtTxInf/RmtInf/Strd/TaxRmt/Rcrd/TaxAmt/Dtls/Prd/Tp,Tp,TaxRecordPeriod1Code,0,1
pacs.003.001.12,/Document/FIToFICstmrDrctDbt/DrctDbtTxInf/RmtInf/Strd/TaxRmt/Rcrd/TaxAmt/Dtls/Prd/FrToDt,FrToDt,DatePeriod2,0,1
pacs.003.001.12,/Document/FIToFICstmrDrctDbt/DrctDbtTxInf/RmtInf/Strd/TaxRmt/Rcrd/TaxAmt/Dtls/Prd/FrToDt/FrDt,FrDt,ISODate,1,1
pacs.003.001.12,/Document/FIToFICstmrDrctDbt/DrctDbtTxInf/RmtInf/Strd/TaxRmt/Rcrd/TaxAmt/Dtls/Prd/FrToDt/ToDt,ToDt,ISODate,1,1
pacs.003.001.12,/Document/FIToFICstmrDrctDbt/DrctDbtTxInf/RmtInf/Strd/TaxRmt/Rcrd/TaxAmt/Dtls/Amt,Amt,ActiveOrHistoricCurrencyAndAmount,1,1
pacs.003.001.12,/Document/FIToFICstmrDrctDbt/DrctDbtTxInf/RmtInf/Strd/TaxRmt/Rcrd/AddtlInf,AddtlInf,Max140Text,0,1
pacs.003.001.12,/Document/FIToFICstmrDrctDbt/DrctDbtTxInf/RmtInf/Strd/GrnshmtRmt,GrnshmtRmt,Garnishment4,0,1
pacs.003.001.12,/Document/FIToFICstmrDrctDbt/DrctDbtTxInf/RmtInf/Strd/GrnshmtRmt/Tp,Tp,GarnishmentType1,1,1
pacs.003.001.12,/Document/FIToFICstmrDrctDbt/DrctDbtTxInf/RmtInf/Strd/GrnshmtRmt/Tp/CdOrPrtry,CdOrPrtry,GarnishmentType1Choice,1,1
pacs.003.001.12,/Document/FIToFICstmrDrctDbt/DrctDbtTxInf/RmtInf/Strd/GrnshmtRmt/Tp/CdOrPrtry/Cd,Cd,ExternalGarnishmentType1Code,1,1
pacs.003.001.12,/Document/FIToFICstmrDrctDbt/DrctDbtTxInf/RmtInf/Strd/GrnshmtRmt/Tp/CdOrPrtry/Prtry,Prtry,Max35Text,1,1
pacs.003.001.12,/Document/FIToFICstmrDrctDbt/DrctDbtTxInf/RmtInf/Strd/GrnshmtRmt/Tp/Issr,Issr,Max35Text,0,1
pacs.003.001.12,/Document/FIToFICstmrDrctDbt/DrctDbtTxInf/RmtInf/Strd/GrnshmtRmt/Grnshee,Grnshee,PartyIdentification272,0,1
pacs.003.001.12,/Document/FIToFICstmrDrctDbt/DrctDbtTxInf/RmtInf/Strd/GrnshmtRmt/Grnshee/Nm,Nm,Max140Text,0,1
pacs.003.001.12,/Document/FIToFICstmrDrctDbt/DrctDbtTxInf/RmtInf/Strd/GrnshmtRmt/Grnshee/PstlAdr,PstlAdr,PostalAddress27,0,1
pacs.003.001.12,/Document/FIToFICstmrDrctDbt/DrctDbtTxInf/RmtInf/Strd/GrnshmtRmt/Grnshee/PstlAdr/AdrTp,AdrTp,AddressType3Choice,0,1
pacs.003.001.12,/Document/FIToFICstmrDrctDbt/DrctDbtTxInf/RmtInf/Strd/GrnshmtRmt/Grnshee/PstlAdr/AdrTp/Cd,Cd,AddressType2Code,1,1
pacs.003.001.12,/Document/FIToFICstmrDrctDbt/DrctDbtTxInf/RmtInf/Strd/GrnshmtRmt/Grnshee/PstlAdr/AdrTp/Prtry,Prtry,GenericIdentification30,1,1
pacs.003.001.12,/Document/FIToFICstmrDrctDbt/DrctDbtTxInf/RmtInf/Strd/GrnshmtRmt/Grnshee/PstlAdr/AdrTp/Prtry/Id,Id,Exact4AlphaNumericText,1,1
pacs.003.001.12,/Document/FIToFICstmrDrctDbt/DrctDbtTxInf/RmtInf/Strd/GrnshmtRmt/Grnshee/PstlAdr/AdrTp/Prtry/Issr,Issr,Max35Text,1,1
pacs.003.001.12,/Document/FIToFICstmrDrctDbt/DrctDbtTxInf/RmtInf/Strd/GrnshmtRmt/Grnshee/PstlAdr/AdrTp/Prtry/SchmeNm,SchmeNm,Max35Text,0,1
pacs.003.001.12,/Document/FIToFICstmrDrctDbt/DrctDbtTxInf/RmtInf/Strd/GrnshmtRmt/Grnshee/PstlAdr/CareOf,CareOf,Max140Text,0,1
pacs.003.001.12,/Document/FIToFICstmrDrctDbt/DrctDbtTxInf/RmtInf/Strd/GrnshmtRmt/Grnshee/PstlAdr/Dept,Dept,Max70Text,0,1
pacs.003.001.12,/Document/FIToFICstmrDrctDbt/DrctDbtTxInf/RmtInf/Strd/GrnshmtRmt/Grnshee/PstlAdr/SubDept,SubDept,Max70Text,0,1
pacs.003.001.12,/Document/FIToFICstmrDrctDbt/DrctDbtTxInf/RmtInf/Strd/GrnshmtRmt/Grnshee/PstlAdr/StrtNm,StrtNm,Max140Text,0,1
pacs.003.001.12,/Document/FIToFICstmrDrctDbt/DrctDbtTxInf/RmtInf/Strd/GrnshmtRmt/Grnshee/PstlAdr/BldgNb,BldgNb,Max16Text,0,1
pacs.003.001.12,/Document/FIToFICstmrDrctDbt/DrctDbtTxInf/RmtInf/Strd/GrnshmtRmt/Grnshee/PstlAdr/BldgNm,BldgNm,Max140Text,0,1
pacs.003.001.12,/Document/FIToFICstmrDrctDbt/DrctDbtTxInf/RmtInf/Strd/GrnshmtRmt/Grnshee/PstlAdr/Flr,Flr,Max70Text,0,1
pacs.003.001.12,/Document/FIToFICstmrDrctDbt/DrctDbtTxInf/RmtInf/Strd/GrnshmtRmt/Grnshee/PstlAdr/UnitNb,UnitNb,Max16Text,0,1
pacs.003.001.12,/Document/FIToFICstmrDrctDbt/DrctDbtTxInf/RmtInf/Strd/GrnshmtRmt/Grnshee/PstlAdr/PstBx,PstBx,Max16Text,0,1
pacs.003.001.12,/Document/FIToFICstmrDrctDbt/DrctDbtTxInf/RmtInf/Strd/GrnshmtRmt/Grnshee/PstlAdr/Room,Room,Max70Text,0,1
pacs.003.001.12,/Document/FIToFICstmrDrctDbt/DrctDbtTxInf/RmtInf/Strd/GrnshmtRmt/Grnshee/PstlAdr/PstCd,PstCd,Max16Text,0,1
pacs.003.001.12,/Document/FIToFICstmrDrctDbt/DrctDbtTxInf/RmtInf/Strd/GrnshmtRmt/Grnshee/PstlAdr/TwnNm,TwnNm,Max140Text,0,1
pacs.003.001.12,/Document/FIToFICstmrDrctDbt/DrctDbtTxInf/RmtInf/Strd/GrnshmtRmt/Grnshee/PstlAdr/TwnLctnNm,TwnLctnNm,Max140Text,0,1
pacs.003.001.12,/Document/FIToFICstmrDrctDbt/DrctDbtTxInf/RmtInf/Strd/GrnshmtRmt/Grnshee/PstlAdr/DstrctNm,DstrctNm,Max140Text,0,1
pacs.003.001.12,/Document/FIToFICstmrDrctDbt/DrctDbtTxInf/RmtInf/Strd/GrnshmtRmt/Grnshee/PstlAdr/CtrySubDvsn,CtrySubDvsn,Max35Text,0,1
pacs.003.001.12,/Document/FIToFICstmrDrctDbt/DrctDbtTxInf/RmtInf/Strd/GrnshmtRmt/Grnshee/PstlAdr/Ctry,Ctry,CountryCode,0,1
pacs.003.001.12,/Document/FIToFICstmrDrctDbt/DrctDbtTxInf/RmtInf/Strd/GrnshmtRmt/Grnshee/PstlAdr/AdrLine,AdrLine,Max70Text,0,7
pacs.003.001.12,/Document/FIToFICstmrDrctDbt/DrctDbtTxInf/RmtInf/Strd/GrnshmtRmt/Grnshee/Id,Id,Party52Choice,0,1
pacs.003.001.12,/Document/FIToFICstmrDrctDbt/DrctDbtTxInf/RmtInf/Strd/GrnshmtRmt/Grnshee/Id/OrgId,OrgId,OrganisationIdentification39,1,1
pacs.003.001.12,/Document/FIToFICstmrDrctDbt/DrctDbtTxInf/RmtInf/Strd/GrnshmtRmt/Grnshee/Id/OrgId/AnyBIC,AnyBIC,AnyBICDec2014Identifier,0,1
pacs.003.001.12,/Document/FIToFICstmrDrctDbt/DrctDbtTxInf/RmtInf/Strd/GrnshmtRmt/Grnshee/Id/OrgId/LEI,LEI,LEIIdentifier,0,1
pacs.003.001.12,/Document/FIToFICstmrDrctDbt/DrctDbtTxInf/RmtInf/Strd/GrnshmtRmt/Grnshee/Id/OrgId/Othr,Othr,GenericOrganisationIdentification3,0,
pacs.003.001.12,/Document/FIToFICstmrDrctDbt/DrctDbtTxInf/RmtInf/Strd/GrnshmtRmt/Grnshee/Id/OrgId/Othr/Id,Id,Max256Text,1,1
pacs.003.001.12,/Document/FIToFICstmrDrctDbt/DrctDbtTxInf/RmtInf/Strd/GrnshmtRmt/Grnshee/Id/OrgId/Othr/SchmeNm,SchmeNm,OrganisationIdentificationSchemeName1Choice,0,1
pacs.003.001.12,/Document/FIToFICstmrDrctDbt/DrctDbtTxInf/RmtInf/Strd/GrnshmtRmt/Grnshee/Id/OrgId/Othr/SchmeNm/Cd,Cd,ExternalOrganisationIdentification1Code,1,1
pacs.003.001.12,/Document/FIToFICstmrDrctDbt/DrctDbtTxInf/RmtInf/Strd/GrnshmtRmt/Grnshee/Id/OrgId/Othr/SchmeNm/Prtry,Prtry,Max35Text,1,1
pacs.003.001.12,/Document/FIToFICstmrDrctDbt/DrctDbtTxInf/RmtInf/Strd/GrnshmtRmt/Grnshee/Id/OrgId/Othr/Issr,Issr,Max35Text,0,1
pacs.003.001.12,/Document/FIToFICstmrDrctDbt/DrctDbtTxInf/RmtInf/Strd/GrnshmtRmt/Grnshee/Id/PrvtId,PrvtId,PersonIdentification18,1,1
pacs.003.001.12,/Document/FIToFICstmrDrctDbt/DrctDbtTxInf/RmtInf/Strd/GrnshmtRmt/Grnshee/Id/PrvtId/DtAndPlcOfBirth,DtAndPlcOfBirth,DateAndPlaceOfBirth1,0,1
pacs.003.001.12,/Document/FIToFICstmrDrctDbt/DrctDbtTxInf/RmtInf/Strd/GrnshmtRmt/Grnshee/Id/PrvtId/DtAndPlcOfBirth/BirthDt,BirthDt,ISODate,1,1
pacs.003.001.12,/Document/FIToFICstmrDrctDbt/DrctDbtTxInf/RmtInf/Strd/GrnshmtRmt/Grnshee/Id/PrvtId/DtAndPlcOfBirth/PrvcOfBirth,PrvcOfBirth,Max35Text,0,1
pacs.003.001.12,/Document/FIToFICstmrDrctDbt/DrctDbtTxInf/RmtInf/Strd/GrnshmtRmt/Grnshee/Id/PrvtId/DtAndPlcOfBirth/CityOfBirth,CityOfBirth,Max35Text,1,1
pacs.003.001.12,/Document/FIToFICstmrDrctDbt/DrctDbtTxInf/RmtInf/Strd/GrnshmtRmt/Grnshee/Id/PrvtId/DtAndPlcOfBirth/CtryOfBirth,CtryOfBirth,CountryCode,1,1
pacs.003.001.12,/Document/FIToFICstmrDrctDbt/DrctDbtTxInf/RmtInf/Strd/GrnshmtRmt/Grnshee/Id/PrvtId/Othr,Othr,GenericPersonIdentification2,0,
pacs.003.001.12,/Document/FIToFICstmrDrctDbt/DrctDbtTxInf/RmtInf/Strd/GrnshmtRmt/Grnshee/Id/PrvtId/Othr/Id,Id,Max256Text,1,1
pacs.003.001.12,/Document/FIToFICstmrDrctDbt/DrctDbtTxInf/RmtInf/Strd/GrnshmtRmt/Grnshee/Id/PrvtId/Othr/SchmeNm,SchmeNm,PersonIdentificationSchemeName1Choice,0,1
pacs.003.001.12,/Document/FIToFICstmrDrctDbt/DrctDbtTxInf/RmtInf/Strd/GrnshmtRmt/Grnshee/Id/PrvtId/Othr/SchmeNm/Cd,Cd,ExternalPersonIdentification1Code,1,1
pacs.003.001.12,/Document/FIToFICstmrDrctDbt/DrctDbtTxInf/RmtInf/Strd/GrnshmtRmt/Grnshee/Id/PrvtId/Othr/SchmeNm/Prtry,Prtry,Max35Text,1,1
pacs.003.001.12,/Document/FIToFICstmrDrctDbt/DrctDbtTxInf/RmtInf/Strd/GrnshmtRmt/Grnshee/Id/PrvtId/Othr/Issr,Issr,Max35Text,0,1
pacs.003.001.12,/Document/FIToFICstmrDrctDbt/DrctDbtTxInf/RmtInf/Strd/GrnshmtRmt/Grnshee/CtryOfRes,CtryOfRes,CountryCode,0,1
pacs.003.001.12,/Document/FIToFICstmrDrctDbt/DrctDbtTxInf/RmtInf/Strd/GrnshmtRmt/Grnshee/CtctDtls,CtctDtls,Contact13,0,1
pacs.003.001.12,/Document/FIToFICstmrDrctDbt/DrctDbtTxInf/RmtInf/Strd/GrnshmtRmt/Grnshee/CtctDtls/NmPrfx,NmPrfx,NamePrefix2Code,0,1
pacs.003.001.12,/Document/FIToFICstmrDrctDbt/DrctDbtTxInf/RmtInf/Strd/GrnshmtRmt/Grnshee/CtctDtls/Nm,Nm,Max140Text,0,1
pacs.003.001.12,/Document/FIToFICstmrDrctDbt/DrctDbtTxInf/RmtInf/Strd/GrnshmtRmt/Grnshee/CtctDtls/PhneNb,PhneNb,PhoneNumber,0,1
pacs.003.001.12,/Document/FIToFICstmrDrctDbt/DrctDbtTxInf/RmtInf/Strd/GrnshmtRmt/Grnshee/CtctDtls/MobNb,MobNb,PhoneNumber,0,1
pacs.003.001.12,/Document/FIToFICstmrDrctDbt/DrctDbtTxInf/RmtInf/Strd/GrnshmtRmt/Grnshee/CtctDtls/FaxNb,FaxNb,PhoneNumber,0,1
pacs.003.001.12,/Document/FIToFICstmrDrctDbt/DrctDbtTxInf/RmtInf/Strd/GrnshmtRmt/Grnshee/CtctDtls/URLAdr,URLAdr,Max2048Text,0,1
pacs.003.001.12,/Document/FIToFICstmrDrctDbt/DrctDbtTxInf/RmtInf/Strd/GrnshmtRmt/Grnshee/CtctDtls/EmailAdr,EmailAdr,Max256Text,0,1
pacs.003.001.12,/Document/FIToFICstmrDrctDbt/DrctDbtTxInf/RmtInf/Strd/GrnshmtRmt/Grnshee/CtctDtls/EmailPurp,EmailPurp,Max35Text,0,1
pacs.003.001.12,/Document/FIToFICstmrDrctDbt/DrctDbtTxInf/RmtInf/Strd/GrnshmtRmt/Grnshee/CtctDtls/JobTitl,JobTitl,Max35Text,0,1
pacs.003.001.12,/Document/FIToFICstmrDrctDbt/DrctDbtTxInf/RmtInf/Strd/GrnshmtRmt/Grnshee/CtctDtls/Rspnsblty,Rspnsblty,Max35Text,0,1
pacs.003.001.12,/Document/FIToFICstmrDrctDbt/DrctDbtTxInf/RmtInf/Strd/GrnshmtRmt/Grnshee/CtctDtls/Dept,Dept,Max70Text,0,1
pacs.003.001.12,/Document/FIToFICstmrDrctDbt/DrctDbtTxInf/RmtInf/Strd/GrnshmtRmt/Grnshee/CtctDtls/Othr,Othr,OtherContact1,0,
pacs.003.001.12,/Document/FIToFICstmrDrctDbt/DrctDbtTxInf/RmtInf/Strd/GrnshmtRmt/Grnshee/CtctDtls/Othr/ChanlTp,ChanlTp,Max4Text,1,1
pacs.003.001.12,/Document/FIToFICstmrDrctDbt/DrctDbtTxInf/RmtInf/Strd/GrnshmtRmt/Grnshee/CtctDtls/Othr/Id,Id,Max128Text,0,1
pacs.003.001.12,/Document/FIToFICstmrDrctDbt/DrctDbtTxInf/RmtInf/Strd/GrnshmtRmt/Grnshee/CtctDtls/PrefrdMtd,PrefrdMtd,PreferredContactMethod2Code,0,1
pacs.003.001.12,/Document/FIToFICstmrDrctDbt/DrctDbtTxInf/RmtInf/Strd/GrnshmtRmt/GrnshmtAdmstr,GrnshmtAdmstr,PartyIdentification272,0,1
pacs.003.001.12,/Document/FIToFICstmrDrctDbt/DrctDbtTxInf/RmtInf/Strd/GrnshmtRmt/GrnshmtAdmstr/Nm,Nm,Max140Text,0,1
pacs.003.001.12,/Document/FIToFICstmrDrctDbt/DrctDbtTxInf/RmtInf/Strd/GrnshmtRmt/GrnshmtAdmstr/PstlAdr,PstlAdr,PostalAddress27,0,1
pacs.003.001.12,/Document/FIToFICstmrDrctDbt/DrctDbtTxInf/RmtInf/Strd/GrnshmtRmt/GrnshmtAdmstr/PstlAdr/AdrTp,AdrTp,AddressType3Choice,0,1
pacs.003.001.12,/Document/FIToFICstmrDrctDbt/DrctDbtTxInf/RmtInf/Strd/GrnshmtRmt/GrnshmtAdmstr/PstlAdr/AdrTp/Cd,Cd,AddressType2Code,1,1
pacs.003.001.12,/Document/FIToFICstmrDrctDbt/DrctDbtTxInf/RmtInf/Strd/GrnshmtRmt/GrnshmtAdmstr/PstlAdr/AdrTp/Prtry,Prtry,GenericIdentification30,1,1
pacs.003.001.12,/Document/FIToFICstmrDrctDbt/DrctDbtTxInf/RmtInf/Strd/GrnshmtRmt/GrnshmtAdmstr/PstlAdr/AdrTp/Prtry/Id,Id,Exact4AlphaNumericText,1,1
pacs.003.001.12,/Document/FIToFICstmrDrctDbt/DrctDbtTxInf/RmtInf/Strd/GrnshmtRmt/GrnshmtAdmstr/PstlAdr/AdrTp/Prtry/Issr,Issr,Max35Text,1,1
pacs.003.001.12,/Document/FIToFICstmrDrctDbt/DrctDbtTxInf/RmtInf/Strd/GrnshmtRmt/GrnshmtAdmstr/PstlAdr/AdrTp/Prtry/SchmeNm,SchmeNm,Max35Text,0,1
pacs.003.001.12,/Document/FIToFICstmrDrctDbt/DrctDbtTxInf/RmtInf/Strd/GrnshmtRmt/GrnshmtAdmstr/PstlAdr/CareOf,CareOf,Max140Text,0,1
pacs.003.001.12,/Document/FIToFICstmrDrctDbt/DrctDbtTxInf/RmtInf/Strd/GrnshmtRmt/GrnshmtAdmstr/PstlAdr/Dept,Dept,Max70Text,0,1
pacs.003.001.12,/Document/FIToFICstmrDrctDbt/DrctDbtTxInf/RmtInf/Strd/GrnshmtRmt/GrnshmtAdmstr/PstlAdr/SubDept,SubDept,Max70Text,0,1
pacs.003.001.12,/Document/FIToFICstmrDrctDbt/DrctDbtTxInf/RmtInf/Strd/GrnshmtRmt/GrnshmtAdmstr/PstlAdr/StrtNm,StrtNm,Max140Text,0,1
pacs.003.001.12,/Document/FIToFICstmrDrctDbt/DrctDbtTxInf/RmtInf/Strd/GrnshmtRmt/GrnshmtAdmstr/PstlAdr/BldgNb,BldgNb,Max16Text,0,1
pacs.003.001.12,/Document/FIToFICstmrDrctDbt/DrctDbtTxInf/RmtInf/Strd/GrnshmtRmt/GrnshmtAdmstr/PstlAdr/BldgNm,BldgNm,Max140Text,0,1
pacs.003.001.12,/Document/FIToFICstmrDrctDbt/DrctDbtTxInf/RmtInf/Strd/GrnshmtRmt/GrnshmtAdmstr/PstlAdr/Flr,Flr,Max70Text,0,1
pacs.003.001.12,/Document/FIToFICstmrDrctDbt/DrctDbtTxInf/RmtInf/Strd/GrnshmtRmt/GrnshmtAdmstr/PstlAdr/UnitNb,UnitNb,Max16Text,0,1
pacs.003.001.12,/Document/FIToFICstmrDrctDbt/DrctDbtTxInf/RmtInf/Strd/GrnshmtRmt/GrnshmtAdmstr/PstlAdr/PstBx,PstBx,Max16Text,0,1
pacs.003.001.12,/Document/FIToFICstmrDrctDbt/DrctDbtTxInf/RmtInf/Strd/GrnshmtRmt/GrnshmtAdmstr/PstlAdr/Room,Room,Max70Text,0,1
pacs.003.001.12,/Document/FIToFICstmrDrctDbt/DrctDbtTxInf/RmtInf/Strd/GrnshmtRmt/GrnshmtAdmstr/PstlAdr/PstCd,PstCd,Max16Text,0,1
pacs.003.001.12,/Document/FIToFICstmrDrctDbt/DrctDbtTxInf/RmtInf/Strd/GrnshmtRmt/GrnshmtAdmstr/PstlAdr/TwnNm,TwnNm,Max140Text,0,1
pacs.003.001.12,/Document/FIToFICstmrDrctDbt/DrctDbtTxInf/RmtInf/Strd/GrnshmtRmt/GrnshmtAdmstr/PstlAdr/TwnLctnNm,TwnLctnNm,Max140Text,0,1
pacs.003.001.12,/Document/FIToFICstmrDrctDbt/DrctDbtTxInf/RmtInf/Strd/GrnshmtRmt/GrnshmtAdmstr/PstlAdr/DstrctNm,DstrctNm,Max140Text,0,1
pacs.003.001.12,/Document/FIToFICstmrDrctDbt/DrctDbtTxInf/RmtInf/Strd/GrnshmtRmt/GrnshmtAdmstr/PstlAdr/CtrySubDvsn,CtrySubDvsn,Max35Text,0,1
pacs.003.001.12,/Document/FIToFICstmrDrctDbt/DrctDbtTxInf/RmtInf/Strd/GrnshmtRmt/GrnshmtAdmstr/PstlAdr/Ctry,Ctry,CountryCode,0,1
pacs.003.001.12,/Document/FIToFICstmrDrctDbt/DrctDbtTxInf/RmtInf/Strd/GrnshmtRmt/GrnshmtAdmstr/PstlAdr/AdrLine,AdrLine,Max70Text,0,7
pacs.003.001.12,/Document/FIToFICstmrDrctDbt/DrctDbtTxInf/RmtInf/Strd/GrnshmtRmt/GrnshmtAdmstr/Id,Id,Party52Choice,0,1
pacs.003.001.12,/Document/FIToFICstmrDrctDbt/DrctDbtTxInf/RmtInf/Strd/GrnshmtRmt/GrnshmtAdmstr/Id/OrgId,OrgId,OrganisationIdentification39,1,1
pacs.003.001.12,/Document/FIToFICstmrDrctDbt/DrctDbtTxInf/RmtInf/Strd/GrnshmtRmt/GrnshmtAdmstr/Id/OrgId/AnyBIC,AnyBIC,AnyBICDec2014Identifier,0,1
pacs.003.001.12,/Document/FIToFICstmrDrctDbt/DrctDbtTxInf/RmtInf/Strd/GrnshmtRmt/GrnshmtAdmstr/Id/OrgId/LEI,LEI,LEIIdentifier,0,1
pacs.003.001.12,/Document/FIToFICstmrDrctDbt/DrctDbtTxInf/RmtInf/Strd/GrnshmtRmt/GrnshmtAdmstr/Id/OrgId/Othr,Othr,GenericOrganisationIdentification3,0,
pacs.003.001.12,/Document/FIToFICstmrDrctDbt/DrctDbtTxInf/RmtInf/Strd/GrnshmtRmt/GrnshmtAdmstr/Id/OrgId/Othr/Id,Id,Max256Text,1,1
pacs.003.001.12,/Document/FIToFICstmrDrctDbt/DrctDbtTxInf/RmtInf/Strd/GrnshmtRmt/GrnshmtAdmstr/Id/OrgId/Othr/SchmeNm,SchmeNm,OrganisationIdentificationSchemeName1Choice,0,1
pacs.003.001.12,/Document/FIToFICstmrDrctDbt/DrctDbtTxInf/RmtInf/Strd/GrnshmtRmt/GrnshmtAdmstr/Id/OrgId/Othr/SchmeNm/Cd,Cd,ExternalOrganisationIdentification1Code,1,1
pacs.003.001.12,/Document/FIToFICstmrDrctDbt/DrctDbtTxInf/RmtInf/Strd/GrnshmtRmt/GrnshmtAdmstr/Id/OrgId/Othr/SchmeNm/Prtry,Prtry,Max35Text,1,1
pacs.003.001.12,/Document/FIToFICstmrDrctDbt/DrctDbtTxInf/RmtInf/Strd/GrnshmtRmt/GrnshmtAdmstr/Id/OrgId/Othr/Issr,Issr,Max35Text,0,1
pacs.003.001.12,/Document/FIToFICstmrDrctDbt/DrctDbtTxInf/RmtInf/Strd/GrnshmtRmt/GrnshmtAdmstr/Id/PrvtId,PrvtId,PersonIdentification18,1,1
pacs.003.001.12,/Document/FIToFICstmrDrctDbt/DrctDbtTxInf/RmtInf/Strd/GrnshmtRmt/GrnshmtAdmstr/Id/PrvtId/DtAndPlcOfBirth,DtAndPlcOfBirth,DateAndPlaceOfBirth1,0,1
pacs.003.001.12,/Document/FIToFICstmrDrctDbt/DrctDbtTxInf/RmtInf/Strd/GrnshmtRmt/GrnshmtAdmstr/Id/PrvtId/DtAndPlcOfBirth/BirthDt,BirthDt,ISODate,1,1
pacs.003.001.12,/Document/FIToFICstmrDrctDbt/DrctDbtTxInf/RmtInf/Strd/GrnshmtRmt/GrnshmtAdmstr/Id/PrvtId/DtAndPlcOfBirth/PrvcOfBirth,PrvcOfBirth,Max35Text,0,1
pacs.003.001.12,/Document/FIToFICstmrDrctDbt/DrctDbtTxInf/RmtInf/Strd/GrnshmtRmt/GrnshmtAdmstr/Id/PrvtId/DtAndPlcOfBirth/CityOfBirth,CityOfBirth,Max35Text,1,1
pacs.003.001.12,/Document/FIToFICstmrDrctDbt/DrctDbtTxInf/RmtInf/Strd/GrnshmtRmt/GrnshmtAdmstr/Id/PrvtId/DtAndPlcOfBirth/CtryOfBirth,CtryOfBirth,CountryCode,1,1
pacs.003.001.12,/Document/FIToFICstmrDrctDbt/DrctDbtTxInf/RmtInf/Strd/GrnshmtRmt/GrnshmtAdmstr/Id/PrvtId/Othr,Othr,GenericPersonIdentification2,0,
pacs.003.001.12,/Document/FIToFICstmrDrctDbt/DrctDbtTxInf/RmtInf/Strd/GrnshmtRmt/GrnshmtAdmstr/Id/PrvtId/Othr/Id,Id,Max256Text,1,1
pacs.003.001.12,/Document/FIToFICstmrDrctDbt/DrctDbtTxInf/RmtInf/Strd/GrnshmtRmt/GrnshmtAdmstr/Id/PrvtId/Othr/SchmeNm,SchmeNm,PersonIdentificationSchemeName1Choice,0,1
pacs.003.001.12,/Document/FIToFICstmrDrctDbt/DrctDbtTxInf/RmtInf/Strd/GrnshmtRmt/GrnshmtAdmstr/Id/PrvtId/Othr/SchmeNm/Cd,Cd,ExternalPersonIdentification1Code,1,1
pacs.003.001.12,/Document/FIToFICstmrDrctDbt/DrctDbtTxInf/RmtInf/Strd/GrnshmtRmt/GrnshmtAdmstr/Id/PrvtId/Othr/SchmeNm/Prtry,Prtry,Max35Text,1,1
pacs.003.001.12,/Document/FIToFICstmrDrctDbt/DrctDbtTxInf/RmtInf/Strd/GrnshmtRmt/GrnshmtAdmstr/Id/PrvtId/Othr/Issr,Issr,Max35Text,0,1
pacs.003.001.12,/Document/FIToFICstmrDrctDbt/DrctDbtTxInf/RmtInf/Strd/GrnshmtRmt/GrnshmtAdmstr/CtryOfRes,CtryOfRes,CountryCode,0,1
pacs.003.001.12,/Document/FIToFICstmrDrctDbt/DrctDbtTxInf/RmtInf/Strd/GrnshmtRmt/GrnshmtAdmstr/CtctDtls,CtctDtls,Contact13,0,1
pacs.003.001.12,/Document/FIToFICstmrDrctDbt/DrctDbtTxInf/RmtInf/Strd/GrnshmtRmt/GrnshmtAdmstr/CtctDtls/NmPrfx,NmPrfx,NamePrefix2Code,0,1
pacs.003.001.12,/Document/FIToFICstmrDrctDbt/DrctDbtTxInf/RmtInf/Strd/GrnshmtRmt/GrnshmtAdmstr/CtctDtls/Nm,Nm,Max140Text,0,1
pacs.003.001.12,/Document/FIToFICstmrDrctDbt/DrctDbtTxInf/RmtInf/Strd/GrnshmtRmt/GrnshmtAdmstr/CtctDtls/PhneNb,PhneNb,PhoneNumber,0,1
pacs.003.001.12,/Document/FIToFICstmrDrctDbt/DrctDbtTxInf/RmtInf/Strd/GrnshmtRmt/GrnshmtAdmstr/CtctDtls/MobNb,MobNb,PhoneNumber,0,1
pacs.003.001.12,/Document/FIToFICstmrDrctDbt/DrctDbtTxInf/RmtInf/Strd/GrnshmtRmt/GrnshmtAdmstr/CtctDtls/FaxNb,FaxNb,PhoneNumber,0,1
pacs.003.001.12,/Document/FIToFICstmrDrctDbt/DrctDbtTxInf/RmtInf/Strd/GrnshmtRmt/GrnshmtAdmstr/CtctDtls/URLAdr,URLAdr,Max2048Text,0,1
pacs.003.001.12,/Document/FIToFICstmrDrctDbt/DrctDbtTxInf/RmtInf/Strd/GrnshmtRmt/GrnshmtAdmstr/CtctDtls/EmailAdr,EmailAdr,Max256Text,0,1
pacs.003.001.12,/Document/FIToFICstmrDrctDbt/DrctDbtTxInf/RmtInf/Strd/GrnshmtRmt/GrnshmtAdmstr/CtctDtls/EmailPurp,EmailPurp,Max35Text,0,1
pacs.003.001.12,/Document/FIToFICstmrDrctDbt/DrctDbtTxInf/RmtInf/Strd/GrnshmtRmt/GrnshmtAdmstr/CtctDtls/JobTitl,JobTitl,Max35Text,0,1
pacs.003.001.12,/Document/FIToFICstmrDrctDbt/DrctDbtTxInf/RmtInf/Strd/GrnshmtRmt/GrnshmtAdmstr/CtctDtls/Rspnsblty,Rspnsblty,Max35Text,0,1
pacs.003.001.12,/Document/FIToFICstmrDrctDbt/DrctDbtTxInf/RmtInf/Strd/GrnshmtRmt/GrnshmtAdmstr/CtctDtls/Dept,Dept,Max70Text,0,1
pacs.003.001.12,/Document/FIToFICstmrDrctDbt/DrctDbtTxInf/RmtInf/Strd/GrnshmtRmt/GrnshmtAdmstr/CtctDtls/Othr,Othr,OtherContact1,0,
pacs.003.001.12,/Document/FIToFICstmrDrctDbt/DrctDbtTxInf/RmtInf/Strd/GrnshmtRmt/GrnshmtAdmstr/CtctDtls/Othr/ChanlTp,ChanlTp,Max4Text,1,1
pacs.003.001.12,/Document/FIToFICstmrDrctDbt/DrctDbtTxInf/RmtInf/Strd/GrnshmtRmt/GrnshmtAdmstr/CtctDtls/Othr/Id,Id,Max128Text,0,1
pacs.003.001.12,/Document/FIToFICstmrDrctDbt/DrctDbtTxInf/RmtInf/Strd/GrnshmtRmt/GrnshmtAdmstr/CtctDtls/PrefrdMtd,PrefrdMtd,PreferredContactMethod2Code,0,1
pacs.003.001.12,/Document/FIToFICstmrDrctDbt/DrctDbtTxInf/RmtInf/Strd/GrnshmtRmt/RefNb,RefNb,Max140Text,0,1
pacs.003.001.12,/Document/FIToFICstmrDrctDbt/DrctDbtTxInf/RmtInf/Strd/GrnshmtRmt/Dt,Dt,ISODate,0,1
pacs.003.001.12,/Document/FIToFICstmrDrctDbt/DrctDbtTxInf/RmtInf/Strd/GrnshmtRmt/RmtdAmt,RmtdAmt,ActiveOrHistoricCurrencyAndAmount,0,1
pacs.003.001.12,/Document/FIToFICstmrDrctDbt/DrctDbtTxInf/RmtInf/Strd/GrnshmtRmt/FmlyMdclInsrncInd,FmlyMdclInsrncInd,TrueFalseIndicator,0,1
pacs.003.001.12,/Document/FIToFICstmrDrctDbt/DrctDbtTxInf/RmtInf/Strd/GrnshmtRmt/MplyeeTermntnInd,MplyeeTermntnInd,TrueFalseIndicator,0,1
pacs.003.001.12,/Document/FIToFICstmrDrctDbt/DrctDbtTxInf/RmtInf/Strd/SctiesData,SctiesData,SecuritiesAttributes1,0,
pacs.003.001.12,/Document/FIToFICstmrDrctDbt/DrctDbtTxInf/RmtInf/Strd/SctiesData/UnqTxIdr,UnqTxIdr,UTIIdentifier,1,1
pacs.003.001.12,/Document/FIToFICstmrDrctDbt/DrctDbtTxInf/RmtInf/Strd/SctiesData/Amt,Amt,ActiveCurrencyAndAmount,0,1
pacs.003.001.12,/Document/FIToFICstmrDrctDbt/DrctDbtTxInf/RmtInf/Strd/AddtlRmtInf,AddtlRmtInf,Max140Text,0,3
pacs.003.001.12,/Document/FIToFICstmrDrctDbt/DrctDbtTxInf/SplmtryData,SplmtryData,SupplementaryData1,0,
pacs.003.001.12,/Document/FIToFICstmrDrctDbt/DrctDbtTxInf/SplmtryData/PlcAndNm,PlcAndNm,Max350Text,0,1
pacs.003.001.12,/Document/FIToFICstmrDrctDbt/DrctDbtTxInf/SplmtryData/Envlp,Envlp,SupplementaryDataEnvelope1,1,1
pacs.003.001.12,/Document/FIToFICstmrDrctDbt/SplmtryData,SplmtryData,SupplementaryData1,0,
pacs.003.001.12,/Document/FIToFICstmrDrctDbt/SplmtryData/PlcAndNm,PlcAndNm,Max350Text,0,1
pacs.003.001.12,/Document/FIToFICstmrDrctDbt/SplmtryData/Envlp,Envlp,SupplementaryDataEnvelope1,1,1
