Message,XPath,XML Tag,Type,MinOccurs,MaxOccurs
pacs.002.001.12,/Document,Document,Document,1,1
pacs.002.001.12,/Document/FIToFIPmtStsRpt,FIToFIPmtStsRpt,FIToFIPaymentStatusReportV12,1,1
pacs.002.001.12,/Document/FIToFIPmtStsRpt/GrpHdr,GrpHdr,GroupHeader101,1,1
pacs.002.001.12,/Document/FIToFIPmtStsRpt/GrpHdr/MsgId,MsgId,Max35Text,1,1
pacs.002.001.12,/Document/FIToFIPmtStsRpt/GrpHdr/CreDtTm,CreDtTm,ISODateTime,1,1
pacs.002.001.12,/Document/FIToFIPmtStsRpt/GrpHdr/InstgAgt,InstgAgt,BranchAndFinancialInstitutionIdentification6,0,1
pacs.002.001.12,/Document/FIToFIPmtStsRpt/GrpHdr/InstgAgt/FinInstnId,FinInstnId,FinancialInstitutionIdentification18,1,1
pacs.002.001.12,/Document/FIToFIPmtStsRpt/GrpHdr/InstgAgt/FinInstnId/BICFI,BICFI,BICFIDec2014Identifier,0,1
pacs.002.001.12,/Document/FIToFIPmtStsRpt/GrpHdr/InstgAgt/FinInstnId/ClrSysMmbId,ClrSysMmbId,ClearingSystemMemberIdentification2,0,1
pacs.002.001.12,/Document/FIToFIPmtStsRpt/GrpHdr/InstgAgt/FinInstnId/ClrSysMmbId/ClrSysId,ClrSysId,ClearingSystemIdentification2Choice,0,1
pacs.002.001.12,/Document/FIToFIPmtStsRpt/GrpHdr/InstgAgt/FinInstnId/ClrSysMmbId/ClrSysId/Cd,Cd,ExternalClearingSystemIdentification1Code,1,1
pacs.002.001.12,/Document/FIToFIPmtStsRpt/GrpHdr/InstgAgt/FinInstnId/ClrSysMmbId/ClrSysId/Prtry,Prtry,Max35Text,1,1
pacs.002.001.12,/Document/FIToFIPmtStsRpt/GrpHdr/InstgAgt/FinInstnId/ClrSysMmbId/MmbId,MmbId,Max35Text,1,1
pacs.002.001.12,/Document/FIToFIPmtStsRpt/GrpHdr/InstgAgt/FinInstnId/LEI,LEI,LEIIdentifier,0,1
pacs.002.001.12,/Document/FIToFIPmtStsRpt/GrpHdr/InstgAgt/FinInstnId/Nm,Nm,Max140Text,0,1
pacs.002.001.12,/Document/FIToFIPmtStsRpt/GrpHdr/InstgAgt/FinInstnId/PstlAdr,PstlAdr,PostalAddress24,0,1
pacs.002.001.12,/Document/FIToFIPmtStsRpt/GrpHdr/InstgAgt/FinInstnId/PstlAdr/AdrTp,AdrTp,AddressType3Choice,0,1
pacs.002.001.12,/Document/FIToFIPmtStsRpt/GrpHdr/InstgAgt/FinInstnId/PstlAdr/AdrTp/Cd,Cd,AddressType2Code,1,1
pacs.002.001.12,/Document/FIToFIPmtStsRpt/GrpHdr/InstgAgt/FinInstnId/PstlAdr/AdrTp/Prtry,Prtry,GenericIdentification30,1,1
pacs.002.001.12,/Document/FIToFIPmtStsRpt/GrpHdr/InstgAgt/FinInstnId/PstlAdr/AdrTp/Prtry/Id,Id,Exact4AlphaNumericText,1,1
pacs.002.001.12,/Document/FIToFIPmtStsRpt/GrpHdr/InstgAgt/FinInstnId/PstlAdr/AdrTp/Prtry/Issr,Issr,Max35Text,1,1
pacs.002.001.12,/Document/FIToFIPmtStsRpt/GrpHdr/InstgAgt/FinInstnId/PstlAdr/AdrTp/Prtry/SchmeNm,SchmeNm,Max35Text,0,1
pacs.002.001.12,/Document/FIToFIPmtStsRpt/GrpHdr/InstgAgt/FinInstnId/PstlAdr/Dept,Dept,Max70Text,0,1
pacs.002.001.12,/Document/FIToFIPmtStsRpt/GrpHdr/InstgAgt/FinInstnId/PstlAdr/SubDept,SubDept,Max70Text,0,1
pacs.002.001.12,/Document/FIToFIPmtStsRpt/GrpHdr/InstgAgt/FinInstnId/PstlAdr/StrtNm,StrtNm,Max70Text,0,1
pacs.002.001.12,/Document/FIToFIPmtStsRpt/GrpHdr/InstgAgt/FinInstnId/PstlAdr/BldgNb,BldgNb,Max16Text,0,1
pacs.002.001.12,/Document/FIToFIPmtStsRpt/GrpHdr/InstgAgt/FinInstnId/PstlAdr/BldgNm,BldgNm,Max35Text,0,1
pacs.002.001.12,/Document/FIToFIPmtStsRpt/GrpHdr/InstgAgt/FinInstnId/PstlAdr/Flr,Flr,Max70Text,0,1
pacs.002.001.12,/Document/FIToFIPmtStsRpt/GrpHdr/InstgAgt/FinInstnId/PstlAdr/PstBx,PstBx,Max16Text,0,1
pacs.002.001.12,/Document/FIToFIPmtStsRpt/GrpHdr/InstgAgt/FinInstnId/PstlAdr/Room,Room,Max70Text,0,1
pacs.002.001.12,/Document/FIToFIPmtStsRpt/GrpHdr/InstgAgt/FinInstnId/PstlAdr/PstCd,PstCd,Max16Text,0,1
pacs.002.001.12,/Document/FIToFIPmtStsRpt/GrpHdr/InstgAgt/FinInstnId/PstlAdr/TwnNm,TwnNm,Max35Text,0,1
pacs.002.001.12,/Document/FIToFIPmtStsRpt/GrpHdr/InstgAgt/FinInstnId/PstlAdr/TwnLctnNm,TwnLctnNm,Max35Text,0,1
pacs.002.001.12,/Document/FIToFIPmtStsRpt/GrpHdr/InstgAgt/FinInstnId/PstlAdr/DstrctNm,DstrctNm,Max35Text,0,1
pacs.002.001.12,/Document/FIToFIPmtStsRpt/GrpHdr/InstgAgt/FinInstnId/PstlAdr/CtrySubDvsn,CtrySubDvsn,Max35Text,0,1
pacs.002.001.12,/Document/FIToFIPmtStsRpt/GrpHdr/InstgAgt/FinInstnId/PstlAdr/Ctry,Ctry,CountryCode,0,1
pacs.002.001.12,/Document/FIToFIPmtStsRpt/GrpHdr/InstgAgt/FinInstnId/PstlAdr/AdrLine,AdrLine,Max70Text,0,7
pacs.002.001.12,/Document/FIToFIPmtStsRpt/GrpHdr/InstgAgt/FinInstnId/Othr,Othr,GenericFinancialIdentification1,0,1
pacs.002.001.12,/Document/FIToFIPmtStsRpt/GrpHdr/InstgAgt/FinInstnId/Othr/Id,Id,Max35Text,1,1
pacs.002.001.12,/Document/FIToFIPmtStsRpt/GrpHdr/InstgAgt/FinInstnId/Othr/SchmeNm,SchmeNm,FinancialIdentificationSchemeName1Choice,0,1
pacs.002.001.12,/Document/FIToFIPmtStsRpt/GrpHdr/InstgAgt/FinInstnId/Othr/SchmeNm/Cd,Cd,ExternalFinancialInstitutionIdentification1Code,1,1
pacs.002.001.12,/Document/FIToFIPmtStsRpt/GrpHdr/InstgAgt/FinInstnId/Othr/SchmeNm/Prtry,Prtry,Max35Text,1,1
pacs.002.001.12,/Document/FIToFIPmtStsRpt/GrpHdr/InstgAgt/FinInstnId/Othr/Issr,Issr,Max35Text,0,1
pacs.002.001.12,/Document/FIToFIPmtStsRpt/GrpHdr/InstgAgt/BrnchId,BrnchId,BranchData3,0,1
pacs.002.001.12,/Document/FIToFIPmtStsRpt/GrpHdr/InstgAgt/BrnchId/Id,Id,Max35Text,0,1
pacs.002.001.12,/Document/FIToFIPmtStsRpt/GrpHdr/InstgAgt/BrnchId/LEI,LEI,LEIIdentifier,0,1
pacs.002.001.12,/Document/FIToFIPmtStsRpt/GrpHdr/InstgAgt/BrnchId/Nm,Nm,Max140Text,0,1
pacs.002.001.12,/Document/FIToFIPmtStsRpt/GrpHdr/InstgAgt/BrnchId/PstlAdr,PstlAdr,PostalAddress24,0,1
pacs.002.001.12,/Document/FIToFIPmtStsRpt/GrpHdr/InstgAgt/BrnchId/PstlAdr/AdrTp,AdrTp,AddressType3Choice,0,1
pacs.002.001.12,/Document/FIToFIPmtStsRpt/GrpHdr/InstgAgt/BrnchId/PstlAdr/AdrTp/Cd,Cd,AddressType2Code,1,1
pacs.002.001.12,/Document/FIToFIPmtStsRpt/GrpHdr/InstgAgt/BrnchId/PstlAdr/AdrTp/Prtry,Prtry,GenericIdentification30,1,1
pacs.002.001.12,/Document/FIToFIPmtStsRpt/GrpHdr/InstgAgt/BrnchId/PstlAdr/AdrTp/Prtry/Id,Id,Exact4AlphaNumericText,1,1
pacs.002.001.12,/Document/FIToFIPmtStsRpt/GrpHdr/InstgAgt/BrnchId/PstlAdr/AdrTp/Prtry/Issr,Issr,Max35Text,1,1
pacs.002.001.12,/Document/FIToFIPmtStsRpt/GrpHdr/InstgAgt/BrnchId/PstlAdr/AdrTp/Prtry/SchmeNm,SchmeNm,Max35Text,0,1
pacs.002.001.12,/Document/FIToFIPmtStsRpt/GrpHdr/InstgAgt/BrnchId/PstlAdr/Dept,Dept,Max70Text,0,1
pacs.002.001.12,/Document/FIToFIPmtStsRpt/GrpHdr/InstgAgt/BrnchId/PstlAdr/SubDept,SubDept,Max70Text,0,1
pacs.002.001.12,/Document/FIToFIPmtStsRpt/GrpHdr/InstgAgt/BrnchId/PstlAdr/StrtNm,StrtNm,Max70Text,0,1
pacs.002.001.12,/Document/FIToFIPmtStsRpt/GrpHdr/InstgAgt/BrnchId/PstlAdr/BldgNb,BldgNb,Max16Text,0,1
pacs.002.001.12,/Document/FIToFIPmtStsRpt/GrpHdr/InstgAgt/BrnchId/PstlAdr/BldgNm,BldgNm,Max35Text,0,1
pacs.002.001.12,/Document/FIToFIPmtStsRpt/GrpHdr/InstgAgt/BrnchId/PstlAdr/Flr,Flr,Max70Text,0,1
pacs.002.001.12,/Document/FIToFIPmtStsRpt/GrpHdr/InstgAgt/BrnchId/PstlAdr/PstBx,PstBx,Max16Text,0,1
pacs.002.001.12,/Document/FIToFIPmtStsRpt/GrpHdr/InstgAgt/BrnchId/PstlAdr/Room,Room,Max70Text,0,1
pacs.002.001.12,/Document/FIToFIPmtStsRpt/GrpHdr/InstgAgt/BrnchId/PstlAdr/PstCd,PstCd,Max16Text,0,1
pacs.002.001.12,/Document/FIToFIPmtStsRpt/GrpHdr/InstgAgt/BrnchId/PstlAdr/TwnNm,TwnNm,Max35Text,0,1
pacs.002.001.12,/Document/FIToFIPmtStsRpt/GrpHdr/InstgAgt/BrnchId/PstlAdr/TwnLctnNm,TwnLctnNm,Max35Text,0,1
pacs.002.001.12,/Document/FIToFIPmtStsRpt/GrpHdr/InstgAgt/BrnchId/PstlAdr/DstrctNm,DstrctNm,Max35Text,0,1
pacs.002.001.12,/Document/FIToFIPmtStsRpt/GrpHdr/InstgAgt/BrnchId/PstlAdr/CtrySubDvsn,CtrySubDvsn,Max35Text,0,1
pacs.002.001.12,/Document/FIToFIPmtStsRpt/GrpHdr/InstgAgt/BrnchId/PstlAdr/Ctry,Ctry,CountryCode,0,1
pacs.002.001.12,/Document/FIToFIPmtStsRpt/GrpHdr/InstgAgt/BrnchId/PstlAdr/AdrLine,AdrLine,Max70Text,0,7
pacs.002.001.12,/Document/FIToFIPmtStsRpt/GrpHdr/InstdAgt,InstdAgt,BranchAndFinancialInstitutionIdentification6,0,1
pacs.002.001.12,/Document/FIToFIPmtStsRpt/GrpHdr/InstdAgt/FinInstnId,FinInstnId,FinancialInstitutionIdentification18,1,1
pacs.002.001.12,/Document/FIToFIPmtStsRpt/GrpHdr/InstdAgt/FinInstnId/BICFI,BICFI,BICFIDec2014Identifier,0,1
pacs.002.001.12,/Document/FIToFIPmtStsRpt/GrpHdr/InstdAgt/FinInstnId/ClrSysMmbId,ClrSysMmbId,ClearingSystemMemberIdentification2,0,1
pacs.002.001.12,/Document/FIToFIPmtStsRpt/GrpHdr/InstdAgt/FinInstnId/ClrSysMmbId/ClrSysId,ClrSysId,ClearingSystemIdentification2Choice,0,1
pacs.002.001.12,/Document/FIToFIPmtStsRpt/GrpHdr/InstdAgt/FinInstnId/ClrSysMmbId/ClrSysId/Cd,Cd,ExternalClearingSystemIdentification1Code,1,1
pacs.002.001.12,/Document/FIToFIPmtStsRpt/GrpHdr/InstdAgt/FinInstnId/ClrSysMmbId/ClrSysId/Prtry,Prtry,Max35Text,1,1
pacs.002.001.12,/Document/FIToFIPmtStsRpt/GrpHdr/InstdAgt/FinInstnId/ClrSysMmbId/MmbId,MmbId,Max35Text,1,1
pacs.002.001.12,/Document/FIToFIPmtStsRpt/GrpHdr/InstdAgt/FinInstnId/LEI,LEI,LEIIdentifier,0,1
pacs.002.001.12,/Document/FIToFIPmtStsRpt/GrpHdr/InstdAgt/FinInstnId/Nm,Nm,Max140Text,0,1
pacs.002.001.12,/Document/FIToFIPmtStsRpt/GrpHdr/InstdAgt/FinInstnId/PstlAdr,PstlAdr,PostalAddress24,0,1
pacs.002.001.12,/Document/FIToFIPmtStsRpt/GrpHdr/InstdAgt/FinInstnId/PstlAdr/AdrTp,AdrTp,AddressType3Choice,0,1
pacs.002.001.12,/Document/FIToFIPmtStsRpt/GrpHdr/InstdAgt/FinInstnId/PstlAdr/AdrTp/Cd,Cd,AddressType2Code,1,1
pacs.002.001.12,/Document/FIToFIPmtStsRpt/GrpHdr/InstdAgt/FinInstnId/PstlAdr/AdrTp/Prtry,Prtry,GenericIdentification30,1,1
pacs.002.001.12,/Document/FIToFIPmtStsRpt/GrpHdr/InstdAgt/FinInstnId/PstlAdr/AdrTp/Prtry/Id,Id,Exact4AlphaNumericText,1,1
pacs.002.001.12,/Document/FIToFIPmtStsRpt/GrpHdr/InstdAgt/FinInstnId/PstlAdr/AdrTp/Prtry/Issr,Issr,Max35Text,1,1
pacs.002.001.12,/Document/FIToFIPmtStsRpt/GrpHdr/InstdAgt/FinInstnId/PstlAdr/AdrTp/Prtry/SchmeNm,SchmeNm,Max35Text,0,1
pacs.002.001.12,/Document/FIToFIPmtStsRpt/GrpHdr/InstdAgt/FinInstnId/PstlAdr/Dept,Dept,Max70Text,0,1
pacs.002.001.12,/Document/FIToFIPmtStsRpt/GrpHdr/InstdAgt/FinInstnId/PstlAdr/SubDept,SubDept,Max70Text,0,1
pacs.002.001.12,/Document/FIToFIPmtStsRpt/GrpHdr/InstdAgt/FinInstnId/PstlAdr/StrtNm,StrtNm,Max70Text,0,1
pacs.002.001.12,/Document/FIToFIPmtStsRpt/GrpHdr/InstdAgt/FinInstnId/PstlAdr/BldgNb,BldgNb,Max16Text,0,1
pacs.002.001.12,/Document/FIToFIPmtStsRpt/GrpHdr/InstdAgt/FinInstnId/PstlAdr/BldgNm,BldgNm,Max35Text,0,1
pacs.002.001.12,/Document/FIToFIPmtStsRpt/GrpHdr/InstdAgt/FinInstnId/PstlAdr/Flr,Flr,Max70Text,0,1
pacs.002.001.12,/Document/FIToFIPmtStsRpt/GrpHdr/InstdAgt/FinInstnId/PstlAdr/PstBx,PstBx,Max16Text,0,1
pacs.002.001.12,/Document/FIToFIPmtStsRpt/GrpHdr/InstdAgt/FinInstnId/PstlAdr/Room,Room,Max70Text,0,1
pacs.002.001.12,/Document/FIToFIPmtStsRpt/GrpHdr/InstdAgt/FinInstnId/PstlAdr/PstCd,PstCd,Max16Text,0,1
pacs.002.001.12,/Document/FIToFIPmtStsRpt/GrpHdr/InstdAgt/FinInstnId/PstlAdr/TwnNm,TwnNm,Max35Text,0,1
pacs.002.001.12,/Document/FIToFIPmtStsRpt/GrpHdr/InstdAgt/FinInstnId/PstlAdr/TwnLctnNm,TwnLctnNm,Max35Text,0,1
pacs.002.001.12,/Document/FIToFIPmtStsRpt/GrpHdr/InstdAgt/FinInstnId/PstlAdr/DstrctNm,DstrctNm,Max35Text,0,1
pacs.002.001.12,/Document/FIToFIPmtStsRpt/GrpHdr/InstdAgt/FinInstnId/PstlAdr/CtrySubDvsn,CtrySubDvsn,Max35Text,0,1
pacs.002.001.12,/Document/FIToFIPmtStsRpt/GrpHdr/InstdAgt/FinInstnId/PstlAdr/Ctry,Ctry,CountryCode,0,1
pacs.002.001.12,/Document/FIToFIPmtStsRpt/GrpHdr/InstdAgt/FinInstnId/PstlAdr/AdrLine,AdrLine,Max70Text,0,7
pacs.002.001.12,/Document/FIToFIPmtStsRpt/GrpHdr/InstdAgt/FinInstnId/Othr,Othr,GenericFinancialIdentification1,0,1
pacs.002.001.12,/Document/FIToFIPmtStsRpt/GrpHdr/InstdAgt/FinInstnId/Othr/Id,Id,Max35Text,1,1
pacs.002.001.12,/Document/FIToFIPmtStsRpt/GrpHdr/InstdAgt/FinInstnId/Othr/SchmeNm,SchmeNm,FinancialIdentificationSchemeName1Choice,0,1
pacs.002.001.12,/Document/FIToFIPmtStsRpt/GrpHdr/InstdAgt/FinInstnId/Othr/SchmeNm/Cd,Cd,ExternalFinancialInstitutionIdentification1Code,1,1
pacs.002.001.12,/Document/FIToFIPmtStsRpt/GrpHdr/InstdAgt/FinInstnId/Othr/SchmeNm/Prtry,Prtry,Max35Text,1,1
pacs.002.001.12,/Document/FIToFIPmtStsRpt/GrpHdr/InstdAgt/FinInstnId/Othr/Issr,Issr,Max35Text,0,1
pacs.002.001.12,/Document/FIToFIPmtStsRpt/GrpHdr/InstdAgt/BrnchId,BrnchId,BranchData3,0,1
pacs.002.001.12,/Document/FIToFIPmtStsRpt/GrpHdr/InstdAgt/BrnchId/Id,Id,Max35Text,0,1
pacs.002.001.12,/Document/FIToFIPmtStsRpt/GrpHdr/InstdAgt/BrnchId/LEI,LEI,LEIIdentifier,0,1
pacs.002.001.12,/Document/FIToFIPmtStsRpt/GrpHdr/InstdAgt/BrnchId/Nm,Nm,Max140Text,0,1
pacs.002.001.12,/Document/FIToFIPmtStsRpt/GrpHdr/InstdAgt/BrnchId/PstlAdr,PstlAdr,PostalAddress24,0,1
pacs.002.001.12,/Document/FIToFIPmtStsRpt/GrpHdr/InstdAgt/BrnchId/PstlAdr/AdrTp,AdrTp,AddressType3Choice,0,1
pacs.002.001.12,/Document/FIToFIPmtStsRpt/GrpHdr/InstdAgt/BrnchId/PstlAdr/AdrTp/Cd,Cd,AddressType2Code,1,1
pacs.002.001.12,/Document/FIToFIPmtStsRpt/GrpHdr/InstdAgt/BrnchId/PstlAdr/AdrTp/Prtry,Prtry,GenericIdentification30,1,1
pacs.002.001.12,/Document/FIToFIPmtStsRpt/GrpHdr/InstdAgt/BrnchId/PstlAdr/AdrTp/Prtry/Id,Id,Exact4AlphaNumericText,1,1
pacs.002.001.12,/Document/FIToFIPmtStsRpt/GrpHdr/InstdAgt/BrnchId/PstlAdr/AdrTp/Prtry/Issr,Issr,Max35Text,1,1
pacs.002.001.12,/Document/FIToFIPmtStsRpt/GrpHdr/InstdAgt/BrnchId/PstlAdr/AdrTp/Prtry/SchmeNm,SchmeNm,Max35Text,0,1
pacs.002.001.12,/Document/FIToFIPmtStsRpt/GrpHdr/InstdAgt/BrnchId/PstlAdr/Dept,Dept,Max70Text,0,1
pacs.002.001.12,/Document/FIToFIPmtStsRpt/GrpHdr/InstdAgt/BrnchId/PstlAdr/SubDept,SubDept,Max70Text,0,1
pacs.002.001.12,/Document/FIToFIPmtStsRpt/GrpHdr/InstdAgt/BrnchId/PstlAdr/StrtNm,StrtNm,Max70Text,0,1
pacs.002.001.12,/Document/FIToFIPmtStsRpt/GrpHdr/InstdAgt/BrnchId/PstlAdr/BldgNb,BldgNb,Max16Text,0,1
pacs.002.001.12,/Document/FIToFIPmtStsRpt/GrpHdr/InstdAgt/BrnchId/PstlAdr/BldgNm,BldgNm,Max35Text,0,1
pacs.002.001.12,/Document/FIToFIPmtStsRpt/GrpHdr/InstdAgt/BrnchId/PstlAdr/Flr,Flr,Max70Text,0,1
pacs.002.001.12,/Document/FIToFIPmtStsRpt/GrpHdr/InstdAgt/BrnchId/PstlAdr/PstBx,PstBx,Max16Text,0,1
pacs.002.001.12,/Document/FIToFIPmtStsRpt/GrpHdr/InstdAgt/BrnchId/PstlAdr/Room,Room,Max70Text,0,1
pacs.002.001.12,/Document/FIToFIPmtStsRpt/GrpHdr/InstdAgt/BrnchId/PstlAdr/PstCd,PstCd,Max16Text,0,1
pacs.002.001.12,/Document/FIToFIPmtStsRpt/GrpHdr/InstdAgt/BrnchId/PstlAdr/TwnNm,TwnNm,Max35Text,0,1
pacs.002.001.12,/Document/FIToFIPmtStsRpt/GrpHdr/InstdAgt/BrnchId/PstlAdr/TwnLctnNm,TwnLctnNm,Max35Text,0,1
pacs.002.001.12,/Document/FIToFIPmtStsRpt/GrpHdr/InstdAgt/BrnchId/PstlAdr/DstrctNm,DstrctNm,Max35Text,0,1
pacs.002.001.12,/Document/FIToFIPmtStsRpt/GrpHdr/InstdAgt/BrnchId/PstlAdr/CtrySubDvsn,CtrySubDvsn,Max35Text,0,1
pacs.002.001.12,/Document/FIToFIPmtStsRpt/GrpHdr/InstdAgt/BrnchId/PstlAdr/Ctry,Ctry,CountryCode,0,1
pacs.002.001.12,/Document/FIToFIPmtStsRpt/GrpHdr/InstdAgt/BrnchId/PstlAdr/AdrLine,AdrLine,Max70Text,0,7
pacs.002.001.12,/Document/FIToFIPmtStsRpt/GrpHdr/OrgnlBizQry,OrgnlBizQry,OriginalBusinessQuery1,0,1
pacs.002.001.12,/Document/FIToFIPmtStsRpt/GrpHdr/OrgnlBizQry/MsgId,MsgId,Max35Text,1,1
pacs.002.001.12,/Document/FIToFIPmtStsRpt/GrpHdr/OrgnlBizQry/MsgNmId,MsgNmId,Max35Text,0,1
pacs.002.001.12,/Document/FIToFIPmtStsRpt/GrpHdr/OrgnlBizQry/CreDtTm,CreDtTm,ISODateTime,0,1
pacs.002.001.12,/Document/FIToFIPmtStsRpt/OrgnlGrpInfAndSts,OrgnlGrpInfAndSts,OriginalGroupHeader17,0,
pacs.002.001.12,/Document/FIToFIPmtStsRpt/OrgnlGrpInfAndSts/OrgnlMsgId,OrgnlMsgId,Max35Text,1,1
pacs.002.001.12,/Document/FIToFIPmtStsRpt/OrgnlGrpInfAndSts/OrgnlMsgNmId,OrgnlMsgNmId,Max35Text,1,1
pacs.002.001.12,/Document/FIToFIPmtStsRpt/OrgnlGrpInfAndSts/OrgnlCreDtTm,OrgnlCreDtTm,ISODateTime,0,1
pacs.002.001.12,/Document/FIToFIPmtStsRpt/OrgnlGrpInfAndSts/OrgnlNbOfTxs,OrgnlNbOfTxs,Max15NumericText,0,1
pacs.002.001.12,/Document/FIToFIPmtStsRpt/OrgnlGrpInfAndSts/OrgnlCtrlSum,OrgnlCtrlSum,DecimalNumber,0,1
pacs.002.001.12,/Document/FIToFIPmtStsRpt/OrgnlGrpInfAndSts/GrpSts,GrpSts,ExternalPaymentGroupStatus1Code,0,1
pacs.002.001.12,/Document/FIToFIPmtStsRpt/OrgnlGrpInfAndSts/StsRsnInf,StsRsnInf,StatusReasonInformation12,0,
pacs.002.001.12,/Document/FIToFIPmtStsRpt/OrgnlGrpInfAndSts/StsRsnInf/Orgtr,Orgtr,PartyIdentification135,0,1
pacs.002.001.12,/Document/FIToFIPmtStsRpt/OrgnlGrpInfAndSts/StsRsnInf/Orgtr/Nm,Nm,Max140Text,0,1
pacs.002.001.12,/Document/FIToFIPmtStsRpt/OrgnlGrpInfAndSts/StsRsnInf/Orgtr/PstlAdr,PstlAdr,PostalAddress24,0,1
pacs.002.001.12,/Document/FIToFIPmtStsRpt/OrgnlGrpInfAndSts/StsRsnInf/Orgtr/PstlAdr/AdrTp,AdrTp,AddressType3Choice,0,1
pacs.002.001.12,/Document/FIToFIPmtStsRpt/OrgnlGrpInfAndSts/StsRsnInf/Orgtr/PstlAdr/AdrTp/Cd,Cd,AddressType2Code,1,1
pacs.002.001.12,/Document/FIToFIPmtStsRpt/OrgnlGrpInfAndSts/StsRsnInf/Orgtr/PstlAdr/AdrTp/Prtry,Prtry,GenericIdentification30,1,1
pacs.002.001.12,/Document/FIToFIPmtStsRpt/OrgnlGrpInfAndSts/StsRsnInf/Orgtr/PstlAdr/AdrTp/Prtry/Id,Id,Exact4AlphaNumericText,1,1
pacs.002.001.12,/Document/FIToFIPmtStsRpt/OrgnlGrpInfAndSts/StsRsnInf/Orgtr/PstlAdr/AdrTp/Prtry/Issr,Issr,Max35Text,1,1
pacs.002.001.12,/Document/FIToFIPmtStsRpt/OrgnlGrpInfAndSts/StsRsnInf/Orgtr/PstlAdr/AdrTp/Prtry/SchmeNm,SchmeNm,Max35Text,0,1
pacs.002.001.12,/Document/FIToFIPmtStsRpt/OrgnlGrpInfAndSts/StsRsnInf/Orgtr/PstlAdr/Dept,Dept,Max70Text,0,1
pacs.002.001.12,/Document/FIToFIPmtStsRpt/OrgnlGrpInfAndSts/StsRsnInf/Orgtr/PstlAdr/SubDept,SubDept,Max70Text,0,1
pacs.002.001.12,/Document/FIToFIPmtStsRpt/OrgnlGrpInfAndSts/StsRsnInf/Orgtr/PstlAdr/StrtNm,StrtNm,Max70Text,0,1
pacs.002.001.12,/Document/FIToFIPmtStsRpt/OrgnlGrpInfAndSts/StsRsnInf/Orgtr/PstlAdr/BldgNb,BldgNb,Max16Text,0,1
pacs.002.001.12,/Document/FIToFIPmtStsRpt/OrgnlGrpInfAndSts/StsRsnInf/Orgtr/PstlAdr/BldgNm,BldgNm,Max35Text,0,1
pacs.002.001.12,/Document/FIToFIPmtStsRpt/OrgnlGrpInfAndSts/StsRsnInf/Orgtr/PstlAdr/Flr,Flr,Max70Text,0,1
pacs.002.001.12,/Document/FIToFIPmtStsRpt/OrgnlGrpInfAndSts/StsRsnInf/Orgtr/PstlAdr/PstBx,PstBx,Max16Text,0,1
pacs.002.001.12,/Document/FIToFIPmtStsRpt/OrgnlGrpInfAndSts/StsRsnInf/Orgtr/PstlAdr/Room,Room,Max70Text,0,1
pacs.002.001.12,/Document/FIToFIPmtStsRpt/OrgnlGrpInfAndSts/StsRsnInf/Orgtr/PstlAdr/PstCd,PstCd,Max16Text,0,1
pacs.002.001.12,/Document/FIToFIPmtStsRpt/OrgnlGrpInfAndSts/StsRsnInf/Orgtr/PstlAdr/TwnNm,TwnNm,Max35Text,0,1
pacs.002.001.12,/Document/FIToFIPmtStsRpt/OrgnlGrpInfAndSts/StsRsnInf/Orgtr/PstlAdr/TwnLctnNm,TwnLctnNm,Max35Text,0,1
pacs.002.001.12,/Document/FIToFIPmtStsRpt/OrgnlGrpInfAndSts/StsRsnInf/Orgtr/PstlAdr/DstrctNm,DstrctNm,Max35Text,0,1
pacs.002.001.12,/Document/FIToFIPmtStsRpt/OrgnlGrpInfAndSts/StsRsnInf/Orgtr/PstlAdr/CtrySubDvsn,CtrySubDvsn,Max35Text,0,1
pacs.002.001.12,/Document/FIToFIPmtStsRpt/OrgnlGrpInfAndSts/StsRsnInf/Orgtr/PstlAdr/Ctry,Ctry,CountryCode,0,1
pacs.002.001.12,/Document/FIToFIPmtStsRpt/OrgnlGrpInfAndSts/StsRsnInf/Orgtr/PstlAdr/AdrLine,AdrLine,Max70Text,0,7
pacs.002.001.12,/Document/FIToFIPmtStsRpt/OrgnlGrpInfAndSts/StsRsnInf/Orgtr/Id,Id,Party38Choice,0,1
pacs.002.001.12,/Document/FIToFIPmtStsRpt/OrgnlGrpInfAndSts/StsRsnInf/Orgtr/Id/OrgId,OrgId,OrganisationIdentification29,1,1
pacs.002.001.12,/Document/FIToFIPmtStsRpt/OrgnlGrpInfAndSts/StsRsnInf/Orgtr/Id/OrgId/AnyBIC,AnyBIC,AnyBICDec2014Identifier,0,1
pacs.002.001.12,/Document/FIToFIPmtStsRpt/OrgnlGrpInfAndSts/StsRsnInf/Orgtr/Id/OrgId/LEI,LEI,LEIIdentifier,0,1
pacs.002.001.12,/Document/FIToFIPmtStsRpt/OrgnlGrpInfAndSts/StsRsnInf/Orgtr/Id/OrgId/Othr,Othr,GenericOrganisationIdentification1,0,
pacs.002.001.12,/Document/FIToFIPmtStsRpt/OrgnlGrpInfAndSts/StsRsnInf/Orgtr/Id/OrgId/Othr/Id,Id,Max35Text,1,1
pacs.002.001.12,/Document/FIToFIPmtStsRpt/OrgnlGrpInfAndSts/StsRsnInf/Orgtr/Id/OrgId/Othr/SchmeNm,SchmeNm,OrganisationIdentificationSchemeName1Choice,0,1
pacs.002.001.12,/Document/FIToFIPmtStsRpt/OrgnlGrpInfAndSts/StsRsnInf/Orgtr/Id/OrgId/Othr/SchmeNm/Cd,Cd,ExternalOrganisationIdentification1Code,1,1
pacs.002.001.12,/Document/FIToFIPmtStsRpt/OrgnlGrpInfAndSts/StsRsnInf/Orgtr/Id/OrgId/Othr/SchmeNm/Prtry,Prtry,Max35Text,1,1
pacs.002.001.12,/Document/FIToFIPmtStsRpt/OrgnlGrpInfAndSts/StsRsnInf/Orgtr/Id/OrgId/Othr/Issr,Issr,Max35Text,0,1
pacs.002.001.12,/Document/FIToFIPmtStsRpt/OrgnlGrpInfAndSts/StsRsnInf/Orgtr/Id/PrvtId,PrvtId,PersonIdentification13,1,1
pacs.002.001.12,/Document/FIToFIPmtStsRpt/OrgnlGrpInfAndSts/StsRsnInf/Orgtr/Id/PrvtId/DtAndPlcOfBirth,DtAndPlcOfBirth,DateAndPlaceOfBirth1,0,1
pacs.002.001.12,/Document/FIToFIPmtStsRpt/OrgnlGrpInfAndSts/StsRsnInf/Orgtr/Id/PrvtId/DtAndPlcOfBirth/BirthDt,BirthDt,ISODate,1,1
pacs.002.001.12,/Document/FIToFIPmtStsRpt/OrgnlGrpInfAndSts/StsRsnInf/Orgtr/Id/PrvtId/DtAndPlcOfBirth/PrvcOfBirth,PrvcOfBirth,Max35Text,0,1
pacs.002.001.12,/Document/FIToFIPmtStsRpt/OrgnlGrpInfAndSts/StsRsnInf/Orgtr/Id/PrvtId/DtAndPlcOfBirth/CityOfBirth,CityOfBirth,Max35Text,1,1
pacs.002.001.12,/Document/FIToFIPmtStsRpt/OrgnlGrpInfAndSts/StsRsnInf/Orgtr/Id/PrvtId/DtAndPlcOfBirth/CtryOfBirth,CtryOfBirth,CountryCode,1,1
pacs.002.001.12,/Document/FIToFIPmtStsRpt/OrgnlGrpInfAndSts/StsRsnInf/Orgtr/Id/PrvtId/Othr,Othr,GenericPersonIdentification1,0,
pacs.002.001.12,/Document/FIToFIPmtStsRpt/OrgnlGrpInfAndSts/StsRsnInf/Orgtr/Id/PrvtId/Othr/Id,Id,Max35Text,1,1
pacs.002.001.12,/Document/FIToFIPmtStsRpt/OrgnlGrpInfAndSts/StsRsnInf/Orgtr/Id/PrvtId/Othr/SchmeNm,SchmeNm,PersonIdentificationSchemeName1Choice,0,1
pacs.002.001.12,/Document/FIToFIPmtStsRpt/OrgnlGrpInfAndSts/StsRsnInf/Orgtr/Id/PrvtId/Othr/SchmeNm/Cd,Cd,ExternalPersonIdentification1Code,1,1
pacs.002.001.12,/Document/FIToFIPmtStsRpt/OrgnlGrpInfAndSts/StsRsnInf/Orgtr/Id/PrvtId/Othr/SchmeNm/Prtry,Prtry,Max35Text,1,1
pacs.002.001.12,/Document/FIToFIPmtStsRpt/OrgnlGrpInfAndSts/StsRsnInf/Orgtr/Id/PrvtId/Othr/Issr,Issr,Max35Text,0,1
pacs.002.001.12,/Document/FIToFIPmtStsRpt/OrgnlGrpInfAndSts/StsRsnInf/Orgtr/CtryOfRes,CtryOfRes,CountryCode,0,1
pacs.002.001.12,/Document/FIToFIPmtStsRpt/OrgnlGrpInfAndSts/StsRsnInf/Orgtr/CtctDtls,CtctDtls,Contact4,0,1
pacs.002.001.12,/Document/FIToFIPmtStsRpt/OrgnlGrpInfAndSts/StsRsnInf/Orgtr/CtctDtls/NmPrfx,NmPrfx,NamePrefix2Code,0,1
pacs.002.001.12,/Document/FIToFIPmtStsRpt/OrgnlGrpInfAndSts/StsRsnInf/Orgtr/CtctDtls/Nm,Nm,Max140Text,0,1
pacs.002.001.12,/Document/FIToFIPmtStsRpt/OrgnlGrpInfAndSts/StsRsnInf/Orgtr/CtctDtls/PhneNb,PhneNb,PhoneNumber,0,1
pacs.002.001.12,/Document/FIToFIPmtStsRpt/OrgnlGrpInfAndSts/StsRsnInf/Orgtr/CtctDtls/MobNb,MobNb,PhoneNumber,0,1
pacs.002.001.12,/Document/FIToFIPmtStsRpt/OrgnlGrpInfAndSts/StsRsnInf/Orgtr/CtctDtls/FaxNb,FaxNb,PhoneNumber,0,1
pacs.002.001.12,/Document/FIToFIPmtStsRpt/OrgnlGrpInfAndSts/StsRsnInf/Orgtr/CtctDtls/EmailAdr,EmailAdr,Max2048Text,0,1
pacs.002.001.12,/Document/FIToFIPmtStsRpt/OrgnlGrpInfAndSts/StsRsnInf/Orgtr/CtctDtls/EmailPurp,EmailPurp,Max35Text,0,1
pacs.002.001.12,/Document/FIToFIPmtStsRpt/OrgnlGrpInfAndSts/StsRsnInf/Orgtr/CtctDtls/JobTitl,JobTitl,Max35Text,0,1
pacs.002.001.12,/Document/FIToFIPmtStsRpt/OrgnlGrpInfAndSts/StsRsnInf/Orgtr/CtctDtls/Rspnsblty,Rspnsblty,Max35Text,0,1
pacs.002.001.12,/Document/FIToFIPmtStsRpt/OrgnlGrpInfAndSts/StsRsnInf/Orgtr/CtctDtls/Dept,Dept,Max70Text,0,1
pacs.002.001.12,/Document/FIToFIPmtStsRpt/OrgnlGrpInfAndSts/StsRsnInf/Orgtr/CtctDtls/Othr,Othr,OtherContact1,0,
pacs.002.001.12,/Document/FIToFIPmtStsRpt/OrgnlGrpInfAndSts/StsRsnInf/Orgtr/CtctDtls/Othr/ChanlTp,ChanlTp,Max4Text,1,1
pacs.002.001.12,/Document/FIToFIPmtStsRpt/OrgnlGrpInfAndSts/StsRsnInf/Orgtr/CtctDtls/Othr/Id,Id,Max128Text,0,1
pacs.002.001.12,/Document/FIToFIPmtStsRpt/OrgnlGrpInfAndSts/StsRsnInf/Orgtr/CtctDtls/PrefrdMtd,PrefrdMtd,PreferredContactMethod1Code,0,1
pacs.002.001.12,/Document/FIToFIPmtStsRpt/OrgnlGrpInfAndSts/StsRsnInf/Rsn,Rsn,StatusReason6Choice,0,1
pacs.002.001.12,/Document/FIToFIPmtStsRpt/OrgnlGrpInfAndSts/StsRsnInf/Rsn/Cd,Cd,ExternalStatusReason1Code,1,1
pacs.002.001.12,/Document/FIToFIPmtStsRpt/OrgnlGrpInfAndSts/StsRsnInf/Rsn/Prtry,Prtry,Max35Text,1,1
pacs.002.001.12,/Document/FIToFIPmtStsRpt/OrgnlGrpInfAndSts/StsRsnInf/AddtlInf,AddtlInf,Max105Text,0,
pacs.002.001.12,/Document/FIToFIPmtStsRpt/OrgnlGrpInfAndSts/NbOfTxsPerSts,NbOfTxsPerSts,NumberOfTransactionsPerStatus5,0,
pacs.002.001.12,/Document/FIToFIPmtStsRpt/OrgnlGrpInfAndSts/NbOfTxsPerSts/DtldNbOfTxs,DtldNbOfTxs,Max15NumericText,1,1
pacs.002.001.12,/Document/FIToFIPmtStsRpt/OrgnlGrpInfAndSts/NbOfTxsPerSts/DtldSts,DtldSts,ExternalPaymentTransactionStatus1Code,1,1
pacs.002.001.12,/Document/FIToFIPmtStsRpt/OrgnlGrpInfAndSts/NbOfTxsPerSts/DtldCtrlSum,DtldCtrlSum,DecimalNumber,0,1
pacs.002.001.12,/Document/FIToFIPmtStsRpt/TxInfAndSts,TxInfAndSts,PaymentTransaction130,0,
pacs.002.001.12,/Document/FIToFIPmtStsRpt/TxInfAndSts/StsId,StsId,Max35Text,0,1
pacs.002.001.12,/Document/FIToFIPmtStsRpt/TxInfAndSts/OrgnlGrpInf,OrgnlGrpInf,OriginalGroupInformation29,0,1
pacs.002.001.12,/Document/FIToFIPmtStsRpt/TxInfAndSts/OrgnlGrpInf/OrgnlMsgId,OrgnlMsgId,Max35Text,1,1
pacs.002.001.12,/Document/FIToFIPmtStsRpt/TxInfAndSts/OrgnlGrpInf/OrgnlMsgNmId,OrgnlMsgNmId,Max35Text,1,1
pacs.002.001.12,/Document/FIToFIPmtStsRpt/TxInfAndSts/OrgnlGrpInf/OrgnlCreDtTm,OrgnlCreDtTm,ISODateTime,0,1
pacs.002.001.12,/Document/FIToFIPmtStsRpt/TxInfAndSts/OrgnlInstrId,OrgnlInstrId,Max35Text,0,1
pacs.002.001.12,/Document/FIToFIPmtStsRpt/TxInfAndSts/OrgnlEndToEndId,OrgnlEndToEndId,Max35Text,0,1
pacs.002.001.12,/Document/FIToFIPmtStsRpt/TxInfAndSts/OrgnlTxId,OrgnlTxId,Max35Text,0,1
pacs.002.001.12,/Document/FIToFIPmtStsRpt/TxInfAndSts/OrgnlUETR,OrgnlUETR,UUIDv4Identifier,0,1
pacs.002.001.12,/Document/FIToFIPmtStsRpt/TxInfAndSts/TxSts,TxSts,ExternalPaymentTransactionStatus1Code,0,1
pacs.002.001.12,/Document/FIToFIPmtStsRpt/TxInfAndSts/StsRsnInf,StsRsnInf,StatusReasonInformation12,0,
pacs.002.001.12,/Document/FIToFIPmtStsRpt/TxInfAndSts/StsRsnInf/Orgtr,Orgtr,PartyIdentification135,0,1
pacs.002.001.12,/Document/FIToFIPmtStsRpt/TxInfAndSts/StsRsnInf/Orgtr/Nm,Nm,Max140Text,0,1
pacs.002.001.12,/Document/FIToFIPmtStsRpt/TxInfAndSts/StsRsnInf/Orgtr/PstlAdr,PstlAdr,PostalAddress24,0,1
pacs.002.001.12,/Document/FIToFIPmtStsRpt/TxInfAndSts/StsRsnInf/Orgtr/PstlAdr/AdrTp,AdrTp,AddressType3Choice,0,1
pacs.002.001.12,/Document/FIToFIPmtStsRpt/TxInfAndSts/StsRsnInf/Orgtr/PstlAdr/AdrTp/Cd,Cd,AddressType2Code,1,1
pacs.002.001.12,/Document/FIToFIPmtStsRpt/TxInfAndSts/StsRsnInf/Orgtr/PstlAdr/AdrTp/Prtry,Prtry,GenericIdentification30,1,1
pacs.002.001.12,/Document/FIToFIPmtStsRpt/TxInfAndSts/StsRsnInf/Orgtr/PstlAdr/AdrTp/Prtry/Id,Id,Exact4AlphaNumericText,1,1
pacs.002.001.12,/Document/FIToFIPmtStsRpt/TxInfAndSts/StsRsnInf/Orgtr/PstlAdr/AdrTp/Prtry/Issr,Issr,Max35Text,1,1
pacs.002.001.12,/Document/FIToFIPmtStsRpt/TxInfAndSts/StsRsnInf/Orgtr/PstlAdr/AdrTp/Prtry/SchmeNm,SchmeNm,Max35Text,0,1
pacs.002.001.12,/Document/FIToFIPmtStsRpt/TxInfAndSts/StsRsnInf/Orgtr/PstlAdr/Dept,Dept,Max70Text,0,1
pacs.002.001.12,/Document/FIToFIPmtStsRpt/TxInfAndSts/StsRsnInf/Orgtr/PstlAdr/SubDept,SubDept,Max70Text,0,1
pacs.002.001.12,/Document/FIToFIPmtStsRpt/TxInfAndSts/StsRsnInf/Orgtr/PstlAdr/StrtNm,StrtNm,Max70Text,0,1
pacs.002.001.12,/Document/FIToFIPmtStsRpt/TxInfAndSts/StsRsnInf/Orgtr/PstlAdr/BldgNb,BldgNb,Max16Text,0,1
pacs.002.001.12,/Document/FIToFIPmtStsRpt/TxInfAndSts/StsRsnInf/Orgtr/PstlAdr/BldgNm,BldgNm,Max35Text,0,1
pacs.002.001.12,/Document/FIToFIPmtStsRpt/TxInfAndSts/StsRsnInf/Orgtr/PstlAdr/Flr,Flr,Max70Text,0,1
pacs.002.001.12,/Document/FIToFIPmtStsRpt/TxInfAndSts/StsRsnInf/Orgtr/PstlAdr/PstBx,PstBx,Max16Text,0,1
pacs.002.001.12,/Document/FIToFIPmtStsRpt/TxInfAndSts/StsRsnInf/Orgtr/PstlAdr/Room,Room,Max70Text,0,1
pacs.002.001.12,/Document/FIToFIPmtStsRpt/TxInfAndSts/StsRsnInf/Orgtr/PstlAdr/PstCd,PstCd,Max16Text,0,1
pacs.002.001.12,/Document/FIToFIPmtStsRpt/TxInfAndSts/StsRsnInf/Orgtr/PstlAdr/TwnNm,TwnNm,Max35Text,0,1
pacs.002.001.12,/Document/FIToFIPmtStsRpt/TxInfAndSts/StsRsnInf/Orgtr/PstlAdr/TwnLctnNm,TwnLctnNm,Max35Text,0,1
pacs.002.001.12,/Document/FIToFIPmtStsRpt/TxInfAndSts/StsRsnInf/Orgtr/PstlAdr/DstrctNm,DstrctNm,Max35Text,0,1
pacs.002.001.12,/Document/FIToFIPmtStsRpt/TxInfAndSts/StsRsnInf/Orgtr/PstlAdr/CtrySubDvsn,CtrySubDvsn,Max35Text,0,1
pacs.002.001.12,/Document/FIToFIPmtStsRpt/TxInfAndSts/StsRsnInf/Orgtr/PstlAdr/Ctry,Ctry,CountryCode,0,1
pacs.002.001.12,/Document/FIToFIPmtStsRpt/TxInfAndSts/StsRsnInf/Orgtr/PstlAdr/AdrLine,AdrLine,Max70Text,0,7
pacs.002.001.12,/Document/FIToFIPmtStsRpt/TxInfAndSts/StsRsnInf/Orgtr/Id,Id,Party38Choice,0,1
pacs.002.001.12,/Document/FIToFIPmtStsRpt/TxInfAndSts/StsRsnInf/Orgtr/Id/OrgId,OrgId,OrganisationIdentification29,1,1
pacs.002.001.12,/Document/FIToFIPmtStsRpt/TxInfAndSts/StsRsnInf/Orgtr/Id/OrgId/AnyBIC,AnyBIC,AnyBICDec2014Identifier,0,1
pacs.002.001.12,/Document/FIToFIPmtStsRpt/TxInfAndSts/StsRsnInf/Orgtr/Id/OrgId/LEI,LEI,LEIIdentifier,0,1
pacs.002.001.12,/Document/FIToFIPmtStsRpt/TxInfAndSts/StsRsnInf/Orgtr/Id/OrgId/Othr,Othr,GenericOrganisationIdentification1,0,
pacs.002.001.12,/Document/FIToFIPmtStsRpt/TxInfAndSts/StsRsnInf/Orgtr/Id/OrgId/Othr/Id,Id,Max35Text,1,1
pacs.002.001.12,/Document/FIToFIPmtStsRpt/TxInfAndSts/StsRsnInf/Orgtr/Id/OrgId/Othr/SchmeNm,SchmeNm,OrganisationIdentificationSchemeName1Choice,0,1
pacs.002.001.12,/Document/FIToFIPmtStsRpt/TxInfAndSts/StsRsnInf/Orgtr/Id/OrgId/Othr/SchmeNm/Cd,Cd,ExternalOrganisationIdentification1Code,1,1
pacs.002.001.12,/Document/FIToFIPmtStsRpt/TxInfAndSts/StsRsnInf/Orgtr/Id/OrgId/Othr/SchmeNm/Prtry,Prtry,Max35Text,1,1
pacs.002.001.12,/Document/FIToFIPmtStsRpt/TxInfAndSts/StsRsnInf/Orgtr/Id/OrgId/Othr/Issr,Issr,Max35Text,0,1
pacs.002.001.12,/Document/FIToFIPmtStsRpt/TxInfAndSts/StsRsnInf/Orgtr/Id/PrvtId,PrvtId,PersonIdentification13,1,1
pacs.002.001.12,/Document/FIToFIPmtStsRpt/TxInfAndSts/StsRsnInf/Orgtr/Id/PrvtId/DtAndPlcOfBirth,DtAndPlcOfBirth,DateAndPlaceOfBirth1,0,1
pacs.002.001.12,/Document/FIToFIPmtStsRpt/TxInfAndSts/StsRsnInf/Orgtr/Id/PrvtId/DtAndPlcOfBirth/BirthDt,BirthDt,ISODate,1,1
pacs.002.001.12,/Document/FIToFIPmtStsRpt/TxInfAndSts/StsRsnInf/Orgtr/Id/PrvtId/DtAndPlcOfBirth/PrvcOfBirth,PrvcOfBirth,Max35Text,0,1
pacs.002.001.12,/Document/FIToFIPmtStsRpt/TxInfAndSts/StsRsnInf/Orgtr/Id/PrvtId/DtAndPlcOfBirth/CityOfBirth,CityOfBirth,Max35Text,1,1
pacs.002.001.12,/Document/FIToFIPmtStsRpt/TxInfAndSts/StsRsnInf/Orgtr/Id/PrvtId/DtAndPlcOfBirth/CtryOfBirth,CtryOfBirth,CountryCode,1,1
pacs.002.001.12,/Document/FIToFIPmtStsRpt/TxInfAndSts/StsRsnInf/Orgtr/Id/PrvtId/Othr,Othr,GenericPersonIdentification1,0,
pacs.002.001.12,/Document/FIToFIPmtStsRpt/TxInfAndSts/StsRsnInf/Orgtr/Id/PrvtId/Othr/Id,Id,Max35Text,1,1
pacs.002.001.12,/Document/FIToFIPmtStsRpt/TxInfAndSts/StsRsnInf/Orgtr/Id/PrvtId/Othr/SchmeNm,SchmeNm,PersonIdentificationSchemeName1Choice,0,1
pacs.002.001.12,/Document/FIToFIPmtStsRpt/TxInfAndSts/StsRsnInf/Orgtr/Id/PrvtId/Othr/SchmeNm/Cd,Cd,ExternalPersonIdentification1Code,1,1
pacs.002.001.12,/Document/FIToFIPmtStsRpt/TxInfAndSts/StsRsnInf/Orgtr/Id/PrvtId/Othr/SchmeNm/Prtry,Prtry,Max35Text,1,1
pacs.002.001.12,/Document/FIToFIPmtStsRpt/TxInfAndSts/StsRsnInf/Orgtr/Id/PrvtId/Othr/Issr,Issr,Max35Text,0,1
pacs.002.001.12,/Document/FIToFIPmtStsRpt/TxInfAndSts/StsRsnInf/Orgtr/CtryOfRes,CtryOfRes,CountryCode,0,1
pacs.002.001.12,/Document/FIToFIPmtStsRpt/TxInfAndSts/StsRsnInf/Orgtr/CtctDtls,CtctDtls,Contact4,0,1
pacs.002.001.12,/Document/FIToFIPmtStsRpt/TxInfAndSts/StsRsnInf/Orgtr/CtctDtls/NmPrfx,NmPrfx,NamePrefix2Code,0,1
pacs.002.001.12,/Document/FIToFIPmtStsRpt/TxInfAndSts/StsRsnInf/Orgtr/CtctDtls/Nm,Nm,Max140Text,0,1
pacs.002.001.12,/Document/FIToFIPmtStsRpt/TxInfAndSts/StsRsnInf/Orgtr/CtctDtls/PhneNb,PhneNb,PhoneNumber,0,1
pacs.002.001.12,/Document/FIToFIPmtStsRpt/TxInfAndSts/StsRsnInf/Orgtr/CtctDtls/MobNb,MobNb,PhoneNumber,0,1
pacs.002.001.12,/Document/FIToFIPmtStsRpt/TxInfAndSts/StsRsnInf/Orgtr/CtctDtls/FaxNb,FaxNb,PhoneNumber,0,1
pacs.002.001.12,/Document/FIToFIPmtStsRpt/TxInfAndSts/StsRsnInf/Orgtr/CtctDtls/EmailAdr,EmailAdr,Max2048Text,0,1
pacs.002.001.12,/Document/FIToFIPmtStsRpt/TxInfAndSts/StsRsnInf/Orgtr/CtctDtls/EmailPurp,EmailPurp,Max35Text,0,1
pacs.002.001.12,/Document/FIToFIPmtStsRpt/TxInfAndSts/StsRsnInf/Orgtr/CtctDtls/JobTitl,JobTitl,Max35Text,0,1
pacs.002.001.12,/Document/FIToFIPmtStsRpt/TxInfAndSts/StsRsnInf/Orgtr/CtctDtls/Rspnsblty,Rspnsblty,Max35Text,0,1
pacs.002.001.12,/Document/FIToFIPmtStsRpt/TxInfAndSts/StsRsnInf/Orgtr/CtctDtls/Dept,Dept,Max70Text,0,1
pacs.002.001.12,/Document/FIToFIPmtStsRpt/TxInfAndSts/StsRsnInf/Orgtr/CtctDtls/Othr,Othr,OtherContact1,0,
pacs.002.001.12,/Document/FIToFIPmtStsRpt/TxInfAndSts/StsRsnInf/Orgtr/CtctDtls/Othr/ChanlTp,ChanlTp,Max4Text,1,1
pacs.002.001.12,/Document/FIToFIPmtStsRpt/TxInfAndSts/StsRsnInf/Orgtr/CtctDtls/Othr/Id,Id,Max128Text,0,1
pacs.002.001.12,/Document/FIToFIPmtStsRpt/TxInfAndSts/StsRsnInf/Orgtr/CtctDtls/PrefrdMtd,PrefrdMtd,PreferredContactMethod1Code,0,1
pacs.002.001.12,/Document/FIToFIPmtStsRpt/TxInfAndSts/StsRsnInf/Rsn,Rsn,StatusReason6Choice,0,1
pacs.002.001.12,/Document/FIToFIPmtStsRpt/TxInfAndSts/StsRsnInf/Rsn/Cd,Cd,ExternalStatusReason1Code,1,1
pacs.002.001.12,/Document/FIToFIPmtStsRpt/TxInfAndSts/StsRsnInf/Rsn/Prtry,Prtry,Max35Text,1,1
pacs.002.001.12,/Document/FIToFIPmtStsRpt/TxInfAndSts/StsRsnInf/AddtlInf,AddtlInf,Max105Text,0,
pacs.002.001.12,/Document/FIToFIPmtStsRpt/TxInfAndSts/ChrgsInf,ChrgsInf,Charges7,0,
pacs.002.001.12,/Document/FIToFIPmtStsRpt/TxInfAndSts/ChrgsInf/Amt,Amt,ActiveOrHistoricCurrencyAndAmount,1,1
pacs.002.001.12,/Document/FIToFIPmtStsRpt/TxInfAndSts/ChrgsInf/Agt,Agt,BranchAndFinancialInstitutionIdentification6,1,1
pacs.002.001.12,/Document/FIToFIPmtStsRpt/TxInfAndSts/ChrgsInf/Agt/FinInstnId,FinInstnId,FinancialInstitutionIdentification18,1,1
pacs.002.001.12,/Document/FIToFIPmtStsRpt/TxInfAndSts/ChrgsInf/Agt/FinInstnId/BICFI,BICFI,BICFIDec2014Identifier,0,1
pacs.002.001.12,/Document/FIToFIPmtStsRpt/TxInfAndSts/ChrgsInf/Agt/FinInstnId/ClrSysMmbId,ClrSysMmbId,ClearingSystemMemberIdentification2,0,1
pacs.002.001.12,/Document/FIToFIPmtStsRpt/TxInfAndSts/ChrgsInf/Agt/FinInstnId/ClrSysMmbId/ClrSysId,ClrSysId,ClearingSystemIdentification2Choice,0,1
pacs.002.001.12,/Document/FIToFIPmtStsRpt/TxInfAndSts/ChrgsInf/Agt/FinInstnId/ClrSysMmbId/ClrSysId/Cd,Cd,ExternalClearingSystemIdentification1Code,1,1
pacs.002.001.12,/Document/FIToFIPmtStsRpt/TxInfAndSts/ChrgsInf/Agt/FinInstnId/ClrSysMmbId/ClrSysId/Prtry,Prtry,Max35Text,1,1
pacs.002.001.12,/Document/FIToFIPmtStsRpt/TxInfAndSts/ChrgsInf/Agt/FinInstnId/ClrSysMmbId/MmbId,MmbId,Max35Text,1,1
pacs.002.001.12,/Document/FIToFIPmtStsRpt/TxInfAndSts/ChrgsInf/Agt/FinInstnId/LEI,LEI,LEIIdentifier,0,1
pacs.002.001.12,/Document/FIToFIPmtStsRpt/TxInfAndSts/ChrgsInf/Agt/FinInstnId/Nm,Nm,Max140Text,0,1
pacs.002.001.12,/Document/FIToFIPmtStsRpt/TxInfAndSts/ChrgsInf/Agt/FinInstnId/PstlAdr,PstlAdr,PostalAddress24,0,1
pacs.002.001.12,/Document/FIToFIPmtStsRpt/TxInfAndSts/ChrgsInf/Agt/FinInstnId/PstlAdr/AdrTp,AdrTp,AddressType3Choice,0,1
pacs.002.001.12,/Document/FIToFIPmtStsRpt/TxInfAndSts/ChrgsInf/Agt/FinInstnId/PstlAdr/AdrTp/Cd,Cd,AddressType2Code,1,1
pacs.002.001.12,/Document/FIToFIPmtStsRpt/TxInfAndSts/ChrgsInf/Agt/FinInstnId/PstlAdr/AdrTp/Prtry,Prtry,GenericIdentification30,1,1
pacs.002.001.12,/Document/FIToFIPmtStsRpt/TxInfAndSts/ChrgsInf/Agt/FinInstnId/PstlAdr/AdrTp/Prtry/Id,Id,Exact4AlphaNumericText,1,1
pacs.002.001.12,/Document/FIToFIPmtStsRpt/TxInfAndSts/ChrgsInf/Agt/FinInstnId/PstlAdr/AdrTp/Prtry/Issr,Issr,Max35Text,1,1
pacs.002.001.12,/Document/FIToFIPmtStsRpt/TxInfAndSts/ChrgsInf/Agt/FinInstnId/PstlAdr/AdrTp/Prtry/SchmeNm,SchmeNm,Max35Text,0,1
pacs.002.001.12,/Document/FIToFIPmtStsRpt/TxInfAndSts/ChrgsInf/Agt/FinInstnId/PstlAdr/Dept,Dept,Max70Text,0,1
pacs.002.001.12,/Document/FIToFIPmtStsRpt/TxInfAndSts/ChrgsInf/Agt/FinInstnId/PstlAdr/SubDept,SubDept,Max70Text,0,1
pacs.002.001.12,/Document/FIToFIPmtStsRpt/TxInfAndSts/ChrgsInf/Agt/FinInstnId/PstlAdr/StrtNm,StrtNm,Max70Text,0,1
pacs.002.001.12,/Document/FIToFIPmtStsRpt/TxInfAndSts/ChrgsInf/Agt/FinInstnId/PstlAdr/BldgNb,BldgNb,Max16Text,0,1
pacs.002.001.12,/Document/FIToFIPmtStsRpt/TxInfAndSts/ChrgsInf/Agt/FinInstnId/PstlAdr/BldgNm,BldgNm,Max35Text,0,1
pacs.002.001.12,/Document/FIToFIPmtStsRpt/TxInfAndSts/ChrgsInf/Agt/FinInstnId/PstlAdr/Flr,Flr,Max70Text,0,1
pacs.002.001.12,/Document/FIToFIPmtStsRpt/TxInfAndSts/ChrgsInf/Agt/FinInstnId/PstlAdr/PstBx,PstBx,Max16Text,0,1
pacs.002.001.12,/Document/FIToFIPmtStsRpt/TxInfAndSts/ChrgsInf/Agt/FinInstnId/PstlAdr/Room,Room,Max70Text,0,1
pacs.002.001.12,/Document/FIToFIPmtStsRpt/TxInfAndSts/ChrgsInf/Agt/FinInstnId/PstlAdr/PstCd,PstCd,Max16Text,0,1
pacs.002.001.12,/Document/FIToFIPmtStsRpt/TxInfAndSts/ChrgsInf/Agt/FinInstnId/PstlAdr/TwnNm,TwnNm,Max35Text,0,1
pacs.002.001.12,/Document/FIToFIPmtStsRpt/TxInfAndSts/ChrgsInf/Agt/FinInstnId/PstlAdr/TwnLctnNm,TwnLctnNm,Max35Text,0,1
pacs.002.001.12,/Document/FIToFIPmtStsRpt/TxInfAndSts/ChrgsInf/Agt/FinInstnId/PstlAdr/DstrctNm,DstrctNm,Max35Text,0,1
pacs.002.001.12,/Document/FIToFIPmtStsRpt/TxInfAndSts/ChrgsInf/Agt/FinInstnId/PstlAdr/CtrySubDvsn,CtrySubDvsn,Max35Text,0,1
pacs.002.001.12,/Document/FIToFIPmtStsRpt/TxInfAndSts/ChrgsInf/Agt/FinInstnId/PstlAdr/Ctry,Ctry,CountryCode,0,1
pacs.002.001.12,/Document/FIToFIPmtStsRpt/TxInfAndSts/ChrgsInf/Agt/FinInstnId/PstlAdr/AdrLine,AdrLine,Max70Text,0,7
pacs.002.001.12,/Document/FIToFIPmtStsRpt/TxInfAndSts/ChrgsInf/Agt/FinInstnId/Othr,Othr,GenericFinancialIdentification1,0,1
pacs.002.001.12,/Document/FIToFIPmtStsRpt/TxInfAndSts/ChrgsInf/Agt/FinInstnId/Othr/Id,Id,Max35Text,1,1
pacs.002.001.12,/Document/FIToFIPmtStsRpt/TxInfAndSts/ChrgsInf/Agt/FinInstnId/Othr/SchmeNm,SchmeNm,FinancialIdentificationSchemeName1Choice,0,1
pacs.002.001.12,/Document/FIToFIPmtStsRpt/TxInfAndSts/ChrgsInf/Agt/FinInstnId/Othr/SchmeNm/Cd,Cd,ExternalFinancialInstitutionIdentification1Code,1,1
pacs.002.001.12,/Document/FIToFIPmtStsRpt/TxInfAndSts/ChrgsInf/Agt/FinInstnId/Othr/SchmeNm/Prtry,Prtry,Max35Text,1,1
pacs.002.001.12,/Document/FIToFIPmtStsRpt/TxInfAndSts/ChrgsInf/Agt/FinInstnId/Othr/Issr,Issr,Max35Text,0,1
pacs.002.001.12,/Document/FIToFIPmtStsRpt/TxInfAndSts/ChrgsInf/Agt/BrnchId,BrnchId,BranchData3,0,1
pacs.002.001.12,/Document/FIToFIPmtStsRpt/TxInfAndSts/ChrgsInf/Agt/BrnchId/Id,Id,Max35Text,0,1
pacs.002.001.12,/Document/FIToFIPmtStsRpt/TxInfAndSts/ChrgsInf/Agt/BrnchId/LEI,LEI,LEIIdentifier,0,1
pacs.002.001.12,/Document/FIToFIPmtStsRpt/TxInfAndSts/ChrgsInf/Agt/BrnchId/Nm,Nm,Max140Text,0,1
pacs.002.001.12,/Document/FIToFIPmtStsRpt/TxInfAndSts/ChrgsInf/Agt/BrnchId/PstlAdr,PstlAdr,PostalAddress24,0,1
pacs.002.001.12,/Document/FIToFIPmtStsRpt/TxInfAndSts/ChrgsInf/Agt/BrnchId/PstlAdr/AdrTp,AdrTp,AddressType3Choice,0,1
pacs.002.001.12,/Document/FIToFIPmtStsRpt/TxInfAndSts/ChrgsInf/Agt/BrnchId/PstlAdr/AdrTp/Cd,Cd,AddressType2Code,1,1
pacs.002.001.12,/Document/FIToFIPmtStsRpt/TxInfAndSts/ChrgsInf/Agt/BrnchId/PstlAdr/AdrTp/Prtry,Prtry,GenericIdentification30,1,1
pacs.002.001.12,/Document/FIToFIPmtStsRpt/TxInfAndSts/ChrgsInf/Agt/BrnchId/PstlAdr/AdrTp/Prtry/Id,Id,Exact4AlphaNumericText,1,1
pacs.002.001.12,/Document/FIToFIPmtStsRpt/TxInfAndSts/ChrgsInf/Agt/BrnchId/PstlAdr/AdrTp/Prtry/Issr,Issr,Max35Text,1,1
pacs.002.001.12,/Document/FIToFIPmtStsRpt/TxInfAndSts/ChrgsInf/Agt/BrnchId/PstlAdr/AdrTp/Prtry/SchmeNm,SchmeNm,Max35Text,0,1
pacs.002.001.12,/Document/FIToFIPmtStsRpt/TxInfAndSts/ChrgsInf/Agt/BrnchId/PstlAdr/Dept,Dept,Max70Text,0,1
pacs.002.001.12,/Document/FIToFIPmtStsRpt/TxInfAndSts/ChrgsInf/Agt/BrnchId/PstlAdr/SubDept,SubDept,Max70Text,0,1
pacs.002.001.12,/Document/FIToFIPmtStsRpt/TxInfAndSts/ChrgsInf/Agt/BrnchId/PstlAdr/StrtNm,StrtNm,Max70Text,0,1
pacs.002.001.12,/Document/FIToFIPmtStsRpt/TxInfAndSts/ChrgsInf/Agt/BrnchId/PstlAdr/BldgNb,BldgNb,Max16Text,0,1
pacs.002.001.12,/Document/FIToFIPmtStsRpt/TxInfAndSts/ChrgsInf/Agt/BrnchId/PstlAdr/BldgNm,BldgNm,Max35Text,0,1
pacs.002.001.12,/Document/FIToFIPmtStsRpt/TxInfAndSts/ChrgsInf/Agt/BrnchId/PstlAdr/Flr,Flr,Max70Text,0,1
pacs.002.001.12,/Document/FIToFIPmtStsRpt/TxInfAndSts/ChrgsInf/Agt/BrnchId/PstlAdr/PstBx,PstBx,Max16Text,0,1
pacs.002.001.12,/Document/FIToFIPmtStsRpt/TxInfAndSts/ChrgsInf/Agt/BrnchId/PstlAdr/Room,Room,Max70Text,0,1
pacs.002.001.12,/Document/FIToFIPmtStsRpt/TxInfAndSts/ChrgsInf/Agt/BrnchId/PstlAdr/PstCd,PstCd,Max16Text,0,1
pacs.002.001.12,/Document/FIToFIPmtStsRpt/TxInfAndSts/ChrgsInf/Agt/BrnchId/PstlAdr/TwnNm,TwnNm,Max35Text,0,1
pacs.002.001.12,/Document/FIToFIPmtStsRpt/TxInfAndSts/ChrgsInf/Agt/BrnchId/PstlAdr/TwnLctnNm,TwnLctnNm,Max35Text,0,1
pacs.002.001.12,/Document/FIToFIPmtStsRpt/TxInfAndSts/ChrgsInf/Agt/BrnchId/PstlAdr/DstrctNm,DstrctNm,Max35Text,0,1
pacs.002.001.12,/Document/FIToFIPmtStsRpt/TxInfAndSts/ChrgsInf/Agt/BrnchId/PstlAdr/CtrySubDvsn,CtrySubDvsn,Max35Text,0,1
pacs.002.001.12,/Document/FIToFIPmtStsRpt/TxInfAndSts/ChrgsInf/Agt/BrnchId/PstlAdr/Ctry,Ctry,CountryCode,0,1
pacs.002.001.12,/Document/FIToFIPmtStsRpt/TxInfAndSts/ChrgsInf/Agt/BrnchId/PstlAdr/AdrLine,AdrLine,Max70Text,0,7
pacs.002.001.12,/Document/FIToFIPmtStsRpt/TxInfAndSts/AccptncDtTm,AccptncDtTm,ISODateTime,0,1
pacs.002.001.12,/Document/FIToFIPmtStsRpt/TxInfAndSts/FctvIntrBkSttlmDt,FctvIntrBkSttlmDt,DateAndDateTime2Choice,0,1
pacs.002.001.12,/Document/FIToFIPmtStsRpt/TxInfAndSts/FctvIntrBkSttlmDt/Dt,Dt,ISODate,1,1
pacs.002.001.12,/Document/FIToFIPmtStsRpt/TxInfAndSts/FctvIntrBkSttlmDt/DtTm,DtTm,ISODateTime,1,1
pacs.002.001.12,/Document/FIToFIPmtStsRpt/TxInfAndSts/AcctSvcrRef,AcctSvcrRef,Max35Text,0,1
pacs.002.001.12,/Document/FIToFIPmtStsRpt/TxInfAndSts/ClrSysRef,ClrSysRef,Max35Text,0,1
pacs.002.001.12,/Document/FIToFIPmtStsRpt/TxInfAndSts/InstgAgt,InstgAgt,BranchAndFinancialInstitutionIdentification6,0,1
pacs.002.001.12,/Document/FIToFIPmtStsRpt/TxInfAndSts/InstgAgt/FinInstnId,FinInstnId,FinancialInstitutionIdentification18,1,1
pacs.002.001.12,/Document/FIToFIPmtStsRpt/TxInfAndSts/InstgAgt/FinInstnId/BICFI,BICFI,BICFIDec2014Identifier,0,1
pacs.002.001.12,/Document/FIToFIPmtStsRpt/TxInfAndSts/InstgAgt/FinInstnId/ClrSysMmbId,ClrSysMmbId,ClearingSystemMemberIdentification2,0,1
pacs.002.001.12,/Document/FIToFIPmtStsRpt/TxInfAndSts/InstgAgt/FinInstnId/ClrSysMmbId/ClrSysId,ClrSysId,ClearingSystemIdentification2Choice,0,1
pacs.002.001.12,/Document/FIToFIPmtStsRpt/TxInfAndSts/InstgAgt/FinInstnId/ClrSysMmbId/ClrSysId/Cd,Cd,ExternalClearingSystemIdentification1Code,1,1
pacs.002.001.12,/Document/FIToFIPmtStsRpt/TxInfAndSts/InstgAgt/FinInstnId/ClrSysMmbId/ClrSysId/Prtry,Prtry,Max35Text,1,1
pacs.002.001.12,/Document/FIToFIPmtStsRpt/TxInfAndSts/InstgAgt/FinInstnId/ClrSysMmbId/MmbId,MmbId,Max35Text,1,1
pacs.002.001.12,/Document/FIToFIPmtStsRpt/TxInfAndSts/InstgAgt/FinInstnId/LEI,LEI,LEIIdentifier,0,1
pacs.002.001.12,/Document/FIToFIPmtStsRpt/TxInfAndSts/InstgAgt/FinInstnId/Nm,Nm,Max140Text,0,1
pacs.002.001.12,/Document/FIToFIPmtStsRpt/TxInfAndSts/InstgAgt/FinInstnId/PstlAdr,PstlAdr,PostalAddress24,0,1
pacs.002.001.12,/Document/FIToFIPmtStsRpt/TxInfAndSts/InstgAgt/FinInstnId/PstlAdr/AdrTp,AdrTp,AddressType3Choice,0,1
pacs.002.001.12,/Document/FIToFIPmtStsRpt/TxInfAndSts/InstgAgt/FinInstnId/PstlAdr/AdrTp/Cd,Cd,AddressType2Code,1,1
pacs.002.001.12,/Document/FIToFIPmtStsRpt/TxInfAndSts/InstgAgt/FinInstnId/PstlAdr/AdrTp/Prtry,Prtry,GenericIdentification30,1,1
pacs.002.001.12,/Document/FIToFIPmtStsRpt/TxInfAndSts/InstgAgt/FinInstnId/PstlAdr/AdrTp/Prtry/Id,Id,Exact4AlphaNumericText,1,1
pacs.002.001.12,/Document/FIToFIPmtStsRpt/TxInfAndSts/InstgAgt/FinInstnId/PstlAdr/AdrTp/Prtry/Issr,Issr,Max35Text,1,1
pacs.002.001.12,/Document/FIToFIPmtStsRpt/TxInfAndSts/InstgAgt/FinInstnId/PstlAdr/AdrTp/Prtry/SchmeNm,SchmeNm,Max35Text,0,1
pacs.002.001.12,/Document/FIToFIPmtStsRpt/TxInfAndSts/InstgAgt/FinInstnId/PstlAdr/Dept,Dept,Max70Text,0,1
pacs.002.001.12,/Document/FIToFIPmtStsRpt/TxInfAndSts/InstgAgt/FinInstnId/PstlAdr/SubDept,SubDept,Max70Text,0,1
pacs.002.001.12,/Document/FIToFIPmtStsRpt/TxInfAndSts/InstgAgt/FinInstnId/PstlAdr/StrtNm,StrtNm,Max70Text,0,1
pacs.002.001.12,/Document/FIToFIPmtStsRpt/TxInfAndSts/InstgAgt/FinInstnId/PstlAdr/BldgNb,BldgNb,Max16Text,0,1
pacs.002.001.12,/Document/FIToFIPmtStsRpt/TxInfAndSts/InstgAgt/FinInstnId/PstlAdr/BldgNm,BldgNm,Max35Text,0,1
pacs.002.001.12,/Document/FIToFIPmtStsRpt/TxInfAndSts/InstgAgt/FinInstnId/PstlAdr/Flr,Flr,Max70Text,0,1
pacs.002.001.12,/Document/FIToFIPmtStsRpt/TxInfAndSts/InstgAgt/FinInstnId/PstlAdr/PstBx,PstBx,Max16Text,0,1
pacs.002.001.12,/Document/FIToFIPmtStsRpt/TxInfAndSts/InstgAgt/FinInstnId/PstlAdr/Room,Room,Max70Text,0,1
pacs.002.001.12,/Document/FIToFIPmtStsRpt/TxInfAndSts/InstgAgt/FinInstnId/PstlAdr/PstCd,PstCd,Max16Text,0,1
pacs.002.001.12,/Document/FIToFIPmtStsRpt/TxInfAndSts/InstgAgt/FinInstnId/PstlAdr/TwnNm,TwnNm,Max35Text,0,1
pacs.002.001.12,/Document/FIToFIPmtStsRpt/TxInfAndSts/InstgAgt/FinInstnId/PstlAdr/TwnLctnNm,TwnLctnNm,Max35Text,0,1
pacs.002.001.12,/Document/FIToFIPmtStsRpt/TxInfAndSts/InstgAgt/FinInstnId/PstlAdr/DstrctNm,DstrctNm,Max35Text,0,1
pacs.002.001.12,/Document/FIToFIPmtStsRpt/TxInfAndSts/InstgAgt/FinInstnId/PstlAdr/CtrySubDvsn,CtrySubDvsn,Max35Text,0,1
pacs.002.001.12,/Document/FIToFIPmtStsRpt/TxInfAndSts/InstgAgt/FinInstnId/PstlAdr/Ctry,Ctry,CountryCode,0,1
pacs.002.001.12,/Document/FIToFIPmtStsRpt/TxInfAndSts/InstgAgt/FinInstnId/PstlAdr/AdrLine,AdrLine,Max70Text,0,7
pacs.002.001.12,/Document/FIToFIPmtStsRpt/TxInfAndSts/InstgAgt/FinInstnId/Othr,Othr,GenericFinancialIdentification1,0,1
pacs.002.001.12,/Document/FIToFIPmtStsRpt/TxInfAndSts/InstgAgt/FinInstnId/Othr/Id,Id,Max35Text,1,1
pacs.002.001.12,/Document/FIToFIPmtStsRpt/TxInfAndSts/InstgAgt/FinInstnId/Othr/SchmeNm,SchmeNm,FinancialIdentificationSchemeName1Choice,0,1
pacs.002.001.12,/Document/FIToFIPmtStsRpt/TxInfAndSts/InstgAgt/FinInstnId/Othr/SchmeNm/Cd,Cd,ExternalFinancialInstitutionIdentification1Code,1,1
pacs.002.001.12,/Document/FIToFIPmtStsRpt/TxInfAndSts/InstgAgt/FinInstnId/Othr/SchmeNm/Prtry,Prtry,Max35Text,1,1
pacs.002.001.12,/Document/FIToFIPmtStsRpt/TxInfAndSts/InstgAgt/FinInstnId/Othr/Issr,Issr,Max35Text,0,1
pacs.002.001.12,/Document/FIToFIPmtStsRpt/TxInfAndSts/InstgAgt/BrnchId,BrnchId,BranchData3,0,1
pacs.002.001.12,/Document/FIToFIPmtStsRpt/TxInfAndSts/InstgAgt/BrnchId/Id,Id,Max35Text,0,1
pacs.002.001.12,/Document/FIToFIPmtStsRpt/TxInfAndSts/InstgAgt/BrnchId/LEI,LEI,LEIIdentifier,0,1
pacs.002.001.12,/Document/FIToFIPmtStsRpt/TxInfAndSts/InstgAgt/BrnchId/Nm,Nm,Max140Text,0,1
pacs.002.001.12,/Document/FIToFIPmtStsRpt/TxInfAndSts/InstgAgt/BrnchId/PstlAdr,PstlAdr,PostalAddress24,0,1
pacs.002.001.12,/Document/FIToFIPmtStsRpt/TxInfAndSts/InstgAgt/BrnchId/PstlAdr/AdrTp,AdrTp,AddressType3Choice,0,1
pacs.002.001.12,/Document/FIToFIPmtStsRpt/TxInfAndSts/InstgAgt/BrnchId/PstlAdr/AdrTp/Cd,Cd,AddressType2Code,1,1
pacs.002.001.12,/Document/FIToFIPmtStsRpt/TxInfAndSts/InstgAgt/BrnchId/PstlAdr/AdrTp/Prtry,Prtry,GenericIdentification30,1,1
pacs.002.001.12,/Document/FIToFIPmtStsRpt/TxInfAndSts/InstgAgt/BrnchId/PstlAdr/AdrTp/Prtry/Id,Id,Exact4AlphaNumericText,1,1
pacs.002.001.12,/Document/FIToFIPmtStsRpt/TxInfAndSts/InstgAgt/BrnchId/PstlAdr/AdrTp/Prtry/Issr,Issr,Max35Text,1,1
pacs.002.001.12,/Document/FIToFIPmtStsRpt/TxInfAndSts/InstgAgt/BrnchId/PstlAdr/AdrTp/Prtry/SchmeNm,SchmeNm,Max35Text,0,1
pacs.002.001.12,/Document/FIToFIPmtStsRpt/TxInfAndSts/InstgAgt/BrnchId/PstlAdr/Dept,Dept,Max70Text,0,1
pacs.002.001.12,/Document/FIToFIPmtStsRpt/TxInfAndSts/InstgAgt/BrnchId/PstlAdr/SubDept,SubDept,Max70Text,0,1
pacs.002.001.12,/Document/FIToFIPmtStsRpt/TxInfAndSts/InstgAgt/BrnchId/PstlAdr/StrtNm,StrtNm,Max70Text,0,1
pacs.002.001.12,/Document/FIToFIPmtStsRpt/TxInfAndSts/InstgAgt/BrnchId/PstlAdr/BldgNb,BldgNb,Max16Text,0,1
pacs.002.001.12,/Document/FIToFIPmtStsRpt/TxInfAndSts/InstgAgt/BrnchId/PstlAdr/BldgNm,BldgNm,Max35Text,0,1
pacs.002.001.12,/Document/FIToFIPmtStsRpt/TxInfAndSts/InstgAgt/BrnchId/PstlAdr/Flr,Flr,Max70Text,0,1
pacs.002.001.12,/Document/FIToFIPmtStsRpt/TxInfAndSts/InstgAgt/BrnchId/PstlAdr/PstBx,PstBx,Max16Text,0,1
pacs.002.001.12,/Document/FIToFIPmtStsRpt/TxInfAndSts/InstgAgt/BrnchId/PstlAdr/Room,Room,Max70Text,0,1
pacs.002.001.12,/Document/FIToFIPmtStsRpt/TxInfAndSts/InstgAgt/BrnchId/PstlAdr/PstCd,PstCd,Max16Text,0,1
pacs.002.001.12,/Document/FIToFIPmtStsRpt/TxInfAndSts/InstgAgt/BrnchId/PstlAdr/TwnNm,TwnNm,Max35Text,0,1
pacs.002.001.12,/Document/FIToFIPmtStsRpt/TxInfAndSts/InstgAgt/BrnchId/PstlAdr/TwnLctnNm,TwnLctnNm,Max35Text,0,1
pacs.002.001.12,/Document/FIToFIPmtStsRpt/TxInfAndSts/InstgAgt/BrnchId/PstlAdr/DstrctNm,DstrctNm,Max35Text,0,1
pacs.002.001.12,/Document/FIToFIPmtStsRpt/TxInfAndSts/InstgAgt/BrnchId/PstlAdr/CtrySubDvsn,CtrySubDvsn,Max35Text,0,1
pacs.002.001.12,/Document/FIToFIPmtStsRpt/TxInfAndSts/InstgAgt/BrnchId/PstlAdr/Ctry,Ctry,CountryCode,0,1
pacs.002.001.12,/Document/FIToFIPmtStsRpt/TxInfAndSts/InstgAgt/BrnchId/PstlAdr/AdrLine,AdrLine,Max70Text,0,7
pacs.002.001.12,/Document/FIToFIPmtStsRpt/TxInfAndSts/InstdAgt,InstdAgt,BranchAndFinancialInstitutionIdentification6,0,1
pacs.002.001.12,/Document/FIToFIPmtStsRpt/TxInfAndSts/InstdAgt/FinInstnId,FinInstnId,FinancialInstitutionIdentification18,1,1
pacs.002.001.12,/Document/FIToFIPmtStsRpt/TxInfAndSts/InstdAgt/FinInstnId/BICFI,BICFI,BICFIDec2014Identifier,0,1
pacs.002.001.12,/Document/FIToFIPmtStsRpt/TxInfAndSts/InstdAgt/FinInstnId/ClrSysMmbId,ClrSysMmbId,ClearingSystemMemberIdentification2,0,1
pacs.002.001.12,/Document/FIToFIPmtStsRpt/TxInfAndSts/InstdAgt/FinInstnId/ClrSysMmbId/ClrSysId,ClrSysId,ClearingSystemIdentification2Choice,0,1
pacs.002.001.12,/Document/FIToFIPmtStsRpt/TxInfAndSts/InstdAgt/FinInstnId/ClrSysMmbId/ClrSysId/Cd,Cd,ExternalClearingSystemIdentification1Code,1,1
pacs.002.001.12,/Document/FIToFIPmtStsRpt/TxInfAndSts/InstdAgt/FinInstnId/ClrSysMmbId/ClrSysId/Prtry,Prtry,Max35Text,1,1
pacs.002.001.12,/Document/FIToFIPmtStsRpt/TxInfAndSts/InstdAgt/FinInstnId/ClrSysMmbId/MmbId,MmbId,Max35Text,1,1
pacs.002.001.12,/Document/FIToFIPmtStsRpt/TxInfAndSts/InstdAgt/FinInstnId/LEI,LEI,LEIIdentifier,0,1
pacs.002.001.12,/Document/FIToFIPmtStsRpt/TxInfAndSts/InstdAgt/FinInstnId/Nm,Nm,Max140Text,0,1
pacs.002.001.12,/Document/FIToFIPmtStsRpt/TxInfAndSts/InstdAgt/FinInstnId/PstlAdr,PstlAdr,PostalAddress24,0,1
pacs.002.001.12,/Document/FIToFIPmtStsRpt/TxInfAndSts/InstdAgt/FinInstnId/PstlAdr/AdrTp,AdrTp,AddressType3Choice,0,1
pacs.002.001.12,/Document/FIToFIPmtStsRpt/TxInfAndSts/InstdAgt/FinInstnId/PstlAdr/AdrTp/Cd,Cd,AddressType2Code,1,1
pacs.002.001.12,/Document/FIToFIPmtStsRpt/TxInfAndSts/InstdAgt/FinInstnId/PstlAdr/AdrTp/Prtry,Prtry,GenericIdentification30,1,1
pacs.002.001.12,/Document/FIToFIPmtStsRpt/TxInfAndSts/InstdAgt/FinInstnId/PstlAdr/AdrTp/Prtry/Id,Id,Exact4AlphaNumericText,1,1
pacs.002.001.12,/Document/FIToFIPmtStsRpt/TxInfAndSts/InstdAgt/FinInstnId/PstlAdr/AdrTp/Prtry/Issr,Issr,Max35Text,1,1
pacs.002.001.12,/Document/FIToFIPmtStsRpt/TxInfAndSts/InstdAgt/FinInstnId/PstlAdr/AdrTp/Prtry/SchmeNm,SchmeNm,Max35Text,0,1
pacs.002.001.12,/Document/FIToFIPmtStsRpt/TxInfAndSts/InstdAgt/FinInstnId/PstlAdr/Dept,Dept,Max70Text,0,1
pacs.002.001.12,/Document/FIToFIPmtStsRpt/TxInfAndSts/InstdAgt/FinInstnId/PstlAdr/SubDept,SubDept,Max70Text,0,1
pacs.002.001.12,/Document/FIToFIPmtStsRpt/TxInfAndSts/InstdAgt/FinInstnId/PstlAdr/StrtNm,StrtNm,Max70Text,0,1
pacs.002.001.12,/Document/FIToFIPmtStsRpt/TxInfAndSts/InstdAgt/FinInstnId/PstlAdr/BldgNb,BldgNb,Max16Text,0,1
pacs.002.001.12,/Document/FIToFIPmtStsRpt/TxInfAndSts/InstdAgt/FinInstnId/PstlAdr/BldgNm,BldgNm,Max35Text,0,1
pacs.002.001.12,/Document/FIToFIPmtStsRpt/TxInfAndSts/InstdAgt/FinInstnId/PstlAdr/Flr,Flr,Max70Text,0,1
pacs.002.001.12,/Document/FIToFIPmtStsRpt/TxInfAndSts/InstdAgt/FinInstnId/PstlAdr/PstBx,PstBx,Max16Text,0,1
pacs.002.001.12,/Document/FIToFIPmtStsRpt/TxInfAndSts/InstdAgt/FinInstnId/PstlAdr/Room,Room,Max70Text,0,1
pacs.002.001.12,/Document/FIToFIPmtStsRpt/TxInfAndSts/InstdAgt/FinInstnId/PstlAdr/PstCd,PstCd,Max16Text,0,1
pacs.002.001.12,/Document/FIToFIPmtStsRpt/TxInfAndSts/InstdAgt/FinInstnId/PstlAdr/TwnNm,TwnNm,Max35Text,0,1
pacs.002.001.12,/Document/FIToFIPmtStsRpt/TxInfAndSts/InstdAgt/FinInstnId/PstlAdr/TwnLctnNm,TwnLctnNm,Max35Text,0,1
pacs.002.001.12,/Document/FIToFIPmtStsRpt/TxInfAndSts/InstdAgt/FinInstnId/PstlAdr/DstrctNm,DstrctNm,Max35Text,0,1
pacs.002.001.12,/Document/FIToFIPmtStsRpt/TxInfAndSts/InstdAgt/FinInstnId/PstlAdr/CtrySubDvsn,CtrySubDvsn,Max35Text,0,1
pacs.002.001.12,/Document/FIToFIPmtStsRpt/TxInfAndSts/InstdAgt/FinInstnId/PstlAdr/Ctry,Ctry,CountryCode,0,1
pacs.002.001.12,/Document/FIToFIPmtStsRpt/TxInfAndSts/InstdAgt/FinInstnId/PstlAdr/AdrLine,AdrLine,Max70Text,0,7
pacs.002.001.12,/Document/FIToFIPmtStsRpt/TxInfAndSts/InstdAgt/FinInstnId/Othr,Othr,GenericFinancialIdentification1,0,1
pacs.002.001.12,/Document/FIToFIPmtStsRpt/TxInfAndSts/InstdAgt/FinInstnId/Othr/Id,Id,Max35Text,1,1
pacs.002.001.12,/Document/FIToFIPmtStsRpt/TxInfAndSts/InstdAgt/FinInstnId/Othr/SchmeNm,SchmeNm,FinancialIdentificationSchemeName1Choice,0,1
pacs.002.001.12,/Document/FIToFIPmtStsRpt/TxInfAndSts/InstdAgt/FinInstnId/Othr/SchmeNm/Cd,Cd,ExternalFinancialInstitutionIdentification1Code,1,1
pacs.002.001.12,/Document/FIToFIPmtStsRpt/TxInfAndSts/InstdAgt/FinInstnId/Othr/SchmeNm/Prtry,Prtry,Max35Text,1,1
pacs.002.001.12,/Document/FIToFIPmtStsRpt/TxInfAndSts/InstdAgt/FinInstnId/Othr/Issr,Issr,Max35Text,0,1
pacs.002.001.12,/Document/FIToFIPmtStsRpt/TxInfAndSts/InstdAgt/BrnchId,BrnchId,BranchData3,0,1
pacs.002.001.12,/Document/FIToFIPmtStsRpt/TxInfAndSts/InstdAgt/BrnchId/Id,Id,Max35Text,0,1
pacs.002.001.12,/Document/FIToFIPmtStsRpt/TxInfAndSts/InstdAgt/BrnchId/LEI,LEI,LEIIdentifier,0,1
pacs.002.001.12,/Document/FIToFIPmtStsRpt/TxInfAndSts/InstdAgt/BrnchId/Nm,Nm,Max140Text,0,1
pacs.002.001.12,/Document/FIToFIPmtStsRpt/TxInfAndSts/InstdAgt/BrnchId/PstlAdr,PstlAdr,PostalAddress24,0,1
pacs.002.001.12,/Document/FIToFIPmtStsRpt/TxInfAndSts/InstdAgt/BrnchId/PstlAdr/AdrTp,AdrTp,AddressType3Choice,0,1
pacs.002.001.12,/Document/FIToFIPmtStsRpt/TxInfAndSts/InstdAgt/BrnchId/PstlAdr/AdrTp/Cd,Cd,AddressType2Code,1,1
pacs.002.001.12,/Document/FIToFIPmtStsRpt/TxInfAndSts/InstdAgt/BrnchId/PstlAdr/AdrTp/Prtry,Prtry,GenericIdentification30,1,1
pacs.002.001.12,/Document/FIToFIPmtStsRpt/TxInfAndSts/InstdAgt/BrnchId/PstlAdr/AdrTp/Prtry/Id,Id,Exact4AlphaNumericText,1,1
pacs.002.001.12,/Document/FIToFIPmtStsRpt/TxInfAndSts/InstdAgt/BrnchId/PstlAdr/AdrTp/Prtry/Issr,Issr,Max35Text,1,1
pacs.002.001.12,/Document/FIToFIPmtStsRpt/TxInfAndSts/InstdAgt/BrnchId/PstlAdr/AdrTp/Prtry/SchmeNm,SchmeNm,Max35Text,0,1
pacs.002.001.12,/Document/FIToFIPmtStsRpt/TxInfAndSts/InstdAgt/BrnchId/PstlAdr/Dept,Dept,Max70Text,0,1
pacs.002.001.12,/Document/FIToFIPmtStsRpt/TxInfAndSts/InstdAgt/BrnchId/PstlAdr/SubDept,SubDept,Max70Text,0,1
pacs.002.001.12,/Document/FIToFIPmtStsRpt/TxInfAndSts/InstdAgt/BrnchId/PstlAdr/StrtNm,StrtNm,Max70Text,0,1
pacs.002.001.12,/Document/FIToFIPmtStsRpt/TxInfAndSts/InstdAgt/BrnchId/PstlAdr/BldgNb,BldgNb,Max16Text,0,1
pacs.002.001.12,/Document/FIToFIPmtStsRpt/TxInfAndSts/InstdAgt/BrnchId/PstlAdr/BldgNm,BldgNm,Max35Text,0,1
pacs.002.001.12,/Document/FIToFIPmtStsRpt/TxInfAndSts/InstdAgt/BrnchId/PstlAdr/Flr,Flr,Max70Text,0,1
pacs.002.001.12,/Document/FIToFIPmtStsRpt/TxInfAndSts/InstdAgt/BrnchId/PstlAdr/PstBx,PstBx,Max16Text,0,1
pacs.002.001.12,/Document/FIToFIPmtStsRpt/TxInfAndSts/InstdAgt/BrnchId/PstlAdr/Room,Room,Max70Text,0,1
pacs.002.001.12,/Document/FIToFIPmtStsRpt/TxInfAndSts/InstdAgt/BrnchId/PstlAdr/PstCd,PstCd,Max16Text,0,1
pacs.002.001.12,/Document/FIToFIPmtStsRpt/TxInfAndSts/InstdAgt/BrnchId/PstlAdr/TwnNm,TwnNm,Max35Text,0,1
pacs.002.001.12,/Document/FIToFIPmtStsRpt/TxInfAndSts/InstdAgt/BrnchId/PstlAdr/TwnLctnNm,TwnLctnNm,Max35Text,0,1
pacs.002.001.12,/Document/FIToFIPmtStsRpt/TxInfAndSts/InstdAgt/BrnchId/PstlAdr/DstrctNm,DstrctNm,Max35Text,0,1
pacs.002.001.12,/Document/FIToFIPmtStsRpt/TxInfAndSts/InstdAgt/BrnchId/PstlAdr/CtrySubDvsn,CtrySubDvsn,Max35Text,0,1
pacs.002.001.12,/Document/FIToFIPmtStsRpt/TxInfAndSts/InstdAgt/BrnchId/PstlAdr/Ctry,Ctry,CountryCode,0,1
pacs.002.001.12,/Document/FIToFIPmtStsRpt/TxInfAndSts/InstdAgt/BrnchId/PstlAdr/AdrLine,AdrLine,Max70Text,0,7
pacs.002.001.12,/Document/FIToFIPmtStsRpt/TxInfAndSts/OrgnlTxRef,OrgnlTxRef,OriginalTransactionReference35,0,1
pacs.002.001.12,/Document/FIToFIPmtStsRpt/TxInfAndSts/OrgnlTxRef/IntrBkSttlmAmt,IntrBkSttlmAmt,ActiveOrHistoricCurrencyAndAmount,0,1
pacs.002.001.12,/Document/FIToFIPmtStsRpt/TxInfAndSts/OrgnlTxRef/Amt,Amt,AmountType4Choice,0,1
pacs.002.001.12,/Document/FIToFIPmtStsRpt/TxInfAndSts/OrgnlTxRef/Amt/InstdAmt,InstdAmt,ActiveOrHistoricCurrencyAndAmount,1,1
pacs.002.001.12,/Document/FIToFIPmtStsRpt/TxInfAndSts/OrgnlTxRef/Amt/EqvtAmt,EqvtAmt,EquivalentAmount2,1,1
pacs.002.001.12,/Document/FIToFIPmtStsRpt/TxInfAndSts/OrgnlTxRef/Amt/EqvtAmt/Amt,Amt,ActiveOrHistoricCurrencyAndAmount,1,1
pacs.002.001.12,/Document/FIToFIPmtStsRpt/TxInfAndSts/OrgnlTxRef/Amt/EqvtAmt/CcyOfTrf,CcyOfTrf,ActiveOrHistoricCurrencyCode,1,1
pacs.002.001.12,/Document/FIToFIPmtStsRpt/TxInfAndSts/OrgnlTxRef/IntrBkSttlmDt,IntrBkSttlmDt,ISODate,0,1
pacs.002.001.12,/Document/FIToFIPmtStsRpt/TxInfAndSts/OrgnlTxRef/ReqdColltnDt,ReqdColltnDt,ISODate,0,1
pacs.002.001.12,/Document/FIToFIPmtStsRpt/TxInfAndSts/OrgnlTxRef/ReqdExctnDt,ReqdExctnDt,DateAndDateTime2Choice,0,1
pacs.002.001.12,/Document/FIToFIPmtStsRpt/TxInfAndSts/OrgnlTxRef/ReqdExctnDt/Dt,Dt,ISODate,1,1
pacs.002.001.12,/Document/FIToFIPmtStsRpt/TxInfAndSts/OrgnlTxRef/ReqdExctnDt/DtTm,DtTm,ISODateTime,1,1
pacs.002.001.12,/Document/FIToFIPmtStsRpt/TxInfAndSts/OrgnlTxRef/CdtrSchmeId,CdtrSchmeId,PartyIdentification135,0,1
pacs.002.001.12,/Document/FIToFIPmtStsRpt/TxInfAndSts/OrgnlTxRef/CdtrSchmeId/Nm,Nm,Max140Text,0,1
pacs.002.001.12,/Document/FIToFIPmtStsRpt/TxInfAndSts/OrgnlTxRef/CdtrSchmeId/PstlAdr,PstlAdr,PostalAddress24,0,1
pacs.002.001.12,/Document/FIToFIPmtStsRpt/TxInfAndSts/OrgnlTxRef/CdtrSchmeId/PstlAdr/AdrTp,AdrTp,AddressType3Choice,0,1
pacs.002.001.12,/Document/FIToFIPmtStsRpt/TxInfAndSts/OrgnlTxRef/CdtrSchmeId/PstlAdr/AdrTp/Cd,Cd,AddressType2Code,1,1
pacs.002.001.12,/Document/FIToFIPmtStsRpt/TxInfAndSts/OrgnlTxRef/CdtrSchmeId/PstlAdr/AdrTp/Prtry,Prtry,GenericIdentification30,1,1
pacs.002.001.12,/Document/FIToFIPmtStsRpt/TxInfAndSts/OrgnlTxRef/CdtrSchmeId/PstlAdr/AdrTp/Prtry/Id,Id,Exact4AlphaNumericText,1,1
pacs.002.001.12,/Document/FIToFIPmtStsRpt/TxInfAndSts/OrgnlTxRef/CdtrSchmeId/PstlAdr/AdrTp/Prtry/Issr,Issr,Max35Text,1,1
pacs.002.001.12,/Document/FIToFIPmtStsRpt/TxInfAndSts/OrgnlTxRef/CdtrSchmeId/PstlAdr/AdrTp/Prtry/SchmeNm,SchmeNm,Max35Text,0,1
pacs.002.001.12,/Document/FIToFIPmtStsRpt/TxInfAndSts/OrgnlTxRef/CdtrSchmeId/PstlAdr/Dept,Dept,Max70Text,0,1
pacs.002.001.12,/Document/FIToFIPmtStsRpt/TxInfAndSts/OrgnlTxRef/CdtrSchmeId/PstlAdr/SubDept,SubDept,Max70Text,0,1
pacs.002.001.12,/Document/FIToFIPmtStsRpt/TxInfAndSts/OrgnlTxRef/CdtrSchmeId/PstlAdr/StrtNm,StrtNm,Max70Text,0,1
pacs.002.001.12,/Document/FIToFIPmtStsRpt/TxInfAndSts/OrgnlTxRef/CdtrSchmeId/PstlAdr/BldgNb,BldgNb,Max16Text,0,1
pacs.002.001.12,/Document/FIToFIPmtStsRpt/TxInfAndSts/OrgnlTxRef/CdtrSchmeId/PstlAdr/BldgNm,BldgNm,Max35Text,0,1
pacs.002.001.12,/Document/FIToFIPmtStsRpt/TxInfAndSts/OrgnlTxRef/CdtrSchmeId/PstlAdr/Flr,Flr,Max70Text,0,1
pacs.002.001.12,/Document/FIToFIPmtStsRpt/TxInfAndSts/OrgnlTxRef/CdtrSchmeId/PstlAdr/PstBx,PstBx,Max16Text,0,1
pacs.002.001.12,/Document/FIToFIPmtStsRpt/TxInfAndSts/OrgnlTxRef/CdtrSchmeId/PstlAdr/Room,Room,Max70Text,0,1
pacs.002.001.12,/Document/FIToFIPmtStsRpt/TxInfAndSts/OrgnlTxRef/CdtrSchmeId/PstlAdr/PstCd,PstCd,Max16Text,0,1
pacs.002.001.12,/Document/FIToFIPmtStsRpt/TxInfAndSts/OrgnlTxRef/CdtrSchmeId/PstlAdr/TwnNm,TwnNm,Max35Text,0,1
pacs.002.001.12,/Document/FIToFIPmtStsRpt/TxInfAndSts/OrgnlTxRef/CdtrSchmeId/PstlAdr/TwnLctnNm,TwnLctnNm,Max35Text,0,1
pacs.002.001.12,/Document/FIToFIPmtStsRpt/TxInfAndSts/OrgnlTxRef/CdtrSchmeId/PstlAdr/DstrctNm,DstrctNm,Max35Text,0,1
pacs.002.001.12,/Document/FIToFIPmtStsRpt/TxInfAndSts/OrgnlTxRef/CdtrSchmeId/PstlAdr/CtrySubDvsn,CtrySubDvsn,Max35Text,0,1
pacs.002.001.12,/Document/FIToFIPmtStsRpt/TxInfAndSts/OrgnlTxRef/CdtrSchmeId/PstlAdr/Ctry,Ctry,CountryCode,0,1
pacs.002.001.12,/Document/FIToFIPmtStsRpt/TxInfAndSts/OrgnlTxRef/CdtrSchmeId/PstlAdr/AdrLine,AdrLine,Max70Text,0,7
pacs.002.001.12,/Document/FIToFIPmtStsRpt/TxInfAndSts/OrgnlTxRef/CdtrSchmeId/Id,Id,Party38Choice,0,1
pacs.002.001.12,/Document/FIToFIPmtStsRpt/TxInfAndSts/OrgnlTxRef/CdtrSchmeId/Id/OrgId,OrgId,OrganisationIdentification29,1,1
pacs.002.001.12,/Document/FIToFIPmtStsRpt/TxInfAndSts/OrgnlTxRef/CdtrSchmeId/Id/OrgId/AnyBIC,AnyBIC,AnyBICDec2014Identifier,0,1
pacs.002.001.12,/Document/FIToFIPmtStsRpt/TxInfAndSts/OrgnlTxRef/CdtrSchmeId/Id/OrgId/LEI,LEI,LEIIdentifier,0,1
pacs.002.001.12,/Document/FIToFIPmtStsRpt/TxInfAndSts/OrgnlTxRef/CdtrSchmeId/Id/OrgId/Othr,Othr,GenericOrganisationIdentification1,0,
pacs.002.001.12,/Document/FIToFIPmtStsRpt/TxInfAndSts/OrgnlTxRef/CdtrSchmeId/Id/OrgId/Othr/Id,Id,Max35Text,1,1
pacs.002.001.12,/Document/FIToFIPmtStsRpt/TxInfAndSts/OrgnlTxRef/CdtrSchmeId/Id/OrgId/Othr/SchmeNm,SchmeNm,OrganisationIdentificationSchemeName1Choice,0,1
pacs.002.001.12,/Document/FIToFIPmtStsRpt/TxInfAndSts/OrgnlTxRef/CdtrSchmeId/Id/OrgId/Othr/SchmeNm/Cd,Cd,ExternalOrganisationIdentification1Code,1,1
pacs.002.001.12,/Document/FIToFIPmtStsRpt/TxInfAndSts/OrgnlTxRef/CdtrSchmeId/Id/OrgId/Othr/SchmeNm/Prtry,Prtry,Max35Text,1,1
pacs.002.001.12,/Document/FIToFIPmtStsRpt/TxInfAndSts/OrgnlTxRef/CdtrSchmeId/Id/OrgId/Othr/Issr,Issr,Max35Text,0,1
pacs.002.001.12,/Document/FIToFIPmtStsRpt/TxInfAndSts/OrgnlTxRef/CdtrSchmeId/Id/PrvtId,PrvtId,PersonIdentification13,1,1
pacs.002.001.12,/Document/FIToFIPmtStsRpt/TxInfAndSts/OrgnlTxRef/CdtrSchmeId/Id/PrvtId/DtAndPlcOfBirth,DtAndPlcOfBirth,DateAndPlaceOfBirth1,0,1
pacs.002.001.12,/Document/FIToFIPmtStsRpt/TxInfAndSts/OrgnlTxRef/CdtrSchmeId/Id/PrvtId/DtAndPlcOfBirth/BirthDt,BirthDt,ISODate,1,1
pacs.002.001.12,/Document/FIToFIPmtStsRpt/TxInfAndSts/OrgnlTxRef/CdtrSchmeId/Id/PrvtId/DtAndPlcOfBirth/PrvcOfBirth,PrvcOfBirth,Max35Text,0,1
pacs.002.001.12,/Document/FIToFIPmtStsRpt/TxInfAndSts/OrgnlTxRef/CdtrSchmeId/Id/PrvtId/DtAndPlcOfBirth/CityOfBirth,CityOfBirth,Max35Text,1,1
pacs.002.001.12,/Document/FIToFIPmtStsRpt/TxInfAndSts/OrgnlTxRef/CdtrSchmeId/Id/PrvtId/DtAndPlcOfBirth/CtryOfBirth,CtryOfBirth,CountryCode,1,1
pacs.002.001.12,/Document/FIToFIPmtStsRpt/TxInfAndSts/OrgnlTxRef/CdtrSchmeId/Id/PrvtId/Othr,Othr,GenericPersonIdentification1,0,
pacs.002.001.12,/Document/FIToFIPmtStsRpt/TxInfAndSts/OrgnlTxRef/CdtrSchmeId/Id/PrvtId/Othr/Id,Id,Max35Text,1,1
pacs.002.001.12,/Document/FIToFIPmtStsRpt/TxInfAndSts/OrgnlTxRef/CdtrSchmeId/Id/PrvtId/Othr/SchmeNm,SchmeNm,PersonIdentificationSchemeName1Choice,0,1
pacs.002.001.12,/Document/FIToFIPmtStsRpt/TxInfAndSts/OrgnlTxRef/CdtrSchmeId/Id/PrvtId/Othr/SchmeNm/Cd,Cd,ExternalPersonIdentification1Code,1,1
pacs.002.001.12,/Document/FIToFIPmtStsRpt/TxInfAndSts/OrgnlTxRef/CdtrSchmeId/Id/PrvtId/Othr/SchmeNm/Prtry,Prtry,Max35Text,1,1
pacs.002.001.12,/Document/FIToFIPmtStsRpt/TxInfAndSts/OrgnlTxRef/CdtrSchmeId/Id/PrvtId/Othr/Issr,Issr,Max35Text,0,1
pacs.002.001.12,/Document/FIToFIPmtStsRpt/TxInfAndSts/OrgnlTxRef/CdtrSchmeId/CtryOfRes,CtryOfRes,CountryCode,0,1
pacs.002.001.12,/Document/FIToFIPmtStsRpt/TxInfAndSts/OrgnlTxRef/CdtrSchmeId/CtctDtls,CtctDtls,Contact4,0,1
pacs.002.001.12,/Document/FIToFIPmtStsRpt/TxInfAndSts/OrgnlTxRef/CdtrSchmeId/CtctDtls/NmPrfx,NmPrfx,NamePrefix2Code,0,1
pacs.002.001.12,/Document/FIToFIPmtStsRpt/TxInfAndSts/OrgnlTxRef/CdtrSchmeId/CtctDtls/Nm,Nm,Max140Text,0,1
pacs.002.001.12,/Document/FIToFIPmtStsRpt/TxInfAndSts/OrgnlTxRef/CdtrSchmeId/CtctDtls/PhneNb,PhneNb,PhoneNumber,0,1
pacs.002.001.12,/Document/FIToFIPmtStsRpt/TxInfAndSts/OrgnlTxRef/CdtrSchmeId/CtctDtls/MobNb,MobNb,PhoneNumber,0,1
pacs.002.001.12,/Document/FIToFIPmtStsRpt/TxInfAndSts/OrgnlTxRef/CdtrSchmeId/CtctDtls/FaxNb,FaxNb,PhoneNumber,0,1
pacs.002.001.12,/Document/FIToFIPmtStsRpt/TxInfAndSts/OrgnlTxRef/CdtrSchmeId/CtctDtls/EmailAdr,EmailAdr,Max2048Text,0,1
pacs.002.001.12,/Document/FIToFIPmtStsRpt/TxInfAndSts/OrgnlTxRef/CdtrSchmeId/CtctDtls/EmailPurp,EmailPurp,Max35Text,0,1
pacs.002.001.12,/Document/FIToFIPmtStsRpt/TxInfAndSts/OrgnlTxRef/CdtrSchmeId/CtctDtls/JobTitl,JobTitl,Max35Text,0,1
pacs.002.001.12,/Document/FIToFIPmtStsRpt/TxInfAndSts/OrgnlTxRef/CdtrSchmeId/CtctDtls/Rspnsblty,Rspnsblty,Max35Text,0,1
pacs.002.001.12,/Document/FIToFIPmtStsRpt/TxInfAndSts/OrgnlTxRef/CdtrSchmeId/CtctDtls/Dept,Dept,Max70Text,0,1
pacs.002.001.12,/Document/FIToFIPmtStsRpt/TxInfAndSts/OrgnlTxRef/CdtrSchmeId/CtctDtls/Othr,Othr,OtherContact1,0,
pacs.002.001.12,/Document/FIToFIPmtStsRpt/TxInfAndSts/OrgnlTxRef/CdtrSchmeId/CtctDtls/Othr/ChanlTp,ChanlTp,Max4Text,1,1
pacs.002.001.12,/Document/FIToFIPmtStsRpt/TxInfAndSts/OrgnlTxRef/CdtrSchmeId/CtctDtls/Othr/Id,Id,Max128Text,0,1
pacs.002.001.12,/Document/FIToFIPmtStsRpt/TxInfAndSts/OrgnlTxRef/CdtrSchmeId/CtctDtls/PrefrdMtd,PrefrdMtd,PreferredContactMethod1Code,0,1
pacs.002.001.12,/Document/FIToFIPmtStsRpt/TxInfAndSts/OrgnlTxRef/SttlmInf,SttlmInf,SettlementInstruction11,0,1
pacs.002.001.12,/Document/FIToFIPmtStsRpt/TxInfAndSts/OrgnlTxRef/SttlmInf/SttlmMtd,SttlmMtd,SettlementMethod1Code,1,1
pacs.002.001.12,/Document/FIToFIPmtStsRpt/TxInfAndSts/OrgnlTxRef/SttlmInf/SttlmAcct,SttlmAcct,CashAccount40,0,1
pacs.002.001.12,/Document/FIToFIPmtStsRpt/TxInfAndSts/OrgnlTxRef/SttlmInf/SttlmAcct/Id,Id,AccountIdentification4Choice,0,1
pacs.002.001.12,/Document/FIToFIPmtStsRpt/TxInfAndSts/OrgnlTxRef/SttlmInf/SttlmAcct/Id/IBAN,IBAN,IBAN2007Identifier,1,1
pacs.002.001.12,/Document/FIToFIPmtStsRpt/TxInfAndSts/OrgnlTxRef/SttlmInf/SttlmAcct/Id/Othr,Othr,GenericAccountIdentification1,1,1
pacs.002.001.12,/Document/FIToFIPmtStsRpt/TxInfAndSts/OrgnlTxRef/SttlmInf/SttlmAcct/Id/Othr/Id,Id,Max34Text,1,1
pacs.002.001.12,/Document/FIToFIPmtStsRpt/TxInfAndSts/OrgnlTxRef/SttlmInf/SttlmAcct/Id/Othr/SchmeNm,SchmeNm,AccountSchemeName1Choice,0,1
pacs.002.001.12,/Document/FIToFIPmtStsRpt/TxInfAndSts/OrgnlTxRef/SttlmInf/SttlmAcct/Id/Othr/SchmeNm/Cd,Cd,ExternalAccountIdentification1Code,1,1
pacs.002.001.12,/Document/FIToFIPmtStsRpt/TxInfAndSts/OrgnlTxRef/SttlmInf/SttlmAcct/Id/Othr/SchmeNm/Prtry,Prtry,Max35Text,1,1
pacs.002.001.12,/Document/FIToFIPmtStsRpt/TxInfAndSts/OrgnlTxRef/SttlmInf/SttlmAcct/Id/Othr/Issr,Issr,Max35Text,0,1
pacs.002.001.12,/Document/FIToFIPmtStsRpt/TxInfAndSts/OrgnlTxRef/SttlmInf/SttlmAcct/Tp,Tp,CashAccountType2Choice,0,1
pacs.002.001.12,/Document/FIToFIPmtStsRpt/TxInfAndSts/OrgnlTxRef/SttlmInf/SttlmAcct/Tp/Cd,Cd,ExternalCashAccountType1Code,1,1
pacs.002.001.12,/Document/FIToFIPmtStsRpt/TxInfAndSts/OrgnlTxRef/SttlmInf/SttlmAcct/Tp/Prtry,Prtry,Max35Text,1,1
pacs.002.001.12,/Document/FIToFIPmtStsRpt/TxInfAndSts/OrgnlTxRef/SttlmInf/SttlmAcct/Ccy,Ccy,ActiveOrHistoricCurrencyCode,0,1
pacs.002.001.12,/Document/FIToFIPmtStsRpt/TxInfAndSts/OrgnlTxRef/SttlmInf/SttlmAcct/Nm,Nm,Max70Text,0,1
pacs.002.001.12,/Document/FIToFIPmtStsRpt/TxInfAndSts/OrgnlTxRef/SttlmInf/SttlmAcct/Prxy,Prxy,ProxyAccountIdentification1,0,1
pacs.002.001.12,/Document/FIToFIPmtStsRpt/TxInfAndSts/OrgnlTxRef/SttlmInf/SttlmAcct/Prxy/Tp,Tp,ProxyAccountType1Choice,0,1
pacs.002.001.12,/Document/FIToFIPmtStsRpt/TxInfAndSts/OrgnlTxRef/SttlmInf/SttlmAcct/Prxy/Tp/Cd,Cd,ExternalProxyAccountType1Code,1,1
pacs.002.001.12,/Document/FIToFIPmtStsRpt/TxInfAndSts/OrgnlTxRef/SttlmInf/SttlmAcct/Prxy/Tp/Prtry,Prtry,Max35Text,1,1
pacs.002.001.12,/Document/FIToFIPmtStsRpt/TxInfAndSts/OrgnlTxRef/SttlmInf/SttlmAcct/Prxy/Id,Id,Max2048Text,1,1
pacs.002.001.12,/Document/FIToFIPmtStsRpt/TxInfAndSts/OrgnlTxRef/SttlmInf/ClrSys,ClrSys,ClearingSystemIdentification3Choice,0,1
pacs.002.001.12,/Document/FIToFIPmtStsRpt/TxInfAndSts/OrgnlTxRef/SttlmInf/ClrSys/Cd,Cd,ExternalCashClearingSystem1Code,1,1
pacs.002.001.12,/Document/FIToFIPmtStsRpt/TxInfAndSts/OrgnlTxRef/SttlmInf/ClrSys/Prtry,Prtry,Max35Text,1,1
pacs.002.001.12,/Document/FIToFIPmtStsRpt/TxInfAndSts/OrgnlTxRef/SttlmInf/InstgRmbrsmntAgt,InstgRmbrsmntAgt,BranchAndFinancialInstitutionIdentification6,0,1
pacs.002.001.12,/Document/FIToFIPmtStsRpt/TxInfAndSts/OrgnlTxRef/SttlmInf/InstgRmbrsmntAgt/FinInstnId,FinInstnId,FinancialInstitutionIdentification18,1,1
pacs.002.001.12,/Document/FIToFIPmtStsRpt/TxInfAndSts/OrgnlTxRef/SttlmInf/InstgRmbrsmntAgt/FinInstnId/BICFI,BICFI,BICFIDec2014Identifier,0,1
pacs.002.001.12,/Document/FIToFIPmtStsRpt/TxInfAndSts/OrgnlTxRef/SttlmInf/InstgRmbrsmntAgt/FinInstnId/ClrSysMmbId,ClrSysMmbId,ClearingSystemMemberIdentification2,0,1
pacs.002.001.12,/Document/FIToFIPmtStsRpt/TxInfAndSts/OrgnlTxRef/SttlmInf/InstgRmbrsmntAgt/FinInstnId/ClrSysMmbId/ClrSysId,ClrSysId,ClearingSystemIdentification2Choice,0,1
pacs.002.001.12,/Document/FIToFIPmtStsRpt/TxInfAndSts/OrgnlTxRef/SttlmInf/InstgRmbrsmntAgt/FinInstnId/ClrSysMmbId/ClrSysId/Cd,Cd,ExternalClearingSystemIdentification1Code,1,1
pacs.002.001.12,/Document/FIToFIPmtStsRpt/TxInfAndSts/OrgnlTxRef/SttlmInf/InstgRmbrsmntAgt/FinInstnId/ClrSysMmbId/ClrSysId/Prtry,Prtry,Max35Text,1,1
pacs.002.001.12,/Document/FIToFIPmtStsRpt/TxInfAndSts/OrgnlTxRef/SttlmInf/InstgRmbrsmntAgt/FinInstnId/ClrSysMmbId/MmbId,MmbId,Max35Text,1,1
pacs.002.001.12,/Document/FIToFIPmtStsRpt/TxInfAndSts/OrgnlTxRef/SttlmInf/InstgRmbrsmntAgt/FinInstnId/LEI,LEI,LEIIdentifier,0,1
pacs.002.001.12,/Document/FIToFIPmtStsRpt/TxInfAndSts/OrgnlTxRef/SttlmInf/InstgRmbrsmntAgt/FinInstnId/Nm,Nm,Max140Text,0,1
pacs.002.001.12,/Document/FIToFIPmtStsRpt/TxInfAndSts/OrgnlTxRef/SttlmInf/InstgRmbrsmntAgt/FinInstnId/PstlAdr,PstlAdr,PostalAddress24,0,1
pacs.002.001.12,/Document/FIToFIPmtStsRpt/TxInfAndSts/OrgnlTxRef/SttlmInf/InstgRmbrsmntAgt/FinInstnId/PstlAdr/AdrTp,AdrTp,AddressType3Choice,0,1
pacs.002.001.12,/Document/FIToFIPmtStsRpt/TxInfAndSts/OrgnlTxRef/SttlmInf/InstgRmbrsmntAgt/FinInstnId/PstlAdr/AdrTp/Cd,Cd,AddressType2Code,1,1
pacs.002.001.12,/Document/FIToFIPmtStsRpt/TxInfAndSts/OrgnlTxRef/SttlmInf/InstgRmbrsmntAgt/FinInstnId/PstlAdr/AdrTp/Prtry,Prtry,GenericIdentification30,1,1
pacs.002.001.12,/Document/FIToFIPmtStsRpt/TxInfAndSts/OrgnlTxRef/SttlmInf/InstgRmbrsmntAgt/FinInstnId/PstlAdr/AdrTp/Prtry/Id,Id,Exact4AlphaNumericText,1,1
pacs.002.001.12,/Document/FIToFIPmtStsRpt/TxInfAndSts/OrgnlTxRef/SttlmInf/InstgRmbrsmntAgt/FinInstnId/PstlAdr/AdrTp/Prtry/Issr,Issr,Max35Text,1,1
pacs.002.001.12,/Document/FIToFIPmtStsRpt/TxInfAndSts/OrgnlTxRef/SttlmInf/InstgRmbrsmntAgt/FinInstnId/PstlAdr/AdrTp/Prtry/SchmeNm,SchmeNm,Max35Text,0,1
pacs.002.001.12,/Document/FIToFIPmtStsRpt/TxInfAndSts/OrgnlTxRef/SttlmInf/InstgRmbrsmntAgt/FinInstnId/PstlAdr/Dept,Dept,Max70Text,0,1
pacs.002.001.12,/Document/FIToFIPmtStsRpt/TxInfAndSts/OrgnlTxRef/SttlmInf/InstgRmbrsmntAgt/FinInstnId/PstlAdr/SubDept,SubDept,Max70Text,0,1
pacs.002.001.12,/Document/FIToFIPmtStsRpt/TxInfAndSts/OrgnlTxRef/SttlmInf/InstgRmbrsmntAgt/FinInstnId/PstlAdr/StrtNm,StrtNm,Max70Text,0,1
pacs.002.001.12,/Document/FIToFIPmtStsRpt/TxInfAndSts/OrgnlTxRef/SttlmInf/InstgRmbrsmntAgt/FinInstnId/PstlAdr/BldgNb,BldgNb,Max16Text,0,1
pacs.002.001.12,/Document/FIToFIPmtStsRpt/TxInfAndSts/OrgnlTxRef/SttlmInf/InstgRmbrsmntAgt/FinInstnId/PstlAdr/BldgNm,BldgNm,Max35Text,0,1
pacs.002.001.12,/Document/FIToFIPmtStsRpt/TxInfAndSts/OrgnlTxRef/SttlmInf/InstgRmbrsmntAgt/FinInstnId/PstlAdr/Flr,Flr,Max70Text,0,1
pacs.002.001.12,/Document/FIToFIPmtStsRpt/TxInfAndSts/OrgnlTxRef/SttlmInf/InstgRmbrsmntAgt/FinInstnId/PstlAdr/PstBx,PstBx,Max16Text,0,1
pacs.002.001.12,/Document/FIToFIPmtStsRpt/TxInfAndSts/OrgnlTxRef/SttlmInf/InstgRmbrsmntAgt/FinInstnId/PstlAdr/Room,Room,Max70Text,0,1
pacs.002.001.12,/Document/FIToFIPmtStsRpt/TxInfAndSts/OrgnlTxRef/SttlmInf/InstgRmbrsmntAgt/FinInstnId/PstlAdr/PstCd,PstCd,Max16Text,0,1
pacs.002.001.12,/Document/FIToFIPmtStsRpt/TxInfAndSts/OrgnlTxRef/SttlmInf/InstgRmbrsmntAgt/FinInstnId/PstlAdr/TwnNm,TwnNm,Max35Text,0,1
pacs.002.001.12,/Document/FIToFIPmtStsRpt/TxInfAndSts/OrgnlTxRef/SttlmInf/InstgRmbrsmntAgt/FinInstnId/PstlAdr/TwnLctnNm,TwnLctnNm,Max35Text,0,1
pacs.002.001.12,/Document/FIToFIPmtStsRpt/TxInfAndSts/OrgnlTxRef/SttlmInf/InstgRmbrsmntAgt/FinInstnId/PstlAdr/DstrctNm,DstrctNm,Max35Text,0,1
pacs.002.001.12,/Document/FIToFIPmtStsRpt/TxInfAndSts/OrgnlTxRef/SttlmInf/InstgRmbrsmntAgt/FinInstnId/PstlAdr/CtrySubDvsn,CtrySubDvsn,Max35Text,0,1
pacs.002.001.12,/Document/FIToFIPmtStsRpt/TxInfAndSts/OrgnlTxRef/SttlmInf/InstgRmbrsmntAgt/FinInstnId/PstlAdr/Ctry,Ctry,CountryCode,0,1
pacs.002.001.12,/Document/FIToFIPmtStsRpt/TxInfAndSts/OrgnlTxRef/SttlmInf/InstgRmbrsmntAgt/FinInstnId/PstlAdr/AdrLine,AdrLine,Max70Text,0,7
pacs.002.001.12,/Document/FIToFIPmtStsRpt/TxInfAndSts/OrgnlTxRef/SttlmInf/InstgRmbrsmntAgt/FinInstnId/Othr,Othr,GenericFinancialIdentification1,0,1
pacs.002.001.12,/Document/FIToFIPmtStsRpt/TxInfAndSts/OrgnlTxRef/SttlmInf/InstgRmbrsmntAgt/FinInstnId/Othr/Id,Id,Max35Text,1,1
pacs.002.001.12,/Document/FIToFIPmtStsRpt/TxInfAndSts/OrgnlTxRef/SttlmInf/InstgRmbrsmntAgt/FinInstnId/Othr/SchmeNm,SchmeNm,FinancialIdentificationSchemeName1Choice,0,1
pacs.002.001.12,/Document/FIToFIPmtStsRpt/TxInfAndSts/OrgnlTxRef/SttlmInf/InstgRmbrsmntAgt/FinInstnId/Othr/SchmeNm/Cd,Cd,ExternalFinancialInstitutionIdentification1Code,1,1
pacs.002.001.12,/Document/FIToFIPmtStsRpt/TxInfAndSts/OrgnlTxRef/SttlmInf/InstgRmbrsmntAgt/FinInstnId/Othr/SchmeNm/Prtry,Prtry,Max35Text,1,1
pacs.002.001.12,/Document/FIToFIPmtStsRpt/TxInfAndSts/OrgnlTxRef/SttlmInf/InstgRmbrsmntAgt/FinInstnId/Othr/Issr,Issr,Max35Text,0,1
pacs.002.001.12,/Document/FIToFIPmtStsRpt/TxInfAndSts/OrgnlTxRef/SttlmInf/InstgRmbrsmntAgt/BrnchId,BrnchId,BranchData3,0,1
pacs.002.001.12,/Document/FIToFIPmtStsRpt/TxInfAndSts/OrgnlTxRef/SttlmInf/InstgRmbrsmntAgt/BrnchId/Id,Id,Max35Text,0,1
pacs.002.001.12,/Document/FIToFIPmtStsRpt/TxInfAndSts/OrgnlTxRef/SttlmInf/InstgRmbrsmntAgt/BrnchId/LEI,LEI,LEIIdentifier,0,1
pacs.002.001.12,/Document/FIToFIPmtStsRpt/TxInfAndSts/OrgnlTxRef/SttlmInf/InstgRmbrsmntAgt/BrnchId/Nm,Nm,Max140Text,0,1
pacs.002.001.12,/Document/FIToFIPmtStsRpt/TxInfAndSts/OrgnlTxRef/SttlmInf/InstgRmbrsmntAgt/BrnchId/PstlAdr,PstlAdr,PostalAddress24,0,1
pacs.002.001.12,/Document/FIToFIPmtStsRpt/TxInfAndSts/OrgnlTxRef/SttlmInf/InstgRmbrsmntAgt/BrnchId/PstlAdr/AdrTp,AdrTp,AddressType3Choice,0,1
pacs.002.001.12,/Document/FIToFIPmtStsRpt/TxInfAndSts/OrgnlTxRef/SttlmInf/InstgRmbrsmntAgt/BrnchId/PstlAdr/AdrTp/Cd,Cd,AddressType2Code,1,1
pacs.002.001.12,/Document/FIToFIPmtStsRpt/TxInfAndSts/OrgnlTxRef/SttlmInf/InstgRmbrsmntAgt/BrnchId/PstlAdr/AdrTp/Prtry,Prtry,GenericIdentification30,1,1
pacs.002.001.12,/Document/FIToFIPmtStsRpt/TxInfAndSts/OrgnlTxRef/SttlmInf/InstgRmbrsmntAgt/BrnchId/PstlAdr/AdrTp/Prtry/Id,Id,Exact4AlphaNumericText,1,1
pacs.002.001.12,/Document/FIToFIPmtStsRpt/TxInfAndSts/OrgnlTxRef/SttlmInf/InstgRmbrsmntAgt/BrnchId/PstlAdr/AdrTp/Prtry/Issr,Issr,Max35Text,1,1
pacs.002.001.12,/Document/FIToFIPmtStsRpt/TxInfAndSts/OrgnlTxRef/SttlmInf/InstgRmbrsmntAgt/BrnchId/PstlAdr/AdrTp/Prtry/SchmeNm,SchmeNm,Max35Text,0,1
pacs.002.001.12,/Document/FIToFIPmtStsRpt/TxInfAndSts/OrgnlTxRef/SttlmInf/InstgRmbrsmntAgt/BrnchId/PstlAdr/Dept,Dept,Max70Text,0,1
pacs.002.001.12,/Document/FIToFIPmtStsRpt/TxInfAndSts/OrgnlTxRef/SttlmInf/InstgRmbrsmntAgt/BrnchId/PstlAdr/SubDept,SubDept,Max70Text,0,1
pacs.002.001.12,/Document/FIToFIPmtStsRpt/TxInfAndSts/OrgnlTxRef/SttlmInf/InstgRmbrsmntAgt/BrnchId/PstlAdr/StrtNm,StrtNm,Max70Text,0,1
pacs.002.001.12,/Document/FIToFIPmtStsRpt/TxInfAndSts/OrgnlTxRef/SttlmInf/InstgRmbrsmntAgt/BrnchId/PstlAdr/BldgNb,BldgNb,Max16Text,0,1
pacs.002.001.12,/Document/FIToFIPmtStsRpt/TxInfAndSts/OrgnlTxRef/SttlmInf/InstgRmbrsmntAgt/BrnchId/PstlAdr/BldgNm,BldgNm,Max35Text,0,1
pacs.002.001.12,/Document/FIToFIPmtStsRpt/TxInfAndSts/OrgnlTxRef/SttlmInf/InstgRmbrsmntAgt/BrnchId/PstlAdr/Flr,Flr,Max70Text,0,1
pacs.002.001.12,/Document/FIToFIPmtStsRpt/TxInfAndSts/OrgnlTxRef/SttlmInf/InstgRmbrsmntAgt/BrnchId/PstlAdr/PstBx,PstBx,Max16Text,0,1
pacs.002.001.12,/Document/FIToFIPmtStsRpt/TxInfAndSts/OrgnlTxRef/SttlmInf/InstgRmbrsmntAgt/BrnchId/PstlAdr/Room,Room,Max70Text,0,1
pacs.002.001.12,/Document/FIToFIPmtStsRpt/TxInfAndSts/OrgnlTxRef/SttlmInf/InstgRmbrsmntAgt/BrnchId/PstlAdr/PstCd,PstCd,Max16Text,0,1
pacs.002.001.12,/Document/FIToFIPmtStsRpt/TxInfAndSts/OrgnlTxRef/SttlmInf/InstgRmbrsmntAgt/BrnchId/PstlAdr/TwnNm,TwnNm,Max35Text,0,1
pacs.002.001.12,/Document/FIToFIPmtStsRpt/TxInfAndSts/OrgnlTxRef/SttlmInf/InstgRmbrsmntAgt/BrnchId/PstlAdr/TwnLctnNm,TwnLctnNm,Max35Text,0,1
pacs.002.001.12,/Document/FIToFIPmtStsRpt/TxInfAndSts/OrgnlTxRef/SttlmInf/InstgRmbrsmntAgt/BrnchId/PstlAdr/DstrctNm,DstrctNm,Max35Text,0,1
pacs.002.001.12,/Document/FIToFIPmtStsRpt/TxInfAndSts/OrgnlTxRef/SttlmInf/InstgRmbrsmntAgt/BrnchId/PstlAdr/CtrySubDvsn,CtrySubDvsn,Max35Text,0,1
pacs.002.001.12,/Document/FIToFIPmtStsRpt/TxInfAndSts/OrgnlTxRef/SttlmInf/InstgRmbrsmntAgt/BrnchId/PstlAdr/Ctry,Ctry,CountryCode,0,1
pacs.002.001.12,/Document/FIToFIPmtStsRpt/TxInfAndSts/OrgnlTxRef/SttlmInf/InstgRmbrsmntAgt/BrnchId/PstlAdr/AdrLine,AdrLine,Max70Text,0,7
pacs.002.001.12,/Document/FIToFIPmtStsRpt/TxInfAndSts/OrgnlTxRef/SttlmInf/InstgRmbrsmntAgtAcct,InstgRmbrsmntAgtAcct,CashAccount40,0,1
pacs.002.001.12,/Document/FIToFIPmtStsRpt/TxInfAndSts/OrgnlTxRef/SttlmInf/InstgRmbrsmntAgtAcct/Id,Id,AccountIdentification4Choice,0,1
pacs.002.001.12,/Document/FIToFIPmtStsRpt/TxInfAndSts/OrgnlTxRef/SttlmInf/InstgRmbrsmntAgtAcct/Id/IBAN,IBAN,IBAN2007Identifier,1,1
pacs.002.001.12,/Document/FIToFIPmtStsRpt/TxInfAndSts/OrgnlTxRef/SttlmInf/InstgRmbrsmntAgtAcct/Id/Othr,Othr,GenericAccountIdentification1,1,1
pacs.002.001.12,/Document/FIToFIPmtStsRpt/TxInfAndSts/OrgnlTxRef/SttlmInf/InstgRmbrsmntAgtAcct/Id/Othr/Id,Id,Max34Text,1,1
pacs.002.001.12,/Document/FIToFIPmtStsRpt/TxInfAndSts/OrgnlTxRef/SttlmInf/InstgRmbrsmntAgtAcct/Id/Othr/SchmeNm,SchmeNm,AccountSchemeName1Choice,0,1
pacs.002.001.12,/Document/FIToFIPmtStsRpt/TxInfAndSts/OrgnlTxRef/SttlmInf/InstgRmbrsmntAgtAcct/Id/Othr/SchmeNm/Cd,Cd,ExternalAccountIdentification1Code,1,1
pacs.002.001.12,/Document/FIToFIPmtStsRpt/TxInfAndSts/OrgnlTxRef/SttlmInf/InstgRmbrsmntAgtAcct/Id/Othr/SchmeNm/Prtry,Prtry,Max35Text,1,1
pacs.002.001.12,/Document/FIToFIPmtStsRpt/TxInfAndSts/OrgnlTxRef/SttlmInf/InstgRmbrsmntAgtAcct/Id/Othr/Issr,Issr,Max35Text,0,1
pacs.002.001.12,/Document/FIToFIPmtStsRpt/TxInfAndSts/OrgnlTxRef/SttlmInf/InstgRmbrsmntAgtAcct/Tp,Tp,CashAccountType2Choice,0,1
pacs.002.001.12,/Document/FIToFIPmtStsRpt/TxInfAndSts/OrgnlTxRef/SttlmInf/InstgRmbrsmntAgtAcct/Tp/Cd,Cd,ExternalCashAccountType1Code,1,1
pacs.002.001.12,/Document/FIToFIPmtStsRpt/TxInfAndSts/OrgnlTxRef/SttlmInf/InstgRmbrsmntAgtAcct/Tp/Prtry,Prtry,Max35Text,1,1
pacs.002.001.12,/Document/FIToFIPmtStsRpt/TxInfAndSts/OrgnlTxRef/SttlmInf/InstgRmbrsmntAgtAcct/Ccy,Ccy,ActiveOrHistoricCurrencyCode,0,1
pacs.002.001.12,/Document/FIToFIPmtStsRpt/TxInfAndSts/OrgnlTxRef/SttlmInf/InstgRmbrsmntAgtAcct/Nm,Nm,Max70Text,0,1
pacs.002.001.12,/Document/FIToFIPmtStsRpt/TxInfAndSts/OrgnlTxRef/SttlmInf/InstgRmbrsmntAgtAcct/Prxy,Prxy,ProxyAccountIdentification1,0,1
pacs.002.001.12,/Document/FIToFIPmtStsRpt/TxInfAndSts/OrgnlTxRef/SttlmInf/InstgRmbrsmntAgtAcct/Prxy/Tp,Tp,ProxyAccountType1Choice,0,1
pacs.002.001.12,/Document/FIToFIPmtStsRpt/TxInfAndSts/OrgnlTxRef/SttlmInf/InstgRmbrsmntAgtAcct/Prxy/Tp/Cd,Cd,ExternalProxyAccountType1Code,1,1
pacs.002.001.12,/Document/FIToFIPmtStsRpt/TxInfAndSts/OrgnlTxRef/SttlmInf/InstgRmbrsmntAgtAcct/Prxy/Tp/Prtry,Prtry,Max35Text,1,1
pacs.002.001.12,/Document/FIToFIPmtStsRpt/TxInfAndSts/OrgnlTxRef/SttlmInf/InstgRmbrsmntAgtAcct/Prxy/Id,Id,Max2048Text,1,1
pacs.002.001.12,/Document/FIToFIPmtStsRpt/TxInfAndSts/OrgnlTxRef/SttlmInf/InstdRmbrsmntAgt,InstdRmbrsmntAgt,BranchAndFinancialInstitutionIdentification6,0,1
pacs.002.001.12,/Document/FIToFIPmtStsRpt/TxInfAndSts/OrgnlTxRef/SttlmInf/InstdRmbrsmntAgt/FinInstnId,FinInstnId,FinancialInstitutionIdentification18,1,1
pacs.002.001.12,/Document/FIToFIPmtStsRpt/TxInfAndSts/OrgnlTxRef/SttlmInf/InstdRmbrsmntAgt/FinInstnId/BICFI,BICFI,BICFIDec2014Identifier,0,1
pacs.002.001.12,/Document/FIToFIPmtStsRpt/TxInfAndSts/OrgnlTxRef/SttlmInf/InstdRmbrsmntAgt/FinInstnId/ClrSysMmbId,ClrSysMmbId,ClearingSystemMemberIdentification2,0,1
pacs.002.001.12,/Document/FIToFIPmtStsRpt/TxInfAndSts/OrgnlTxRef/SttlmInf/InstdRmbrsmntAgt/FinInstnId/ClrSysMmbId/ClrSysId,ClrSysId,ClearingSystemIdentification2Choice,0,1
pacs.002.001.12,/Document/FIToFIPmtStsRpt/TxInfAndSts/OrgnlTxRef/SttlmInf/InstdRmbrsmntAgt/FinInstnId/ClrSysMmbId/ClrSysId/Cd,Cd,ExternalClearingSystemIdentification1Code,1,1
pacs.002.001.12,/Document/FIToFIPmtStsRpt/TxInfAndSts/OrgnlTxRef/SttlmInf/InstdRmbrsmntAgt/FinInstnId/ClrSysMmbId/ClrSysId/Prtry,Prtry,Max35Text,1,1
pacs.002.001.12,/Document/FIToFIPmtStsRpt/TxInfAndSts/OrgnlTxRef/SttlmInf/InstdRmbrsmntAgt/FinInstnId/ClrSysMmbId/MmbId,MmbId,Max35Text,1,1
pacs.002.001.12,/Document/FIToFIPmtStsRpt/TxInfAndSts/OrgnlTxRef/SttlmInf/InstdRmbrsmntAgt/FinInstnId/LEI,LEI,LEIIdentifier,0,1
pacs.002.001.12,/Document/FIToFIPmtStsRpt/TxInfAndSts/OrgnlTxRef/SttlmInf/InstdRmbrsmntAgt/FinInstnId/Nm,Nm,Max140Text,0,1
pacs.002.001.12,/Document/FIToFIPmtStsRpt/TxInfAndSts/OrgnlTxRef/SttlmInf/InstdRmbrsmntAgt/FinInstnId/PstlAdr,PstlAdr,PostalAddress24,0,1
pacs.002.001.12,/Document/FIToFIPmtStsRpt/TxInfAndSts/OrgnlTxRef/SttlmInf/InstdRmbrsmntAgt/FinInstnId/PstlAdr/AdrTp,AdrTp,AddressType3Choice,0,1
pacs.002.001.12,/Document/FIToFIPmtStsRpt/TxInfAndSts/OrgnlTxRef/SttlmInf/InstdRmbrsmntAgt/FinInstnId/PstlAdr/AdrTp/Cd,Cd,AddressType2Code,1,1
pacs.002.001.12,/Document/FIToFIPmtStsRpt/TxInfAndSts/OrgnlTxRef/SttlmInf/InstdRmbrsmntAgt/FinInstnId/PstlAdr/AdrTp/Prtry,Prtry,GenericIdentification30,1,1
pacs.002.001.12,/Document/FIToFIPmtStsRpt/TxInfAndSts/OrgnlTxRef/SttlmInf/InstdRmbrsmntAgt/FinInstnId/PstlAdr/AdrTp/Prtry/Id,Id,Exact4AlphaNumericText,1,1
pacs.002.001.12,/Document/FIToFIPmtStsRpt/TxInfAndSts/OrgnlTxRef/SttlmInf/InstdRmbrsmntAgt/FinInstnId/PstlAdr/AdrTp/Prtry/Issr,Issr,Max35Text,1,1
pacs.002.001.12,/Document/FIToFIPmtStsRpt/TxInfAndSts/OrgnlTxRef/SttlmInf/InstdRmbrsmntAgt/FinInstnId/PstlAdr/AdrTp/Prtry/SchmeNm,SchmeNm,Max35Text,0,1
pacs.002.001.12,/Document/FIToFIPmtStsRpt/TxInfAndSts/OrgnlTxRef/SttlmInf/InstdRmbrsmntAgt/FinInstnId/PstlAdr/Dept,Dept,Max70Text,0,1
pacs.002.001.12,/Document/FIToFIPmtStsRpt/TxInfAndSts/OrgnlTxRef/SttlmInf/InstdRmbrsmntAgt/FinInstnId/PstlAdr/SubDept,SubDept,Max70Text,0,1
pacs.002.001.12,/Document/FIToFIPmtStsRpt/TxInfAndSts/OrgnlTxRef/SttlmInf/InstdRmbrsmntAgt/FinInstnId/PstlAdr/StrtNm,StrtNm,Max70Text,0,1
pacs.002.001.12,/Document/FIToFIPmtStsRpt/TxInfAndSts/OrgnlTxRef/SttlmInf/InstdRmbrsmntAgt/FinInstnId/PstlAdr/BldgNb,BldgNb,Max16Text,0,1
pacs.002.001.12,/Document/FIToFIPmtStsRpt/TxInfAndSts/OrgnlTxRef/SttlmInf/InstdRmbrsmntAgt/FinInstnId/PstlAdr/BldgNm,BldgNm,Max35Text,0,1
pacs.002.001.12,/Document/FIToFIPmtStsRpt/TxInfAndSts/OrgnlTxRef/SttlmInf/InstdRmbrsmntAgt/FinInstnId/PstlAdr/Flr,Flr,Max70Text,0,1
pacs.002.001.12,/Document/FIToFIPmtStsRpt/TxInfAndSts/OrgnlTxRef/SttlmInf/InstdRmbrsmntAgt/FinInstnId/PstlAdr/PstBx,PstBx,Max16Text,0,1
pacs.002.001.12,/Document/FIToFIPmtStsRpt/TxInfAndSts/OrgnlTxRef/SttlmInf/InstdRmbrsmntAgt/FinInstnId/PstlAdr/Room,Room,Max70Text,0,1
pacs.002.001.12,/Document/FIToFIPmtStsRpt/TxInfAndSts/OrgnlTxRef/SttlmInf/InstdRmbrsmntAgt/FinInstnId/PstlAdr/PstCd,PstCd,Max16Text,0,1
pacs.002.001.12,/Document/FIToFIPmtStsRpt/TxInfAndSts/OrgnlTxRef/SttlmInf/InstdRmbrsmntAgt/FinInstnId/PstlAdr/TwnNm,TwnNm,Max35Text,0,1
pacs.002.001.12,/Document/FIToFIPmtStsRpt/TxInfAndSts/OrgnlTxRef/SttlmInf/InstdRmbrsmntAgt/FinInstnId/PstlAdr/TwnLctnNm,TwnLctnNm,Max35Text,0,1
pacs.002.001.12,/Document/FIToFIPmtStsRpt/TxInfAndSts/OrgnlTxRef/SttlmInf/InstdRmbrsmntAgt/FinInstnId/PstlAdr/DstrctNm,DstrctNm,Max35Text,0,1
pacs.002.001.12,/Document/FIToFIPmtStsRpt/TxInfAndSts/OrgnlTxRef/SttlmInf/InstdRmbrsmntAgt/FinInstnId/PstlAdr/CtrySubDvsn,CtrySubDvsn,Max35Text,0,1
pacs.002.001.12,/Document/FIToFIPmtStsRpt/TxInfAndSts/OrgnlTxRef/SttlmInf/InstdRmbrsmntAgt/FinInstnId/PstlAdr/Ctry,Ctry,CountryCode,0,1
pacs.002.001.12,/Document/FIToFIPmtStsRpt/TxInfAndSts/OrgnlTxRef/SttlmInf/InstdRmbrsmntAgt/FinInstnId/PstlAdr/AdrLine,AdrLine,Max70Text,0,7
pacs.002.001.12,/Document/FIToFIPmtStsRpt/TxInfAndSts/OrgnlTxRef/SttlmInf/InstdRmbrsmntAgt/FinInstnId/Othr,Othr,GenericFinancialIdentification1,0,1
pacs.002.001.12,/Document/FIToFIPmtStsRpt/TxInfAndSts/OrgnlTxRef/SttlmInf/InstdRmbrsmntAgt/FinInstnId/Othr/Id,Id,Max35Text,1,1
pacs.002.001.12,/Document/FIToFIPmtStsRpt/TxInfAndSts/OrgnlTxRef/SttlmInf/InstdRmbrsmntAgt/FinInstnId/Othr/SchmeNm,SchmeNm,FinancialIdentificationSchemeName1Choice,0,1
pacs.002.001.12,/Document/FIToFIPmtStsRpt/TxInfAndSts/OrgnlTxRef/SttlmInf/InstdRmbrsmntAgt/FinInstnId/Othr/SchmeNm/Cd,Cd,ExternalFinancialInstitutionIdentification1Code,1,1
pacs.002.001.12,/Document/FIToFIPmtStsRpt/TxInfAndSts/OrgnlTxRef/SttlmInf/InstdRmbrsmntAgt/FinInstnId/Othr/SchmeNm/Prtry,Prtry,Max35Text,1,1
pacs.002.001.12,/Document/FIToFIPmtStsRpt/TxInfAndSts/OrgnlTxRef/SttlmInf/InstdRmbrsmntAgt/FinInstnId/Othr/Issr,Issr,Max35Text,0,1
pacs.002.001.12,/Document/FIToFIPmtStsRpt/TxInfAndSts/OrgnlTxRef/SttlmInf/InstdRmbrsmntAgt/BrnchId,BrnchId,BranchData3,0,1
pacs.002.001.12,/Document/FIToFIPmtStsRpt/TxInfAndSts/OrgnlTxRef/SttlmInf/InstdRmbrsmntAgt/BrnchId/Id,Id,Max35Text,0,1
pacs.002.001.12,/Document/FIToFIPmtStsRpt/TxInfAndSts/OrgnlTxRef/SttlmInf/InstdRmbrsmntAgt/BrnchId/LEI,LEI,LEIIdentifier,0,1
pacs.002.001.12,/Document/FIToFIPmtStsRpt/TxInfAndSts/OrgnlTxRef/SttlmInf/InstdRmbrsmntAgt/BrnchId/Nm,Nm,Max140Text,0,1
pacs.002.001.12,/Document/FIToFIPmtStsRpt/TxInfAndSts/OrgnlTxRef/SttlmInf/InstdRmbrsmntAgt/BrnchId/PstlAdr,PstlAdr,PostalAddress24,0,1
pacs.002.001.12,/Document/FIToFIPmtStsRpt/TxInfAndSts/OrgnlTxRef/SttlmInf/InstdRmbrsmntAgt/BrnchId/PstlAdr/AdrTp,AdrTp,AddressType3Choice,0,1
pacs.002.001.12,/Document/FIToFIPmtStsRpt/TxInfAndSts/OrgnlTxRef/SttlmInf/InstdRmbrsmntAgt/BrnchId/PstlAdr/AdrTp/Cd,Cd,AddressType2Code,1,1
pacs.002.001.12,/Document/FIToFIPmtStsRpt/TxInfAndSts/OrgnlTxRef/SttlmInf/InstdRmbrsmntAgt/BrnchId/PstlAdr/AdrTp/Prtry,Prtry,GenericIdentification30,1,1
pacs.002.001.12,/Document/FIToFIPmtStsRpt/TxInfAndSts/OrgnlTxRef/SttlmInf/InstdRmbrsmntAgt/BrnchId/PstlAdr/AdrTp/Prtry/Id,Id,Exact4AlphaNumericText,1,1
pacs.002.001.12,/Document/FIToFIPmtStsRpt/TxInfAndSts/OrgnlTxRef/SttlmInf/InstdRmbrsmntAgt/BrnchId/PstlAdr/AdrTp/Prtry/Issr,Issr,Max35Text,1,1
pacs.002.001.12,/Document/FIToFIPmtStsRpt/TxInfAndSts/OrgnlTxRef/SttlmInf/InstdRmbrsmntAgt/BrnchId/PstlAdr/AdrTp/Prtry/SchmeNm,SchmeNm,Max35Text,0,1
pacs.002.001.12,/Document/FIToFIPmtStsRpt/TxInfAndSts/OrgnlTxRef/SttlmInf/InstdRmbrsmntAgt/BrnchId/PstlAdr/Dept,Dept,Max70Text,0,1
pacs.002.001.12,/Document/FIToFIPmtStsRpt/TxInfAndSts/OrgnlTxRef/SttlmInf/InstdRmbrsmntAgt/BrnchId/PstlAdr/SubDept,SubDept,Max70Text,0,1
pacs.002.001.12,/Document/FIToFIPmtStsRpt/TxInfAndSts/OrgnlTxRef/SttlmInf/InstdRmbrsmntAgt/BrnchId/PstlAdr/StrtNm,StrtNm,Max70Text,0,1
pacs.002.001.12,/Document/FIToFIPmtStsRpt/TxInfAndSts/OrgnlTxRef/SttlmInf/InstdRmbrsmntAgt/BrnchId/PstlAdr/BldgNb,BldgNb,Max16Text,0,1
pacs.002.001.12,/Document/FIToFIPmtStsRpt/TxInfAndSts/OrgnlTxRef/SttlmInf/InstdRmbrsmntAgt/BrnchId/PstlAdr/BldgNm,BldgNm,Max35Text,0,1
pacs.002.001.12,/Document/FIToFIPmtStsRpt/TxInfAndSts/OrgnlTxRef/SttlmInf/InstdRmbrsmntAgt/BrnchId/PstlAdr/Flr,Flr,Max70Text,0,1
pacs.002.001.12,/Document/FIToFIPmtStsRpt/TxInfAndSts/OrgnlTxRef/SttlmInf/InstdRmbrsmntAgt/BrnchId/PstlAdr/PstBx,PstBx,Max16Text,0,1
pacs.002.001.12,/Document/FIToFIPmtStsRpt/TxInfAndSts/OrgnlTxRef/SttlmInf/InstdRmbrsmntAgt/BrnchId/PstlAdr/Room,Room,Max70Text,0,1
pacs.002.001.12,/Document/FIToFIPmtStsRpt/TxInfAndSts/OrgnlTxRef/SttlmInf/InstdRmbrsmntAgt/BrnchId/PstlAdr/PstCd,PstCd,Max16Text,0,1
pacs.002.001.12,/Document/FIToFIPmtStsRpt/TxInfAndSts/OrgnlTxRef/SttlmInf/InstdRmbrsmntAgt/BrnchId/PstlAdr/TwnNm,TwnNm,Max35Text,0,1
pacs.002.001.12,/Document/FIToFIPmtStsRpt/TxInfAndSts/OrgnlTxRef/SttlmInf/InstdRmbrsmntAgt/BrnchId/PstlAdr/TwnLctnNm,TwnLctnNm,Max35Text,0,1
pacs.002.001.12,/Document/FIToFIPmtStsRpt/TxInfAndSts/OrgnlTxRef/SttlmInf/InstdRmbrsmntAgt/BrnchId/PstlAdr/DstrctNm,DstrctNm,Max35Text,0,1
pacs.002.001.12,/Document/FIToFIPmtStsRpt/TxInfAndSts/OrgnlTxRef/SttlmInf/InstdRmbrsmntAgt/BrnchId/PstlAdr/CtrySubDvsn,CtrySubDvsn,Max35Text,0,1
pacs.002.001.12,/Document/FIToFIPmtStsRpt/TxInfAndSts/OrgnlTxRef/SttlmInf/InstdRmbrsmntAgt/BrnchId/PstlAdr/Ctry,Ctry,CountryCode,0,1
pacs.002.001.12,/Document/FIToFIPmtStsRpt/TxInfAndSts/OrgnlTxRef/SttlmInf/InstdRmbrsmntAgt/BrnchId/PstlAdr/AdrLine,AdrLine,Max70Text,0,7
pacs.002.001.12,/Document/FIToFIPmtStsRpt/TxInfAndSts/OrgnlTxRef/SttlmInf/InstdRmbrsmntAgtAcct,InstdRmbrsmntAgtAcct,CashAccount40,0,1
pacs.002.001.12,/Document/FIToFIPmtStsRpt/TxInfAndSts/OrgnlTxRef/SttlmInf/InstdRmbrsmntAgtAcct/Id,Id,AccountIdentification4Choice,0,1
pacs.002.001.12,/Document/FIToFIPmtStsRpt/TxInfAndSts/OrgnlTxRef/SttlmInf/InstdRmbrsmntAgtAcct/Id/IBAN,IBAN,IBAN2007Identifier,1,1
pacs.002.001.12,/Document/FIToFIPmtStsRpt/TxInfAndSts/OrgnlTxRef/SttlmInf/InstdRmbrsmntAgtAcct/Id/Othr,Othr,GenericAccountIdentification1,1,1
pacs.002.001.12,/Document/FIToFIPmtStsRpt/TxInfAndSts/OrgnlTxRef/SttlmInf/InstdRmbrsmntAgtAcct/Id/Othr/Id,Id,Max34Text,1,1
pacs.002.001.12,/Document/FIToFIPmtStsRpt/TxInfAndSts/OrgnlTxRef/SttlmInf/InstdRmbrsmntAgtAcct/Id/Othr/SchmeNm,SchmeNm,AccountSchemeName1Choice,0,1
pacs.002.001.12,/Document/FIToFIPmtStsRpt/TxInfAndSts/OrgnlTxRef/SttlmInf/InstdRmbrsmntAgtAcct/Id/Othr/SchmeNm/Cd,Cd,ExternalAccountIdentification1Code,1,1
pacs.002.001.12,/Document/FIToFIPmtStsRpt/TxInfAndSts/OrgnlTxRef/SttlmInf/InstdRmbrsmntAgtAcct/Id/Othr/SchmeNm/Prtry,Prtry,Max35Text,1,1
pacs.002.001.12,/Document/FIToFIPmtStsRpt/TxInfAndSts/OrgnlTxRef/SttlmInf/InstdRmbrsmntAgtAcct/Id/Othr/Issr,Issr,Max35Text,0,1
pacs.002.001.12,/Document/FIToFIPmtStsRpt/TxInfAndSts/OrgnlTxRef/SttlmInf/InstdRmbrsmntAgtAcct/Tp,Tp,CashAccountType2Choice,0,1
pacs.002.001.12,/Document/FIToFIPmtStsRpt/TxInfAndSts/OrgnlTxRef/SttlmInf/InstdRmbrsmntAgtAcct/Tp/Cd,Cd,ExternalCashAccountType1Code,1,1
pacs.002.001.12,/Document/FIToFIPmtStsRpt/TxInfAndSts/OrgnlTxRef/SttlmInf/InstdRmbrsmntAgtAcct/Tp/Prtry,Prtry,Max35Text,1,1
pacs.002.001.12,/Document/FIToFIPmtStsRpt/TxInfAndSts/OrgnlTxRef/SttlmInf/InstdRmbrsmntAgtAcct/Ccy,Ccy,ActiveOrHistoricCurrencyCode,0,1
pacs.002.001.12,/Document/FIToFIPmtStsRpt/TxInfAndSts/OrgnlTxRef/SttlmInf/InstdRmbrsmntAgtAcct/Nm,Nm,Max70Text,0,1
pacs.002.001.12,/Document/FIToFIPmtStsRpt/TxInfAndSts/OrgnlTxRef/SttlmInf/InstdRmbrsmntAgtAcct/Prxy,Prxy,ProxyAccountIdentification1,0,1
pacs.002.001.12,/Document/FIToFIPmtStsRpt/TxInfAndSts/OrgnlTxRef/SttlmInf/InstdRmbrsmntAgtAcct/Prxy/Tp,Tp,ProxyAccountType1Choice,0,1
pacs.002.001.12,/Document/FIToFIPmtStsRpt/TxInfAndSts/OrgnlTxRef/SttlmInf/InstdRmbrsmntAgtAcct/Prxy/Tp/Cd,Cd,ExternalProxyAccountType1Code,1,1
pacs.002.001.12,/Document/FIToFIPmtStsRpt/TxInfAndSts/OrgnlTxRef/SttlmInf/InstdRmbrsmntAgtAcct/Prxy/Tp/Prtry,Prtry,Max35Text,1,1
pacs.002.001.12,/Document/FIToFIPmtStsRpt/TxInfAndSts/OrgnlTxRef/SttlmInf/InstdRmbrsmntAgtAcct/Prxy/Id,Id,Max2048Text,1,1
pacs.002.001.12,/Document/FIToFIPmtStsRpt/TxInfAndSts/OrgnlTxRef/SttlmInf/ThrdRmbrsmntAgt,ThrdRmbrsmntAgt,BranchAndFinancialInstitutionIdentification6,0,1
pacs.002.001.12,/Document/FIToFIPmtStsRpt/TxInfAndSts/OrgnlTxRef/SttlmInf/ThrdRmbrsmntAgt/FinInstnId,FinInstnId,FinancialInstitutionIdentification18,1,1
pacs.002.001.12,/Document/FIToFIPmtStsRpt/TxInfAndSts/OrgnlTxRef/SttlmInf/ThrdRmbrsmntAgt/FinInstnId/BICFI,BICFI,BICFIDec2014Identifier,0,1
pacs.002.001.12,/Document/FIToFIPmtStsRpt/TxInfAndSts/OrgnlTxRef/SttlmInf/ThrdRmbrsmntAgt/FinInstnId/ClrSysMmbId,ClrSysMmbId,ClearingSystemMemberIdentification2,0,1
pacs.002.001.12,/Document/FIToFIPmtStsRpt/TxInfAndSts/OrgnlTxRef/SttlmInf/ThrdRmbrsmntAgt/FinInstnId/ClrSysMmbId/ClrSysId,ClrSysId,ClearingSystemIdentification2Choice,0,1
pacs.002.001.12,/Document/FIToFIPmtStsRpt/TxInfAndSts/OrgnlTxRef/SttlmInf/ThrdRmbrsmntAgt/FinInstnId/ClrSysMmbId/ClrSysId/Cd,Cd,ExternalClearingSystemIdentification1Code,1,1
pacs.002.001.12,/Document/FIToFIPmtStsRpt/TxInfAndSts/OrgnlTxRef/SttlmInf/ThrdRmbrsmntAgt/FinInstnId/ClrSysMmbId/ClrSysId/Prtry,Prtry,Max35Text,1,1
pacs.002.001.12,/Document/FIToFIPmtStsRpt/TxInfAndSts/OrgnlTxRef/SttlmInf/ThrdRmbrsmntAgt/FinInstnId/ClrSysMmbId/MmbId,MmbId,Max35Text,1,1
pacs.002.001.12,/Document/FIToFIPmtStsRpt/TxInfAndSts/OrgnlTxRef/SttlmInf/ThrdRmbrsmntAgt/FinInstnId/LEI,LEI,LEIIdentifier,0,1
pacs.002.001.12,/Document/FIToFIPmtStsRpt/TxInfAndSts/OrgnlTxRef/SttlmInf/ThrdRmbrsmntAgt/FinInstnId/Nm,Nm,Max140Text,0,1
pacs.002.001.12,/Document/FIToFIPmtStsRpt/TxInfAndSts/OrgnlTxRef/SttlmInf/ThrdRmbrsmntAgt/FinInstnId/PstlAdr,PstlAdr,PostalAddress24,0,1
pacs.002.001.12,/Document/FIToFIPmtStsRpt/TxInfAndSts/OrgnlTxRef/SttlmInf/ThrdRmbrsmntAgt/FinInstnId/PstlAdr/AdrTp,AdrTp,AddressType3Choice,0,1
pacs.002.001.12,/Document/FIToFIPmtStsRpt/TxInfAndSts/OrgnlTxRef/SttlmInf/ThrdRmbrsmntAgt/FinInstnId/PstlAdr/AdrTp/Cd,Cd,AddressType2Code,1,1
pacs.002.001.12,/Document/FIToFIPmtStsRpt/TxInfAndSts/OrgnlTxRef/SttlmInf/ThrdRmbrsmntAgt/FinInstnId/PstlAdr/AdrTp/Prtry,Prtry,GenericIdentification30,1,1
pacs.002.001.12,/Document/FIToFIPmtStsRpt/TxInfAndSts/OrgnlTxRef/SttlmInf/ThrdRmbrsmntAgt/FinInstnId/PstlAdr/AdrTp/Prtry/Id,Id,Exact4AlphaNumericText,1,1
pacs.002.001.12,/Document/FIToFIPmtStsRpt/TxInfAndSts/OrgnlTxRef/SttlmInf/ThrdRmbrsmntAgt/FinInstnId/PstlAdr/AdrTp/Prtry/Issr,Issr,Max35Text,1,1
pacs.002.001.12,/Document/FIToFIPmtStsRpt/TxInfAndSts/OrgnlTxRef/SttlmInf/ThrdRmbrsmntAgt/FinInstnId/PstlAdr/AdrTp/Prtry/SchmeNm,SchmeNm,Max35Text,0,1
pacs.002.001.12,/Document/FIToFIPmtStsRpt/TxInfAndSts/OrgnlTxRef/SttlmInf/ThrdRmbrsmntAgt/FinInstnId/PstlAdr/Dept,Dept,Max70Text,0,1
pacs.002.001.12,/Document/FIToFIPmtStsRpt/TxInfAndSts/OrgnlTxRef/SttlmInf/ThrdRmbrsmntAgt/FinInstnId/PstlAdr/SubDept,SubDept,Max70Text,0,1
pacs.002.001.12,/Document/FIToFIPmtStsRpt/TxInfAndSts/OrgnlTxRef/SttlmInf/ThrdRmbrsmntAgt/FinInstnId/PstlAdr/StrtNm,StrtNm,Max70Text,0,1
pacs.002.001.12,/Document/FIToFIPmtStsRpt/TxInfAndSts/OrgnlTxRef/SttlmInf/ThrdRmbrsmntAgt/FinInstnId/PstlAdr/BldgNb,BldgNb,Max16Text,0,1
pacs.002.001.12,/Document/FIToFIPmtStsRpt/TxInfAndSts/OrgnlTxRef/SttlmInf/ThrdRmbrsmntAgt/FinInstnId/PstlAdr/BldgNm,BldgNm,Max35Text,0,1
pacs.002.001.12,/Document/FIToFIPmtStsRpt/TxInfAndSts/OrgnlTxRef/SttlmInf/ThrdRmbrsmntAgt/FinInstnId/PstlAdr/Flr,Flr,Max70Text,0,1
pacs.002.001.12,/Document/FIToFIPmtStsRpt/TxInfAndSts/OrgnlTxRef/SttlmInf/ThrdRmbrsmntAgt/FinInstnId/PstlAdr/PstBx,PstBx,Max16Text,0,1
pacs.002.001.12,/Document/FIToFIPmtStsRpt/TxInfAndSts/OrgnlTxRef/SttlmInf/ThrdRmbrsmntAgt/FinInstnId/PstlAdr/Room,Room,Max70Text,0,1
pacs.002.001.12,/Document/FIToFIPmtStsRpt/TxInfAndSts/OrgnlTxRef/SttlmInf/ThrdRmbrsmntAgt/FinInstnId/PstlAdr/PstCd,PstCd,Max16Text,0,1
pacs.002.001.12,/Document/FIToFIPmtStsRpt/TxInfAndSts/OrgnlTxRef/SttlmInf/ThrdRmbrsmntAgt/FinInstnId/PstlAdr/TwnNm,TwnNm,Max35Text,0,1
pacs.002.001.12,/Document/FIToFIPmtStsRpt/TxInfAndSts/OrgnlTxRef/SttlmInf/ThrdRmbrsmntAgt/FinInstnId/PstlAdr/TwnLctnNm,TwnLctnNm,Max35Text,0,1
pacs.002.001.12,/Document/FIToFIPmtStsRpt/TxInfAndSts/OrgnlTxRef/SttlmInf/ThrdRmbrsmntAgt/FinInstnId/PstlAdr/DstrctNm,DstrctNm,Max35Text,0,1
pacs.002.001.12,/Document/FIToFIPmtStsRpt/TxInfAndSts/OrgnlTxRef/SttlmInf/ThrdRmbrsmntAgt/FinInstnId/PstlAdr/CtrySubDvsn,CtrySubDvsn,Max35Text,0,1
pacs.002.001.12,/Document/FIToFIPmtStsRpt/TxInfAndSts/OrgnlTxRef/SttlmInf/ThrdRmbrsmntAgt/FinInstnId/PstlAdr/Ctry,Ctry,CountryCode,0,1
pacs.002.001.12,/Document/FIToFIPmtStsRpt/TxInfAndSts/OrgnlTxRef/SttlmInf/ThrdRmbrsmntAgt/FinInstnId/PstlAdr/AdrLine,AdrLine,Max70Text,0,7
pacs.002.001.12,/Document/FIToFIPmtStsRpt/TxInfAndSts/OrgnlTxRef/SttlmInf/ThrdRmbrsmntAgt/FinInstnId/Othr,Othr,GenericFinancialIdentification1,0,1
pacs.002.001.12,/Document/FIToFIPmtStsRpt/TxInfAndSts/OrgnlTxRef/SttlmInf/ThrdRmbrsmntAgt/FinInstnId/Othr/Id,Id,Max35Text,1,1
pacs.002.001.12,/Document/FIToFIPmtStsRpt/TxInfAndSts/OrgnlTxRef/SttlmInf/ThrdRmbrsmntAgt/FinInstnId/Othr/SchmeNm,SchmeNm,FinancialIdentificationSchemeName1Choice,0,1
pacs.002.001.12,/Document/FIToFIPmtStsRpt/TxInfAndSts/OrgnlTxRef/SttlmInf/ThrdRmbrsmntAgt/FinInstnId/Othr/SchmeNm/Cd,Cd,ExternalFinancialInstitutionIdentification1Code,1,1
pacs.002.001.12,/Document/FIToFIPmtStsRpt/TxInfAndSts/OrgnlTxRef/SttlmInf/ThrdRmbrsmntAgt/FinInstnId/Othr/SchmeNm/Prtry,Prtry,Max35Text,1,1
pacs.002.001.12,/Document/FIToFIPmtStsRpt/TxInfAndSts/OrgnlTxRef/SttlmInf/ThrdRmbrsmntAgt/FinInstnId/Othr/Issr,Issr,Max35Text,0,1
pacs.002.001.12,/Document/FIToFIPmtStsRpt/TxInfAndSts/OrgnlTxRef/SttlmInf/ThrdRmbrsmntAgt/BrnchId,BrnchId,BranchData3,0,1
pacs.002.001.12,/Document/FIToFIPmtStsRpt/TxInfAndSts/OrgnlTxRef/SttlmInf/ThrdRmbrsmntAgt/BrnchId/Id,Id,Max35Text,0,1
pacs.002.001.12,/Document/FIToFIPmtStsRpt/TxInfAndSts/OrgnlTxRef/SttlmInf/ThrdRmbrsmntAgt/BrnchId/LEI,LEI,LEIIdentifier,0,1
pacs.002.001.12,/Document/FIToFIPmtStsRpt/TxInfAndSts/OrgnlTxRef/SttlmInf/ThrdRmbrsmntAgt/BrnchId/Nm,Nm,Max140Text,0,1
pacs.002.001.12,/Document/FIToFIPmtStsRpt/TxInfAndSts/OrgnlTxRef/SttlmInf/ThrdRmbrsmntAgt/BrnchId/PstlAdr,PstlAdr,PostalAddress24,0,1
pacs.002.001.12,/Document/FIToFIPmtStsRpt/TxInfAndSts/OrgnlTxRef/SttlmInf/ThrdRmbrsmntAgt/BrnchId/PstlAdr/AdrTp,AdrTp,AddressType3Choice,0,1
pacs.002.001.12,/Document/FIToFIPmtStsRpt/TxInfAndSts/OrgnlTxRef/SttlmInf/ThrdRmbrsmntAgt/BrnchId/PstlAdr/AdrTp/Cd,Cd,AddressType2Code,1,1
pacs.002.001.12,/Document/FIToFIPmtStsRpt/TxInfAndSts/OrgnlTxRef/SttlmInf/ThrdRmbrsmntAgt/BrnchId/PstlAdr/AdrTp/Prtry,Prtry,GenericIdentification30,1,1
pacs.002.001.12,/Document/FIToFIPmtStsRpt/TxInfAndSts/OrgnlTxRef/SttlmInf/ThrdRmbrsmntAgt/BrnchId/PstlAdr/AdrTp/Prtry/Id,Id,Exact4AlphaNumericText,1,1
pacs.002.001.12,/Document/FIToFIPmtStsRpt/TxInfAndSts/OrgnlTxRef/SttlmInf/ThrdRmbrsmntAgt/BrnchId/PstlAdr/AdrTp/Prtry/Issr,Issr,Max35Text,1,1
pacs.002.001.12,/Document/FIToFIPmtStsRpt/TxInfAndSts/OrgnlTxRef/SttlmInf/ThrdRmbrsmntAgt/BrnchId/PstlAdr/AdrTp/Prtry/SchmeNm,SchmeNm,Max35Text,0,1
pacs.002.001.12,/Document/FIToFIPmtStsRpt/TxInfAndSts/OrgnlTxRef/SttlmInf/ThrdRmbrsmntAgt/BrnchId/PstlAdr/Dept,Dept,Max70Text,0,1
pacs.002.001.12,/Document/FIToFIPmtStsRpt/TxInfAndSts/OrgnlTxRef/SttlmInf/ThrdRmbrsmntAgt/BrnchId/PstlAdr/SubDept,SubDept,Max70Text,0,1
pacs.002.001.12,/Document/FIToFIPmtStsRpt/TxInfAndSts/OrgnlTxRef/SttlmInf/ThrdRmbrsmntAgt/BrnchId/PstlAdr/StrtNm,StrtNm,Max70Text,0,1
pacs.002.001.12,/Document/FIToFIPmtStsRpt/TxInfAndSts/OrgnlTxRef/SttlmInf/ThrdRmbrsmntAgt/BrnchId/PstlAdr/BldgNb,BldgNb,Max16Text,0,1
pacs.002.001.12,/Document/FIToFIPmtStsRpt/TxInfAndSts/OrgnlTxRef/SttlmInf/ThrdRmbrsmntAgt/BrnchId/PstlAdr/BldgNm,BldgNm,Max35Text,0,1
pacs.002.001.12,/Document/FIToFIPmtStsRpt/TxInfAndSts/OrgnlTxRef/SttlmInf/ThrdRmbrsmntAgt/BrnchId/PstlAdr/Flr,Flr,Max70Text,0,1
pacs.002.001.12,/Document/FIToFIPmtStsRpt/TxInfAndSts/OrgnlTxRef/SttlmInf/ThrdRmbrsmntAgt/BrnchId/PstlAdr/PstBx,PstBx,Max16Text,0,1
pacs.002.001.12,/Document/FIToFIPmtStsRpt/TxInfAndSts/OrgnlTxRef/SttlmInf/ThrdRmbrsmntAgt/BrnchId/PstlAdr/Room,Room,Max70Text,0,1
pacs.002.001.12,/Document/FIToFIPmtStsRpt/TxInfAndSts/OrgnlTxRef/SttlmInf/ThrdRmbrsmntAgt/BrnchId/PstlAdr/PstCd,PstCd,Max16Text,0,1
pacs.002.001.12,/Document/FIToFIPmtStsRpt/TxInfAndSts/OrgnlTxRef/SttlmInf/ThrdRmbrsmntAgt/BrnchId/PstlAdr/TwnNm,TwnNm,Max35Text,0,1
pacs.002.001.12,/Document/FIToFIPmtStsRpt/TxInfAndSts/OrgnlTxRef/SttlmInf/ThrdRmbrsmntAgt/BrnchId/PstlAdr/TwnLctnNm,TwnLctnNm,Max35Text,0,1
pacs.002.001.12,/Document/FIToFIPmtStsRpt/TxInfAndSts/OrgnlTxRef/SttlmInf/ThrdRmbrsmntAgt/BrnchId/PstlAdr/DstrctNm,DstrctNm,Max35Text,0,1
pacs.002.001.12,/Document/FIToFIPmtStsRpt/TxInfAndSts/OrgnlTxRef/SttlmInf/ThrdRmbrsmntAgt/BrnchId/PstlAdr/CtrySubDvsn,CtrySubDvsn,Max35Text,0,1
pacs.002.001.12,/Document/FIToFIPmtStsRpt/TxInfAndSts/OrgnlTxRef/SttlmInf/ThrdRmbrsmntAgt/BrnchId/PstlAdr/Ctry,Ctry,CountryCode,0,1
pacs.002.001.12,/Document/FIToFIPmtStsRpt/TxInfAndSts/OrgnlTxRef/SttlmInf/ThrdRmbrsmntAgt/BrnchId/PstlAdr/AdrLine,AdrLine,Max70Text,0,7
pacs.002.001.12,/Document/FIToFIPmtStsRpt/TxInfAndSts/OrgnlTxRef/SttlmInf/ThrdRmbrsmntAgtAcct,ThrdRmbrsmntAgtAcct,CashAccount40,0,1
pacs.002.001.12,/Document/FIToFIPmtStsRpt/TxInfAndSts/OrgnlTxRef/SttlmInf/ThrdRmbrsmntAgtAcct/Id,Id,AccountIdentification4Choice,0,1
pacs.002.001.12,/Document/FIToFIPmtStsRpt/TxInfAndSts/OrgnlTxRef/SttlmInf/ThrdRmbrsmntAgtAcct/Id/IBAN,IBAN,IBAN2007Identifier,1,1
pacs.002.001.12,/Document/FIToFIPmtStsRpt/TxInfAndSts/OrgnlTxRef/SttlmInf/ThrdRmbrsmntAgtAcct/Id/Othr,Othr,GenericAccountIdentification1,1,1
pacs.002.001.12,/Document/FIToFIPmtStsRpt/TxInfAndSts/OrgnlTxRef/SttlmInf/ThrdRmbrsmntAgtAcct/Id/Othr/Id,Id,Max34Text,1,1
pacs.002.001.12,/Document/FIToFIPmtStsRpt/TxInfAndSts/OrgnlTxRef/SttlmInf/ThrdRmbrsmntAgtAcct/Id/Othr/SchmeNm,SchmeNm,AccountSchemeName1Choice,0,1
pacs.002.001.12,/Document/FIToFIPmtStsRpt/TxInfAndSts/OrgnlTxRef/SttlmInf/ThrdRmbrsmntAgtAcct/Id/Othr/SchmeNm/Cd,Cd,ExternalAccountIdentification1Code,1,1
pacs.002.001.12,/Document/FIToFIPmtStsRpt/TxInfAndSts/OrgnlTxRef/SttlmInf/ThrdRmbrsmntAgtAcct/Id/Othr/SchmeNm/Prtry,Prtry,Max35Text,1,1
pacs.002.001.12,/Document/FIToFIPmtStsRpt/TxInfAndSts/OrgnlTxRef/SttlmInf/ThrdRmbrsmntAgtAcct/Id/Othr/Issr,Issr,Max35Text,0,1
pacs.002.001.12,/Document/FIToFIPmtStsRpt/TxInfAndSts/OrgnlTxRef/SttlmInf/ThrdRmbrsmntAgtAcct/Tp,Tp,CashAccountType2Choice,0,1
pacs.002.001.12,/Document/FIToFIPmtStsRpt/TxInfAndSts/OrgnlTxRef/SttlmInf/ThrdRmbrsmntAgtAcct/Tp/Cd,Cd,ExternalCashAccountType1Code,1,1
pacs.002.001.12,/Document/FIToFIPmtStsRpt/TxInfAndSts/OrgnlTxRef/SttlmInf/ThrdRmbrsmntAgtAcct/Tp/Prtry,Prtry,Max35Text,1,1
pacs.002.001.12,/Document/FIToFIPmtStsRpt/TxInfAndSts/OrgnlTxRef/SttlmInf/ThrdRmbrsmntAgtAcct/Ccy,Ccy,ActiveOrHistoricCurrencyCode,0,1
pacs.002.001.12,/Document/FIToFIPmtStsRpt/TxInfAndSts/OrgnlTxRef/SttlmInf/ThrdRmbrsmntAgtAcct/Nm,Nm,Max70Text,0,1
pacs.002.001.12,/Document/FIToFIPmtStsRpt/TxInfAndSts/OrgnlTxRef/SttlmInf/ThrdRmbrsmntAgtAcct/Prxy,Prxy,ProxyAccountIdentification1,0,1
pacs.002.001.12,/Document/FIToFIPmtStsRpt/TxInfAndSts/OrgnlTxRef/SttlmInf/ThrdRmbrsmntAgtAcct/Prxy/Tp,Tp,ProxyAccountType1Choice,0,1
pacs.002.001.12,/Document/FIToFIPmtStsRpt/TxInfAndSts/OrgnlTxRef/SttlmInf/ThrdRmbrsmntAgtAcct/Prxy/Tp/Cd,Cd,ExternalProxyAccountType1Code,1,1
pacs.002.001.12,/Document/FIToFIPmtStsRpt/TxInfAndSts/OrgnlTxRef/SttlmInf/ThrdRmbrsmntAgtAcct/Prxy/Tp/Prtry,Prtry,Max35Text,1,1
pacs.002.001.12,/Document/FIToFIPmtStsRpt/TxInfAndSts/OrgnlTxRef/SttlmInf/ThrdRmbrsmntAgtAcct/Prxy/Id,Id,Max2048Text,1,1
pacs.002.001.12,/Document/FIToFIPmtStsRpt/TxInfAndSts/OrgnlTxRef/PmtTpInf,PmtTpInf,PaymentTypeInformation27,0,1
pacs.002.001.12,/Document/FIToFIPmtStsRpt/TxInfAndSts/OrgnlTxRef/PmtTpInf/InstrPrty,InstrPrty,Priority2Code,0,1
pacs.002.001.12,/Document/FIToFIPmtStsRpt/TxInfAndSts/OrgnlTxRef/PmtTpInf/ClrChanl,ClrChanl,ClearingChannel2Code,0,1
pacs.002.001.12,/Document/FIToFIPmtStsRpt/TxInfAndSts/OrgnlTxRef/PmtTpInf/SvcLvl,SvcLvl,ServiceLevel8Choice,0,
pacs.002.001.12,/Document/FIToFIPmtStsRpt/TxInfAndSts/OrgnlTxRef/PmtTpInf/SvcLvl/Cd,Cd,ExternalServiceLevel1Code,1,1
pacs.002.001.12,/Document/FIToFIPmtStsRpt/TxInfAndSts/OrgnlTxRef/PmtTpInf/SvcLvl/Prtry,Prtry,Max35Text,1,1
pacs.002.001.12,/Document/FIToFIPmtStsRpt/TxInfAndSts/OrgnlTxRef/PmtTpInf/LclInstrm,LclInstrm,LocalInstrument2Choice,0,1
pacs.002.001.12,/Document/FIToFIPmtStsRpt/TxInfAndSts/OrgnlTxRef/PmtTpInf/LclInstrm/Cd,Cd,ExternalLocalInstrument1Code,1,1
pacs.002.001.12,/Document/FIToFIPmtStsRpt/TxInfAndSts/OrgnlTxRef/PmtTpInf/LclInstrm/Prtry,Prtry,Max35Text,1,1
pacs.002.001.12,/Document/FIToFIPmtStsRpt/TxInfAndSts/OrgnlTxRef/PmtTpInf/SeqTp,SeqTp,SequenceType3Code,0,1
pacs.002.001.12,/Document/FIToFIPmtStsRpt/TxInfAndSts/OrgnlTxRef/PmtTpInf/CtgyPurp,CtgyPurp,CategoryPurpose1Choice,0,1
pacs.002.001.12,/Document/FIToFIPmtStsRpt/TxInfAndSts/OrgnlTxRef/PmtTpInf/CtgyPurp/Cd,Cd,ExternalCategoryPurpose1Code,1,1
pacs.002.001.12,/Document/FIToFIPmtStsRpt/TxInfAndSts/OrgnlTxRef/PmtTpInf/CtgyPurp/Prtry,Prtry,Max35Text,1,1
pacs.002.001.12,/Document/FIToFIPmtStsRpt/TxInfAndSts/OrgnlTxRef/PmtMtd,PmtMtd,PaymentMethod4Code,0,1
pacs.002.001.12,/Document/FIToFIPmtStsRpt/TxInfAndSts/OrgnlTxRef/MndtRltdInf,MndtRltdInf,MandateRelatedData2Choice,0,1
pacs.002.001.12,/Document/FIToFIPmtStsRpt/TxInfAndSts/OrgnlTxRef/MndtRltdInf/DrctDbtMndt,DrctDbtMndt,MandateRelatedInformation15,0,1
pacs.002.001.12,/Document/FIToFIPmtStsRpt/TxInfAndSts/OrgnlTxRef/MndtRltdInf/DrctDbtMndt/MndtId,MndtId,Max35Text,0,1
pacs.002.001.12,/Document/FIToFIPmtStsRpt/TxInfAndSts/OrgnlTxRef/MndtRltdInf/DrctDbtMndt/DtOfSgntr,DtOfSgntr,ISODate,0,1
pacs.002.001.12,/Document/FIToFIPmtStsRpt/TxInfAndSts/OrgnlTxRef/MndtRltdInf/DrctDbtMndt/AmdmntInd,AmdmntInd,TrueFalseIndicator,0,1
pacs.002.001.12,/Document/FIToFIPmtStsRpt/TxInfAndSts/OrgnlTxRef/MndtRltdInf/DrctDbtMndt/AmdmntInfDtls,AmdmntInfDtls,AmendmentInformationDetails14,0,1
pacs.002.001.12,/Document/FIToFIPmtStsRpt/TxInfAndSts/OrgnlTxRef/MndtRltdInf/DrctDbtMndt/AmdmntInfDtls/OrgnlMndtId,OrgnlMndtId,Max35Text,0,1
pacs.002.001.12,/Document/FIToFIPmtStsRpt/TxInfAndSts/OrgnlTxRef/MndtRltdInf/DrctDbtMndt/AmdmntInfDtls/OrgnlCdtrSchmeId,OrgnlCdtrSchmeId,PartyIdentification135,0,1
pacs.002.001.12,/Document/FIToFIPmtStsRpt/TxInfAndSts/OrgnlTxRef/MndtRltdInf/DrctDbtMndt/AmdmntInfDtls/OrgnlCdtrSchmeId/Nm,Nm,Max140Text,0,1
pacs.002.001.12,/Document/FIToFIPmtStsRpt/TxInfAndSts/OrgnlTxRef/MndtRltdInf/DrctDbtMndt/AmdmntInfDtls/OrgnlCdtrSchmeId/PstlAdr,PstlAdr,PostalAddress24,0,1
pacs.002.001.12,/Document/FIToFIPmtStsRpt/TxInfAndSts/OrgnlTxRef/MndtRltdInf/DrctDbtMndt/AmdmntInfDtls/OrgnlCdtrSchmeId/PstlAdr/AdrTp,AdrTp,AddressType3Choice,0,1
pacs.002.001.12,/Document/FIToFIPmtStsRpt/TxInfAndSts/OrgnlTxRef/MndtRltdInf/DrctDbtMndt/AmdmntInfDtls/OrgnlCdtrSchmeId/PstlAdr/AdrTp/Cd,Cd,AddressType2Code,1,1
pacs.002.001.12,/Document/FIToFIPmtStsRpt/TxInfAndSts/OrgnlTxRef/MndtRltdInf/DrctDbtMndt/AmdmntInfDtls/OrgnlCdtrSchmeId/PstlAdr/AdrTp/Prtry,Prtry,GenericIdentification30,1,1
pacs.002.001.12,/Document/FIToFIPmtStsRpt/TxInfAndSts/OrgnlTxRef/MndtRltdInf/DrctDbtMndt/AmdmntInfDtls/OrgnlCdtrSchmeId/PstlAdr/AdrTp/Prtry/Id,Id,Exact4AlphaNumericText,1,1
pacs.002.001.12,/Document/FIToFIPmtStsRpt/TxInfAndSts/OrgnlTxRef/MndtRltdInf/DrctDbtMndt/AmdmntInfDtls/OrgnlCdtrSchmeId/PstlAdr/AdrTp/Prtry/Issr,Issr,Max35Text,1,1
pacs.002.001.12,/Document/FIToFIPmtStsRpt/TxInfAndSts/OrgnlTxRef/MndtRltdInf/DrctDbtMndt/AmdmntInfDtls/OrgnlCdtrSchmeId/PstlAdr/AdrTp/Prtry/SchmeNm,SchmeNm,Max35Text,0,1
pacs.002.001.12,/Document/FIToFIPmtStsRpt/TxInfAndSts/OrgnlTxRef/MndtRltdInf/DrctDbtMndt/AmdmntInfDtls/OrgnlCdtrSchmeId/PstlAdr/Dept,Dept,Max70Text,0,1
pacs.002.001.12,/Document/FIToFIPmtStsRpt/TxInfAndSts/OrgnlTxRef/MndtRltdInf/DrctDbtMndt/AmdmntInfDtls/OrgnlCdtrSchmeId/PstlAdr/SubDept,SubDept,Max70Text,0,1
pacs.002.001.12,/Document/FIToFIPmtStsRpt/TxInfAndSts/OrgnlTxRef/MndtRltdInf/DrctDbtMndt/AmdmntInfDtls/OrgnlCdtrSchmeId/PstlAdr/StrtNm,StrtNm,Max70Text,0,1
pacs.002.001.12,/Document/FIToFIPmtStsRpt/TxInfAndSts/OrgnlTxRef/MndtRltdInf/DrctDbtMndt/AmdmntInfDtls/OrgnlCdtrSchmeId/PstlAdr/BldgNb,BldgNb,Max16Text,0,1
pacs.002.001.12,/Document/FIToFIPmtStsRpt/TxInfAndSts/OrgnlTxRef/MndtRltdInf/DrctDbtMndt/AmdmntInfDtls/OrgnlCdtrSchmeId/PstlAdr/BldgNm,BldgNm,Max35Text,0,1
pacs.002.001.12,/Document/FIToFIPmtStsRpt/TxInfAndSts/OrgnlTxRef/MndtRltdInf/DrctDbtMndt/AmdmntInfDtls/OrgnlCdtrSchmeId/PstlAdr/Flr,Flr,Max70Text,0,1
pacs.002.001.12,/Document/FIToFIPmtStsRpt/TxInfAndSts/OrgnlTxRef/MndtRltdInf/DrctDbtMndt/AmdmntInfDtls/OrgnlCdtrSchmeId/PstlAdr/PstBx,PstBx,Max16Text,0,1
pacs.002.001.12,/Document/FIToFIPmtStsRpt/TxInfAndSts/OrgnlTxRef/MndtRltdInf/DrctDbtMndt/AmdmntInfDtls/OrgnlCdtrSchmeId/PstlAdr/Room,Room,Max70Text,0,1
pacs.002.001.12,/Document/FIToFIPmtStsRpt/TxInfAndSts/OrgnlTxRef/MndtRltdInf/DrctDbtMndt/AmdmntInfDtls/OrgnlCdtrSchmeId/PstlAdr/PstCd,PstCd,Max16Text,0,1
pacs.002.001.12,/Document/FIToFIPmtStsRpt/TxInfAndSts/OrgnlTxRef/MndtRltdInf/DrctDbtMndt/AmdmntInfDtls/OrgnlCdtrSchmeId/PstlAdr/TwnNm,TwnNm,Max35Text,0,1
pacs.002.001.12,/Document/FIToFIPmtStsRpt/TxInfAndSts/OrgnlTxRef/MndtRltdInf/DrctDbtMndt/AmdmntInfDtls/OrgnlCdtrSchmeId/PstlAdr/TwnLctnNm,TwnLctnNm,Max35Text,0,1
pacs.002.001.12,/Document/FIToFIPmtStsRpt/TxInfAndSts/OrgnlTxRef/MndtRltdInf/DrctDbtMndt/AmdmntInfDtls/OrgnlCdtrSchmeId/PstlAdr/DstrctNm,DstrctNm,Max35Text,0,1
pacs.002.001.12,/Document/FIToFIPmtStsRpt/TxInfAndSts/OrgnlTxRef/MndtRltdInf/DrctDbtMndt/AmdmntInfDtls/OrgnlCdtrSchmeId/PstlAdr/CtrySubDvsn,CtrySubDvsn,Max35Text,0,1
pacs.002.001.12,/Document/FIToFIPmtStsRpt/TxInfAndSts/OrgnlTxRef/MndtRltdInf/DrctDbtMndt/AmdmntInfDtls/OrgnlCdtrSchmeId/PstlAdr/Ctry,Ctry,CountryCode,0,1
pacs.002.001.12,/Document/FIToFIPmtStsRpt/TxInfAndSts/OrgnlTxRef/MndtRltdInf/DrctDbtMndt/AmdmntInfDtls/OrgnlCdtrSchmeId/PstlAdr/AdrLine,AdrLine,Max70Text,0,7
pacs.002.001.12,/Document/FIToFIPmtStsRpt/TxInfAndSts/OrgnlTxRef/MndtRltdInf/DrctDbtMndt/AmdmntInfDtls/OrgnlCdtrSchmeId/Id,Id,Party38Choice,0,1
pacs.002.001.12,/Document/FIToFIPmtStsRpt/TxInfAndSts/OrgnlTxRef/MndtRltdInf/DrctDbtMndt/AmdmntInfDtls/OrgnlCdtrSchmeId/Id/OrgId,OrgId,OrganisationIdentification29,1,1
pacs.002.001.12,/Document/FIToFIPmtStsRpt/TxInfAndSts/OrgnlTxRef/MndtRltdInf/DrctDbtMndt/AmdmntInfDtls/OrgnlCdtrSchmeId/Id/OrgId/AnyBIC,AnyBIC,AnyBICDec2014Identifier,0,1
pacs.002.001.12,/Document/FIToFIPmtStsRpt/TxInfAndSts/OrgnlTxRef/MndtRltdInf/DrctDbtMndt/AmdmntInfDtls/OrgnlCdtrSchmeId/Id/OrgId/LEI,LEI,LEIIdentifier,0,1
pacs.002.001.12,/Document/FIToFIPmtStsRpt/TxInfAndSts/OrgnlTxRef/MndtRltdInf/DrctDbtMndt/AmdmntInfDtls/OrgnlCdtrSchmeId/Id/OrgId/Othr,Othr,GenericOrganisationIdentification1,0,
pacs.002.001.12,/Document/FIToFIPmtStsRpt/TxInfAndSts/OrgnlTxRef/MndtRltdInf/DrctDbtMndt/AmdmntInfDtls/OrgnlCdtrSchmeId/Id/OrgId/Othr/Id,Id,Max35Text,1,1
pacs.002.001.12,/Document/FIToFIPmtStsRpt/TxInfAndSts/OrgnlTxRef/MndtRltdInf/DrctDbtMndt/AmdmntInfDtls/OrgnlCdtrSchmeId/Id/OrgId/Othr/SchmeNm,SchmeNm,OrganisationIdentificationSchemeName1Choice,0,1
pacs.002.001.12,/Document/FIToFIPmtStsRpt/TxInfAndSts/OrgnlTxRef/MndtRltdInf/DrctDbtMndt/AmdmntInfDtls/OrgnlCdtrSchmeId/Id/OrgId/Othr/SchmeNm/Cd,Cd,ExternalOrganisationIdentification1Code,1,1
pacs.002.001.12,/Document/FIToFIPmtStsRpt/TxInfAndSts/OrgnlTxRef/MndtRltdInf/DrctDbtMndt/AmdmntInfDtls/OrgnlCdtrSchmeId/Id/OrgId/Othr/SchmeNm/Prtry,Prtry,Max35Text,1,1
pacs.002.001.12,/Document/FIToFIPmtStsRpt/TxInfAndSts/OrgnlTxRef/MndtRltdInf/DrctDbtMndt/AmdmntInfDtls/OrgnlCdtrSchmeId/Id/OrgId/Othr/Issr,Issr,Max35Text,0,1
pacs.002.001.12,/Document/FIToFIPmtStsRpt/TxInfAndSts/OrgnlTxRef/MndtRltdInf/DrctDbtMndt/AmdmntInfDtls/OrgnlCdtrSchmeId/Id/PrvtId,PrvtId,PersonIdentification13,1,1
pacs.002.001.12,/Document/FIToFIPmtStsRpt/TxInfAndSts/OrgnlTxRef/MndtRltdInf/DrctDbtMndt/AmdmntInfDtls/OrgnlCdtrSchmeId/Id/PrvtId/DtAndPlcOfBirth,DtAndPlcOfBirth,DateAndPlaceOfBirth1,0,1
pacs.002.001.12,/Document/FIToFIPmtStsRpt/TxInfAndSts/OrgnlTxRef/MndtRltdInf/DrctDbtMndt/AmdmntInfDtls/OrgnlCdtrSchmeId/Id/PrvtId/DtAndPlcOfBirth/BirthDt,BirthDt,ISODate,1,1
pacs.002.001.12,/Document/FIToFIPmtStsRpt/TxInfAndSts/OrgnlTxRef/MndtRltdInf/DrctDbtMndt/AmdmntInfDtls/OrgnlCdtrSchmeId/Id/PrvtId/DtAndPlcOfBirth/PrvcOfBirth,PrvcOfBirth,Max35Text,0,1
pacs.002.001.12,/Document/FIToFIPmtStsRpt/TxInfAndSts/OrgnlTxRef/MndtRltdInf/DrctDbtMndt/AmdmntInfDtls/OrgnlCdtrSchmeId/Id/PrvtId/DtAndPlcOfBirth/CityOfBirth,CityOfBirth,Max35Text,1,1
pacs.002.001.12,/Document/FIToFIPmtStsRpt/TxInfAndSts/OrgnlTxRef/MndtRltdInf/DrctDbtMndt/AmdmntInfDtls/OrgnlCdtrSchmeId/Id/PrvtId/DtAndPlcOfBirth/CtryOfBirth,CtryOfBirth,CountryCode,1,1
pacs.002.001.12,/Document/FIToFIPmtStsRpt/TxInfAndSts/OrgnlTxRef/MndtRltdInf/DrctDbtMndt/AmdmntInfDtls/OrgnlCdtrSchmeId/Id/PrvtId/Othr,Othr,GenericPersonIdentification1,0,
pacs.002.001.12,/Document/FIToFIPmtStsRpt/TxInfAndSts/OrgnlTxRef/MndtRltdInf/DrctDbtMndt/AmdmntInfDtls/OrgnlCdtrSchmeId/Id/PrvtId/Othr/Id,Id,Max35Text,1,1
pacs.002.001.12,/Document/FIToFIPmtStsRpt/TxInfAndSts/OrgnlTxRef/MndtRltdInf/DrctDbtMndt/AmdmntInfDtls/OrgnlCdtrSchmeId/Id/PrvtId/Othr/SchmeNm,SchmeNm,PersonIdentificationSchemeName1Choice,0,1
pacs.002.001.12,/Document/FIToFIPmtStsRpt/TxInfAndSts/OrgnlTxRef/MndtRltdInf/DrctDbtMndt/AmdmntInfDtls/OrgnlCdtrSchmeId/Id/PrvtId/Othr/SchmeNm/Cd,Cd,ExternalPersonIdentification1Code,1,1
pacs.002.001.12,/Document/FIToFIPmtStsRpt/TxInfAndSts/OrgnlTxRef/MndtRltdInf/DrctDbtMndt/AmdmntInfDtls/OrgnlCdtrSchmeId/Id/PrvtId/Othr/SchmeNm/Prtry,Prtry,Max35Text,1,1
pacs.002.001.12,/Document/FIToFIPmtStsRpt/TxInfAndSts/OrgnlTxRef/MndtRltdInf/DrctDbtMndt/AmdmntInfDtls/OrgnlCdtrSchmeId/Id/PrvtId/Othr/Issr,Issr,Max35Text,0,1
pacs.002.001.12,/Document/FIToFIPmtStsRpt/TxInfAndSts/OrgnlTxRef/MndtRltdInf/DrctDbtMndt/AmdmntInfDtls/OrgnlCdtrSchmeId/CtryOfRes,CtryOfRes,CountryCode,0,1
pacs.002.001.12,/Document/FIToFIPmtStsRpt/TxInfAndSts/OrgnlTxRef/MndtRltdInf/DrctDbtMndt/AmdmntInfDtls/OrgnlCdtrSchmeId/CtctDtls,CtctDtls,Contact4,0,1
pacs.002.001.12,/Document/FIToFIPmtStsRpt/TxInfAndSts/OrgnlTxRef/MndtRltdInf/DrctDbtMndt/AmdmntInfDtls/OrgnlCdtrSchmeId/CtctDtls/NmPrfx,NmPrfx,NamePrefix2Code,0,1
pacs.002.001.12,/Document/FIToFIPmtStsRpt/TxInfAndSts/OrgnlTxRef/MndtRltdInf/DrctDbtMndt/AmdmntInfDtls/OrgnlCdtrSchmeId/CtctDtls/Nm,Nm,Max140Text,0,1
pacs.002.001.12,/Document/FIToFIPmtStsRpt/TxInfAndSts/OrgnlTxRef/MndtRltdInf/DrctDbtMndt/AmdmntInfDtls/OrgnlCdtrSchmeId/CtctDtls/PhneNb,PhneNb,PhoneNumber,0,1
pacs.002.001.12,/Document/FIToFIPmtStsRpt/TxInfAndSts/OrgnlTxRef/MndtRltdInf/DrctDbtMndt/AmdmntInfDtls/OrgnlCdtrSchmeId/CtctDtls/MobNb,MobNb,PhoneNumber,0,1
pacs.002.001.12,/Document/FIToFIPmtStsRpt/TxInfAndSts/OrgnlTxRef/MndtRltdInf/DrctDbtMndt/AmdmntInfDtls/OrgnlCdtrSchmeId/CtctDtls/FaxNb,FaxNb,PhoneNumber,0,1
pacs.002.001.12,/Document/FIToFIPmtStsRpt/TxInfAndSts/OrgnlTxRef/MndtRltdInf/DrctDbtMndt/AmdmntInfDtls/OrgnlCdtrSchmeId/CtctDtls/EmailAdr,EmailAdr,Max2048Text,0,1
pacs.002.001.12,/Document/FIToFIPmtStsRpt/TxInfAndSts/OrgnlTxRef/MndtRltdInf/DrctDbtMndt/AmdmntInfDtls/OrgnlCdtrSchmeId/CtctDtls/EmailPurp,EmailPurp,Max35Text,0,1
pacs.002.001.12,/Document/FIToFIPmtStsRpt/TxInfAndSts/OrgnlTxRef/MndtRltdInf/DrctDbtMndt/AmdmntInfDtls/OrgnlCdtrSchmeId/CtctDtls/JobTitl,JobTitl,Max35Text,0,1
pacs.002.001.12,/Document/FIToFIPmtStsRpt/TxInfAndSts/OrgnlTxRef/MndtRltdInf/DrctDbtMndt/AmdmntInfDtls/OrgnlCdtrSchmeId/CtctDtls/Rspnsblty,Rspnsblty,Max35Text,0,1
pacs.002.001.12,/Document/FIToFIPmtStsRpt/TxInfAndSts/OrgnlTxRef/MndtRltdInf/DrctDbtMndt/AmdmntInfDtls/OrgnlCdtrSchmeId/CtctDtls/Dept,Dept,Max70Text,0,1
pacs.002.001.12,/Document/FIToFIPmtStsRpt/TxInfAndSts/OrgnlTxRef/MndtRltdInf/DrctDbtMndt/AmdmntInfDtls/OrgnlCdtrSchmeId/CtctDtls/Othr,Othr,OtherContact1,0,
pacs.002.001.12,/Document/FIToFIPmtStsRpt/TxInfAndSts/OrgnlTxRef/MndtRltdInf/DrctDbtMndt/AmdmntInfDtls/OrgnlCdtrSchmeId/CtctDtls/Othr/ChanlTp,ChanlTp,Max4Text,1,1
pacs.002.001.12,/Document/FIToFIPmtStsRpt/TxInfAndSts/OrgnlTxRef/MndtRltdInf/DrctDbtMndt/AmdmntInfDtls/OrgnlCdtrSchmeId/CtctDtls/Othr/Id,Id,Max128Text,0,1
pacs.002.001.12,/Document/FIToFIPmtStsRpt/TxInfAndSts/OrgnlTxRef/MndtRltdInf/DrctDbtMndt/AmdmntInfDtls/OrgnlCdtrSchmeId/CtctDtls/PrefrdMtd,PrefrdMtd,PreferredContactMethod1Code,0,1
pacs.002.001.12,/Document/FIToFIPmtStsRpt/TxInfAndSts/OrgnlTxRef/MndtRltdInf/DrctDbtMndt/AmdmntInfDtls/OrgnlCdtrAgt,OrgnlCdtrAgt,BranchAndFinancialInstitutionIdentification6,0,1
pacs.002.001.12,/Document/FIToFIPmtStsRpt/TxInfAndSts/OrgnlTxRef/MndtRltdInf/DrctDbtMndt/AmdmntInfDtls/OrgnlCdtrAgt/FinInstnId,FinInstnId,FinancialInstitutionIdentification18,1,1
pacs.002.001.12,/Document/FIToFIPmtStsRpt/TxInfAndSts/OrgnlTxRef/MndtRltdInf/DrctDbtMndt/AmdmntInfDtls/OrgnlCdtrAgt/FinInstnId/BICFI,BICFI,BICFIDec2014Identifier,0,1
pacs.002.001.12,/Document/FIToFIPmtStsRpt/TxInfAndSts/OrgnlTxRef/MndtRltdInf/DrctDbtMndt/AmdmntInfDtls/OrgnlCdtrAgt/FinInstnId/ClrSysMmbId,ClrSysMmbId,ClearingSystemMemberIdentification2,0,1
pacs.002.001.12,/Document/FIToFIPmtStsRpt/TxInfAndSts/OrgnlTxRef/MndtRltdInf/DrctDbtMndt/AmdmntInfDtls/OrgnlCdtrAgt/FinInstnId/ClrSysMmbId/ClrSysId,ClrSysId,ClearingSystemIdentification2Choice,0,1
pacs.002.001.12,/Document/FIToFIPmtStsRpt/TxInfAndSts/OrgnlTxRef/MndtRltdInf/DrctDbtMndt/AmdmntInfDtls/OrgnlCdtrAgt/FinInstnId/ClrSysMmbId/ClrSysId/Cd,Cd,ExternalClearingSystemIdentification1Code,1,1
pacs.002.001.12,/Document/FIToFIPmtStsRpt/TxInfAndSts/OrgnlTxRef/MndtRltdInf/DrctDbtMndt/AmdmntInfDtls/OrgnlCdtrAgt/FinInstnId/ClrSysMmbId/ClrSysId/Prtry,Prtry,Max35Text,1,1
pacs.002.001.12,/Document/FIToFIPmtStsRpt/TxInfAndSts/OrgnlTxRef/MndtRltdInf/DrctDbtMndt/AmdmntInfDtls/OrgnlCdtrAgt/FinInstnId/ClrSysMmbId/MmbId,MmbId,Max35Text,1,1
pacs.002.001.12,/Document/FIToFIPmtStsRpt/TxInfAndSts/OrgnlTxRef/MndtRltdInf/DrctDbtMndt/AmdmntInfDtls/OrgnlCdtrAgt/FinInstnId/LEI,LEI,LEIIdentifier,0,1
pacs.002.001.12,/Document/FIToFIPmtStsRpt/TxInfAndSts/OrgnlTxRef/MndtRltdInf/DrctDbtMndt/AmdmntInfDtls/OrgnlCdtrAgt/FinInstnId/Nm,Nm,Max140Text,0,1
pacs.002.001.12,/Document/FIToFIPmtStsRpt/TxInfAndSts/OrgnlTxRef/MndtRltdInf/DrctDbtMndt/AmdmntInfDtls/OrgnlCdtrAgt/FinInstnId/PstlAdr,PstlAdr,PostalAddress24,0,1
pacs.002.001.12,/Document/FIToFIPmtStsRpt/TxInfAndSts/OrgnlTxRef/MndtRltdInf/DrctDbtMndt/AmdmntInfDtls/OrgnlCdtrAgt/FinInstnId/PstlAdr/AdrTp,AdrTp,AddressType3Choice,0,1
pacs.002.001.12,/Document/FIToFIPmtStsRpt/TxInfAndSts/OrgnlTxRef/MndtRltdInf/DrctDbtMndt/AmdmntInfDtls/OrgnlCdtrAgt/FinInstnId/PstlAdr/AdrTp/Cd,Cd,AddressType2Code,1,1
pacs.002.001.12,/Document/FIToFIPmtStsRpt/TxInfAndSts/OrgnlTxRef/MndtRltdInf/DrctDbtMndt/AmdmntInfDtls/OrgnlCdtrAgt/FinInstnId/PstlAdr/AdrTp/Prtry,Prtry,GenericIdentification30,1,1
pacs.002.001.12,/Document/FIToFIPmtStsRpt/TxInfAndSts/OrgnlTxRef/MndtRltdInf/DrctDbtMndt/AmdmntInfDtls/OrgnlCdtrAgt/FinInstnId/PstlAdr/AdrTp/Prtry/Id,Id,Exact4AlphaNumericText,1,1
pacs.002.001.12,/Document/FIToFIPmtStsRpt/TxInfAndSts/OrgnlTxRef/MndtRltdInf/DrctDbtMndt/AmdmntInfDtls/OrgnlCdtrAgt/FinInstnId/PstlAdr/AdrTp/Prtry/Issr,Issr,Max35Text,1,1
pacs.002.001.12,/Document/FIToFIPmtStsRpt/TxInfAndSts/OrgnlTxRef/MndtRltdInf/DrctDbtMndt/AmdmntInfDtls/OrgnlCdtrAgt/FinInstnId/PstlAdr/AdrTp/Prtry/SchmeNm,SchmeNm,Max35Text,0,1
pacs.002.001.12,/Document/FIToFIPmtStsRpt/TxInfAndSts/OrgnlTxRef/MndtRltdInf/DrctDbtMndt/AmdmntInfDtls/OrgnlCdtrAgt/FinInstnId/PstlAdr/Dept,Dept,Max70Text,0,1
pacs.002.001.12,/Document/FIToFIPmtStsRpt/TxInfAndSts/OrgnlTxRef/MndtRltdInf/DrctDbtMndt/AmdmntInfDtls/OrgnlCdtrAgt/FinInstnId/PstlAdr/SubDept,SubDept,Max70Text,0,1
pacs.002.001.12,/Document/FIToFIPmtStsRpt/TxInfAndSts/OrgnlTxRef/MndtRltdInf/DrctDbtMndt/AmdmntInfDtls/OrgnlCdtrAgt/FinInstnId/PstlAdr/StrtNm,StrtNm,Max70Text,0,1
pacs.002.001.12,/Document/FIToFIPmtStsRpt/TxInfAndSts/OrgnlTxRef/MndtRltdInf/DrctDbtMndt/AmdmntInfDtls/OrgnlCdtrAgt/FinInstnId/PstlAdr/BldgNb,BldgNb,Max16Text,0,1
pacs.002.001.12,/Document/FIToFIPmtStsRpt/TxInfAndSts/OrgnlTxRef/MndtRltdInf/DrctDbtMndt/AmdmntInfDtls/OrgnlCdtrAgt/FinInstnId/PstlAdr/BldgNm,BldgNm,Max35Text,0,1
pacs.002.001.12,/Document/FIToFIPmtStsRpt/TxInfAndSts/OrgnlTxRef/MndtRltdInf/DrctDbtMndt/AmdmntInfDtls/OrgnlCdtrAgt/FinInstnId/PstlAdr/Flr,Flr,Max70Text,0,1
pacs.002.001.12,/Document/FIToFIPmtStsRpt/TxInfAndSts/OrgnlTxRef/MndtRltdInf/DrctDbtMndt/AmdmntInfDtls/OrgnlCdtrAgt/FinInstnId/PstlAdr/PstBx,PstBx,Max16Text,0,1
pacs.002.001.12,/Document/FIToFIPmtStsRpt/TxInfAndSts/OrgnlTxRef/MndtRltdInf/DrctDbtMndt/AmdmntInfDtls/OrgnlCdtrAgt/FinInstnId/PstlAdr/Room,Room,Max70Text,0,1
pacs.002.001.12,/Document/FIToFIPmtStsRpt/TxInfAndSts/OrgnlTxRef/MndtRltdInf/DrctDbtMndt/AmdmntInfDtls/OrgnlCdtrAgt/FinInstnId/PstlAdr/PstCd,PstCd,Max16Text,0,1
pacs.002.001.12,/Document/FIToFIPmtStsRpt/TxInfAndSts/OrgnlTxRef/MndtRltdInf/DrctDbtMndt/AmdmntInfDtls/OrgnlCdtrAgt/FinInstnId/PstlAdr/TwnNm,TwnNm,Max35Text,0,1
pacs.002.001.12,/Document/FIToFIPmtStsRpt/TxInfAndSts/OrgnlTxRef/MndtRltdInf/DrctDbtMndt/AmdmntInfDtls/OrgnlCdtrAgt/FinInstnId/PstlAdr/TwnLctnNm,TwnLctnNm,Max35Text,0,1
pacs.002.001.12,/Document/FIToFIPmtStsRpt/TxInfAndSts/OrgnlTxRef/MndtRltdInf/DrctDbtMndt/AmdmntInfDtls/OrgnlCdtrAgt/FinInstnId/PstlAdr/DstrctNm,DstrctNm,Max35Text,0,1
pacs.002.001.12,/Document/FIToFIPmtStsRpt/TxInfAndSts/OrgnlTxRef/MndtRltdInf/DrctDbtMndt/AmdmntInfDtls/OrgnlCdtrAgt/FinInstnId/PstlAdr/CtrySubDvsn,CtrySubDvsn,Max35Text,0,1
pacs.002.001.12,/Document/FIToFIPmtStsRpt/TxInfAndSts/OrgnlTxRef/MndtRltdInf/DrctDbtMndt/AmdmntInfDtls/OrgnlCdtrAgt/FinInstnId/PstlAdr/Ctry,Ctry,CountryCode,0,1
pacs.002.001.12,/Document/FIToFIPmtStsRpt/TxInfAndSts/OrgnlTxRef/MndtRltdInf/DrctDbtMndt/AmdmntInfDtls/OrgnlCdtrAgt/FinInstnId/PstlAdr/AdrLine,AdrLine,Max70Text,0,7
pacs.002.001.12,/Document/FIToFIPmtStsRpt/TxInfAndSts/OrgnlTxRef/MndtRltdInf/DrctDbtMndt/AmdmntInfDtls/OrgnlCdtrAgt/FinInstnId/Othr,Othr,GenericFinancialIdentification1,0,1
pacs.002.001.12,/Document/FIToFIPmtStsRpt/TxInfAndSts/OrgnlTxRef/MndtRltdInf/DrctDbtMndt/AmdmntInfDtls/OrgnlCdtrAgt/FinInstnId/Othr/Id,Id,Max35Text,1,1
pacs.002.001.12,/Document/FIToFIPmtStsRpt/TxInfAndSts/OrgnlTxRef/MndtRltdInf/DrctDbtMndt/AmdmntInfDtls/OrgnlCdtrAgt/FinInstnId/Othr/SchmeNm,SchmeNm,FinancialIdentificationSchemeName1Choice,0,1
pacs.002.001.12,/Document/FIToFIPmtStsRpt/TxInfAndSts/OrgnlTxRef/MndtRltdInf/DrctDbtMndt/AmdmntInfDtls/OrgnlCdtrAgt/FinInstnId/Othr/SchmeNm/Cd,Cd,ExternalFinancialInstitutionIdentification1Code,1,1
pacs.002.001.12,/Document/FIToFIPmtStsRpt/TxInfAndSts/OrgnlTxRef/MndtRltdInf/DrctDbtMndt/AmdmntInfDtls/OrgnlCdtrAgt/FinInstnId/Othr/SchmeNm/Prtry,Prtry,Max35Text,1,1
pacs.002.001.12,/Document/FIToFIPmtStsRpt/TxInfAndSts/OrgnlTxRef/MndtRltdInf/DrctDbtMndt/AmdmntInfDtls/OrgnlCdtrAgt/FinInstnId/Othr/Issr,Issr,Max35Text,0,1
pacs.002.001.12,/Document/FIToFIPmtStsRpt/TxInfAndSts/OrgnlTxRef/MndtRltdInf/DrctDbtMndt/AmdmntInfDtls/OrgnlCdtrAgt/BrnchId,BrnchId,BranchData3,0,1
pacs.002.001.12,/Document/FIToFIPmtStsRpt/TxInfAndSts/OrgnlTxRef/MndtRltdInf/DrctDbtMndt/AmdmntInfDtls/OrgnlCdtrAgt/BrnchId/Id,Id,Max35Text,0,1
pacs.002.001.12,/Document/FIToFIPmtStsRpt/TxInfAndSts/OrgnlTxRef/MndtRltdInf/DrctDbtMndt/AmdmntInfDtls/OrgnlCdtrAgt/BrnchId/LEI,LEI,LEIIdentifier,0,1
pacs.002.001.12,/Document/FIToFIPmtStsRpt/TxInfAndSts/OrgnlTxRef/MndtRltdInf/DrctDbtMndt/AmdmntInfDtls/OrgnlCdtrAgt/BrnchId/Nm,Nm,Max140Text,0,1
pacs.002.001.12,/Document/FIToFIPmtStsRpt/TxInfAndSts/OrgnlTxRef/MndtRltdInf/DrctDbtMndt/AmdmntInfDtls/OrgnlCdtrAgt/BrnchId/PstlAdr,PstlAdr,PostalAddress24,0,1
pacs.002.001.12,/Document/FIToFIPmtStsRpt/TxInfAndSts/OrgnlTxRef/MndtRltdInf/DrctDbtMndt/AmdmntInfDtls/OrgnlCdtrAgt/BrnchId/PstlAdr/AdrTp,AdrTp,AddressType3Choice,0,1
pacs.002.001.12,/Document/FIToFIPmtStsRpt/TxInfAndSts/OrgnlTxRef/MndtRltdInf/DrctDbtMndt/AmdmntInfDtls/OrgnlCdtrAgt/BrnchId/PstlAdr/AdrTp/Cd,Cd,AddressType2Code,1,1
pacs.002.001.12,/Document/FIToFIPmtStsRpt/TxInfAndSts/OrgnlTxRef/MndtRltdInf/DrctDbtMndt/AmdmntInfDtls/OrgnlCdtrAgt/BrnchId/PstlAdr/AdrTp/Prtry,Prtry,GenericIdentification30,1,1
pacs.002.001.12,/Document/FIToFIPmtStsRpt/TxInfAndSts/OrgnlTxRef/MndtRltdInf/DrctDbtMndt/AmdmntInfDtls/OrgnlCdtrAgt/BrnchId/PstlAdr/AdrTp/Prtry/Id,Id,Exact4AlphaNumericText,1,1
pacs.002.001.12,/Document/FIToFIPmtStsRpt/TxInfAndSts/OrgnlTxRef/MndtRltdInf/DrctDbtMndt/AmdmntInfDtls/OrgnlCdtrAgt/BrnchId/PstlAdr/AdrTp/Prtry/Issr,Issr,Max35Text,1,1
pacs.002.001.12,/Document/FIToFIPmtStsRpt/TxInfAndSts/OrgnlTxRef/MndtRltdInf/DrctDbtMndt/AmdmntInfDtls/OrgnlCdtrAgt/BrnchId/PstlAdr/AdrTp/Prtry/SchmeNm,SchmeNm,Max35Text,0,1
pacs.002.001.12,/Document/FIToFIPmtStsRpt/TxInfAndSts/OrgnlTxRef/MndtRltdInf/DrctDbtMndt/AmdmntInfDtls/OrgnlCdtrAgt/BrnchId/PstlAdr/Dept,Dept,Max70Text,0,1
pacs.002.001.12,/Document/FIToFIPmtStsRpt/TxInfAndSts/OrgnlTxRef/MndtRltdInf/DrctDbtMndt/AmdmntInfDtls/OrgnlCdtrAgt/BrnchId/PstlAdr/SubDept,SubDept,Max70Text,0,1
pacs.002.001.12,/Document/FIToFIPmtStsRpt/TxInfAndSts/OrgnlTxRef/MndtRltdInf/DrctDbtMndt/AmdmntInfDtls/OrgnlCdtrAgt/BrnchId/PstlAdr/StrtNm,StrtNm,Max70Text,0,1
pacs.002.001.12,/Document/FIToFIPmtStsRpt/TxInfAndSts/OrgnlTxRef/MndtRltdInf/DrctDbtMndt/AmdmntInfDtls/OrgnlCdtrAgt/BrnchId/PstlAdr/BldgNb,BldgNb,Max16Text,0,1
pacs.002.001.12,/Document/FIToFIPmtStsRpt/TxInfAndSts/OrgnlTxRef/MndtRltdInf/DrctDbtMndt/AmdmntInfDtls/OrgnlCdtrAgt/BrnchId/PstlAdr/BldgNm,BldgNm,Max35Text,0,1
pacs.002.001.12,/Document/FIToFIPmtStsRpt/TxInfAndSts/OrgnlTxRef/MndtRltdInf/DrctDbtMndt/AmdmntInfDtls/OrgnlCdtrAgt/BrnchId/PstlAdr/Flr,Flr,Max70Text,0,1
pacs.002.001.12,/Document/FIToFIPmtStsRpt/TxInfAndSts/OrgnlTxRef/MndtRltdInf/DrctDbtMndt/AmdmntInfDtls/OrgnlCdtrAgt/BrnchId/PstlAdr/PstBx,PstBx,Max16Text,0,1
pacs.002.001.12,/Document/FIToFIPmtStsRpt/TxInfAndSts/OrgnlTxRef/MndtRltdInf/DrctDbtMndt/AmdmntInfDtls/OrgnlCdtrAgt/BrnchId/PstlAdr/Room,Room,Max70Text,0,1
pacs.002.001.12,/Document/FIToFIPmtStsRpt/TxInfAndSts/OrgnlTxRef/MndtRltdInf/DrctDbtMndt/AmdmntInfDtls/OrgnlCdtrAgt/BrnchId/PstlAdr/PstCd,PstCd,Max16Text,0,1
pacs.002.001.12,/Document/FIToFIPmtStsRpt/TxInfAndSts/OrgnlTxRef/MndtRltdInf/DrctDbtMndt/AmdmntInfDtls/OrgnlCdtrAgt/BrnchId/PstlAdr/TwnNm,TwnNm,Max35Text,0,1
pacs.002.001.12,/Document/FIToFIPmtStsRpt/TxInfAndSts/OrgnlTxRef/MndtRltdInf/DrctDbtMndt/AmdmntInfDtls/OrgnlCdtrAgt/BrnchId/PstlAdr/TwnLctnNm,TwnLctnNm,Max35Text,0,1
pacs.002.001.12,/Document/FIToFIPmtStsRpt/TxInfAndSts/OrgnlTxRef/MndtRltdInf/DrctDbtMndt/AmdmntInfDtls/OrgnlCdtrAgt/BrnchId/PstlAdr/DstrctNm,DstrctNm,Max35Text,0,1
pacs.002.001.12,/Document/FIToFIPmtStsRpt/TxInfAndSts/OrgnlTxRef/MndtRltdInf/DrctDbtMndt/AmdmntInfDtls/OrgnlCdtrAgt/BrnchId/PstlAdr/CtrySubDvsn,CtrySubDvsn,Max35Text,0,1
pacs.002.001.12,/Document/FIToFIPmtStsRpt/TxInfAndSts/OrgnlTxRef/MndtRltdInf/DrctDbtMndt/AmdmntInfDtls/OrgnlCdtrAgt/BrnchId/PstlAdr/Ctry,Ctry,CountryCode,0,1
pacs.002.001.12,/Document/FIToFIPmtStsRpt/TxInfAndSts/OrgnlTxRef/MndtRltdInf/DrctDbtMndt/AmdmntInfDtls/OrgnlCdtrAgt/BrnchId/PstlAdr/AdrLine,AdrLine,Max70Text,0,7
pacs.002.001.12,/Document/FIToFIPmtStsRpt/TxInfAndSts/OrgnlTxRef/MndtRltdInf/DrctDbtMndt/AmdmntInfDtls/OrgnlCdtrAgtAcct,OrgnlCdtrAgtAcct,CashAccount40,0,1
pacs.002.001.12,/Document/FIToFIPmtStsRpt/TxInfAndSts/OrgnlTxRef/MndtRltdInf/DrctDbtMndt/AmdmntInfDtls/OrgnlCdtrAgtAcct/Id,Id,AccountIdentification4Choice,0,1
pacs.002.001.12,/Document/FIToFIPmtStsRpt/TxInfAndSts/OrgnlTxRef/MndtRltdInf/DrctDbtMndt/AmdmntInfDtls/OrgnlCdtrAgtAcct/Id/IBAN,IBAN,IBAN2007Identifier,1,1
pacs.002.001.12,/Document/FIToFIPmtStsRpt/TxInfAndSts/OrgnlTxRef/MndtRltdInf/DrctDbtMndt/AmdmntInfDtls/OrgnlCdtrAgtAcct/Id/Othr,Othr,GenericAccountIdentification1,1,1
pacs.002.001.12,/Document/FIToFIPmtStsRpt/TxInfAndSts/OrgnlTxRef/MndtRltdInf/DrctDbtMndt/AmdmntInfDtls/OrgnlCdtrAgtAcct/Id/Othr/Id,Id,Max34Text,1,1
pacs.002.001.12,/Document/FIToFIPmtStsRpt/TxInfAndSts/OrgnlTxRef/MndtRltdInf/DrctDbtMndt/AmdmntInfDtls/OrgnlCdtrAgtAcct/Id/Othr/SchmeNm,SchmeNm,AccountSchemeName1Choice,0,1
pacs.002.001.12,/Document/FIToFIPmtStsRpt/TxInfAndSts/OrgnlTxRef/MndtRltdInf/DrctDbtMndt/AmdmntInfDtls/OrgnlCdtrAgtAcct/Id/Othr/SchmeNm/Cd,Cd,ExternalAccountIdentification1Code,1,1
pacs.002.001.12,/Document/FIToFIPmtStsRpt/TxInfAndSts/OrgnlTxRef/MndtRltdInf/DrctDbtMndt/AmdmntInfDtls/OrgnlCdtrAgtAcct/Id/Othr/SchmeNm/Prtry,Prtry,Max35Text,1,1
pacs.002.001.12,/Document/FIToFIPmtStsRpt/TxInfAndSts/OrgnlTxRef/MndtRltdInf/DrctDbtMndt/AmdmntInfDtls/OrgnlCdtrAgtAcct/Id/Othr/Issr,Issr,Max35Text,0,1
pacs.002.001.12,/Document/FIToFIPmtStsRpt/TxInfAndSts/OrgnlTxRef/MndtRltdInf/DrctDbtMndt/AmdmntInfDtls/OrgnlCdtrAgtAcct/Tp,Tp,CashAccountType2Choice,0,1
pacs.002.001.12,/Document/FIToFIPmtStsRpt/TxInfAndSts/OrgnlTxRef/MndtRltdInf/DrctDbtMndt/AmdmntInfDtls/OrgnlCdtrAgtAcct/Tp/Cd,Cd,ExternalCashAccountType1Code,1,1
pacs.002.001.12,/Document/FIToFIPmtStsRpt/TxInfAndSts/OrgnlTxRef/MndtRltdInf/DrctDbtMndt/AmdmntInfDtls/OrgnlCdtrAgtAcct/Tp/Prtry,Prtry,Max35Text,1,1
pacs.002.001.12,/Document/FIToFIPmtStsRpt/TxInfAndSts/OrgnlTxRef/MndtRltdInf/DrctDbtMndt/AmdmntInfDtls/OrgnlCdtrAgtAcct/Ccy,Ccy,ActiveOrHistoricCurrencyCode,0,1
pacs.002.001.12,/Document/FIToFIPmtStsRpt/TxInfAndSts/OrgnlTxRef/MndtRltdInf/DrctDbtMndt/AmdmntInfDtls/OrgnlCdtrAgtAcct/Nm,Nm,Max70Text,0,1
pacs.002.001.12,/Document/FIToFIPmtStsRpt/TxInfAndSts/OrgnlTxRef/MndtRltdInf/DrctDbtMndt/AmdmntInfDtls/OrgnlCdtrAgtAcct/Prxy,Prxy,ProxyAccountIdentification1,0,1
pacs.002.001.12,/Document/FIToFIPmtStsRpt/TxInfAndSts/OrgnlTxRef/MndtRltdInf/DrctDbtMndt/AmdmntInfDtls/OrgnlCdtrAgtAcct/Prxy/Tp,Tp,ProxyAccountType1Choice,0,1
pacs.002.001.12,/Document/FIToFIPmtStsRpt/TxInfAndSts/OrgnlTxRef/MndtRltdInf/DrctDbtMndt/AmdmntInfDtls/OrgnlCdtrAgtAcct/Prxy/Tp/Cd,Cd,ExternalProxyAccountType1Code,1,1
pacs.002.001.12,/Document/FIToFIPmtStsRpt/TxInfAndSts/OrgnlTxRef/MndtRltdInf/DrctDbtMndt/AmdmntInfDtls/OrgnlCdtrAgtAcct/Prxy/Tp/Prtry,Prtry,Max35Text,1,1
pacs.002.001.12,/Document/FIToFIPmtStsRpt/TxInfAndSts/OrgnlTxRef/MndtRltdInf/DrctDbtMndt/AmdmntInfDtls/OrgnlCdtrAgtAcct/Prxy/Id,Id,Max2048Text,1,1
pacs.002.001.12,/Document/FIToFIPmtStsRpt/TxInfAndSts/OrgnlTxRef/MndtRltdInf/DrctDbtMndt/AmdmntInfDtls/OrgnlDbtr,OrgnlDbtr,PartyIdentification135,0,1
pacs.002.001.12,/Document/FIToFIPmtStsRpt/TxInfAndSts/OrgnlTxRef/MndtRltdInf/DrctDbtMndt/AmdmntInfDtls/OrgnlDbtr/Nm,Nm,Max140Text,0,1
pacs.002.001.12,/Document/FIToFIPmtStsRpt/TxInfAndSts/OrgnlTxRef/MndtRltdInf/DrctDbtMndt/AmdmntInfDtls/OrgnlDbtr/PstlAdr,PstlAdr,PostalAddress24,0,1
pacs.002.001.12,/Document/FIToFIPmtStsRpt/TxInfAndSts/OrgnlTxRef/MndtRltdInf/DrctDbtMndt/AmdmntInfDtls/OrgnlDbtr/PstlAdr/AdrTp,AdrTp,AddressType3Choice,0,1
pacs.002.001.12,/Document/FIToFIPmtStsRpt/TxInfAndSts/OrgnlTxRef/MndtRltdInf/DrctDbtMndt/AmdmntInfDtls/OrgnlDbtr/PstlAdr/AdrTp/Cd,Cd,AddressType2Code,1,1
pacs.002.001.12,/Document/FIToFIPmtStsRpt/TxInfAndSts/OrgnlTxRef/MndtRltdInf/DrctDbtMndt/AmdmntInfDtls/OrgnlDbtr/PstlAdr/AdrTp/Prtry,Prtry,GenericIdentification30,1,1
pacs.002.001.12,/Document/FIToFIPmtStsRpt/TxInfAndSts/OrgnlTxRef/MndtRltdInf/DrctDbtMndt/AmdmntInfDtls/OrgnlDbtr/PstlAdr/AdrTp/Prtry/Id,Id,Exact4AlphaNumericText,1,1
pacs.002.001.12,/Document/FIToFIPmtStsRpt/TxInfAndSts/OrgnlTxRef/MndtRltdInf/DrctDbtMndt/AmdmntInfDtls/OrgnlDbtr/PstlAdr/AdrTp/Prtry/Issr,Issr,Max35Text,1,1
pacs.002.001.12,/Document/FIToFIPmtStsRpt/TxInfAndSts/OrgnlTxRef/MndtRltdInf/DrctDbtMndt/AmdmntInfDtls/OrgnlDbtr/PstlAdr/AdrTp/Prtry/SchmeNm,SchmeNm,Max35Text,0,1
pacs.002.001.12,/Document/FIToFIPmtStsRpt/TxInfAndSts/OrgnlTxRef/MndtRltdInf/DrctDbtMndt/AmdmntInfDtls/OrgnlDbtr/PstlAdr/Dept,Dept,Max70Text,0,1
pacs.002.001.12,/Document/FIToFIPmtStsRpt/TxInfAndSts/OrgnlTxRef/MndtRltdInf/DrctDbtMndt/AmdmntInfDtls/OrgnlDbtr/PstlAdr/SubDept,SubDept,Max70Text,0,1
pacs.002.001.12,/Document/FIToFIPmtStsRpt/TxInfAndSts/OrgnlTxRef/MndtRltdInf/DrctDbtMndt/AmdmntInfDtls/OrgnlDbtr/PstlAdr/StrtNm,StrtNm,Max70Text,0,1
pacs.002.001.12,/Document/FIToFIPmtStsRpt/TxInfAndSts/OrgnlTxRef/MndtRltdInf/DrctDbtMndt/AmdmntInfDtls/OrgnlDbtr/PstlAdr/BldgNb,BldgNb,Max16Text,0,1
pacs.002.001.12,/Document/FIToFIPmtStsRpt/TxInfAndSts/OrgnlTxRef/MndtRltdInf/DrctDbtMndt/AmdmntInfDtls/OrgnlDbtr/PstlAdr/BldgNm,BldgNm,Max35Text,0,1
pacs.002.001.12,/Document/FIToFIPmtStsRpt/TxInfAndSts/OrgnlTxRef/MndtRltdInf/DrctDbtMndt/AmdmntInfDtls/OrgnlDbtr/PstlAdr/Flr,Flr,Max70Text,0,1
pacs.002.001.12,/Document/FIToFIPmtStsRpt/TxInfAndSts/OrgnlTxRef/MndtRltdInf/DrctDbtMndt/AmdmntInfDtls/OrgnlDbtr/PstlAdr/PstBx,PstBx,Max16Text,0,1
pacs.002.001.12,/Document/FIToFIPmtStsRpt/TxInfAndSts/OrgnlTxRef/MndtRltdInf/DrctDbtMndt/AmdmntInfDtls/OrgnlDbtr/PstlAdr/Room,Room,Max70Text,0,1
pacs.002.001.12,/Document/FIToFIPmtStsRpt/TxInfAndSts/OrgnlTxRef/MndtRltdInf/DrctDbtMndt/AmdmntInfDtls/OrgnlDbtr/PstlAdr/PstCd,PstCd,Max16Text,0,1
pacs.002.001.12,/Document/FIToFIPmtStsRpt/TxInfAndSts/OrgnlTxRef/MndtRltdInf/DrctDbtMndt/AmdmntInfDtls/OrgnlDbtr/PstlAdr/TwnNm,TwnNm,Max35Text,0,1
pacs.002.001.12,/Document/FIToFIPmtStsRpt/TxInfAndSts/OrgnlTxRef/MndtRltdInf/DrctDbtMndt/AmdmntInfDtls/OrgnlDbtr/PstlAdr/TwnLctnNm,TwnLctnNm,Max35Text,0,1
pacs.002.001.12,/Document/FIToFIPmtStsRpt/TxInfAndSts/OrgnlTxRef/MndtRltdInf/DrctDbtMndt/AmdmntInfDtls/OrgnlDbtr/PstlAdr/DstrctNm,DstrctNm,Max35Text,0,1
pacs.002.001.12,/Document/FIToFIPmtStsRpt/TxInfAndSts/OrgnlTxRef/MndtRltdInf/DrctDbtMndt/AmdmntInfDtls/OrgnlDbtr/PstlAdr/CtrySubDvsn,CtrySubDvsn,Max35Text,0,1
pacs.002.001.12,/Document/FIToFIPmtStsRpt/TxInfAndSts/OrgnlTxRef/MndtRltdInf/DrctDbtMndt/AmdmntInfDtls/OrgnlDbtr/PstlAdr/Ctry,Ctry,CountryCode,0,1
pacs.002.001.12,/Document/FIToFIPmtStsRpt/TxInfAndSts/OrgnlTxRef/MndtRltdInf/DrctDbtMndt/AmdmntInfDtls/OrgnlDbtr/PstlAdr/AdrLine,AdrLine,Max70Text,0,7
pacs.002.001.12,/Document/FIToFIPmtStsRpt/TxInfAndSts/OrgnlTxRef/MndtRltdInf/DrctDbtMndt/AmdmntInfDtls/OrgnlDbtr/Id,Id,Party38Choice,0,1
pacs.002.001.12,/Document/FIToFIPmtStsRpt/TxInfAndSts/OrgnlTxRef/MndtRltdInf/DrctDbtMndt/AmdmntInfDtls/OrgnlDbtr/Id/OrgId,OrgId,OrganisationIdentification29,1,1
pacs.002.001.12,/Document/FIToFIPmtStsRpt/TxInfAndSts/OrgnlTxRef/MndtRltdInf/DrctDbtMndt/AmdmntInfDtls/OrgnlDbtr/Id/OrgId/AnyBIC,AnyBIC,AnyBICDec2014Identifier,0,1
pacs.002.001.12,/Document/FIToFIPmtStsRpt/TxInfAndSts/OrgnlTxRef/MndtRltdInf/DrctDbtMndt/AmdmntInfDtls/OrgnlDbtr/Id/OrgId/LEI,LEI,LEIIdentifier,0,1
pacs.002.001.12,/Document/FIToFIPmtStsRpt/TxInfAndSts/OrgnlTxRef/MndtRltdInf/DrctDbtMndt/AmdmntInfDtls/OrgnlDbtr/Id/OrgId/Othr,Othr,GenericOrganisationIdentification1,0,
pacs.002.001.12,/Document/FIToFIPmtStsRpt/TxInfAndSts/OrgnlTxRef/MndtRltdInf/DrctDbtMndt/AmdmntInfDtls/OrgnlDbtr/Id/OrgId/Othr/Id,Id,Max35Text,1,1
pacs.002.001.12,/Document/FIToFIPmtStsRpt/TxInfAndSts/OrgnlTxRef/MndtRltdInf/DrctDbtMndt/AmdmntInfDtls/OrgnlDbtr/Id/OrgId/Othr/SchmeNm,SchmeNm,OrganisationIdentificationSchemeName1Choice,0,1
pacs.002.001.12,/Document/FIToFIPmtStsRpt/TxInfAndSts/OrgnlTxRef/MndtRltdInf/DrctDbtMndt/AmdmntInfDtls/OrgnlDbtr/Id/OrgId/Othr/SchmeNm/Cd,Cd,ExternalOrganisationIdentification1Code,1,1
pacs.002.001.12,/Document/FIToFIPmtStsRpt/TxInfAndSts/OrgnlTxRef/MndtRltdInf/DrctDbtMndt/AmdmntInfDtls/OrgnlDbtr/Id/OrgId/Othr/SchmeNm/Prtry,Prtry,Max35Text,1,1
pacs.002.001.12,/Document/FIToFIPmtStsRpt/TxInfAndSts/OrgnlTxRef/MndtRltdInf/DrctDbtMndt/AmdmntInfDtls/OrgnlDbtr/Id/OrgId/Othr/Issr,Issr,Max35Text,0,1
pacs.002.001.12,/Document/FIToFIPmtStsRpt/TxInfAndSts/OrgnlTxRef/MndtRltdInf/DrctDbtMndt/AmdmntInfDtls/OrgnlDbtr/Id/PrvtId,PrvtId,PersonIdentification13,1,1
pacs.002.001.12,/Document/FIToFIPmtStsRpt/TxInfAndSts/OrgnlTxRef/MndtRltdInf/DrctDbtMndt/AmdmntInfDtls/OrgnlDbtr/Id/PrvtId/DtAndPlcOfBirth,DtAndPlcOfBirth,DateAndPlaceOfBirth1,0,1
pacs.002.001.12,/Document/FIToFIPmtStsRpt/TxInfAndSts/OrgnlTxRef/MndtRltdInf/DrctDbtMndt/AmdmntInfDtls/OrgnlDbtr/Id/PrvtId/DtAndPlcOfBirth/BirthDt,BirthDt,ISODate,1,1
pacs.002.001.12,/Document/FIToFIPmtStsRpt/TxInfAndSts/OrgnlTxRef/MndtRltdInf/DrctDbtMndt/AmdmntInfDtls/OrgnlDbtr/Id/PrvtId/DtAndPlcOfBirth/PrvcOfBirth,PrvcOfBirth,Max35Text,0,1
pacs.002.001.12,/Document/FIToFIPmtStsRpt/TxInfAndSts/OrgnlTxRef/MndtRltdInf/DrctDbtMndt/AmdmntInfDtls/OrgnlDbtr/Id/PrvtId/DtAndPlcOfBirth/CityOfBirth,CityOfBirth,Max35Text,1,1
pacs.002.001.12,/Document/FIToFIPmtStsRpt/TxInfAndSts/OrgnlTxRef/MndtRltdInf/DrctDbtMndt/AmdmntInfDtls/OrgnlDbtr/Id/PrvtId/DtAndPlcOfBirth/CtryOfBirth,CtryOfBirth,CountryCode,1,1
pacs.002.001.12,/Document/FIToFIPmtStsRpt/TxInfAndSts/OrgnlTxRef/MndtRltdInf/DrctDbtMndt/AmdmntInfDtls/OrgnlDbtr/Id/PrvtId/Othr,Othr,GenericPersonIdentification1,0,
pacs.002.001.12,/Document/FIToFIPmtStsRpt/TxInfAndSts/OrgnlTxRef/MndtRltdInf/DrctDbtMndt/AmdmntInfDtls/OrgnlDbtr/Id/PrvtId/Othr/Id,Id,Max35Text,1,1
pacs.002.001.12,/Document/FIToFIPmtStsRpt/TxInfAndSts/OrgnlTxRef/MndtRltdInf/DrctDbtMndt/AmdmntInfDtls/OrgnlDbtr/Id/PrvtId/Othr/SchmeNm,SchmeNm,PersonIdentificationSchemeName1Choice,0,1
pacs.002.001.12,/Document/FIToFIPmtStsRpt/TxInfAndSts/OrgnlTxRef/MndtRltdInf/DrctDbtMndt/AmdmntInfDtls/OrgnlDbtr/Id/PrvtId/Othr/SchmeNm/Cd,Cd,ExternalPersonIdentification1Code,1,1
pacs.002.001.12,/Document/FIToFIPmtStsRpt/TxInfAndSts/OrgnlTxRef/MndtRltdInf/DrctDbtMndt/AmdmntInfDtls/OrgnlDbtr/Id/PrvtId/Othr/SchmeNm/Prtry,Prtry,Max35Text,1,1
pacs.002.001.12,/Document/FIToFIPmtStsRpt/TxInfAndSts/OrgnlTxRef/MndtRltdInf/DrctDbtMndt/AmdmntInfDtls/OrgnlDbtr/Id/PrvtId/Othr/Issr,Issr,Max35Text,0,1
pacs.002.001.12,/Document/FIToFIPmtStsRpt/TxInfAndSts/OrgnlTxRef/MndtRltdInf/DrctDbtMndt/AmdmntInfDtls/OrgnlDbtr/CtryOfRes,CtryOfRes,CountryCode,0,1
pacs.002.001.12,/Document/FIToFIPmtStsRpt/TxInfAndSts/OrgnlTxRef/MndtRltdInf/DrctDbtMndt/AmdmntInfDtls/OrgnlDbtr/CtctDtls,CtctDtls,Contact4,0,1
pacs.002.001.12,/Document/FIToFIPmtStsRpt/TxInfAndSts/OrgnlTxRef/MndtRltdInf/DrctDbtMndt/AmdmntInfDtls/OrgnlDbtr/CtctDtls/NmPrfx,NmPrfx,NamePrefix2Code,0,1
pacs.002.001.12,/Document/FIToFIPmtStsRpt/TxInfAndSts/OrgnlTxRef/MndtRltdInf/DrctDbtMndt/AmdmntInfDtls/OrgnlDbtr/CtctDtls/Nm,Nm,Max140Text,0,1
pacs.002.001.12,/Document/FIToFIPmtStsRpt/TxInfAndSts/OrgnlTxRef/MndtRltdInf/DrctDbtMndt/AmdmntInfDtls/OrgnlDbtr/CtctDtls/PhneNb,PhneNb,PhoneNumber,0,1
pacs.002.001.12,/Document/FIToFIPmtStsRpt/TxInfAndSts/OrgnlTxRef/MndtRltdInf/DrctDbtMndt/AmdmntInfDtls/OrgnlDbtr/CtctDtls/MobNb,MobNb,PhoneNumber,0,1
pacs.002.001.12,/Document/FIToFIPmtStsRpt/TxInfAndSts/OrgnlTxRef/MndtRltdInf/DrctDbtMndt/AmdmntInfDtls/OrgnlDbtr/CtctDtls/FaxNb,FaxNb,PhoneNumber,0,1
pacs.002.001.12,/Document/FIToFIPmtStsRpt/TxInfAndSts/OrgnlTxRef/MndtRltdInf/DrctDbtMndt/AmdmntInfDtls/OrgnlDbtr/CtctDtls/EmailAdr,EmailAdr,Max2048Text,0,1
pacs.002.001.12,/Document/FIToFIPmtStsRpt/TxInfAndSts/OrgnlTxRef/MndtRltdInf/DrctDbtMndt/AmdmntInfDtls/OrgnlDbtr/CtctDtls/EmailPurp,EmailPurp,Max35Text,0,1
pacs.002.001.12,/Document/FIToFIPmtStsRpt/TxInfAndSts/OrgnlTxRef/MndtRltdInf/DrctDbtMndt/AmdmntInfDtls/OrgnlDbtr/CtctDtls/JobTitl,JobTitl,Max35Text,0,1
pacs.002.001.12,/Document/FIToFIPmtStsRpt/TxInfAndSts/OrgnlTxRef/MndtRltdInf/DrctDbtMndt/AmdmntInfDtls/OrgnlDbtr/CtctDtls/Rspnsblty,Rspnsblty,Max35Text,0,1
pacs.002.001.12,/Document/FIToFIPmtStsRpt/TxInfAndSts/OrgnlTxRef/MndtRltdInf/DrctDbtMndt/AmdmntInfDtls/OrgnlDbtr/CtctDtls/Dept,Dept,Max70Text,0,1
pacs.002.001.12,/Document/FIToFIPmtStsRpt/TxInfAndSts/OrgnlTxRef/MndtRltdInf/DrctDbtMndt/AmdmntInfDtls/OrgnlDbtr/CtctDtls/Othr,Othr,OtherContact1,0,
pacs.002.001.12,/Document/FIToFIPmtStsRpt/TxInfAndSts/OrgnlTxRef/MndtRltdInf/DrctDbtMndt/AmdmntInfDtls/OrgnlDbtr/CtctDtls/Othr/ChanlTp,ChanlTp,Max4Text,1,1
pacs.002.001.12,/Document/FIToFIPmtStsRpt/TxInfAndSts/OrgnlTxRef/MndtRltdInf/DrctDbtMndt/AmdmntInfDtls/OrgnlDbtr/CtctDtls/Othr/Id,Id,Max128Text,0,1
pacs.002.001.12,/Document/FIToFIPmtStsRpt/TxInfAndSts/OrgnlTxRef/MndtRltdInf/DrctDbtMndt/AmdmntInfDtls/OrgnlDbtr/CtctDtls/PrefrdMtd,PrefrdMtd,PreferredContactMethod1Code,0,1
pacs.002.001.12,/Document/FIToFIPmtStsRpt/TxInfAndSts/OrgnlTxRef/MndtRltdInf/DrctDbtMndt/AmdmntInfDtls/OrgnlDbtrAcct,OrgnlDbtrAcct,CashAccount40,0,1
pacs.002.001.12,/Document/FIToFIPmtStsRpt/TxInfAndSts/OrgnlTxRef/MndtRltdInf/DrctDbtMndt/AmdmntInfDtls/OrgnlDbtrAcct/Id,Id,AccountIdentification4Choice,0,1
pacs.002.001.12,/Document/FIToFIPmtStsRpt/TxInfAndSts/OrgnlTxRef/MndtRltdInf/DrctDbtMndt/AmdmntInfDtls/OrgnlDbtrAcct/Id/IBAN,IBAN,IBAN2007Identifier,1,1
pacs.002.001.12,/Document/FIToFIPmtStsRpt/TxInfAndSts/OrgnlTxRef/MndtRltdInf/DrctDbtMndt/AmdmntInfDtls/OrgnlDbtrAcct/Id/Othr,Othr,GenericAccountIdentification1,1,1
pacs.002.001.12,/Document/FIToFIPmtStsRpt/TxInfAndSts/OrgnlTxRef/MndtRltdInf/DrctDbtMndt/AmdmntInfDtls/OrgnlDbtrAcct/Id/Othr/Id,Id,Max34Text,1,1
pacs.002.001.12,/Document/FIToFIPmtStsRpt/TxInfAndSts/OrgnlTxRef/MndtRltdInf/DrctDbtMndt/AmdmntInfDtls/OrgnlDbtrAcct/Id/Othr/SchmeNm,SchmeNm,AccountSchemeName1Choice,0,1
pacs.002.001.12,/Document/FIToFIPmtStsRpt/TxInfAndSts/OrgnlTxRef/MndtRltdInf/DrctDbtMndt/AmdmntInfDtls/OrgnlDbtrAcct/Id/Othr/SchmeNm/Cd,Cd,ExternalAccountIdentification1Code,1,1
pacs.002.001.12,/Document/FIToFIPmtStsRpt/TxInfAndSts/OrgnlTxRef/MndtRltdInf/DrctDbtMndt/AmdmntInfDtls/OrgnlDbtrAcct/Id/Othr/SchmeNm/Prtry,Prtry,Max35Text,1,1
pacs.002.001.12,/Document/FIToFIPmtStsRpt/TxInfAndSts/OrgnlTxRef/MndtRltdInf/DrctDbtMndt/AmdmntInfDtls/OrgnlDbtrAcct/Id/Othr/Issr,Issr,Max35Text,0,1
pacs.002.001.12,/Document/FIToFIPmtStsRpt/TxInfAndSts/OrgnlTxRef/MndtRltdInf/DrctDbtMndt/AmdmntInfDtls/OrgnlDbtrAcct/Tp,Tp,CashAccountType2Choice,0,1
pacs.002.001.12,/Document/FIToFIPmtStsRpt/TxInfAndSts/OrgnlTxRef/MndtRltdInf/DrctDbtMndt/AmdmntInfDtls/OrgnlDbtrAcct/Tp/Cd,Cd,ExternalCashAccountType1Code,1,1
pacs.002.001.12,/Document/FIToFIPmtStsRpt/TxInfAndSts/OrgnlTxRef/MndtRltdInf/DrctDbtMndt/AmdmntInfDtls/OrgnlDbtrAcct/Tp/Prtry,Prtry,Max35Text,1,1
pacs.002.001.12,/Document/FIToFIPmtStsRpt/TxInfAndSts/OrgnlTxRef/MndtRltdInf/DrctDbtMndt/AmdmntInfDtls/OrgnlDbtrAcct/Ccy,Ccy,ActiveOrHistoricCurrencyCode,0,1
pacs.002.001.12,/Document/FIToFIPmtStsRpt/TxInfAndSts/OrgnlTxRef/MndtRltdInf/DrctDbtMndt/AmdmntInfDtls/OrgnlDbtrAcct/Nm,Nm,Max70Text,0,1
pacs.002.001.12,/Document/FIToFIPmtStsRpt/TxInfAndSts/OrgnlTxRef/MndtRltdInf/DrctDbtMndt/AmdmntInfDtls/OrgnlDbtrAcct/Prxy,Prxy,ProxyAccountIdentification1,0,1
pacs.002.001.12,/Document/FIToFIPmtStsRpt/TxInfAndSts/OrgnlTxRef/MndtRltdInf/DrctDbtMndt/AmdmntInfDtls/OrgnlDbtrAcct/Prxy/Tp,Tp,ProxyAccountType1Choice,0,1
pacs.002.001.12,/Document/FIToFIPmtStsRpt/TxInfAndSts/OrgnlTxRef/MndtRltdInf/DrctDbtMndt/AmdmntInfDtls/OrgnlDbtrAcct/Prxy/Tp/Cd,Cd,ExternalProxyAccountType1Code,1,1
pacs.002.001.12,/Document/FIToFIPmtStsRpt/TxInfAndSts/OrgnlTxRef/MndtRltdInf/DrctDbtMndt/AmdmntInfDtls/OrgnlDbtrAcct/Prxy/Tp/Prtry,Prtry,Max35Text,1,1
pacs.002.001.12,/Document/FIToFIPmtStsRpt/TxInfAndSts/OrgnlTxRef/MndtRltdInf/DrctDbtMndt/AmdmntInfDtls/OrgnlDbtrAcct/Prxy/Id,Id,Max2048Text,1,1
pacs.002.001.12,/Document/FIToFIPmtStsRpt/TxInfAndSts/OrgnlTxRef/MndtRltdInf/DrctDbtMndt/AmdmntInfDtls/OrgnlDbtrAgt,OrgnlDbtrAgt,BranchAndFinancialInstitutionIdentification6,0,1
pacs.002.001.12,/Document/FIToFIPmtStsRpt/TxInfAndSts/OrgnlTxRef/MndtRltdInf/DrctDbtMndt/AmdmntInfDtls/OrgnlDbtrAgt/FinInstnId,FinInstnId,FinancialInstitutionIdentification18,1,1
pacs.002.001.12,/Document/FIToFIPmtStsRpt/TxInfAndSts/OrgnlTxRef/MndtRltdInf/DrctDbtMndt/AmdmntInfDtls/OrgnlDbtrAgt/FinInstnId/BICFI,BICFI,BICFIDec2014Identifier,0,1
pacs.002.001.12,/Document/FIToFIPmtStsRpt/TxInfAndSts/OrgnlTxRef/MndtRltdInf/DrctDbtMndt/AmdmntInfDtls/OrgnlDbtrAgt/FinInstnId/ClrSysMmbId,ClrSysMmbId,ClearingSystemMemberIdentification2,0,1
pacs.002.001.12,/Document/FIToFIPmtStsRpt/TxInfAndSts/OrgnlTxRef/MndtRltdInf/DrctDbtMndt/AmdmntInfDtls/OrgnlDbtrAgt/FinInstnId/ClrSysMmbId/ClrSysId,ClrSysId,ClearingSystemIdentification2Choice,0,1
pacs.002.001.12,/Document/FIToFIPmtStsRpt/TxInfAndSts/OrgnlTxRef/MndtRltdInf/DrctDbtMndt/AmdmntInfDtls/OrgnlDbtrAgt/FinInstnId/ClrSysMmbId/ClrSysId/Cd,Cd,ExternalClearingSystemIdentification1Code,1,1
pacs.002.001.12,/Document/FIToFIPmtStsRpt/TxInfAndSts/OrgnlTxRef/MndtRltdInf/DrctDbtMndt/AmdmntInfDtls/OrgnlDbtrAgt/FinInstnId/ClrSysMmbId/ClrSysId/Prtry,Prtry,Max35Text,1,1
pacs.002.001.12,/Document/FIToFIPmtStsRpt/TxInfAndSts/OrgnlTxRef/MndtRltdInf/DrctDbtMndt/AmdmntInfDtls/OrgnlDbtrAgt/FinInstnId/ClrSysMmbId/MmbId,MmbId,Max35Text,1,1
pacs.002.001.12,/Document/FIToFIPmtStsRpt/TxInfAndSts/OrgnlTxRef/MndtRltdInf/DrctDbtMndt/AmdmntInfDtls/OrgnlDbtrAgt/FinInstnId/LEI,LEI,LEIIdentifier,0,1
pacs.002.001.12,/Document/FIToFIPmtStsRpt/TxInfAndSts/OrgnlTxRef/MndtRltdInf/DrctDbtMndt/AmdmntInfDtls/OrgnlDbtrAgt/FinInstnId/Nm,Nm,Max140Text,0,1
pacs.002.001.12,/Document/FIToFIPmtStsRpt/TxInfAndSts/OrgnlTxRef/MndtRltdInf/DrctDbtMndt/AmdmntInfDtls/OrgnlDbtrAgt/FinInstnId/PstlAdr,PstlAdr,PostalAddress24,0,1
pacs.002.001.12,/Document/FIToFIPmtStsRpt/TxInfAndSts/OrgnlTxRef/MndtRltdInf/DrctDbtMndt/AmdmntInfDtls/OrgnlDbtrAgt/FinInstnId/PstlAdr/AdrTp,AdrTp,AddressType3Choice,0,1
pacs.002.001.12,/Document/FIToFIPmtStsRpt/TxInfAndSts/OrgnlTxRef/MndtRltdInf/DrctDbtMndt/AmdmntInfDtls/OrgnlDbtrAgt/FinInstnId/PstlAdr/AdrTp/Cd,Cd,AddressType2Code,1,1
pacs.002.001.12,/Document/FIToFIPmtStsRpt/TxInfAndSts/OrgnlTxRef/MndtRltdInf/DrctDbtMndt/AmdmntInfDtls/OrgnlDbtrAgt/FinInstnId/PstlAdr/AdrTp/Prtry,Prtry,GenericIdentification30,1,1
pacs.002.001.12,/Document/FIToFIPmtStsRpt/TxInfAndSts/OrgnlTxRef/MndtRltdInf/DrctDbtMndt/AmdmntInfDtls/OrgnlDbtrAgt/FinInstnId/PstlAdr/AdrTp/Prtry/Id,Id,Exact4AlphaNumericText,1,1
pacs.002.001.12,/Document/FIToFIPmtStsRpt/TxInfAndSts/OrgnlTxRef/MndtRltdInf/DrctDbtMndt/AmdmntInfDtls/OrgnlDbtrAgt/FinInstnId/PstlAdr/AdrTp/Prtry/Issr,Issr,Max35Text,1,1
pacs.002.001.12,/Document/FIToFIPmtStsRpt/TxInfAndSts/OrgnlTxRef/MndtRltdInf/DrctDbtMndt/AmdmntInfDtls/OrgnlDbtrAgt/FinInstnId/PstlAdr/AdrTp/Prtry/SchmeNm,SchmeNm,Max35Text,0,1
pacs.002.001.12,/Document/FIToFIPmtStsRpt/TxInfAndSts/OrgnlTxRef/MndtRltdInf/DrctDbtMndt/AmdmntInfDtls/OrgnlDbtrAgt/FinInstnId/PstlAdr/Dept,Dept,Max70Text,0,1
pacs.002.001.12,/Document/FIToFIPmtStsRpt/TxInfAndSts/OrgnlTxRef/MndtRltdInf/DrctDbtMndt/AmdmntInfDtls/OrgnlDbtrAgt/FinInstnId/PstlAdr/SubDept,SubDept,Max70Text,0,1
pacs.002.001.12,/Document/FIToFIPmtStsRpt/TxInfAndSts/OrgnlTxRef/MndtRltdInf/DrctDbtMndt/AmdmntInfDtls/OrgnlDbtrAgt/FinInstnId/PstlAdr/StrtNm,StrtNm,Max70Text,0,1
pacs.002.001.12,/Document/FIToFIPmtStsRpt/TxInfAndSts/OrgnlTxRef/MndtRltdInf/DrctDbtMndt/AmdmntInfDtls/OrgnlDbtrAgt/FinInstnId/PstlAdr/BldgNb,BldgNb,Max16Text,0,1
pacs.002.001.12,/Document/FIToFIPmtStsRpt/TxInfAndSts/OrgnlTxRef/MndtRltdInf/DrctDbtMndt/AmdmntInfDtls/OrgnlDbtrAgt/FinInstnId/PstlAdr/BldgNm,BldgNm,Max35Text,0,1
pacs.002.001.12,/Document/FIToFIPmtStsRpt/TxInfAndSts/OrgnlTxRef/MndtRltdInf/DrctDbtMndt/AmdmntInfDtls/OrgnlDbtrAgt/FinInstnId/PstlAdr/Flr,Flr,Max70Text,0,1
pacs.002.001.12,/Document/FIToFIPmtStsRpt/TxInfAndSts/OrgnlTxRef/MndtRltdInf/DrctDbtMndt/AmdmntInfDtls/OrgnlDbtrAgt/FinInstnId/PstlAdr/PstBx,PstBx,Max16Text,0,1
pacs.002.001.12,/Document/FIToFIPmtStsRpt/TxInfAndSts/OrgnlTxRef/MndtRltdInf/DrctDbtMndt/AmdmntInfDtls/OrgnlDbtrAgt/FinInstnId/PstlAdr/Room,Room,Max70Text,0,1
pacs.002.001.12,/Document/FIToFIPmtStsRpt/TxInfAndSts/OrgnlTxRef/MndtRltdInf/DrctDbtMndt/AmdmntInfDtls/OrgnlDbtrAgt/FinInstnId/PstlAdr/PstCd,PstCd,Max16Text,0,1
pacs.002.001.12,/Document/FIToFIPmtStsRpt/TxInfAndSts/OrgnlTxRef/MndtRltdInf/DrctDbtMndt/AmdmntInfDtls/OrgnlDbtrAgt/FinInstnId/PstlAdr/TwnNm,TwnNm,Max35Text,0,1
pacs.002.001.12,/Document/FIToFIPmtStsRpt/TxInfAndSts/OrgnlTxRef/MndtRltdInf/DrctDbtMndt/AmdmntInfDtls/OrgnlDbtrAgt/FinInstnId/PstlAdr/TwnLctnNm,TwnLctnNm,Max35Text,0,1
pacs.002.001.12,/Document/FIToFIPmtStsRpt/TxInfAndSts/OrgnlTxRef/MndtRltdInf/DrctDbtMndt/AmdmntInfDtls/OrgnlDbtrAgt/FinInstnId/PstlAdr/DstrctNm,DstrctNm,Max35Text,0,1
pacs.002.001.12,/Document/FIToFIPmtStsRpt/TxInfAndSts/OrgnlTxRef/MndtRltdInf/DrctDbtMndt/AmdmntInfDtls/OrgnlDbtrAgt/FinInstnId/PstlAdr/CtrySubDvsn,CtrySubDvsn,Max35Text,0,1
pacs.002.001.12,/Document/FIToFIPmtStsRpt/TxInfAndSts/OrgnlTxRef/MndtRltdInf/DrctDbtMndt/AmdmntInfDtls/OrgnlDbtrAgt/FinInstnId/PstlAdr/Ctry,Ctry,CountryCode,0,1
pacs.002.001.12,/Document/FIToFIPmtStsRpt/TxInfAndSts/OrgnlTxRef/MndtRltdInf/DrctDbtMndt/AmdmntInfDtls/OrgnlDbtrAgt/FinInstnId/PstlAdr/AdrLine,AdrLine,Max70Text,0,7
pacs.002.001.12,/Document/FIToFIPmtStsRpt/TxInfAndSts/OrgnlTxRef/MndtRltdInf/DrctDbtMndt/AmdmntInfDtls/OrgnlDbtrAgt/FinInstnId/Othr,Othr,GenericFinancialIdentification1,0,1
pacs.002.001.12,/Document/FIToFIPmtStsRpt/TxInfAndSts/OrgnlTxRef/MndtRltdInf/DrctDbtMndt/AmdmntInfDtls/OrgnlDbtrAgt/FinInstnId/Othr/Id,Id,Max35Text,1,1
pacs.002.001.12,/Document/FIToFIPmtStsRpt/TxInfAndSts/OrgnlTxRef/MndtRltdInf/DrctDbtMndt/AmdmntInfDtls/OrgnlDbtrAgt/FinInstnId/Othr/SchmeNm,SchmeNm,FinancialIdentificationSchemeName1Choice,0,1
pacs.002.001.12,/Document/FIToFIPmtStsRpt/TxInfAndSts/OrgnlTxRef/MndtRltdInf/DrctDbtMndt/AmdmntInfDtls/OrgnlDbtrAgt/FinInstnId/Othr/SchmeNm/Cd,Cd,ExternalFinancialInstitutionIdentification1Code,1,1
pacs.002.001.12,/Document/FIToFIPmtStsRpt/TxInfAndSts/OrgnlTxRef/MndtRltdInf/DrctDbtMndt/AmdmntInfDtls/OrgnlDbtrAgt/FinInstnId/Othr/SchmeNm/Prtry,Prtry,Max35Text,1,1
pacs.002.001.12,/Document/FIToFIPmtStsRpt/TxInfAndSts/OrgnlTxRef/MndtRltdInf/DrctDbtMndt/AmdmntInfDtls/OrgnlDbtrAgt/FinInstnId/Othr/Issr,Issr,Max35Text,0,1
pacs.002.001.12,/Document/FIToFIPmtStsRpt/TxInfAndSts/OrgnlTxRef/MndtRltdInf/DrctDbtMndt/AmdmntInfDtls/OrgnlDbtrAgt/BrnchId,BrnchId,BranchData3,0,1
pacs.002.001.12,/Document/FIToFIPmtStsRpt/TxInfAndSts/OrgnlTxRef/MndtRltdInf/DrctDbtMndt/AmdmntInfDtls/OrgnlDbtrAgt/BrnchId/Id,Id,Max35Text,0,1
pacs.002.001.12,/Document/FIToFIPmtStsRpt/TxInfAndSts/OrgnlTxRef/MndtRltdInf/DrctDbtMndt/AmdmntInfDtls/OrgnlDbtrAgt/BrnchId/LEI,LEI,LEIIdentifier,0,1
pacs.002.001.12,/Document/FIToFIPmtStsRpt/TxInfAndSts/OrgnlTxRef/MndtRltdInf/DrctDbtMndt/AmdmntInfDtls/OrgnlDbtrAgt/BrnchId/Nm,Nm,Max140Text,0,1
pacs.002.001.12,/Document/FIToFIPmtStsRpt/TxInfAndSts/OrgnlTxRef/MndtRltdInf/DrctDbtMndt/AmdmntInfDtls/OrgnlDbtrAgt/BrnchId/PstlAdr,PstlAdr,PostalAddress24,0,1
pacs.002.001.12,/Document/FIToFIPmtStsRpt/TxInfAndSts/OrgnlTxRef/MndtRltdInf/DrctDbtMndt/AmdmntInfDtls/OrgnlDbtrAgt/BrnchId/PstlAdr/AdrTp,AdrTp,AddressType3Choice,0,1
pacs.002.001.12,/Document/FIToFIPmtStsRpt/TxInfAndSts/OrgnlTxRef/MndtRltdInf/DrctDbtMndt/AmdmntInfDtls/OrgnlDbtrAgt/BrnchId/PstlAdr/AdrTp/Cd,Cd,AddressType2Code,1,1
pacs.002.001.12,/Document/FIToFIPmtStsRpt/TxInfAndSts/OrgnlTxRef/MndtRltdInf/DrctDbtMndt/AmdmntInfDtls/OrgnlDbtrAgt/BrnchId/PstlAdr/AdrTp/Prtry,Prtry,GenericIdentification30,1,1
pacs.002.001.12,/Document/FIToFIPmtStsRpt/TxInfAndSts/OrgnlTxRef/MndtRltdInf/DrctDbtMndt/AmdmntInfDtls/OrgnlDbtrAgt/BrnchId/PstlAdr/AdrTp/Prtry/Id,Id,Exact4AlphaNumericText,1,1
pacs.002.001.12,/Document/FIToFIPmtStsRpt/TxInfAndSts/OrgnlTxRef/MndtRltdInf/DrctDbtMndt/AmdmntInfDtls/OrgnlDbtrAgt/BrnchId/PstlAdr/AdrTp/Prtry/Issr,Issr,Max35Text,1,1
pacs.002.001.12,/Document/FIToFIPmtStsRpt/TxInfAndSts/OrgnlTxRef/MndtRltdInf/DrctDbtMndt/AmdmntInfDtls/OrgnlDbtrAgt/BrnchId/PstlAdr/AdrTp/Prtry/SchmeNm,SchmeNm,Max35Text,0,1
pacs.002.001.12,/Document/FIToFIPmtStsRpt/TxInfAndSts/OrgnlTxRef/MndtRltdInf/DrctDbtMndt/AmdmntInfDtls/OrgnlDbtrAgt/BrnchId/PstlAdr/Dept,Dept,Max70Text,0,1
pacs.002.001.12,/Document/FIToFIPmtStsRpt/TxInfAndSts/OrgnlTxRef/MndtRltdInf/DrctDbtMndt/AmdmntInfDtls/OrgnlDbtrAgt/BrnchId/PstlAdr/SubDept,SubDept,Max70Text,0,1
pacs.002.001.12,/Document/FIToFIPmtStsRpt/TxInfAndSts/OrgnlTxRef/MndtRltdInf/DrctDbtMndt/AmdmntInfDtls/OrgnlDbtrAgt/BrnchId/PstlAdr/StrtNm,StrtNm,Max70Text,0,1
pacs.002.001.12,/Document/FIToFIPmtStsRpt/TxInfAndSts/OrgnlTxRef/MndtRltdInf/DrctDbtMndt/AmdmntInfDtls/OrgnlDbtrAgt/BrnchId/PstlAdr/BldgNb,BldgNb,Max16Text,0,1
pacs.002.001.12,/Document/FIToFIPmtStsRpt/TxInfAndSts/OrgnlTxRef/MndtRltdInf/DrctDbtMndt/AmdmntInfDtls/OrgnlDbtrAgt/BrnchId/PstlAdr/BldgNm,BldgNm,Max35Text,0,1
pacs.002.001.12,/Document/FIToFIPmtStsRpt/TxInfAndSts/OrgnlTxRef/MndtRltdInf/DrctDbtMndt/AmdmntInfDtls/OrgnlDbtrAgt/BrnchId/PstlAdr/Flr,Flr,Max70Text,0,1
pacs.002.001.12,/Document/FIToFIPmtStsRpt/TxInfAndSts/OrgnlTxRef/MndtRltdInf/DrctDbtMndt/AmdmntInfDtls/OrgnlDbtrAgt/BrnchId/PstlAdr/PstBx,PstBx,Max16Text,0,1
pacs.002.001.12,/Document/FIToFIPmtStsRpt/TxInfAndSts/OrgnlTxRef/MndtRltdInf/DrctDbtMndt/AmdmntInfDtls/OrgnlDbtrAgt/BrnchId/PstlAdr/Room,Room,Max70Text,0,1
pacs.002.001.12,/Document/FIToFIPmtStsRpt/TxInfAndSts/OrgnlTxRef/MndtRltdInf/DrctDbtMndt/AmdmntInfDtls/OrgnlDbtrAgt/BrnchId/PstlAdr/PstCd,PstCd,Max16Text,0,1
pacs.002.001.12,/Document/FIToFIPmtStsRpt/TxInfAndSts/OrgnlTxRef/MndtRltdInf/DrctDbtMndt/AmdmntInfDtls/OrgnlDbtrAgt/BrnchId/PstlAdr/TwnNm,TwnNm,Max35Text,0,1
pacs.002.001.12,/Document/FIToFIPmtStsRpt/TxInfAndSts/OrgnlTxRef/MndtRltdInf/DrctDbtMndt/AmdmntInfDtls/OrgnlDbtrAgt/BrnchId/PstlAdr/TwnLctnNm,TwnLctnNm,Max35Text,0,1
pacs.002.001.12,/Document/FIToFIPmtStsRpt/TxInfAndSts/OrgnlTxRef/MndtRltdInf/DrctDbtMndt/AmdmntInfDtls/OrgnlDbtrAgt/BrnchId/PstlAdr/DstrctNm,DstrctNm,Max35Text,0,1
pacs.002.001.12,/Document/FIToFIPmtStsRpt/TxInfAndSts/OrgnlTxRef/MndtRltdInf/DrctDbtMndt/AmdmntInfDtls/OrgnlDbtrAgt/BrnchId/PstlAdr/CtrySubDvsn,CtrySubDvsn,Max35Text,0,1
pacs.002.001.12,/Document/FIToFIPmtStsRpt/TxInfAndSts/OrgnlTxRef/MndtRltdInf/DrctDbtMndt/AmdmntInfDtls/OrgnlDbtrAgt/BrnchId/PstlAdr/Ctry,Ctry,CountryCode,0,1
pacs.002.001.12,/Document/FIToFIPmtStsRpt/TxInfAndSts/OrgnlTxRef/MndtRltdInf/DrctDbtMndt/AmdmntInfDtls/OrgnlDbtrAgt/BrnchId/PstlAdr/AdrLine,AdrLine,Max70Text,0,7
pacs.002.001.12,/Document/FIToFIPmtStsRpt/TxInfAndSts/OrgnlTxRef/MndtRltdInf/DrctDbtMndt/AmdmntInfDtls/OrgnlDbtrAgtAcct,OrgnlDbtrAgtAcct,CashAccount40,0,1
pacs.002.001.12,/Document/FIToFIPmtStsRpt/TxInfAndSts/OrgnlTxRef/MndtRltdInf/DrctDbtMndt/AmdmntInfDtls/OrgnlDbtrAgtAcct/Id,Id,AccountIdentification4Choice,0,1
pacs.002.001.12,/Document/FIToFIPmtStsRpt/TxInfAndSts/OrgnlTxRef/MndtRltdInf/DrctDbtMndt/AmdmntInfDtls/OrgnlDbtrAgtAcct/Id/IBAN,IBAN,IBAN2007Identifier,1,1
pacs.002.001.12,/Document/FIToFIPmtStsRpt/TxInfAndSts/OrgnlTxRef/MndtRltdInf/DrctDbtMndt/AmdmntInfDtls/OrgnlDbtrAgtAcct/Id/Othr,Othr,GenericAccountIdentification1,1,1
pacs.002.001.12,/Document/FIToFIPmtStsRpt/TxInfAndSts/OrgnlTxRef/MndtRltdInf/DrctDbtMndt/AmdmntInfDtls/OrgnlDbtrAgtAcct/Id/Othr/Id,Id,Max34Text,1,1
pacs.002.001.12,/Document/FIToFIPmtStsRpt/TxInfAndSts/OrgnlTxRef/MndtRltdInf/DrctDbtMndt/AmdmntInfDtls/OrgnlDbtrAgtAcct/Id/Othr/SchmeNm,SchmeNm,AccountSchemeName1Choice,0,1
pacs.002.001.12,/Document/FIToFIPmtStsRpt/TxInfAndSts/OrgnlTxRef/MndtRltdInf/DrctDbtMndt/AmdmntInfDtls/OrgnlDbtrAgtAcct/Id/Othr/SchmeNm/Cd,Cd,ExternalAccountIdentification1Code,1,1
pacs.002.001.12,/Document/FIToFIPmtStsRpt/TxInfAndSts/OrgnlTxRef/MndtRltdInf/DrctDbtMndt/AmdmntInfDtls/OrgnlDbtrAgtAcct/Id/Othr/SchmeNm/Prtry,Prtry,Max35Text,1,1
pacs.002.001.12,/Document/FIToFIPmtStsRpt/TxInfAndSts/OrgnlTxRef/MndtRltdInf/DrctDbtMndt/AmdmntInfDtls/OrgnlDbtrAgtAcct/Id/Othr/Issr,Issr,Max35Text,0,1
pacs.002.001.12,/Document/FIToFIPmtStsRpt/TxInfAndSts/OrgnlTxRef/MndtRltdInf/DrctDbtMndt/AmdmntInfDtls/OrgnlDbtrAgtAcct/Tp,Tp,CashAccountType2Choice,0,1
pacs.002.001.12,/Document/FIToFIPmtStsRpt/TxInfAndSts/OrgnlTxRef/MndtRltdInf/DrctDbtMndt/AmdmntInfDtls/OrgnlDbtrAgtAcct/Tp/Cd,Cd,ExternalCashAccountType1Code,1,1
pacs.002.001.12,/Document/FIToFIPmtStsRpt/TxInfAndSts/OrgnlTxRef/MndtRltdInf/DrctDbtMndt/AmdmntInfDtls/OrgnlDbtrAgtAcct/Tp/Prtry,Prtry,Max35Text,1,1
pacs.002.001.12,/Document/FIToFIPmtStsRpt/TxInfAndSts/OrgnlTxRef/MndtRltdInf/DrctDbtMndt/AmdmntInfDtls/OrgnlDbtrAgtAcct/Ccy,Ccy,ActiveOrHistoricCurrencyCode,0,1
pacs.002.001.12,/Document/FIToFIPmtStsRpt/TxInfAndSts/OrgnlTxRef/MndtRltdInf/DrctDbtMndt/AmdmntInfDtls/OrgnlDbtrAgtAcct/Nm,Nm,Max70Text,0,1
pacs.002.001.12,/Document/FIToFIPmtStsRpt/TxInfAndSts/OrgnlTxRef/MndtRltdInf/DrctDbtMndt/AmdmntInfDtls/OrgnlDbtrAgtAcct/Prxy,Prxy,ProxyAccountIdentification1,0,1
pacs.002.001.12,/Document/FIToFIPmtStsRpt/TxInfAndSts/OrgnlTxRef/MndtRltdInf/DrctDbtMndt/AmdmntInfDtls/OrgnlDbtrAgtAcct/Prxy/Tp,Tp,ProxyAccountType1Choice,0,1
pacs.002.001.12,/Document/FIToFIPmtStsRpt/TxInfAndSts/OrgnlTxRef/MndtRltdInf/DrctDbtMndt/AmdmntInfDtls/OrgnlDbtrAgtAcct/Prxy/Tp/Cd,Cd,ExternalProxyAccountType1Code,1,1
pacs.002.001.12,/Document/FIToFIPmtStsRpt/TxInfAndSts/OrgnlTxRef/MndtRltdInf/DrctDbtMndt/AmdmntInfDtls/OrgnlDbtrAgtAcct/Prxy/Tp/Prtry,Prtry,Max35Text,1,1
pacs.002.001.12,/Document/FIToFIPmtStsRpt/TxInfAndSts/OrgnlTxRef/MndtRltdInf/DrctDbtMndt/AmdmntInfDtls/OrgnlDbtrAgtAcct/Prxy/Id,Id,Max2048Text,1,1
pacs.002.001.12,/Document/FIToFIPmtStsRpt/TxInfAndSts/OrgnlTxRef/MndtRltdInf/DrctDbtMndt/AmdmntInfDtls/OrgnlFnlColltnDt,OrgnlFnlColltnDt,ISODate,0,1
pacs.002.001.12,/Document/FIToFIPmtStsRpt/TxInfAndSts/OrgnlTxRef/MndtRltdInf/DrctDbtMndt/AmdmntInfDtls/OrgnlFrqcy,OrgnlFrqcy,Frequency36Choice,0,1
pacs.002.001.12,/Document/FIToFIPmtStsRpt/TxInfAndSts/OrgnlTxRef/MndtRltdInf/DrctDbtMndt/AmdmntInfDtls/OrgnlFrqcy/Tp,Tp,Frequency6Code,1,1
pacs.002.001.12,/Document/FIToFIPmtStsRpt/TxInfAndSts/OrgnlTxRef/MndtRltdInf/DrctDbtMndt/AmdmntInfDtls/OrgnlFrqcy/Prd,Prd,FrequencyPeriod1,1,1
pacs.002.001.12,/Document/FIToFIPmtStsRpt/TxInfAndSts/OrgnlTxRef/MndtRltdInf/DrctDbtMndt/AmdmntInfDtls/OrgnlFrqcy/Prd/Tp,Tp,Frequency6Code,1,1
pacs.002.001.12,/Document/FIToFIPmtStsRpt/TxInfAndSts/OrgnlTxRef/MndtRltdInf/DrctDbtMndt/AmdmntInfDtls/OrgnlFrqcy/Prd/CntPerPrd,CntPerPrd,DecimalNumber,1,1
pacs.002.001.12,/Document/FIToFIPmtStsRpt/TxInfAndSts/OrgnlTxRef/MndtRltdInf/DrctDbtMndt/AmdmntInfDtls/OrgnlFrqcy/PtInTm,PtInTm,FrequencyAndMoment1,1,1
pacs.002.001.12,/Document/FIToFIPmtStsRpt/TxInfAndSts/OrgnlTxRef/MndtRltdInf/DrctDbtMndt/AmdmntInfDtls/OrgnlFrqcy/PtInTm/Tp,Tp,Frequency6Code,1,1
pacs.002.001.12,/Document/FIToFIPmtStsRpt/TxInfAndSts/OrgnlTxRef/MndtRltdInf/DrctDbtMndt/AmdmntInfDtls/OrgnlFrqcy/PtInTm/PtInTm,PtInTm,Exact2NumericText,1,1
pacs.002.001.12,/Document/FIToFIPmtStsRpt/TxInfAndSts/OrgnlTxRef/MndtRltdInf/DrctDbtMndt/AmdmntInfDtls/OrgnlRsn,OrgnlRsn,MandateSetupReason1Choice,0,1
pacs.002.001.12,/Document/FIToFIPmtStsRpt/TxInfAndSts/OrgnlTxRef/MndtRltdInf/DrctDbtMndt/AmdmntInfDtls/OrgnlRsn/Cd,Cd,ExternalMandateSetupReason1Code,1,1
pacs.002.001.12,/Document/FIToFIPmtStsRpt/TxInfAndSts/OrgnlTxRef/MndtRltdInf/DrctDbtMndt/AmdmntInfDtls/OrgnlRsn/Prtry,Prtry,Max70Text,1,1
pacs.002.001.12,/Document/FIToFIPmtStsRpt/TxInfAndSts/OrgnlTxRef/MndtRltdInf/DrctDbtMndt/AmdmntInfDtls/OrgnlTrckgDays,OrgnlTrckgDays,Exact2NumericText,0,1
pacs.002.001.12,/Document/FIToFIPmtStsRpt/TxInfAndSts/OrgnlTxRef/MndtRltdInf/DrctDbtMndt/ElctrncSgntr,ElctrncSgntr,Max1025Text,0,1
pacs.002.001.12,/Document/FIToFIPmtStsRpt/TxInfAndSts/OrgnlTxRef/MndtRltdInf/DrctDbtMndt/FrstColltnDt,FrstColltnDt,ISODate,0,1
pacs.002.001.12,/Document/FIToFIPmtStsRpt/TxInfAndSts/OrgnlTxRef/MndtRltdInf/DrctDbtMndt/FnlColltnDt,FnlColltnDt,ISODate,0,1
pacs.002.001.12,/Document/FIToFIPmtStsRpt/TxInfAndSts/OrgnlTxRef/MndtRltdInf/DrctDbtMndt/Frqcy,Frqcy,Frequency36Choice,0,1
pacs.002.001.12,/Document/FIToFIPmtStsRpt/TxInfAndSts/OrgnlTxRef/MndtRltdInf/DrctDbtMndt/Frqcy/Tp,Tp,Frequency6Code,1,1
pacs.002.001.12,/Document/FIToFIPmtStsRpt/TxInfAndSts/OrgnlTxRef/MndtRltdInf/DrctDbtMndt/Frqcy/Prd,Prd,FrequencyPeriod1,1,1
pacs.002.001.12,/Document/FIToFIPmtStsRpt/TxInfAndSts/OrgnlTxRef/MndtRltdInf/DrctDbtMndt/Frqcy/Prd/Tp,Tp,Frequency6Code,1,1
pacs.002.001.12,/Document/FIToFIPmtStsRpt/TxInfAndSts/OrgnlTxRef/MndtRltdInf/DrctDbtMndt/Frqcy/Prd/CntPerPrd,CntPerPrd,DecimalNumber,1,1
pacs.002.001.12,/Document/FIToFIPmtStsRpt/TxInfAndSts/OrgnlTxRef/MndtRltdInf/DrctDbtMndt/Frqcy/PtInTm,PtInTm,FrequencyAndMoment1,1,1
pacs.002.001.12,/Document/FIToFIPmtStsRpt/TxInfAndSts/OrgnlTxRef/MndtRltdInf/DrctDbtMndt/Frqcy/PtInTm/Tp,Tp,Frequency6Code,1,1
pacs.002.001.12,/Document/FIToFIPmtStsRpt/TxInfAndSts/OrgnlTxRef/MndtRltdInf/DrctDbtMndt/Frqcy/PtInTm/PtInTm,PtInTm,Exact2NumericText,1,1
pacs.002.001.12,/Document/FIToFIPmtStsRpt/TxInfAndSts/OrgnlTxRef/MndtRltdInf/DrctDbtMndt/Rsn,Rsn,MandateSetupReason1Choice,0,1
pacs.002.001.12,/Document/FIToFIPmtStsRpt/TxInfAndSts/OrgnlTxRef/MndtRltdInf/DrctDbtMndt/Rsn/Cd,Cd,ExternalMandateSetupReason1Code,1,1
pacs.002.001.12,/Document/FIToFIPmtStsRpt/TxInfAndSts/OrgnlTxRef/MndtRltdInf/DrctDbtMndt/Rsn/Prtry,Prtry,Max70Text,1,1
pacs.002.001.12,/Document/FIToFIPmtStsRpt/TxInfAndSts/OrgnlTxRef/MndtRltdInf/DrctDbtMndt/TrckgDays,TrckgDays,Exact2NumericText,0,1
pacs.002.001.12,/Document/FIToFIPmtStsRpt/TxInfAndSts/OrgnlTxRef/MndtRltdInf/CdtTrfMndt,CdtTrfMndt,CreditTransferMandateData1,0,1
pacs.002.001.12,/Document/FIToFIPmtStsRpt/TxInfAndSts/OrgnlTxRef/MndtRltdInf/CdtTrfMndt/MndtId,MndtId,Max35Text,0,1
pacs.002.001.12,/Document/FIToFIPmtStsRpt/TxInfAndSts/OrgnlTxRef/MndtRltdInf/CdtTrfMndt/Tp,Tp,MandateTypeInformation2,0,1
pacs.002.001.12,/Document/FIToFIPmtStsRpt/TxInfAndSts/OrgnlTxRef/MndtRltdInf/CdtTrfMndt/Tp/SvcLvl,SvcLvl,ServiceLevel8Choice,0,1
pacs.002.001.12,/Document/FIToFIPmtStsRpt/TxInfAndSts/OrgnlTxRef/MndtRltdInf/CdtTrfMndt/Tp/SvcLvl/Cd,Cd,ExternalServiceLevel1Code,1,1
pacs.002.001.12,/Document/FIToFIPmtStsRpt/TxInfAndSts/OrgnlTxRef/MndtRltdInf/CdtTrfMndt/Tp/SvcLvl/Prtry,Prtry,Max35Text,1,1
pacs.002.001.12,/Document/FIToFIPmtStsRpt/TxInfAndSts/OrgnlTxRef/MndtRltdInf/CdtTrfMndt/Tp/LclInstrm,LclInstrm,LocalInstrument2Choice,0,1
pacs.002.001.12,/Document/FIToFIPmtStsRpt/TxInfAndSts/OrgnlTxRef/MndtRltdInf/CdtTrfMndt/Tp/LclInstrm/Cd,Cd,ExternalLocalInstrument1Code,1,1
pacs.002.001.12,/Document/FIToFIPmtStsRpt/TxInfAndSts/OrgnlTxRef/MndtRltdInf/CdtTrfMndt/Tp/LclInstrm/Prtry,Prtry,Max35Text,1,1
pacs.002.001.12,/Document/FIToFIPmtStsRpt/TxInfAndSts/OrgnlTxRef/MndtRltdInf/CdtTrfMndt/Tp/CtgyPurp,CtgyPurp,CategoryPurpose1Choice,0,1
pacs.002.001.12,/Document/FIToFIPmtStsRpt/TxInfAndSts/OrgnlTxRef/MndtRltdInf/CdtTrfMndt/Tp/CtgyPurp/Cd,Cd,ExternalCategoryPurpose1Code,1,1
pacs.002.001.12,/Document/FIToFIPmtStsRpt/TxInfAndSts/OrgnlTxRef/MndtRltdInf/CdtTrfMndt/Tp/CtgyPurp/Prtry,Prtry,Max35Text,1,1
pacs.002.001.12,/Document/FIToFIPmtStsRpt/TxInfAndSts/OrgnlTxRef/MndtRltdInf/CdtTrfMndt/Tp/Clssfctn,Clssfctn,MandateClassification1Choice,0,1
pacs.002.001.12,/Document/FIToFIPmtStsRpt/TxInfAndSts/OrgnlTxRef/MndtRltdInf/CdtTrfMndt/Tp/Clssfctn/Cd,Cd,MandateClassification1Code,1,1
pacs.002.001.12,/Document/FIToFIPmtStsRpt/TxInfAndSts/OrgnlTxRef/MndtRltdInf/CdtTrfMndt/Tp/Clssfctn/Prtry,Prtry,Max35Text,1,1
pacs.002.001.12,/Document/FIToFIPmtStsRpt/TxInfAndSts/OrgnlTxRef/MndtRltdInf/CdtTrfMndt/DtOfSgntr,DtOfSgntr,ISODate,0,1
pacs.002.001.12,/Document/FIToFIPmtStsRpt/TxInfAndSts/OrgnlTxRef/MndtRltdInf/CdtTrfMndt/DtOfVrfctn,DtOfVrfctn,ISODateTime,0,1
pacs.002.001.12,/Document/FIToFIPmtStsRpt/TxInfAndSts/OrgnlTxRef/MndtRltdInf/CdtTrfMndt/ElctrncSgntr,ElctrncSgntr,Max10KBinary,0,1
pacs.002.001.12,/Document/FIToFIPmtStsRpt/TxInfAndSts/OrgnlTxRef/MndtRltdInf/CdtTrfMndt/FrstPmtDt,FrstPmtDt,ISODate,0,1
pacs.002.001.12,/Document/FIToFIPmtStsRpt/TxInfAndSts/OrgnlTxRef/MndtRltdInf/CdtTrfMndt/FnlPmtDt,FnlPmtDt,ISODate,0,1
pacs.002.001.12,/Document/FIToFIPmtStsRpt/TxInfAndSts/OrgnlTxRef/MndtRltdInf/CdtTrfMndt/Frqcy,Frqcy,Frequency36Choice,0,1
pacs.002.001.12,/Document/FIToFIPmtStsRpt/TxInfAndSts/OrgnlTxRef/MndtRltdInf/CdtTrfMndt/Frqcy/Tp,Tp,Frequency6Code,1,1
pacs.002.001.12,/Document/FIToFIPmtStsRpt/TxInfAndSts/OrgnlTxRef/MndtRltdInf/CdtTrfMndt/Frqcy/Prd,Prd,FrequencyPeriod1,1,1
pacs.002.001.12,/Document/FIToFIPmtStsRpt/TxInfAndSts/OrgnlTxRef/MndtRltdInf/CdtTrfMndt/Frqcy/Prd/Tp,Tp,Frequency6Code,1,1
pacs.002.001.12,/Document/FIToFIPmtStsRpt/TxInfAndSts/OrgnlTxRef/MndtRltdInf/CdtTrfMndt/Frqcy/Prd/CntPerPrd,CntPerPrd,DecimalNumber,1,1
pacs.002.001.12,/Document/FIToFIPmtStsRpt/TxInfAndSts/OrgnlTxRef/MndtRltdInf/CdtTrfMndt/Frqcy/PtInTm,PtInTm,FrequencyAndMoment1,1,1
pacs.002.001.12,/Document/FIToFIPmtStsRpt/TxInfAndSts/OrgnlTxRef/MndtRltdInf/CdtTrfMndt/Frqcy/PtInTm/Tp,Tp,Frequency6Code,1,1
pacs.002.001.12,/Document/FIToFIPmtStsRpt/TxInfAndSts/OrgnlTxRef/MndtRltdInf/CdtTrfMndt/Frqcy/PtInTm/PtInTm,PtInTm,Exact2NumericText,1,1
pacs.002.001.12,/Document/FIToFIPmtStsRpt/TxInfAndSts/OrgnlTxRef/MndtRltdInf/CdtTrfMndt/Rsn,Rsn,MandateSetupReason1Choice,0,1
pacs.002.001.12,/Document/FIToFIPmtStsRpt/TxInfAndSts/OrgnlTxRef/MndtRltdInf/CdtTrfMndt/Rsn/Cd,Cd,ExternalMandateSetupReason1Code,1,1
pacs.002.001.12,/Document/FIToFIPmtStsRpt/TxInfAndSts/OrgnlTxRef/MndtRltdInf/CdtTrfMndt/Rsn/Prtry,Prtry,Max70Text,1,1
pacs.002.001.12,/Document/FIToFIPmtStsRpt/TxInfAndSts/OrgnlTxRef/RmtInf,RmtInf,RemittanceInformation21,0,1
pacs.002.001.12,/Document/FIToFIPmtStsRpt/TxInfAndSts/OrgnlTxRef/RmtInf/Ustrd,Ustrd,Max140Text,0,
pacs.002.001.12,/Document/FIToFIPmtStsRpt/TxInfAndSts/OrgnlTxRef/RmtInf/Strd,Strd,StructuredRemittanceInformation17,0,
pacs.002.001.12,/Document/FIToFIPmtStsRpt/TxInfAndSts/OrgnlTxRef/RmtInf/Strd/RfrdDocInf,RfrdDocInf,ReferredDocumentInformation7,0,
pacs.002.001.12,/Document/FIToFIPmtStsRpt/TxInfAndSts/OrgnlTxRef/RmtInf/Strd/RfrdDocInf/Tp,Tp,ReferredDocumentType4,0,1
pacs.002.001.12,/Document/FIToFIPmtStsRpt/TxInfAndSts/OrgnlTxRef/RmtInf/Strd/RfrdDocInf/Tp/CdOrPrtry,CdOrPrtry,ReferredDocumentType3Choice,1,1
pacs.002.001.12,/Document/FIToFIPmtStsRpt/TxInfAndSts/OrgnlTxRef/RmtInf/Strd/RfrdDocInf/Tp/CdOrPrtry/Cd,Cd,DocumentType6Code,1,1
pacs.002.001.12,/Document/FIToFIPmtStsRpt/TxInfAndSts/OrgnlTxRef/RmtInf/Strd/RfrdDocInf/Tp/CdOrPrtry/Prtry,Prtry,Max35Text,1,1
pacs.002.001.12,/Document/FIToFIPmtStsRpt/TxInfAndSts/OrgnlTxRef/RmtInf/Strd/RfrdDocInf/Tp/Issr,Issr,Max35Text,0,1
pacs.002.001.12,/Document/FIToFIPmtStsRpt/TxInfAndSts/OrgnlTxRef/RmtInf/Strd/RfrdDocInf/Nb,Nb,Max35Text,0,1
pacs.002.001.12,/Document/FIToFIPmtStsRpt/TxInfAndSts/OrgnlTxRef/RmtInf/Strd/RfrdDocInf/RltdDt,RltdDt,ISODate,0,1
pacs.002.001.12,/Document/FIToFIPmtStsRpt/TxInfAndSts/OrgnlTxRef/RmtInf/Strd/RfrdDocInf/LineDtls,LineDtls,DocumentLineInformation1,0,
pacs.002.001.12,/Document/FIToFIPmtStsRpt/TxInfAndSts/OrgnlTxRef/RmtInf/Strd/RfrdDocInf/LineDtls/Id,Id,DocumentLineIdentification1,1,
pacs.002.001.12,/Document/FIToFIPmtStsRpt/TxInfAndSts/OrgnlTxRef/RmtInf/Strd/RfrdDocInf/LineDtls/Id/Tp,Tp,DocumentLineType1,0,1
pacs.002.001.12,/Document/FIToFIPmtStsRpt/TxInfAndSts/OrgnlTxRef/RmtInf/Strd/RfrdDocInf/LineDtls/Id/Tp/CdOrPrtry,CdOrPrtry,DocumentLineType1Choice,1,1
pacs.002.001.12,/Document/FIToFIPmtStsRpt/TxInfAndSts/OrgnlTxRef/RmtInf/Strd/RfrdDocInf/LineDtls/Id/Tp/CdOrPrtry/Cd,Cd,ExternalDocumentLineType1Code,1,1
pacs.002.001.12,/Document/FIToFIPmtStsRpt/TxInfAndSts/OrgnlTxRef/RmtInf/Strd/RfrdDocInf/LineDtls/Id/Tp/CdOrPrtry/Prtry,Prtry,Max35Text,1,1
pacs.002.001.12,/Document/FIToFIPmtStsRpt/TxInfAndSts/OrgnlTxRef/RmtInf/Strd/RfrdDocInf/LineDtls/Id/Tp/Issr,Issr,Max35Text,0,1
pacs.002.001.12,/Document/FIToFIPmtStsRpt/TxInfAndSts/OrgnlTxRef/RmtInf/Strd/RfrdDocInf/LineDtls/Id/Nb,Nb,Max35Text,0,1
pacs.002.001.12,/Document/FIToFIPmtStsRpt/TxInfAndSts/OrgnlTxRef/RmtInf/Strd/RfrdDocInf/LineDtls/Id/RltdDt,RltdDt,ISODate,0,1
pacs.002.001.12,/Document/FIToFIPmtStsRpt/TxInfAndSts/OrgnlTxRef/RmtInf/Strd/RfrdDocInf/LineDtls/Desc,Desc,Max2048Text,0,1
pacs.002.001.12,/Document/FIToFIPmtStsRpt/TxInfAndSts/OrgnlTxRef/RmtInf/Strd/RfrdDocInf/LineDtls/Amt,Amt,RemittanceAmount3,0,1
pacs.002.001.12,/Document/FIToFIPmtStsRpt/TxInfAndSts/OrgnlTxRef/RmtInf/Strd/RfrdDocInf/LineDtls/Amt/DuePyblAmt,DuePyblAmt,ActiveOrHistoricCurrencyAndAmount,0,1
pacs.002.001.12,/Document/FIToFIPmtStsRpt/TxInfAndSts/OrgnlTxRef/RmtInf/Strd/RfrdDocInf/LineDtls/Amt/DscntApldAmt,DscntApldAmt,DiscountAmountAndType1,0,
pacs.002.001.12,/Document/FIToFIPmtStsRpt/TxInfAndSts/OrgnlTxRef/RmtInf/Strd/RfrdDocInf/LineDtls/Amt/DscntApldAmt/Tp,Tp,DiscountAmountType1Choice,0,1
pacs.002.001.12,/Document/FIToFIPmtStsRpt/TxInfAndSts/OrgnlTxRef/RmtInf/Strd/RfrdDocInf/LineDtls/Amt/DscntApldAmt/Tp/Cd,Cd,ExternalDiscountAmountType1Code,1,1
pacs.002.001.12,/Document/FIToFIPmtStsRpt/TxInfAndSts/OrgnlTxRef/RmtInf/Strd/RfrdDocInf/LineDtls/Amt/DscntApldAmt/Tp/Prtry,Prtry,Max35Text,1,1
pacs.002.001.12,/Document/FIToFIPmtStsRpt/TxInfAndSts/OrgnlTxRef/RmtInf/Strd/RfrdDocInf/LineDtls/Amt/DscntApldAmt/Amt,Amt,ActiveOrHistoricCurrencyAndAmount,1,1
pacs.002.001.12,/Document/FIToFIPmtStsRpt/TxInfAndSts/OrgnlTxRef/RmtInf/Strd/RfrdDocInf/LineDtls/Amt/CdtNoteAmt,CdtNoteAmt,ActiveOrHistoricCurrencyAndAmount,0,1
pacs.002.001.12,/Document/FIToFIPmtStsRpt/TxInfAndSts/OrgnlTxRef/RmtInf/Strd/RfrdDocInf/LineDtls/Amt/TaxAmt,TaxAmt,TaxAmountAndType1,0,
pacs.002.001.12,/Document/FIToFIPmtStsRpt/TxInfAndSts/OrgnlTxRef/RmtInf/Strd/RfrdDocInf/LineDtls/Amt/TaxAmt/Tp,Tp,TaxAmountType1Choice,0,1
pacs.002.001.12,/Document/FIToFIPmtStsRpt/TxInfAndSts/OrgnlTxRef/RmtInf/Strd/RfrdDocInf/LineDtls/Amt/TaxAmt/Tp/Cd,Cd,ExternalTaxAmountType1Code,1,1
pacs.002.001.12,/Document/FIToFIPmtStsRpt/TxInfAndSts/OrgnlTxRef/RmtInf/Strd/RfrdDocInf/LineDtls/Amt/TaxAmt/Tp/Prtry,Prtry,Max35Text,1,1
pacs.002.001.12,/Document/FIToFIPmtStsRpt/TxInfAndSts/OrgnlTxRef/RmtInf/Strd/RfrdDocInf/LineDtls/Amt/TaxAmt/Amt,Amt,ActiveOrHistoricCurrencyAndAmount,1,1
pacs.002.001.12,/Document/FIToFIPmtStsRpt/TxInfAndSts/OrgnlTxRef/RmtInf/Strd/RfrdDocInf/LineDtls/Amt/AdjstmntAmtAndRsn,AdjstmntAmtAndRsn,DocumentAdjustment1,0,
pacs.002.001.12,/Document/FIToFIPmtStsRpt/TxInfAndSts/OrgnlTxRef/RmtInf/Strd/RfrdDocInf/LineDtls/Amt/AdjstmntAmtAndRsn/Amt,Amt,ActiveOrHistoricCurrencyAndAmount,1,1
pacs.002.001.12,/Document/FIToFIPmtStsRpt/TxInfAndSts/OrgnlTxRef/RmtInf/Strd/RfrdDocInf/LineDtls/Amt/AdjstmntAmtAndRsn/CdtDbtInd,CdtDbtInd,CreditDebitCode,0,1
pacs.002.001.12,/Document/FIToFIPmtStsRpt/TxInfAndSts/OrgnlTxRef/RmtInf/Strd/RfrdDocInf/LineDtls/Amt/AdjstmntAmtAndRsn/Rsn,Rsn,Max4Text,0,1
pacs.002.001.12,/Document/FIToFIPmtStsRpt/TxInfAndSts/OrgnlTxRef/RmtInf/Strd/RfrdDocInf/LineDtls/Amt/AdjstmntAmtAndRsn/AddtlInf,AddtlInf,Max140Text,0,1
pacs.002.001.12,/Document/FIToFIPmtStsRpt/TxInfAndSts/OrgnlTxRef/RmtInf/Strd/RfrdDocInf/LineDtls/Amt/RmtdAmt,RmtdAmt,ActiveOrHistoricCurrencyAndAmount,0,1
pacs.002.001.12,/Document/FIToFIPmtStsRpt/TxInfAndSts/OrgnlTxRef/RmtInf/Strd/RfrdDocAmt,RfrdDocAmt,RemittanceAmount2,0,1
pacs.002.001.12,/Document/FIToFIPmtStsRpt/TxInfAndSts/OrgnlTxRef/RmtInf/Strd/RfrdDocAmt/DuePyblAmt,DuePyblAmt,ActiveOrHistoricCurrencyAndAmount,0,1
pacs.002.001.12,/Document/FIToFIPmtStsRpt/TxInfAndSts/OrgnlTxRef/RmtInf/Strd/RfrdDocAmt/DscntApldAmt,DscntApldAmt,DiscountAmountAndType1,0,
pacs.002.001.12,/Document/FIToFIPmtStsRpt/TxInfAndSts/OrgnlTxRef/RmtInf/Strd/RfrdDocAmt/DscntApldAmt/Tp,Tp,DiscountAmountType1Choice,0,1
pacs.002.001.12,/Document/FIToFIPmtStsRpt/TxInfAndSts/OrgnlTxRef/RmtInf/Strd/RfrdDocAmt/DscntApldAmt/Tp/Cd,Cd,ExternalDiscountAmountType1Code,1,1
pacs.002.001.12,/Document/FIToFIPmtStsRpt/TxInfAndSts/OrgnlTxRef/RmtInf/Strd/RfrdDocAmt/DscntApldAmt/Tp/Prtry,Prtry,Max35Text,1,1
pacs.002.001.12,/Document/FIToFIPmtStsRpt/TxInfAndSts/OrgnlTxRef/RmtInf/Strd/RfrdDocAmt/DscntApldAmt/Amt,Amt,ActiveOrHistoricCurrencyAndAmount,1,1
pacs.002.001.12,/Document/FIToFIPmtStsRpt/TxInfAndSts/OrgnlTxRef/RmtInf/Strd/RfrdDocAmt/CdtNoteAmt,CdtNoteAmt,ActiveOrHistoricCurrencyAndAmount,0,1
pacs.002.001.12,/Document/FIToFIPmtStsRpt/TxInfAndSts/OrgnlTxRef/RmtInf/Strd/RfrdDocAmt/TaxAmt,TaxAmt,TaxAmountAndType1,0,
pacs.002.001.12,/Document/FIToFIPmtStsRpt/TxInfAndSts/OrgnlTxRef/RmtInf/Strd/RfrdDocAmt/TaxAmt/Tp,Tp,TaxAmountType1Choice,0,1
pacs.002.001.12,/Document/FIToFIPmtStsRpt/TxInfAndSts/OrgnlTxRef/RmtInf/Strd/RfrdDocAmt/TaxAmt/Tp/Cd,Cd,ExternalTaxAmountType1Code,1,1
pacs.002.001.12,/Document/FIToFIPmtStsRpt/TxInfAndSts/OrgnlTxRef/RmtInf/Strd/RfrdDocAmt/TaxAmt/Tp/Prtry,Prtry,Max35Text,1,1
pacs.002.001.12,/Document/FIToFIPmtStsRpt/TxInfAndSts/OrgnlTxRef/RmtInf/Strd/RfrdDocAmt/TaxAmt/Amt,Amt,ActiveOrHistoricCurrencyAndAmount,1,1
pacs.002.001.12,/Document/FIToFIPmtStsRpt/TxInfAndSts/OrgnlTxRef/RmtInf/Strd/RfrdDocAmt/AdjstmntAmtAndRsn,AdjstmntAmtAndRsn,DocumentAdjustment1,0,
pacs.002.001.12,/Document/FIToFIPmtStsRpt/TxInfAndSts/OrgnlTxRef/RmtInf/Strd/RfrdDocAmt/AdjstmntAmtAndRsn/Amt,Amt,ActiveOrHistoricCurrencyAndAmount,1,1
pacs.002.001.12,/Document/FIToFIPmtStsRpt/TxInfAndSts/OrgnlTxRef/RmtInf/Strd/RfrdDocAmt/AdjstmntAmtAndRsn/CdtDbtInd,CdtDbtInd,CreditDebitCode,0,1
pacs.002.001.12,/Document/FIToFIPmtStsRpt/TxInfAndSts/OrgnlTxRef/RmtInf/Strd/RfrdDocAmt/AdjstmntAmtAndRsn/Rsn,Rsn,Max4Text,0,1
pacs.002.001.12,/Document/FIToFIPmtStsRpt/TxInfAndSts/OrgnlTxRef/RmtInf/Strd/RfrdDocAmt/AdjstmntAmtAndRsn/AddtlInf,AddtlInf,Max140Text,0,1
pacs.002.001.12,/Document/FIToFIPmtStsRpt/TxInfAndSts/OrgnlTxRef/RmtInf/Strd/RfrdDocAmt/RmtdAmt,RmtdAmt,ActiveOrHistoricCurrencyAndAmount,0,1
pacs.002.001.12,/Document/FIToFIPmtStsRpt/TxInfAndSts/OrgnlTxRef/RmtInf/Strd/CdtrRefInf,CdtrRefInf,CreditorReferenceInformation2,0,1
pacs.002.001.12,/Document/FIToFIPmtStsRpt/TxInfAndSts/OrgnlTxRef/RmtInf/Strd/CdtrRefInf/Tp,Tp,CreditorReferenceType2,0,1
pacs.002.001.12,/Document/FIToFIPmtStsRpt/TxInfAndSts/OrgnlTxRef/RmtInf/Strd/CdtrRefInf/Tp/CdOrPrtry,CdOrPrtry,CreditorReferenceType1Choice,1,1
pacs.002.001.12,/Document/FIToFIPmtStsRpt/TxInfAndSts/OrgnlTxRef/RmtInf/Strd/CdtrRefInf/Tp/CdOrPrtry/Cd,Cd,DocumentType3Code,1,1
pacs.002.001.12,/Document/FIToFIPmtStsRpt/TxInfAndSts/OrgnlTxRef/RmtInf/Strd/CdtrRefInf/Tp/CdOrPrtry/Prtry,Prtry,Max35Text,1,1
pacs.002.001.12,/Document/FIToFIPmtStsRpt/TxInfAndSts/OrgnlTxRef/RmtInf/Strd/CdtrRefInf/Tp/Issr,Issr,Max35Text,0,1
pacs.002.001.12,/Document/FIToFIPmtStsRpt/TxInfAndSts/OrgnlTxRef/RmtInf/Strd/CdtrRefInf/Ref,Ref,Max35Text,0,1
pacs.002.001.12,/Document/FIToFIPmtStsRpt/TxInfAndSts/OrgnlTxRef/RmtInf/Strd/Invcr,Invcr,PartyIdentification135,0,1
pacs.002.001.12,/Document/FIToFIPmtStsRpt/TxInfAndSts/OrgnlTxRef/RmtInf/Strd/Invcr/Nm,Nm,Max140Text,0,1
pacs.002.001.12,/Document/FIToFIPmtStsRpt/TxInfAndSts/OrgnlTxRef/RmtInf/Strd/Invcr/PstlAdr,PstlAdr,PostalAddress24,0,1
pacs.002.001.12,/Document/FIToFIPmtStsRpt/TxInfAndSts/OrgnlTxRef/RmtInf/Strd/Invcr/PstlAdr/AdrTp,AdrTp,AddressType3Choice,0,1
pacs.002.001.12,/Document/FIToFIPmtStsRpt/TxInfAndSts/OrgnlTxRef/RmtInf/Strd/Invcr/PstlAdr/AdrTp/Cd,Cd,AddressType2Code,1,1
pacs.002.001.12,/Document/FIToFIPmtStsRpt/TxInfAndSts/OrgnlTxRef/RmtInf/Strd/Invcr/PstlAdr/AdrTp/Prtry,Prtry,GenericIdentification30,1,1
pacs.002.001.12,/Document/FIToFIPmtStsRpt/TxInfAndSts/OrgnlTxRef/RmtInf/Strd/Invcr/PstlAdr/AdrTp/Prtry/Id,Id,Exact4AlphaNumericText,1,1
pacs.002.001.12,/Document/FIToFIPmtStsRpt/TxInfAndSts/OrgnlTxRef/RmtInf/Strd/Invcr/PstlAdr/AdrTp/Prtry/Issr,Issr,Max35Text,1,1
pacs.002.001.12,/Document/FIToFIPmtStsRpt/TxInfAndSts/OrgnlTxRef/RmtInf/Strd/Invcr/PstlAdr/AdrTp/Prtry/SchmeNm,SchmeNm,Max35Text,0,1
pacs.002.001.12,/Document/FIToFIPmtStsRpt/TxInfAndSts/OrgnlTxRef/RmtInf/Strd/Invcr/PstlAdr/Dept,Dept,Max70Text,0,1
pacs.002.001.12,/Document/FIToFIPmtStsRpt/TxInfAndSts/OrgnlTxRef/RmtInf/Strd/Invcr/PstlAdr/SubDept,SubDept,Max70Text,0,1
pacs.002.001.12,/Document/FIToFIPmtStsRpt/TxInfAndSts/OrgnlTxRef/RmtInf/Strd/Invcr/PstlAdr/StrtNm,StrtNm,Max70Text,0,1
pacs.002.001.12,/Document/FIToFIPmtStsRpt/TxInfAndSts/OrgnlTxRef/RmtInf/Strd/Invcr/PstlAdr/BldgNb,BldgNb,Max16Text,0,1
pacs.002.001.12,/Document/FIToFIPmtStsRpt/TxInfAndSts/OrgnlTxRef/RmtInf/Strd/Invcr/PstlAdr/BldgNm,BldgNm,Max35Text,0,1
pacs.002.001.12,/Document/FIToFIPmtStsRpt/TxInfAndSts/OrgnlTxRef/RmtInf/Strd/Invcr/PstlAdr/Flr,Flr,Max70Text,0,1
pacs.002.001.12,/Document/FIToFIPmtStsRpt/TxInfAndSts/OrgnlTxRef/RmtInf/Strd/Invcr/PstlAdr/PstBx,PstBx,Max16Text,0,1
pacs.002.001.12,/Document/FIToFIPmtStsRpt/TxInfAndSts/OrgnlTxRef/RmtInf/Strd/Invcr/PstlAdr/Room,Room,Max70Text,0,1
pacs.002.001.12,/Document/FIToFIPmtStsRpt/TxInfAndSts/OrgnlTxRef/RmtInf/Strd/Invcr/PstlAdr/PstCd,PstCd,Max16Text,0,1
pacs.002.001.12,/Document/FIToFIPmtStsRpt/TxInfAndSts/OrgnlTxRef/RmtInf/Strd/Invcr/PstlAdr/TwnNm,TwnNm,Max35Text,0,1
pacs.002.001.12,/Document/FIToFIPmtStsRpt/TxInfAndSts/OrgnlTxRef/RmtInf/Strd/Invcr/PstlAdr/TwnLctnNm,TwnLctnNm,Max35Text,0,1
pacs.002.001.12,/Document/FIToFIPmtStsRpt/TxInfAndSts/OrgnlTxRef/RmtInf/Strd/Invcr/PstlAdr/DstrctNm,DstrctNm,Max35Text,0,1
pacs.002.001.12,/Document/FIToFIPmtStsRpt/TxInfAndSts/OrgnlTxRef/RmtInf/Strd/Invcr/PstlAdr/CtrySubDvsn,CtrySubDvsn,Max35Text,0,1
pacs.002.001.12,/Document/FIToFIPmtStsRpt/TxInfAndSts/OrgnlTxRef/RmtInf/Strd/Invcr/PstlAdr/Ctry,Ctry,CountryCode,0,1
pacs.002.001.12,/Document/FIToFIPmtStsRpt/TxInfAndSts/OrgnlTxRef/RmtInf/Strd/Invcr/PstlAdr/AdrLine,AdrLine,Max70Text,0,7
pacs.002.001.12,/Document/FIToFIPmtStsRpt/TxInfAndSts/OrgnlTxRef/RmtInf/Strd/Invcr/Id,Id,Party38Choice,0,1
pacs.002.001.12,/Document/FIToFIPmtStsRpt/TxInfAndSts/OrgnlTxRef/RmtInf/Strd/Invcr/Id/OrgId,OrgId,OrganisationIdentification29,1,1
pacs.002.001.12,/Document/FIToFIPmtStsRpt/TxInfAndSts/OrgnlTxRef/RmtInf/Strd/Invcr/Id/OrgId/AnyBIC,AnyBIC,AnyBICDec2014Identifier,0,1
pacs.002.001.12,/Document/FIToFIPmtStsRpt/TxInfAndSts/OrgnlTxRef/RmtInf/Strd/Invcr/Id/OrgId/LEI,LEI,LEIIdentifier,0,1
pacs.002.001.12,/Document/FIToFIPmtStsRpt/TxInfAndSts/OrgnlTxRef/RmtInf/Strd/Invcr/Id/OrgId/Othr,Othr,GenericOrganisationIdentification1,0,
pacs.002.001.12,/Document/FIToFIPmtStsRpt/TxInfAndSts/OrgnlTxRef/RmtInf/Strd/Invcr/Id/OrgId/Othr/Id,Id,Max35Text,1,1
pacs.002.001.12,/Document/FIToFIPmtStsRpt/TxInfAndSts/OrgnlTxRef/RmtInf/Strd/Invcr/Id/OrgId/Othr/SchmeNm,SchmeNm,OrganisationIdentificationSchemeName1Choice,0,1
pacs.002.001.12,/Document/FIToFIPmtStsRpt/TxInfAndSts/OrgnlTxRef/RmtInf/Strd/Invcr/Id/OrgId/Othr/SchmeNm/Cd,Cd,ExternalOrganisationIdentification1Code,1,1
pacs.002.001.12,/Document/FIToFIPmtStsRpt/TxInfAndSts/OrgnlTxRef/RmtInf/Strd/Invcr/Id/OrgId/Othr/SchmeNm/Prtry,Prtry,Max35Text,1,1
pacs.002.001.12,/Document/FIToFIPmtStsRpt/TxInfAndSts/OrgnlTxRef/RmtInf/Strd/Invcr/Id/OrgId/Othr/Issr,Issr,Max35Text,0,1
pacs.002.001.12,/Document/FIToFIPmtStsRpt/TxInfAndSts/OrgnlTxRef/RmtInf/Strd/Invcr/Id/PrvtId,PrvtId,PersonIdentification13,1,1
pacs.002.001.12,/Document/FIToFIPmtStsRpt/TxInfAndSts/OrgnlTxRef/RmtInf/Strd/Invcr/Id/PrvtId/DtAndPlcOfBirth,DtAndPlcOfBirth,DateAndPlaceOfBirth1,0,1
pacs.002.001.12,/Document/FIToFIPmtStsRpt/TxInfAndSts/OrgnlTxRef/RmtInf/Strd/Invcr/Id/PrvtId/DtAndPlcOfBirth/BirthDt,BirthDt,ISODate,1,1
pacs.002.001.12,/Document/FIToFIPmtStsRpt/TxInfAndSts/OrgnlTxRef/RmtInf/Strd/Invcr/Id/PrvtId/DtAndPlcOfBirth/PrvcOfBirth,PrvcOfBirth,Max35Text,0,1
pacs.002.001.12,/Document/FIToFIPmtStsRpt/TxInfAndSts/OrgnlTxRef/RmtInf/Strd/Invcr/Id/PrvtId/DtAndPlcOfBirth/CityOfBirth,CityOfBirth,Max35Text,1,1
pacs.002.001.12,/Document/FIToFIPmtStsRpt/TxInfAndSts/OrgnlTxRef/RmtInf/Strd/Invcr/Id/PrvtId/DtAndPlcOfBirth/CtryOfBirth,CtryOfBirth,CountryCode,1,1
pacs.002.001.12,/Document/FIToFIPmtStsRpt/TxInfAndSts/OrgnlTxRef/RmtInf/Strd/Invcr/Id/PrvtId/Othr,Othr,GenericPersonIdentification1,0,
pacs.002.001.12,/Document/FIToFIPmtStsRpt/TxInfAndSts/OrgnlTxRef/RmtInf/Strd/Invcr/Id/PrvtId/Othr/Id,Id,Max35Text,1,1
pacs.002.001.12,/Document/FIToFIPmtStsRpt/TxInfAndSts/OrgnlTxRef/RmtInf/Strd/Invcr/Id/PrvtId/Othr/SchmeNm,SchmeNm,PersonIdentificationSchemeName1Choice,0,1
pacs.002.001.12,/Document/FIToFIPmtStsRpt/TxInfAndSts/OrgnlTxRef/RmtInf/Strd/Invcr/Id/PrvtId/Othr/SchmeNm/Cd,Cd,ExternalPersonIdentification1Code,1,1
pacs.002.001.12,/Document/FIToFIPmtStsRpt/TxInfAndSts/OrgnlTxRef/RmtInf/Strd/Invcr/Id/PrvtId/Othr/SchmeNm/Prtry,Prtry,Max35Text,1,1
pacs.002.001.12,/Document/FIToFIPmtStsRpt/TxInfAndSts/OrgnlTxRef/RmtInf/Strd/Invcr/Id/PrvtId/Othr/Issr,Issr,Max35Text,0,1
pacs.002.001.12,/Document/FIToFIPmtStsRpt/TxInfAndSts/OrgnlTxRef/RmtInf/Strd/Invcr/CtryOfRes,CtryOfRes,CountryCode,0,1
pacs.002.001.12,/Document/FIToFIPmtStsRpt/TxInfAndSts/OrgnlTxRef/RmtInf/Strd/Invcr/CtctDtls,CtctDtls,Contact4,0,1
pacs.002.001.12,/Document/FIToFIPmtStsRpt/TxInfAndSts/OrgnlTxRef/RmtInf/Strd/Invcr/CtctDtls/NmPrfx,NmPrfx,NamePrefix2Code,0,1
pacs.002.001.12,/Document/FIToFIPmtStsRpt/TxInfAndSts/OrgnlTxRef/RmtInf/Strd/Invcr/CtctDtls/Nm,Nm,Max140Text,0,1
pacs.002.001.12,/Document/FIToFIPmtStsRpt/TxInfAndSts/OrgnlTxRef/RmtInf/Strd/Invcr/CtctDtls/PhneNb,PhneNb,PhoneNumber,0,1
pacs.002.001.12,/Document/FIToFIPmtStsRpt/TxInfAndSts/OrgnlTxRef/RmtInf/Strd/Invcr/CtctDtls/MobNb,MobNb,PhoneNumber,0,1
pacs.002.001.12,/Document/FIToFIPmtStsRpt/TxInfAndSts/OrgnlTxRef/RmtInf/Strd/Invcr/CtctDtls/FaxNb,FaxNb,PhoneNumber,0,1
pacs.002.001.12,/Document/FIToFIPmtStsRpt/TxInfAndSts/OrgnlTxRef/RmtInf/Strd/Invcr/CtctDtls/EmailAdr,EmailAdr,Max2048Text,0,1
pacs.002.001.12,/Document/FIToFIPmtStsRpt/TxInfAndSts/OrgnlTxRef/RmtInf/Strd/Invcr/CtctDtls/EmailPurp,EmailPurp,Max35Text,0,1
pacs.002.001.12,/Document/FIToFIPmtStsRpt/TxInfAndSts/OrgnlTxRef/RmtInf/Strd/Invcr/CtctDtls/JobTitl,JobTitl,Max35Text,0,1
pacs.002.001.12,/Document/FIToFIPmtStsRpt/TxInfAndSts/OrgnlTxRef/RmtInf/Strd/Invcr/CtctDtls/Rspnsblty,Rspnsblty,Max35Text,0,1
pacs.002.001.12,/Document/FIToFIPmtStsRpt/TxInfAndSts/OrgnlTxRef/RmtInf/Strd/Invcr/CtctDtls/Dept,Dept,Max70Text,0,1
pacs.002.001.12,/Document/FIToFIPmtStsRpt/TxInfAndSts/OrgnlTxRef/RmtInf/Strd/Invcr/CtctDtls/Othr,Othr,OtherContact1,0,
pacs.002.001.12,/Document/FIToFIPmtStsRpt/TxInfAndSts/OrgnlTxRef/RmtInf/Strd/Invcr/CtctDtls/Othr/ChanlTp,ChanlTp,Max4Text,1,1
pacs.002.001.12,/Document/FIToFIPmtStsRpt/TxInfAndSts/OrgnlTxRef/RmtInf/Strd/Invcr/CtctDtls/Othr/Id,Id,Max128Text,0,1
pacs.002.001.12,/Document/FIToFIPmtStsRpt/TxInfAndSts/OrgnlTxRef/RmtInf/Strd/Invcr/CtctDtls/PrefrdMtd,PrefrdMtd,PreferredContactMethod1Code,0,1
pacs.002.001.12,/Document/FIToFIPmtStsRpt/TxInfAndSts/OrgnlTxRef/RmtInf/Strd/Invcee,Invcee,PartyIdentification135,0,1
pacs.002.001.12,/Document/FIToFIPmtStsRpt/TxInfAndSts/OrgnlTxRef/RmtInf/Strd/Invcee/Nm,Nm,Max140Text,0,1
pacs.002.001.12,/Document/FIToFIPmtStsRpt/TxInfAndSts/OrgnlTxRef/RmtInf/Strd/Invcee/PstlAdr,PstlAdr,PostalAddress24,0,1
pacs.002.001.12,/Document/FIToFIPmtStsRpt/TxInfAndSts/OrgnlTxRef/RmtInf/Strd/Invcee/PstlAdr/AdrTp,AdrTp,AddressType3Choice,0,1
pacs.002.001.12,/Document/FIToFIPmtStsRpt/TxInfAndSts/OrgnlTxRef/RmtInf/Strd/Invcee/PstlAdr/AdrTp/Cd,Cd,AddressType2Code,1,1
pacs.002.001.12,/Document/FIToFIPmtStsRpt/TxInfAndSts/OrgnlTxRef/RmtInf/Strd/Invcee/PstlAdr/AdrTp/Prtry,Prtry,GenericIdentification30,1,1
pacs.002.001.12,/Document/FIToFIPmtStsRpt/TxInfAndSts/OrgnlTxRef/RmtInf/Strd/Invcee/PstlAdr/AdrTp/Prtry/Id,Id,Exact4AlphaNumericText,1,1
pacs.002.001.12,/Document/FIToFIPmtStsRpt/TxInfAndSts/OrgnlTxRef/RmtInf/Strd/Invcee/PstlAdr/AdrTp/Prtry/Issr,Issr,Max35Text,1,1
pacs.002.001.12,/Document/FIToFIPmtStsRpt/TxInfAndSts/OrgnlTxRef/RmtInf/Strd/Invcee/PstlAdr/AdrTp/Prtry/SchmeNm,SchmeNm,Max35Text,0,1
pacs.002.001.12,/Document/FIToFIPmtStsRpt/TxInfAndSts/OrgnlTxRef/RmtInf/Strd/Invcee/PstlAdr/Dept,Dept,Max70Text,0,1
pacs.002.001.12,/Document/FIToFIPmtStsRpt/TxInfAndSts/OrgnlTxRef/RmtInf/Strd/Invcee/PstlAdr/SubDept,SubDept,Max70Text,0,1
pacs.002.001.12,/Document/FIToFIPmtStsRpt/TxInfAndSts/OrgnlTxRef/RmtInf/Strd/Invcee/PstlAdr/StrtNm,StrtNm,Max70Text,0,1
pacs.002.001.12,/Document/FIToFIPmtStsRpt/TxInfAndSts/OrgnlTxRef/RmtInf/Strd/Invcee/PstlAdr/BldgNb,BldgNb,Max16Text,0,1
pacs.002.001.12,/Document/FIToFIPmtStsRpt/TxInfAndSts/OrgnlTxRef/RmtInf/Strd/Invcee/PstlAdr/BldgNm,BldgNm,Max35Text,0,1
pacs.002.001.12,/Document/FIToFIPmtStsRpt/TxInfAndSts/OrgnlTxRef/RmtInf/Strd/Invcee/PstlAdr/Flr,Flr,Max70Text,0,1
pacs.002.001.12,/Document/FIToFIPmtStsRpt/TxInfAndSts/OrgnlTxRef/RmtInf/Strd/Invcee/PstlAdr/PstBx,PstBx,Max16Text,0,1
pacs.002.001.12,/Document/FIToFIPmtStsRpt/TxInfAndSts/OrgnlTxRef/RmtInf/Strd/Invcee/PstlAdr/Room,Room,Max70Text,0,1
pacs.002.001.12,/Document/FIToFIPmtStsRpt/TxInfAndSts/OrgnlTxRef/RmtInf/Strd/Invcee/PstlAdr/PstCd,PstCd,Max16Text,0,1
pacs.002.001.12,/Document/FIToFIPmtStsRpt/TxInfAndSts/OrgnlTxRef/RmtInf/Strd/Invcee/PstlAdr/TwnNm,TwnNm,Max35Text,0,1
pacs.002.001.12,/Document/FIToFIPmtStsRpt/TxInfAndSts/OrgnlTxRef/RmtInf/Strd/Invcee/PstlAdr/TwnLctnNm,TwnLctnNm,Max35Text,0,1
pacs.002.001.12,/Document/FIToFIPmtStsRpt/TxInfAndSts/OrgnlTxRef/RmtInf/Strd/Invcee/PstlAdr/DstrctNm,DstrctNm,Max35Text,0,1
pacs.002.001.12,/Document/FIToFIPmtStsRpt/TxInfAndSts/OrgnlTxRef/RmtInf/Strd/Invcee/PstlAdr/CtrySubDvsn,CtrySubDvsn,Max35Text,0,1
pacs.002.001.12,/Document/FIToFIPmtStsRpt/TxInfAndSts/OrgnlTxRef/RmtInf/Strd/Invcee/PstlAdr/Ctry,Ctry,CountryCode,0,1
pacs.002.001.12,/Document/FIToFIPmtStsRpt/TxInfAndSts/OrgnlTxRef/RmtInf/Strd/Invcee/PstlAdr/AdrLine,AdrLine,Max70Text,0,7
pacs.002.001.12,/Document/FIToFIPmtStsRpt/TxInfAndSts/OrgnlTxRef/RmtInf/Strd/Invcee/Id,Id,Party38Choice,0,1
pacs.002.001.12,/Document/FIToFIPmtStsRpt/TxInfAndSts/OrgnlTxRef/RmtInf/Strd/Invcee/Id/OrgId,OrgId,OrganisationIdentification29,1,1
pacs.002.001.12,/Document/FIToFIPmtStsRpt/TxInfAndSts/OrgnlTxRef/RmtInf/Strd/Invcee/Id/OrgId/AnyBIC,AnyBIC,AnyBICDec2014Identifier,0,1
pacs.002.001.12,/Document/FIToFIPmtStsRpt/TxInfAndSts/OrgnlTxRef/RmtInf/Strd/Invcee/Id/OrgId/LEI,LEI,LEIIdentifier,0,1
pacs.002.001.12,/Document/FIToFIPmtStsRpt/TxInfAndSts/OrgnlTxRef/RmtInf/Strd/Invcee/Id/OrgId/Othr,Othr,GenericOrganisationIdentification1,0,
pacs.002.001.12,/Document/FIToFIPmtStsRpt/TxInfAndSts/OrgnlTxRef/RmtInf/Strd/Invcee/Id/OrgId/Othr/Id,Id,Max35Text,1,1
pacs.002.001.12,/Document/FIToFIPmtStsRpt/TxInfAndSts/OrgnlTxRef/RmtInf/Strd/Invcee/Id/OrgId/Othr/SchmeNm,SchmeNm,OrganisationIdentificationSchemeName1Choice,0,1
pacs.002.001.12,/Document/FIToFIPmtStsRpt/TxInfAndSts/OrgnlTxRef/RmtInf/Strd/Invcee/Id/OrgId/Othr/SchmeNm/Cd,Cd,ExternalOrganisationIdentification1Code,1,1
pacs.002.001.12,/Document/FIToFIPmtStsRpt/TxInfAndSts/OrgnlTxRef/RmtInf/Strd/Invcee/Id/OrgId/Othr/SchmeNm/Prtry,Prtry,Max35Text,1,1
pacs.002.001.12,/Document/FIToFIPmtStsRpt/TxInfAndSts/OrgnlTxRef/RmtInf/Strd/Invcee/Id/OrgId/Othr/Issr,Issr,Max35Text,0,1
pacs.002.001.12,/Document/FIToFIPmtStsRpt/TxInfAndSts/OrgnlTxRef/RmtInf/Strd/Invcee/Id/PrvtId,PrvtId,PersonIdentification13,1,1
pacs.002.001.12,/Document/FIToFIPmtStsRpt/TxInfAndSts/OrgnlTxRef/RmtInf/Strd/Invcee/Id/PrvtId/DtAndPlcOfBirth,DtAndPlcOfBirth,DateAndPlaceOfBirth1,0,1
pacs.002.001.12,/Document/FIToFIPmtStsRpt/TxInfAndSts/OrgnlTxRef/RmtInf/Strd/Invcee/Id/PrvtId/DtAndPlcOfBirth/BirthDt,BirthDt,ISODate,1,1
pacs.002.001.12,/Document/FIToFIPmtStsRpt/TxInfAndSts/OrgnlTxRef/RmtInf/Strd/Invcee/Id/PrvtId/DtAndPlcOfBirth/PrvcOfBirth,PrvcOfBirth,Max35Text,0,1
pacs.002.001.12,/Document/FIToFIPmtStsRpt/TxInfAndSts/OrgnlTxRef/RmtInf/Strd/Invcee/Id/PrvtId/DtAndPlcOfBirth/CityOfBirth,CityOfBirth,Max35Text,1,1
pacs.002.001.12,/Document/FIToFIPmtStsRpt/TxInfAndSts/OrgnlTxRef/RmtInf/Strd/Invcee/Id/PrvtId/DtAndPlcOfBirth/CtryOfBirth,CtryOfBirth,CountryCode,1,1
pacs.002.001.12,/Document/FIToFIPmtStsRpt/TxInfAndSts/OrgnlTxRef/RmtInf/Strd/Invcee/Id/PrvtId/Othr,Othr,GenericPersonIdentification1,0,
pacs.002.001.12,/Document/FIToFIPmtStsRpt/TxInfAndSts/OrgnlTxRef/RmtInf/Strd/Invcee/Id/PrvtId/Othr/Id,Id,Max35Text,1,1
pacs.002.001.12,/Document/FIToFIPmtStsRpt/TxInfAndSts/OrgnlTxRef/RmtInf/Strd/Invcee/Id/PrvtId/Othr/SchmeNm,SchmeNm,PersonIdentificationSchemeName1Choice,0,1
pacs.002.001.12,/Document/FIToFIPmtStsRpt/TxInfAndSts/OrgnlTxRef/RmtInf/Strd/Invcee/Id/PrvtId/Othr/SchmeNm/Cd,Cd,ExternalPersonIdentification1Code,1,1
pacs.002.001.12,/Document/FIToFIPmtStsRpt/TxInfAndSts/OrgnlTxRef/RmtInf/Strd/Invcee/Id/PrvtId/Othr/SchmeNm/Prtry,Prtry,Max35Text,1,1
pacs.002.001.12,/Document/FIToFIPmtStsRpt/TxInfAndSts/OrgnlTxRef/RmtInf/Strd/Invcee/Id/PrvtId/Othr/Issr,Issr,Max35Text,0,1
pacs.002.001.12,/Document/FIToFIPmtStsRpt/TxInfAndSts/OrgnlTxRef/RmtInf/Strd/Invcee/CtryOfRes,CtryOfRes,CountryCode,0,1
pacs.002.001.12,/Document/FIToFIPmtStsRpt/TxInfAndSts/OrgnlTxRef/RmtInf/Strd/Invcee/CtctDtls,CtctDtls,Contact4,0,1
pacs.002.001.12,/Document/FIToFIPmtStsRpt/TxInfAndSts/OrgnlTxRef/RmtInf/Strd/Invcee/CtctDtls/NmPrfx,NmPrfx,NamePrefix2Code,0,1
pacs.002.001.12,/Document/FIToFIPmtStsRpt/TxInfAndSts/OrgnlTxRef/RmtInf/Strd/Invcee/CtctDtls/Nm,Nm,Max140Text,0,1
pacs.002.001.12,/Document/FIToFIPmtStsRpt/TxInfAndSts/OrgnlTxRef/RmtInf/Strd/Invcee/CtctDtls/PhneNb,PhneNb,PhoneNumber,0,1
pacs.002.001.12,/Document/FIToFIPmtStsRpt/TxInfAndSts/OrgnlTxRef/RmtInf/Strd/Invcee/CtctDtls/MobNb,MobNb,PhoneNumber,0,1
pacs.002.001.12,/Document/FIToFIPmtStsRpt/TxInfAndSts/OrgnlTxRef/RmtInf/Strd/Invcee/CtctDtls/FaxNb,FaxNb,PhoneNumber,0,1
pacs.002.001.12,/Document/FIToFIPmtStsRpt/TxInfAndSts/OrgnlTxRef/RmtInf/Strd/Invcee/CtctDtls/EmailAdr,EmailAdr,Max2048Text,0,1
pacs.002.001.12,/Document/FIToFIPmtStsRpt/TxInfAndSts/OrgnlTxRef/RmtInf/Strd/Invcee/CtctDtls/EmailPurp,EmailPurp,Max35Text,0,1
pacs.002.001.12,/Document/FIToFIPmtStsRpt/TxInfAndSts/OrgnlTxRef/RmtInf/Strd/Invcee/CtctDtls/JobTitl,JobTitl,Max35Text,0,1
pacs.002.001.12,/Document/FIToFIPmtStsRpt/TxInfAndSts/OrgnlTxRef/RmtInf/Strd/Invcee/CtctDtls/Rspnsblty,Rspnsblty,Max35Text,0,1
pacs.002.001.12,/Document/FIToFIPmtStsRpt/TxInfAndSts/OrgnlTxRef/RmtInf/Strd/Invcee/CtctDtls/Dept,Dept,Max70Text,0,1
pacs.002.001.12,/Document/FIToFIPmtStsRpt/TxInfAndSts/OrgnlTxRef/RmtInf/Strd/Invcee/CtctDtls/Othr,Othr,OtherContact1,0,
pacs.002.001.12,/Document/FIToFIPmtStsRpt/TxInfAndSts/OrgnlTxRef/RmtInf/Strd/Invcee/CtctDtls/Othr/ChanlTp,ChanlTp,Max4Text,1,1
pacs.002.001.12,/Document/FIToFIPmtStsRpt/TxInfAndSts/OrgnlTxRef/RmtInf/Strd/Invcee/CtctDtls/Othr/Id,Id,Max128Text,0,1
pacs.002.001.12,/Document/FIToFIPmtStsRpt/TxInfAndSts/OrgnlTxRef/RmtInf/Strd/Invcee/CtctDtls/PrefrdMtd,PrefrdMtd,PreferredContactMethod1Code,0,1
pacs.002.001.12,/Document/FIToFIPmtStsRpt/TxInfAndSts/OrgnlTxRef/RmtInf/Strd/TaxRmt,TaxRmt,TaxData1,0,1
pacs.002.001.12,/Document/FIToFIPmtStsRpt/TxInfAndSts/OrgnlTxRef/RmtInf/Strd/TaxRmt/Cdtr,Cdtr,TaxParty1,0,1
pacs.002.001.12,/Document/FIToFIPmtStsRpt/TxInfAndSts/OrgnlTxRef/RmtInf/Strd/TaxRmt/Cdtr/TaxId,TaxId,Max35Text,0,1
pacs.002.001.12,/Document/FIToFIPmtStsRpt/TxInfAndSts/OrgnlTxRef/RmtInf/Strd/TaxRmt/Cdtr/RegnId,RegnId,Max35Text,0,1
pacs.002.001.12,/Document/FIToFIPmtStsRpt/TxInfAndSts/OrgnlTxRef/RmtInf/Strd/TaxRmt/Cdtr/TaxTp,TaxTp,Max35Text,0,1
pacs.002.001.12,/Document/FIToFIPmtStsRpt/TxInfAndSts/OrgnlTxRef/RmtInf/Strd/TaxRmt/Dbtr,Dbtr,TaxParty2,0,1
pacs.002.001.12,/Document/FIToFIPmtStsRpt/TxInfAndSts/OrgnlTxRef/RmtInf/Strd/TaxRmt/Dbtr/TaxId,TaxId,Max35Text,0,1
pacs.002.001.12,/Document/FIToFIPmtStsRpt/TxInfAndSts/OrgnlTxRef/RmtInf/Strd/TaxRmt/Dbtr/RegnId,RegnId,Max35Text,0,1
pacs.002.001.12,/Document/FIToFIPmtStsRpt/TxInfAndSts/OrgnlTxRef/RmtInf/Strd/TaxRmt/Dbtr/TaxTp,TaxTp,Max35Text,0,1
pacs.002.001.12,/Document/FIToFIPmtStsRpt/TxInfAndSts/OrgnlTxRef/RmtInf/Strd/TaxRmt/Dbtr/Authstn,Authstn,TaxAuthorisation1,0,1
pacs.002.001.12,/Document/FIToFIPmtStsRpt/TxInfAndSts/OrgnlTxRef/RmtInf/Strd/TaxRmt/Dbtr/Authstn/Titl,Titl,Max35Text,0,1
pacs.002.001.12,/Document/FIToFIPmtStsRpt/TxInfAndSts/OrgnlTxRef/RmtInf/Strd/TaxRmt/Dbtr/Authstn/Nm,Nm,Max140Text,0,1
pacs.002.001.12,/Document/FIToFIPmtStsRpt/TxInfAndSts/OrgnlTxRef/RmtInf/Strd/TaxRmt/UltmtDbtr,UltmtDbtr,TaxParty2,0,1
pacs.002.001.12,/Document/FIToFIPmtStsRpt/TxInfAndSts/OrgnlTxRef/RmtInf/Strd/TaxRmt/UltmtDbtr/TaxId,TaxId,Max35Text,0,1
pacs.002.001.12,/Document/FIToFIPmtStsRpt/TxInfAndSts/OrgnlTxRef/RmtInf/Strd/TaxRmt/UltmtDbtr/RegnId,RegnId,Max35Text,0,1
pacs.002.001.12,/Document/FIToFIPmtStsRpt/TxInfAndSts/OrgnlTxRef/RmtInf/Strd/TaxRmt/UltmtDbtr/TaxTp,TaxTp,Max35Text,0,1
pacs.002.001.12,/Document/FIToFIPmtStsRpt/TxInfAndSts/OrgnlTxRef/RmtInf/Strd/TaxRmt/UltmtDbtr/Authstn,Authstn,TaxAuthorisation1,0,1
pacs.002.001.12,/Document/FIToFIPmtStsRpt/TxInfAndSts/OrgnlTxRef/RmtInf/Strd/TaxRmt/UltmtDbtr/Authstn/Titl,Titl,Max35Text,0,1
pacs.002.001.12,/Document/FIToFIPmtStsRpt/TxInfAndSts/OrgnlTxRef/RmtInf/Strd/TaxRmt/UltmtDbtr/Authstn/Nm,Nm,Max140Text,0,1
pacs.002.001.12,/Document/FIToFIPmtStsRpt/TxInfAndSts/OrgnlTxRef/RmtInf/Strd/TaxRmt/AdmstnZone,AdmstnZone,Max35Text,0,1
pacs.002.001.12,/Document/FIToFIPmtStsRpt/TxInfAndSts/OrgnlTxRef/RmtInf/Strd/TaxRmt/RefNb,RefNb,Max140Text,0,1
pacs.002.001.12,/Document/FIToFIPmtStsRpt/TxInfAndSts/OrgnlTxRef/RmtInf/Strd/TaxRmt/Mtd,Mtd,Max35Text,0,1
pacs.002.001.12,/Document/FIToFIPmtStsRpt/TxInfAndSts/OrgnlTxRef/RmtInf/Strd/TaxRmt/TtlTaxblBaseAmt,TtlTaxblBaseAmt,ActiveOrHistoricCurrencyAndAmount,0,1
pacs.002.001.12,/Document/FIToFIPmtStsRpt/TxInfAndSts/OrgnlTxRef/RmtInf/Strd/TaxRmt/TtlTaxAmt,TtlTaxAmt,ActiveOrHistoricCurrencyAndAmount,0,1
pacs.002.001.12,/Document/FIToFIPmtStsRpt/TxInfAndSts/OrgnlTxRef/RmtInf/Strd/TaxRmt/Dt,Dt,ISODate,0,1
pacs.002.001.12,/Document/FIToFIPmtStsRpt/TxInfAndSts/OrgnlTxRef/RmtInf/Strd/TaxRmt/SeqNb,SeqNb,Number,0,1
pacs.002.001.12,/Document/FIToFIPmtStsRpt/TxInfAndSts/OrgnlTxRef/RmtInf/Strd/TaxRmt/Rcrd,Rcrd,TaxRecord3,0,
pacs.002.001.12,/Document/FIToFIPmtStsRpt/TxInfAndSts/OrgnlTxRef/RmtInf/Strd/TaxRmt/Rcrd/Tp,Tp,Max35Text,0,1
pacs.002.001.12,/Document/FIToFIPmtStsRpt/TxInfAndSts/OrgnlTxRef/RmtInf/Strd/TaxRmt/Rcrd/Ctgy,Ctgy,Max35Text,0,1
pacs.002.001.12,/Document/FIToFIPmtStsRpt/TxInfAndSts/OrgnlTxRef/RmtInf/Strd/TaxRmt/Rcrd/CtgyDtls,CtgyDtls,Max35Text,0,1
pacs.002.001.12,/Document/FIToFIPmtStsRpt/TxInfAndSts/OrgnlTxRef/RmtInf/Strd/TaxRmt/Rcrd/DbtrSts,DbtrSts,Max35Text,0,1
pacs.002.001.12,/Document/FIToFIPmtStsRpt/TxInfAndSts/OrgnlTxRef/RmtInf/Strd/TaxRmt/Rcrd/CertId,CertId,Max35Text,0,1
pacs.002.001.12,/Document/FIToFIPmtStsRpt/TxInfAndSts/OrgnlTxRef/RmtInf/Strd/TaxRmt/Rcrd/FrmsCd,FrmsCd,Max35Text,0,1
pacs.002.001.12,/Document/FIToFIPmtStsRpt/TxInfAndSts/OrgnlTxRef/RmtInf/Strd/TaxRmt/Rcrd/Prd,Prd,TaxPeriod3,0,1
pacs.002.001.12,/Document/FIToFIPmtStsRpt/TxInfAndSts/OrgnlTxRef/RmtInf/Strd/TaxRmt/Rcrd/Prd/Yr,Yr,ISOYear,0,1
pacs.002.001.12,/Document/FIToFIPmtStsRpt/TxInfAndSts/OrgnlTxRef/RmtInf/Strd/TaxRmt/Rcrd/Prd/Tp,Tp,TaxRecordPeriod1Code,0,1
pacs.002.001.12,/Document/FIToFIPmtStsRpt/TxInfAndSts/OrgnlTxRef/RmtInf/Strd/TaxRmt/Rcrd/Prd/FrToDt,FrToDt,DatePeriod2,0,1
pacs.002.001.12,/Document/FIToFIPmtStsRpt/TxInfAndSts/OrgnlTxRef/RmtInf/Strd/TaxRmt/Rcrd/Prd/FrToDt/FrDt,FrDt,ISODate,1,1
pacs.002.001.12,/Document/FIToFIPmtStsRpt/TxInfAndSts/OrgnlTxRef/RmtInf/Strd/TaxRmt/Rcrd/Prd/FrToDt/ToDt,ToDt,ISODate,1,1
pacs.002.001.12,/Document/FIToFIPmtStsRpt/TxInfAndSts/OrgnlTxRef/RmtInf/Strd/TaxRmt/Rcrd/TaxAmt,TaxAmt,TaxAmount3,0,1
pacs.002.001.12,/Document/FIToFIPmtStsRpt/TxInfAndSts/OrgnlTxRef/RmtInf/Strd/TaxRmt/Rcrd/TaxAmt/Rate,Rate,PercentageRate,0,1
pacs.002.001.12,/Document/FIToFIPmtStsRpt/TxInfAndSts/OrgnlTxRef/RmtInf/Strd/TaxRmt/Rcrd/TaxAmt/TaxblBaseAmt,TaxblBaseAmt,ActiveOrHistoricCurrencyAndAmount,0,1
pacs.002.001.12,/Document/FIToFIPmtStsRpt/TxInfAndSts/OrgnlTxRef/RmtInf/Strd/TaxRmt/Rcrd/TaxAmt/TtlAmt,TtlAmt,ActiveOrHistoricCurrencyAndAmount,0,1
pacs.002.001.12,/Document/FIToFIPmtStsRpt/TxInfAndSts/OrgnlTxRef/RmtInf/Strd/TaxRmt/Rcrd/TaxAmt/Dtls,Dtls,TaxRecordDetails3,0,
pacs.002.001.12,/Document/FIToFIPmtStsRpt/TxInfAndSts/OrgnlTxRef/RmtInf/Strd/TaxRmt/Rcrd/TaxAmt/Dtls/Prd,Prd,TaxPeriod3,0,1
pacs.002.001.12,/Document/FIToFIPmtStsRpt/TxInfAndSts/OrgnlTxRef/RmtInf/Strd/TaxRmt/Rcrd/TaxAmt/Dtls/Prd/Yr,Yr,ISOYear,0,1
pacs.002.001.12,/Document/FIToFIPmtStsRpt/TxInfAndSts/OrgnlTxRef/RmtInf/Strd/TaxRmt/Rcrd/TaxAmt/Dtls/Prd/Tp,Tp,TaxRecordPeriod1Code,0,1
pacs.002.001.12,/Document/FIToFIPmtStsRpt/TxInfAndSts/OrgnlTxRef/RmtInf/Strd/TaxRmt/Rcrd/TaxAmt/Dtls/Prd/FrToDt,FrToDt,DatePeriod2,0,1
pacs.002.001.12,/Document/FIToFIPmtStsRpt/TxInfAndSts/OrgnlTxRef/RmtInf/Strd/TaxRmt/Rcrd/TaxAmt/Dtls/Prd/FrToDt/FrDt,FrDt,ISODate,1,1
pacs.002.001.12,/Document/FIToFIPmtStsRpt/TxInfAndSts/OrgnlTxRef/RmtInf/Strd/TaxRmt/Rcrd/TaxAmt/Dtls/Prd/FrToDt/ToDt,ToDt,ISODate,1,1
pacs.002.001.12,/Document/FIToFIPmtStsRpt/TxInfAndSts/OrgnlTxRef/RmtInf/Strd/TaxRmt/Rcrd/TaxAmt/Dtls/Amt,Amt,ActiveOrHistoricCurrencyAndAmount,1,1
pacs.002.001.12,/Document/FIToFIPmtStsRpt/TxInfAndSts/OrgnlTxRef/RmtInf/Strd/TaxRmt/Rcrd/AddtlInf,AddtlInf,Max140Text,0,1
pacs.002.001.12,/Document/FIToFIPmtStsRpt/TxInfAndSts/OrgnlTxRef/RmtInf/Strd/GrnshmtRmt,GrnshmtRmt,Garnishment3,0,1
pacs.002.001.12,/Document/FIToFIPmtStsRpt/TxInfAndSts/OrgnlTxRef/RmtInf/Strd/GrnshmtRmt/Tp,Tp,GarnishmentType1,1,1
pacs.002.001.12,/Document/FIToFIPmtStsRpt/TxInfAndSts/OrgnlTxRef/RmtInf/Strd/GrnshmtRmt/Tp/CdOrPrtry,CdOrPrtry,GarnishmentType1Choice,1,1
pacs.002.001.12,/Document/FIToFIPmtStsRpt/TxInfAndSts/OrgnlTxRef/RmtInf/Strd/GrnshmtRmt/Tp/CdOrPrtry/Cd,Cd,ExternalGarnishmentType1Code,1,1
pacs.002.001.12,/Document/FIToFIPmtStsRpt/TxInfAndSts/OrgnlTxRef/RmtInf/Strd/GrnshmtRmt/Tp/CdOrPrtry/Prtry,Prtry,Max35Text,1,1
pacs.002.001.12,/Document/FIToFIPmtStsRpt/TxInfAndSts/OrgnlTxRef/RmtInf/Strd/GrnshmtRmt/Tp/Issr,Issr,Max35Text,0,1
pacs.002.001.12,/Document/FIToFIPmtStsRpt/TxInfAndSts/OrgnlTxRef/RmtInf/Strd/GrnshmtRmt/Grnshee,Grnshee,PartyIdentification135,0,1
pacs.002.001.12,/Document/FIToFIPmtStsRpt/TxInfAndSts/OrgnlTxRef/RmtInf/Strd/GrnshmtRmt/Grnshee/Nm,Nm,Max140Text,0,1
pacs.002.001.12,/Document/FIToFIPmtStsRpt/TxInfAndSts/OrgnlTxRef/RmtInf/Strd/GrnshmtRmt/Grnshee/PstlAdr,PstlAdr,PostalAddress24,0,1
pacs.002.001.12,/Document/FIToFIPmtStsRpt/TxInfAndSts/OrgnlTxRef/RmtInf/Strd/GrnshmtRmt/Grnshee/PstlAdr/AdrTp,AdrTp,AddressType3Choice,0,1
pacs.002.001.12,/Document/FIToFIPmtStsRpt/TxInfAndSts/OrgnlTxRef/RmtInf/Strd/GrnshmtRmt/Grnshee/PstlAdr/AdrTp/Cd,Cd,AddressType2Code,1,1
pacs.002.001.12,/Document/FIToFIPmtStsRpt/TxInfAndSts/OrgnlTxRef/RmtInf/Strd/GrnshmtRmt/Grnshee/PstlAdr/AdrTp/Prtry,Prtry,GenericIdentification30,1,1
pacs.002.001.12,/Document/FIToFIPmtStsRpt/TxInfAndSts/OrgnlTxRef/RmtInf/Strd/GrnshmtRmt/Grnshee/PstlAdr/AdrTp/Prtry/Id,Id,Exact4AlphaNumericText,1,1
pacs.002.001.12,/Document/FIToFIPmtStsRpt/TxInfAndSts/OrgnlTxRef/RmtInf/Strd/GrnshmtRmt/Grnshee/PstlAdr/AdrTp/Prtry/Issr,Issr,Max35Text,1,1
pacs.002.001.12,/Document/FIToFIPmtStsRpt/TxInfAndSts/OrgnlTxRef/RmtInf/Strd/GrnshmtRmt/Grnshee/PstlAdr/AdrTp/Prtry/SchmeNm,SchmeNm,Max35Text,0,1
pacs.002.001.12,/Document/FIToFIPmtStsRpt/TxInfAndSts/OrgnlTxRef/RmtInf/Strd/GrnshmtRmt/Grnshee/PstlAdr/Dept,Dept,Max70Text,0,1
pacs.002.001.12,/Document/FIToFIPmtStsRpt/TxInfAndSts/OrgnlTxRef/RmtInf/Strd/GrnshmtRmt/Grnshee/PstlAdr/SubDept,SubDept,Max70Text,0,1
pacs.002.001.12,/Document/FIToFIPmtStsRpt/TxInfAndSts/OrgnlTxRef/RmtInf/Strd/GrnshmtRmt/Grnshee/PstlAdr/StrtNm,StrtNm,Max70Text,0,1
pacs.002.001.12,/Document/FIToFIPmtStsRpt/TxInfAndSts/OrgnlTxRef/RmtInf/Strd/GrnshmtRmt/Grnshee/PstlAdr/BldgNb,BldgNb,Max16Text,0,1
pacs.002.001.12,/Document/FIToFIPmtStsRpt/TxInfAndSts/OrgnlTxRef/RmtInf/Strd/GrnshmtRmt/Grnshee/PstlAdr/BldgNm,BldgNm,Max35Text,0,1
pacs.002.001.12,/Document/FIToFIPmtStsRpt/TxInfAndSts/OrgnlTxRef/RmtInf/Strd/GrnshmtRmt/Grnshee/PstlAdr/Flr,Flr,Max70Text,0,1
pacs.002.001.12,/Document/FIToFIPmtStsRpt/TxInfAndSts/OrgnlTxRef/RmtInf/Strd/GrnshmtRmt/Grnshee/PstlAdr/PstBx,PstBx,Max16Text,0,1
pacs.002.001.12,/Document/FIToFIPmtStsRpt/TxInfAndSts/OrgnlTxRef/RmtInf/Strd/GrnshmtRmt/Grnshee/PstlAdr/Room,Room,Max70Text,0,1
pacs.002.001.12,/Document/FIToFIPmtStsRpt/TxInfAndSts/OrgnlTxRef/RmtInf/Strd/GrnshmtRmt/Grnshee/PstlAdr/PstCd,PstCd,Max16Text,0,1
pacs.002.001.12,/Document/FIToFIPmtStsRpt/TxInfAndSts/OrgnlTxRef/RmtInf/Strd/GrnshmtRmt/Grnshee/PstlAdr/TwnNm,TwnNm,Max35Text,0,1
pacs.002.001.12,/Document/FIToFIPmtStsRpt/TxInfAndSts/OrgnlTxRef/RmtInf/Strd/GrnshmtRmt/Grnshee/PstlAdr/TwnLctnNm,TwnLctnNm,Max35Text,0,1
pacs.002.001.12,/Document/FIToFIPmtStsRpt/TxInfAndSts/OrgnlTxRef/RmtInf/Strd/GrnshmtRmt/Grnshee/PstlAdr/DstrctNm,DstrctNm,Max35Text,0,1
pacs.002.001.12,/Document/FIToFIPmtStsRpt/TxInfAndSts/OrgnlTxRef/RmtInf/Strd/GrnshmtRmt/Grnshee/PstlAdr/CtrySubDvsn,CtrySubDvsn,Max35Text,0,1
pacs.002.001.12,/Document/FIToFIPmtStsRpt/TxInfAndSts/OrgnlTxRef/RmtInf/Strd/GrnshmtRmt/Grnshee/PstlAdr/Ctry,Ctry,CountryCode,0,1
pacs.002.001.12,/Document/FIToFIPmtStsRpt/TxInfAndSts/OrgnlTxRef/RmtInf/Strd/GrnshmtRmt/Grnshee/PstlAdr/AdrLine,AdrLine,Max70Text,0,7
pacs.002.001.12,/Document/FIToFIPmtStsRpt/TxInfAndSts/OrgnlTxRef/RmtInf/Strd/GrnshmtRmt/Grnshee/Id,Id,Party38Choice,0,1
pacs.002.001.12,/Document/FIToFIPmtStsRpt/TxInfAndSts/OrgnlTxRef/RmtInf/Strd/GrnshmtRmt/Grnshee/Id/OrgId,OrgId,OrganisationIdentification29,1,1
pacs.002.001.12,/Document/FIToFIPmtStsRpt/TxInfAndSts/OrgnlTxRef/RmtInf/Strd/GrnshmtRmt/Grnshee/Id/OrgId/AnyBIC,AnyBIC,AnyBICDec2014Identifier,0,1
pacs.002.001.12,/Document/FIToFIPmtStsRpt/TxInfAndSts/OrgnlTxRef/RmtInf/Strd/GrnshmtRmt/Grnshee/Id/OrgId/LEI,LEI,LEIIdentifier,0,1
pacs.002.001.12,/Document/FIToFIPmtStsRpt/TxInfAndSts/OrgnlTxRef/RmtInf/Strd/GrnshmtRmt/Grnshee/Id/OrgId/Othr,Othr,GenericOrganisationIdentification1,0,
pacs.002.001.12,/Document/FIToFIPmtStsRpt/TxInfAndSts/OrgnlTxRef/RmtInf/Strd/GrnshmtRmt/Grnshee/Id/OrgId/Othr/Id,Id,Max35Text,1,1
pacs.002.001.12,/Document/FIToFIPmtStsRpt/TxInfAndSts/OrgnlTxRef/RmtInf/Strd/GrnshmtRmt/Grnshee/Id/OrgId/Othr/SchmeNm,SchmeNm,OrganisationIdentificationSchemeName1Choice,0,1
pacs.002.001.12,/Document/FIToFIPmtStsRpt/TxInfAndSts/OrgnlTxRef/RmtInf/Strd/GrnshmtRmt/Grnshee/Id/OrgId/Othr/SchmeNm/Cd,Cd,ExternalOrganisationIdentification1Code,1,1
pacs.002.001.12,/Document/FIToFIPmtStsRpt/TxInfAndSts/OrgnlTxRef/RmtInf/Strd/GrnshmtRmt/Grnshee/Id/OrgId/Othr/SchmeNm/Prtry,Prtry,Max35Text,1,1
pacs.002.001.12,/Document/FIToFIPmtStsRpt/TxInfAndSts/OrgnlTxRef/RmtInf/Strd/GrnshmtRmt/Grnshee/Id/OrgId/Othr/Issr,Issr,Max35Text,0,1
pacs.002.001.12,/Document/FIToFIPmtStsRpt/TxInfAndSts/OrgnlTxRef/RmtInf/Strd/GrnshmtRmt/Grnshee/Id/PrvtId,PrvtId,PersonIdentification13,1,1
pacs.002.001.12,/Document/FIToFIPmtStsRpt/TxInfAndSts/OrgnlTxRef/RmtInf/Strd/GrnshmtRmt/Grnshee/Id/PrvtId/DtAndPlcOfBirth,DtAndPlcOfBirth,DateAndPlaceOfBirth1,0,1
pacs.002.001.12,/Document/FIToFIPmtStsRpt/TxInfAndSts/OrgnlTxRef/RmtInf/Strd/GrnshmtRmt/Grnshee/Id/PrvtId/DtAndPlcOfBirth/BirthDt,BirthDt,ISODate,1,1
pacs.002.001.12,/Document/FIToFIPmtStsRpt/TxInfAndSts/OrgnlTxRef/RmtInf/Strd/GrnshmtRmt/Grnshee/Id/PrvtId/DtAndPlcOfBirth/PrvcOfBirth,PrvcOfBirth,Max35Text,0,1
pacs.002.001.12,/Document/FIToFIPmtStsRpt/TxInfAndSts/OrgnlTxRef/RmtInf/Strd/GrnshmtRmt/Grnshee/Id/PrvtId/DtAndPlcOfBirth/CityOfBirth,CityOfBirth,Max35Text,1,1
pacs.002.001.12,/Document/FIToFIPmtStsRpt/TxInfAndSts/OrgnlTxRef/RmtInf/Strd/GrnshmtRmt/Grnshee/Id/PrvtId/DtAndPlcOfBirth/CtryOfBirth,CtryOfBirth,CountryCode,1,1
pacs.002.001.12,/Document/FIToFIPmtStsRpt/TxInfAndSts/OrgnlTxRef/RmtInf/Strd/GrnshmtRmt/Grnshee/Id/PrvtId/Othr,Othr,GenericPersonIdentification1,0,
pacs.002.001.12,/Document/FIToFIPmtStsRpt/TxInfAndSts/OrgnlTxRef/RmtInf/Strd/GrnshmtRmt/Grnshee/Id/PrvtId/Othr/Id,Id,Max35Text,1,1
pacs.002.001.12,/Document/FIToFIPmtStsRpt/TxInfAndSts/OrgnlTxRef/RmtInf/Strd/GrnshmtRmt/Grnshee/Id/PrvtId/Othr/SchmeNm,SchmeNm,PersonIdentificationSchemeName1Choice,0,1
pacs.002.001.12,/Document/FIToFIPmtStsRpt/TxInfAndSts/OrgnlTxRef/RmtInf/Strd/GrnshmtRmt/Grnshee/Id/PrvtId/Othr/SchmeNm/Cd,Cd,ExternalPersonIdentification1Code,1,1
pacs.002.001.12,/Document/FIToFIPmtStsRpt/TxInfAndSts/OrgnlTxRef/RmtInf/Strd/GrnshmtRmt/Grnshee/Id/PrvtId/Othr/SchmeNm/Prtry,Prtry,Max35Text,1,1
pacs.002.001.12,/Document/FIToFIPmtStsRpt/TxInfAndSts/OrgnlTxRef/RmtInf/Strd/GrnshmtRmt/Grnshee/Id/PrvtId/Othr/Issr,Issr,Max35Text,0,1
pacs.002.001.12,/Document/FIToFIPmtStsRpt/TxInfAndSts/OrgnlTxRef/RmtInf/Strd/GrnshmtRmt/Grnshee/CtryOfRes,CtryOfRes,CountryCode,0,1
pacs.002.001.12,/Document/FIToFIPmtStsRpt/TxInfAndSts/OrgnlTxRef/RmtInf/Strd/GrnshmtRmt/Grnshee/CtctDtls,CtctDtls,Contact4,0,1
pacs.002.001.12,/Document/FIToFIPmtStsRpt/TxInfAndSts/OrgnlTxRef/RmtInf/Strd/GrnshmtRmt/Grnshee/CtctDtls/NmPrfx,NmPrfx,NamePrefix2Code,0,1
pacs.002.001.12,/Document/FIToFIPmtStsRpt/TxInfAndSts/OrgnlTxRef/RmtInf/Strd/GrnshmtRmt/Grnshee/CtctDtls/Nm,Nm,Max140Text,0,1
pacs.002.001.12,/Document/FIToFIPmtStsRpt/TxInfAndSts/OrgnlTxRef/RmtInf/Strd/GrnshmtRmt/Grnshee/CtctDtls/PhneNb,PhneNb,PhoneNumber,0,1
pacs.002.001.12,/Document/FIToFIPmtStsRpt/TxInfAndSts/OrgnlTxRef/RmtInf/Strd/GrnshmtRmt/Grnshee/CtctDtls/MobNb,MobNb,PhoneNumber,0,1
pacs.002.001.12,/Document/FIToFIPmtStsRpt/TxInfAndSts/OrgnlTxRef/RmtInf/Strd/GrnshmtRmt/Grnshee/CtctDtls/FaxNb,FaxNb,PhoneNumber,0,1
pacs.002.001.12,/Document/FIToFIPmtStsRpt/TxInfAndSts/OrgnlTxRef/RmtInf/Strd/GrnshmtRmt/Grnshee/CtctDtls/EmailAdr,EmailAdr,Max2048Text,0,1
pacs.002.001.12,/Document/FIToFIPmtStsRpt/TxInfAndSts/OrgnlTxRef/RmtInf/Strd/GrnshmtRmt/Grnshee/CtctDtls/EmailPurp,EmailPurp,Max35Text,0,1
pacs.002.001.12,/Document/FIToFIPmtStsRpt/TxInfAndSts/OrgnlTxRef/RmtInf/Strd/GrnshmtRmt/Grnshee/CtctDtls/JobTitl,JobTitl,Max35Text,0,1
pacs.002.001.12,/Document/FIToFIPmtStsRpt/TxInfAndSts/OrgnlTxRef/RmtInf/Strd/GrnshmtRmt/Grnshee/CtctDtls/Rspnsblty,Rspnsblty,Max35Text,0,1
pacs.002.001.12,/Document/FIToFIPmtStsRpt/TxInfAndSts/OrgnlTxRef/RmtInf/Strd/GrnshmtRmt/Grnshee/CtctDtls/Dept,Dept,Max70Text,0,1
pacs.002.001.12,/Document/FIToFIPmtStsRpt/TxInfAndSts/OrgnlTxRef/RmtInf/Strd/GrnshmtRmt/Grnshee/CtctDtls/Othr,Othr,OtherContact1,0,
pacs.002.001.12,/Document/FIToFIPmtStsRpt/TxInfAndSts/OrgnlTxRef/RmtInf/Strd/GrnshmtRmt/Grnshee/CtctDtls/Othr/ChanlTp,ChanlTp,Max4Text,1,1
pacs.002.001.12,/Document/FIToFIPmtStsRpt/TxInfAndSts/OrgnlTxRef/RmtInf/Strd/GrnshmtRmt/Grnshee/CtctDtls/Othr/Id,Id,Max128Text,0,1
pacs.002.001.12,/Document/FIToFIPmtStsRpt/TxInfAndSts/OrgnlTxRef/RmtInf/Strd/GrnshmtRmt/Grnshee/CtctDtls/PrefrdMtd,PrefrdMtd,PreferredContactMethod1Code,0,1
pacs.002.001.12,/Document/FIToFIPmtStsRpt/TxInfAndSts/OrgnlTxRef/RmtInf/Strd/GrnshmtRmt/GrnshmtAdmstr,GrnshmtAdmstr,PartyIdentification135,0,1
pacs.002.001.12,/Document/FIToFIPmtStsRpt/TxInfAndSts/OrgnlTxRef/RmtInf/Strd/GrnshmtRmt/GrnshmtAdmstr/Nm,Nm,Max140Text,0,1
pacs.002.001.12,/Document/FIToFIPmtStsRpt/TxInfAndSts/OrgnlTxRef/RmtInf/Strd/GrnshmtRmt/GrnshmtAdmstr/PstlAdr,PstlAdr,PostalAddress24,0,1
pacs.002.001.12,/Document/FIToFIPmtStsRpt/TxInfAndSts/OrgnlTxRef/RmtInf/Strd/GrnshmtRmt/GrnshmtAdmstr/PstlAdr/AdrTp,AdrTp,AddressType3Choice,0,1
pacs.002.001.12,/Document/FIToFIPmtStsRpt/TxInfAndSts/OrgnlTxRef/RmtInf/Strd/GrnshmtRmt/GrnshmtAdmstr/PstlAdr/AdrTp/Cd,Cd,AddressType2Code,1,1
pacs.002.001.12,/Document/FIToFIPmtStsRpt/TxInfAndSts/OrgnlTxRef/RmtInf/Strd/GrnshmtRmt/GrnshmtAdmstr/PstlAdr/AdrTp/Prtry,Prtry,GenericIdentification30,1,1
pacs.002.001.12,/Document/FIToFIPmtStsRpt/TxInfAndSts/OrgnlTxRef/RmtInf/Strd/GrnshmtRmt/GrnshmtAdmstr/PstlAdr/AdrTp/Prtry/Id,Id,Exact4AlphaNumericText,1,1
pacs.002.001.12,/Document/FIToFIPmtStsRpt/TxInfAndSts/OrgnlTxRef/RmtInf/Strd/GrnshmtRmt/GrnshmtAdmstr/PstlAdr/AdrTp/Prtry/Issr,Issr,Max35Text,1,1
pacs.002.001.12,/Document/FIToFIPmtStsRpt/TxInfAndSts/OrgnlTxRef/RmtInf/Strd/GrnshmtRmt/GrnshmtAdmstr/PstlAdr/AdrTp/Prtry/SchmeNm,SchmeNm,Max35Text,0,1
pacs.002.001.12,/Document/FIToFIPmtStsRpt/TxInfAndSts/OrgnlTxRef/RmtInf/Strd/GrnshmtRmt/GrnshmtAdmstr/PstlAdr/Dept,Dept,Max70Text,0,1
pacs.002.001.12,/Document/FIToFIPmtStsRpt/TxInfAndSts/OrgnlTxRef/RmtInf/Strd/GrnshmtRmt/GrnshmtAdmstr/PstlAdr/SubDept,SubDept,Max70Text,0,1
pacs.002.001.12,/Document/FIToFIPmtStsRpt/TxInfAndSts/OrgnlTxRef/RmtInf/Strd/GrnshmtRmt/GrnshmtAdmstr/PstlAdr/StrtNm,StrtNm,Max70Text,0,1
pacs.002.001.12,/Document/FIToFIPmtStsRpt/TxInfAndSts/OrgnlTxRef/RmtInf/Strd/GrnshmtRmt/GrnshmtAdmstr/PstlAdr/BldgNb,BldgNb,Max16Text,0,1
pacs.002.001.12,/Document/FIToFIPmtStsRpt/TxInfAndSts/OrgnlTxRef/RmtInf/Strd/GrnshmtRmt/GrnshmtAdmstr/PstlAdr/BldgNm,BldgNm,Max35Text,0,1
pacs.002.001.12,/Document/FIToFIPmtStsRpt/TxInfAndSts/OrgnlTxRef/RmtInf/Strd/GrnshmtRmt/GrnshmtAdmstr/PstlAdr/Flr,Flr,Max70Text,0,1
pacs.002.001.12,/Document/FIToFIPmtStsRpt/TxInfAndSts/OrgnlTxRef/RmtInf/Strd/GrnshmtRmt/GrnshmtAdmstr/PstlAdr/PstBx,PstBx,Max16Text,0,1
pacs.002.001.12,/Document/FIToFIPmtStsRpt/TxInfAndSts/OrgnlTxRef/RmtInf/Strd/GrnshmtRmt/GrnshmtAdmstr/PstlAdr/Room,Room,Max70Text,0,1
pacs.002.001.12,/Document/FIToFIPmtStsRpt/TxInfAndSts/OrgnlTxRef/RmtInf/Strd/GrnshmtRmt/GrnshmtAdmstr/PstlAdr/PstCd,PstCd,Max16Text,0,1
pacs.002.001.12,/Document/FIToFIPmtStsRpt/TxInfAndSts/OrgnlTxRef/RmtInf/Strd/GrnshmtRmt/GrnshmtAdmstr/PstlAdr/TwnNm,TwnNm,Max35Text,0,1
pacs.002.001.12,/Document/FIToFIPmtStsRpt/TxInfAndSts/OrgnlTxRef/RmtInf/Strd/GrnshmtRmt/GrnshmtAdmstr/PstlAdr/TwnLctnNm,TwnLctnNm,Max35Text,0,1
pacs.002.001.12,/Document/FIToFIPmtStsRpt/TxInfAndSts/OrgnlTxRef/RmtInf/Strd/GrnshmtRmt/GrnshmtAdmstr/PstlAdr/DstrctNm,DstrctNm,Max35Text,0,1
pacs.002.001.12,/Document/FIToFIPmtStsRpt/TxInfAndSts/OrgnlTxRef/RmtInf/Strd/GrnshmtRmt/GrnshmtAdmstr/PstlAdr/CtrySubDvsn,CtrySubDvsn,Max35Text,0,1
pacs.002.001.12,/Document/FIToFIPmtStsRpt/TxInfAndSts/OrgnlTxRef/RmtInf/Strd/GrnshmtRmt/GrnshmtAdmstr/PstlAdr/Ctry,Ctry,CountryCode,0,1
pacs.002.001.12,/Document/FIToFIPmtStsRpt/TxInfAndSts/OrgnlTxRef/RmtInf/Strd/GrnshmtRmt/GrnshmtAdmstr/PstlAdr/AdrLine,AdrLine,Max70Text,0,7
pacs.002.001.12,/Document/FIToFIPmtStsRpt/TxInfAndSts/OrgnlTxRef/RmtInf/Strd/GrnshmtRmt/GrnshmtAdmstr/Id,Id,Party38Choice,0,1
pacs.002.001.12,/Document/FIToFIPmtStsRpt/TxInfAndSts/OrgnlTxRef/RmtInf/Strd/GrnshmtRmt/GrnshmtAdmstr/Id/OrgId,OrgId,OrganisationIdentification29,1,1
pacs.002.001.12,/Document/FIToFIPmtStsRpt/TxInfAndSts/OrgnlTxRef/RmtInf/Strd/GrnshmtRmt/GrnshmtAdmstr/Id/OrgId/AnyBIC,AnyBIC,AnyBICDec2014Identifier,0,1
pacs.002.001.12,/Document/FIToFIPmtStsRpt/TxInfAndSts/OrgnlTxRef/RmtInf/Strd/GrnshmtRmt/GrnshmtAdmstr/Id/OrgId/LEI,LEI,LEIIdentifier,0,1
pacs.002.001.12,/Document/FIToFIPmtStsRpt/TxInfAndSts/OrgnlTxRef/RmtInf/Strd/GrnshmtRmt/GrnshmtAdmstr/Id/OrgId/Othr,Othr,GenericOrganisationIdentification1,0,
pacs.002.001.12,/Document/FIToFIPmtStsRpt/TxInfAndSts/OrgnlTxRef/RmtInf/Strd/GrnshmtRmt/GrnshmtAdmstr/Id/OrgId/Othr/Id,Id,Max35Text,1,1
pacs.002.001.12,/Document/FIToFIPmtStsRpt/TxInfAndSts/OrgnlTxRef/RmtInf/Strd/GrnshmtRmt/GrnshmtAdmstr/Id/OrgId/Othr/SchmeNm,SchmeNm,OrganisationIdentificationSchemeName1Choice,0,1
pacs.002.001.12,/Document/FIToFIPmtStsRpt/TxInfAndSts/OrgnlTxRef/RmtInf/Strd/GrnshmtRmt/GrnshmtAdmstr/Id/OrgId/Othr/SchmeNm/Cd,Cd,ExternalOrganisationIdentification1Code,1,1
pacs.002.001.12,/Document/FIToFIPmtStsRpt/TxInfAndSts/OrgnlTxRef/RmtInf/Strd/GrnshmtRmt/GrnshmtAdmstr/Id/OrgId/Othr/SchmeNm/Prtry,Prtry,Max35Text,1,1
pacs.002.001.12,/Document/FIToFIPmtStsRpt/TxInfAndSts/OrgnlTxRef/RmtInf/Strd/GrnshmtRmt/GrnshmtAdmstr/Id/OrgId/Othr/Issr,Issr,Max35Text,0,1
pacs.002.001.12,/Document/FIToFIPmtStsRpt/TxInfAndSts/OrgnlTxRef/RmtInf/Strd/GrnshmtRmt/GrnshmtAdmstr/Id/PrvtId,PrvtId,PersonIdentification13,1,1
pacs.002.001.12,/Document/FIToFIPmtStsRpt/TxInfAndSts/OrgnlTxRef/RmtInf/Strd/GrnshmtRmt/GrnshmtAdmstr/Id/PrvtId/DtAndPlcOfBirth,DtAndPlcOfBirth,DateAndPlaceOfBirth1,0,1
pacs.002.001.12,/Document/FIToFIPmtStsRpt/TxInfAndSts/OrgnlTxRef/RmtInf/Strd/GrnshmtRmt/GrnshmtAdmstr/Id/PrvtId/DtAndPlcOfBirth/BirthDt,BirthDt,ISODate,1,1
pacs.002.001.12,/Document/FIToFIPmtStsRpt/TxInfAndSts/OrgnlTxRef/RmtInf/Strd/GrnshmtRmt/GrnshmtAdmstr/Id/PrvtId/DtAndPlcOfBirth/PrvcOfBirth,PrvcOfBirth,Max35Text,0,1
pacs.002.001.12,/Document/FIToFIPmtStsRpt/TxInfAndSts/OrgnlTxRef/RmtInf/Strd/GrnshmtRmt/GrnshmtAdmstr/Id/PrvtId/DtAndPlcOfBirth/CityOfBirth,CityOfBirth,Max35Text,1,1
pacs.002.001.12,/Document/FIToFIPmtStsRpt/TxInfAndSts/OrgnlTxRef/RmtInf/Strd/GrnshmtRmt/GrnshmtAdmstr/Id/PrvtId/DtAndPlcOfBirth/CtryOfBirth,CtryOfBirth,CountryCode,1,1
pacs.002.001.12,/Document/FIToFIPmtStsRpt/TxInfAndSts/OrgnlTxRef/RmtInf/Strd/GrnshmtRmt/GrnshmtAdmstr/Id/PrvtId/Othr,Othr,GenericPersonIdentification1,0,
pacs.002.001.12,/Document/FIToFIPmtStsRpt/TxInfAndSts/OrgnlTxRef/RmtInf/Strd/GrnshmtRmt/GrnshmtAdmstr/Id/PrvtId/Othr/Id,Id,Max35Text,1,1
pacs.002.001.12,/Document/FIToFIPmtStsRpt/TxInfAndSts/OrgnlTxRef/RmtInf/Strd/GrnshmtRmt/GrnshmtAdmstr/Id/PrvtId/Othr/SchmeNm,SchmeNm,PersonIdentificationSchemeName1Choice,0,1
pacs.002.001.12,/Document/FIToFIPmtStsRpt/TxInfAndSts/OrgnlTxRef/RmtInf/Strd/GrnshmtRmt/GrnshmtAdmstr/Id/PrvtId/Othr/SchmeNm/Cd,Cd,ExternalPersonIdentification1Code,1,1
pacs.002.001.12,/Document/FIToFIPmtStsRpt/TxInfAndSts/OrgnlTxRef/RmtInf/Strd/GrnshmtRmt/GrnshmtAdmstr/Id/PrvtId/Othr/SchmeNm/Prtry,Prtry,Max35Text,1,1
pacs.002.001.12,/Document/FIToFIPmtStsRpt/TxInfAndSts/OrgnlTxRef/RmtInf/Strd/GrnshmtRmt/GrnshmtAdmstr/Id/PrvtId/Othr/Issr,Issr,Max35Text,0,1
pacs.002.001.12,/Document/FIToFIPmtStsRpt/TxInfAndSts/OrgnlTxRef/RmtInf/Strd/GrnshmtRmt/GrnshmtAdmstr/CtryOfRes,CtryOfRes,CountryCode,0,1
pacs.002.001.12,/Document/FIToFIPmtStsRpt/TxInfAndSts/OrgnlTxRef/RmtInf/Strd/GrnshmtRmt/GrnshmtAdmstr/CtctDtls,CtctDtls,Contact4,0,1
pacs.002.001.12,/Document/FIToFIPmtStsRpt/TxInfAndSts/OrgnlTxRef/RmtInf/Strd/GrnshmtRmt/GrnshmtAdmstr/CtctDtls/NmPrfx,NmPrfx,NamePrefix2Code,0,1
pacs.002.001.12,/Document/FIToFIPmtStsRpt/TxInfAndSts/OrgnlTxRef/RmtInf/Strd/GrnshmtRmt/GrnshmtAdmstr/CtctDtls/Nm,Nm,Max140Text,0,1
pacs.002.001.12,/Document/FIToFIPmtStsRpt/TxInfAndSts/OrgnlTxRef/RmtInf/Strd/GrnshmtRmt/GrnshmtAdmstr/CtctDtls/PhneNb,PhneNb,PhoneNumber,0,1
pacs.002.001.12,/Document/FIToFIPmtStsRpt/TxInfAndSts/OrgnlTxRef/RmtInf/Strd/GrnshmtRmt/GrnshmtAdmstr/CtctDtls/MobNb,MobNb,PhoneNumber,0,1
pacs.002.001.12,/Document/FIToFIPmtStsRpt/TxInfAndSts/OrgnlTxRef/RmtInf/Strd/GrnshmtRmt/GrnshmtAdmstr/CtctDtls/FaxNb,FaxNb,PhoneNumber,0,1
pacs.002.001.12,/Document/FIToFIPmtStsRpt/TxInfAndSts/OrgnlTxRef/RmtInf/Strd/GrnshmtRmt/GrnshmtAdmstr/CtctDtls/EmailAdr,EmailAdr,Max2048Text,0,1
pacs.002.001.12,/Document/FIToFIPmtStsRpt/TxInfAndSts/OrgnlTxRef/RmtInf/Strd/GrnshmtRmt/GrnshmtAdmstr/CtctDtls/EmailPurp,EmailPurp,Max35Text,0,1
pacs.002.001.12,/Document/FIToFIPmtStsRpt/TxInfAndSts/OrgnlTxRef/RmtInf/Strd/GrnshmtRmt/GrnshmtAdmstr/CtctDtls/JobTitl,JobTitl,Max35Text,0,1
pacs.002.001.12,/Document/FIToFIPmtStsRpt/TxInfAndSts/OrgnlTxRef/RmtInf/Strd/GrnshmtRmt/GrnshmtAdmstr/CtctDtls/Rspnsblty,Rspnsblty,Max35Text,0,1
pacs.002.001.12,/Document/FIToFIPmtStsRpt/TxInfAndSts/OrgnlTxRef/RmtInf/Strd/GrnshmtRmt/GrnshmtAdmstr/CtctDtls/Dept,Dept,Max70Text,0,1
pacs.002.001.12,/Document/FIToFIPmtStsRpt/TxInfAndSts/OrgnlTxRef/RmtInf/Strd/GrnshmtRmt/GrnshmtAdmstr/CtctDtls/Othr,Othr,OtherContact1,0,
pacs.002.001.12,/Document/FIToFIPmtStsRpt/TxInfAndSts/OrgnlTxRef/RmtInf/Strd/GrnshmtRmt/GrnshmtAdmstr/CtctDtls/Othr/ChanlTp,ChanlTp,Max4Text,1,1
pacs.002.001.12,/Document/FIToFIPmtStsRpt/TxInfAndSts/OrgnlTxRef/RmtInf/Strd/GrnshmtRmt/GrnshmtAdmstr/CtctDtls/Othr/Id,Id,Max128Text,0,1
pacs.002.001.12,/Document/FIToFIPmtStsRpt/TxInfAndSts/OrgnlTxRef/RmtInf/Strd/GrnshmtRmt/GrnshmtAdmstr/CtctDtls/PrefrdMtd,PrefrdMtd,PreferredContactMethod1Code,0,1
pacs.002.001.12,/Document/FIToFIPmtStsRpt/TxInfAndSts/OrgnlTxRef/RmtInf/Strd/GrnshmtRmt/RefNb,RefNb,Max140Text,0,1
pacs.002.001.12,/Document/FIToFIPmtStsRpt/TxInfAndSts/OrgnlTxRef/RmtInf/Strd/GrnshmtRmt/Dt,Dt,ISODate,0,1
pacs.002.001.12,/Document/FIToFIPmtStsRpt/TxInfAndSts/OrgnlTxRef/RmtInf/Strd/GrnshmtRmt/RmtdAmt,RmtdAmt,ActiveOrHistoricCurrencyAndAmount,0,1
pacs.002.001.12,/Document/FIToFIPmtStsRpt/TxInfAndSts/OrgnlTxRef/RmtInf/Strd/GrnshmtRmt/FmlyMdclInsrncInd,FmlyMdclInsrncInd,TrueFalseIndicator,0,1
pacs.002.001.12,/Document/FIToFIPmtStsRpt/TxInfAndSts/OrgnlTxRef/RmtInf/Strd/GrnshmtRmt/MplyeeTermntnInd,MplyeeTermntnInd,TrueFalseIndicator,0,1
pacs.002.001.12,/Document/FIToFIPmtStsRpt/TxInfAndSts/OrgnlTxRef/RmtInf/Strd/AddtlRmtInf,AddtlRmtInf,Max140Text,0,3
pacs.002.001.12,/Document/FIToFIPmtStsRpt/TxInfAndSts/OrgnlTxRef/UltmtDbtr,UltmtDbtr,Party40Choice,0,1
pacs.002.001.12,/Document/FIToFIPmtStsRpt/TxInfAndSts/OrgnlTxRef/UltmtDbtr/Pty,Pty,PartyIdentification135,1,1
pacs.002.001.12,/Document/FIToFIPmtStsRpt/TxInfAndSts/OrgnlTxRef/UltmtDbtr/Pty/Nm,Nm,Max140Text,0,1
pacs.002.001.12,/Document/FIToFIPmtStsRpt/TxInfAndSts/OrgnlTxRef/UltmtDbtr/Pty/PstlAdr,PstlAdr,PostalAddress24,0,1
pacs.002.001.12,/Document/FIToFIPmtStsRpt/TxInfAndSts/OrgnlTxRef/UltmtDbtr/Pty/PstlAdr/AdrTp,AdrTp,AddressType3Choice,0,1
pacs.002.001.12,/Document/FIToFIPmtStsRpt/TxInfAndSts/OrgnlTxRef/UltmtDbtr/Pty/PstlAdr/AdrTp/Cd,Cd,AddressType2Code,1,1
pacs.002.001.12,/Document/FIToFIPmtStsRpt/TxInfAndSts/OrgnlTxRef/UltmtDbtr/Pty/PstlAdr/AdrTp/Prtry,Prtry,GenericIdentification30,1,1
pacs.002.001.12,/Document/FIToFIPmtStsRpt/TxInfAndSts/OrgnlTxRef/UltmtDbtr/Pty/PstlAdr/AdrTp/Prtry/Id,Id,Exact4AlphaNumericText,1,1
pacs.002.001.12,/Document/FIToFIPmtStsRpt/TxInfAndSts/OrgnlTxRef/UltmtDbtr/Pty/PstlAdr/AdrTp/Prtry/Issr,Issr,Max35Text,1,1
pacs.002.001.12,/Document/FIToFIPmtStsRpt/TxInfAndSts/OrgnlTxRef/UltmtDbtr/Pty/PstlAdr/AdrTp/Prtry/SchmeNm,SchmeNm,Max35Text,0,1
pacs.002.001.12,/Document/FIToFIPmtStsRpt/TxInfAndSts/OrgnlTxRef/UltmtDbtr/Pty/PstlAdr/Dept,Dept,Max70Text,0,1
pacs.002.001.12,/Document/FIToFIPmtStsRpt/TxInfAndSts/OrgnlTxRef/UltmtDbtr/Pty/PstlAdr/SubDept,SubDept,Max70Text,0,1
pacs.002.001.12,/Document/FIToFIPmtStsRpt/TxInfAndSts/OrgnlTxRef/UltmtDbtr/Pty/PstlAdr/StrtNm,StrtNm,Max70Text,0,1
pacs.002.001.12,/Document/FIToFIPmtStsRpt/TxInfAndSts/OrgnlTxRef/UltmtDbtr/Pty/PstlAdr/BldgNb,BldgNb,Max16Text,0,1
pacs.002.001.12,/Document/FIToFIPmtStsRpt/TxInfAndSts/OrgnlTxRef/UltmtDbtr/Pty/PstlAdr/BldgNm,BldgNm,Max35Text,0,1
pacs.002.001.12,/Document/FIToFIPmtStsRpt/TxInfAndSts/OrgnlTxRef/UltmtDbtr/Pty/PstlAdr/Flr,Flr,Max70Text,0,1
pacs.002.001.12,/Document/FIToFIPmtStsRpt/TxInfAndSts/OrgnlTxRef/UltmtDbtr/Pty/PstlAdr/PstBx,PstBx,Max16Text,0,1
pacs.002.001.12,/Document/FIToFIPmtStsRpt/TxInfAndSts/OrgnlTxRef/UltmtDbtr/Pty/PstlAdr/Room,Room,Max70Text,0,1
pacs.002.001.12,/Document/FIToFIPmtStsRpt/TxInfAndSts/OrgnlTxRef/UltmtDbtr/Pty/PstlAdr/PstCd,PstCd,Max16Text,0,1
pacs.002.001.12,/Document/FIToFIPmtStsRpt/TxInfAndSts/OrgnlTxRef/UltmtDbtr/Pty/PstlAdr/TwnNm,TwnNm,Max35Text,0,1
pacs.002.001.12,/Document/FIToFIPmtStsRpt/TxInfAndSts/OrgnlTxRef/UltmtDbtr/Pty/PstlAdr/TwnLctnNm,TwnLctnNm,Max35Text,0,1
pacs.002.001.12,/Document/FIToFIPmtStsRpt/TxInfAndSts/OrgnlTxRef/UltmtDbtr/Pty/PstlAdr/DstrctNm,DstrctNm,Max35Text,0,1
pacs.002.001.12,/Document/FIToFIPmtStsRpt/TxInfAndSts/OrgnlTxRef/UltmtDbtr/Pty/PstlAdr/CtrySubDvsn,CtrySubDvsn,Max35Text,0,1
pacs.002.001.12,/Document/FIToFIPmtStsRpt/TxInfAndSts/OrgnlTxRef/UltmtDbtr/Pty/PstlAdr/Ctry,Ctry,CountryCode,0,1
pacs.002.001.12,/Document/FIToFIPmtStsRpt/TxInfAndSts/OrgnlTxRef/UltmtDbtr/Pty/PstlAdr/AdrLine,AdrLine,Max70Text,0,7
pacs.002.001.12,/Document/FIToFIPmtStsRpt/TxInfAndSts/OrgnlTxRef/UltmtDbtr/Pty/Id,Id,Party38Choice,0,1
pacs.002.001.12,/Document/FIToFIPmtStsRpt/TxInfAndSts/OrgnlTxRef/UltmtDbtr/Pty/Id/OrgId,OrgId,OrganisationIdentification29,1,1
pacs.002.001.12,/Document/FIToFIPmtStsRpt/TxInfAndSts/OrgnlTxRef/UltmtDbtr/Pty/Id/OrgId/AnyBIC,AnyBIC,AnyBICDec2014Identifier,0,1
pacs.002.001.12,/Document/FIToFIPmtStsRpt/TxInfAndSts/OrgnlTxRef/UltmtDbtr/Pty/Id/OrgId/LEI,LEI,LEIIdentifier,0,1
pacs.002.001.12,/Document/FIToFIPmtStsRpt/TxInfAndSts/OrgnlTxRef/UltmtDbtr/Pty/Id/OrgId/Othr,Othr,GenericOrganisationIdentification1,0,
pacs.002.001.12,/Document/FIToFIPmtStsRpt/TxInfAndSts/OrgnlTxRef/UltmtDbtr/Pty/Id/OrgId/Othr/Id,Id,Max35Text,1,1
pacs.002.001.12,/Document/FIToFIPmtStsRpt/TxInfAndSts/OrgnlTxRef/UltmtDbtr/Pty/Id/OrgId/Othr/SchmeNm,SchmeNm,OrganisationIdentificationSchemeName1Choice,0,1
pacs.002.001.12,/Document/FIToFIPmtStsRpt/TxInfAndSts/OrgnlTxRef/UltmtDbtr/Pty/Id/OrgId/Othr/SchmeNm/Cd,Cd,ExternalOrganisationIdentification1Code,1,1
pacs.002.001.12,/Document/FIToFIPmtStsRpt/TxInfAndSts/OrgnlTxRef/UltmtDbtr/Pty/Id/OrgId/Othr/SchmeNm/Prtry,Prtry,Max35Text,1,1
pacs.002.001.12,/Document/FIToFIPmtStsRpt/TxInfAndSts/OrgnlTxRef/UltmtDbtr/Pty/Id/OrgId/Othr/Issr,Issr,Max35Text,0,1
pacs.002.001.12,/Document/FIToFIPmtStsRpt/TxInfAndSts/OrgnlTxRef/UltmtDbtr/Pty/Id/PrvtId,PrvtId,PersonIdentification13,1,1
pacs.002.001.12,/Document/FIToFIPmtStsRpt/TxInfAndSts/OrgnlTxRef/UltmtDbtr/Pty/Id/PrvtId/DtAndPlcOfBirth,DtAndPlcOfBirth,DateAndPlaceOfBirth1,0,1
pacs.002.001.12,/Document/FIToFIPmtStsRpt/TxInfAndSts/OrgnlTxRef/UltmtDbtr/Pty/Id/PrvtId/DtAndPlcOfBirth/BirthDt,BirthDt,ISODate,1,1
pacs.002.001.12,/Document/FIToFIPmtStsRpt/TxInfAndSts/OrgnlTxRef/UltmtDbtr/Pty/Id/PrvtId/DtAndPlcOfBirth/PrvcOfBirth,PrvcOfBirth,Max35Text,0,1
pacs.002.001.12,/Document/FIToFIPmtStsRpt/TxInfAndSts/OrgnlTxRef/UltmtDbtr/Pty/Id/PrvtId/DtAndPlcOfBirth/CityOfBirth,CityOfBirth,Max35Text,1,1
pacs.002.001.12,/Document/FIToFIPmtStsRpt/TxInfAndSts/OrgnlTxRef/UltmtDbtr/Pty/Id/PrvtId/DtAndPlcOfBirth/CtryOfBirth,CtryOfBirth,CountryCode,1,1
pacs.002.001.12,/Document/FIToFIPmtStsRpt/TxInfAndSts/OrgnlTxRef/UltmtDbtr/Pty/Id/PrvtId/Othr,Othr,GenericPersonIdentification1,0,
pacs.002.001.12,/Document/FIToFIPmtStsRpt/TxInfAndSts/OrgnlTxRef/UltmtDbtr/Pty/Id/PrvtId/Othr/Id,Id,Max35Text,1,1
pacs.002.001.12,/Document/FIToFIPmtStsRpt/TxInfAndSts/OrgnlTxRef/UltmtDbtr/Pty/Id/PrvtId/Othr/SchmeNm,SchmeNm,PersonIdentificationSchemeName1Choice,0,1
pacs.002.001.12,/Document/FIToFIPmtStsRpt/TxInfAndSts/OrgnlTxRef/UltmtDbtr/Pty/Id/PrvtId/Othr/SchmeNm/Cd,Cd,ExternalPersonIdentification1Code,1,1
pacs.002.001.12,/Document/FIToFIPmtStsRpt/TxInfAndSts/OrgnlTxRef/UltmtDbtr/Pty/Id/PrvtId/Othr/SchmeNm/Prtry,Prtry,Max35Text,1,1
pacs.002.001.12,/Document/FIToFIPmtStsRpt/TxInfAndSts/OrgnlTxRef/UltmtDbtr/Pty/Id/PrvtId/Othr/Issr,Issr,Max35Text,0,1
pacs.002.001.12,/Document/FIToFIPmtStsRpt/TxInfAndSts/OrgnlTxRef/UltmtDbtr/Pty/CtryOfRes,CtryOfRes,CountryCode,0,1
pacs.002.001.12,/Document/FIToFIPmtStsRpt/TxInfAndSts/OrgnlTxRef/UltmtDbtr/Pty/CtctDtls,CtctDtls,Contact4,0,1
pacs.002.001.12,/Document/FIToFIPmtStsRpt/TxInfAndSts/OrgnlTxRef/UltmtDbtr/Pty/CtctDtls/NmPrfx,NmPrfx,NamePrefix2Code,0,1
pacs.002.001.12,/Document/FIToFIPmtStsRpt/TxInfAndSts/OrgnlTxRef/UltmtDbtr/Pty/CtctDtls/Nm,Nm,Max140Text,0,1
pacs.002.001.12,/Document/FIToFIPmtStsRpt/TxInfAndSts/OrgnlTxRef/UltmtDbtr/Pty/CtctDtls/PhneNb,PhneNb,PhoneNumber,0,1
pacs.002.001.12,/Document/FIToFIPmtStsRpt/TxInfAndSts/OrgnlTxRef/UltmtDbtr/Pty/CtctDtls/MobNb,MobNb,PhoneNumber,0,1
pacs.002.001.12,/Document/FIToFIPmtStsRpt/TxInfAndSts/OrgnlTxRef/UltmtDbtr/Pty/CtctDtls/FaxNb,FaxNb,PhoneNumber,0,1
pacs.002.001.12,/Document/FIToFIPmtStsRpt/TxInfAndSts/OrgnlTxRef/UltmtDbtr/Pty/CtctDtls/EmailAdr,EmailAdr,Max2048Text,0,1
pacs.002.001.12,/Document/FIToFIPmtStsRpt/TxInfAndSts/OrgnlTxRef/UltmtDbtr/Pty/CtctDtls/EmailPurp,EmailPurp,Max35Text,0,1
pacs.002.001.12,/Document/FIToFIPmtStsRpt/TxInfAndSts/OrgnlTxRef/UltmtDbtr/Pty/CtctDtls/JobTitl,JobTitl,Max35Text,0,1
pacs.002.001.12,/Document/FIToFIPmtStsRpt/TxInfAndSts/OrgnlTxRef/UltmtDbtr/Pty/CtctDtls/Rspnsblty,Rspnsblty,Max35Text,0,1
pacs.002.001.12,/Document/FIToFIPmtStsRpt/TxInfAndSts/OrgnlTxRef/UltmtDbtr/Pty/CtctDtls/Dept,Dept,Max70Text,0,1
pacs.002.001.12,/Document/FIToFIPmtStsRpt/TxInfAndSts/OrgnlTxRef/UltmtDbtr/Pty/CtctDtls/Othr,Othr,OtherContact1,0,
pacs.002.001.12,/Document/FIToFIPmtStsRpt/TxInfAndSts/OrgnlTxRef/UltmtDbtr/Pty/CtctDtls/Othr/ChanlTp,ChanlTp,Max4Text,1,1
pacs.002.001.12,/Document/FIToFIPmtStsRpt/TxInfAndSts/OrgnlTxRef/UltmtDbtr/Pty/CtctDtls/Othr/Id,Id,Max128Text,0,1
pacs.002.001.12,/Document/FIToFIPmtStsRpt/TxInfAndSts/OrgnlTxRef/UltmtDbtr/Pty/CtctDtls/PrefrdMtd,PrefrdMtd,PreferredContactMethod1Code,0,1
pacs.002.001.12,/Document/FIToFIPmtStsRpt/TxInfAndSts/OrgnlTxRef/UltmtDbtr/Agt,Agt,BranchAndFinancialInstitutionIdentification6,1,1
pacs.002.001.12,/Document/FIToFIPmtStsRpt/TxInfAndSts/OrgnlTxRef/UltmtDbtr/Agt/FinInstnId,FinInstnId,FinancialInstitutionIdentification18,1,1
pacs.002.001.12,/Document/FIToFIPmtStsRpt/TxInfAndSts/OrgnlTxRef/UltmtDbtr/Agt/FinInstnId/BICFI,BICFI,BICFIDec2014Identifier,0,1
pacs.002.001.12,/Document/FIToFIPmtStsRpt/TxInfAndSts/OrgnlTxRef/UltmtDbtr/Agt/FinInstnId/ClrSysMmbId,ClrSysMmbId,ClearingSystemMemberIdentification2,0,1
pacs.002.001.12,/Document/FIToFIPmtStsRpt/TxInfAndSts/OrgnlTxRef/UltmtDbtr/Agt/FinInstnId/ClrSysMmbId/ClrSysId,ClrSysId,ClearingSystemIdentification2Choice,0,1
pacs.002.001.12,/Document/FIToFIPmtStsRpt/TxInfAndSts/OrgnlTxRef/UltmtDbtr/Agt/FinInstnId/ClrSysMmbId/ClrSysId/Cd,Cd,ExternalClearingSystemIdentification1Code,1,1
pacs.002.001.12,/Document/FIToFIPmtStsRpt/TxInfAndSts/OrgnlTxRef/UltmtDbtr/Agt/FinInstnId/ClrSysMmbId/ClrSysId/Prtry,Prtry,Max35Text,1,1
pacs.002.001.12,/Document/FIToFIPmtStsRpt/TxInfAndSts/OrgnlTxRef/UltmtDbtr/Agt/FinInstnId/ClrSysMmbId/MmbId,MmbId,Max35Text,1,1
pacs.002.001.12,/Document/FIToFIPmtStsRpt/TxInfAndSts/OrgnlTxRef/UltmtDbtr/Agt/FinInstnId/LEI,LEI,LEIIdentifier,0,1
pacs.002.001.12,/Document/FIToFIPmtStsRpt/TxInfAndSts/OrgnlTxRef/UltmtDbtr/Agt/FinInstnId/Nm,Nm,Max140Text,0,1
pacs.002.001.12,/Document/FIToFIPmtStsRpt/TxInfAndSts/OrgnlTxRef/UltmtDbtr/Agt/FinInstnId/PstlAdr,PstlAdr,PostalAddress24,0,1
pacs.002.001.12,/Document/FIToFIPmtStsRpt/TxInfAndSts/OrgnlTxRef/UltmtDbtr/Agt/FinInstnId/PstlAdr/AdrTp,AdrTp,AddressType3Choice,0,1
pacs.002.001.12,/Document/FIToFIPmtStsRpt/TxInfAndSts/OrgnlTxRef/UltmtDbtr/Agt/FinInstnId/PstlAdr/AdrTp/Cd,Cd,AddressType2Code,1,1
pacs.002.001.12,/Document/FIToFIPmtStsRpt/TxInfAndSts/OrgnlTxRef/UltmtDbtr/Agt/FinInstnId/PstlAdr/AdrTp/Prtry,Prtry,GenericIdentification30,1,1
pacs.002.001.12,/Document/FIToFIPmtStsRpt/TxInfAndSts/OrgnlTxRef/UltmtDbtr/Agt/FinInstnId/PstlAdr/AdrTp/Prtry/Id,Id,Exact4AlphaNumericText,1,1
pacs.002.001.12,/Document/FIToFIPmtStsRpt/TxInfAndSts/OrgnlTxRef/UltmtDbtr/Agt/FinInstnId/PstlAdr/AdrTp/Prtry/Issr,Issr,Max35Text,1,1
pacs.002.001.12,/Document/FIToFIPmtStsRpt/TxInfAndSts/OrgnlTxRef/UltmtDbtr/Agt/FinInstnId/PstlAdr/AdrTp/Prtry/SchmeNm,SchmeNm,Max35Text,0,1
pacs.002.001.12,/Document/FIToFIPmtStsRpt/TxInfAndSts/OrgnlTxRef/UltmtDbtr/Agt/FinInstnId/PstlAdr/Dept,Dept,Max70Text,0,1
pacs.002.001.12,/Document/FIToFIPmtStsRpt/TxInfAndSts/OrgnlTxRef/UltmtDbtr/Agt/FinInstnId/PstlAdr/SubDept,SubDept,Max70Text,0,1
pacs.002.001.12,/Document/FIToFIPmtStsRpt/TxInfAndSts/OrgnlTxRef/UltmtDbtr/Agt/FinInstnId/PstlAdr/StrtNm,StrtNm,Max70Text,0,1
pacs.002.001.12,/Document/FIToFIPmtStsRpt/TxInfAndSts/OrgnlTxRef/UltmtDbtr/Agt/FinInstnId/PstlAdr/BldgNb,BldgNb,Max16Text,0,1
pacs.002.001.12,/Document/FIToFIPmtStsRpt/TxInfAndSts/OrgnlTxRef/UltmtDbtr/Agt/FinInstnId/PstlAdr/BldgNm,BldgNm,Max35Text,0,1
pacs.002.001.12,/Document/FIToFIPmtStsRpt/TxInfAndSts/OrgnlTxRef/UltmtDbtr/Agt/FinInstnId/PstlAdr/Flr,Flr,Max70Text,0,1
pacs.002.001.12,/Document/FIToFIPmtStsRpt/TxInfAndSts/OrgnlTxRef/UltmtDbtr/Agt/FinInstnId/PstlAdr/PstBx,PstBx,Max16Text,0,1
pacs.002.001.12,/Document/FIToFIPmtStsRpt/TxInfAndSts/OrgnlTxRef/UltmtDbtr/Agt/FinInstnId/PstlAdr/Room,Room,Max70Text,0,1
pacs.002.001.12,/Document/FIToFIPmtStsRpt/TxInfAndSts/OrgnlTxRef/UltmtDbtr/Agt/FinInstnId/PstlAdr/PstCd,PstCd,Max16Text,0,1
pacs.002.001.12,/Document/FIToFIPmtStsRpt/TxInfAndSts/OrgnlTxRef/UltmtDbtr/Agt/FinInstnId/PstlAdr/TwnNm,TwnNm,Max35Text,0,1
pacs.002.001.12,/Document/FIToFIPmtStsRpt/TxInfAndSts/OrgnlTxRef/UltmtDbtr/Agt/FinInstnId/PstlAdr/TwnLctnNm,TwnLctnNm,Max35Text,0,1
pacs.002.001.12,/Document/FIToFIPmtStsRpt/TxInfAndSts/OrgnlTxRef/UltmtDbtr/Agt/FinInstnId/PstlAdr/DstrctNm,DstrctNm,Max35Text,0,1
pacs.002.001.12,/Document/FIToFIPmtStsRpt/TxInfAndSts/OrgnlTxRef/UltmtDbtr/Agt/FinInstnId/PstlAdr/CtrySubDvsn,CtrySubDvsn,Max35Text,0,1
pacs.002.001.12,/Document/FIToFIPmtStsRpt/TxInfAndSts/OrgnlTxRef/UltmtDbtr/Agt/FinInstnId/PstlAdr/Ctry,Ctry,CountryCode,0,1
pacs.002.001.12,/Document/FIToFIPmtStsRpt/TxInfAndSts/OrgnlTxRef/UltmtDbtr/Agt/FinInstnId/PstlAdr/AdrLine,AdrLine,Max70Text,0,7
pacs.002.001.12,/Document/FIToFIPmtStsRpt/TxInfAndSts/OrgnlTxRef/UltmtDbtr/Agt/FinInstnId/Othr,Othr,GenericFinancialIdentification1,0,1
pacs.002.001.12,/Document/FIToFIPmtStsRpt/TxInfAndSts/OrgnlTxRef/UltmtDbtr/Agt/FinInstnId/Othr/Id,Id,Max35Text,1,1
pacs.002.001.12,/Document/FIToFIPmtStsRpt/TxInfAndSts/OrgnlTxRef/UltmtDbtr/Agt/FinInstnId/Othr/SchmeNm,SchmeNm,FinancialIdentificationSchemeName1Choice,0,1
pacs.002.001.12,/Document/FIToFIPmtStsRpt/TxInfAndSts/OrgnlTxRef/UltmtDbtr/Agt/FinInstnId/Othr/SchmeNm/Cd,Cd,ExternalFinancialInstitutionIdentification1Code,1,1
pacs.002.001.12,/Document/FIToFIPmtStsRpt/TxInfAndSts/OrgnlTxRef/UltmtDbtr/Agt/FinInstnId/Othr/SchmeNm/Prtry,Prtry,Max35Text,1,1
pacs.002.001.12,/Document/FIToFIPmtStsRpt/TxInfAndSts/OrgnlTxRef/UltmtDbtr/Agt/FinInstnId/Othr/Issr,Issr,Max35Text,0,1
pacs.002.001.12,/Document/FIToFIPmtStsRpt/TxInfAndSts/OrgnlTxRef/UltmtDbtr/Agt/BrnchId,BrnchId,BranchData3,0,1
pacs.002.001.12,/Document/FIToFIPmtStsRpt/TxInfAndSts/OrgnlTxRef/UltmtDbtr/Agt/BrnchId/Id,Id,Max35Text,0,1
pacs.002.001.12,/Document/FIToFIPmtStsRpt/TxInfAndSts/OrgnlTxRef/UltmtDbtr/Agt/BrnchId/LEI,LEI,LEIIdentifier,0,1
pacs.002.001.12,/Document/FIToFIPmtStsRpt/TxInfAndSts/OrgnlTxRef/UltmtDbtr/Agt/BrnchId/Nm,Nm,Max140Text,0,1
pacs.002.001.12,/Document/FIToFIPmtStsRpt/TxInfAndSts/OrgnlTxRef/UltmtDbtr/Agt/BrnchId/PstlAdr,PstlAdr,PostalAddress24,0,1
pacs.002.001.12,/Document/FIToFIPmtStsRpt/TxInfAndSts/OrgnlTxRef/UltmtDbtr/Agt/BrnchId/PstlAdr/AdrTp,AdrTp,AddressType3Choice,0,1
pacs.002.001.12,/Document/FIToFIPmtStsRpt/TxInfAndSts/OrgnlTxRef/UltmtDbtr/Agt/BrnchId/PstlAdr/AdrTp/Cd,Cd,AddressType2Code,1,1
pacs.002.001.12,/Document/FIToFIPmtStsRpt/TxInfAndSts/OrgnlTxRef/UltmtDbtr/Agt/BrnchId/PstlAdr/AdrTp/Prtry,Prtry,GenericIdentification30,1,1
pacs.002.001.12,/Document/FIToFIPmtStsRpt/TxInfAndSts/OrgnlTxRef/UltmtDbtr/Agt/BrnchId/PstlAdr/AdrTp/Prtry/Id,Id,Exact4AlphaNumericText,1,1
pacs.002.001.12,/Document/FIToFIPmtStsRpt/TxInfAndSts/OrgnlTxRef/UltmtDbtr/Agt/BrnchId/PstlAdr/AdrTp/Prtry/Issr,Issr,Max35Text,1,1
pacs.002.001.12,/Document/FIToFIPmtStsRpt/TxInfAndSts/OrgnlTxRef/UltmtDbtr/Agt/BrnchId/PstlAdr/AdrTp/Prtry/SchmeNm,SchmeNm,Max35Text,0,1
pacs.002.001.12,/Document/FIToFIPmtStsRpt/TxInfAndSts/OrgnlTxRef/UltmtDbtr/Agt/BrnchId/PstlAdr/Dept,Dept,Max70Text,0,1
pacs.002.001.12,/Document/FIToFIPmtStsRpt/TxInfAndSts/OrgnlTxRef/UltmtDbtr/Agt/BrnchId/PstlAdr/SubDept,SubDept,Max70Text,0,1
pacs.002.001.12,/Document/FIToFIPmtStsRpt/TxInfAndSts/OrgnlTxRef/UltmtDbtr/Agt/BrnchId/PstlAdr/StrtNm,StrtNm,Max70Text,0,1
pacs.002.001.12,/Document/FIToFIPmtStsRpt/TxInfAndSts/OrgnlTxRef/UltmtDbtr/Agt/BrnchId/PstlAdr/BldgNb,BldgNb,Max16Text,0,1
pacs.002.001.12,/Document/FIToFIPmtStsRpt/TxInfAndSts/OrgnlTxRef/UltmtDbtr/Agt/BrnchId/PstlAdr/BldgNm,BldgNm,Max35Text,0,1
pacs.002.001.12,/Document/FIToFIPmtStsRpt/TxInfAndSts/OrgnlTxRef/UltmtDbtr/Agt/BrnchId/PstlAdr/Flr,Flr,Max70Text,0,1
pacs.002.001.12,/Document/FIToFIPmtStsRpt/TxInfAndSts/OrgnlTxRef/UltmtDbtr/Agt/BrnchId/PstlAdr/PstBx,PstBx,Max16Text,0,1
pacs.002.001.12,/Document/FIToFIPmtStsRpt/TxInfAndSts/OrgnlTxRef/UltmtDbtr/Agt/BrnchId/PstlAdr/Room,Room,Max70Text,0,1
pacs.002.001.12,/Document/FIToFIPmtStsRpt/TxInfAndSts/OrgnlTxRef/UltmtDbtr/Agt/BrnchId/PstlAdr/PstCd,PstCd,Max16Text,0,1
pacs.002.001.12,/Document/FIToFIPmtStsRpt/TxInfAndSts/OrgnlTxRef/UltmtDbtr/Agt/BrnchId/PstlAdr/TwnNm,TwnNm,Max35Text,0,1
pacs.002.001.12,/Document/FIToFIPmtStsRpt/TxInfAndSts/OrgnlTxRef/UltmtDbtr/Agt/BrnchId/PstlAdr/TwnLctnNm,TwnLctnNm,Max35Text,0,1
pacs.002.001.12,/Document/FIToFIPmtStsRpt/TxInfAndSts/OrgnlTxRef/UltmtDbtr/Agt/BrnchId/PstlAdr/DstrctNm,DstrctNm,Max35Text,0,1
pacs.002.001.12,/Document/FIToFIPmtStsRpt/TxInfAndSts/OrgnlTxRef/UltmtDbtr/Agt/BrnchId/PstlAdr/CtrySubDvsn,CtrySubDvsn,Max35Text,0,1
pacs.002.001.12,/Document/FIToFIPmtStsRpt/TxInfAndSts/OrgnlTxRef/UltmtDbtr/Agt/BrnchId/PstlAdr/Ctry,Ctry,CountryCode,0,1
pacs.002.001.12,/Document/FIToFIPmtStsRpt/TxInfAndSts/OrgnlTxRef/UltmtDbtr/Agt/BrnchId/PstlAdr/AdrLine,AdrLine,Max70Text,0,7
pacs.002.001.12,/Document/FIToFIPmtStsRpt/TxInfAndSts/OrgnlTxRef/Dbtr,Dbtr,Party40Choice,0,1
pacs.002.001.12,/Document/FIToFIPmtStsRpt/TxInfAndSts/OrgnlTxRef/Dbtr/Pty,Pty,PartyIdentification135,1,1
pacs.002.001.12,/Document/FIToFIPmtStsRpt/TxInfAndSts/OrgnlTxRef/Dbtr/Pty/Nm,Nm,Max140Text,0,1
pacs.002.001.12,/Document/FIToFIPmtStsRpt/TxInfAndSts/OrgnlTxRef/Dbtr/Pty/PstlAdr,PstlAdr,PostalAddress24,0,1
pacs.002.001.12,/Document/FIToFIPmtStsRpt/TxInfAndSts/OrgnlTxRef/Dbtr/Pty/PstlAdr/AdrTp,AdrTp,AddressType3Choice,0,1
pacs.002.001.12,/Document/FIToFIPmtStsRpt/TxInfAndSts/OrgnlTxRef/Dbtr/Pty/PstlAdr/AdrTp/Cd,Cd,AddressType2Code,1,1
pacs.002.001.12,/Document/FIToFIPmtStsRpt/TxInfAndSts/OrgnlTxRef/Dbtr/Pty/PstlAdr/AdrTp/Prtry,Prtry,GenericIdentification30,1,1
pacs.002.001.12,/Document/FIToFIPmtStsRpt/TxInfAndSts/OrgnlTxRef/Dbtr/Pty/PstlAdr/AdrTp/Prtry/Id,Id,Exact4AlphaNumericText,1,1
pacs.002.001.12,/Document/FIToFIPmtStsRpt/TxInfAndSts/OrgnlTxRef/Dbtr/Pty/PstlAdr/AdrTp/Prtry/Issr,Issr,Max35Text,1,1
pacs.002.001.12,/Document/FIToFIPmtStsRpt/TxInfAndSts/OrgnlTxRef/Dbtr/Pty/PstlAdr/AdrTp/Prtry/SchmeNm,SchmeNm,Max35Text,0,1
pacs.002.001.12,/Document/FIToFIPmtStsRpt/TxInfAndSts/OrgnlTxRef/Dbtr/Pty/PstlAdr/Dept,Dept,Max70Text,0,1
pacs.002.001.12,/Document/FIToFIPmtStsRpt/TxInfAndSts/OrgnlTxRef/Dbtr/Pty/PstlAdr/SubDept,SubDept,Max70Text,0,1
pacs.002.001.12,/Document/FIToFIPmtStsRpt/TxInfAndSts/OrgnlTxRef/Dbtr/Pty/PstlAdr/StrtNm,StrtNm,Max70Text,0,1
pacs.002.001.12,/Document/FIToFIPmtStsRpt/TxInfAndSts/OrgnlTxRef/Dbtr/Pty/PstlAdr/BldgNb,BldgNb,Max16Text,0,1
pacs.002.001.12,/Document/FIToFIPmtStsRpt/TxInfAndSts/OrgnlTxRef/Dbtr/Pty/PstlAdr/BldgNm,BldgNm,Max35Text,0,1
pacs.002.001.12,/Document/FIToFIPmtStsRpt/TxInfAndSts/OrgnlTxRef/Dbtr/Pty/PstlAdr/Flr,Flr,Max70Text,0,1
pacs.002.001.12,/Document/FIToFIPmtStsRpt/TxInfAndSts/OrgnlTxRef/Dbtr/Pty/PstlAdr/PstBx,PstBx,Max16Text,0,1
pacs.002.001.12,/Document/FIToFIPmtStsRpt/TxInfAndSts/OrgnlTxRef/Dbtr/Pty/PstlAdr/Room,Room,Max70Text,0,1
pacs.002.001.12,/Document/FIToFIPmtStsRpt/TxInfAndSts/OrgnlTxRef/Dbtr/Pty/PstlAdr/PstCd,PstCd,Max16Text,0,1
pacs.002.001.12,/Document/FIToFIPmtStsRpt/TxInfAndSts/OrgnlTxRef/Dbtr/Pty/PstlAdr/TwnNm,TwnNm,Max35Text,0,1
pacs.002.001.12,/Document/FIToFIPmtStsRpt/TxInfAndSts/OrgnlTxRef/Dbtr/Pty/PstlAdr/TwnLctnNm,TwnLctnNm,Max35Text,0,1
pacs.002.001.12,/Document/FIToFIPmtStsRpt/TxInfAndSts/OrgnlTxRef/Dbtr/Pty/PstlAdr/DstrctNm,DstrctNm,Max35Text,0,1
pacs.002.001.12,/Document/FIToFIPmtStsRpt/TxInfAndSts/OrgnlTxRef/Dbtr/Pty/PstlAdr/CtrySubDvsn,CtrySubDvsn,Max35Text,0,1
pacs.002.001.12,/Document/FIToFIPmtStsRpt/TxInfAndSts/OrgnlTxRef/Dbtr/Pty/PstlAdr/Ctry,Ctry,CountryCode,0,1
pacs.002.001.12,/Document/FIToFIPmtStsRpt/TxInfAndSts/OrgnlTxRef/Dbtr/Pty/PstlAdr/AdrLine,AdrLine,Max70Text,0,7
pacs.002.001.12,/Document/FIToFIPmtStsRpt/TxInfAndSts/OrgnlTxRef/Dbtr/Pty/Id,Id,Party38Choice,0,1
pacs.002.001.12,/Document/FIToFIPmtStsRpt/TxInfAndSts/OrgnlTxRef/Dbtr/Pty/Id/OrgId,OrgId,OrganisationIdentification29,1,1
pacs.002.001.12,/Document/FIToFIPmtStsRpt/TxInfAndSts/OrgnlTxRef/Dbtr/Pty/Id/OrgId/AnyBIC,AnyBIC,AnyBICDec2014Identifier,0,1
pacs.002.001.12,/Document/FIToFIPmtStsRpt/TxInfAndSts/OrgnlTxRef/Dbtr/Pty/Id/OrgId/LEI,LEI,LEIIdentifier,0,1
pacs.002.001.12,/Document/FIToFIPmtStsRpt/TxInfAndSts/OrgnlTxRef/Dbtr/Pty/Id/OrgId/Othr,Othr,GenericOrganisationIdentification1,0,
pacs.002.001.12,/Document/FIToFIPmtStsRpt/TxInfAndSts/OrgnlTxRef/Dbtr/Pty/Id/OrgId/Othr/Id,Id,Max35Text,1,1
pacs.002.001.12,/Document/FIToFIPmtStsRpt/TxInfAndSts/OrgnlTxRef/Dbtr/Pty/Id/OrgId/Othr/SchmeNm,SchmeNm,OrganisationIdentificationSchemeName1Choice,0,1
pacs.002.001.12,/Document/FIToFIPmtStsRpt/TxInfAndSts/OrgnlTxRef/Dbtr/Pty/Id/OrgId/Othr/SchmeNm/Cd,Cd,ExternalOrganisationIdentification1Code,1,1
pacs.002.001.12,/Document/FIToFIPmtStsRpt/TxInfAndSts/OrgnlTxRef/Dbtr/Pty/Id/OrgId/Othr/SchmeNm/Prtry,Prtry,Max35Text,1,1
pacs.002.001.12,/Document/FIToFIPmtStsRpt/TxInfAndSts/OrgnlTxRef/Dbtr/Pty/Id/OrgId/Othr/Issr,Issr,Max35Text,0,1
pacs.002.001.12,/Document/FIToFIPmtStsRpt/TxInfAndSts/OrgnlTxRef/Dbtr/Pty/Id/PrvtId,PrvtId,PersonIdentification13,1,1
pacs.002.001.12,/Document/FIToFIPmtStsRpt/TxInfAndSts/OrgnlTxRef/Dbtr/Pty/Id/PrvtId/DtAndPlcOfBirth,DtAndPlcOfBirth,DateAndPlaceOfBirth1,0,1
pacs.002.001.12,/Document/FIToFIPmtStsRpt/TxInfAndSts/OrgnlTxRef/Dbtr/Pty/Id/PrvtId/DtAndPlcOfBirth/BirthDt,BirthDt,ISODate,1,1
pacs.002.001.12,/Document/FIToFIPmtStsRpt/TxInfAndSts/OrgnlTxRef/Dbtr/Pty/Id/PrvtId/DtAndPlcOfBirth/PrvcOfBirth,PrvcOfBirth,Max35Text,0,1
pacs.002.001.12,/Document/FIToFIPmtStsRpt/TxInfAndSts/OrgnlTxRef/Dbtr/Pty/Id/PrvtId/DtAndPlcOfBirth/CityOfBirth,CityOfBirth,Max35Text,1,1
pacs.002.001.12,/Document/FIToFIPmtStsRpt/TxInfAndSts/OrgnlTxRef/Dbtr/Pty/Id/PrvtId/DtAndPlcOfBirth/CtryOfBirth,CtryOfBirth,CountryCode,1,1
pacs.002.001.12,/Document/FIToFIPmtStsRpt/TxInfAndSts/OrgnlTxRef/Dbtr/Pty/Id/PrvtId/Othr,Othr,GenericPersonIdentification1,0,
pacs.002.001.12,/Document/FIToFIPmtStsRpt/TxInfAndSts/OrgnlTxRef/Dbtr/Pty/Id/PrvtId/Othr/Id,Id,Max35Text,1,1
pacs.002.001.12,/Document/FIToFIPmtStsRpt/TxInfAndSts/OrgnlTxRef/Dbtr/Pty/Id/PrvtId/Othr/SchmeNm,SchmeNm,PersonIdentificationSchemeName1Choice,0,1
pacs.002.001.12,/Document/FIToFIPmtStsRpt/TxInfAndSts/OrgnlTxRef/Dbtr/Pty/Id/PrvtId/Othr/SchmeNm/Cd,Cd,ExternalPersonIdentification1Code,1,1
pacs.002.001.12,/Document/FIToFIPmtStsRpt/TxInfAndSts/OrgnlTxRef/Dbtr/Pty/Id/PrvtId/Othr/SchmeNm/Prtry,Prtry,Max35Text,1,1
pacs.002.001.12,/Document/FIToFIPmtStsRpt/TxInfAndSts/OrgnlTxRef/Dbtr/Pty/Id/PrvtId/Othr/Issr,Issr,Max35Text,0,1
pacs.002.001.12,/Document/FIToFIPmtStsRpt/TxInfAndSts/OrgnlTxRef/Dbtr/Pty/CtryOfRes,CtryOfRes,CountryCode,0,1
pacs.002.001.12,/Document/FIToFIPmtStsRpt/TxInfAndSts/OrgnlTxRef/Dbtr/Pty/CtctDtls,CtctDtls,Contact4,0,1
pacs.002.001.12,/Document/FIToFIPmtStsRpt/TxInfAndSts/OrgnlTxRef/Dbtr/Pty/CtctDtls/NmPrfx,NmPrfx,NamePrefix2Code,0,1
pacs.002.001.12,/Document/FIToFIPmtStsRpt/TxInfAndSts/OrgnlTxRef/Dbtr/Pty/CtctDtls/Nm,Nm,Max140Text,0,1
pacs.002.001.12,/Document/FIToFIPmtStsRpt/TxInfAndSts/OrgnlTxRef/Dbtr/Pty/CtctDtls/PhneNb,PhneNb,PhoneNumber,0,1
pacs.002.001.12,/Document/FIToFIPmtStsRpt/TxInfAndSts/OrgnlTxRef/Dbtr/Pty/CtctDtls/MobNb,MobNb,PhoneNumber,0,1
pacs.002.001.12,/Document/FIToFIPmtStsRpt/TxInfAndSts/OrgnlTxRef/Dbtr/Pty/CtctDtls/FaxNb,FaxNb,PhoneNumber,0,1
pacs.002.001.12,/Document/FIToFIPmtStsRpt/TxInfAndSts/OrgnlTxRef/Dbtr/Pty/CtctDtls/EmailAdr,EmailAdr,Max2048Text,0,1
pacs.002.001.12,/Document/FIToFIPmtStsRpt/TxInfAndSts/OrgnlTxRef/Dbtr/Pty/CtctDtls/EmailPurp,EmailPurp,Max35Text,0,1
pacs.002.001.12,/Document/FIToFIPmtStsRpt/TxInfAndSts/OrgnlTxRef/Dbtr/Pty/CtctDtls/JobTitl,JobTitl,Max35Text,0,1
pacs.002.001.12,/Document/FIToFIPmtStsRpt/TxInfAndSts/OrgnlTxRef/Dbtr/Pty/CtctDtls/Rspnsblty,Rspnsblty,Max35Text,0,1
pacs.002.001.12,/Document/FIToFIPmtStsRpt/TxInfAndSts/OrgnlTxRef/Dbtr/Pty/CtctDtls/Dept,Dept,Max70Text,0,1
pacs.002.001.12,/Document/FIToFIPmtStsRpt/TxInfAndSts/OrgnlTxRef/Dbtr/Pty/CtctDtls/Othr,Othr,OtherContact1,0,
pacs.002.001.12,/Document/FIToFIPmtStsRpt/TxInfAndSts/OrgnlTxRef/Dbtr/Pty/CtctDtls/Othr/ChanlTp,ChanlTp,Max4Text,1,1
pacs.002.001.12,/Document/FIToFIPmtStsRpt/TxInfAndSts/OrgnlTxRef/Dbtr/Pty/CtctDtls/Othr/Id,Id,Max128Text,0,1
pacs.002.001.12,/Document/FIToFIPmtStsRpt/TxInfAndSts/OrgnlTxRef/Dbtr/Pty/CtctDtls/PrefrdMtd,PrefrdMtd,PreferredContactMethod1Code,0,1
pacs.002.001.12,/Document/FIToFIPmtStsRpt/TxInfAndSts/OrgnlTxRef/Dbtr/Agt,Agt,BranchAndFinancialInstitutionIdentification6,1,1
pacs.002.001.12,/Document/FIToFIPmtStsRpt/TxInfAndSts/OrgnlTxRef/Dbtr/Agt/FinInstnId,FinInstnId,FinancialInstitutionIdentification18,1,1
pacs.002.001.12,/Document/FIToFIPmtStsRpt/TxInfAndSts/OrgnlTxRef/Dbtr/Agt/FinInstnId/BICFI,BICFI,BICFIDec2014Identifier,0,1
pacs.002.001.12,/Document/FIToFIPmtStsRpt/TxInfAndSts/OrgnlTxRef/Dbtr/Agt/FinInstnId/ClrSysMmbId,ClrSysMmbId,ClearingSystemMemberIdentification2,0,1
pacs.002.001.12,/Document/FIToFIPmtStsRpt/TxInfAndSts/OrgnlTxRef/Dbtr/Agt/FinInstnId/ClrSysMmbId/ClrSysId,ClrSysId,ClearingSystemIdentification2Choice,0,1
pacs.002.001.12,/Document/FIToFIPmtStsRpt/TxInfAndSts/OrgnlTxRef/Dbtr/Agt/FinInstnId/ClrSysMmbId/ClrSysId/Cd,Cd,ExternalClearingSystemIdentification1Code,1,1
pacs.002.001.12,/Document/FIToFIPmtStsRpt/TxInfAndSts/OrgnlTxRef/Dbtr/Agt/FinInstnId/ClrSysMmbId/ClrSysId/Prtry,Prtry,Max35Text,1,1
pacs.002.001.12,/Document/FIToFIPmtStsRpt/TxInfAndSts/OrgnlTxRef/Dbtr/Agt/FinInstnId/ClrSysMmbId/MmbId,MmbId,Max35Text,1,1
pacs.002.001.12,/Document/FIToFIPmtStsRpt/TxInfAndSts/OrgnlTxRef/Dbtr/Agt/FinInstnId/LEI,LEI,LEIIdentifier,0,1
pacs.002.001.12,/Document/FIToFIPmtStsRpt/TxInfAndSts/OrgnlTxRef/Dbtr/Agt/FinInstnId/Nm,Nm,Max140Text,0,1
pacs.002.001.12,/Document/FIToFIPmtStsRpt/TxInfAndSts/OrgnlTxRef/Dbtr/Agt/FinInstnId/PstlAdr,PstlAdr,PostalAddress24,0,1
pacs.002.001.12,/Document/FIToFIPmtStsRpt/TxInfAndSts/OrgnlTxRef/Dbtr/Agt/FinInstnId/PstlAdr/AdrTp,AdrTp,AddressType3Choice,0,1
pacs.002.001.12,/Document/FIToFIPmtStsRpt/TxInfAndSts/OrgnlTxRef/Dbtr/Agt/FinInstnId/PstlAdr/AdrTp/Cd,Cd,AddressType2Code,1,1
pacs.002.001.12,/Document/FIToFIPmtStsRpt/TxInfAndSts/OrgnlTxRef/Dbtr/Agt/FinInstnId/PstlAdr/AdrTp/Prtry,Prtry,GenericIdentification30,1,1
pacs.002.001.12,/Document/FIToFIPmtStsRpt/TxInfAndSts/OrgnlTxRef/Dbtr/Agt/FinInstnId/PstlAdr/AdrTp/Prtry/Id,Id,Exact4AlphaNumericText,1,1
pacs.002.001.12,/Document/FIToFIPmtStsRpt/TxInfAndSts/OrgnlTxRef/Dbtr/Agt/FinInstnId/PstlAdr/AdrTp/Prtry/Issr,Issr,Max35Text,1,1
pacs.002.001.12,/Document/FIToFIPmtStsRpt/TxInfAndSts/OrgnlTxRef/Dbtr/Agt/FinInstnId/PstlAdr/AdrTp/Prtry/SchmeNm,SchmeNm,Max35Text,0,1
pacs.002.001.12,/Document/FIToFIPmtStsRpt/TxInfAndSts/OrgnlTxRef/Dbtr/Agt/FinInstnId/PstlAdr/Dept,Dept,Max70Text,0,1
pacs.002.001.12,/Document/FIToFIPmtStsRpt/TxInfAndSts/OrgnlTxRef/Dbtr/Agt/FinInstnId/PstlAdr/SubDept,SubDept,Max70Text,0,1
pacs.002.001.12,/Document/FIToFIPmtStsRpt/TxInfAndSts/OrgnlTxRef/Dbtr/Agt/FinInstnId/PstlAdr/StrtNm,StrtNm,Max70Text,0,1
pacs.002.001.12,/Document/FIToFIPmtStsRpt/TxInfAndSts/OrgnlTxRef/Dbtr/Agt/FinInstnId/PstlAdr/BldgNb,BldgNb,Max16Text,0,1
pacs.002.001.12,/Document/FIToFIPmtStsRpt/TxInfAndSts/OrgnlTxRef/Dbtr/Agt/FinInstnId/PstlAdr/BldgNm,BldgNm,Max35Text,0,1
pacs.002.001.12,/Document/FIToFIPmtStsRpt/TxInfAndSts/OrgnlTxRef/Dbtr/Agt/FinInstnId/PstlAdr/Flr,Flr,Max70Text,0,1
pacs.002.001.12,/Document/FIToFIPmtStsRpt/TxInfAndSts/OrgnlTxRef/Dbtr/Agt/FinInstnId/PstlAdr/PstBx,PstBx,Max16Text,0,1
pacs.002.001.12,/Document/FIToFIPmtStsRpt/TxInfAndSts/OrgnlTxRef/Dbtr/Agt/FinInstnId/PstlAdr/Room,Room,Max70Text,0,1
pacs.002.001.12,/Document/FIToFIPmtStsRpt/TxInfAndSts/OrgnlTxRef/Dbtr/Agt/FinInstnId/PstlAdr/PstCd,PstCd,Max16Text,0,1
pacs.002.001.12,/Document/FIToFIPmtStsRpt/TxInfAndSts/OrgnlTxRef/Dbtr/Agt/FinInstnId/PstlAdr/TwnNm,TwnNm,Max35Text,0,1
pacs.002.001.12,/Document/FIToFIPmtStsRpt/TxInfAndSts/OrgnlTxRef/Dbtr/Agt/FinInstnId/PstlAdr/TwnLctnNm,TwnLctnNm,Max35Text,0,1
pacs.002.001.12,/Document/FIToFIPmtStsRpt/TxInfAndSts/OrgnlTxRef/Dbtr/Agt/FinInstnId/PstlAdr/DstrctNm,DstrctNm,Max35Text,0,1
pacs.002.001.12,/Document/FIToFIPmtStsRpt/TxInfAndSts/OrgnlTxRef/Dbtr/Agt/FinInstnId/PstlAdr/CtrySubDvsn,CtrySubDvsn,Max35Text,0,1
pacs.002.001.12,/Document/FIToFIPmtStsRpt/TxInfAndSts/OrgnlTxRef/Dbtr/Agt/FinInstnId/PstlAdr/Ctry,Ctry,CountryCode,0,1
pacs.002.001.12,/Document/FIToFIPmtStsRpt/TxInfAndSts/OrgnlTxRef/Dbtr/Agt/FinInstnId/PstlAdr/AdrLine,AdrLine,Max70Text,0,7
pacs.002.001.12,/Document/FIToFIPmtStsRpt/TxInfAndSts/OrgnlTxRef/Dbtr/Agt/FinInstnId/Othr,Othr,GenericFinancialIdentification1,0,1
pacs.002.001.12,/Document/FIToFIPmtStsRpt/TxInfAndSts/OrgnlTxRef/Dbtr/Agt/FinInstnId/Othr/Id,Id,Max35Text,1,1
pacs.002.001.12,/Document/FIToFIPmtStsRpt/TxInfAndSts/OrgnlTxRef/Dbtr/Agt/FinInstnId/Othr/SchmeNm,SchmeNm,FinancialIdentificationSchemeName1Choice,0,1
pacs.002.001.12,/Document/FIToFIPmtStsRpt/TxInfAndSts/OrgnlTxRef/Dbtr/Agt/FinInstnId/Othr/SchmeNm/Cd,Cd,ExternalFinancialInstitutionIdentification1Code,1,1
pacs.002.001.12,/Document/FIToFIPmtStsRpt/TxInfAndSts/OrgnlTxRef/Dbtr/Agt/FinInstnId/Othr/SchmeNm/Prtry,Prtry,Max35Text,1,1
pacs.002.001.12,/Document/FIToFIPmtStsRpt/TxInfAndSts/OrgnlTxRef/Dbtr/Agt/FinInstnId/Othr/Issr,Issr,Max35Text,0,1
pacs.002.001.12,/Document/FIToFIPmtStsRpt/TxInfAndSts/OrgnlTxRef/Dbtr/Agt/BrnchId,BrnchId,BranchData3,0,1
pacs.002.001.12,/Document/FIToFIPmtStsRpt/TxInfAndSts/OrgnlTxRef/Dbtr/Agt/BrnchId/Id,Id,Max35Text,0,1
pacs.002.001.12,/Document/FIToFIPmtStsRpt/TxInfAndSts/OrgnlTxRef/Dbtr/Agt/BrnchId/LEI,LEI,LEIIdentifier,0,1
pacs.002.001.12,/Document/FIToFIPmtStsRpt/TxInfAndSts/OrgnlTxRef/Dbtr/Agt/BrnchId/Nm,Nm,Max140Text,0,1
pacs.002.001.12,/Document/FIToFIPmtStsRpt/TxInfAndSts/OrgnlTxRef/Dbtr/Agt/BrnchId/PstlAdr,PstlAdr,PostalAddress24,0,1
pacs.002.001.12,/Document/FIToFIPmtStsRpt/TxInfAndSts/OrgnlTxRef/Dbtr/Agt/BrnchId/PstlAdr/AdrTp,AdrTp,AddressType3Choice,0,1
pacs.002.001.12,/Document/FIToFIPmtStsRpt/TxInfAndSts/OrgnlTxRef/Dbtr/Agt/BrnchId/PstlAdr/AdrTp/Cd,Cd,AddressType2Code,1,1
pacs.002.001.12,/Document/FIToFIPmtStsRpt/TxInfAndSts/OrgnlTxRef/Dbtr/Agt/BrnchId/PstlAdr/AdrTp/Prtry,Prtry,GenericIdentification30,1,1
pacs.002.001.12,/Document/FIToFIPmtStsRpt/TxInfAndSts/OrgnlTxRef/Dbtr/Agt/BrnchId/PstlAdr/AdrTp/Prtry/Id,Id,Exact4AlphaNumericText,1,1
pacs.002.001.12,/Document/FIToFIPmtStsRpt/TxInfAndSts/OrgnlTxRef/Dbtr/Agt/BrnchId/PstlAdr/AdrTp/Prtry/Issr,Issr,Max35Text,1,1
pacs.002.001.12,/Document/FIToFIPmtStsRpt/TxInfAndSts/OrgnlTxRef/Dbtr/Agt/BrnchId/PstlAdr/AdrTp/Prtry/SchmeNm,SchmeNm,Max35Text,0,1
pacs.002.001.12,/Document/FIToFIPmtStsRpt/TxInfAndSts/OrgnlTxRef/Dbtr/Agt/BrnchId/PstlAdr/Dept,Dept,Max70Text,0,1
pacs.002.001.12,/Document/FIToFIPmtStsRpt/TxInfAndSts/OrgnlTxRef/Dbtr/Agt/BrnchId/PstlAdr/SubDept,SubDept,Max70Text,0,1
pacs.002.001.12,/Document/FIToFIPmtStsRpt/TxInfAndSts/OrgnlTxRef/Dbtr/Agt/BrnchId/PstlAdr/StrtNm,StrtNm,Max70Text,0,1
pacs.002.001.12,/Document/FIToFIPmtStsRpt/TxInfAndSts/OrgnlTxRef/Dbtr/Agt/BrnchId/PstlAdr/BldgNb,BldgNb,Max16Text,0,1
pacs.002.001.12,/Document/FIToFIPmtStsRpt/TxInfAndSts/OrgnlTxRef/Dbtr/Agt/BrnchId/PstlAdr/BldgNm,BldgNm,Max35Text,0,1
pacs.002.001.12,/Document/FIToFIPmtStsRpt/TxInfAndSts/OrgnlTxRef/Dbtr/Agt/BrnchId/PstlAdr/Flr,Flr,Max70Text,0,1
pacs.002.001.12,/Document/FIToFIPmtStsRpt/TxInfAndSts/OrgnlTxRef/Dbtr/Agt/BrnchId/PstlAdr/PstBx,PstBx,Max16Text,0,1
pacs.002.001.12,/Document/FIToFIPmtStsRpt/TxInfAndSts/OrgnlTxRef/Dbtr/Agt/BrnchId/PstlAdr/Room,Room,Max70Text,0,1
pacs.002.001.12,/Document/FIToFIPmtStsRpt/TxInfAndSts/OrgnlTxRef/Dbtr/Agt/BrnchId/PstlAdr/PstCd,PstCd,Max16Text,0,1
pacs.002.001.12,/Document/FIToFIPmtStsRpt/TxInfAndSts/OrgnlTxRef/Dbtr/Agt/BrnchId/PstlAdr/TwnNm,TwnNm,Max35Text,0,1
pacs.002.001.12,/Document/FIToFIPmtStsRpt/TxInfAndSts/OrgnlTxRef/Dbtr/Agt/BrnchId/PstlAdr/TwnLctnNm,TwnLctnNm,Max35Text,0,1
pacs.002.001.12,/Document/FIToFIPmtStsRpt/TxInfAndSts/OrgnlTxRef/Dbtr/Agt/BrnchId/PstlAdr/DstrctNm,DstrctNm,Max35Text,0,1
pacs.002.001.12,/Document/FIToFIPmtStsRpt/TxInfAndSts/OrgnlTxRef/Dbtr/Agt/BrnchId/PstlAdr/CtrySubDvsn,CtrySubDvsn,Max35Text,0,1
pacs.002.001.12,/Document/FIToFIPmtStsRpt/TxInfAndSts/OrgnlTxRef/Dbtr/Agt/BrnchId/PstlAdr/Ctry,Ctry,CountryCode,0,1
pacs.002.001.12,/Document/FIToFIPmtStsRpt/TxInfAndSts/OrgnlTxRef/Dbtr/Agt/BrnchId/PstlAdr/AdrLine,AdrLine,Max70Text,0,7
pacs.002.001.12,/Document/FIToFIPmtStsRpt/TxInfAndSts/OrgnlTxRef/DbtrAcct,DbtrAcct,CashAccount40,0,1
pacs.002.001.12,/Document/FIToFIPmtStsRpt/TxInfAndSts/OrgnlTxRef/DbtrAcct/Id,Id,AccountIdentification4Choice,0,1
pacs.002.001.12,/Document/FIToFIPmtStsRpt/TxInfAndSts/OrgnlTxRef/DbtrAcct/Id/IBAN,IBAN,IBAN2007Identifier,1,1
pacs.002.001.12,/Document/FIToFIPmtStsRpt/TxInfAndSts/OrgnlTxRef/DbtrAcct/Id/Othr,Othr,GenericAccountIdentification1,1,1
pacs.002.001.12,/Document/FIToFIPmtStsRpt/TxInfAndSts/OrgnlTxRef/DbtrAcct/Id/Othr/Id,Id,Max34Text,1,1
pacs.002.001.12,/Document/FIToFIPmtStsRpt/TxInfAndSts/OrgnlTxRef/DbtrAcct/Id/Othr/SchmeNm,SchmeNm,AccountSchemeName1Choice,0,1
pacs.002.001.12,/Document/FIToFIPmtStsRpt/TxInfAndSts/OrgnlTxRef/DbtrAcct/Id/Othr/SchmeNm/Cd,Cd,ExternalAccountIdentification1Code,1,1
pacs.002.001.12,/Document/FIToFIPmtStsRpt/TxInfAndSts/OrgnlTxRef/DbtrAcct/Id/Othr/SchmeNm/Prtry,Prtry,Max35Text,1,1
pacs.002.001.12,/Document/FIToFIPmtStsRpt/TxInfAndSts/OrgnlTxRef/DbtrAcct/Id/Othr/Issr,Issr,Max35Text,0,1
pacs.002.001.12,/Document/FIToFIPmtStsRpt/TxInfAndSts/OrgnlTxRef/DbtrAcct/Tp,Tp,CashAccountType2Choice,0,1
pacs.002.001.12,/Document/FIToFIPmtStsRpt/TxInfAndSts/OrgnlTxRef/DbtrAcct/Tp/Cd,Cd,ExternalCashAccountType1Code,1,1
pacs.002.001.12,/Document/FIToFIPmtStsRpt/TxInfAndSts/OrgnlTxRef/DbtrAcct/Tp/Prtry,Prtry,Max35Text,1,1
pacs.002.001.12,/Document/FIToFIPmtStsRpt/TxInfAndSts/OrgnlTxRef/DbtrAcct/Ccy,Ccy,ActiveOrHistoricCurrencyCode,0,1
pacs.002.001.12,/Document/FIToFIPmtStsRpt/TxInfAndSts/OrgnlTxRef/DbtrAcct/Nm,Nm,Max70Text,0,1
pacs.002.001.12,/Document/FIToFIPmtStsRpt/TxInfAndSts/OrgnlTxRef/DbtrAcct/Prxy,Prxy,ProxyAccountIdentification1,0,1
pacs.002.001.12,/Document/FIToFIPmtStsRpt/TxInfAndSts/OrgnlTxRef/DbtrAcct/Prxy/Tp,Tp,ProxyAccountType1Choice,0,1
pacs.002.001.12,/Document/FIToFIPmtStsRpt/TxInfAndSts/OrgnlTxRef/DbtrAcct/Prxy/Tp/Cd,Cd,ExternalProxyAccountType1Code,1,1
pacs.002.001.12,/Document/FIToFIPmtStsRpt/TxInfAndSts/OrgnlTxRef/DbtrAcct/Prxy/Tp/Prtry,Prtry,Max35Text,1,1
pacs.002.001.12,/Document/FIToFIPmtStsRpt/TxInfAndSts/OrgnlTxRef/DbtrAcct/Prxy/Id,Id,Max2048Text,1,1
pacs.002.001.12,/Document/FIToFIPmtStsRpt/TxInfAndSts/OrgnlTxRef/DbtrAgt,DbtrAgt,BranchAndFinancialInstitutionIdentification6,0,1
pacs.002.001.12,/Document/FIToFIPmtStsRpt/TxInfAndSts/OrgnlTxRef/DbtrAgt/FinInstnId,FinInstnId,FinancialInstitutionIdentification18,1,1
pacs.002.001.12,/Document/FIToFIPmtStsRpt/TxInfAndSts/OrgnlTxRef/DbtrAgt/FinInstnId/BICFI,BICFI,BICFIDec2014Identifier,0,1
pacs.002.001.12,/Document/FIToFIPmtStsRpt/TxInfAndSts/OrgnlTxRef/DbtrAgt/FinInstnId/ClrSysMmbId,ClrSysMmbId,ClearingSystemMemberIdentification2,0,1
pacs.002.001.12,/Document/FIToFIPmtStsRpt/TxInfAndSts/OrgnlTxRef/DbtrAgt/FinInstnId/ClrSysMmbId/ClrSysId,ClrSysId,ClearingSystemIdentification2Choice,0,1
pacs.002.001.12,/Document/FIToFIPmtStsRpt/TxInfAndSts/OrgnlTxRef/DbtrAgt/FinInstnId/ClrSysMmbId/ClrSysId/Cd,Cd,ExternalClearingSystemIdentification1Code,1,1
pacs.002.001.12,/Document/FIToFIPmtStsRpt/TxInfAndSts/OrgnlTxRef/DbtrAgt/FinInstnId/ClrSysMmbId/ClrSysId/Prtry,Prtry,Max35Text,1,1
pacs.002.001.12,/Document/FIToFIPmtStsRpt/TxInfAndSts/OrgnlTxRef/DbtrAgt/FinInstnId/ClrSysMmbId/MmbId,MmbId,Max35Text,1,1
pacs.002.001.12,/Document/FIToFIPmtStsRpt/TxInfAndSts/OrgnlTxRef/DbtrAgt/FinInstnId/LEI,LEI,LEIIdentifier,0,1
pacs.002.001.12,/Document/FIToFIPmtStsRpt/TxInfAndSts/OrgnlTxRef/DbtrAgt/FinInstnId/Nm,Nm,Max140Text,0,1
pacs.002.001.12,/Document/FIToFIPmtStsRpt/TxInfAndSts/OrgnlTxRef/DbtrAgt/FinInstnId/PstlAdr,PstlAdr,PostalAddress24,0,1
pacs.002.001.12,/Document/FIToFIPmtStsRpt/TxInfAndSts/OrgnlTxRef/DbtrAgt/FinInstnId/PstlAdr/AdrTp,AdrTp,AddressType3Choice,0,1
pacs.002.001.12,/Document/FIToFIPmtStsRpt/TxInfAndSts/OrgnlTxRef/DbtrAgt/FinInstnId/PstlAdr/AdrTp/Cd,Cd,AddressType2Code,1,1
pacs.002.001.12,/Document/FIToFIPmtStsRpt/TxInfAndSts/OrgnlTxRef/DbtrAgt/FinInstnId/PstlAdr/AdrTp/Prtry,Prtry,GenericIdentification30,1,1
pacs.002.001.12,/Document/FIToFIPmtStsRpt/TxInfAndSts/OrgnlTxRef/DbtrAgt/FinInstnId/PstlAdr/AdrTp/Prtry/Id,Id,Exact4AlphaNumericText,1,1
pacs.002.001.12,/Document/FIToFIPmtStsRpt/TxInfAndSts/OrgnlTxRef/DbtrAgt/FinInstnId/PstlAdr/AdrTp/Prtry/Issr,Issr,Max35Text,1,1
pacs.002.001.12,/Document/FIToFIPmtStsRpt/TxInfAndSts/OrgnlTxRef/DbtrAgt/FinInstnId/PstlAdr/AdrTp/Prtry/SchmeNm,SchmeNm,Max35Text,0,1
pacs.002.001.12,/Document/FIToFIPmtStsRpt/TxInfAndSts/OrgnlTxRef/DbtrAgt/FinInstnId/PstlAdr/Dept,Dept,Max70Text,0,1
pacs.002.001.12,/Document/FIToFIPmtStsRpt/TxInfAndSts/OrgnlTxRef/DbtrAgt/FinInstnId/PstlAdr/SubDept,SubDept,Max70Text,0,1
pacs.002.001.12,/Document/FIToFIPmtStsRpt/TxInfAndSts/OrgnlTxRef/DbtrAgt/FinInstnId/PstlAdr/StrtNm,StrtNm,Max70Text,0,1
pacs.002.001.12,/Document/FIToFIPmtStsRpt/TxInfAndSts/OrgnlTxRef/DbtrAgt/FinInstnId/PstlAdr/BldgNb,BldgNb,Max16Text,0,1
pacs.002.001.12,/Document/FIToFIPmtStsRpt/TxInfAndSts/OrgnlTxRef/DbtrAgt/FinInstnId/PstlAdr/BldgNm,BldgNm,Max35Text,0,1
pacs.002.001.12,/Document/FIToFIPmtStsRpt/TxInfAndSts/OrgnlTxRef/DbtrAgt/FinInstnId/PstlAdr/Flr,Flr,Max70Text,0,1
pacs.002.001.12,/Document/FIToFIPmtStsRpt/TxInfAndSts/OrgnlTxRef/DbtrAgt/FinInstnId/PstlAdr/PstBx,PstBx,Max16Text,0,1
pacs.002.001.12,/Document/FIToFIPmtStsRpt/TxInfAndSts/OrgnlTxRef/DbtrAgt/FinInstnId/PstlAdr/Room,Room,Max70Text,0,1
pacs.002.001.12,/Document/FIToFIPmtStsRpt/TxInfAndSts/OrgnlTxRef/DbtrAgt/FinInstnId/PstlAdr/PstCd,PstCd,Max16Text,0,1
pacs.002.001.12,/Document/FIToFIPmtStsRpt/TxInfAndSts/OrgnlTxRef/DbtrAgt/FinInstnId/PstlAdr/TwnNm,TwnNm,Max35Text,0,1
pacs.002.001.12,/Document/FIToFIPmtStsRpt/TxInfAndSts/OrgnlTxRef/DbtrAgt/FinInstnId/PstlAdr/TwnLctnNm,TwnLctnNm,Max35Text,0,1
pacs.002.001.12,/Document/FIToFIPmtStsRpt/TxInfAndSts/OrgnlTxRef/DbtrAgt/FinInstnId/PstlAdr/DstrctNm,DstrctNm,Max35Text,0,1
pacs.002.001.12,/Document/FIToFIPmtStsRpt/TxInfAndSts/OrgnlTxRef/DbtrAgt/FinInstnId/PstlAdr/CtrySubDvsn,CtrySubDvsn,Max35Text,0,1
pacs.002.001.12,/Document/FIToFIPmtStsRpt/TxInfAndSts/OrgnlTxRef/DbtrAgt/FinInstnId/PstlAdr/Ctry,Ctry,CountryCode,0,1
pacs.002.001.12,/Document/FIToFIPmtStsRpt/TxInfAndSts/OrgnlTxRef/DbtrAgt/FinInstnId/PstlAdr/AdrLine,AdrLine,Max70Text,0,7
pacs.002.001.12,/Document/FIToFIPmtStsRpt/TxInfAndSts/OrgnlTxRef/DbtrAgt/FinInstnId/Othr,Othr,GenericFinancialIdentification1,0,1
pacs.002.001.12,/Document/FIToFIPmtStsRpt/TxInfAndSts/OrgnlTxRef/DbtrAgt/FinInstnId/Othr/Id,Id,Max35Text,1,1
pacs.002.001.12,/Document/FIToFIPmtStsRpt/TxInfAndSts/OrgnlTxRef/DbtrAgt/FinInstnId/Othr/SchmeNm,SchmeNm,FinancialIdentificationSchemeName1Choice,0,1
pacs.002.001.12,/Document/FIToFIPmtStsRpt/TxInfAndSts/OrgnlTxRef/DbtrAgt/FinInstnId/Othr/SchmeNm/Cd,Cd,ExternalFinancialInstitutionIdentification1Code,1,1
pacs.002.001.12,/Document/FIToFIPmtStsRpt/TxInfAndSts/OrgnlTxRef/DbtrAgt/FinInstnId/Othr/SchmeNm/Prtry,Prtry,Max35Text,1,1
pacs.002.001.12,/Document/FIToFIPmtStsRpt/TxInfAndSts/OrgnlTxRef/DbtrAgt/FinInstnId/Othr/Issr,Issr,Max35Text,0,1
pacs.002.001.12,/Document/FIToFIPmtStsRpt/TxInfAndSts/OrgnlTxRef/DbtrAgt/BrnchId,BrnchId,BranchData3,0,1
pacs.002.001.12,/Document/FIToFIPmtStsRpt/TxInfAndSts/OrgnlTxRef/DbtrAgt/BrnchId/Id,Id,Max35Text,0,1
pacs.002.001.12,/Document/FIToFIPmtStsRpt/TxInfAndSts/OrgnlTxRef/DbtrAgt/BrnchId/LEI,LEI,LEIIdentifier,0,1
pacs.002.001.12,/Document/FIToFIPmtStsRpt/TxInfAndSts/OrgnlTxRef/DbtrAgt/BrnchId/Nm,Nm,Max140Text,0,1
pacs.002.001.12,/Document/FIToFIPmtStsRpt/TxInfAndSts/OrgnlTxRef/DbtrAgt/BrnchId/PstlAdr,PstlAdr,PostalAddress24,0,1
pacs.002.001.12,/Document/FIToFIPmtStsRpt/TxInfAndSts/OrgnlTxRef/DbtrAgt/BrnchId/PstlAdr/AdrTp,AdrTp,AddressType3Choice,0,1
pacs.002.001.12,/Document/FIToFIPmtStsRpt/TxInfAndSts/OrgnlTxRef/DbtrAgt/BrnchId/PstlAdr/AdrTp/Cd,Cd,AddressType2Code,1,1
pacs.002.001.12,/Document/FIToFIPmtStsRpt/TxInfAndSts/OrgnlTxRef/DbtrAgt/BrnchId/PstlAdr/AdrTp/Prtry,Prtry,GenericIdentification30,1,1
pacs.002.001.12,/Document/FIToFIPmtStsRpt/TxInfAndSts/OrgnlTxRef/DbtrAgt/BrnchId/PstlAdr/AdrTp/Prtry/Id,Id,Exact4AlphaNumericText,1,1
pacs.002.001.12,/Document/FIToFIPmtStsRpt/TxInfAndSts/OrgnlTxRef/DbtrAgt/BrnchId/PstlAdr/AdrTp/Prtry/Issr,Issr,Max35Text,1,1
pacs.002.001.12,/Document/FIToFIPmtStsRpt/TxInfAndSts/OrgnlTxRef/DbtrAgt/BrnchId/PstlAdr/AdrTp/Prtry/SchmeNm,SchmeNm,Max35Text,0,1
pacs.002.001.12,/Document/FIToFIPmtStsRpt/TxInfAndSts/OrgnlTxRef/DbtrAgt/BrnchId/PstlAdr/Dept,Dept,Max70Text,0,1
pacs.002.001.12,/Document/FIToFIPmtStsRpt/TxInfAndSts/OrgnlTxRef/DbtrAgt/BrnchId/PstlAdr/SubDept,SubDept,Max70Text,0,1
pacs.002.001.12,/Document/FIToFIPmtStsRpt/TxInfAndSts/OrgnlTxRef/DbtrAgt/BrnchId/PstlAdr/StrtNm,StrtNm,Max70Text,0,1
pacs.002.001.12,/Document/FIToFIPmtStsRpt/TxInfAndSts/OrgnlTxRef/DbtrAgt/BrnchId/PstlAdr/BldgNb,BldgNb,Max16Text,0,1
pacs.002.001.12,/Document/FIToFIPmtStsRpt/TxInfAndSts/OrgnlTxRef/DbtrAgt/BrnchId/PstlAdr/BldgNm,BldgNm,Max35Text,0,1
pacs.002.001.12,/Document/FIToFIPmtStsRpt/TxInfAndSts/OrgnlTxRef/DbtrAgt/BrnchId/PstlAdr/Flr,Flr,Max70Text,0,1
pacs.002.001.12,/Document/FIToFIPmtStsRpt/TxInfAndSts/OrgnlTxRef/DbtrAgt/BrnchId/PstlAdr/PstBx,PstBx,Max16Text,0,1
pacs.002.001.12,/Document/FIToFIPmtStsRpt/TxInfAndSts/OrgnlTxRef/DbtrAgt/BrnchId/PstlAdr/Room,Room,Max70Text,0,1
pacs.002.001.12,/Document/FIToFIPmtStsRpt/TxInfAndSts/OrgnlTxRef/DbtrAgt/BrnchId/PstlAdr/PstCd,PstCd,Max16Text,0,1
pacs.002.001.12,/Document/FIToFIPmtStsRpt/TxInfAndSts/OrgnlTxRef/DbtrAgt/BrnchId/PstlAdr/TwnNm,TwnNm,Max35Text,0,1
pacs.002.001.12,/Document/FIToFIPmtStsRpt/TxInfAndSts/OrgnlTxRef/DbtrAgt/BrnchId/PstlAdr/TwnLctnNm,TwnLctnNm,Max35Text,0,1
pacs.002.001.12,/Document/FIToFIPmtStsRpt/TxInfAndSts/OrgnlTxRef/DbtrAgt/BrnchId/PstlAdr/DstrctNm,DstrctNm,Max35Text,0,1
pacs.002.001.12,/Document/FIToFIPmtStsRpt/TxInfAndSts/OrgnlTxRef/DbtrAgt/BrnchId/PstlAdr/CtrySubDvsn,CtrySubDvsn,Max35Text,0,1
pacs.002.001.12,/Document/FIToFIPmtStsRpt/TxInfAndSts/OrgnlTxRef/DbtrAgt/BrnchId/PstlAdr/Ctry,Ctry,CountryCode,0,1
pacs.002.001.12,/Document/FIToFIPmtStsRpt/TxInfAndSts/OrgnlTxRef/DbtrAgt/BrnchId/PstlAdr/AdrLine,AdrLine,Max70Text,0,7
pacs.002.001.12,/Document/FIToFIPmtStsRpt/TxInfAndSts/OrgnlTxRef/DbtrAgtAcct,DbtrAgtAcct,CashAccount40,0,1
pacs.002.001.12,/Document/FIToFIPmtStsRpt/TxInfAndSts/OrgnlTxRef/DbtrAgtAcct/Id,Id,AccountIdentification4Choice,0,1
pacs.002.001.12,/Document/FIToFIPmtStsRpt/TxInfAndSts/OrgnlTxRef/DbtrAgtAcct/Id/IBAN,IBAN,IBAN2007Identifier,1,1
pacs.002.001.12,/Document/FIToFIPmtStsRpt/TxInfAndSts/OrgnlTxRef/DbtrAgtAcct/Id/Othr,Othr,GenericAccountIdentification1,1,1
pacs.002.001.12,/Document/FIToFIPmtStsRpt/TxInfAndSts/OrgnlTxRef/DbtrAgtAcct/Id/Othr/Id,Id,Max34Text,1,1
pacs.002.001.12,/Document/FIToFIPmtStsRpt/TxInfAndSts/OrgnlTxRef/DbtrAgtAcct/Id/Othr/SchmeNm,SchmeNm,AccountSchemeName1Choice,0,1
pacs.002.001.12,/Document/FIToFIPmtStsRpt/TxInfAndSts/OrgnlTxRef/DbtrAgtAcct/Id/Othr/SchmeNm/Cd,Cd,ExternalAccountIdentification1Code,1,1
pacs.002.001.12,/Document/FIToFIPmtStsRpt/TxInfAndSts/OrgnlTxRef/DbtrAgtAcct/Id/Othr/SchmeNm/Prtry,Prtry,Max35Text,1,1
pacs.002.001.12,/Document/FIToFIPmtStsRpt/TxInfAndSts/OrgnlTxRef/DbtrAgtAcct/Id/Othr/Issr,Issr,Max35Text,0,1
pacs.002.001.12,/Document/FIToFIPmtStsRpt/TxInfAndSts/OrgnlTxRef/DbtrAgtAcct/Tp,Tp,CashAccountType2Choice,0,1
pacs.002.001.12,/Document/FIToFIPmtStsRpt/TxInfAndSts/OrgnlTxRef/DbtrAgtAcct/Tp/Cd,Cd,ExternalCashAccountType1Code,1,1
pacs.002.001.12,/Document/FIToFIPmtStsRpt/TxInfAndSts/OrgnlTxRef/DbtrAgtAcct/Tp/Prtry,Prtry,Max35Text,1,1
pacs.002.001.12,/Document/FIToFIPmtStsRpt/TxInfAndSts/OrgnlTxRef/DbtrAgtAcct/Ccy,Ccy,ActiveOrHistoricCurrencyCode,0,1
pacs.002.001.12,/Document/FIToFIPmtStsRpt/TxInfAndSts/OrgnlTxRef/DbtrAgtAcct/Nm,Nm,Max70Text,0,1
pacs.002.001.12,/Document/FIToFIPmtStsRpt/TxInfAndSts/OrgnlTxRef/DbtrAgtAcct/Prxy,Prxy,ProxyAccountIdentification1,0,1
pacs.002.001.12,/Document/FIToFIPmtStsRpt/TxInfAndSts/OrgnlTxRef/DbtrAgtAcct/Prxy/Tp,Tp,ProxyAccountType1Choice,0,1
pacs.002.001.12,/Document/FIToFIPmtStsRpt/TxInfAndSts/OrgnlTxRef/DbtrAgtAcct/Prxy/Tp/Cd,Cd,ExternalProxyAccountType1Code,1,1
pacs.002.001.12,/Document/FIToFIPmtStsRpt/TxInfAndSts/OrgnlTxRef/DbtrAgtAcct/Prxy/Tp/Prtry,Prtry,Max35Text,1,1
pacs.002.001.12,/Document/FIToFIPmtStsRpt/TxInfAndSts/OrgnlTxRef/DbtrAgtAcct/Prxy/Id,Id,Max2048Text,1,1
pacs.002.001.12,/Document/FIToFIPmtStsRpt/TxInfAndSts/OrgnlTxRef/CdtrAgt,CdtrAgt,BranchAndFinancialInstitutionIdentification6,0,1
pacs.002.001.12,/Document/FIToFIPmtStsRpt/TxInfAndSts/OrgnlTxRef/CdtrAgt/FinInstnId,FinInstnId,FinancialInstitutionIdentification18,1,1
pacs.002.001.12,/Document/FIToFIPmtStsRpt/TxInfAndSts/OrgnlTxRef/CdtrAgt/FinInstnId/BICFI,BICFI,BICFIDec2014Identifier,0,1
pacs.002.001.12,/Document/FIToFIPmtStsRpt/TxInfAndSts/OrgnlTxRef/CdtrAgt/FinInstnId/ClrSysMmbId,ClrSysMmbId,ClearingSystemMemberIdentification2,0,1
pacs.002.001.12,/Document/FIToFIPmtStsRpt/TxInfAndSts/OrgnlTxRef/CdtrAgt/FinInstnId/ClrSysMmbId/ClrSysId,ClrSysId,ClearingSystemIdentification2Choice,0,1
pacs.002.001.12,/Document/FIToFIPmtStsRpt/TxInfAndSts/OrgnlTxRef/CdtrAgt/FinInstnId/ClrSysMmbId/ClrSysId/Cd,Cd,ExternalClearingSystemIdentification1Code,1,1
pacs.002.001.12,/Document/FIToFIPmtStsRpt/TxInfAndSts/OrgnlTxRef/CdtrAgt/FinInstnId/ClrSysMmbId/ClrSysId/Prtry,Prtry,Max35Text,1,1
pacs.002.001.12,/Document/FIToFIPmtStsRpt/TxInfAndSts/OrgnlTxRef/CdtrAgt/FinInstnId/ClrSysMmbId/MmbId,MmbId,Max35Text,1,1
pacs.002.001.12,/Document/FIToFIPmtStsRpt/TxInfAndSts/OrgnlTxRef/CdtrAgt/FinInstnId/LEI,LEI,LEIIdentifier,0,1
pacs.002.001.12,/Document/FIToFIPmtStsRpt/TxInfAndSts/OrgnlTxRef/CdtrAgt/FinInstnId/Nm,Nm,Max140Text,0,1
pacs.002.001.12,/Document/FIToFIPmtStsRpt/TxInfAndSts/OrgnlTxRef/CdtrAgt/FinInstnId/PstlAdr,PstlAdr,PostalAddress24,0,1
pacs.002.001.12,/Document/FIToFIPmtStsRpt/TxInfAndSts/OrgnlTxRef/CdtrAgt/FinInstnId/PstlAdr/AdrTp,AdrTp,AddressType3Choice,0,1
pacs.002.001.12,/Document/FIToFIPmtStsRpt/TxInfAndSts/OrgnlTxRef/CdtrAgt/FinInstnId/PstlAdr/AdrTp/Cd,Cd,AddressType2Code,1,1
pacs.002.001.12,/Document/FIToFIPmtStsRpt/TxInfAndSts/OrgnlTxRef/CdtrAgt/FinInstnId/PstlAdr/AdrTp/Prtry,Prtry,GenericIdentification30,1,1
pacs.002.001.12,/Document/FIToFIPmtStsRpt/TxInfAndSts/OrgnlTxRef/CdtrAgt/FinInstnId/PstlAdr/AdrTp/Prtry/Id,Id,Exact4AlphaNumericText,1,1
pacs.002.001.12,/Document/FIToFIPmtStsRpt/TxInfAndSts/OrgnlTxRef/CdtrAgt/FinInstnId/PstlAdr/AdrTp/Prtry/Issr,Issr,Max35Text,1,1
pacs.002.001.12,/Document/FIToFIPmtStsRpt/TxInfAndSts/OrgnlTxRef/CdtrAgt/FinInstnId/PstlAdr/AdrTp/Prtry/SchmeNm,SchmeNm,Max35Text,0,1
pacs.002.001.12,/Document/FIToFIPmtStsRpt/TxInfAndSts/OrgnlTxRef/CdtrAgt/FinInstnId/PstlAdr/Dept,Dept,Max70Text,0,1
pacs.002.001.12,/Document/FIToFIPmtStsRpt/TxInfAndSts/OrgnlTxRef/CdtrAgt/FinInstnId/PstlAdr/SubDept,SubDept,Max70Text,0,1
pacs.002.001.12,/Document/FIToFIPmtStsRpt/TxInfAndSts/OrgnlTxRef/CdtrAgt/FinInstnId/PstlAdr/StrtNm,StrtNm,Max70Text,0,1
pacs.002.001.12,/Document/FIToFIPmtStsRpt/TxInfAndSts/OrgnlTxRef/CdtrAgt/FinInstnId/PstlAdr/BldgNb,BldgNb,Max16Text,0,1
pacs.002.001.12,/Document/FIToFIPmtStsRpt/TxInfAndSts/OrgnlTxRef/CdtrAgt/FinInstnId/PstlAdr/BldgNm,BldgNm,Max35Text,0,1
pacs.002.001.12,/Document/FIToFIPmtStsRpt/TxInfAndSts/OrgnlTxRef/CdtrAgt/FinInstnId/PstlAdr/Flr,Flr,Max70Text,0,1
pacs.002.001.12,/Document/FIToFIPmtStsRpt/TxInfAndSts/OrgnlTxRef/CdtrAgt/FinInstnId/PstlAdr/PstBx,PstBx,Max16Text,0,1
pacs.002.001.12,/Document/FIToFIPmtStsRpt/TxInfAndSts/OrgnlTxRef/CdtrAgt/FinInstnId/PstlAdr/Room,Room,Max70Text,0,1
pacs.002.001.12,/Document/FIToFIPmtStsRpt/TxInfAndSts/OrgnlTxRef/CdtrAgt/FinInstnId/PstlAdr/PstCd,PstCd,Max16Text,0,1
pacs.002.001.12,/Document/FIToFIPmtStsRpt/TxInfAndSts/OrgnlTxRef/CdtrAgt/FinInstnId/PstlAdr/TwnNm,TwnNm,Max35Text,0,1
pacs.002.001.12,/Document/FIToFIPmtStsRpt/TxInfAndSts/OrgnlTxRef/CdtrAgt/FinInstnId/PstlAdr/TwnLctnNm,TwnLctnNm,Max35Text,0,1
pacs.002.001.12,/Document/FIToFIPmtStsRpt/TxInfAndSts/OrgnlTxRef/CdtrAgt/FinInstnId/PstlAdr/DstrctNm,DstrctNm,Max35Text,0,1
pacs.002.001.12,/Document/FIToFIPmtStsRpt/TxInfAndSts/OrgnlTxRef/CdtrAgt/FinInstnId/PstlAdr/CtrySubDvsn,CtrySubDvsn,Max35Text,0,1
pacs.002.001.12,/Document/FIToFIPmtStsRpt/TxInfAndSts/OrgnlTxRef/CdtrAgt/FinInstnId/PstlAdr/Ctry,Ctry,CountryCode,0,1
pacs.002.001.12,/Document/FIToFIPmtStsRpt/TxInfAndSts/OrgnlTxRef/CdtrAgt/FinInstnId/PstlAdr/AdrLine,AdrLine,Max70Text,0,7
pacs.002.001.12,/Document/FIToFIPmtStsRpt/TxInfAndSts/OrgnlTxRef/CdtrAgt/FinInstnId/Othr,Othr,GenericFinancialIdentification1,0,1
pacs.002.001.12,/Document/FIToFIPmtStsRpt/TxInfAndSts/OrgnlTxRef/CdtrAgt/FinInstnId/Othr/Id,Id,Max35Text,1,1
pacs.002.001.12,/Document/FIToFIPmtStsRpt/TxInfAndSts/OrgnlTxRef/CdtrAgt/FinInstnId/Othr/SchmeNm,SchmeNm,FinancialIdentificationSchemeName1Choice,0,1
pacs.002.001.12,/Document/FIToFIPmtStsRpt/TxInfAndSts/OrgnlTxRef/CdtrAgt/FinInstnId/Othr/SchmeNm/Cd,Cd,ExternalFinancialInstitutionIdentification1Code,1,1
pacs.002.001.12,/Document/FIToFIPmtStsRpt/TxInfAndSts/OrgnlTxRef/CdtrAgt/FinInstnId/Othr/SchmeNm/Prtry,Prtry,Max35Text,1,1
pacs.002.001.12,/Document/FIToFIPmtStsRpt/TxInfAndSts/OrgnlTxRef/CdtrAgt/FinInstnId/Othr/Issr,Issr,Max35Text,0,1
pacs.002.001.12,/Document/FIToFIPmtStsRpt/TxInfAndSts/OrgnlTxRef/CdtrAgt/BrnchId,BrnchId,BranchData3,0,1
pacs.002.001.12,/Document/FIToFIPmtStsRpt/TxInfAndSts/OrgnlTxRef/CdtrAgt/BrnchId/Id,Id,Max35Text,0,1
pacs.002.001.12,/Document/FIToFIPmtStsRpt/TxInfAndSts/OrgnlTxRef/CdtrAgt/BrnchId/LEI,LEI,LEIIdentifier,0,1
pacs.002.001.12,/Document/FIToFIPmtStsRpt/TxInfAndSts/OrgnlTxRef/CdtrAgt/BrnchId/Nm,Nm,Max140Text,0,1
pacs.002.001.12,/Document/FIToFIPmtStsRpt/TxInfAndSts/OrgnlTxRef/CdtrAgt/BrnchId/PstlAdr,PstlAdr,PostalAddress24,0,1
pacs.002.001.12,/Document/FIToFIPmtStsRpt/TxInfAndSts/OrgnlTxRef/CdtrAgt/BrnchId/PstlAdr/AdrTp,AdrTp,AddressType3Choice,0,1
pacs.002.001.12,/Document/FIToFIPmtStsRpt/TxInfAndSts/OrgnlTxRef/CdtrAgt/BrnchId/PstlAdr/AdrTp/Cd,Cd,AddressType2Code,1,1
pacs.002.001.12,/Document/FIToFIPmtStsRpt/TxInfAndSts/OrgnlTxRef/CdtrAgt/BrnchId/PstlAdr/AdrTp/Prtry,Prtry,GenericIdentification30,1,1
pacs.002.001.12,/Document/FIToFIPmtStsRpt/TxInfAndSts/OrgnlTxRef/CdtrAgt/BrnchId/PstlAdr/AdrTp/Prtry/Id,Id,Exact4AlphaNumericText,1,1
pacs.002.001.12,/Document/FIToFIPmtStsRpt/TxInfAndSts/OrgnlTxRef/CdtrAgt/BrnchId/PstlAdr/AdrTp/Prtry/Issr,Issr,Max35Text,1,1
pacs.002.001.12,/Document/FIToFIPmtStsRpt/TxInfAndSts/OrgnlTxRef/CdtrAgt/BrnchId/PstlAdr/AdrTp/Prtry/SchmeNm,SchmeNm,Max35Text,0,1
pacs.002.001.12,/Document/FIToFIPmtStsRpt/TxInfAndSts/OrgnlTxRef/CdtrAgt/BrnchId/PstlAdr/Dept,Dept,Max70Text,0,1
pacs.002.001.12,/Document/FIToFIPmtStsRpt/TxInfAndSts/OrgnlTxRef/CdtrAgt/BrnchId/PstlAdr/SubDept,SubDept,Max70Text,0,1
pacs.002.001.12,/Document/FIToFIPmtStsRpt/TxInfAndSts/OrgnlTxRef/CdtrAgt/BrnchId/PstlAdr/StrtNm,StrtNm,Max70Text,0,1
pacs.002.001.12,/Document/FIToFIPmtStsRpt/TxInfAndSts/OrgnlTxRef/CdtrAgt/BrnchId/PstlAdr/BldgNb,BldgNb,Max16Text,0,1
pacs.002.001.12,/Document/FIToFIPmtStsRpt/TxInfAndSts/OrgnlTxRef/CdtrAgt/BrnchId/PstlAdr/BldgNm,BldgNm,Max35Text,0,1
pacs.002.001.12,/Document/FIToFIPmtStsRpt/TxInfAndSts/OrgnlTxRef/CdtrAgt/BrnchId/PstlAdr/Flr,Flr,Max70Text,0,1
pacs.002.001.12,/Document/FIToFIPmtStsRpt/TxInfAndSts/OrgnlTxRef/CdtrAgt/BrnchId/PstlAdr/PstBx,PstBx,Max16Text,0,1
pacs.002.001.12,/Document/FIToFIPmtStsRpt/TxInfAndSts/OrgnlTxRef/CdtrAgt/BrnchId/PstlAdr/Room,Room,Max70Text,0,1
pacs.002.001.12,/Document/FIToFIPmtStsRpt/TxInfAndSts/OrgnlTxRef/CdtrAgt/BrnchId/PstlAdr/PstCd,PstCd,Max16Text,0,1
pacs.002.001.12,/Document/FIToFIPmtStsRpt/TxInfAndSts/OrgnlTxRef/CdtrAgt/BrnchId/PstlAdr/TwnNm,TwnNm,Max35Text,0,1
pacs.002.001.12,/Document/FIToFIPmtStsRpt/TxInfAndSts/OrgnlTxRef/CdtrAgt/BrnchId/PstlAdr/TwnLctnNm,TwnLctnNm,Max35Text,0,1
pacs.002.001.12,/Document/FIToFIPmtStsRpt/TxInfAndSts/OrgnlTxRef/CdtrAgt/BrnchId/PstlAdr/DstrctNm,DstrctNm,Max35Text,0,1
pacs.002.001.12,/Document/FIToFIPmtStsRpt/TxInfAndSts/OrgnlTxRef/CdtrAgt/BrnchId/PstlAdr/CtrySubDvsn,CtrySubDvsn,Max35Text,0,1
pacs.002.001.12,/Document/FIToFIPmtStsRpt/TxInfAndSts/OrgnlTxRef/CdtrAgt/BrnchId/PstlAdr/Ctry,Ctry,CountryCode,0,1
pacs.002.001.12,/Document/FIToFIPmtStsRpt/TxInfAndSts/OrgnlTxRef/CdtrAgt/BrnchId/PstlAdr/AdrLine,AdrLine,Max70Text,0,7
pacs.002.001.12,/Document/FIToFIPmtStsRpt/TxInfAndSts/OrgnlTxRef/CdtrAgtAcct,CdtrAgtAcct,CashAccount40,0,1
pacs.002.001.12,/Document/FIToFIPmtStsRpt/TxInfAndSts/OrgnlTxRef/CdtrAgtAcct/Id,Id,AccountIdentification4Choice,0,1
pacs.002.001.12,/Document/FIToFIPmtStsRpt/TxInfAndSts/OrgnlTxRef/CdtrAgtAcct/Id/IBAN,IBAN,IBAN2007Identifier,1,1
pacs.002.001.12,/Document/FIToFIPmtStsRpt/TxInfAndSts/OrgnlTxRef/CdtrAgtAcct/Id/Othr,Othr,GenericAccountIdentification1,1,1
pacs.002.001.12,/Document/FIToFIPmtStsRpt/TxInfAndSts/OrgnlTxRef/CdtrAgtAcct/Id/Othr/Id,Id,Max34Text,1,1
pacs.002.001.12,/Document/FIToFIPmtStsRpt/TxInfAndSts/OrgnlTxRef/CdtrAgtAcct/Id/Othr/SchmeNm,SchmeNm,AccountSchemeName1Choice,0,1
pacs.002.001.12,/Document/FIToFIPmtStsRpt/TxInfAndSts/OrgnlTxRef/CdtrAgtAcct/Id/Othr/SchmeNm/Cd,Cd,ExternalAccountIdentification1Code,1,1
pacs.002.001.12,/Document/FIToFIPmtStsRpt/TxInfAndSts/OrgnlTxRef/CdtrAgtAcct/Id/Othr/SchmeNm/Prtry,Prtry,Max35Text,1,1
pacs.002.001.12,/Document/FIToFIPmtStsRpt/TxInfAndSts/OrgnlTxRef/CdtrAgtAcct/Id/Othr/Issr,Issr,Max35Text,0,1
pacs.002.001.12,/Document/FIToFIPmtStsRpt/TxInfAndSts/OrgnlTxRef/CdtrAgtAcct/Tp,Tp,CashAccountType2Choice,0,1
pacs.002.001.12,/Document/FIToFIPmtStsRpt/TxInfAndSts/OrgnlTxRef/CdtrAgtAcct/Tp/Cd,Cd,ExternalCashAccountType1Code,1,1
pacs.002.001.12,/Document/FIToFIPmtStsRpt/TxInfAndSts/OrgnlTxRef/CdtrAgtAcct/Tp/Prtry,Prtry,Max35Text,1,1
pacs.002.001.12,/Document/FIToFIPmtStsRpt/TxInfAndSts/OrgnlTxRef/CdtrAgtAcct/Ccy,Ccy,ActiveOrHistoricCurrencyCode,0,1
pacs.002.001.12,/Document/FIToFIPmtStsRpt/TxInfAndSts/OrgnlTxRef/CdtrAgtAcct/Nm,Nm,Max70Text,0,1
pacs.002.001.12,/Document/FIToFIPmtStsRpt/TxInfAndSts/OrgnlTxRef/CdtrAgtAcct/Prxy,Prxy,ProxyAccountIdentification1,0,1
pacs.002.001.12,/Document/FIToFIPmtStsRpt/TxInfAndSts/OrgnlTxRef/CdtrAgtAcct/Prxy/Tp,Tp,ProxyAccountType1Choice,0,1
pacs.002.001.12,/Document/FIToFIPmtStsRpt/TxInfAndSts/OrgnlTxRef/CdtrAgtAcct/Prxy/Tp/Cd,Cd,ExternalProxyAccountType1Code,1,1
pacs.002.001.12,/Document/FIToFIPmtStsRpt/TxInfAndSts/OrgnlTxRef/CdtrAgtAcct/Prxy/Tp/Prtry,Prtry,Max35Text,1,1
pacs.002.001.12,/Document/FIToFIPmtStsRpt/TxInfAndSts/OrgnlTxRef/CdtrAgtAcct/Prxy/Id,Id,Max2048Text,1,1
pacs.002.001.12,/Document/FIToFIPmtStsRpt/TxInfAndSts/OrgnlTxRef/Cdtr,Cdtr,Party40Choice,0,1
pacs.002.001.12,/Document/FIToFIPmtStsRpt/TxInfAndSts/OrgnlTxRef/Cdtr/Pty,Pty,PartyIdentification135,1,1
pacs.002.001.12,/Document/FIToFIPmtStsRpt/TxInfAndSts/OrgnlTxRef/Cdtr/Pty/Nm,Nm,Max140Text,0,1
pacs.002.001.12,/Document/FIToFIPmtStsRpt/TxInfAndSts/OrgnlTxRef/Cdtr/Pty/PstlAdr,PstlAdr,PostalAddress24,0,1
pacs.002.001.12,/Document/FIToFIPmtStsRpt/TxInfAndSts/OrgnlTxRef/Cdtr/Pty/PstlAdr/AdrTp,AdrTp,AddressType3Choice,0,1
pacs.002.001.12,/Document/FIToFIPmtStsRpt/TxInfAndSts/OrgnlTxRef/Cdtr/Pty/PstlAdr/AdrTp/Cd,Cd,AddressType2Code,1,1
pacs.002.001.12,/Document/FIToFIPmtStsRpt/TxInfAndSts/OrgnlTxRef/Cdtr/Pty/PstlAdr/AdrTp/Prtry,Prtry,GenericIdentification30,1,1
pacs.002.001.12,/Document/FIToFIPmtStsRpt/TxInfAndSts/OrgnlTxRef/Cdtr/Pty/PstlAdr/AdrTp/Prtry/Id,Id,Exact4AlphaNumericText,1,1
pacs.002.001.12,/Document/FIToFIPmtStsRpt/TxInfAndSts/OrgnlTxRef/Cdtr/Pty/PstlAdr/AdrTp/Prtry/Issr,Issr,Max35Text,1,1
pacs.002.001.12,/Document/FIToFIPmtStsRpt/TxInfAndSts/OrgnlTxRef/Cdtr/Pty/PstlAdr/AdrTp/Prtry/SchmeNm,SchmeNm,Max35Text,0,1
pacs.002.001.12,/Document/FIToFIPmtStsRpt/TxInfAndSts/OrgnlTxRef/Cdtr/Pty/PstlAdr/Dept,Dept,Max70Text,0,1
pacs.002.001.12,/Document/FIToFIPmtStsRpt/TxInfAndSts/OrgnlTxRef/Cdtr/Pty/PstlAdr/SubDept,SubDept,Max70Text,0,1
pacs.002.001.12,/Document/FIToFIPmtStsRpt/TxInfAndSts/OrgnlTxRef/Cdtr/Pty/PstlAdr/StrtNm,StrtNm,Max70Text,0,1
pacs.002.001.12,/Document/FIToFIPmtStsRpt/TxInfAndSts/OrgnlTxRef/Cdtr/Pty/PstlAdr/BldgNb,BldgNb,Max16Text,0,1
pacs.002.001.12,/Document/FIToFIPmtStsRpt/TxInfAndSts/OrgnlTxRef/Cdtr/Pty/PstlAdr/BldgNm,BldgNm,Max35Text,0,1
pacs.002.001.12,/Document/FIToFIPmtStsRpt/TxInfAndSts/OrgnlTxRef/Cdtr/Pty/PstlAdr/Flr,Flr,Max70Text,0,1
pacs.002.001.12,/Document/FIToFIPmtStsRpt/TxInfAndSts/OrgnlTxRef/Cdtr/Pty/PstlAdr/PstBx,PstBx,Max16Text,0,1
pacs.002.001.12,/Document/FIToFIPmtStsRpt/TxInfAndSts/OrgnlTxRef/Cdtr/Pty/PstlAdr/Room,Room,Max70Text,0,1
pacs.002.001.12,/Document/FIToFIPmtStsRpt/TxInfAndSts/OrgnlTxRef/Cdtr/Pty/PstlAdr/PstCd,PstCd,Max16Text,0,1
pacs.002.001.12,/Document/FIToFIPmtStsRpt/TxInfAndSts/OrgnlTxRef/Cdtr/Pty/PstlAdr/TwnNm,TwnNm,Max35Text,0,1
pacs.002.001.12,/Document/FIToFIPmtStsRpt/TxInfAndSts/OrgnlTxRef/Cdtr/Pty/PstlAdr/TwnLctnNm,TwnLctnNm,Max35Text,0,1
pacs.002.001.12,/Document/FIToFIPmtStsRpt/TxInfAndSts/OrgnlTxRef/Cdtr/Pty/PstlAdr/DstrctNm,DstrctNm,Max35Text,0,1
pacs.002.001.12,/Document/FIToFIPmtStsRpt/TxInfAndSts/OrgnlTxRef/Cdtr/Pty/PstlAdr/CtrySubDvsn,CtrySubDvsn,Max35Text,0,1
pacs.002.001.12,/Document/FIToFIPmtStsRpt/TxInfAndSts/OrgnlTxRef/Cdtr/Pty/PstlAdr/Ctry,Ctry,CountryCode,0,1
pacs.002.001.12,/Document/FIToFIPmtStsRpt/TxInfAndSts/OrgnlTxRef/Cdtr/Pty/PstlAdr/AdrLine,AdrLine,Max70Text,0,7
pacs.002.001.12,/Document/FIToFIPmtStsRpt/TxInfAndSts/OrgnlTxRef/Cdtr/Pty/Id,Id,Party38Choice,0,1
pacs.002.001.12,/Document/FIToFIPmtStsRpt/TxInfAndSts/OrgnlTxRef/Cdtr/Pty/Id/OrgId,OrgId,OrganisationIdentification29,1,1
pacs.002.001.12,/Document/FIToFIPmtStsRpt/TxInfAndSts/OrgnlTxRef/Cdtr/Pty/Id/OrgId/AnyBIC,AnyBIC,AnyBICDec2014Identifier,0,1
pacs.002.001.12,/Document/FIToFIPmtStsRpt/TxInfAndSts/OrgnlTxRef/Cdtr/Pty/Id/OrgId/LEI,LEI,LEIIdentifier,0,1
pacs.002.001.12,/Document/FIToFIPmtStsRpt/TxInfAndSts/OrgnlTxRef/Cdtr/Pty/Id/OrgId/Othr,Othr,GenericOrganisationIdentification1,0,
pacs.002.001.12,/Document/FIToFIPmtStsRpt/TxInfAndSts/OrgnlTxRef/Cdtr/Pty/Id/OrgId/Othr/Id,Id,Max35Text,1,1
pacs.002.001.12,/Document/FIToFIPmtStsRpt/TxInfAndSts/OrgnlTxRef/Cdtr/Pty/Id/OrgId/Othr/SchmeNm,SchmeNm,OrganisationIdentificationSchemeName1Choice,0,1
pacs.002.001.12,/Document/FIToFIPmtStsRpt/TxInfAndSts/OrgnlTxRef/Cdtr/Pty/Id/OrgId/Othr/SchmeNm/Cd,Cd,ExternalOrganisationIdentification1Code,1,1
pacs.002.001.12,/Document/FIToFIPmtStsRpt/TxInfAndSts/OrgnlTxRef/Cdtr/Pty/Id/OrgId/Othr/SchmeNm/Prtry,Prtry,Max35Text,1,1
pacs.002.001.12,/Document/FIToFIPmtStsRpt/TxInfAndSts/OrgnlTxRef/Cdtr/Pty/Id/OrgId/Othr/Issr,Issr,Max35Text,0,1
pacs.002.001.12,/Document/FIToFIPmtStsRpt/TxInfAndSts/OrgnlTxRef/Cdtr/Pty/Id/PrvtId,PrvtId,PersonIdentification13,1,1
pacs.002.001.12,/Document/FIToFIPmtStsRpt/TxInfAndSts/OrgnlTxRef/Cdtr/Pty/Id/PrvtId/DtAndPlcOfBirth,DtAndPlcOfBirth,DateAndPlaceOfBirth1,0,1
pacs.002.001.12,/Document/FIToFIPmtStsRpt/TxInfAndSts/OrgnlTxRef/Cdtr/Pty/Id/PrvtId/DtAndPlcOfBirth/BirthDt,BirthDt,ISODate,1,1
pacs.002.001.12,/Document/FIToFIPmtStsRpt/TxInfAndSts/OrgnlTxRef/Cdtr/Pty/Id/PrvtId/DtAndPlcOfBirth/PrvcOfBirth,PrvcOfBirth,Max35Text,0,1
pacs.002.001.12,/Document/FIToFIPmtStsRpt/TxInfAndSts/OrgnlTxRef/Cdtr/Pty/Id/PrvtId/DtAndPlcOfBirth/CityOfBirth,CityOfBirth,Max35Text,1,1
pacs.002.001.12,/Document/FIToFIPmtStsRpt/TxInfAndSts/OrgnlTxRef/Cdtr/Pty/Id/PrvtId/DtAndPlcOfBirth/CtryOfBirth,CtryOfBirth,CountryCode,1,1
pacs.002.001.12,/Document/FIToFIPmtStsRpt/TxInfAndSts/OrgnlTxRef/Cdtr/Pty/Id/PrvtId/Othr,Othr,GenericPersonIdentification1,0,
pacs.002.001.12,/Document/FIToFIPmtStsRpt/TxInfAndSts/OrgnlTxRef/Cdtr/Pty/Id/PrvtId/Othr/Id,Id,Max35Text,1,1
pacs.002.001.12,/Document/FIToFIPmtStsRpt/TxInfAndSts/OrgnlTxRef/Cdtr/Pty/Id/PrvtId/Othr/SchmeNm,SchmeNm,PersonIdentificationSchemeName1Choice,0,1
pacs.002.001.12,/Document/FIToFIPmtStsRpt/TxInfAndSts/OrgnlTxRef/Cdtr/Pty/Id/PrvtId/Othr/SchmeNm/Cd,Cd,ExternalPersonIdentification1Code,1,1
pacs.002.001.12,/Document/FIToFIPmtStsRpt/TxInfAndSts/OrgnlTxRef/Cdtr/Pty/Id/PrvtId/Othr/SchmeNm/Prtry,Prtry,Max35Text,1,1
pacs.002.001.12,/Document/FIToFIPmtStsRpt/TxInfAndSts/OrgnlTxRef/Cdtr/Pty/Id/PrvtId/Othr/Issr,Issr,Max35Text,0,1
pacs.002.001.12,/Document/FIToFIPmtStsRpt/TxInfAndSts/OrgnlTxRef/Cdtr/Pty/CtryOfRes,CtryOfRes,CountryCode,0,1
pacs.002.001.12,/Document/FIToFIPmtStsRpt/TxInfAndSts/OrgnlTxRef/Cdtr/Pty/CtctDtls,CtctDtls,Contact4,0,1
pacs.002.001.12,/Document/FIToFIPmtStsRpt/TxInfAndSts/OrgnlTxRef/Cdtr/Pty/CtctDtls/NmPrfx,NmPrfx,NamePrefix2Code,0,1
pacs.002.001.12,/Document/FIToFIPmtStsRpt/TxInfAndSts/OrgnlTxRef/Cdtr/Pty/CtctDtls/Nm,Nm,Max140Text,0,1
pacs.002.001.12,/Document/FIToFIPmtStsRpt/TxInfAndSts/OrgnlTxRef/Cdtr/Pty/CtctDtls/PhneNb,PhneNb,PhoneNumber,0,1
pacs.002.001.12,/Document/FIToFIPmtStsRpt/TxInfAndSts/OrgnlTxRef/Cdtr/Pty/CtctDtls/MobNb,MobNb,PhoneNumber,0,1
pacs.002.001.12,/Document/FIToFIPmtStsRpt/TxInfAndSts/OrgnlTxRef/Cdtr/Pty/CtctDtls/FaxNb,FaxNb,PhoneNumber,0,1
pacs.002.001.12,/Document/FIToFIPmtStsRpt/TxInfAndSts/OrgnlTxRef/Cdtr/Pty/CtctDtls/EmailAdr,EmailAdr,Max2048Text,0,1
pacs.002.001.12,/Document/FIToFIPmtStsRpt/TxInfAndSts/OrgnlTxRef/Cdtr/Pty/CtctDtls/EmailPurp,EmailPurp,Max35Text,0,1
pacs.002.001.12,/Document/FIToFIPmtStsRpt/TxInfAndSts/OrgnlTxRef/Cdtr/Pty/CtctDtls/JobTitl,JobTitl,Max35Text,0,1
pacs.002.001.12,/Document/FIToFIPmtStsRpt/TxInfAndSts/OrgnlTxRef/Cdtr/Pty/CtctDtls/Rspnsblty,Rspnsblty,Max35Text,0,1
pacs.002.001.12,/Document/FIToFIPmtStsRpt/TxInfAndSts/OrgnlTxRef/Cdtr/Pty/CtctDtls/Dept,Dept,Max70Text,0,1
pacs.002.001.12,/Document/FIToFIPmtStsRpt/TxInfAndSts/OrgnlTxRef/Cdtr/Pty/CtctDtls/Othr,Othr,OtherContact1,0,
pacs.002.001.12,/Document/FIToFIPmtStsRpt/TxInfAndSts/OrgnlTxRef/Cdtr/Pty/CtctDtls/Othr/ChanlTp,ChanlTp,Max4Text,1,1
pacs.002.001.12,/Document/FIToFIPmtStsRpt/TxInfAndSts/OrgnlTxRef/Cdtr/Pty/CtctDtls/Othr/Id,Id,Max128Text,0,1
pacs.002.001.12,/Document/FIToFIPmtStsRpt/TxInfAndSts/OrgnlTxRef/Cdtr/Pty/CtctDtls/PrefrdMtd,PrefrdMtd,PreferredContactMethod1Code,0,1
pacs.002.001.12,/Document/FIToFIPmtStsRpt/TxInfAndSts/OrgnlTxRef/Cdtr/Agt,Agt,BranchAndFinancialInstitutionIdentification6,1,1
pacs.002.001.12,/Document/FIToFIPmtStsRpt/TxInfAndSts/OrgnlTxRef/Cdtr/Agt/FinInstnId,FinInstnId,FinancialInstitutionIdentification18,1,1
pacs.002.001.12,/Document/FIToFIPmtStsRpt/TxInfAndSts/OrgnlTxRef/Cdtr/Agt/FinInstnId/BICFI,BICFI,BICFIDec2014Identifier,0,1
pacs.002.001.12,/Document/FIToFIPmtStsRpt/TxInfAndSts/OrgnlTxRef/Cdtr/Agt/FinInstnId/ClrSysMmbId,ClrSysMmbId,ClearingSystemMemberIdentification2,0,1
pacs.002.001.12,/Document/FIToFIPmtStsRpt/TxInfAndSts/OrgnlTxRef/Cdtr/Agt/FinInstnId/ClrSysMmbId/ClrSysId,ClrSysId,ClearingSystemIdentification2Choice,0,1
pacs.002.001.12,/Document/FIToFIPmtStsRpt/TxInfAndSts/OrgnlTxRef/Cdtr/Agt/FinInstnId/ClrSysMmbId/ClrSysId/Cd,Cd,ExternalClearingSystemIdentification1Code,1,1
pacs.002.001.12,/Document/FIToFIPmtStsRpt/TxInfAndSts/OrgnlTxRef/Cdtr/Agt/FinInstnId/ClrSysMmbId/ClrSysId/Prtry,Prtry,Max35Text,1,1
pacs.002.001.12,/Document/FIToFIPmtStsRpt/TxInfAndSts/OrgnlTxRef/Cdtr/Agt/FinInstnId/ClrSysMmbId/MmbId,MmbId,Max35Text,1,1
pacs.002.001.12,/Document/FIToFIPmtStsRpt/TxInfAndSts/OrgnlTxRef/Cdtr/Agt/FinInstnId/LEI,LEI,LEIIdentifier,0,1
pacs.002.001.12,/Document/FIToFIPmtStsRpt/TxInfAndSts/OrgnlTxRef/Cdtr/Agt/FinInstnId/Nm,Nm,Max140Text,0,1
pacs.002.001.12,/Document/FIToFIPmtStsRpt/TxInfAndSts/OrgnlTxRef/Cdtr/Agt/FinInstnId/PstlAdr,PstlAdr,PostalAddress24,0,1
pacs.002.001.12,/Document/FIToFIPmtStsRpt/TxInfAndSts/OrgnlTxRef/Cdtr/Agt/FinInstnId/PstlAdr/AdrTp,AdrTp,AddressType3Choice,0,1
pacs.002.001.12,/Document/FIToFIPmtStsRpt/TxInfAndSts/OrgnlTxRef/Cdtr/Agt/FinInstnId/PstlAdr/AdrTp/Cd,Cd,AddressType2Code,1,1
pacs.002.001.12,/Document/FIToFIPmtStsRpt/TxInfAndSts/OrgnlTxRef/Cdtr/Agt/FinInstnId/PstlAdr/AdrTp/Prtry,Prtry,GenericIdentification30,1,1
pacs.002.001.12,/Document/FIToFIPmtStsRpt/TxInfAndSts/OrgnlTxRef/Cdtr/Agt/FinInstnId/PstlAdr/AdrTp/Prtry/Id,Id,Exact4AlphaNumericText,1,1
pacs.002.001.12,/Document/FIToFIPmtStsRpt/TxInfAndSts/OrgnlTxRef/Cdtr/Agt/FinInstnId/PstlAdr/AdrTp/Prtry/Issr,Issr,Max35Text,1,1
pacs.002.001.12,/Document/FIToFIPmtStsRpt/TxInfAndSts/OrgnlTxRef/Cdtr/Agt/FinInstnId/PstlAdr/AdrTp/Prtry/SchmeNm,SchmeNm,Max35Text,0,1
pacs.002.001.12,/Document/FIToFIPmtStsRpt/TxInfAndSts/OrgnlTxRef/Cdtr/Agt/FinInstnId/PstlAdr/Dept,Dept,Max70Text,0,1
pacs.002.001.12,/Document/FIToFIPmtStsRpt/TxInfAndSts/OrgnlTxRef/Cdtr/Agt/FinInstnId/PstlAdr/SubDept,SubDept,Max70Text,0,1
pacs.002.001.12,/Document/FIToFIPmtStsRpt/TxInfAndSts/OrgnlTxRef/Cdtr/Agt/FinInstnId/PstlAdr/StrtNm,StrtNm,Max70Text,0,1
pacs.002.001.12,/Document/FIToFIPmtStsRpt/TxInfAndSts/OrgnlTxRef/Cdtr/Agt/FinInstnId/PstlAdr/BldgNb,BldgNb,Max16Text,0,1
pacs.002.001.12,/Document/FIToFIPmtStsRpt/TxInfAndSts/OrgnlTxRef/Cdtr/Agt/FinInstnId/PstlAdr/BldgNm,BldgNm,Max35Text,0,1
pacs.002.001.12,/Document/FIToFIPmtStsRpt/TxInfAndSts/OrgnlTxRef/Cdtr/Agt/FinInstnId/PstlAdr/Flr,Flr,Max70Text,0,1
pacs.002.001.12,/Document/FIToFIPmtStsRpt/TxInfAndSts/OrgnlTxRef/Cdtr/Agt/FinInstnId/PstlAdr/PstBx,PstBx,Max16Text,0,1
pacs.002.001.12,/Document/FIToFIPmtStsRpt/TxInfAndSts/OrgnlTxRef/Cdtr/Agt/FinInstnId/PstlAdr/Room,Room,Max70Text,0,1
pacs.002.001.12,/Document/FIToFIPmtStsRpt/TxInfAndSts/OrgnlTxRef/Cdtr/Agt/FinInstnId/PstlAdr/PstCd,PstCd,Max16Text,0,1
pacs.002.001.12,/Document/FIToFIPmtStsRpt/TxInfAndSts/OrgnlTxRef/Cdtr/Agt/FinInstnId/PstlAdr/TwnNm,TwnNm,Max35Text,0,1
pacs.002.001.12,/Document/FIToFIPmtStsRpt/TxInfAndSts/OrgnlTxRef/Cdtr/Agt/FinInstnId/PstlAdr/TwnLctnNm,TwnLctnNm,Max35Text,0,1
pacs.002.001.12,/Document/FIToFIPmtStsRpt/TxInfAndSts/OrgnlTxRef/Cdtr/Agt/FinInstnId/PstlAdr/DstrctNm,DstrctNm,Max35Text,0,1
pacs.002.001.12,/Document/FIToFIPmtStsRpt/TxInfAndSts/OrgnlTxRef/Cdtr/Agt/FinInstnId/PstlAdr/CtrySubDvsn,CtrySubDvsn,Max35Text,0,1
pacs.002.001.12,/Document/FIToFIPmtStsRpt/TxInfAndSts/OrgnlTxRef/Cdtr/Agt/FinInstnId/PstlAdr/Ctry,Ctry,CountryCode,0,1
pacs.002.001.12,/Document/FIToFIPmtStsRpt/TxInfAndSts/OrgnlTxRef/Cdtr/Agt/FinInstnId/PstlAdr/AdrLine,AdrLine,Max70Text,0,7
pacs.002.001.12,/Document/FIToFIPmtStsRpt/TxInfAndSts/OrgnlTxRef/Cdtr/Agt/FinInstnId/Othr,Othr,GenericFinancialIdentification1,0,1
pacs.002.001.12,/Document/FIToFIPmtStsRpt/TxInfAndSts/OrgnlTxRef/Cdtr/Agt/FinInstnId/Othr/Id,Id,Max35Text,1,1
pacs.002.001.12,/Document/FIToFIPmtStsRpt/TxInfAndSts/OrgnlTxRef/Cdtr/Agt/FinInstnId/Othr/SchmeNm,SchmeNm,FinancialIdentificationSchemeName1Choice,0,1
pacs.002.001.12,/Document/FIToFIPmtStsRpt/TxInfAndSts/OrgnlTxRef/Cdtr/Agt/FinInstnId/Othr/SchmeNm/Cd,Cd,ExternalFinancialInstitutionIdentification1Code,1,1
pacs.002.001.12,/Document/FIToFIPmtStsRpt/TxInfAndSts/OrgnlTxRef/Cdtr/Agt/FinInstnId/Othr/SchmeNm/Prtry,Prtry,Max35Text,1,1
pacs.002.001.12,/Document/FIToFIPmtStsRpt/TxInfAndSts/OrgnlTxRef/Cdtr/Agt/FinInstnId/Othr/Issr,Issr,Max35Text,0,1
pacs.002.001.12,/Document/FIToFIPmtStsRpt/TxInfAndSts/OrgnlTxRef/Cdtr/Agt/BrnchId,BrnchId,BranchData3,0,1
pacs.002.001.12,/Document/FIToFIPmtStsRpt/TxInfAndSts/OrgnlTxRef/Cdtr/Agt/BrnchId/Id,Id,Max35Text,0,1
pacs.002.001.12,/Document/FIToFIPmtStsRpt/TxInfAndSts/OrgnlTxRef/Cdtr/Agt/BrnchId/LEI,LEI,LEIIdentifier,0,1
pacs.002.001.12,/Document/FIToFIPmtStsRpt/TxInfAndSts/OrgnlTxRef/Cdtr/Agt/BrnchId/Nm,Nm,Max140Text,0,1
pacs.002.001.12,/Document/FIToFIPmtStsRpt/TxInfAndSts/OrgnlTxRef/Cdtr/Agt/BrnchId/PstlAdr,PstlAdr,PostalAddress24,0,1
pacs.002.001.12,/Document/FIToFIPmtStsRpt/TxInfAndSts/OrgnlTxRef/Cdtr/Agt/BrnchId/PstlAdr/AdrTp,AdrTp,AddressType3Choice,0,1
pacs.002.001.12,/Document/FIToFIPmtStsRpt/TxInfAndSts/OrgnlTxRef/Cdtr/Agt/BrnchId/PstlAdr/AdrTp/Cd,Cd,AddressType2Code,1,1
pacs.002.001.12,/Document/FIToFIPmtStsRpt/TxInfAndSts/OrgnlTxRef/Cdtr/Agt/BrnchId/PstlAdr/AdrTp/Prtry,Prtry,GenericIdentification30,1,1
pacs.002.001.12,/Document/FIToFIPmtStsRpt/TxInfAndSts/OrgnlTxRef/Cdtr/Agt/BrnchId/PstlAdr/AdrTp/Prtry/Id,Id,Exact4AlphaNumericText,1,1
pacs.002.001.12,/Document/FIToFIPmtStsRpt/TxInfAndSts/OrgnlTxRef/Cdtr/Agt/BrnchId/PstlAdr/AdrTp/Prtry/Issr,Issr,Max35Text,1,1
pacs.002.001.12,/Document/FIToFIPmtStsRpt/TxInfAndSts/OrgnlTxRef/Cdtr/Agt/BrnchId/PstlAdr/AdrTp/Prtry/SchmeNm,SchmeNm,Max35Text,0,1
pacs.002.001.12,/Document/FIToFIPmtStsRpt/TxInfAndSts/OrgnlTxRef/Cdtr/Agt/BrnchId/PstlAdr/Dept,Dept,Max70Text,0,1
pacs.002.001.12,/Document/FIToFIPmtStsRpt/TxInfAndSts/OrgnlTxRef/Cdtr/Agt/BrnchId/PstlAdr/SubDept,SubDept,Max70Text,0,1
pacs.002.001.12,/Document/FIToFIPmtStsRpt/TxInfAndSts/OrgnlTxRef/Cdtr/Agt/BrnchId/PstlAdr/StrtNm,StrtNm,Max70Text,0,1
pacs.002.001.12,/Document/FIToFIPmtStsRpt/TxInfAndSts/OrgnlTxRef/Cdtr/Agt/BrnchId/PstlAdr/BldgNb,BldgNb,Max16Text,0,1
pacs.002.001.12,/Document/FIToFIPmtStsRpt/TxInfAndSts/OrgnlTxRef/Cdtr/Agt/BrnchId/PstlAdr/BldgNm,BldgNm,Max35Text,0,1
pacs.002.001.12,/Document/FIToFIPmtStsRpt/TxInfAndSts/OrgnlTxRef/Cdtr/Agt/BrnchId/PstlAdr/Flr,Flr,Max70Text,0,1
pacs.002.001.12,/Document/FIToFIPmtStsRpt/TxInfAndSts/OrgnlTxRef/Cdtr/Agt/BrnchId/PstlAdr/PstBx,PstBx,Max16Text,0,1
pacs.002.001.12,/Document/FIToFIPmtStsRpt/TxInfAndSts/OrgnlTxRef/Cdtr/Agt/BrnchId/PstlAdr/Room,Room,Max70Text,0,1
pacs.002.001.12,/Document/FIToFIPmtStsRpt/TxInfAndSts/OrgnlTxRef/Cdtr/Agt/BrnchId/PstlAdr/PstCd,PstCd,Max16Text,0,1
pacs.002.001.12,/Document/FIToFIPmtStsRpt/TxInfAndSts/OrgnlTxRef/Cdtr/Agt/BrnchId/PstlAdr/TwnNm,TwnNm,Max35Text,0,1
pacs.002.001.12,/Document/FIToFIPmtStsRpt/TxInfAndSts/OrgnlTxRef/Cdtr/Agt/BrnchId/PstlAdr/TwnLctnNm,TwnLctnNm,Max35Text,0,1
pacs.002.001.12,/Document/FIToFIPmtStsRpt/TxInfAndSts/OrgnlTxRef/Cdtr/Agt/BrnchId/PstlAdr/DstrctNm,DstrctNm,Max35Text,0,1
pacs.002.001.12,/Document/FIToFIPmtStsRpt/TxInfAndSts/OrgnlTxRef/Cdtr/Agt/BrnchId/PstlAdr/CtrySubDvsn,CtrySubDvsn,Max35Text,0,1
pacs.002.001.12,/Document/FIToFIPmtStsRpt/TxInfAndSts/OrgnlTxRef/Cdtr/Agt/BrnchId/PstlAdr/Ctry,Ctry,CountryCode,0,1
pacs.002.001.12,/Document/FIToFIPmtStsRpt/TxInfAndSts/OrgnlTxRef/Cdtr/Agt/BrnchId/PstlAdr/AdrLine,AdrLine,Max70Text,0,7
pacs.002.001.12,/Document/FIToFIPmtStsRpt/TxInfAndSts/OrgnlTxRef/CdtrAcct,CdtrAcct,CashAccount40,0,1
pacs.002.001.12,/Document/FIToFIPmtStsRpt/TxInfAndSts/OrgnlTxRef/CdtrAcct/Id,Id,AccountIdentification4Choice,0,1
pacs.002.001.12,/Document/FIToFIPmtStsRpt/TxInfAndSts/OrgnlTxRef/CdtrAcct/Id/IBAN,IBAN,IBAN2007Identifier,1,1
pacs.002.001.12,/Document/FIToFIPmtStsRpt/TxInfAndSts/OrgnlTxRef/CdtrAcct/Id/Othr,Othr,GenericAccountIdentification1,1,1
pacs.002.001.12,/Document/FIToFIPmtStsRpt/TxInfAndSts/OrgnlTxRef/CdtrAcct/Id/Othr/Id,Id,Max34Text,1,1
pacs.002.001.12,/Document/FIToFIPmtStsRpt/TxInfAndSts/OrgnlTxRef/CdtrAcct/Id/Othr/SchmeNm,SchmeNm,AccountSchemeName1Choice,0,1
pacs.002.001.12,/Document/FIToFIPmtStsRpt/TxInfAndSts/OrgnlTxRef/CdtrAcct/Id/Othr/SchmeNm/Cd,Cd,ExternalAccountIdentification1Code,1,1
pacs.002.001.12,/Document/FIToFIPmtStsRpt/TxInfAndSts/OrgnlTxRef/CdtrAcct/Id/Othr/SchmeNm/Prtry,Prtry,Max35Text,1,1
pacs.002.001.12,/Document/FIToFIPmtStsRpt/TxInfAndSts/OrgnlTxRef/CdtrAcct/Id/Othr/Issr,Issr,Max35Text,0,1
pacs.002.001.12,/Document/FIToFIPmtStsRpt/TxInfAndSts/OrgnlTxRef/CdtrAcct/Tp,Tp,CashAccountType2Choice,0,1
pacs.002.001.12,/Document/FIToFIPmtStsRpt/TxInfAndSts/OrgnlTxRef/CdtrAcct/Tp/Cd,Cd,ExternalCashAccountType1Code,1,1
pacs.002.001.12,/Document/FIToFIPmtStsRpt/TxInfAndSts/OrgnlTxRef/CdtrAcct/Tp/Prtry,Prtry,Max35Text,1,1
pacs.002.001.12,/Document/FIToFIPmtStsRpt/TxInfAndSts/OrgnlTxRef/CdtrAcct/Ccy,Ccy,ActiveOrHistoricCurrencyCode,0,1
pacs.002.001.12,/Document/FIToFIPmtStsRpt/TxInfAndSts/OrgnlTxRef/CdtrAcct/Nm,Nm,Max70Text,0,1
pacs.002.001.12,/Document/FIToFIPmtStsRpt/TxInfAndSts/OrgnlTxRef/CdtrAcct/Prxy,Prxy,ProxyAccountIdentification1,0,1
pacs.002.001.12,/Document/FIToFIPmtStsRpt/TxInfAndSts/OrgnlTxRef/CdtrAcct/Prxy/Tp,Tp,ProxyAccountType1Choice,0,1
pacs.002.001.12,/Document/FIToFIPmtStsRpt/TxInfAndSts/OrgnlTxRef/CdtrAcct/Prxy/Tp/Cd,Cd,ExternalProxyAccountType1Code,1,1
pacs.002.001.12,/Document/FIToFIPmtStsRpt/TxInfAndSts/OrgnlTxRef/CdtrAcct/Prxy/Tp/Prtry,Prtry,Max35Text,1,1
pacs.002.001.12,/Document/FIToFIPmtStsRpt/TxInfAndSts/OrgnlTxRef/CdtrAcct/Prxy/Id,Id,Max2048Text,1,1
pacs.002.001.12,/Document/FIToFIPmtStsRpt/TxInfAndSts/OrgnlTxRef/UltmtCdtr,UltmtCdtr,Party40Choice,0,1
pacs.002.001.12,/Document/FIToFIPmtStsRpt/TxInfAndSts/OrgnlTxRef/UltmtCdtr/Pty,Pty,PartyIdentification135,1,1
pacs.002.001.12,/Document/FIToFIPmtStsRpt/TxInfAndSts/OrgnlTxRef/UltmtCdtr/Pty/Nm,Nm,Max140Text,0,1
pacs.002.001.12,/Document/FIToFIPmtStsRpt/TxInfAndSts/OrgnlTxRef/UltmtCdtr/Pty/PstlAdr,PstlAdr,PostalAddress24,0,1
pacs.002.001.12,/Document/FIToFIPmtStsRpt/TxInfAndSts/OrgnlTxRef/UltmtCdtr/Pty/PstlAdr/AdrTp,AdrTp,AddressType3Choice,0,1
pacs.002.001.12,/Document/FIToFIPmtStsRpt/TxInfAndSts/OrgnlTxRef/UltmtCdtr/Pty/PstlAdr/AdrTp/Cd,Cd,AddressType2Code,1,1
pacs.002.001.12,/Document/FIToFIPmtStsRpt/TxInfAndSts/OrgnlTxRef/UltmtCdtr/Pty/PstlAdr/AdrTp/Prtry,Prtry,GenericIdentification30,1,1
pacs.002.001.12,/Document/FIToFIPmtStsRpt/TxInfAndSts/OrgnlTxRef/UltmtCdtr/Pty/PstlAdr/AdrTp/Prtry/Id,Id,Exact4AlphaNumericText,1,1
pacs.002.001.12,/Document/FIToFIPmtStsRpt/TxInfAndSts/OrgnlTxRef/UltmtCdtr/Pty/PstlAdr/AdrTp/Prtry/Issr,Issr,Max35Text,1,1
pacs.002.001.12,/Document/FIToFIPmtStsRpt/TxInfAndSts/OrgnlTxRef/UltmtCdtr/Pty/PstlAdr/AdrTp/Prtry/SchmeNm,SchmeNm,Max35Text,0,1
pacs.002.001.12,/Document/FIToFIPmtStsRpt/TxInfAndSts/OrgnlTxRef/UltmtCdtr/Pty/PstlAdr/Dept,Dept,Max70Text,0,1
pacs.002.001.12,/Document/FIToFIPmtStsRpt/TxInfAndSts/OrgnlTxRef/UltmtCdtr/Pty/PstlAdr/SubDept,SubDept,Max70Text,0,1
pacs.002.001.12,/Document/FIToFIPmtStsRpt/TxInfAndSts/OrgnlTxRef/UltmtCdtr/Pty/PstlAdr/StrtNm,StrtNm,Max70Text,0,1
pacs.002.001.12,/Document/FIToFIPmtStsRpt/TxInfAndSts/OrgnlTxRef/UltmtCdtr/Pty/PstlAdr/BldgNb,BldgNb,Max16Text,0,1
pacs.002.001.12,/Document/FIToFIPmtStsRpt/TxInfAndSts/OrgnlTxRef/UltmtCdtr/Pty/PstlAdr/BldgNm,BldgNm,Max35Text,0,1
pacs.002.001.12,/Document/FIToFIPmtStsRpt/TxInfAndSts/OrgnlTxRef/UltmtCdtr/Pty/PstlAdr/Flr,Flr,Max70Text,0,1
pacs.002.001.12,/Document/FIToFIPmtStsRpt/TxInfAndSts/OrgnlTxRef/UltmtCdtr/Pty/PstlAdr/PstBx,PstBx,Max16Text,0,1
pacs.002.001.12,/Document/FIToFIPmtStsRpt/TxInfAndSts/OrgnlTxRef/UltmtCdtr/Pty/PstlAdr/Room,Room,Max70Text,0,1
pacs.002.001.12,/Document/FIToFIPmtStsRpt/TxInfAndSts/OrgnlTxRef/UltmtCdtr/Pty/PstlAdr/PstCd,PstCd,Max16Text,0,1
pacs.002.001.12,/Document/FIToFIPmtStsRpt/TxInfAndSts/OrgnlTxRef/UltmtCdtr/Pty/PstlAdr/TwnNm,TwnNm,Max35Text,0,1
pacs.002.001.12,/Document/FIToFIPmtStsRpt/TxInfAndSts/OrgnlTxRef/UltmtCdtr/Pty/PstlAdr/TwnLctnNm,TwnLctnNm,Max35Text,0,1
pacs.002.001.12,/Document/FIToFIPmtStsRpt/TxInfAndSts/OrgnlTxRef/UltmtCdtr/Pty/PstlAdr/DstrctNm,DstrctNm,Max35Text,0,1
pacs.002.001.12,/Document/FIToFIPmtStsRpt/TxInfAndSts/OrgnlTxRef/UltmtCdtr/Pty/PstlAdr/CtrySubDvsn,CtrySubDvsn,Max35Text,0,1
pacs.002.001.12,/Document/FIToFIPmtStsRpt/TxInfAndSts/OrgnlTxRef/UltmtCdtr/Pty/PstlAdr/Ctry,Ctry,CountryCode,0,1
pacs.002.001.12,/Document/FIToFIPmtStsRpt/TxInfAndSts/OrgnlTxRef/UltmtCdtr/Pty/PstlAdr/AdrLine,AdrLine,Max70Text,0,7
pacs.002.001.12,/Document/FIToFIPmtStsRpt/TxInfAndSts/OrgnlTxRef/UltmtCdtr/Pty/Id,Id,Party38Choice,0,1
pacs.002.001.12,/Document/FIToFIPmtStsRpt/TxInfAndSts/OrgnlTxRef/UltmtCdtr/Pty/Id/OrgId,OrgId,OrganisationIdentification29,1,1
pacs.002.001.12,/Document/FIToFIPmtStsRpt/TxInfAndSts/OrgnlTxRef/UltmtCdtr/Pty/Id/OrgId/AnyBIC,AnyBIC,AnyBICDec2014Identifier,0,1
pacs.002.001.12,/Document/FIToFIPmtStsRpt/TxInfAndSts/OrgnlTxRef/UltmtCdtr/Pty/Id/OrgId/LEI,LEI,LEIIdentifier,0,1
pacs.002.001.12,/Document/FIToFIPmtStsRpt/TxInfAndSts/OrgnlTxRef/UltmtCdtr/Pty/Id/OrgId/Othr,Othr,GenericOrganisationIdentification1,0,
pacs.002.001.12,/Document/FIToFIPmtStsRpt/TxInfAndSts/OrgnlTxRef/UltmtCdtr/Pty/Id/OrgId/Othr/Id,Id,Max35Text,1,1
pacs.002.001.12,/Document/FIToFIPmtStsRpt/TxInfAndSts/OrgnlTxRef/UltmtCdtr/Pty/Id/OrgId/Othr/SchmeNm,SchmeNm,OrganisationIdentificationSchemeName1Choice,0,1
pacs.002.001.12,/Document/FIToFIPmtStsRpt/TxInfAndSts/OrgnlTxRef/UltmtCdtr/Pty/Id/OrgId/Othr/SchmeNm/Cd,Cd,ExternalOrganisationIdentification1Code,1,1
pacs.002.001.12,/Document/FIToFIPmtStsRpt/TxInfAndSts/OrgnlTxRef/UltmtCdtr/Pty/Id/OrgId/Othr/SchmeNm/Prtry,Prtry,Max35Text,1,1
pacs.002.001.12,/Document/FIToFIPmtStsRpt/TxInfAndSts/OrgnlTxRef/UltmtCdtr/Pty/Id/OrgId/Othr/Issr,Issr,Max35Text,0,1
pacs.002.001.12,/Document/FIToFIPmtStsRpt/TxInfAndSts/OrgnlTxRef/UltmtCdtr/Pty/Id/PrvtId,PrvtId,PersonIdentification13,1,1
pacs.002.001.12,/Document/FIToFIPmtStsRpt/TxInfAndSts/OrgnlTxRef/UltmtCdtr/Pty/Id/PrvtId/DtAndPlcOfBirth,DtAndPlcOfBirth,DateAndPlaceOfBirth1,0,1
pacs.002.001.12,/Document/FIToFIPmtStsRpt/TxInfAndSts/OrgnlTxRef/UltmtCdtr/Pty/Id/PrvtId/DtAndPlcOfBirth/BirthDt,BirthDt,ISODate,1,1
pacs.002.001.12,/Document/FIToFIPmtStsRpt/TxInfAndSts/OrgnlTxRef/UltmtCdtr/Pty/Id/PrvtId/DtAndPlcOfBirth/PrvcOfBirth,PrvcOfBirth,Max35Text,0,1
pacs.002.001.12,/Document/FIToFIPmtStsRpt/TxInfAndSts/OrgnlTxRef/UltmtCdtr/Pty/Id/PrvtId/DtAndPlcOfBirth/CityOfBirth,CityOfBirth,Max35Text,1,1
pacs.002.001.12,/Document/FIToFIPmtStsRpt/TxInfAndSts/OrgnlTxRef/UltmtCdtr/Pty/Id/PrvtId/DtAndPlcOfBirth/CtryOfBirth,CtryOfBirth,CountryCode,1,1
pacs.002.001.12,/Document/FIToFIPmtStsRpt/TxInfAndSts/OrgnlTxRef/UltmtCdtr/Pty/Id/PrvtId/Othr,Othr,GenericPersonIdentification1,0,
pacs.002.001.12,/Document/FIToFIPmtStsRpt/TxInfAndSts/OrgnlTxRef/UltmtCdtr/Pty/Id/PrvtId/Othr/Id,Id,Max35Text,1,1
pacs.002.001.12,/Document/FIToFIPmtStsRpt/TxInfAndSts/OrgnlTxRef/UltmtCdtr/Pty/Id/PrvtId/Othr/SchmeNm,SchmeNm,PersonIdentificationSchemeName1Choice,0,1
pacs.002.001.12,/Document/FIToFIPmtStsRpt/TxInfAndSts/OrgnlTxRef/UltmtCdtr/Pty/Id/PrvtId/Othr/SchmeNm/Cd,Cd,ExternalPersonIdentification1Code,1,1
pacs.002.001.12,/Document/FIToFIPmtStsRpt/TxInfAndSts/OrgnlTxRef/UltmtCdtr/Pty/Id/PrvtId/Othr/SchmeNm/Prtry,Prtry,Max35Text,1,1
pacs.002.001.12,/Document/FIToFIPmtStsRpt/TxInfAndSts/OrgnlTxRef/UltmtCdtr/Pty/Id/PrvtId/Othr/Issr,Issr,Max35Text,0,1
pacs.002.001.12,/Document/FIToFIPmtStsRpt/TxInfAndSts/OrgnlTxRef/UltmtCdtr/Pty/CtryOfRes,CtryOfRes,CountryCode,0,1
pacs.002.001.12,/Document/FIToFIPmtStsRpt/TxInfAndSts/OrgnlTxRef/UltmtCdtr/Pty/CtctDtls,CtctDtls,Contact4,0,1
pacs.002.001.12,/Document/FIToFIPmtStsRpt/TxInfAndSts/OrgnlTxRef/UltmtCdtr/Pty/CtctDtls/NmPrfx,NmPrfx,NamePrefix2Code,0,1
pacs.002.001.12,/Document/FIToFIPmtStsRpt/TxInfAndSts/OrgnlTxRef/UltmtCdtr/Pty/CtctDtls/Nm,Nm,Max140Text,0,1
pacs.002.001.12,/Document/FIToFIPmtStsRpt/TxInfAndSts/OrgnlTxRef/UltmtCdtr/Pty/CtctDtls/PhneNb,PhneNb,PhoneNumber,0,1
pacs.002.001.12,/Document/FIToFIPmtStsRpt/TxInfAndSts/OrgnlTxRef/UltmtCdtr/Pty/CtctDtls/MobNb,MobNb,PhoneNumber,0,1
pacs.002.001.12,/Document/FIToFIPmtStsRpt/TxInfAndSts/OrgnlTxRef/UltmtCdtr/Pty/CtctDtls/FaxNb,FaxNb,PhoneNumber,0,1
pacs.002.001.12,/Document/FIToFIPmtStsRpt/TxInfAndSts/OrgnlTxRef/UltmtCdtr/Pty/CtctDtls/EmailAdr,EmailAdr,Max2048Text,0,1
pacs.002.001.12,/Document/FIToFIPmtStsRpt/TxInfAndSts/OrgnlTxRef/UltmtCdtr/Pty/CtctDtls/EmailPurp,EmailPurp,Max35Text,0,1
pacs.002.001.12,/Document/FIToFIPmtStsRpt/TxInfAndSts/OrgnlTxRef/UltmtCdtr/Pty/CtctDtls/JobTitl,JobTitl,Max35Text,0,1
pacs.002.001.12,/Document/FIToFIPmtStsRpt/TxInfAndSts/OrgnlTxRef/UltmtCdtr/Pty/CtctDtls/Rspnsblty,Rspnsblty,Max35Text,0,1
pacs.002.001.12,/Document/FIToFIPmtStsRpt/TxInfAndSts/OrgnlTxRef/UltmtCdtr/Pty/CtctDtls/Dept,Dept,Max70Text,0,1
pacs.002.001.12,/Document/FIToFIPmtStsRpt/TxInfAndSts/OrgnlTxRef/UltmtCdtr/Pty/CtctDtls/Othr,Othr,OtherContact1,0,
pacs.002.001.12,/Document/FIToFIPmtStsRpt/TxInfAndSts/OrgnlTxRef/UltmtCdtr/Pty/CtctDtls/Othr/ChanlTp,ChanlTp,Max4Text,1,1
pacs.002.001.12,/Document/FIToFIPmtStsRpt/TxInfAndSts/OrgnlTxRef/UltmtCdtr/Pty/CtctDtls/Othr/Id,Id,Max128Text,0,1
pacs.002.001.12,/Document/FIToFIPmtStsRpt/TxInfAndSts/OrgnlTxRef/UltmtCdtr/Pty/CtctDtls/PrefrdMtd,PrefrdMtd,PreferredContactMethod1Code,0,1
pacs.002.001.12,/Document/FIToFIPmtStsRpt/TxInfAndSts/OrgnlTxRef/UltmtCdtr/Agt,Agt,BranchAndFinancialInstitutionIdentification6,1,1
pacs.002.001.12,/Document/FIToFIPmtStsRpt/TxInfAndSts/OrgnlTxRef/UltmtCdtr/Agt/FinInstnId,FinInstnId,FinancialInstitutionIdentification18,1,1
pacs.002.001.12,/Document/FIToFIPmtStsRpt/TxInfAndSts/OrgnlTxRef/UltmtCdtr/Agt/FinInstnId/BICFI,BICFI,BICFIDec2014Identifier,0,1
pacs.002.001.12,/Document/FIToFIPmtStsRpt/TxInfAndSts/OrgnlTxRef/UltmtCdtr/Agt/FinInstnId/ClrSysMmbId,ClrSysMmbId,ClearingSystemMemberIdentification2,0,1
pacs.002.001.12,/Document/FIToFIPmtStsRpt/TxInfAndSts/OrgnlTxRef/UltmtCdtr/Agt/FinInstnId/ClrSysMmbId/ClrSysId,ClrSysId,ClearingSystemIdentification2Choice,0,1
pacs.002.001.12,/Document/FIToFIPmtStsRpt/TxInfAndSts/OrgnlTxRef/UltmtCdtr/Agt/FinInstnId/ClrSysMmbId/ClrSysId/Cd,Cd,ExternalClearingSystemIdentification1Code,1,1
pacs.002.001.12,/Document/FIToFIPmtStsRpt/TxInfAndSts/OrgnlTxRef/UltmtCdtr/Agt/FinInstnId/ClrSysMmbId/ClrSysId/Prtry,Prtry,Max35Text,1,1
pacs.002.001.12,/Document/FIToFIPmtStsRpt/TxInfAndSts/OrgnlTxRef/UltmtCdtr/Agt/FinInstnId/ClrSysMmbId/MmbId,MmbId,Max35Text,1,1
pacs.002.001.12,/Document/FIToFIPmtStsRpt/TxInfAndSts/OrgnlTxRef/UltmtCdtr/Agt/FinInstnId/LEI,LEI,LEIIdentifier,0,1
pacs.002.001.12,/Document/FIToFIPmtStsRpt/TxInfAndSts/OrgnlTxRef/UltmtCdtr/Agt/FinInstnId/Nm,Nm,Max140Text,0,1
pacs.002.001.12,/Document/FIToFIPmtStsRpt/TxInfAndSts/OrgnlTxRef/UltmtCdtr/Agt/FinInstnId/PstlAdr,PstlAdr,PostalAddress24,0,1
pacs.002.001.12,/Document/FIToFIPmtStsRpt/TxInfAndSts/OrgnlTxRef/UltmtCdtr/Agt/FinInstnId/PstlAdr/AdrTp,AdrTp,AddressType3Choice,0,1
pacs.002.001.12,/Document/FIToFIPmtStsRpt/TxInfAndSts/OrgnlTxRef/UltmtCdtr/Agt/FinInstnId/PstlAdr/AdrTp/Cd,Cd,AddressType2Code,1,1
pacs.002.001.12,/Document/FIToFIPmtStsRpt/TxInfAndSts/OrgnlTxRef/UltmtCdtr/Agt/FinInstnId/PstlAdr/AdrTp/Prtry,Prtry,GenericIdentification30,1,1
pacs.002.001.12,/Document/FIToFIPmtStsRpt/TxInfAndSts/OrgnlTxRef/UltmtCdtr/Agt/FinInstnId/PstlAdr/AdrTp/Prtry/Id,Id,Exact4AlphaNumericText,1,1
pacs.002.001.12,/Document/FIToFIPmtStsRpt/TxInfAndSts/OrgnlTxRef/UltmtCdtr/Agt/FinInstnId/PstlAdr/AdrTp/Prtry/Issr,Issr,Max35Text,1,1
pacs.002.001.12,/Document/FIToFIPmtStsRpt/TxInfAndSts/OrgnlTxRef/UltmtCdtr/Agt/FinInstnId/PstlAdr/AdrTp/Prtry/SchmeNm,SchmeNm,Max35Text,0,1
pacs.002.001.12,/Document/FIToFIPmtStsRpt/TxInfAndSts/OrgnlTxRef/UltmtCdtr/Agt/FinInstnId/PstlAdr/Dept,Dept,Max70Text,0,1
pacs.002.001.12,/Document/FIToFIPmtStsRpt/TxInfAndSts/OrgnlTxRef/UltmtCdtr/Agt/FinInstnId/PstlAdr/SubDept,SubDept,Max70Text,0,1
pacs.002.001.12,/Document/FIToFIPmtStsRpt/TxInfAndSts/OrgnlTxRef/UltmtCdtr/Agt/FinInstnId/PstlAdr/StrtNm,StrtNm,Max70Text,0,1
pacs.002.001.12,/Document/FIToFIPmtStsRpt/TxInfAndSts/OrgnlTxRef/UltmtCdtr/Agt/FinInstnId/PstlAdr/BldgNb,BldgNb,Max16Text,0,1
pacs.002.001.12,/Document/FIToFIPmtStsRpt/TxInfAndSts/OrgnlTxRef/UltmtCdtr/Agt/FinInstnId/PstlAdr/BldgNm,BldgNm,Max35Text,0,1
pacs.002.001.12,/Document/FIToFIPmtStsRpt/TxInfAndSts/OrgnlTxRef/UltmtCdtr/Agt/FinInstnId/PstlAdr/Flr,Flr,Max70Text,0,1
pacs.002.001.12,/Document/FIToFIPmtStsRpt/TxInfAndSts/OrgnlTxRef/UltmtCdtr/Agt/FinInstnId/PstlAdr/PstBx,PstBx,Max16Text,0,1
pacs.002.001.12,/Document/FIToFIPmtStsRpt/TxInfAndSts/OrgnlTxRef/UltmtCdtr/Agt/FinInstnId/PstlAdr/Room,Room,Max70Text,0,1
pacs.002.001.12,/Document/FIToFIPmtStsRpt/TxInfAndSts/OrgnlTxRef/UltmtCdtr/Agt/FinInstnId/PstlAdr/PstCd,PstCd,Max16Text,0,1
pacs.002.001.12,/Document/FIToFIPmtStsRpt/TxInfAndSts/OrgnlTxRef/UltmtCdtr/Agt/FinInstnId/PstlAdr/TwnNm,TwnNm,Max35Text,0,1
pacs.002.001.12,/Document/FIToFIPmtStsRpt/TxInfAndSts/OrgnlTxRef/UltmtCdtr/Agt/FinInstnId/PstlAdr/TwnLctnNm,TwnLctnNm,Max35Text,0,1
pacs.002.001.12,/Document/FIToFIPmtStsRpt/TxInfAndSts/OrgnlTxRef/UltmtCdtr/Agt/FinInstnId/PstlAdr/DstrctNm,DstrctNm,Max35Text,0,1
pacs.002.001.12,/Document/FIToFIPmtStsRpt/TxInfAndSts/OrgnlTxRef/UltmtCdtr/Agt/FinInstnId/PstlAdr/CtrySubDvsn,CtrySubDvsn,Max35Text,0,1
pacs.002.001.12,/Document/FIToFIPmtStsRpt/TxInfAndSts/OrgnlTxRef/UltmtCdtr/Agt/FinInstnId/PstlAdr/Ctry,Ctry,CountryCode,0,1
pacs.002.001.12,/Document/FIToFIPmtStsRpt/TxInfAndSts/OrgnlTxRef/UltmtCdtr/Agt/FinInstnId/PstlAdr/AdrLine,AdrLine,Max70Text,0,7
pacs.002.001.12,/Document/FIToFIPmtStsRpt/TxInfAndSts/OrgnlTxRef/UltmtCdtr/Agt/FinInstnId/Othr,Othr,GenericFinancialIdentification1,0,1
pacs.002.001.12,/Document/FIToFIPmtStsRpt/TxInfAndSts/OrgnlTxRef/UltmtCdtr/Agt/FinInstnId/Othr/Id,Id,Max35Text,1,1
pacs.002.001.12,/Document/FIToFIPmtStsRpt/TxInfAndSts/OrgnlTxRef/UltmtCdtr/Agt/FinInstnId/Othr/SchmeNm,SchmeNm,FinancialIdentificationSchemeName1Choice,0,1
pacs.002.001.12,/Document/FIToFIPmtStsRpt/TxInfAndSts/OrgnlTxRef/UltmtCdtr/Agt/FinInstnId/Othr/SchmeNm/Cd,Cd,ExternalFinancialInstitutionIdentification1Code,1,1
pacs.002.001.12,/Document/FIToFIPmtStsRpt/TxInfAndSts/OrgnlTxRef/UltmtCdtr/Agt/FinInstnId/Othr/SchmeNm/Prtry,Prtry,Max35Text,1,1
pacs.002.001.12,/Document/FIToFIPmtStsRpt/TxInfAndSts/OrgnlTxRef/UltmtCdtr/Agt/FinInstnId/Othr/Issr,Issr,Max35Text,0,1
pacs.002.001.12,/Document/FIToFIPmtStsRpt/TxInfAndSts/OrgnlTxRef/UltmtCdtr/Agt/BrnchId,BrnchId,BranchData3,0,1
pacs.002.001.12,/Document/FIToFIPmtStsRpt/TxInfAndSts/OrgnlTxRef/UltmtCdtr/Agt/BrnchId/Id,Id,Max35Text,0,1
pacs.002.001.12,/Document/FIToFIPmtStsRpt/TxInfAndSts/OrgnlTxRef/UltmtCdtr/Agt/BrnchId/LEI,LEI,LEIIdentifier,0,1
pacs.002.001.12,/Document/FIToFIPmtStsRpt/TxInfAndSts/OrgnlTxRef/UltmtCdtr/Agt/BrnchId/Nm,Nm,Max140Text,0,1
pacs.002.001.12,/Document/FIToFIPmtStsRpt/TxInfAndSts/OrgnlTxRef/UltmtCdtr/Agt/BrnchId/PstlAdr,PstlAdr,PostalAddress24,0,1
pacs.002.001.12,/Document/FIToFIPmtStsRpt/TxInfAndSts/OrgnlTxRef/UltmtCdtr/Agt/BrnchId/PstlAdr/AdrTp,AdrTp,AddressType3Choice,0,1
pacs.002.001.12,/Document/FIToFIPmtStsRpt/TxInfAndSts/OrgnlTxRef/UltmtCdtr/Agt/BrnchId/PstlAdr/AdrTp/Cd,Cd,AddressType2Code,1,1
pacs.002.001.12,/Document/FIToFIPmtStsRpt/TxInfAndSts/OrgnlTxRef/UltmtCdtr/Agt/BrnchId/PstlAdr/AdrTp/Prtry,Prtry,GenericIdentification30,1,1
pacs.002.001.12,/Document/FIToFIPmtStsRpt/TxInfAndSts/OrgnlTxRef/UltmtCdtr/Agt/BrnchId/PstlAdr/AdrTp/Prtry/Id,Id,Exact4AlphaNumericText,1,1
pacs.002.001.12,/Document/FIToFIPmtStsRpt/TxInfAndSts/OrgnlTxRef/UltmtCdtr/Agt/BrnchId/PstlAdr/AdrTp/Prtry/Issr,Issr,Max35Text,1,1
pacs.002.001.12,/Document/FIToFIPmtStsRpt/TxInfAndSts/OrgnlTxRef/UltmtCdtr/Agt/BrnchId/PstlAdr/AdrTp/Prtry/SchmeNm,SchmeNm,Max35Text,0,1
pacs.002.001.12,/Document/FIToFIPmtStsRpt/TxInfAndSts/OrgnlTxRef/UltmtCdtr/Agt/BrnchId/PstlAdr/Dept,Dept,Max70Text,0,1
pacs.002.001.12,/Document/FIToFIPmtStsRpt/TxInfAndSts/OrgnlTxRef/UltmtCdtr/Agt/BrnchId/PstlAdr/SubDept,SubDept,Max70Text,0,1
pacs.002.001.12,/Document/FIToFIPmtStsRpt/TxInfAndSts/OrgnlTxRef/UltmtCdtr/Agt/BrnchId/PstlAdr/StrtNm,StrtNm,Max70Text,0,1
pacs.002.001.12,/Document/FIToFIPmtStsRpt/TxInfAndSts/OrgnlTxRef/UltmtCdtr/Agt/BrnchId/PstlAdr/BldgNb,BldgNb,Max16Text,0,1
pacs.002.001.12,/Document/FIToFIPmtStsRpt/TxInfAndSts/OrgnlTxRef/UltmtCdtr/Agt/BrnchId/PstlAdr/BldgNm,BldgNm,Max35Text,0,1
pacs.002.001.12,/Document/FIToFIPmtStsRpt/TxInfAndSts/OrgnlTxRef/UltmtCdtr/Agt/BrnchId/PstlAdr/Flr,Flr,Max70Text,0,1
pacs.002.001.12,/Document/FIToFIPmtStsRpt/TxInfAndSts/OrgnlTxRef/UltmtCdtr/Agt/BrnchId/PstlAdr/PstBx,PstBx,Max16Text,0,1
pacs.002.001.12,/Document/FIToFIPmtStsRpt/TxInfAndSts/OrgnlTxRef/UltmtCdtr/Agt/BrnchId/PstlAdr/Room,Room,Max70Text,0,1
pacs.002.001.12,/Document/FIToFIPmtStsRpt/TxInfAndSts/OrgnlTxRef/UltmtCdtr/Agt/BrnchId/PstlAdr/PstCd,PstCd,Max16Text,0,1
pacs.002.001.12,/Document/FIToFIPmtStsRpt/TxInfAndSts/OrgnlTxRef/UltmtCdtr/Agt/BrnchId/PstlAdr/TwnNm,TwnNm,Max35Text,0,1
pacs.002.001.12,/Document/FIToFIPmtStsRpt/TxInfAndSts/OrgnlTxRef/UltmtCdtr/Agt/BrnchId/PstlAdr/TwnLctnNm,TwnLctnNm,Max35Text,0,1
pacs.002.001.12,/Document/FIToFIPmtStsRpt/TxInfAndSts/OrgnlTxRef/UltmtCdtr/Agt/BrnchId/PstlAdr/DstrctNm,DstrctNm,Max35Text,0,1
pacs.002.001.12,/Document/FIToFIPmtStsRpt/TxInfAndSts/OrgnlTxRef/UltmtCdtr/Agt/BrnchId/PstlAdr/CtrySubDvsn,CtrySubDvsn,Max35Text,0,1
pacs.002.001.12,/Document/FIToFIPmtStsRpt/TxInfAndSts/OrgnlTxRef/UltmtCdtr/Agt/BrnchId/PstlAdr/Ctry,Ctry,CountryCode,0,1
pacs.002.001.12,/Document/FIToFIPmtStsRpt/TxInfAndSts/OrgnlTxRef/UltmtCdtr/Agt/BrnchId/PstlAdr/AdrLine,AdrLine,Max70Text,0,7
pacs.002.001.12,/Document/FIToFIPmtStsRpt/TxInfAndSts/OrgnlTxRef/Purp,Purp,Purpose2Choice,0,1
pacs.002.001.12,/Document/FIToFIPmtStsRpt/TxInfAndSts/OrgnlTxRef/Purp/Cd,Cd,ExternalPurpose1Code,1,1
pacs.002.001.12,/Document/FIToFIPmtStsRpt/TxInfAndSts/OrgnlTxRef/Purp/Prtry,Prtry,Max35Text,1,1
pacs.002.001.12,/Document/FIToFIPmtStsRpt/TxInfAndSts/SplmtryData,SplmtryData,SupplementaryData1,0,
pacs.002.001.12,/Document/FIToFIPmtStsRpt/TxInfAndSts/SplmtryData/PlcAndNm,PlcAndNm,Max350Text,0,1
pacs.002.001.12,/Document/FIToFIPmtStsRpt/TxInfAndSts/SplmtryData/Envlp,Envlp,SupplementaryDataEnvelope1,1,1
pacs.002.001.12,/Document/FIToFIPmtStsRpt/SplmtryData,SplmtryData,SupplementaryData1,0,
pacs.002.001.12,/Document/FIToFIPmtStsRpt/SplmtryData/PlcAndNm,PlcAndNm,Max350Text,0,1
pacs.002.001.12,/Document/FIToFIPmtStsRpt/SplmtryData/Envlp,Envlp,SupplementaryDataEnvelope1,1,1
