Message,XPath,XML Tag,Type,MinOccurs,MaxOccurs
pacs.010.001.06,/Document,Document,Document,1,1
pacs.010.001.06,/Document/FIDrctDbt,FIDrctDbt,FinancialInstitutionDirectDebitV06,1,1
pacs.010.001.06,/Document/FIDrctDbt/GrpHdr,GrpHdr,GroupHeader119,1,1
pacs.010.001.06,/Document/FIDrctDbt/GrpHdr/MsgId,MsgId,Max35Text,1,1
pacs.010.001.06,/Document/FIDrctDbt/GrpHdr/CreDtTm,CreDtTm,ISODateTime,1,1
pacs.010.001.06,/Document/FIDrctDbt/GrpHdr/NbOfTxs,NbOfTxs,Max15NumericText,1,1
pacs.010.001.06,/Document/FIDrctDbt/GrpHdr/CtrlSum,CtrlSum,DecimalNumber,0,1
pacs.010.001.06,/Document/FIDrctDbt/GrpHdr/InstgAgt,InstgAgt,BranchAndFinancialInstitutionIdentification8,0,1
pacs.010.001.06,/Document/FIDrctDbt/GrpHdr/InstgAgt/FinInstnId,FinInstnId,FinancialInstitutionIdentification23,1,1
pacs.010.001.06,/Document/FIDrctDbt/GrpHdr/InstgAgt/FinInstnId/BICFI,BICFI,BICFIDec2014Identifier,0,1
pacs.010.001.06,/Document/FIDrctDbt/GrpHdr/InstgAgt/FinInstnId/ClrSysMmbId,ClrSysMmbId,ClearingSystemMemberIdentification2,0,1
pacs.010.001.06,/Document/FIDrctDbt/GrpHdr/InstgAgt/FinInstnId/ClrSysMmbId/ClrSysId,ClrSysId,ClearingSystemIdentification2Choice,0,1
pacs.010.001.06,/Document/FIDrctDbt/GrpHdr/InstgAgt/FinInstnId/ClrSysMmbId/ClrSysId/Cd,Cd,ExternalClearingSystemIdentification1Code,1,1
pacs.010.001.06,/Document/FIDrctDbt/GrpHdr/InstgAgt/FinInstnId/ClrSysMmbId/ClrSysId/Prtry,Prtry,Max35Text,1,1
pacs.010.001.06,/Document/FIDrctDbt/GrpHdr/InstgAgt/FinInstnId/ClrSysMmbId/MmbId,MmbId,Max35Text,1,1
pacs.010.001.06,/Document/FIDrctDbt/GrpHdr/InstgAgt/FinInstnId/LEI,LEI,LEIIdentifier,0,1
pacs.010.001.06,/Document/FIDrctDbt/GrpHdr/InstgAgt/FinInstnId/Nm,Nm,Max140Text,0,1
pacs.010.001.06,/Document/FIDrctDbt/GrpHdr/InstgAgt/FinInstnId/PstlAdr,PstlAdr,PostalAddress27,0,1
pacs.010.001.06,/Document/FIDrctDbt/GrpHdr/InstgAgt/FinInstnId/PstlAdr/AdrTp,AdrTp,AddressType3Choice,0,1
pacs.010.001.06,/Document/FIDrctDbt/GrpHdr/InstgAgt/FinInstnId/PstlAdr/AdrTp/Cd,Cd,AddressType2Code,1,1
pacs.010.001.06,/Document/FIDrctDbt/GrpHdr/InstgAgt/FinInstnId/PstlAdr/AdrTp/Prtry,Prtry,GenericIdentification30,1,1
pacs.010.001.06,/Document/FIDrctDbt/GrpHdr/InstgAgt/FinInstnId/PstlAdr/AdrTp/Prtry/Id,Id,Exact4AlphaNumericText,1,1
pacs.010.001.06,/Document/FIDrctDbt/GrpHdr/InstgAgt/FinInstnId/PstlAdr/AdrTp/Prtry/Issr,Issr,Max35Text,1,1
pacs.010.001.06,/Document/FIDrctDbt/GrpHdr/InstgAgt/FinInstnId/PstlAdr/AdrTp/Prtry/SchmeNm,SchmeNm,Max35Text,0,1
pacs.010.001.06,/Document/FIDrctDbt/GrpHdr/InstgAgt/FinInstnId/PstlAdr/CareOf,CareOf,Max140Text,0,1
pacs.010.001.06,/Document/FIDrctDbt/GrpHdr/InstgAgt/FinInstnId/PstlAdr/Dept,Dept,Max70Text,0,1
pacs.010.001.06,/Document/FIDrctDbt/GrpHdr/InstgAgt/FinInstnId/PstlAdr/SubDept,SubDept,Max70Text,0,1
pacs.010.001.06,/Document/FIDrctDbt/GrpHdr/InstgAgt/FinInstnId/PstlAdr/StrtNm,StrtNm,Max140Text,0,1
pacs.010.001.06,/Document/FIDrctDbt/GrpHdr/InstgAgt/FinInstnId/PstlAdr/BldgNb,BldgNb,Max16Text,0,1
pacs.010.001.06,/Document/FIDrctDbt/GrpHdr/InstgAgt/FinInstnId/PstlAdr/BldgNm,BldgNm,Max140Text,0,1
pacs.010.001.06,/Document/FIDrctDbt/GrpHdr/InstgAgt/FinInstnId/PstlAdr/Flr,Flr,Max70Text,0,1
pacs.010.001.06,/Document/FIDrctDbt/GrpHdr/InstgAgt/FinInstnId/PstlAdr/UnitNb,UnitNb,Max16Text,0,1
pacs.010.001.06,/Document/FIDrctDbt/GrpHdr/InstgAgt/FinInstnId/PstlAdr/PstBx,PstBx,Max16Text,0,1
pacs.010.001.06,/Document/FIDrctDbt/GrpHdr/InstgAgt/FinInstnId/PstlAdr/Room,Room,Max70Text,0,1
pacs.010.001.06,/Document/FIDrctDbt/GrpHdr/InstgAgt/FinInstnId/PstlAdr/PstCd,PstCd,Max16Text,0,1
pacs.010.001.06,/Document/FIDrctDbt/GrpHdr/InstgAgt/FinInstnId/PstlAdr/TwnNm,TwnNm,Max140Text,0,1
pacs.010.001.06,/Document/FIDrctDbt/GrpHdr/InstgAgt/FinInstnId/PstlAdr/TwnLctnNm,TwnLctnNm,Max140Text,0,1
pacs.010.001.06,/Document/FIDrctDbt/GrpHdr/InstgAgt/FinInstnId/PstlAdr/DstrctNm,DstrctNm,Max140Text,0,1
pacs.010.001.06,/Document/FIDrctDbt/GrpHdr/InstgAgt/FinInstnId/PstlAdr/CtrySubDvsn,CtrySubDvsn,Max35Text,0,1
pacs.010.001.06,/Document/FIDrctDbt/GrpHdr/InstgAgt/FinInstnId/PstlAdr/Ctry,Ctry,CountryCode,0,1
pacs.010.001.06,/Document/FIDrctDbt/GrpHdr/InstgAgt/FinInstnId/PstlAdr/AdrLine,AdrLine,Max70Text,0,7
pacs.010.001.06,/Document/FIDrctDbt/GrpHdr/InstgAgt/FinInstnId/Othr,Othr,GenericFinancialIdentification1,0,1
pacs.010.001.06,/Document/FIDrctDbt/GrpHdr/InstgAgt/FinInstnId/Othr/Id,Id,Max35Text,1,1
pacs.010.001.06,/Document/FIDrctDbt/GrpHdr/InstgAgt/FinInstnId/Othr/SchmeNm,SchmeNm,FinancialIdentificationSchemeName1Choice,0,1
pacs.010.001.06,/Document/FIDrctDbt/GrpHdr/InstgAgt/FinInstnId/Othr/SchmeNm/Cd,Cd,ExternalFinancialInstitutionIdentification1Code,1,1
pacs.010.001.06,/Document/FIDrctDbt/GrpHdr/InstgAgt/FinInstnId/Othr/SchmeNm/Prtry,Prtry,Max35Text,1,1
pacs.010.001.06,/Document/FIDrctDbt/GrpHdr/InstgAgt/FinInstnId/Othr/Issr,Issr,Max35Text,0,1
pacs.010.001.06,/Document/FIDrctDbt/GrpHdr/InstgAgt/BrnchId,BrnchId,BranchData5,0,1
pacs.010.001.06,/Document/FIDrctDbt/GrpHdr/InstgAgt/BrnchId/Id,Id,Max35Text,0,1
pacs.010.001.06,/Document/FIDrctDbt/GrpHdr/InstgAgt/BrnchId/LEI,LEI,LEIIdentifier,0,1
pacs.010.001.06,/Document/FIDrctDbt/GrpHdr/InstgAgt/BrnchId/Nm,Nm,Max140Text,0,1
pacs.010.001.06,/Document/FIDrctDbt/GrpHdr/InstgAgt/BrnchId/PstlAdr,PstlAdr,PostalAddress27,0,1
pacs.010.001.06,/Document/FIDrctDbt/GrpHdr/InstgAgt/BrnchId/PstlAdr/AdrTp,AdrTp,AddressType3Choice,0,1
pacs.010.001.06,/Document/FIDrctDbt/GrpHdr/InstgAgt/BrnchId/PstlAdr/AdrTp/Cd,Cd,AddressType2Code,1,1
pacs.010.001.06,/Document/FIDrctDbt/GrpHdr/InstgAgt/BrnchId/PstlAdr/AdrTp/Prtry,Prtry,GenericIdentification30,1,1
pacs.010.001.06,/Document/FIDrctDbt/GrpHdr/InstgAgt/BrnchId/PstlAdr/AdrTp/Prtry/Id,Id,Exact4AlphaNumericText,1,1
pacs.010.001.06,/Document/FIDrctDbt/GrpHdr/InstgAgt/BrnchId/PstlAdr/AdrTp/Prtry/Issr,Issr,Max35Text,1,1
pacs.010.001.06,/Document/FIDrctDbt/GrpHdr/InstgAgt/BrnchId/PstlAdr/AdrTp/Prtry/SchmeNm,SchmeNm,Max35Text,0,1
pacs.010.001.06,/Document/FIDrctDbt/GrpHdr/InstgAgt/BrnchId/PstlAdr/CareOf,CareOf,Max140Text,0,1
pacs.010.001.06,/Document/FIDrctDbt/GrpHdr/InstgAgt/BrnchId/PstlAdr/Dept,Dept,Max70Text,0,1
pacs.010.001.06,/Document/FIDrctDbt/GrpHdr/InstgAgt/BrnchId/PstlAdr/SubDept,SubDept,Max70Text,0,1
pacs.010.001.06,/Document/FIDrctDbt/GrpHdr/InstgAgt/BrnchId/PstlAdr/StrtNm,StrtNm,Max140Text,0,1
pacs.010.001.06,/Document/FIDrctDbt/GrpHdr/InstgAgt/BrnchId/PstlAdr/BldgNb,BldgNb,Max16Text,0,1
pacs.010.001.06,/Document/FIDrctDbt/GrpHdr/InstgAgt/BrnchId/PstlAdr/BldgNm,BldgNm,Max140Text,0,1
pacs.010.001.06,/Document/FIDrctDbt/GrpHdr/InstgAgt/BrnchId/PstlAdr/Flr,Flr,Max70Text,0,1
pacs.010.001.06,/Document/FIDrctDbt/GrpHdr/InstgAgt/BrnchId/PstlAdr/UnitNb,UnitNb,Max16Text,0,1
pacs.010.001.06,/Document/FIDrctDbt/GrpHdr/InstgAgt/BrnchId/PstlAdr/PstBx,PstBx,Max16Text,0,1
pacs.010.001.06,/Document/FIDrctDbt/GrpHdr/InstgAgt/BrnchId/PstlAdr/Room,Room,Max70Text,0,1
pacs.010.001.06,/Document/FIDrctDbt/GrpHdr/InstgAgt/BrnchId/PstlAdr/PstCd,PstCd,Max16Text,0,1
pacs.010.001.06,/Document/FIDrctDbt/GrpHdr/InstgAgt/BrnchId/PstlAdr/TwnNm,TwnNm,Max140Text,0,1
pacs.010.001.06,/Document/FIDrctDbt/GrpHdr/InstgAgt/BrnchId/PstlAdr/TwnLctnNm,TwnLctnNm,Max140Text,0,1
pacs.010.001.06,/Document/FIDrctDbt/GrpHdr/InstgAgt/BrnchId/PstlAdr/DstrctNm,DstrctNm,Max140Text,0,1
pacs.010.001.06,/Document/FIDrctDbt/GrpHdr/InstgAgt/BrnchId/PstlAdr/CtrySubDvsn,CtrySubDvsn,Max35Text,0,1
pacs.010.001.06,/Document/FIDrctDbt/GrpHdr/InstgAgt/BrnchId/PstlAdr/Ctry,Ctry,CountryCode,0,1
pacs.010.001.06,/Document/FIDrctDbt/GrpHdr/InstgAgt/BrnchId/PstlAdr/AdrLine,AdrLine,Max70Text,0,7
pacs.010.001.06,/Document/FIDrctDbt/GrpHdr/InstdAgt,InstdAgt,BranchAndFinancialInstitutionIdentification8,0,1
pacs.010.001.06,/Document/FIDrctDbt/GrpHdr/InstdAgt/FinInstnId,FinInstnId,FinancialInstitutionIdentification23,1,1
pacs.010.001.06,/Document/FIDrctDbt/GrpHdr/InstdAgt/FinInstnId/BICFI,BICFI,BICFIDec2014Identifier,0,1
pacs.010.001.06,/Document/FIDrctDbt/GrpHdr/InstdAgt/FinInstnId/ClrSysMmbId,ClrSysMmbId,ClearingSystemMemberIdentification2,0,1
pacs.010.001.06,/Document/FIDrctDbt/GrpHdr/InstdAgt/FinInstnId/ClrSysMmbId/ClrSysId,ClrSysId,ClearingSystemIdentification2Choice,0,1
pacs.010.001.06,/Document/FIDrctDbt/GrpHdr/InstdAgt/FinInstnId/ClrSysMmbId/ClrSysId/Cd,Cd,ExternalClearingSystemIdentification1Code,1,1
pacs.010.001.06,/Document/FIDrctDbt/GrpHdr/InstdAgt/FinInstnId/ClrSysMmbId/ClrSysId/Prtry,Prtry,Max35Text,1,1
pacs.010.001.06,/Document/FIDrctDbt/GrpHdr/InstdAgt/FinInstnId/ClrSysMmbId/MmbId,MmbId,Max35Text,1,1
pacs.010.001.06,/Document/FIDrctDbt/GrpHdr/InstdAgt/FinInstnId/LEI,LEI,LEIIdentifier,0,1
pacs.010.001.06,/Document/FIDrctDbt/GrpHdr/InstdAgt/FinInstnId/Nm,Nm,Max140Text,0,1
pacs.010.001.06,/Document/FIDrctDbt/GrpHdr/InstdAgt/FinInstnId/PstlAdr,PstlAdr,PostalAddress27,0,1
pacs.010.001.06,/Document/FIDrctDbt/GrpHdr/InstdAgt/FinInstnId/PstlAdr/AdrTp,AdrTp,AddressType3Choice,0,1
pacs.010.001.06,/Document/FIDrctDbt/GrpHdr/InstdAgt/FinInstnId/PstlAdr/AdrTp/Cd,Cd,AddressType2Code,1,1
pacs.010.001.06,/Document/FIDrctDbt/GrpHdr/InstdAgt/FinInstnId/PstlAdr/AdrTp/Prtry,Prtry,GenericIdentification30,1,1
pacs.010.001.06,/Document/FIDrctDbt/GrpHdr/InstdAgt/FinInstnId/PstlAdr/AdrTp/Prtry/Id,Id,Exact4AlphaNumericText,1,1
pacs.010.001.06,/Document/FIDrctDbt/GrpHdr/InstdAgt/FinInstnId/PstlAdr/AdrTp/Prtry/Issr,Issr,Max35Text,1,1
pacs.010.001.06,/Document/FIDrctDbt/GrpHdr/InstdAgt/FinInstnId/PstlAdr/AdrTp/Prtry/SchmeNm,SchmeNm,Max35Text,0,1
pacs.010.001.06,/Document/FIDrctDbt/GrpHdr/InstdAgt/FinInstnId/PstlAdr/CareOf,CareOf,Max140Text,0,1
pacs.010.001.06,/Document/FIDrctDbt/GrpHdr/InstdAgt/FinInstnId/PstlAdr/Dept,Dept,Max70Text,0,1
pacs.010.001.06,/Document/FIDrctDbt/GrpHdr/InstdAgt/FinInstnId/PstlAdr/SubDept,SubDept,Max70Text,0,1
pacs.010.001.06,/Document/FIDrctDbt/GrpHdr/InstdAgt/FinInstnId/PstlAdr/StrtNm,StrtNm,Max140Text,0,1
pacs.010.001.06,/Document/FIDrctDbt/GrpHdr/InstdAgt/FinInstnId/PstlAdr/BldgNb,BldgNb,Max16Text,0,1
pacs.010.001.06,/Document/FIDrctDbt/GrpHdr/InstdAgt/FinInstnId/PstlAdr/BldgNm,BldgNm,Max140Text,0,1
pacs.010.001.06,/Document/FIDrctDbt/GrpHdr/InstdAgt/FinInstnId/PstlAdr/Flr,Flr,Max70Text,0,1
pacs.010.001.06,/Document/FIDrctDbt/GrpHdr/InstdAgt/FinInstnId/PstlAdr/UnitNb,UnitNb,Max16Text,0,1
pacs.010.001.06,/Document/FIDrctDbt/GrpHdr/InstdAgt/FinInstnId/PstlAdr/PstBx,PstBx,Max16Text,0,1
pacs.010.001.06,/Document/FIDrctDbt/GrpHdr/InstdAgt/FinInstnId/PstlAdr/Room,Room,Max70Text,0,1
pacs.010.001.06,/Document/FIDrctDbt/GrpHdr/InstdAgt/FinInstnId/PstlAdr/PstCd,PstCd,Max16Text,0,1
pacs.010.001.06,/Document/FIDrctDbt/GrpHdr/InstdAgt/FinInstnId/PstlAdr/TwnNm,TwnNm,Max140Text,0,1
pacs.010.001.06,/Document/FIDrctDbt/GrpHdr/InstdAgt/FinInstnId/PstlAdr/TwnLctnNm,TwnLctnNm,Max140Text,0,1
pacs.010.001.06,/Document/FIDrctDbt/GrpHdr/InstdAgt/FinInstnId/PstlAdr/DstrctNm,DstrctNm,Max140Text,0,1
pacs.010.001.06,/Document/FIDrctDbt/GrpHdr/InstdAgt/FinInstnId/PstlAdr/CtrySubDvsn,CtrySubDvsn,Max35Text,0,1
pacs.010.001.06,/Document/FIDrctDbt/GrpHdr/InstdAgt/FinInstnId/PstlAdr/Ctry,Ctry,CountryCode,0,1
pacs.010.001.06,/Document/FIDrctDbt/GrpHdr/InstdAgt/FinInstnId/PstlAdr/AdrLine,AdrLine,Max70Text,0,7
pacs.010.001.06,/Document/FIDrctDbt/GrpHdr/InstdAgt/FinInstnId/Othr,Othr,GenericFinancialIdentification1,0,1
pacs.010.001.06,/Document/FIDrctDbt/GrpHdr/InstdAgt/FinInstnId/Othr/Id,Id,Max35Text,1,1
pacs.010.001.06,/Document/FIDrctDbt/GrpHdr/InstdAgt/FinInstnId/Othr/SchmeNm,SchmeNm,FinancialIdentificationSchemeName1Choice,0,1
pacs.010.001.06,/Document/FIDrctDbt/GrpHdr/InstdAgt/FinInstnId/Othr/SchmeNm/Cd,Cd,ExternalFinancialInstitutionIdentification1Code,1,1
pacs.010.001.06,/Document/FIDrctDbt/GrpHdr/InstdAgt/FinInstnId/Othr/SchmeNm/Prtry,Prtry,Max35Text,1,1
pacs.010.001.06,/Document/FIDrctDbt/GrpHdr/InstdAgt/FinInstnId/Othr/Issr,Issr,Max35Text,0,1
pacs.010.001.06,/Document/FIDrctDbt/GrpHdr/InstdAgt/BrnchId,BrnchId,BranchData5,0,1
pacs.010.001.06,/Document/FIDrctDbt/GrpHdr/InstdAgt/BrnchId/Id,Id,Max35Text,0,1
pacs.010.001.06,/Document/FIDrctDbt/GrpHdr/InstdAgt/BrnchId/LEI,LEI,LEIIdentifier,0,1
pacs.010.001.06,/Document/FIDrctDbt/GrpHdr/InstdAgt/BrnchId/Nm,Nm,Max140Text,0,1
pacs.010.001.06,/Document/FIDrctDbt/GrpHdr/InstdAgt/BrnchId/PstlAdr,PstlAdr,PostalAddress27,0,1
pacs.010.001.06,/Document/FIDrctDbt/GrpHdr/InstdAgt/BrnchId/PstlAdr/AdrTp,AdrTp,AddressType3Choice,0,1
pacs.010.001.06,/Document/FIDrctDbt/GrpHdr/InstdAgt/BrnchId/PstlAdr/AdrTp/Cd,Cd,AddressType2Code,1,1
pacs.010.001.06,/Document/FIDrctDbt/GrpHdr/InstdAgt/BrnchId/PstlAdr/AdrTp/Prtry,Prtry,GenericIdentification30,1,1
pacs.010.001.06,/Document/FIDrctDbt/GrpHdr/InstdAgt/BrnchId/PstlAdr/AdrTp/Prtry/Id,Id,Exact4AlphaNumericText,1,1
pacs.010.001.06,/Document/FIDrctDbt/GrpHdr/InstdAgt/BrnchId/PstlAdr/AdrTp/Prtry/Issr,Issr,Max35Text,1,1
pacs.010.001.06,/Document/FIDrctDbt/GrpHdr/InstdAgt/BrnchId/PstlAdr/AdrTp/Prtry/SchmeNm,SchmeNm,Max35Text,0,1
pacs.010.001.06,/Document/FIDrctDbt/GrpHdr/InstdAgt/BrnchId/PstlAdr/CareOf,CareOf,Max140Text,0,1
pacs.010.001.06,/Document/FIDrctDbt/GrpHdr/InstdAgt/BrnchId/PstlAdr/Dept,Dept,Max70Text,0,1
pacs.010.001.06,/Document/FIDrctDbt/GrpHdr/InstdAgt/BrnchId/PstlAdr/SubDept,SubDept,Max70Text,0,1
pacs.010.001.06,/Document/FIDrctDbt/GrpHdr/InstdAgt/BrnchId/PstlAdr/StrtNm,StrtNm,Max140Text,0,1
pacs.010.001.06,/Document/FIDrctDbt/GrpHdr/InstdAgt/BrnchId/PstlAdr/BldgNb,BldgNb,Max16Text,0,1
pacs.010.001.06,/Document/FIDrctDbt/GrpHdr/InstdAgt/BrnchId/PstlAdr/BldgNm,BldgNm,Max140Text,0,1
pacs.010.001.06,/Document/FIDrctDbt/GrpHdr/InstdAgt/BrnchId/PstlAdr/Flr,Flr,Max70Text,0,1
pacs.010.001.06,/Document/FIDrctDbt/GrpHdr/InstdAgt/BrnchId/PstlAdr/UnitNb,UnitNb,Max16Text,0,1
pacs.010.001.06,/Document/FIDrctDbt/GrpHdr/InstdAgt/BrnchId/PstlAdr/PstBx,PstBx,Max16Text,0,1
pacs.010.001.06,/Document/FIDrctDbt/GrpHdr/InstdAgt/BrnchId/PstlAdr/Room,Room,Max70Text,0,1
pacs.010.001.06,/Document/FIDrctDbt/GrpHdr/InstdAgt/BrnchId/PstlAdr/PstCd,PstCd,Max16Text,0,1
pacs.010.001.06,/Document/FIDrctDbt/GrpHdr/InstdAgt/BrnchId/PstlAdr/TwnNm,TwnNm,Max140Text,0,1
pacs.010.001.06,/Document/FIDrctDbt/GrpHdr/InstdAgt/BrnchId/PstlAdr/TwnLctnNm,TwnLctnNm,Max140Text,0,1
pacs.010.001.06,/Document/FIDrctDbt/GrpHdr/InstdAgt/BrnchId/PstlAdr/DstrctNm,DstrctNm,Max140Text,0,1
pacs.010.001.06,/Document/FIDrctDbt/GrpHdr/InstdAgt/BrnchId/PstlAdr/CtrySubDvsn,CtrySubDvsn,Max35Text,0,1
pacs.010.001.06,/Document/FIDrctDbt/GrpHdr/InstdAgt/BrnchId/PstlAdr/Ctry,Ctry,CountryCode,0,1
pacs.010.001.06,/Document/FIDrctDbt/GrpHdr/InstdAgt/BrnchId/PstlAdr/AdrLine,AdrLine,Max70Text,0,7
pacs.010.001.06,/Document/FIDrctDbt/CdtInstr,CdtInstr,CreditTransferTransaction66,1,
pacs.010.001.06,/Document/FIDrctDbt/CdtInstr/CdtId,CdtId,Max35Text,1,1
pacs.010.001.06,/Document/FIDrctDbt/CdtInstr/BtchBookg,BtchBookg,BatchBookingIndicator,0,1
pacs.010.001.06,/Document/FIDrctDbt/CdtInstr/PmtTpInf,PmtTpInf,PaymentTypeInformation28,0,1
pacs.010.001.06,/Document/FIDrctDbt/CdtInstr/PmtTpInf/InstrPrty,InstrPrty,Priority2Code,0,1
pacs.010.001.06,/Document/FIDrctDbt/CdtInstr/PmtTpInf/ClrChanl,ClrChanl,ClearingChannel2Code,0,1
pacs.010.001.06,/Document/FIDrctDbt/CdtInstr/PmtTpInf/SvcLvl,SvcLvl,ServiceLevel8Choice,0,
pacs.010.001.06,/Document/FIDrctDbt/CdtInstr/PmtTpInf/SvcLvl/Cd,Cd,ExternalServiceLevel1Code,1,1
pacs.010.001.06,/Document/FIDrctDbt/CdtInstr/PmtTpInf/SvcLvl/Prtry,Prtry,Max35Text,1,1
pacs.010.001.06,/Document/FIDrctDbt/CdtInstr/PmtTpInf/LclInstrm,LclInstrm,LocalInstrument2Choice,0,1
pacs.010.001.06,/Document/FIDrctDbt/CdtInstr/PmtTpInf/LclInstrm/Cd,Cd,ExternalLocalInstrument1Code,1,1
pacs.010.001.06,/Document/FIDrctDbt/CdtInstr/PmtTpInf/LclInstrm/Prtry,Prtry,Max35Text,1,1
pacs.010.001.06,/Document/FIDrctDbt/CdtInstr/PmtTpInf/CtgyPurp,CtgyPurp,CategoryPurpose1Choice,0,1
pacs.010.001.06,/Document/FIDrctDbt/CdtInstr/PmtTpInf/CtgyPurp/Cd,Cd,ExternalCategoryPurpose1Code,1,1
pacs.010.001.06,/Document/FIDrctDbt/CdtInstr/PmtTpInf/CtgyPurp/Prtry,Prtry,Max35Text,1,1
pacs.010.001.06,/Document/FIDrctDbt/CdtInstr/TtlIntrBkSttlmAmt,TtlIntrBkSttlmAmt,ActiveCurrencyAndAmount,0,1
pacs.010.001.06,/Document/FIDrctDbt/CdtInstr/IntrBkSttlmDt,IntrBkSttlmDt,ISODate,0,1
pacs.010.001.06,/Document/FIDrctDbt/CdtInstr/SttlmTmIndctn,SttlmTmIndctn,SettlementDateTimeIndication1,0,1
pacs.010.001.06,/Document/FIDrctDbt/CdtInstr/SttlmTmIndctn/DbtDtTm,DbtDtTm,ISODateTime,0,1
pacs.010.001.06,/Document/FIDrctDbt/CdtInstr/SttlmTmIndctn/CdtDtTm,CdtDtTm,ISODateTime,0,1
pacs.010.001.06,/Document/FIDrctDbt/CdtInstr/InstgAgt,InstgAgt,BranchAndFinancialInstitutionIdentification8,0,1
pacs.010.001.06,/Document/FIDrctDbt/CdtInstr/InstgAgt/FinInstnId,FinInstnId,FinancialInstitutionIdentification23,1,1
pacs.010.001.06,/Document/FIDrctDbt/CdtInstr/InstgAgt/FinInstnId/BICFI,BICFI,BICFIDec2014Identifier,0,1
pacs.010.001.06,/Document/FIDrctDbt/CdtInstr/InstgAgt/FinInstnId/ClrSysMmbId,ClrSysMmbId,ClearingSystemMemberIdentification2,0,1
pacs.010.001.06,/Document/FIDrctDbt/CdtInstr/InstgAgt/FinInstnId/ClrSysMmbId/ClrSysId,ClrSysId,ClearingSystemIdentification2Choice,0,1
pacs.010.001.06,/Document/FIDrctDbt/CdtInstr/InstgAgt/FinInstnId/ClrSysMmbId/ClrSysId/Cd,Cd,ExternalClearingSystemIdentification1Code,1,1
pacs.010.001.06,/Document/FIDrctDbt/CdtInstr/InstgAgt/FinInstnId/ClrSysMmbId/ClrSysId/Prtry,Prtry,Max35Text,1,1
pacs.010.001.06,/Document/FIDrctDbt/CdtInstr/InstgAgt/FinInstnId/ClrSysMmbId/MmbId,MmbId,Max35Text,1,1
pacs.010.001.06,/Document/FIDrctDbt/CdtInstr/InstgAgt/FinInstnId/LEI,LEI,LEIIdentifier,0,1
pacs.010.001.06,/Document/FIDrctDbt/CdtInstr/InstgAgt/FinInstnId/Nm,Nm,Max140Text,0,1
pacs.010.001.06,/Document/FIDrctDbt/CdtInstr/InstgAgt/FinInstnId/PstlAdr,PstlAdr,PostalAddress27,0,1
pacs.010.001.06,/Document/FIDrctDbt/CdtInstr/InstgAgt/FinInstnId/PstlAdr/AdrTp,AdrTp,AddressType3Choice,0,1
pacs.010.001.06,/Document/FIDrctDbt/CdtInstr/InstgAgt/FinInstnId/PstlAdr/AdrTp/Cd,Cd,AddressType2Code,1,1
pacs.010.001.06,/Document/FIDrctDbt/CdtInstr/InstgAgt/FinInstnId/PstlAdr/AdrTp/Prtry,Prtry,GenericIdentification30,1,1
pacs.010.001.06,/Document/FIDrctDbt/CdtInstr/InstgAgt/FinInstnId/PstlAdr/AdrTp/Prtry/Id,Id,Exact4AlphaNumericText,1,1
pacs.010.001.06,/Document/FIDrctDbt/CdtInstr/InstgAgt/FinInstnId/PstlAdr/AdrTp/Prtry/Issr,Issr,Max35Text,1,1
pacs.010.001.06,/Document/FIDrctDbt/CdtInstr/InstgAgt/FinInstnId/PstlAdr/AdrTp/Prtry/SchmeNm,SchmeNm,Max35Text,0,1
pacs.010.001.06,/Document/FIDrctDbt/CdtInstr/InstgAgt/FinInstnId/PstlAdr/CareOf,CareOf,Max140Text,0,1
pacs.010.001.06,/Document/FIDrctDbt/CdtInstr/InstgAgt/FinInstnId/PstlAdr/Dept,Dept,Max70Text,0,1
pacs.010.001.06,/Document/FIDrctDbt/CdtInstr/InstgAgt/FinInstnId/PstlAdr/SubDept,SubDept,Max70Text,0,1
pacs.010.001.06,/Document/FIDrctDbt/CdtInstr/InstgAgt/FinInstnId/PstlAdr/StrtNm,StrtNm,Max140Text,0,1
pacs.010.001.06,/Document/FIDrctDbt/CdtInstr/InstgAgt/FinInstnId/PstlAdr/BldgNb,BldgNb,Max16Text,0,1
pacs.010.001.06,/Document/FIDrctDbt/CdtInstr/InstgAgt/FinInstnId/PstlAdr/BldgNm,BldgNm,Max140Text,0,1
pacs.010.001.06,/Document/FIDrctDbt/CdtInstr/InstgAgt/FinInstnId/PstlAdr/Flr,Flr,Max70Text,0,1
pacs.010.001.06,/Document/FIDrctDbt/CdtInstr/InstgAgt/FinInstnId/PstlAdr/UnitNb,UnitNb,Max16Text,0,1
pacs.010.001.06,/Document/FIDrctDbt/CdtInstr/InstgAgt/FinInstnId/PstlAdr/PstBx,PstBx,Max16Text,0,1
pacs.010.001.06,/Document/FIDrctDbt/CdtInstr/InstgAgt/FinInstnId/PstlAdr/Room,Room,Max70Text,0,1
pacs.010.001.06,/Document/FIDrctDbt/CdtInstr/InstgAgt/FinInstnId/PstlAdr/PstCd,PstCd,Max16Text,0,1
pacs.010.001.06,/Document/FIDrctDbt/CdtInstr/InstgAgt/FinInstnId/PstlAdr/TwnNm,TwnNm,Max140Text,0,1
pacs.010.001.06,/Document/FIDrctDbt/CdtInstr/InstgAgt/FinInstnId/PstlAdr/TwnLctnNm,TwnLctnNm,Max140Text,0,1
pacs.010.001.06,/Document/FIDrctDbt/CdtInstr/InstgAgt/FinInstnId/PstlAdr/DstrctNm,DstrctNm,Max140Text,0,1
pacs.010.001.06,/Document/FIDrctDbt/CdtInstr/InstgAgt/FinInstnId/PstlAdr/CtrySubDvsn,CtrySubDvsn,Max35Text,0,1
pacs.010.001.06,/Document/FIDrctDbt/CdtInstr/InstgAgt/FinInstnId/PstlAdr/Ctry,Ctry,CountryCode,0,1
pacs.010.001.06,/Document/FIDrctDbt/CdtInstr/InstgAgt/FinInstnId/PstlAdr/AdrLine,AdrLine,Max70Text,0,7
pacs.010.001.06,/Document/FIDrctDbt/CdtInstr/InstgAgt/FinInstnId/Othr,Othr,GenericFinancialIdentification1,0,1
pacs.010.001.06,/Document/FIDrctDbt/CdtInstr/InstgAgt/FinInstnId/Othr/Id,Id,Max35Text,1,1
pacs.010.001.06,/Document/FIDrctDbt/CdtInstr/InstgAgt/FinInstnId/Othr/SchmeNm,SchmeNm,FinancialIdentificationSchemeName1Choice,0,1
pacs.010.001.06,/Document/FIDrctDbt/CdtInstr/InstgAgt/FinInstnId/Othr/SchmeNm/Cd,Cd,ExternalFinancialInstitutionIdentification1Code,1,1
pacs.010.001.06,/Document/FIDrctDbt/CdtInstr/InstgAgt/FinInstnId/Othr/SchmeNm/Prtry,Prtry,Max35Text,1,1
pacs.010.001.06,/Document/FIDrctDbt/CdtInstr/InstgAgt/FinInstnId/Othr/Issr,Issr,Max35Text,0,1
pacs.010.001.06,/Document/FIDrctDbt/CdtInstr/InstgAgt/BrnchId,BrnchId,BranchData5,0,1
pacs.010.001.06,/Document/FIDrctDbt/CdtInstr/InstgAgt/BrnchId/Id,Id,Max35Text,0,1
pacs.010.001.06,/Document/FIDrctDbt/CdtInstr/InstgAgt/BrnchId/LEI,LEI,LEIIdentifier,0,1
pacs.010.001.06,/Document/FIDrctDbt/CdtInstr/InstgAgt/BrnchId/Nm,Nm,Max140Text,0,1
pacs.010.001.06,/Document/FIDrctDbt/CdtInstr/InstgAgt/BrnchId/PstlAdr,PstlAdr,PostalAddress27,0,1
pacs.010.001.06,/Document/FIDrctDbt/CdtInstr/InstgAgt/BrnchId/PstlAdr/AdrTp,AdrTp,AddressType3Choice,0,1
pacs.010.001.06,/Document/FIDrctDbt/CdtInstr/InstgAgt/BrnchId/PstlAdr/AdrTp/Cd,Cd,AddressType2Code,1,1
pacs.010.001.06,/Document/FIDrctDbt/CdtInstr/InstgAgt/BrnchId/PstlAdr/AdrTp/Prtry,Prtry,GenericIdentification30,1,1
pacs.010.001.06,/Document/FIDrctDbt/CdtInstr/InstgAgt/BrnchId/PstlAdr/AdrTp/Prtry/Id,Id,Exact4AlphaNumericText,1,1
pacs.010.001.06,/Document/FIDrctDbt/CdtInstr/InstgAgt/BrnchId/PstlAdr/AdrTp/Prtry/Issr,Issr,Max35Text,1,1
pacs.010.001.06,/Document/FIDrctDbt/CdtInstr/InstgAgt/BrnchId/PstlAdr/AdrTp/Prtry/SchmeNm,SchmeNm,Max35Text,0,1
pacs.010.001.06,/Document/FIDrctDbt/CdtInstr/InstgAgt/BrnchId/PstlAdr/CareOf,CareOf,Max140Text,0,1
pacs.010.001.06,/Document/FIDrctDbt/CdtInstr/InstgAgt/BrnchId/PstlAdr/Dept,Dept,Max70Text,0,1
pacs.010.001.06,/Document/FIDrctDbt/CdtInstr/InstgAgt/BrnchId/PstlAdr/SubDept,SubDept,Max70Text,0,1
pacs.010.001.06,/Document/FIDrctDbt/CdtInstr/InstgAgt/BrnchId/PstlAdr/StrtNm,StrtNm,Max140Text,0,1
pacs.010.001.06,/Document/FIDrctDbt/CdtInstr/InstgAgt/BrnchId/PstlAdr/BldgNb,BldgNb,Max16Text,0,1
pacs.010.001.06,/Document/FIDrctDbt/CdtInstr/InstgAgt/BrnchId/PstlAdr/BldgNm,BldgNm,Max140Text,0,1
pacs.010.001.06,/Document/FIDrctDbt/CdtInstr/InstgAgt/BrnchId/PstlAdr/Flr,Flr,Max70Text,0,1
pacs.010.001.06,/Document/FIDrctDbt/CdtInstr/InstgAgt/BrnchId/PstlAdr/UnitNb,UnitNb,Max16Text,0,1
pacs.010.001.06,/Document/FIDrctDbt/CdtInstr/InstgAgt/BrnchId/PstlAdr/PstBx,PstBx,Max16Text,0,1
pacs.010.001.06,/Document/FIDrctDbt/CdtInstr/InstgAgt/BrnchId/PstlAdr/Room,Room,Max70Text,0,1
pacs.010.001.06,/Document/FIDrctDbt/CdtInstr/InstgAgt/BrnchId/PstlAdr/PstCd,PstCd,Max16Text,0,1
pacs.010.001.06,/Document/FIDrctDbt/CdtInstr/InstgAgt/BrnchId/PstlAdr/TwnNm,TwnNm,Max140Text,0,1
pacs.010.001.06,/Document/FIDrctDbt/CdtInstr/InstgAgt/BrnchId/PstlAdr/TwnLctnNm,TwnLctnNm,Max140Text,0,1
pacs.010.001.06,/Document/FIDrctDbt/CdtInstr/InstgAgt/BrnchId/PstlAdr/DstrctNm,DstrctNm,Max140Text,0,1
pacs.010.001.06,/Document/FIDrctDbt/CdtInstr/InstgAgt/BrnchId/PstlAdr/CtrySubDvsn,CtrySubDvsn,Max35Text,0,1
pacs.010.001.06,/Document/FIDrctDbt/CdtInstr/InstgAgt/BrnchId/PstlAdr/Ctry,Ctry,CountryCode,0,1
pacs.010.001.06,/Document/FIDrctDbt/CdtInstr/InstgAgt/BrnchId/PstlAdr/AdrLine,AdrLine,Max70Text,0,7
pacs.010.001.06,/Document/FIDrctDbt/CdtInstr/InstdAgt,InstdAgt,BranchAndFinancialInstitutionIdentification8,0,1
pacs.010.001.06,/Document/FIDrctDbt/CdtInstr/InstdAgt/FinInstnId,FinInstnId,FinancialInstitutionIdentification23,1,1
pacs.010.001.06,/Document/FIDrctDbt/CdtInstr/InstdAgt/FinInstnId/BICFI,BICFI,BICFIDec2014Identifier,0,1
pacs.010.001.06,/Document/FIDrctDbt/CdtInstr/InstdAgt/FinInstnId/ClrSysMmbId,ClrSysMmbId,ClearingSystemMemberIdentification2,0,1
pacs.010.001.06,/Document/FIDrctDbt/CdtInstr/InstdAgt/FinInstnId/ClrSysMmbId/ClrSysId,ClrSysId,ClearingSystemIdentification2Choice,0,1
pacs.010.001.06,/Document/FIDrctDbt/CdtInstr/InstdAgt/FinInstnId/ClrSysMmbId/ClrSysId/Cd,Cd,ExternalClearingSystemIdentification1Code,1,1
pacs.010.001.06,/Document/FIDrctDbt/CdtInstr/InstdAgt/FinInstnId/ClrSysMmbId/ClrSysId/Prtry,Prtry,Max35Text,1,1
pacs.010.001.06,/Document/FIDrctDbt/CdtInstr/InstdAgt/FinInstnId/ClrSysMmbId/MmbId,MmbId,Max35Text,1,1
pacs.010.001.06,/Document/FIDrctDbt/CdtInstr/InstdAgt/FinInstnId/LEI,LEI,LEIIdentifier,0,1
pacs.010.001.06,/Document/FIDrctDbt/CdtInstr/InstdAgt/FinInstnId/Nm,Nm,Max140Text,0,1
pacs.010.001.06,/Document/FIDrctDbt/CdtInstr/InstdAgt/FinInstnId/PstlAdr,PstlAdr,PostalAddress27,0,1
pacs.010.001.06,/Document/FIDrctDbt/CdtInstr/InstdAgt/FinInstnId/PstlAdr/AdrTp,AdrTp,AddressType3Choice,0,1
pacs.010.001.06,/Document/FIDrctDbt/CdtInstr/InstdAgt/FinInstnId/PstlAdr/AdrTp/Cd,Cd,AddressType2Code,1,1
pacs.010.001.06,/Document/FIDrctDbt/CdtInstr/InstdAgt/FinInstnId/PstlAdr/AdrTp/Prtry,Prtry,GenericIdentification30,1,1
pacs.010.001.06,/Document/FIDrctDbt/CdtInstr/InstdAgt/FinInstnId/PstlAdr/AdrTp/Prtry/Id,Id,Exact4AlphaNumericText,1,1
pacs.010.001.06,/Document/FIDrctDbt/CdtInstr/InstdAgt/FinInstnId/PstlAdr/AdrTp/Prtry/Issr,Issr,Max35Text,1,1
pacs.010.001.06,/Document/FIDrctDbt/CdtInstr/InstdAgt/FinInstnId/PstlAdr/AdrTp/Prtry/SchmeNm,SchmeNm,Max35Text,0,1
pacs.010.001.06,/Document/FIDrctDbt/CdtInstr/InstdAgt/FinInstnId/PstlAdr/CareOf,CareOf,Max140Text,0,1
pacs.010.001.06,/Document/FIDrctDbt/CdtInstr/InstdAgt/FinInstnId/PstlAdr/Dept,Dept,Max70Text,0,1
pacs.010.001.06,/Document/FIDrctDbt/CdtInstr/InstdAgt/FinInstnId/PstlAdr/SubDept,SubDept,Max70Text,0,1
pacs.010.001.06,/Document/FIDrctDbt/CdtInstr/InstdAgt/FinInstnId/PstlAdr/StrtNm,StrtNm,Max140Text,0,1
pacs.010.001.06,/Document/FIDrctDbt/CdtInstr/InstdAgt/FinInstnId/PstlAdr/BldgNb,BldgNb,Max16Text,0,1
pacs.010.001.06,/Document/FIDrctDbt/CdtInstr/InstdAgt/FinInstnId/PstlAdr/BldgNm,BldgNm,Max140Text,0,1
pacs.010.001.06,/Document/FIDrctDbt/CdtInstr/InstdAgt/FinInstnId/PstlAdr/Flr,Flr,Max70Text,0,1
pacs.010.001.06,/Document/FIDrctDbt/CdtInstr/InstdAgt/FinInstnId/PstlAdr/UnitNb,UnitNb,Max16Text,0,1
pacs.010.001.06,/Document/FIDrctDbt/CdtInstr/InstdAgt/FinInstnId/PstlAdr/PstBx,PstBx,Max16Text,0,1
pacs.010.001.06,/Document/FIDrctDbt/CdtInstr/InstdAgt/FinInstnId/PstlAdr/Room,Room,Max70Text,0,1
pacs.010.001.06,/Document/FIDrctDbt/CdtInstr/InstdAgt/FinInstnId/PstlAdr/PstCd,PstCd,Max16Text,0,1
pacs.010.001.06,/Document/FIDrctDbt/CdtInstr/InstdAgt/FinInstnId/PstlAdr/TwnNm,TwnNm,Max140Text,0,1
pacs.010.001.06,/Document/FIDrctDbt/CdtInstr/InstdAgt/FinInstnId/PstlAdr/TwnLctnNm,TwnLctnNm,Max140Text,0,1
pacs.010.001.06,/Document/FIDrctDbt/CdtInstr/InstdAgt/FinInstnId/PstlAdr/DstrctNm,DstrctNm,Max140Text,0,1
pacs.010.001.06,/Document/FIDrctDbt/CdtInstr/InstdAgt/FinInstnId/PstlAdr/CtrySubDvsn,CtrySubDvsn,Max35Text,0,1
pacs.010.001.06,/Document/FIDrctDbt/CdtInstr/InstdAgt/FinInstnId/PstlAdr/Ctry,Ctry,CountryCode,0,1
pacs.010.001.06,/Document/FIDrctDbt/CdtInstr/InstdAgt/FinInstnId/PstlAdr/AdrLine,AdrLine,Max70Text,0,7
pacs.010.001.06,/Document/FIDrctDbt/CdtInstr/InstdAgt/FinInstnId/Othr,Othr,GenericFinancialIdentification1,0,1
pacs.010.001.06,/Document/FIDrctDbt/CdtInstr/InstdAgt/FinInstnId/Othr/Id,Id,Max35Text,1,1
pacs.010.001.06,/Document/FIDrctDbt/CdtInstr/InstdAgt/FinInstnId/Othr/SchmeNm,SchmeNm,FinancialIdentificationSchemeName1Choice,0,1
pacs.010.001.06,/Document/FIDrctDbt/CdtInstr/InstdAgt/FinInstnId/Othr/SchmeNm/Cd,Cd,ExternalFinancialInstitutionIdentification1Code,1,1
pacs.010.001.06,/Document/FIDrctDbt/CdtInstr/InstdAgt/FinInstnId/Othr/SchmeNm/Prtry,Prtry,Max35Text,1,1
pacs.010.001.06,/Document/FIDrctDbt/CdtInstr/InstdAgt/FinInstnId/Othr/Issr,Issr,Max35Text,0,1
pacs.010.001.06,/Document/FIDrctDbt/CdtInstr/InstdAgt/BrnchId,BrnchId,BranchData5,0,1
pacs.010.001.06,/Document/FIDrctDbt/CdtInstr/InstdAgt/BrnchId/Id,Id,Max35Text,0,1
pacs.010.001.06,/Document/FIDrctDbt/CdtInstr/InstdAgt/BrnchId/LEI,LEI,LEIIdentifier,0,1
pacs.010.001.06,/Document/FIDrctDbt/CdtInstr/InstdAgt/BrnchId/Nm,Nm,Max140Text,0,1
pacs.010.001.06,/Document/FIDrctDbt/CdtInstr/InstdAgt/BrnchId/PstlAdr,PstlAdr,PostalAddress27,0,1
pacs.010.001.06,/Document/FIDrctDbt/CdtInstr/InstdAgt/BrnchId/PstlAdr/AdrTp,AdrTp,AddressType3Choice,0,1
pacs.010.001.06,/Document/FIDrctDbt/CdtInstr/InstdAgt/BrnchId/PstlAdr/AdrTp/Cd,Cd,AddressType2Code,1,1
pacs.010.001.06,/Document/FIDrctDbt/CdtInstr/InstdAgt/BrnchId/PstlAdr/AdrTp/Prtry,Prtry,GenericIdentification30,1,1
pacs.010.001.06,/Document/FIDrctDbt/CdtInstr/InstdAgt/BrnchId/PstlAdr/AdrTp/Prtry/Id,Id,Exact4AlphaNumericText,1,1
pacs.010.001.06,/Document/FIDrctDbt/CdtInstr/InstdAgt/BrnchId/PstlAdr/AdrTp/Prtry/Issr,Issr,Max35Text,1,1
pacs.010.001.06,/Document/FIDrctDbt/CdtInstr/InstdAgt/BrnchId/PstlAdr/AdrTp/Prtry/SchmeNm,SchmeNm,Max35Text,0,1
pacs.010.001.06,/Document/FIDrctDbt/CdtInstr/InstdAgt/BrnchId/PstlAdr/CareOf,CareOf,Max140Text,0,1
pacs.010.001.06,/Document/FIDrctDbt/CdtInstr/InstdAgt/BrnchId/PstlAdr/Dept,Dept,Max70Text,0,1
pacs.010.001.06,/Document/FIDrctDbt/CdtInstr/InstdAgt/BrnchId/PstlAdr/SubDept,SubDept,Max70Text,0,1
pacs.010.001.06,/Document/FIDrctDbt/CdtInstr/InstdAgt/BrnchId/PstlAdr/StrtNm,StrtNm,Max140Text,0,1
pacs.010.001.06,/Document/FIDrctDbt/CdtInstr/InstdAgt/BrnchId/PstlAdr/BldgNb,BldgNb,Max16Text,0,1
pacs.010.001.06,/Document/FIDrctDbt/CdtInstr/InstdAgt/BrnchId/PstlAdr/BldgNm,BldgNm,Max140Text,0,1
pacs.010.001.06,/Document/FIDrctDbt/CdtInstr/InstdAgt/BrnchId/PstlAdr/Flr,Flr,Max70Text,0,1
pacs.010.001.06,/Document/FIDrctDbt/CdtInstr/InstdAgt/BrnchId/PstlAdr/UnitNb,UnitNb,Max16Text,0,1
pacs.010.001.06,/Document/FIDrctDbt/CdtInstr/InstdAgt/BrnchId/PstlAdr/PstBx,PstBx,Max16Text,0,1
pacs.010.001.06,/Document/FIDrctDbt/CdtInstr/InstdAgt/BrnchId/PstlAdr/Room,Room,Max70Text,0,1
pacs.010.001.06,/Document/FIDrctDbt/CdtInstr/InstdAgt/BrnchId/PstlAdr/PstCd,PstCd,Max16Text,0,1
pacs.010.001.06,/Document/FIDrctDbt/CdtInstr/InstdAgt/BrnchId/PstlAdr/TwnNm,TwnNm,Max140Text,0,1
pacs.010.001.06,/Document/FIDrctDbt/CdtInstr/InstdAgt/BrnchId/PstlAdr/TwnLctnNm,TwnLctnNm,Max140Text,0,1
pacs.010.001.06,/Document/FIDrctDbt/CdtInstr/InstdAgt/BrnchId/PstlAdr/DstrctNm,DstrctNm,Max140Text,0,1
pacs.010.001.06,/Document/FIDrctDbt/CdtInstr/InstdAgt/BrnchId/PstlAdr/CtrySubDvsn,CtrySubDvsn,Max35Text,0,1
pacs.010.001.06,/Document/FIDrctDbt/CdtInstr/InstdAgt/BrnchId/PstlAdr/Ctry,Ctry,CountryCode,0,1
pacs.010.001.06,/Document/FIDrctDbt/CdtInstr/InstdAgt/BrnchId/PstlAdr/AdrLine,AdrLine,Max70Text,0,7
pacs.010.001.06,/Document/FIDrctDbt/CdtInstr/IntrmyAgt1,IntrmyAgt1,BranchAndFinancialInstitutionIdentification8,0,1
pacs.010.001.06,/Document/FIDrctDbt/CdtInstr/IntrmyAgt1/FinInstnId,FinInstnId,FinancialInstitutionIdentification23,1,1
pacs.010.001.06,/Document/FIDrctDbt/CdtInstr/IntrmyAgt1/FinInstnId/BICFI,BICFI,BICFIDec2014Identifier,0,1
pacs.010.001.06,/Document/FIDrctDbt/CdtInstr/IntrmyAgt1/FinInstnId/ClrSysMmbId,ClrSysMmbId,ClearingSystemMemberIdentification2,0,1
pacs.010.001.06,/Document/FIDrctDbt/CdtInstr/IntrmyAgt1/FinInstnId/ClrSysMmbId/ClrSysId,ClrSysId,ClearingSystemIdentification2Choice,0,1
pacs.010.001.06,/Document/FIDrctDbt/CdtInstr/IntrmyAgt1/FinInstnId/ClrSysMmbId/ClrSysId/Cd,Cd,ExternalClearingSystemIdentification1Code,1,1
pacs.010.001.06,/Document/FIDrctDbt/CdtInstr/IntrmyAgt1/FinInstnId/ClrSysMmbId/ClrSysId/Prtry,Prtry,Max35Text,1,1
pacs.010.001.06,/Document/FIDrctDbt/CdtInstr/IntrmyAgt1/FinInstnId/ClrSysMmbId/MmbId,MmbId,Max35Text,1,1
pacs.010.001.06,/Document/FIDrctDbt/CdtInstr/IntrmyAgt1/FinInstnId/LEI,LEI,LEIIdentifier,0,1
pacs.010.001.06,/Document/FIDrctDbt/CdtInstr/IntrmyAgt1/FinInstnId/Nm,Nm,Max140Text,0,1
pacs.010.001.06,/Document/FIDrctDbt/CdtInstr/IntrmyAgt1/FinInstnId/PstlAdr,PstlAdr,PostalAddress27,0,1
pacs.010.001.06,/Document/FIDrctDbt/CdtInstr/IntrmyAgt1/FinInstnId/PstlAdr/AdrTp,AdrTp,AddressType3Choice,0,1
pacs.010.001.06,/Document/FIDrctDbt/CdtInstr/IntrmyAgt1/FinInstnId/PstlAdr/AdrTp/Cd,Cd,AddressType2Code,1,1
pacs.010.001.06,/Document/FIDrctDbt/CdtInstr/IntrmyAgt1/FinInstnId/PstlAdr/AdrTp/Prtry,Prtry,GenericIdentification30,1,1
pacs.010.001.06,/Document/FIDrctDbt/CdtInstr/IntrmyAgt1/FinInstnId/PstlAdr/AdrTp/Prtry/Id,Id,Exact4AlphaNumericText,1,1
pacs.010.001.06,/Document/FIDrctDbt/CdtInstr/IntrmyAgt1/FinInstnId/PstlAdr/AdrTp/Prtry/Issr,Issr,Max35Text,1,1
pacs.010.001.06,/Document/FIDrctDbt/CdtInstr/IntrmyAgt1/FinInstnId/PstlAdr/AdrTp/Prtry/SchmeNm,SchmeNm,Max35Text,0,1
pacs.010.001.06,/Document/FIDrctDbt/CdtInstr/IntrmyAgt1/FinInstnId/PstlAdr/CareOf,CareOf,Max140Text,0,1
pacs.010.001.06,/Document/FIDrctDbt/CdtInstr/IntrmyAgt1/FinInstnId/PstlAdr/Dept,Dept,Max70Text,0,1
pacs.010.001.06,/Document/FIDrctDbt/CdtInstr/IntrmyAgt1/FinInstnId/PstlAdr/SubDept,SubDept,Max70Text,0,1
pacs.010.001.06,/Document/FIDrctDbt/CdtInstr/IntrmyAgt1/FinInstnId/PstlAdr/StrtNm,StrtNm,Max140Text,0,1
pacs.010.001.06,/Document/FIDrctDbt/CdtInstr/IntrmyAgt1/FinInstnId/PstlAdr/BldgNb,BldgNb,Max16Text,0,1
pacs.010.001.06,/Document/FIDrctDbt/CdtInstr/IntrmyAgt1/FinInstnId/PstlAdr/BldgNm,BldgNm,Max140Text,0,1
pacs.010.001.06,/Document/FIDrctDbt/CdtInstr/IntrmyAgt1/FinInstnId/PstlAdr/Flr,Flr,Max70Text,0,1
pacs.010.001.06,/Document/FIDrctDbt/CdtInstr/IntrmyAgt1/FinInstnId/PstlAdr/UnitNb,UnitNb,Max16Text,0,1
pacs.010.001.06,/Document/FIDrctDbt/CdtInstr/IntrmyAgt1/FinInstnId/PstlAdr/PstBx,PstBx,Max16Text,0,1
pacs.010.001.06,/Document/FIDrctDbt/CdtInstr/IntrmyAgt1/FinInstnId/PstlAdr/Room,Room,Max70Text,0,1
pacs.010.001.06,/Document/FIDrctDbt/CdtInstr/IntrmyAgt1/FinInstnId/PstlAdr/PstCd,PstCd,Max16Text,0,1
pacs.010.001.06,/Document/FIDrctDbt/CdtInstr/IntrmyAgt1/FinInstnId/PstlAdr/TwnNm,TwnNm,Max140Text,0,1
pacs.010.001.06,/Document/FIDrctDbt/CdtInstr/IntrmyAgt1/FinInstnId/PstlAdr/TwnLctnNm,TwnLctnNm,Max140Text,0,1
pacs.010.001.06,/Document/FIDrctDbt/CdtInstr/IntrmyAgt1/FinInstnId/PstlAdr/DstrctNm,DstrctNm,Max140Text,0,1
pacs.010.001.06,/Document/FIDrctDbt/CdtInstr/IntrmyAgt1/FinInstnId/PstlAdr/CtrySubDvsn,CtrySubDvsn,Max35Text,0,1
pacs.010.001.06,/Document/FIDrctDbt/CdtInstr/IntrmyAgt1/FinInstnId/PstlAdr/Ctry,Ctry,CountryCode,0,1
pacs.010.001.06,/Document/FIDrctDbt/CdtInstr/IntrmyAgt1/FinInstnId/PstlAdr/AdrLine,AdrLine,Max70Text,0,7
pacs.010.001.06,/Document/FIDrctDbt/CdtInstr/IntrmyAgt1/FinInstnId/Othr,Othr,GenericFinancialIdentification1,0,1
pacs.010.001.06,/Document/FIDrctDbt/CdtInstr/IntrmyAgt1/FinInstnId/Othr/Id,Id,Max35Text,1,1
pacs.010.001.06,/Document/FIDrctDbt/CdtInstr/IntrmyAgt1/FinInstnId/Othr/SchmeNm,SchmeNm,FinancialIdentificationSchemeName1Choice,0,1
pacs.010.001.06,/Document/FIDrctDbt/CdtInstr/IntrmyAgt1/FinInstnId/Othr/SchmeNm/Cd,Cd,ExternalFinancialInstitutionIdentification1Code,1,1
pacs.010.001.06,/Document/FIDrctDbt/CdtInstr/IntrmyAgt1/FinInstnId/Othr/SchmeNm/Prtry,Prtry,Max35Text,1,1
pacs.010.001.06,/Document/FIDrctDbt/CdtInstr/IntrmyAgt1/FinInstnId/Othr/Issr,Issr,Max35Text,0,1
pacs.010.001.06,/Document/FIDrctDbt/CdtInstr/IntrmyAgt1/BrnchId,BrnchId,BranchData5,0,1
pacs.010.001.06,/Document/FIDrctDbt/CdtInstr/IntrmyAgt1/BrnchId/Id,Id,Max35Text,0,1
pacs.010.001.06,/Document/FIDrctDbt/CdtInstr/IntrmyAgt1/BrnchId/LEI,LEI,LEIIdentifier,0,1
pacs.010.001.06,/Document/FIDrctDbt/CdtInstr/IntrmyAgt1/BrnchId/Nm,Nm,Max140Text,0,1
pacs.010.001.06,/Document/FIDrctDbt/CdtInstr/IntrmyAgt1/BrnchId/PstlAdr,PstlAdr,PostalAddress27,0,1
pacs.010.001.06,/Document/FIDrctDbt/CdtInstr/IntrmyAgt1/BrnchId/PstlAdr/AdrTp,AdrTp,AddressType3Choice,0,1
pacs.010.001.06,/Document/FIDrctDbt/CdtInstr/IntrmyAgt1/BrnchId/PstlAdr/AdrTp/Cd,Cd,AddressType2Code,1,1
pacs.010.001.06,/Document/FIDrctDbt/CdtInstr/IntrmyAgt1/BrnchId/PstlAdr/AdrTp/Prtry,Prtry,GenericIdentification30,1,1
pacs.010.001.06,/Document/FIDrctDbt/CdtInstr/IntrmyAgt1/BrnchId/PstlAdr/AdrTp/Prtry/Id,Id,Exact4AlphaNumericText,1,1
pacs.010.001.06,/Document/FIDrctDbt/CdtInstr/IntrmyAgt1/BrnchId/PstlAdr/AdrTp/Prtry/Issr,Issr,Max35Text,1,1
pacs.010.001.06,/Document/FIDrctDbt/CdtInstr/IntrmyAgt1/BrnchId/PstlAdr/AdrTp/Prtry/SchmeNm,SchmeNm,Max35Text,0,1
pacs.010.001.06,/Document/FIDrctDbt/CdtInstr/IntrmyAgt1/BrnchId/PstlAdr/CareOf,CareOf,Max140Text,0,1
pacs.010.001.06,/Document/FIDrctDbt/CdtInstr/IntrmyAgt1/BrnchId/PstlAdr/Dept,Dept,Max70Text,0,1
pacs.010.001.06,/Document/FIDrctDbt/CdtInstr/IntrmyAgt1/BrnchId/PstlAdr/SubDept,SubDept,Max70Text,0,1
pacs.010.001.06,/Document/FIDrctDbt/CdtInstr/IntrmyAgt1/BrnchId/PstlAdr/StrtNm,StrtNm,Max140Text,0,1
pacs.010.001.06,/Document/FIDrctDbt/CdtInstr/IntrmyAgt1/BrnchId/PstlAdr/BldgNb,BldgNb,Max16Text,0,1
pacs.010.001.06,/Document/FIDrctDbt/CdtInstr/IntrmyAgt1/BrnchId/PstlAdr/BldgNm,BldgNm,Max140Text,0,1
pacs.010.001.06,/Document/FIDrctDbt/CdtInstr/IntrmyAgt1/BrnchId/PstlAdr/Flr,Flr,Max70Text,0,1
pacs.010.001.06,/Document/FIDrctDbt/CdtInstr/IntrmyAgt1/BrnchId/PstlAdr/UnitNb,UnitNb,Max16Text,0,1
pacs.010.001.06,/Document/FIDrctDbt/CdtInstr/IntrmyAgt1/BrnchId/PstlAdr/PstBx,PstBx,Max16Text,0,1
pacs.010.001.06,/Document/FIDrctDbt/CdtInstr/IntrmyAgt1/BrnchId/PstlAdr/Room,Room,Max70Text,0,1
pacs.010.001.06,/Document/FIDrctDbt/CdtInstr/IntrmyAgt1/BrnchId/PstlAdr/PstCd,PstCd,Max16Text,0,1
pacs.010.001.06,/Document/FIDrctDbt/CdtInstr/IntrmyAgt1/BrnchId/PstlAdr/TwnNm,TwnNm,Max140Text,0,1
pacs.010.001.06,/Document/FIDrctDbt/CdtInstr/IntrmyAgt1/BrnchId/PstlAdr/TwnLctnNm,TwnLctnNm,Max140Text,0,1
pacs.010.001.06,/Document/FIDrctDbt/CdtInstr/IntrmyAgt1/BrnchId/PstlAdr/DstrctNm,DstrctNm,Max140Text,0,1
pacs.010.001.06,/Document/FIDrctDbt/CdtInstr/IntrmyAgt1/BrnchId/PstlAdr/CtrySubDvsn,CtrySubDvsn,Max35Text,0,1
pacs.010.001.06,/Document/FIDrctDbt/CdtInstr/IntrmyAgt1/BrnchId/PstlAdr/Ctry,Ctry,CountryCode,0,1
pacs.010.001.06,/Document/FIDrctDbt/CdtInstr/IntrmyAgt1/BrnchId/PstlAdr/AdrLine,AdrLine,Max70Text,0,7
pacs.010.001.06,/Document/FIDrctDbt/CdtInstr/IntrmyAgt1Acct,IntrmyAgt1Acct,CashAccount40,0,1
pacs.010.001.06,/Document/FIDrctDbt/CdtInstr/IntrmyAgt1Acct/Id,Id,AccountIdentification4Choice,0,1
pacs.010.001.06,/Document/FIDrctDbt/CdtInstr/IntrmyAgt1Acct/Id/IBAN,IBAN,IBAN2007Identifier,1,1
pacs.010.001.06,/Document/FIDrctDbt/CdtInstr/IntrmyAgt1Acct/Id/Othr,Othr,GenericAccountIdentification1,1,1
pacs.010.001.06,/Document/FIDrctDbt/CdtInstr/IntrmyAgt1Acct/Id/Othr/Id,Id,Max34Text,1,1
pacs.010.001.06,/Document/FIDrctDbt/CdtInstr/IntrmyAgt1Acct/Id/Othr/SchmeNm,SchmeNm,AccountSchemeName1Choice,0,1
pacs.010.001.06,/Document/FIDrctDbt/CdtInstr/IntrmyAgt1Acct/Id/Othr/SchmeNm/Cd,Cd,ExternalAccountIdentification1Code,1,1
pacs.010.001.06,/Document/FIDrctDbt/CdtInstr/IntrmyAgt1Acct/Id/Othr/SchmeNm/Prtry,Prtry,Max35Text,1,1
pacs.010.001.06,/Document/FIDrctDbt/CdtInstr/IntrmyAgt1Acct/Id/Othr/Issr,Issr,Max35Text,0,1
pacs.010.001.06,/Document/FIDrctDbt/CdtInstr/IntrmyAgt1Acct/Tp,Tp,CashAccountType2Choice,0,1
pacs.010.001.06,/Document/FIDrctDbt/CdtInstr/IntrmyAgt1Acct/Tp/Cd,Cd,ExternalCashAccountType1Code,1,1
pacs.010.001.06,/Document/FIDrctDbt/CdtInstr/IntrmyAgt1Acct/Tp/Prtry,Prtry,Max35Text,1,1
pacs.010.001.06,/Document/FIDrctDbt/CdtInstr/IntrmyAgt1Acct/Ccy,Ccy,ActiveOrHistoricCurrencyCode,0,1
pacs.010.001.06,/Document/FIDrctDbt/CdtInstr/IntrmyAgt1Acct/Nm,Nm,Max70Text,0,1
pacs.010.001.06,/Document/FIDrctDbt/CdtInstr/IntrmyAgt1Acct/Prxy,Prxy,ProxyAccountIdentification1,0,1
pacs.010.001.06,/Document/FIDrctDbt/CdtInstr/IntrmyAgt1Acct/Prxy/Tp,Tp,ProxyAccountType1Choice,0,1
pacs.010.001.06,/Document/FIDrctDbt/CdtInstr/IntrmyAgt1Acct/Prxy/Tp/Cd,Cd,ExternalProxyAccountType1Code,1,1
pacs.010.001.06,/Document/FIDrctDbt/CdtInstr/IntrmyAgt1Acct/Prxy/Tp/Prtry,Prtry,Max35Text,1,1
pacs.010.001.06,/Document/FIDrctDbt/CdtInstr/IntrmyAgt1Acct/Prxy/Id,Id,Max2048Text,1,1
pacs.010.001.06,/Document/FIDrctDbt/CdtInstr/IntrmyAgt2,IntrmyAgt2,BranchAndFinancialInstitutionIdentification8,0,1
pacs.010.001.06,/Document/FIDrctDbt/CdtInstr/IntrmyAgt2/FinInstnId,FinInstnId,FinancialInstitutionIdentification23,1,1
pacs.010.001.06,/Document/FIDrctDbt/CdtInstr/IntrmyAgt2/FinInstnId/BICFI,BICFI,BICFIDec2014Identifier,0,1
pacs.010.001.06,/Document/FIDrctDbt/CdtInstr/IntrmyAgt2/FinInstnId/ClrSysMmbId,ClrSysMmbId,ClearingSystemMemberIdentification2,0,1
pacs.010.001.06,/Document/FIDrctDbt/CdtInstr/IntrmyAgt2/FinInstnId/ClrSysMmbId/ClrSysId,ClrSysId,ClearingSystemIdentification2Choice,0,1
pacs.010.001.06,/Document/FIDrctDbt/CdtInstr/IntrmyAgt2/FinInstnId/ClrSysMmbId/ClrSysId/Cd,Cd,ExternalClearingSystemIdentification1Code,1,1
pacs.010.001.06,/Document/FIDrctDbt/CdtInstr/IntrmyAgt2/FinInstnId/ClrSysMmbId/ClrSysId/Prtry,Prtry,Max35Text,1,1
pacs.010.001.06,/Document/FIDrctDbt/CdtInstr/IntrmyAgt2/FinInstnId/ClrSysMmbId/MmbId,MmbId,Max35Text,1,1
pacs.010.001.06,/Document/FIDrctDbt/CdtInstr/IntrmyAgt2/FinInstnId/LEI,LEI,LEIIdentifier,0,1
pacs.010.001.06,/Document/FIDrctDbt/CdtInstr/IntrmyAgt2/FinInstnId/Nm,Nm,Max140Text,0,1
pacs.010.001.06,/Document/FIDrctDbt/CdtInstr/IntrmyAgt2/FinInstnId/PstlAdr,PstlAdr,PostalAddress27,0,1
pacs.010.001.06,/Document/FIDrctDbt/CdtInstr/IntrmyAgt2/FinInstnId/PstlAdr/AdrTp,AdrTp,AddressType3Choice,0,1
pacs.010.001.06,/Document/FIDrctDbt/CdtInstr/IntrmyAgt2/FinInstnId/PstlAdr/AdrTp/Cd,Cd,AddressType2Code,1,1
pacs.010.001.06,/Document/FIDrctDbt/CdtInstr/IntrmyAgt2/FinInstnId/PstlAdr/AdrTp/Prtry,Prtry,GenericIdentification30,1,1
pacs.010.001.06,/Document/FIDrctDbt/CdtInstr/IntrmyAgt2/FinInstnId/PstlAdr/AdrTp/Prtry/Id,Id,Exact4AlphaNumericText,1,1
pacs.010.001.06,/Document/FIDrctDbt/CdtInstr/IntrmyAgt2/FinInstnId/PstlAdr/AdrTp/Prtry/Issr,Issr,Max35Text,1,1
pacs.010.001.06,/Document/FIDrctDbt/CdtInstr/IntrmyAgt2/FinInstnId/PstlAdr/AdrTp/Prtry/SchmeNm,SchmeNm,Max35Text,0,1
pacs.010.001.06,/Document/FIDrctDbt/CdtInstr/IntrmyAgt2/FinInstnId/PstlAdr/CareOf,CareOf,Max140Text,0,1
pacs.010.001.06,/Document/FIDrctDbt/CdtInstr/IntrmyAgt2/FinInstnId/PstlAdr/Dept,Dept,Max70Text,0,1
pacs.010.001.06,/Document/FIDrctDbt/CdtInstr/IntrmyAgt2/FinInstnId/PstlAdr/SubDept,SubDept,Max70Text,0,1
pacs.010.001.06,/Document/FIDrctDbt/CdtInstr/IntrmyAgt2/FinInstnId/PstlAdr/StrtNm,StrtNm,Max140Text,0,1
pacs.010.001.06,/Document/FIDrctDbt/CdtInstr/IntrmyAgt2/FinInstnId/PstlAdr/BldgNb,BldgNb,Max16Text,0,1
pacs.010.001.06,/Document/FIDrctDbt/CdtInstr/IntrmyAgt2/FinInstnId/PstlAdr/BldgNm,BldgNm,Max140Text,0,1
pacs.010.001.06,/Document/FIDrctDbt/CdtInstr/IntrmyAgt2/FinInstnId/PstlAdr/Flr,Flr,Max70Text,0,1
pacs.010.001.06,/Document/FIDrctDbt/CdtInstr/IntrmyAgt2/FinInstnId/PstlAdr/UnitNb,UnitNb,Max16Text,0,1
pacs.010.001.06,/Document/FIDrctDbt/CdtInstr/IntrmyAgt2/FinInstnId/PstlAdr/PstBx,PstBx,Max16Text,0,1
pacs.010.001.06,/Document/FIDrctDbt/CdtInstr/IntrmyAgt2/FinInstnId/PstlAdr/Room,Room,Max70Text,0,1
pacs.010.001.06,/Document/FIDrctDbt/CdtInstr/IntrmyAgt2/FinInstnId/PstlAdr/PstCd,PstCd,Max16Text,0,1
pacs.010.001.06,/Document/FIDrctDbt/CdtInstr/IntrmyAgt2/FinInstnId/PstlAdr/TwnNm,TwnNm,Max140Text,0,1
pacs.010.001.06,/Document/FIDrctDbt/CdtInstr/IntrmyAgt2/FinInstnId/PstlAdr/TwnLctnNm,TwnLctnNm,Max140Text,0,1
pacs.010.001.06,/Document/FIDrctDbt/CdtInstr/IntrmyAgt2/FinInstnId/PstlAdr/DstrctNm,DstrctNm,Max140Text,0,1
pacs.010.001.06,/Document/FIDrctDbt/CdtInstr/IntrmyAgt2/FinInstnId/PstlAdr/CtrySubDvsn,CtrySubDvsn,Max35Text,0,1
pacs.010.001.06,/Document/FIDrctDbt/CdtInstr/IntrmyAgt2/FinInstnId/PstlAdr/Ctry,Ctry,CountryCode,0,1
pacs.010.001.06,/Document/FIDrctDbt/CdtInstr/IntrmyAgt2/FinInstnId/PstlAdr/AdrLine,AdrLine,Max70Text,0,7
pacs.010.001.06,/Document/FIDrctDbt/CdtInstr/IntrmyAgt2/FinInstnId/Othr,Othr,GenericFinancialIdentification1,0,1
pacs.010.001.06,/Document/FIDrctDbt/CdtInstr/IntrmyAgt2/FinInstnId/Othr/Id,Id,Max35Text,1,1
pacs.010.001.06,/Document/FIDrctDbt/CdtInstr/IntrmyAgt2/FinInstnId/Othr/SchmeNm,SchmeNm,FinancialIdentificationSchemeName1Choice,0,1
pacs.010.001.06,/Document/FIDrctDbt/CdtInstr/IntrmyAgt2/FinInstnId/Othr/SchmeNm/Cd,Cd,ExternalFinancialInstitutionIdentification1Code,1,1
pacs.010.001.06,/Document/FIDrctDbt/CdtInstr/IntrmyAgt2/FinInstnId/Othr/SchmeNm/Prtry,Prtry,Max35Text,1,1
pacs.010.001.06,/Document/FIDrctDbt/CdtInstr/IntrmyAgt2/FinInstnId/Othr/Issr,Issr,Max35Text,0,1
pacs.010.001.06,/Document/FIDrctDbt/CdtInstr/IntrmyAgt2/BrnchId,BrnchId,BranchData5,0,1
pacs.010.001.06,/Document/FIDrctDbt/CdtInstr/IntrmyAgt2/BrnchId/Id,Id,Max35Text,0,1
pacs.010.001.06,/Document/FIDrctDbt/CdtInstr/IntrmyAgt2/BrnchId/LEI,LEI,LEIIdentifier,0,1
pacs.010.001.06,/Document/FIDrctDbt/CdtInstr/IntrmyAgt2/BrnchId/Nm,Nm,Max140Text,0,1
pacs.010.001.06,/Document/FIDrctDbt/CdtInstr/IntrmyAgt2/BrnchId/PstlAdr,PstlAdr,PostalAddress27,0,1
pacs.010.001.06,/Document/FIDrctDbt/CdtInstr/IntrmyAgt2/BrnchId/PstlAdr/AdrTp,AdrTp,AddressType3Choice,0,1
pacs.010.001.06,/Document/FIDrctDbt/CdtInstr/IntrmyAgt2/BrnchId/PstlAdr/AdrTp/Cd,Cd,AddressType2Code,1,1
pacs.010.001.06,/Document/FIDrctDbt/CdtInstr/IntrmyAgt2/BrnchId/PstlAdr/AdrTp/Prtry,Prtry,GenericIdentification30,1,1
pacs.010.001.06,/Document/FIDrctDbt/CdtInstr/IntrmyAgt2/BrnchId/PstlAdr/AdrTp/Prtry/Id,Id,Exact4AlphaNumericText,1,1
pacs.010.001.06,/Document/FIDrctDbt/CdtInstr/IntrmyAgt2/BrnchId/PstlAdr/AdrTp/Prtry/Issr,Issr,Max35Text,1,1
pacs.010.001.06,/Document/FIDrctDbt/CdtInstr/IntrmyAgt2/BrnchId/PstlAdr/AdrTp/Prtry/SchmeNm,SchmeNm,Max35Text,0,1
pacs.010.001.06,/Document/FIDrctDbt/CdtInstr/IntrmyAgt2/BrnchId/PstlAdr/CareOf,CareOf,Max140Text,0,1
pacs.010.001.06,/Document/FIDrctDbt/CdtInstr/IntrmyAgt2/BrnchId/PstlAdr/Dept,Dept,Max70Text,0,1
pacs.010.001.06,/Document/FIDrctDbt/CdtInstr/IntrmyAgt2/BrnchId/PstlAdr/SubDept,SubDept,Max70Text,0,1
pacs.010.001.06,/Document/FIDrctDbt/CdtInstr/IntrmyAgt2/BrnchId/PstlAdr/StrtNm,StrtNm,Max140Text,0,1
pacs.010.001.06,/Document/FIDrctDbt/CdtInstr/IntrmyAgt2/BrnchId/PstlAdr/BldgNb,BldgNb,Max16Text,0,1
pacs.010.001.06,/Document/FIDrctDbt/CdtInstr/IntrmyAgt2/BrnchId/PstlAdr/BldgNm,BldgNm,Max140Text,0,1
pacs.010.001.06,/Document/FIDrctDbt/CdtInstr/IntrmyAgt2/BrnchId/PstlAdr/Flr,Flr,Max70Text,0,1
pacs.010.001.06,/Document/FIDrctDbt/CdtInstr/IntrmyAgt2/BrnchId/PstlAdr/UnitNb,UnitNb,Max16Text,0,1
pacs.010.001.06,/Document/FIDrctDbt/CdtInstr/IntrmyAgt2/BrnchId/PstlAdr/PstBx,PstBx,Max16Text,0,1
pacs.010.001.06,/Document/FIDrctDbt/CdtInstr/IntrmyAgt2/BrnchId/PstlAdr/Room,Room,Max70Text,0,1
pacs.010.001.06,/Document/FIDrctDbt/CdtInstr/IntrmyAgt2/BrnchId/PstlAdr/PstCd,PstCd,Max16Text,0,1
pacs.010.001.06,/Document/FIDrctDbt/CdtInstr/IntrmyAgt2/BrnchId/PstlAdr/TwnNm,TwnNm,Max140Text,0,1
pacs.010.001.06,/Document/FIDrctDbt/CdtInstr/IntrmyAgt2/BrnchId/PstlAdr/TwnLctnNm,TwnLctnNm,Max140Text,0,1
pacs.010.001.06,/Document/FIDrctDbt/CdtInstr/IntrmyAgt2/BrnchId/PstlAdr/DstrctNm,DstrctNm,Max140Text,0,1
pacs.010.001.06,/Document/FIDrctDbt/CdtInstr/IntrmyAgt2/BrnchId/PstlAdr/CtrySubDvsn,CtrySubDvsn,Max35Text,0,1
pacs.010.001.06,/Document/FIDrctDbt/CdtInstr/IntrmyAgt2/BrnchId/PstlAdr/Ctry,Ctry,CountryCode,0,1
pacs.010.001.06,/Document/FIDrctDbt/CdtInstr/IntrmyAgt2/BrnchId/PstlAdr/AdrLine,AdrLine,Max70Text,0,7
pacs.010.001.06,/Document/FIDrctDbt/CdtInstr/IntrmyAgt2Acct,IntrmyAgt2Acct,CashAccount40,0,1
pacs.010.001.06,/Document/FIDrctDbt/CdtInstr/IntrmyAgt2Acct/Id,Id,AccountIdentification4Choice,0,1
pacs.010.001.06,/Document/FIDrctDbt/CdtInstr/IntrmyAgt2Acct/Id/IBAN,IBAN,IBAN2007Identifier,1,1
pacs.010.001.06,/Document/FIDrctDbt/CdtInstr/IntrmyAgt2Acct/Id/Othr,Othr,GenericAccountIdentification1,1,1
pacs.010.001.06,/Document/FIDrctDbt/CdtInstr/IntrmyAgt2Acct/Id/Othr/Id,Id,Max34Text,1,1
pacs.010.001.06,/Document/FIDrctDbt/CdtInstr/IntrmyAgt2Acct/Id/Othr/SchmeNm,SchmeNm,AccountSchemeName1Choice,0,1
pacs.010.001.06,/Document/FIDrctDbt/CdtInstr/IntrmyAgt2Acct/Id/Othr/SchmeNm/Cd,Cd,ExternalAccountIdentification1Code,1,1
pacs.010.001.06,/Document/FIDrctDbt/CdtInstr/IntrmyAgt2Acct/Id/Othr/SchmeNm/Prtry,Prtry,Max35Text,1,1
pacs.010.001.06,/Document/FIDrctDbt/CdtInstr/IntrmyAgt2Acct/Id/Othr/Issr,Issr,Max35Text,0,1
pacs.010.001.06,/Document/FIDrctDbt/CdtInstr/IntrmyAgt2Acct/Tp,Tp,CashAccountType2Choice,0,1
pacs.010.001.06,/Document/FIDrctDbt/CdtInstr/IntrmyAgt2Acct/Tp/Cd,Cd,ExternalCashAccountType1Code,1,1
pacs.010.001.06,/Document/FIDrctDbt/CdtInstr/IntrmyAgt2Acct/Tp/Prtry,Prtry,Max35Text,1,1
pacs.010.001.06,/Document/FIDrctDbt/CdtInstr/IntrmyAgt2Acct/Ccy,Ccy,ActiveOrHistoricCurrencyCode,0,1
pacs.010.001.06,/Document/FIDrctDbt/CdtInstr/IntrmyAgt2Acct/Nm,Nm,Max70Text,0,1
pacs.010.001.06,/Document/FIDrctDbt/CdtInstr/IntrmyAgt2Acct/Prxy,Prxy,ProxyAccountIdentification1,0,1
pacs.010.001.06,/Document/FIDrctDbt/CdtInstr/IntrmyAgt2Acct/Prxy/Tp,Tp,ProxyAccountType1Choice,0,1
pacs.010.001.06,/Document/FIDrctDbt/CdtInstr/IntrmyAgt2Acct/Prxy/Tp/Cd,Cd,ExternalProxyAccountType1Code,1,1
pacs.010.001.06,/Document/FIDrctDbt/CdtInstr/IntrmyAgt2Acct/Prxy/Tp/Prtry,Prtry,Max35Text,1,1
pacs.010.001.06,/Document/FIDrctDbt/CdtInstr/IntrmyAgt2Acct/Prxy/Id,Id,Max2048Text,1,1
pacs.010.001.06,/Document/FIDrctDbt/CdtInstr/IntrmyAgt3,IntrmyAgt3,BranchAndFinancialInstitutionIdentification8,0,1
pacs.010.001.06,/Document/FIDrctDbt/CdtInstr/IntrmyAgt3/FinInstnId,FinInstnId,FinancialInstitutionIdentification23,1,1
pacs.010.001.06,/Document/FIDrctDbt/CdtInstr/IntrmyAgt3/FinInstnId/BICFI,BICFI,BICFIDec2014Identifier,0,1
pacs.010.001.06,/Document/FIDrctDbt/CdtInstr/IntrmyAgt3/FinInstnId/ClrSysMmbId,ClrSysMmbId,ClearingSystemMemberIdentification2,0,1
pacs.010.001.06,/Document/FIDrctDbt/CdtInstr/IntrmyAgt3/FinInstnId/ClrSysMmbId/ClrSysId,ClrSysId,ClearingSystemIdentification2Choice,0,1
pacs.010.001.06,/Document/FIDrctDbt/CdtInstr/IntrmyAgt3/FinInstnId/ClrSysMmbId/ClrSysId/Cd,Cd,ExternalClearingSystemIdentification1Code,1,1
pacs.010.001.06,/Document/FIDrctDbt/CdtInstr/IntrmyAgt3/FinInstnId/ClrSysMmbId/ClrSysId/Prtry,Prtry,Max35Text,1,1
pacs.010.001.06,/Document/FIDrctDbt/CdtInstr/IntrmyAgt3/FinInstnId/ClrSysMmbId/MmbId,MmbId,Max35Text,1,1
pacs.010.001.06,/Document/FIDrctDbt/CdtInstr/IntrmyAgt3/FinInstnId/LEI,LEI,LEIIdentifier,0,1
pacs.010.001.06,/Document/FIDrctDbt/CdtInstr/IntrmyAgt3/FinInstnId/Nm,Nm,Max140Text,0,1
pacs.010.001.06,/Document/FIDrctDbt/CdtInstr/IntrmyAgt3/FinInstnId/PstlAdr,PstlAdr,PostalAddress27,0,1
pacs.010.001.06,/Document/FIDrctDbt/CdtInstr/IntrmyAgt3/FinInstnId/PstlAdr/AdrTp,AdrTp,AddressType3Choice,0,1
pacs.010.001.06,/Document/FIDrctDbt/CdtInstr/IntrmyAgt3/FinInstnId/PstlAdr/AdrTp/Cd,Cd,AddressType2Code,1,1
pacs.010.001.06,/Document/FIDrctDbt/CdtInstr/IntrmyAgt3/FinInstnId/PstlAdr/AdrTp/Prtry,Prtry,GenericIdentification30,1,1
pacs.010.001.06,/Document/FIDrctDbt/CdtInstr/IntrmyAgt3/FinInstnId/PstlAdr/AdrTp/Prtry/Id,Id,Exact4AlphaNumericText,1,1
pacs.010.001.06,/Document/FIDrctDbt/CdtInstr/IntrmyAgt3/FinInstnId/PstlAdr/AdrTp/Prtry/Issr,Issr,Max35Text,1,1
pacs.010.001.06,/Document/FIDrctDbt/CdtInstr/IntrmyAgt3/FinInstnId/PstlAdr/AdrTp/Prtry/SchmeNm,SchmeNm,Max35Text,0,1
pacs.010.001.06,/Document/FIDrctDbt/CdtInstr/IntrmyAgt3/FinInstnId/PstlAdr/CareOf,CareOf,Max140Text,0,1
pacs.010.001.06,/Document/FIDrctDbt/CdtInstr/IntrmyAgt3/FinInstnId/PstlAdr/Dept,Dept,Max70Text,0,1
pacs.010.001.06,/Document/FIDrctDbt/CdtInstr/IntrmyAgt3/FinInstnId/PstlAdr/SubDept,SubDept,Max70Text,0,1
pacs.010.001.06,/Document/FIDrctDbt/CdtInstr/IntrmyAgt3/FinInstnId/PstlAdr/StrtNm,StrtNm,Max140Text,0,1
pacs.010.001.06,/Document/FIDrctDbt/CdtInstr/IntrmyAgt3/FinInstnId/PstlAdr/BldgNb,BldgNb,Max16Text,0,1
pacs.010.001.06,/Document/FIDrctDbt/CdtInstr/IntrmyAgt3/FinInstnId/PstlAdr/BldgNm,BldgNm,Max140Text,0,1
pacs.010.001.06,/Document/FIDrctDbt/CdtInstr/IntrmyAgt3/FinInstnId/PstlAdr/Flr,Flr,Max70Text,0,1
pacs.010.001.06,/Document/FIDrctDbt/CdtInstr/IntrmyAgt3/FinInstnId/PstlAdr/UnitNb,UnitNb,Max16Text,0,1
pacs.010.001.06,/Document/FIDrctDbt/CdtInstr/IntrmyAgt3/FinInstnId/PstlAdr/PstBx,PstBx,Max16Text,0,1
pacs.010.001.06,/Document/FIDrctDbt/CdtInstr/IntrmyAgt3/FinInstnId/PstlAdr/Room,Room,Max70Text,0,1
pacs.010.001.06,/Document/FIDrctDbt/CdtInstr/IntrmyAgt3/FinInstnId/PstlAdr/PstCd,PstCd,Max16Text,0,1
pacs.010.001.06,/Document/FIDrctDbt/CdtInstr/IntrmyAgt3/FinInstnId/PstlAdr/TwnNm,TwnNm,Max140Text,0,1
pacs.010.001.06,/Document/FIDrctDbt/CdtInstr/IntrmyAgt3/FinInstnId/PstlAdr/TwnLctnNm,TwnLctnNm,Max140Text,0,1
pacs.010.001.06,/Document/FIDrctDbt/CdtInstr/IntrmyAgt3/FinInstnId/PstlAdr/DstrctNm,DstrctNm,Max140Text,0,1
pacs.010.001.06,/Document/FIDrctDbt/CdtInstr/IntrmyAgt3/FinInstnId/PstlAdr/CtrySubDvsn,CtrySubDvsn,Max35Text,0,1
pacs.010.001.06,/Document/FIDrctDbt/CdtInstr/IntrmyAgt3/FinInstnId/PstlAdr/Ctry,Ctry,CountryCode,0,1
pacs.010.001.06,/Document/FIDrctDbt/CdtInstr/IntrmyAgt3/FinInstnId/PstlAdr/AdrLine,AdrLine,Max70Text,0,7
pacs.010.001.06,/Document/FIDrctDbt/CdtInstr/IntrmyAgt3/FinInstnId/Othr,Othr,GenericFinancialIdentification1,0,1
pacs.010.001.06,/Document/FIDrctDbt/CdtInstr/IntrmyAgt3/FinInstnId/Othr/Id,Id,Max35Text,1,1
pacs.010.001.06,/Document/FIDrctDbt/CdtInstr/IntrmyAgt3/FinInstnId/Othr/SchmeNm,SchmeNm,FinancialIdentificationSchemeName1Choice,0,1
pacs.010.001.06,/Document/FIDrctDbt/CdtInstr/IntrmyAgt3/FinInstnId/Othr/SchmeNm/Cd,Cd,ExternalFinancialInstitutionIdentification1Code,1,1
pacs.010.001.06,/Document/FIDrctDbt/CdtInstr/IntrmyAgt3/FinInstnId/Othr/SchmeNm/Prtry,Prtry,Max35Text,1,1
pacs.010.001.06,/Document/FIDrctDbt/CdtInstr/IntrmyAgt3/FinInstnId/Othr/Issr,Issr,Max35Text,0,1
pacs.010.001.06,/Document/FIDrctDbt/CdtInstr/IntrmyAgt3/BrnchId,BrnchId,BranchData5,0,1
pacs.010.001.06,/Document/FIDrctDbt/CdtInstr/IntrmyAgt3/BrnchId/Id,Id,Max35Text,0,1
pacs.010.001.06,/Document/FIDrctDbt/CdtInstr/IntrmyAgt3/BrnchId/LEI,LEI,LEIIdentifier,0,1
pacs.010.001.06,/Document/FIDrctDbt/CdtInstr/IntrmyAgt3/BrnchId/Nm,Nm,Max140Text,0,1
pacs.010.001.06,/Document/FIDrctDbt/CdtInstr/IntrmyAgt3/BrnchId/PstlAdr,PstlAdr,PostalAddress27,0,1
pacs.010.001.06,/Document/FIDrctDbt/CdtInstr/IntrmyAgt3/BrnchId/PstlAdr/AdrTp,AdrTp,AddressType3Choice,0,1
pacs.010.001.06,/Document/FIDrctDbt/CdtInstr/IntrmyAgt3/BrnchId/PstlAdr/AdrTp/Cd,Cd,AddressType2Code,1,1
pacs.010.001.06,/Document/FIDrctDbt/CdtInstr/IntrmyAgt3/BrnchId/PstlAdr/AdrTp/Prtry,Prtry,GenericIdentification30,1,1
pacs.010.001.06,/Document/FIDrctDbt/CdtInstr/IntrmyAgt3/BrnchId/PstlAdr/AdrTp/Prtry/Id,Id,Exact4AlphaNumericText,1,1
pacs.010.001.06,/Document/FIDrctDbt/CdtInstr/IntrmyAgt3/BrnchId/PstlAdr/AdrTp/Prtry/Issr,Issr,Max35Text,1,1
pacs.010.001.06,/Document/FIDrctDbt/CdtInstr/IntrmyAgt3/BrnchId/PstlAdr/AdrTp/Prtry/SchmeNm,SchmeNm,Max35Text,0,1
pacs.010.001.06,/Document/FIDrctDbt/CdtInstr/IntrmyAgt3/BrnchId/PstlAdr/CareOf,CareOf,Max140Text,0,1
pacs.010.001.06,/Document/FIDrctDbt/CdtInstr/IntrmyAgt3/BrnchId/PstlAdr/Dept,Dept,Max70Text,0,1
pacs.010.001.06,/Document/FIDrctDbt/CdtInstr/IntrmyAgt3/BrnchId/PstlAdr/SubDept,SubDept,Max70Text,0,1
pacs.010.001.06,/Document/FIDrctDbt/CdtInstr/IntrmyAgt3/BrnchId/PstlAdr/StrtNm,StrtNm,Max140Text,0,1
pacs.010.001.06,/Document/FIDrctDbt/CdtInstr/IntrmyAgt3/BrnchId/PstlAdr/BldgNb,BldgNb,Max16Text,0,1
pacs.010.001.06,/Document/FIDrctDbt/CdtInstr/IntrmyAgt3/BrnchId/PstlAdr/BldgNm,BldgNm,Max140Text,0,1
pacs.010.001.06,/Document/FIDrctDbt/CdtInstr/IntrmyAgt3/BrnchId/PstlAdr/Flr,Flr,Max70Text,0,1
pacs.010.001.06,/Document/FIDrctDbt/CdtInstr/IntrmyAgt3/BrnchId/PstlAdr/UnitNb,UnitNb,Max16Text,0,1
pacs.010.001.06,/Document/FIDrctDbt/CdtInstr/IntrmyAgt3/BrnchId/PstlAdr/PstBx,PstBx,Max16Text,0,1
pacs.010.001.06,/Document/FIDrctDbt/CdtInstr/IntrmyAgt3/BrnchId/PstlAdr/Room,Room,Max70Text,0,1
pacs.010.001.06,/Document/FIDrctDbt/CdtInstr/IntrmyAgt3/BrnchId/PstlAdr/PstCd,PstCd,Max16Text,0,1
pacs.010.001.06,/Document/FIDrctDbt/CdtInstr/IntrmyAgt3/BrnchId/PstlAdr/TwnNm,TwnNm,Max140Text,0,1
pacs.010.001.06,/Document/FIDrctDbt/CdtInstr/IntrmyAgt3/BrnchId/PstlAdr/TwnLctnNm,TwnLctnNm,Max140Text,0,1
pacs.010.001.06,/Document/FIDrctDbt/CdtInstr/IntrmyAgt3/BrnchId/PstlAdr/DstrctNm,DstrctNm,Max140Text,0,1
pacs.010.001.06,/Document/FIDrctDbt/CdtInstr/IntrmyAgt3/BrnchId/PstlAdr/CtrySubDvsn,CtrySubDvsn,Max35Text,0,1
pacs.010.001.06,/Document/FIDrctDbt/CdtInstr/IntrmyAgt3/BrnchId/PstlAdr/Ctry,Ctry,CountryCode,0,1
pacs.010.001.06,/Document/FIDrctDbt/CdtInstr/IntrmyAgt3/BrnchId/PstlAdr/AdrLine,AdrLine,Max70Text,0,7
pacs.010.001.06,/Document/FIDrctDbt/CdtInstr/IntrmyAgt3Acct,IntrmyAgt3Acct,CashAccount40,0,1
pacs.010.001.06,/Document/FIDrctDbt/CdtInstr/IntrmyAgt3Acct/Id,Id,AccountIdentification4Choice,0,1
pacs.010.001.06,/Document/FIDrctDbt/CdtInstr/IntrmyAgt3Acct/Id/IBAN,IBAN,IBAN2007Identifier,1,1
pacs.010.001.06,/Document/FIDrctDbt/CdtInstr/IntrmyAgt3Acct/Id/Othr,Othr,GenericAccountIdentification1,1,1
pacs.010.001.06,/Document/FIDrctDbt/CdtInstr/IntrmyAgt3Acct/Id/Othr/Id,Id,Max34Text,1,1
pacs.010.001.06,/Document/FIDrctDbt/CdtInstr/IntrmyAgt3Acct/Id/Othr/SchmeNm,SchmeNm,AccountSchemeName1Choice,0,1
pacs.010.001.06,/Document/FIDrctDbt/CdtInstr/IntrmyAgt3Acct/Id/Othr/SchmeNm/Cd,Cd,ExternalAccountIdentification1Code,1,1
pacs.010.001.06,/Document/FIDrctDbt/CdtInstr/IntrmyAgt3Acct/Id/Othr/SchmeNm/Prtry,Prtry,Max35Text,1,1
pacs.010.001.06,/Document/FIDrctDbt/CdtInstr/IntrmyAgt3Acct/Id/Othr/Issr,Issr,Max35Text,0,1
pacs.010.001.06,/Document/FIDrctDbt/CdtInstr/IntrmyAgt3Acct/Tp,Tp,CashAccountType2Choice,0,1
pacs.010.001.06,/Document/FIDrctDbt/CdtInstr/IntrmyAgt3Acct/Tp/Cd,Cd,ExternalCashAccountType1Code,1,1
pacs.010.001.06,/Document/FIDrctDbt/CdtInstr/IntrmyAgt3Acct/Tp/Prtry,Prtry,Max35Text,1,1
pacs.010.001.06,/Document/FIDrctDbt/CdtInstr/IntrmyAgt3Acct/Ccy,Ccy,ActiveOrHistoricCurrencyCode,0,1
pacs.010.001.06,/Document/FIDrctDbt/CdtInstr/IntrmyAgt3Acct/Nm,Nm,Max70Text,0,1
pacs.010.001.06,/Document/FIDrctDbt/CdtInstr/IntrmyAgt3Acct/Prxy,Prxy,ProxyAccountIdentification1,0,1
pacs.010.001.06,/Document/FIDrctDbt/CdtInstr/IntrmyAgt3Acct/Prxy/Tp,Tp,ProxyAccountType1Choice,0,1
pacs.010.001.06,/Document/FIDrctDbt/CdtInstr/IntrmyAgt3Acct/Prxy/Tp/Cd,Cd,ExternalProxyAccountType1Code,1,1
pacs.010.001.06,/Document/FIDrctDbt/CdtInstr/IntrmyAgt3Acct/Prxy/Tp/Prtry,Prtry,Max35Text,1,1
pacs.010.001.06,/Document/FIDrctDbt/CdtInstr/IntrmyAgt3Acct/Prxy/Id,Id,Max2048Text,1,1
pacs.010.001.06,/Document/FIDrctDbt/CdtInstr/CdtrAgt,CdtrAgt,BranchAndFinancialInstitutionIdentification8,0,1
pacs.010.001.06,/Document/FIDrctDbt/CdtInstr/CdtrAgt/FinInstnId,FinInstnId,FinancialInstitutionIdentification23,1,1
pacs.010.001.06,/Document/FIDrctDbt/CdtInstr/CdtrAgt/FinInstnId/BICFI,BICFI,BICFIDec2014Identifier,0,1
pacs.010.001.06,/Document/FIDrctDbt/CdtInstr/CdtrAgt/FinInstnId/ClrSysMmbId,ClrSysMmbId,ClearingSystemMemberIdentification2,0,1
pacs.010.001.06,/Document/FIDrctDbt/CdtInstr/CdtrAgt/FinInstnId/ClrSysMmbId/ClrSysId,ClrSysId,ClearingSystemIdentification2Choice,0,1
pacs.010.001.06,/Document/FIDrctDbt/CdtInstr/CdtrAgt/FinInstnId/ClrSysMmbId/ClrSysId/Cd,Cd,ExternalClearingSystemIdentification1Code,1,1
pacs.010.001.06,/Document/FIDrctDbt/CdtInstr/CdtrAgt/FinInstnId/ClrSysMmbId/ClrSysId/Prtry,Prtry,Max35Text,1,1
pacs.010.001.06,/Document/FIDrctDbt/CdtInstr/CdtrAgt/FinInstnId/ClrSysMmbId/MmbId,MmbId,Max35Text,1,1
pacs.010.001.06,/Document/FIDrctDbt/CdtInstr/CdtrAgt/FinInstnId/LEI,LEI,LEIIdentifier,0,1
pacs.010.001.06,/Document/FIDrctDbt/CdtInstr/CdtrAgt/FinInstnId/Nm,Nm,Max140Text,0,1
pacs.010.001.06,/Document/FIDrctDbt/CdtInstr/CdtrAgt/FinInstnId/PstlAdr,PstlAdr,PostalAddress27,0,1
pacs.010.001.06,/Document/FIDrctDbt/CdtInstr/CdtrAgt/FinInstnId/PstlAdr/AdrTp,AdrTp,AddressType3Choice,0,1
pacs.010.001.06,/Document/FIDrctDbt/CdtInstr/CdtrAgt/FinInstnId/PstlAdr/AdrTp/Cd,Cd,AddressType2Code,1,1
pacs.010.001.06,/Document/FIDrctDbt/CdtInstr/CdtrAgt/FinInstnId/PstlAdr/AdrTp/Prtry,Prtry,GenericIdentification30,1,1
pacs.010.001.06,/Document/FIDrctDbt/CdtInstr/CdtrAgt/FinInstnId/PstlAdr/AdrTp/Prtry/Id,Id,Exact4AlphaNumericText,1,1
pacs.010.001.06,/Document/FIDrctDbt/CdtInstr/CdtrAgt/FinInstnId/PstlAdr/AdrTp/Prtry/Issr,Issr,Max35Text,1,1
pacs.010.001.06,/Document/FIDrctDbt/CdtInstr/CdtrAgt/FinInstnId/PstlAdr/AdrTp/Prtry/SchmeNm,SchmeNm,Max35Text,0,1
pacs.010.001.06,/Document/FIDrctDbt/CdtInstr/CdtrAgt/FinInstnId/PstlAdr/CareOf,CareOf,Max140Text,0,1
pacs.010.001.06,/Document/FIDrctDbt/CdtInstr/CdtrAgt/FinInstnId/PstlAdr/Dept,Dept,Max70Text,0,1
pacs.010.001.06,/Document/FIDrctDbt/CdtInstr/CdtrAgt/FinInstnId/PstlAdr/SubDept,SubDept,Max70Text,0,1
pacs.010.001.06,/Document/FIDrctDbt/CdtInstr/CdtrAgt/FinInstnId/PstlAdr/StrtNm,StrtNm,Max140Text,0,1
pacs.010.001.06,/Document/FIDrctDbt/CdtInstr/CdtrAgt/FinInstnId/PstlAdr/BldgNb,BldgNb,Max16Text,0,1
pacs.010.001.06,/Document/FIDrctDbt/CdtInstr/CdtrAgt/FinInstnId/PstlAdr/BldgNm,BldgNm,Max140Text,0,1
pacs.010.001.06,/Document/FIDrctDbt/CdtInstr/CdtrAgt/FinInstnId/PstlAdr/Flr,Flr,Max70Text,0,1
pacs.010.001.06,/Document/FIDrctDbt/CdtInstr/CdtrAgt/FinInstnId/PstlAdr/UnitNb,UnitNb,Max16Text,0,1
pacs.010.001.06,/Document/FIDrctDbt/CdtInstr/CdtrAgt/FinInstnId/PstlAdr/PstBx,PstBx,Max16Text,0,1
pacs.010.001.06,/Document/FIDrctDbt/CdtInstr/CdtrAgt/FinInstnId/PstlAdr/Room,Room,Max70Text,0,1
pacs.010.001.06,/Document/FIDrctDbt/CdtInstr/CdtrAgt/FinInstnId/PstlAdr/PstCd,PstCd,Max16Text,0,1
pacs.010.001.06,/Document/FIDrctDbt/CdtInstr/CdtrAgt/FinInstnId/PstlAdr/TwnNm,TwnNm,Max140Text,0,1
pacs.010.001.06,/Document/FIDrctDbt/CdtInstr/CdtrAgt/FinInstnId/PstlAdr/TwnLctnNm,TwnLctnNm,Max140Text,0,1
pacs.010.001.06,/Document/FIDrctDbt/CdtInstr/CdtrAgt/FinInstnId/PstlAdr/DstrctNm,DstrctNm,Max140Text,0,1
pacs.010.001.06,/Document/FIDrctDbt/CdtInstr/CdtrAgt/FinInstnId/PstlAdr/CtrySubDvsn,CtrySubDvsn,Max35Text,0,1
pacs.010.001.06,/Document/FIDrctDbt/CdtInstr/CdtrAgt/FinInstnId/PstlAdr/Ctry,Ctry,CountryCode,0,1
pacs.010.001.06,/Document/FIDrctDbt/CdtInstr/CdtrAgt/FinInstnId/PstlAdr/AdrLine,AdrLine,Max70Text,0,7
pacs.010.001.06,/Document/FIDrctDbt/CdtInstr/CdtrAgt/FinInstnId/Othr,Othr,GenericFinancialIdentification1,0,1
pacs.010.001.06,/Document/FIDrctDbt/CdtInstr/CdtrAgt/FinInstnId/Othr/Id,Id,Max35Text,1,1
pacs.010.001.06,/Document/FIDrctDbt/CdtInstr/CdtrAgt/FinInstnId/Othr/SchmeNm,SchmeNm,FinancialIdentificationSchemeName1Choice,0,1
pacs.010.001.06,/Document/FIDrctDbt/CdtInstr/CdtrAgt/FinInstnId/Othr/SchmeNm/Cd,Cd,ExternalFinancialInstitutionIdentification1Code,1,1
pacs.010.001.06,/Document/FIDrctDbt/CdtInstr/CdtrAgt/FinInstnId/Othr/SchmeNm/Prtry,Prtry,Max35Text,1,1
pacs.010.001.06,/Document/FIDrctDbt/CdtInstr/CdtrAgt/FinInstnId/Othr/Issr,Issr,Max35Text,0,1
pacs.010.001.06,/Document/FIDrctDbt/CdtInstr/CdtrAgt/BrnchId,BrnchId,BranchData5,0,1
pacs.010.001.06,/Document/FIDrctDbt/CdtInstr/CdtrAgt/BrnchId/Id,Id,Max35Text,0,1
pacs.010.001.06,/Document/FIDrctDbt/CdtInstr/CdtrAgt/BrnchId/LEI,LEI,LEIIdentifier,0,1
pacs.010.001.06,/Document/FIDrctDbt/CdtInstr/CdtrAgt/BrnchId/Nm,Nm,Max140Text,0,1
pacs.010.001.06,/Document/FIDrctDbt/CdtInstr/CdtrAgt/BrnchId/PstlAdr,PstlAdr,PostalAddress27,0,1
pacs.010.001.06,/Document/FIDrctDbt/CdtInstr/CdtrAgt/BrnchId/PstlAdr/AdrTp,AdrTp,AddressType3Choice,0,1
pacs.010.001.06,/Document/FIDrctDbt/CdtInstr/CdtrAgt/BrnchId/PstlAdr/AdrTp/Cd,Cd,AddressType2Code,1,1
pacs.010.001.06,/Document/FIDrctDbt/CdtInstr/CdtrAgt/BrnchId/PstlAdr/AdrTp/Prtry,Prtry,GenericIdentification30,1,1
pacs.010.001.06,/Document/FIDrctDbt/CdtInstr/CdtrAgt/BrnchId/PstlAdr/AdrTp/Prtry/Id,Id,Exact4AlphaNumericText,1,1
pacs.010.001.06,/Document/FIDrctDbt/CdtInstr/CdtrAgt/BrnchId/PstlAdr/AdrTp/Prtry/Issr,Issr,Max35Text,1,1
pacs.010.001.06,/Document/FIDrctDbt/CdtInstr/CdtrAgt/BrnchId/PstlAdr/AdrTp/Prtry/SchmeNm,SchmeNm,Max35Text,0,1
pacs.010.001.06,/Document/FIDrctDbt/CdtInstr/CdtrAgt/BrnchId/PstlAdr/CareOf,CareOf,Max140Text,0,1
pacs.010.001.06,/Document/FIDrctDbt/CdtInstr/CdtrAgt/BrnchId/PstlAdr/Dept,Dept,Max70Text,0,1
pacs.010.001.06,/Document/FIDrctDbt/CdtInstr/CdtrAgt/BrnchId/PstlAdr/SubDept,SubDept,Max70Text,0,1
pacs.010.001.06,/Document/FIDrctDbt/CdtInstr/CdtrAgt/BrnchId/PstlAdr/StrtNm,StrtNm,Max140Text,0,1
pacs.010.001.06,/Document/FIDrctDbt/CdtInstr/CdtrAgt/BrnchId/PstlAdr/BldgNb,BldgNb,Max16Text,0,1
pacs.010.001.06,/Document/FIDrctDbt/CdtInstr/CdtrAgt/BrnchId/PstlAdr/BldgNm,BldgNm,Max140Text,0,1
pacs.010.001.06,/Document/FIDrctDbt/CdtInstr/CdtrAgt/BrnchId/PstlAdr/Flr,Flr,Max70Text,0,1
pacs.010.001.06,/Document/FIDrctDbt/CdtInstr/CdtrAgt/BrnchId/PstlAdr/UnitNb,UnitNb,Max16Text,0,1
pacs.010.001.06,/Document/FIDrctDbt/CdtInstr/CdtrAgt/BrnchId/PstlAdr/PstBx,PstBx,Max16Text,0,1
pacs.010.001.06,/Document/FIDrctDbt/CdtInstr/CdtrAgt/BrnchId/PstlAdr/Room,Room,Max70Text,0,1
pacs.010.001.06,/Document/FIDrctDbt/CdtInstr/CdtrAgt/BrnchId/PstlAdr/PstCd,PstCd,Max16Text,0,1
pacs.010.001.06,/Document/FIDrctDbt/CdtInstr/CdtrAgt/BrnchId/PstlAdr/TwnNm,TwnNm,Max140Text,0,1
pacs.010.001.06,/Document/FIDrctDbt/CdtInstr/CdtrAgt/BrnchId/PstlAdr/TwnLctnNm,TwnLctnNm,Max140Text,0,1
pacs.010.001.06,/Document/FIDrctDbt/CdtInstr/CdtrAgt/BrnchId/PstlAdr/DstrctNm,DstrctNm,Max140Text,0,1
pacs.010.001.06,/Document/FIDrctDbt/CdtInstr/CdtrAgt/BrnchId/PstlAdr/CtrySubDvsn,CtrySubDvsn,Max35Text,0,1
pacs.010.001.06,/Document/FIDrctDbt/CdtInstr/CdtrAgt/BrnchId/PstlAdr/Ctry,Ctry,CountryCode,0,1
pacs.010.001.06,/Document/FIDrctDbt/CdtInstr/CdtrAgt/BrnchId/PstlAdr/AdrLine,AdrLine,Max70Text,0,7
pacs.010.001.06,/Document/FIDrctDbt/CdtInstr/CdtrAgtAcct,CdtrAgtAcct,CashAccount40,0,1
pacs.010.001.06,/Document/FIDrctDbt/CdtInstr/CdtrAgtAcct/Id,Id,AccountIdentification4Choice,0,1
pacs.010.001.06,/Document/FIDrctDbt/CdtInstr/CdtrAgtAcct/Id/IBAN,IBAN,IBAN2007Identifier,1,1
pacs.010.001.06,/Document/FIDrctDbt/CdtInstr/CdtrAgtAcct/Id/Othr,Othr,GenericAccountIdentification1,1,1
pacs.010.001.06,/Document/FIDrctDbt/CdtInstr/CdtrAgtAcct/Id/Othr/Id,Id,Max34Text,1,1
pacs.010.001.06,/Document/FIDrctDbt/CdtInstr/CdtrAgtAcct/Id/Othr/SchmeNm,SchmeNm,AccountSchemeName1Choice,0,1
pacs.010.001.06,/Document/FIDrctDbt/CdtInstr/CdtrAgtAcct/Id/Othr/SchmeNm/Cd,Cd,ExternalAccountIdentification1Code,1,1
pacs.010.001.06,/Document/FIDrctDbt/CdtInstr/CdtrAgtAcct/Id/Othr/SchmeNm/Prtry,Prtry,Max35Text,1,1
pacs.010.001.06,/Document/FIDrctDbt/CdtInstr/CdtrAgtAcct/Id/Othr/Issr,Issr,Max35Text,0,1
pacs.010.001.06,/Document/FIDrctDbt/CdtInstr/CdtrAgtAcct/Tp,Tp,CashAccountType2Choice,0,1
pacs.010.001.06,/Document/FIDrctDbt/CdtInstr/CdtrAgtAcct/Tp/Cd,Cd,ExternalCashAccountType1Code,1,1
pacs.010.001.06,/Document/FIDrctDbt/CdtInstr/CdtrAgtAcct/Tp/Prtry,Prtry,Max35Text,1,1
pacs.010.001.06,/Document/FIDrctDbt/CdtInstr/CdtrAgtAcct/Ccy,Ccy,ActiveOrHistoricCurrencyCode,0,1
pacs.010.001.06,/Document/FIDrctDbt/CdtInstr/CdtrAgtAcct/Nm,Nm,Max70Text,0,1
pacs.010.001.06,/Document/FIDrctDbt/CdtInstr/CdtrAgtAcct/Prxy,Prxy,ProxyAccountIdentification1,0,1
pacs.010.001.06,/Document/FIDrctDbt/CdtInstr/CdtrAgtAcct/Prxy/Tp,Tp,ProxyAccountType1Choice,0,1
pacs.010.001.06,/Document/FIDrctDbt/CdtInstr/CdtrAgtAcct/Prxy/Tp/Cd,Cd,ExternalProxyAccountType1Code,1,1
pacs.010.001.06,/Document/FIDrctDbt/CdtInstr/CdtrAgtAcct/Prxy/Tp/Prtry,Prtry,Max35Text,1,1
pacs.010.001.06,/Document/FIDrctDbt/CdtInstr/CdtrAgtAcct/Prxy/Id,Id,Max2048Text,1,1
pacs.010.001.06,/Document/FIDrctDbt/CdtInstr/Cdtr,Cdtr,BranchAndFinancialInstitutionIdentification8,1,1
pacs.010.001.06,/Document/FIDrctDbt/CdtInstr/Cdtr/FinInstnId,FinInstnId,FinancialInstitutionIdentification23,1,1
pacs.010.001.06,/Document/FIDrctDbt/CdtInstr/Cdtr/FinInstnId/BICFI,BICFI,BICFIDec2014Identifier,0,1
pacs.010.001.06,/Document/FIDrctDbt/CdtInstr/Cdtr/FinInstnId/ClrSysMmbId,ClrSysMmbId,ClearingSystemMemberIdentification2,0,1
pacs.010.001.06,/Document/FIDrctDbt/CdtInstr/Cdtr/FinInstnId/ClrSysMmbId/ClrSysId,ClrSysId,ClearingSystemIdentification2Choice,0,1
pacs.010.001.06,/Document/FIDrctDbt/CdtInstr/Cdtr/FinInstnId/ClrSysMmbId/ClrSysId/Cd,Cd,ExternalClearingSystemIdentification1Code,1,1
pacs.010.001.06,/Document/FIDrctDbt/CdtInstr/Cdtr/FinInstnId/ClrSysMmbId/ClrSysId/Prtry,Prtry,Max35Text,1,1
pacs.010.001.06,/Document/FIDrctDbt/CdtInstr/Cdtr/FinInstnId/ClrSysMmbId/MmbId,MmbId,Max35Text,1,1
pacs.010.001.06,/Document/FIDrctDbt/CdtInstr/Cdtr/FinInstnId/LEI,LEI,LEIIdentifier,0,1
pacs.010.001.06,/Document/FIDrctDbt/CdtInstr/Cdtr/FinInstnId/Nm,Nm,Max140Text,0,1
pacs.010.001.06,/Document/FIDrctDbt/CdtInstr/Cdtr/FinInstnId/PstlAdr,PstlAdr,PostalAddress27,0,1
pacs.010.001.06,/Document/FIDrctDbt/CdtInstr/Cdtr/FinInstnId/PstlAdr/AdrTp,AdrTp,AddressType3Choice,0,1
pacs.010.001.06,/Document/FIDrctDbt/CdtInstr/Cdtr/FinInstnId/PstlAdr/AdrTp/Cd,Cd,AddressType2Code,1,1
pacs.010.001.06,/Document/FIDrctDbt/CdtInstr/Cdtr/FinInstnId/PstlAdr/AdrTp/Prtry,Prtry,GenericIdentification30,1,1
pacs.010.001.06,/Document/FIDrctDbt/CdtInstr/Cdtr/FinInstnId/PstlAdr/AdrTp/Prtry/Id,Id,Exact4AlphaNumericText,1,1
pacs.010.001.06,/Document/FIDrctDbt/CdtInstr/Cdtr/FinInstnId/PstlAdr/AdrTp/Prtry/Issr,Issr,Max35Text,1,1
pacs.010.001.06,/Document/FIDrctDbt/CdtInstr/Cdtr/FinInstnId/PstlAdr/AdrTp/Prtry/SchmeNm,SchmeNm,Max35Text,0,1
pacs.010.001.06,/Document/FIDrctDbt/CdtInstr/Cdtr/FinInstnId/PstlAdr/CareOf,CareOf,Max140Text,0,1
pacs.010.001.06,/Document/FIDrctDbt/CdtInstr/Cdtr/FinInstnId/PstlAdr/Dept,Dept,Max70Text,0,1
pacs.010.001.06,/Document/FIDrctDbt/CdtInstr/Cdtr/FinInstnId/PstlAdr/SubDept,SubDept,Max70Text,0,1
pacs.010.001.06,/Document/FIDrctDbt/CdtInstr/Cdtr/FinInstnId/PstlAdr/StrtNm,StrtNm,Max140Text,0,1
pacs.010.001.06,/Document/FIDrctDbt/CdtInstr/Cdtr/FinInstnId/PstlAdr/BldgNb,BldgNb,Max16Text,0,1
pacs.010.001.06,/Document/FIDrctDbt/CdtInstr/Cdtr/FinInstnId/PstlAdr/BldgNm,BldgNm,Max140Text,0,1
pacs.010.001.06,/Document/FIDrctDbt/CdtInstr/Cdtr/FinInstnId/PstlAdr/Flr,Flr,Max70Text,0,1
pacs.010.001.06,/Document/FIDrctDbt/CdtInstr/Cdtr/FinInstnId/PstlAdr/UnitNb,UnitNb,Max16Text,0,1
pacs.010.001.06,/Document/FIDrctDbt/CdtInstr/Cdtr/FinInstnId/PstlAdr/PstBx,PstBx,Max16Text,0,1
pacs.010.001.06,/Document/FIDrctDbt/CdtInstr/Cdtr/FinInstnId/PstlAdr/Room,Room,Max70Text,0,1
pacs.010.001.06,/Document/FIDrctDbt/CdtInstr/Cdtr/FinInstnId/PstlAdr/PstCd,PstCd,Max16Text,0,1
pacs.010.001.06,/Document/FIDrctDbt/CdtInstr/Cdtr/FinInstnId/PstlAdr/TwnNm,TwnNm,Max140Text,0,1
pacs.010.001.06,/Document/FIDrctDbt/CdtInstr/Cdtr/FinInstnId/PstlAdr/TwnLctnNm,TwnLctnNm,Max140Text,0,1
pacs.010.001.06,/Document/FIDrctDbt/CdtInstr/Cdtr/FinInstnId/PstlAdr/DstrctNm,DstrctNm,Max140Text,0,1
pacs.010.001.06,/Document/FIDrctDbt/CdtInstr/Cdtr/FinInstnId/PstlAdr/CtrySubDvsn,CtrySubDvsn,Max35Text,0,1
pacs.010.001.06,/Document/FIDrctDbt/CdtInstr/Cdtr/FinInstnId/PstlAdr/Ctry,Ctry,CountryCode,0,1
pacs.010.001.06,/Document/FIDrctDbt/CdtInstr/Cdtr/FinInstnId/PstlAdr/AdrLine,AdrLine,Max70Text,0,7
pacs.010.001.06,/Document/FIDrctDbt/CdtInstr/Cdtr/FinInstnId/Othr,Othr,GenericFinancialIdentification1,0,1
pacs.010.001.06,/Document/FIDrctDbt/CdtInstr/Cdtr/FinInstnId/Othr/Id,Id,Max35Text,1,1
pacs.010.001.06,/Document/FIDrctDbt/CdtInstr/Cdtr/FinInstnId/Othr/SchmeNm,SchmeNm,FinancialIdentificationSchemeName1Choice,0,1
pacs.010.001.06,/Document/FIDrctDbt/CdtInstr/Cdtr/FinInstnId/Othr/SchmeNm/Cd,Cd,ExternalFinancialInstitutionIdentification1Code,1,1
pacs.010.001.06,/Document/FIDrctDbt/CdtInstr/Cdtr/FinInstnId/Othr/SchmeNm/Prtry,Prtry,Max35Text,1,1
pacs.010.001.06,/Document/FIDrctDbt/CdtInstr/Cdtr/FinInstnId/Othr/Issr,Issr,Max35Text,0,1
pacs.010.001.06,/Document/FIDrctDbt/CdtInstr/Cdtr/BrnchId,BrnchId,BranchData5,0,1
pacs.010.001.06,/Document/FIDrctDbt/CdtInstr/Cdtr/BrnchId/Id,Id,Max35Text,0,1
pacs.010.001.06,/Document/FIDrctDbt/CdtInstr/Cdtr/BrnchId/LEI,LEI,LEIIdentifier,0,1
pacs.010.001.06,/Document/FIDrctDbt/CdtInstr/Cdtr/BrnchId/Nm,Nm,Max140Text,0,1
pacs.010.001.06,/Document/FIDrctDbt/CdtInstr/Cdtr/BrnchId/PstlAdr,PstlAdr,PostalAddress27,0,1
pacs.010.001.06,/Document/FIDrctDbt/CdtInstr/Cdtr/BrnchId/PstlAdr/AdrTp,AdrTp,AddressType3Choice,0,1
pacs.010.001.06,/Document/FIDrctDbt/CdtInstr/Cdtr/BrnchId/PstlAdr/AdrTp/Cd,Cd,AddressType2Code,1,1
pacs.010.001.06,/Document/FIDrctDbt/CdtInstr/Cdtr/BrnchId/PstlAdr/AdrTp/Prtry,Prtry,GenericIdentification30,1,1
pacs.010.001.06,/Document/FIDrctDbt/CdtInstr/Cdtr/BrnchId/PstlAdr/AdrTp/Prtry/Id,Id,Exact4AlphaNumericText,1,1
pacs.010.001.06,/Document/FIDrctDbt/CdtInstr/Cdtr/BrnchId/PstlAdr/AdrTp/Prtry/Issr,Issr,Max35Text,1,1
pacs.010.001.06,/Document/FIDrctDbt/CdtInstr/Cdtr/BrnchId/PstlAdr/AdrTp/Prtry/SchmeNm,SchmeNm,Max35Text,0,1
pacs.010.001.06,/Document/FIDrctDbt/CdtInstr/Cdtr/BrnchId/PstlAdr/CareOf,CareOf,Max140Text,0,1
pacs.010.001.06,/Document/FIDrctDbt/CdtInstr/Cdtr/BrnchId/PstlAdr/Dept,Dept,Max70Text,0,1
pacs.010.001.06,/Document/FIDrctDbt/CdtInstr/Cdtr/BrnchId/PstlAdr/SubDept,SubDept,Max70Text,0,1
pacs.010.001.06,/Document/FIDrctDbt/CdtInstr/Cdtr/BrnchId/PstlAdr/StrtNm,StrtNm,Max140Text,0,1
pacs.010.001.06,/Document/FIDrctDbt/CdtInstr/Cdtr/BrnchId/PstlAdr/BldgNb,BldgNb,Max16Text,0,1
pacs.010.001.06,/Document/FIDrctDbt/CdtInstr/Cdtr/BrnchId/PstlAdr/BldgNm,BldgNm,Max140Text,0,1
pacs.010.001.06,/Document/FIDrctDbt/CdtInstr/Cdtr/BrnchId/PstlAdr/Flr,Flr,Max70Text,0,1
pacs.010.001.06,/Document/FIDrctDbt/CdtInstr/Cdtr/BrnchId/PstlAdr/UnitNb,UnitNb,Max16Text,0,1
pacs.010.001.06,/Document/FIDrctDbt/CdtInstr/Cdtr/BrnchId/PstlAdr/PstBx,PstBx,Max16Text,0,1
pacs.010.001.06,/Document/FIDrctDbt/CdtInstr/Cdtr/BrnchId/PstlAdr/Room,Room,Max70Text,0,1
pacs.010.001.06,/Document/FIDrctDbt/CdtInstr/Cdtr/BrnchId/PstlAdr/PstCd,PstCd,Max16Text,0,1
pacs.010.001.06,/Document/FIDrctDbt/CdtInstr/Cdtr/BrnchId/PstlAdr/TwnNm,TwnNm,Max140Text,0,1
pacs.010.001.06,/Document/FIDrctDbt/CdtInstr/Cdtr/BrnchId/PstlAdr/TwnLctnNm,TwnLctnNm,Max140Text,0,1
pacs.010.001.06,/Document/FIDrctDbt/CdtInstr/Cdtr/BrnchId/PstlAdr/DstrctNm,DstrctNm,Max140Text,0,1
pacs.010.001.06,/Document/FIDrctDbt/CdtInstr/Cdtr/BrnchId/PstlAdr/CtrySubDvsn,CtrySubDvsn,Max35Text,0,1
pacs.010.001.06,/Document/FIDrctDbt/CdtInstr/Cdtr/BrnchId/PstlAdr/Ctry,Ctry,CountryCode,0,1
pacs.010.001.06,/Document/FIDrctDbt/CdtInstr/Cdtr/BrnchId/PstlAdr/AdrLine,AdrLine,Max70Text,0,7
pacs.010.001.06,/Document/FIDrctDbt/CdtInstr/CdtrAcct,CdtrAcct,CashAccount40,0,1
pacs.010.001.06,/Document/FIDrctDbt/CdtInstr/CdtrAcct/Id,Id,AccountIdentification4Choice,0,1
pacs.010.001.06,/Document/FIDrctDbt/CdtInstr/CdtrAcct/Id/IBAN,IBAN,IBAN2007Identifier,1,1
pacs.010.001.06,/Document/FIDrctDbt/CdtInstr/CdtrAcct/Id/Othr,Othr,GenericAccountIdentification1,1,1
pacs.010.001.06,/Document/FIDrctDbt/CdtInstr/CdtrAcct/Id/Othr/Id,Id,Max34Text,1,1
pacs.010.001.06,/Document/FIDrctDbt/CdtInstr/CdtrAcct/Id/Othr/SchmeNm,SchmeNm,AccountSchemeName1Choice,0,1
pacs.010.001.06,/Document/FIDrctDbt/CdtInstr/CdtrAcct/Id/Othr/SchmeNm/Cd,Cd,ExternalAccountIdentification1Code,1,1
pacs.010.001.06,/Document/FIDrctDbt/CdtInstr/CdtrAcct/Id/Othr/SchmeNm/Prtry,Prtry,Max35Text,1,1
pacs.010.001.06,/Document/FIDrctDbt/CdtInstr/CdtrAcct/Id/Othr/Issr,Issr,Max35Text,0,1
pacs.010.001.06,/Document/FIDrctDbt/CdtInstr/CdtrAcct/Tp,Tp,CashAccountType2Choice,0,1
pacs.010.001.06,/Document/FIDrctDbt/CdtInstr/CdtrAcct/Tp/Cd,Cd,ExternalCashAccountType1Code,1,1
pacs.010.001.06,/Document/FIDrctDbt/CdtInstr/CdtrAcct/Tp/Prtry,Prtry,Max35Text,1,1
pacs.010.001.06,/Document/FIDrctDbt/CdtInstr/CdtrAcct/Ccy,Ccy,ActiveOrHistoricCurrencyCode,0,1
pacs.010.001.06,/Document/FIDrctDbt/CdtInstr/CdtrAcct/Nm,Nm,Max70Text,0,1
pacs.010.001.06,/Document/FIDrctDbt/CdtInstr/CdtrAcct/Prxy,Prxy,ProxyAccountIdentification1,0,1
pacs.010.001.06,/Document/FIDrctDbt/CdtInstr/CdtrAcct/Prxy/Tp,Tp,ProxyAccountType1Choice,0,1
pacs.010.001.06,/Document/FIDrctDbt/CdtInstr/CdtrAcct/Prxy/Tp/Cd,Cd,ExternalProxyAccountType1Code,1,1
pacs.010.001.06,/Document/FIDrctDbt/CdtInstr/CdtrAcct/Prxy/Tp/Prtry,Prtry,Max35Text,1,1
pacs.010.001.06,/Document/FIDrctDbt/CdtInstr/CdtrAcct/Prxy/Id,Id,Max2048Text,1,1
pacs.010.001.06,/Document/FIDrctDbt/CdtInstr/UltmtCdtr,UltmtCdtr,BranchAndFinancialInstitutionIdentification8,0,1
pacs.010.001.06,/Document/FIDrctDbt/CdtInstr/UltmtCdtr/FinInstnId,FinInstnId,FinancialInstitutionIdentification23,1,1
pacs.010.001.06,/Document/FIDrctDbt/CdtInstr/UltmtCdtr/FinInstnId/BICFI,BICFI,BICFIDec2014Identifier,0,1
pacs.010.001.06,/Document/FIDrctDbt/CdtInstr/UltmtCdtr/FinInstnId/ClrSysMmbId,ClrSysMmbId,ClearingSystemMemberIdentification2,0,1
pacs.010.001.06,/Document/FIDrctDbt/CdtInstr/UltmtCdtr/FinInstnId/ClrSysMmbId/ClrSysId,ClrSysId,ClearingSystemIdentification2Choice,0,1
pacs.010.001.06,/Document/FIDrctDbt/CdtInstr/UltmtCdtr/FinInstnId/ClrSysMmbId/ClrSysId/Cd,Cd,ExternalClearingSystemIdentification1Code,1,1
pacs.010.001.06,/Document/FIDrctDbt/CdtInstr/UltmtCdtr/FinInstnId/ClrSysMmbId/ClrSysId/Prtry,Prtry,Max35Text,1,1
pacs.010.001.06,/Document/FIDrctDbt/CdtInstr/UltmtCdtr/FinInstnId/ClrSysMmbId/MmbId,MmbId,Max35Text,1,1
pacs.010.001.06,/Document/FIDrctDbt/CdtInstr/UltmtCdtr/FinInstnId/LEI,LEI,LEIIdentifier,0,1
pacs.010.001.06,/Document/FIDrctDbt/CdtInstr/UltmtCdtr/FinInstnId/Nm,Nm,Max140Text,0,1
pacs.010.001.06,/Document/FIDrctDbt/CdtInstr/UltmtCdtr/FinInstnId/PstlAdr,PstlAdr,PostalAddress27,0,1
pacs.010.001.06,/Document/FIDrctDbt/CdtInstr/UltmtCdtr/FinInstnId/PstlAdr/AdrTp,AdrTp,AddressType3Choice,0,1
pacs.010.001.06,/Document/FIDrctDbt/CdtInstr/UltmtCdtr/FinInstnId/PstlAdr/AdrTp/Cd,Cd,AddressType2Code,1,1
pacs.010.001.06,/Document/FIDrctDbt/CdtInstr/UltmtCdtr/FinInstnId/PstlAdr/AdrTp/Prtry,Prtry,GenericIdentification30,1,1
pacs.010.001.06,/Document/FIDrctDbt/CdtInstr/UltmtCdtr/FinInstnId/PstlAdr/AdrTp/Prtry/Id,Id,Exact4AlphaNumericText,1,1
pacs.010.001.06,/Document/FIDrctDbt/CdtInstr/UltmtCdtr/FinInstnId/PstlAdr/AdrTp/Prtry/Issr,Issr,Max35Text,1,1
pacs.010.001.06,/Document/FIDrctDbt/CdtInstr/UltmtCdtr/FinInstnId/PstlAdr/AdrTp/Prtry/SchmeNm,SchmeNm,Max35Text,0,1
pacs.010.001.06,/Document/FIDrctDbt/CdtInstr/UltmtCdtr/FinInstnId/PstlAdr/CareOf,CareOf,Max140Text,0,1
pacs.010.001.06,/Document/FIDrctDbt/CdtInstr/UltmtCdtr/FinInstnId/PstlAdr/Dept,Dept,Max70Text,0,1
pacs.010.001.06,/Document/FIDrctDbt/CdtInstr/UltmtCdtr/FinInstnId/PstlAdr/SubDept,SubDept,Max70Text,0,1
pacs.010.001.06,/Document/FIDrctDbt/CdtInstr/UltmtCdtr/FinInstnId/PstlAdr/StrtNm,StrtNm,Max140Text,0,1
pacs.010.001.06,/Document/FIDrctDbt/CdtInstr/UltmtCdtr/FinInstnId/PstlAdr/BldgNb,BldgNb,Max16Text,0,1
pacs.010.001.06,/Document/FIDrctDbt/CdtInstr/UltmtCdtr/FinInstnId/PstlAdr/BldgNm,BldgNm,Max140Text,0,1
pacs.010.001.06,/Document/FIDrctDbt/CdtInstr/UltmtCdtr/FinInstnId/PstlAdr/Flr,Flr,Max70Text,0,1
pacs.010.001.06,/Document/FIDrctDbt/CdtInstr/UltmtCdtr/FinInstnId/PstlAdr/UnitNb,UnitNb,Max16Text,0,1
pacs.010.001.06,/Document/FIDrctDbt/CdtInstr/UltmtCdtr/FinInstnId/PstlAdr/PstBx,PstBx,Max16Text,0,1
pacs.010.001.06,/Document/FIDrctDbt/CdtInstr/UltmtCdtr/FinInstnId/PstlAdr/Room,Room,Max70Text,0,1
pacs.010.001.06,/Document/FIDrctDbt/CdtInstr/UltmtCdtr/FinInstnId/PstlAdr/PstCd,PstCd,Max16Text,0,1
pacs.010.001.06,/Document/FIDrctDbt/CdtInstr/UltmtCdtr/FinInstnId/PstlAdr/TwnNm,TwnNm,Max140Text,0,1
pacs.010.001.06,/Document/FIDrctDbt/CdtInstr/UltmtCdtr/FinInstnId/PstlAdr/TwnLctnNm,TwnLctnNm,Max140Text,0,1
pacs.010.001.06,/Document/FIDrctDbt/CdtInstr/UltmtCdtr/FinInstnId/PstlAdr/DstrctNm,DstrctNm,Max140Text,0,1
pacs.010.001.06,/Document/FIDrctDbt/CdtInstr/UltmtCdtr/FinInstnId/PstlAdr/CtrySubDvsn,CtrySubDvsn,Max35Text,0,1
pacs.010.001.06,/Document/FIDrctDbt/CdtInstr/UltmtCdtr/FinInstnId/PstlAdr/Ctry,Ctry,CountryCode,0,1
pacs.010.001.06,/Document/FIDrctDbt/CdtInstr/UltmtCdtr/FinInstnId/PstlAdr/AdrLine,AdrLine,Max70Text,0,7
pacs.010.001.06,/Document/FIDrctDbt/CdtInstr/UltmtCdtr/FinInstnId/Othr,Othr,GenericFinancialIdentification1,0,1
pacs.010.001.06,/Document/FIDrctDbt/CdtInstr/UltmtCdtr/FinInstnId/Othr/Id,Id,Max35Text,1,1
pacs.010.001.06,/Document/FIDrctDbt/CdtInstr/UltmtCdtr/FinInstnId/Othr/SchmeNm,SchmeNm,FinancialIdentificationSchemeName1Choice,0,1
pacs.010.001.06,/Document/FIDrctDbt/CdtInstr/UltmtCdtr/FinInstnId/Othr/SchmeNm/Cd,Cd,ExternalFinancialInstitutionIdentification1Code,1,1
pacs.010.001.06,/Document/FIDrctDbt/CdtInstr/UltmtCdtr/FinInstnId/Othr/SchmeNm/Prtry,Prtry,Max35Text,1,1
pacs.010.001.06,/Document/FIDrctDbt/CdtInstr/UltmtCdtr/FinInstnId/Othr/Issr,Issr,Max35Text,0,1
pacs.010.001.06,/Document/FIDrctDbt/CdtInstr/UltmtCdtr/BrnchId,BrnchId,BranchData5,0,1
pacs.010.001.06,/Document/FIDrctDbt/CdtInstr/UltmtCdtr/BrnchId/Id,Id,Max35Text,0,1
pacs.010.001.06,/Document/FIDrctDbt/CdtInstr/UltmtCdtr/BrnchId/LEI,LEI,LEIIdentifier,0,1
pacs.010.001.06,/Document/FIDrctDbt/CdtInstr/UltmtCdtr/BrnchId/Nm,Nm,Max140Text,0,1
pacs.010.001.06,/Document/FIDrctDbt/CdtInstr/UltmtCdtr/BrnchId/PstlAdr,PstlAdr,PostalAddress27,0,1
pacs.010.001.06,/Document/FIDrctDbt/CdtInstr/UltmtCdtr/BrnchId/PstlAdr/AdrTp,AdrTp,AddressType3Choice,0,1
pacs.010.001.06,/Document/FIDrctDbt/CdtInstr/UltmtCdtr/BrnchId/PstlAdr/AdrTp/Cd,Cd,AddressType2Code,1,1
pacs.010.001.06,/Document/FIDrctDbt/CdtInstr/UltmtCdtr/BrnchId/PstlAdr/AdrTp/Prtry,Prtry,GenericIdentification30,1,1
pacs.010.001.06,/Document/FIDrctDbt/CdtInstr/UltmtCdtr/BrnchId/PstlAdr/AdrTp/Prtry/Id,Id,Exact4AlphaNumericText,1,1
pacs.010.001.06,/Document/FIDrctDbt/CdtInstr/UltmtCdtr/BrnchId/PstlAdr/AdrTp/Prtry/Issr,Issr,Max35Text,1,1
pacs.010.001.06,/Document/FIDrctDbt/CdtInstr/UltmtCdtr/BrnchId/PstlAdr/AdrTp/Prtry/SchmeNm,SchmeNm,Max35Text,0,1
pacs.010.001.06,/Document/FIDrctDbt/CdtInstr/UltmtCdtr/BrnchId/PstlAdr/CareOf,CareOf,Max140Text,0,1
pacs.010.001.06,/Document/FIDrctDbt/CdtInstr/UltmtCdtr/BrnchId/PstlAdr/Dept,Dept,Max70Text,0,1
pacs.010.001.06,/Document/FIDrctDbt/CdtInstr/UltmtCdtr/BrnchId/PstlAdr/SubDept,SubDept,Max70Text,0,1
pacs.010.001.06,/Document/FIDrctDbt/CdtInstr/UltmtCdtr/BrnchId/PstlAdr/StrtNm,StrtNm,Max140Text,0,1
pacs.010.001.06,/Document/FIDrctDbt/CdtInstr/UltmtCdtr/BrnchId/PstlAdr/BldgNb,BldgNb,Max16Text,0,1
pacs.010.001.06,/Document/FIDrctDbt/CdtInstr/UltmtCdtr/BrnchId/PstlAdr/BldgNm,BldgNm,Max140Text,0,1
pacs.010.001.06,/Document/FIDrctDbt/CdtInstr/UltmtCdtr/BrnchId/PstlAdr/Flr,Flr,Max70Text,0,1
pacs.010.001.06,/Document/FIDrctDbt/CdtInstr/UltmtCdtr/BrnchId/PstlAdr/UnitNb,UnitNb,Max16Text,0,1
pacs.010.001.06,/Document/FIDrctDbt/CdtInstr/UltmtCdtr/BrnchId/PstlAdr/PstBx,PstBx,Max16Text,0,1
pacs.010.001.06,/Document/FIDrctDbt/CdtInstr/UltmtCdtr/BrnchId/PstlAdr/Room,Room,Max70Text,0,1
pacs.010.001.06,/Document/FIDrctDbt/CdtInstr/UltmtCdtr/BrnchId/PstlAdr/PstCd,PstCd,Max16Text,0,1
pacs.010.001.06,/Document/FIDrctDbt/CdtInstr/UltmtCdtr/BrnchId/PstlAdr/TwnNm,TwnNm,Max140Text,0,1
pacs.010.001.06,/Document/FIDrctDbt/CdtInstr/UltmtCdtr/BrnchId/PstlAdr/TwnLctnNm,TwnLctnNm,Max140Text,0,1
pacs.010.001.06,/Document/FIDrctDbt/CdtInstr/UltmtCdtr/BrnchId/PstlAdr/DstrctNm,DstrctNm,Max140Text,0,1
pacs.010.001.06,/Document/FIDrctDbt/CdtInstr/UltmtCdtr/BrnchId/PstlAdr/CtrySubDvsn,CtrySubDvsn,Max35Text,0,1
pacs.010.001.06,/Document/FIDrctDbt/CdtInstr/UltmtCdtr/BrnchId/PstlAdr/Ctry,Ctry,CountryCode,0,1
pacs.010.001.06,/Document/FIDrctDbt/CdtInstr/UltmtCdtr/BrnchId/PstlAdr/AdrLine,AdrLine,Max70Text,0,7
pacs.010.001.06,/Document/FIDrctDbt/CdtInstr/InstrForCdtrAgt,InstrForCdtrAgt,InstructionForCreditorAgent3,0,
pacs.010.001.06,/Document/FIDrctDbt/CdtInstr/InstrForCdtrAgt/Cd,Cd,ExternalCreditorAgentInstruction1Code,0,1
pacs.010.001.06,/Document/FIDrctDbt/CdtInstr/InstrForCdtrAgt/InstrInf,InstrInf,Max140Text,0,1
pacs.010.001.06,/Document/FIDrctDbt/CdtInstr/DrctDbtTxInf,DrctDbtTxInf,DirectDebitTransactionInformation33,1,
pacs.010.001.06,/Document/FIDrctDbt/CdtInstr/DrctDbtTxInf/PmtId,PmtId,PaymentIdentification13,1,1
pacs.010.001.06,/Document/FIDrctDbt/CdtInstr/DrctDbtTxInf/PmtId/InstrId,InstrId,Max35Text,0,1
pacs.010.001.06,/Document/FIDrctDbt/CdtInstr/DrctDbtTxInf/PmtId/EndToEndId,EndToEndId,Max35Text,1,1
pacs.010.001.06,/Document/FIDrctDbt/CdtInstr/DrctDbtTxInf/PmtId/TxId,TxId,Max35Text,0,1
pacs.010.001.06,/Document/FIDrctDbt/CdtInstr/DrctDbtTxInf/PmtId/UETR,UETR,UUIDv4Identifier,0,1
pacs.010.001.06,/Document/FIDrctDbt/CdtInstr/DrctDbtTxInf/PmtId/ClrSysRef,ClrSysRef,Max35Text,0,1
pacs.010.001.06,/Document/FIDrctDbt/CdtInstr/DrctDbtTxInf/PmtTpInf,PmtTpInf,PaymentTypeInformation28,0,1
pacs.010.001.06,/Document/FIDrctDbt/CdtInstr/DrctDbtTxInf/PmtTpInf/InstrPrty,InstrPrty,Priority2Code,0,1
pacs.010.001.06,/Document/FIDrctDbt/CdtInstr/DrctDbtTxInf/PmtTpInf/ClrChanl,ClrChanl,ClearingChannel2Code,0,1
pacs.010.001.06,/Document/FIDrctDbt/CdtInstr/DrctDbtTxInf/PmtTpInf/SvcLvl,SvcLvl,ServiceLevel8Choice,0,
pacs.010.001.06,/Document/FIDrctDbt/CdtInstr/DrctDbtTxInf/PmtTpInf/SvcLvl/Cd,Cd,ExternalServiceLevel1Code,1,1
pacs.010.001.06,/Document/FIDrctDbt/CdtInstr/DrctDbtTxInf/PmtTpInf/SvcLvl/Prtry,Prtry,Max35Text,1,1
pacs.010.001.06,/Document/FIDrctDbt/CdtInstr/DrctDbtTxInf/PmtTpInf/LclInstrm,LclInstrm,LocalInstrument2Choice,0,1
pacs.010.001.06,/Document/FIDrctDbt/CdtInstr/DrctDbtTxInf/PmtTpInf/LclInstrm/Cd,Cd,ExternalLocalInstrument1Code,1,1
pacs.010.001.06,/Document/FIDrctDbt/CdtInstr/DrctDbtTxInf/PmtTpInf/LclInstrm/Prtry,Prtry,Max35Text,1,1
pacs.010.001.06,/Document/FIDrctDbt/CdtInstr/DrctDbtTxInf/PmtTpInf/CtgyPurp,CtgyPurp,CategoryPurpose1Choice,0,1
pacs.010.001.06,/Document/FIDrctDbt/CdtInstr/DrctDbtTxInf/PmtTpInf/CtgyPurp/Cd,Cd,ExternalCategoryPurpose1Code,1,1
pacs.010.001.06,/Document/FIDrctDbt/CdtInstr/DrctDbtTxInf/PmtTpInf/CtgyPurp/Prtry,Prtry,Max35Text,1,1
pacs.010.001.06,/Document/FIDrctDbt/CdtInstr/DrctDbtTxInf/IntrBkSttlmAmt,IntrBkSttlmAmt,ActiveCurrencyAndAmount,1,1
pacs.010.001.06,/Document/FIDrctDbt/CdtInstr/DrctDbtTxInf/IntrBkSttlmDt,IntrBkSttlmDt,ISODate,0,1
pacs.010.001.06,/Document/FIDrctDbt/CdtInstr/DrctDbtTxInf/SttlmPrty,SttlmPrty,Priority3Code,0,1
pacs.010.001.06,/Document/FIDrctDbt/CdtInstr/DrctDbtTxInf/SttlmTmIndctn,SttlmTmIndctn,SettlementDateTimeIndication1,0,1
pacs.010.001.06,/Document/FIDrctDbt/CdtInstr/DrctDbtTxInf/SttlmTmIndctn/DbtDtTm,DbtDtTm,ISODateTime,0,1
pacs.010.001.06,/Document/FIDrctDbt/CdtInstr/DrctDbtTxInf/SttlmTmIndctn/CdtDtTm,CdtDtTm,ISODateTime,0,1
pacs.010.001.06,/Document/FIDrctDbt/CdtInstr/DrctDbtTxInf/SttlmTmReq,SttlmTmReq,SettlementTimeRequest2,0,1
pacs.010.001.06,/Document/FIDrctDbt/CdtInstr/DrctDbtTxInf/SttlmTmReq/CLSTm,CLSTm,ISOTime,0,1
pacs.010.001.06,/Document/FIDrctDbt/CdtInstr/DrctDbtTxInf/SttlmTmReq/TillTm,TillTm,ISOTime,0,1
pacs.010.001.06,/Document/FIDrctDbt/CdtInstr/DrctDbtTxInf/SttlmTmReq/FrTm,FrTm,ISOTime,0,1
pacs.010.001.06,/Document/FIDrctDbt/CdtInstr/DrctDbtTxInf/SttlmTmReq/RjctTm,RjctTm,ISOTime,0,1
pacs.010.001.06,/Document/FIDrctDbt/CdtInstr/DrctDbtTxInf/UltmtDbtr,UltmtDbtr,BranchAndFinancialInstitutionIdentification8,0,1
pacs.010.001.06,/Document/FIDrctDbt/CdtInstr/DrctDbtTxInf/UltmtDbtr/FinInstnId,FinInstnId,FinancialInstitutionIdentification23,1,1
pacs.010.001.06,/Document/FIDrctDbt/CdtInstr/DrctDbtTxInf/UltmtDbtr/FinInstnId/BICFI,BICFI,BICFIDec2014Identifier,0,1
pacs.010.001.06,/Document/FIDrctDbt/CdtInstr/DrctDbtTxInf/UltmtDbtr/FinInstnId/ClrSysMmbId,ClrSysMmbId,ClearingSystemMemberIdentification2,0,1
pacs.010.001.06,/Document/FIDrctDbt/CdtInstr/DrctDbtTxInf/UltmtDbtr/FinInstnId/ClrSysMmbId/ClrSysId,ClrSysId,ClearingSystemIdentification2Choice,0,1
pacs.010.001.06,/Document/FIDrctDbt/CdtInstr/DrctDbtTxInf/UltmtDbtr/FinInstnId/ClrSysMmbId/ClrSysId/Cd,Cd,ExternalClearingSystemIdentification1Code,1,1
pacs.010.001.06,/Document/FIDrctDbt/CdtInstr/DrctDbtTxInf/UltmtDbtr/FinInstnId/ClrSysMmbId/ClrSysId/Prtry,Prtry,Max35Text,1,1
pacs.010.001.06,/Document/FIDrctDbt/CdtInstr/DrctDbtTxInf/UltmtDbtr/FinInstnId/ClrSysMmbId/MmbId,MmbId,Max35Text,1,1
pacs.010.001.06,/Document/FIDrctDbt/CdtInstr/DrctDbtTxInf/UltmtDbtr/FinInstnId/LEI,LEI,LEIIdentifier,0,1
pacs.010.001.06,/Document/FIDrctDbt/CdtInstr/DrctDbtTxInf/UltmtDbtr/FinInstnId/Nm,Nm,Max140Text,0,1
pacs.010.001.06,/Document/FIDrctDbt/CdtInstr/DrctDbtTxInf/UltmtDbtr/FinInstnId/PstlAdr,PstlAdr,PostalAddress27,0,1
pacs.010.001.06,/Document/FIDrctDbt/CdtInstr/DrctDbtTxInf/UltmtDbtr/FinInstnId/PstlAdr/AdrTp,AdrTp,AddressType3Choice,0,1
pacs.010.001.06,/Document/FIDrctDbt/CdtInstr/DrctDbtTxInf/UltmtDbtr/FinInstnId/PstlAdr/AdrTp/Cd,Cd,AddressType2Code,1,1
pacs.010.001.06,/Document/FIDrctDbt/CdtInstr/DrctDbtTxInf/UltmtDbtr/FinInstnId/PstlAdr/AdrTp/Prtry,Prtry,GenericIdentification30,1,1
pacs.010.001.06,/Document/FIDrctDbt/CdtInstr/DrctDbtTxInf/UltmtDbtr/FinInstnId/PstlAdr/AdrTp/Prtry/Id,Id,Exact4AlphaNumericText,1,1
pacs.010.001.06,/Document/FIDrctDbt/CdtInstr/DrctDbtTxInf/UltmtDbtr/FinInstnId/PstlAdr/AdrTp/Prtry/Issr,Issr,Max35Text,1,1
pacs.010.001.06,/Document/FIDrctDbt/CdtInstr/DrctDbtTxInf/UltmtDbtr/FinInstnId/PstlAdr/AdrTp/Prtry/SchmeNm,SchmeNm,Max35Text,0,1
pacs.010.001.06,/Document/FIDrctDbt/CdtInstr/DrctDbtTxInf/UltmtDbtr/FinInstnId/PstlAdr/CareOf,CareOf,Max140Text,0,1
pacs.010.001.06,/Document/FIDrctDbt/CdtInstr/DrctDbtTxInf/UltmtDbtr/FinInstnId/PstlAdr/Dept,Dept,Max70Text,0,1
pacs.010.001.06,/Document/FIDrctDbt/CdtInstr/DrctDbtTxInf/UltmtDbtr/FinInstnId/PstlAdr/SubDept,SubDept,Max70Text,0,1
pacs.010.001.06,/Document/FIDrctDbt/CdtInstr/DrctDbtTxInf/UltmtDbtr/FinInstnId/PstlAdr/StrtNm,StrtNm,Max140Text,0,1
pacs.010.001.06,/Document/FIDrctDbt/CdtInstr/DrctDbtTxInf/UltmtDbtr/FinInstnId/PstlAdr/BldgNb,BldgNb,Max16Text,0,1
pacs.010.001.06,/Document/FIDrctDbt/CdtInstr/DrctDbtTxInf/UltmtDbtr/FinInstnId/PstlAdr/BldgNm,BldgNm,Max140Text,0,1
pacs.010.001.06,/Document/FIDrctDbt/CdtInstr/DrctDbtTxInf/UltmtDbtr/FinInstnId/PstlAdr/Flr,Flr,Max70Text,0,1
pacs.010.001.06,/Document/FIDrctDbt/CdtInstr/DrctDbtTxInf/UltmtDbtr/FinInstnId/PstlAdr/UnitNb,UnitNb,Max16Text,0,1
pacs.010.001.06,/Document/FIDrctDbt/CdtInstr/DrctDbtTxInf/UltmtDbtr/FinInstnId/PstlAdr/PstBx,PstBx,Max16Text,0,1
pacs.010.001.06,/Document/FIDrctDbt/CdtInstr/DrctDbtTxInf/UltmtDbtr/FinInstnId/PstlAdr/Room,Room,Max70Text,0,1
pacs.010.001.06,/Document/FIDrctDbt/CdtInstr/DrctDbtTxInf/UltmtDbtr/FinInstnId/PstlAdr/PstCd,PstCd,Max16Text,0,1
pacs.010.001.06,/Document/FIDrctDbt/CdtInstr/DrctDbtTxInf/UltmtDbtr/FinInstnId/PstlAdr/TwnNm,TwnNm,Max140Text,0,1
pacs.010.001.06,/Document/FIDrctDbt/CdtInstr/DrctDbtTxInf/UltmtDbtr/FinInstnId/PstlAdr/TwnLctnNm,TwnLctnNm,Max140Text,0,1
pacs.010.001.06,/Document/FIDrctDbt/CdtInstr/DrctDbtTxInf/UltmtDbtr/FinInstnId/PstlAdr/DstrctNm,DstrctNm,Max140Text,0,1
pacs.010.001.06,/Document/FIDrctDbt/CdtInstr/DrctDbtTxInf/UltmtDbtr/FinInstnId/PstlAdr/CtrySubDvsn,CtrySubDvsn,Max35Text,0,1
pacs.010.001.06,/Document/FIDrctDbt/CdtInstr/DrctDbtTxInf/UltmtDbtr/FinInstnId/PstlAdr/Ctry,Ctry,CountryCode,0,1
pacs.010.001.06,/Document/FIDrctDbt/CdtInstr/DrctDbtTxInf/UltmtDbtr/FinInstnId/PstlAdr/AdrLine,AdrLine,Max70Text,0,7
pacs.010.001.06,/Document/FIDrctDbt/CdtInstr/DrctDbtTxInf/UltmtDbtr/FinInstnId/Othr,Othr,GenericFinancialIdentification1,0,1
pacs.010.001.06,/Document/FIDrctDbt/CdtInstr/DrctDbtTxInf/UltmtDbtr/FinInstnId/Othr/Id,Id,Max35Text,1,1
pacs.010.001.06,/Document/FIDrctDbt/CdtInstr/DrctDbtTxInf/UltmtDbtr/FinInstnId/Othr/SchmeNm,SchmeNm,FinancialIdentificationSchemeName1Choice,0,1
pacs.010.001.06,/Document/FIDrctDbt/CdtInstr/DrctDbtTxInf/UltmtDbtr/FinInstnId/Othr/SchmeNm/Cd,Cd,ExternalFinancialInstitutionIdentification1Code,1,1
pacs.010.001.06,/Document/FIDrctDbt/CdtInstr/DrctDbtTxInf/UltmtDbtr/FinInstnId/Othr/SchmeNm/Prtry,Prtry,Max35Text,1,1
pacs.010.001.06,/Document/FIDrctDbt/CdtInstr/DrctDbtTxInf/UltmtDbtr/FinInstnId/Othr/Issr,Issr,Max35Text,0,1
pacs.010.001.06,/Document/FIDrctDbt/CdtInstr/DrctDbtTxInf/UltmtDbtr/BrnchId,BrnchId,BranchData5,0,1
pacs.010.001.06,/Document/FIDrctDbt/CdtInstr/DrctDbtTxInf/UltmtDbtr/BrnchId/Id,Id,Max35Text,0,1
pacs.010.001.06,/Document/FIDrctDbt/CdtInstr/DrctDbtTxInf/UltmtDbtr/BrnchId/LEI,LEI,LEIIdentifier,0,1
pacs.010.001.06,/Document/FIDrctDbt/CdtInstr/DrctDbtTxInf/UltmtDbtr/BrnchId/Nm,Nm,Max140Text,0,1
pacs.010.001.06,/Document/FIDrctDbt/CdtInstr/DrctDbtTxInf/UltmtDbtr/BrnchId/PstlAdr,PstlAdr,PostalAddress27,0,1
pacs.010.001.06,/Document/FIDrctDbt/CdtInstr/DrctDbtTxInf/UltmtDbtr/BrnchId/PstlAdr/AdrTp,AdrTp,AddressType3Choice,0,1
pacs.010.001.06,/Document/FIDrctDbt/CdtInstr/DrctDbtTxInf/UltmtDbtr/BrnchId/PstlAdr/AdrTp/Cd,Cd,AddressType2Code,1,1
pacs.010.001.06,/Document/FIDrctDbt/CdtInstr/DrctDbtTxInf/UltmtDbtr/BrnchId/PstlAdr/AdrTp/Prtry,Prtry,GenericIdentification30,1,1
pacs.010.001.06,/Document/FIDrctDbt/CdtInstr/DrctDbtTxInf/UltmtDbtr/BrnchId/PstlAdr/AdrTp/Prtry/Id,Id,Exact4AlphaNumericText,1,1
pacs.010.001.06,/Document/FIDrctDbt/CdtInstr/DrctDbtTxInf/UltmtDbtr/BrnchId/PstlAdr/AdrTp/Prtry/Issr,Issr,Max35Text,1,1
pacs.010.001.06,/Document/FIDrctDbt/CdtInstr/DrctDbtTxInf/UltmtDbtr/BrnchId/PstlAdr/AdrTp/Prtry/SchmeNm,SchmeNm,Max35Text,0,1
pacs.010.001.06,/Document/FIDrctDbt/CdtInstr/DrctDbtTxInf/UltmtDbtr/BrnchId/PstlAdr/CareOf,CareOf,Max140Text,0,1
pacs.010.001.06,/Document/FIDrctDbt/CdtInstr/DrctDbtTxInf/UltmtDbtr/BrnchId/PstlAdr/Dept,Dept,Max70Text,0,1
pacs.010.001.06,/Document/FIDrctDbt/CdtInstr/DrctDbtTxInf/UltmtDbtr/BrnchId/PstlAdr/SubDept,SubDept,Max70Text,0,1
pacs.010.001.06,/Document/FIDrctDbt/CdtInstr/DrctDbtTxInf/UltmtDbtr/BrnchId/PstlAdr/StrtNm,StrtNm,Max140Text,0,1
pacs.010.001.06,/Document/FIDrctDbt/CdtInstr/DrctDbtTxInf/UltmtDbtr/BrnchId/PstlAdr/BldgNb,BldgNb,Max16Text,0,1
pacs.010.001.06,/Document/FIDrctDbt/CdtInstr/DrctDbtTxInf/UltmtDbtr/BrnchId/PstlAdr/BldgNm,BldgNm,Max140Text,0,1
pacs.010.001.06,/Document/FIDrctDbt/CdtInstr/DrctDbtTxInf/UltmtDbtr/BrnchId/PstlAdr/Flr,Flr,Max70Text,0,1
pacs.010.001.06,/Document/FIDrctDbt/CdtInstr/DrctDbtTxInf/UltmtDbtr/BrnchId/PstlAdr/UnitNb,UnitNb,Max16Text,0,1
pacs.010.001.06,/Document/FIDrctDbt/CdtInstr/DrctDbtTxInf/UltmtDbtr/BrnchId/PstlAdr/PstBx,PstBx,Max16Text,0,1
pacs.010.001.06,/Document/FIDrctDbt/CdtInstr/DrctDbtTxInf/UltmtDbtr/BrnchId/PstlAdr/Room,Room,Max70Text,0,1
pacs.010.001.06,/Document/FIDrctDbt/CdtInstr/DrctDbtTxInf/UltmtDbtr/BrnchId/PstlAdr/PstCd,PstCd,Max16Text,0,1
pacs.010.001.06,/Document/FIDrctDbt/CdtInstr/DrctDbtTxInf/UltmtDbtr/BrnchId/PstlAdr/TwnNm,TwnNm,Max140Text,0,1
pacs.010.001.06,/Document/FIDrctDbt/CdtInstr/DrctDbtTxInf/UltmtDbtr/BrnchId/PstlAdr/TwnLctnNm,TwnLctnNm,Max140Text,0,1
pacs.010.001.06,/Document/FIDrctDbt/CdtInstr/DrctDbtTxInf/UltmtDbtr/BrnchId/PstlAdr/DstrctNm,DstrctNm,Max140Text,0,1
pacs.010.001.06,/Document/FIDrctDbt/CdtInstr/DrctDbtTxInf/UltmtDbtr/BrnchId/PstlAdr/CtrySubDvsn,CtrySubDvsn,Max35Text,0,1
pacs.010.001.06,/Document/FIDrctDbt/CdtInstr/DrctDbtTxInf/UltmtDbtr/BrnchId/PstlAdr/Ctry,Ctry,CountryCode,0,1
pacs.010.001.06,/Document/FIDrctDbt/CdtInstr/DrctDbtTxInf/UltmtDbtr/BrnchId/PstlAdr/AdrLine,AdrLine,Max70Text,0,7
pacs.010.001.06,/Document/FIDrctDbt/CdtInstr/DrctDbtTxInf/Dbtr,Dbtr,BranchAndFinancialInstitutionIdentification8,1,1
pacs.010.001.06,/Document/FIDrctDbt/CdtInstr/DrctDbtTxInf/Dbtr/FinInstnId,FinInstnId,FinancialInstitutionIdentification23,1,1
pacs.010.001.06,/Document/FIDrctDbt/CdtInstr/DrctDbtTxInf/Dbtr/FinInstnId/BICFI,BICFI,BICFIDec2014Identifier,0,1
pacs.010.001.06,/Document/FIDrctDbt/CdtInstr/DrctDbtTxInf/Dbtr/FinInstnId/ClrSysMmbId,ClrSysMmbId,ClearingSystemMemberIdentification2,0,1
pacs.010.001.06,/Document/FIDrctDbt/CdtInstr/DrctDbtTxInf/Dbtr/FinInstnId/ClrSysMmbId/ClrSysId,ClrSysId,ClearingSystemIdentification2Choice,0,1
pacs.010.001.06,/Document/FIDrctDbt/CdtInstr/DrctDbtTxInf/Dbtr/FinInstnId/ClrSysMmbId/ClrSysId/Cd,Cd,ExternalClearingSystemIdentification1Code,1,1
pacs.010.001.06,/Document/FIDrctDbt/CdtInstr/DrctDbtTxInf/Dbtr/FinInstnId/ClrSysMmbId/ClrSysId/Prtry,Prtry,Max35Text,1,1
pacs.010.001.06,/Document/FIDrctDbt/CdtInstr/DrctDbtTxInf/Dbtr/FinInstnId/ClrSysMmbId/MmbId,MmbId,Max35Text,1,1
pacs.010.001.06,/Document/FIDrctDbt/CdtInstr/DrctDbtTxInf/Dbtr/FinInstnId/LEI,LEI,LEIIdentifier,0,1
pacs.010.001.06,/Document/FIDrctDbt/CdtInstr/DrctDbtTxInf/Dbtr/FinInstnId/Nm,Nm,Max140Text,0,1
pacs.010.001.06,/Document/FIDrctDbt/CdtInstr/DrctDbtTxInf/Dbtr/FinInstnId/PstlAdr,PstlAdr,PostalAddress27,0,1
pacs.010.001.06,/Document/FIDrctDbt/CdtInstr/DrctDbtTxInf/Dbtr/FinInstnId/PstlAdr/AdrTp,AdrTp,AddressType3Choice,0,1
pacs.010.001.06,/Document/FIDrctDbt/CdtInstr/DrctDbtTxInf/Dbtr/FinInstnId/PstlAdr/AdrTp/Cd,Cd,AddressType2Code,1,1
pacs.010.001.06,/Document/FIDrctDbt/CdtInstr/DrctDbtTxInf/Dbtr/FinInstnId/PstlAdr/AdrTp/Prtry,Prtry,GenericIdentification30,1,1
pacs.010.001.06,/Document/FIDrctDbt/CdtInstr/DrctDbtTxInf/Dbtr/FinInstnId/PstlAdr/AdrTp/Prtry/Id,Id,Exact4AlphaNumericText,1,1
pacs.010.001.06,/Document/FIDrctDbt/CdtInstr/DrctDbtTxInf/Dbtr/FinInstnId/PstlAdr/AdrTp/Prtry/Issr,Issr,Max35Text,1,1
pacs.010.001.06,/Document/FIDrctDbt/CdtInstr/DrctDbtTxInf/Dbtr/FinInstnId/PstlAdr/AdrTp/Prtry/SchmeNm,SchmeNm,Max35Text,0,1
pacs.010.001.06,/Document/FIDrctDbt/CdtInstr/DrctDbtTxInf/Dbtr/FinInstnId/PstlAdr/CareOf,CareOf,Max140Text,0,1
pacs.010.001.06,/Document/FIDrctDbt/CdtInstr/DrctDbtTxInf/Dbtr/FinInstnId/PstlAdr/Dept,Dept,Max70Text,0,1
pacs.010.001.06,/Document/FIDrctDbt/CdtInstr/DrctDbtTxInf/Dbtr/FinInstnId/PstlAdr/SubDept,SubDept,Max70Text,0,1
pacs.010.001.06,/Document/FIDrctDbt/CdtInstr/DrctDbtTxInf/Dbtr/FinInstnId/PstlAdr/StrtNm,StrtNm,Max140Text,0,1
pacs.010.001.06,/Document/FIDrctDbt/CdtInstr/DrctDbtTxInf/Dbtr/FinInstnId/PstlAdr/BldgNb,BldgNb,Max16Text,0,1
pacs.010.001.06,/Document/FIDrctDbt/CdtInstr/DrctDbtTxInf/Dbtr/FinInstnId/PstlAdr/BldgNm,BldgNm,Max140Text,0,1
pacs.010.001.06,/Document/FIDrctDbt/CdtInstr/DrctDbtTxInf/Dbtr/FinInstnId/PstlAdr/Flr,Flr,Max70Text,0,1
pacs.010.001.06,/Document/FIDrctDbt/CdtInstr/DrctDbtTxInf/Dbtr/FinInstnId/PstlAdr/UnitNb,UnitNb,Max16Text,0,1
pacs.010.001.06,/Document/FIDrctDbt/CdtInstr/DrctDbtTxInf/Dbtr/FinInstnId/PstlAdr/PstBx,PstBx,Max16Text,0,1
pacs.010.001.06,/Document/FIDrctDbt/CdtInstr/DrctDbtTxInf/Dbtr/FinInstnId/PstlAdr/Room,Room,Max70Text,0,1
pacs.010.001.06,/Document/FIDrctDbt/CdtInstr/DrctDbtTxInf/Dbtr/FinInstnId/PstlAdr/PstCd,PstCd,Max16Text,0,1
pacs.010.001.06,/Document/FIDrctDbt/CdtInstr/DrctDbtTxInf/Dbtr/FinInstnId/PstlAdr/TwnNm,TwnNm,Max140Text,0,1
pacs.010.001.06,/Document/FIDrctDbt/CdtInstr/DrctDbtTxInf/Dbtr/FinInstnId/PstlAdr/TwnLctnNm,TwnLctnNm,Max140Text,0,1
pacs.010.001.06,/Document/FIDrctDbt/CdtInstr/DrctDbtTxInf/Dbtr/FinInstnId/PstlAdr/DstrctNm,DstrctNm,Max140Text,0,1
pacs.010.001.06,/Document/FIDrctDbt/CdtInstr/DrctDbtTxInf/Dbtr/FinInstnId/PstlAdr/CtrySubDvsn,CtrySubDvsn,Max35Text,0,1
pacs.010.001.06,/Document/FIDrctDbt/CdtInstr/DrctDbtTxInf/Dbtr/FinInstnId/PstlAdr/Ctry,Ctry,CountryCode,0,1
pacs.010.001.06,/Document/FIDrctDbt/CdtInstr/DrctDbtTxInf/Dbtr/FinInstnId/PstlAdr/AdrLine,AdrLine,Max70Text,0,7
pacs.010.001.06,/Document/FIDrctDbt/CdtInstr/DrctDbtTxInf/Dbtr/FinInstnId/Othr,Othr,GenericFinancialIdentification1,0,1
pacs.010.001.06,/Document/FIDrctDbt/CdtInstr/DrctDbtTxInf/Dbtr/FinInstnId/Othr/Id,Id,Max35Text,1,1
pacs.010.001.06,/Document/FIDrctDbt/CdtInstr/DrctDbtTxInf/Dbtr/FinInstnId/Othr/SchmeNm,SchmeNm,FinancialIdentificationSchemeName1Choice,0,1
pacs.010.001.06,/Document/FIDrctDbt/CdtInstr/DrctDbtTxInf/Dbtr/FinInstnId/Othr/SchmeNm/Cd,Cd,ExternalFinancialInstitutionIdentification1Code,1,1
pacs.010.001.06,/Document/FIDrctDbt/CdtInstr/DrctDbtTxInf/Dbtr/FinInstnId/Othr/SchmeNm/Prtry,Prtry,Max35Text,1,1
pacs.010.001.06,/Document/FIDrctDbt/CdtInstr/DrctDbtTxInf/Dbtr/FinInstnId/Othr/Issr,Issr,Max35Text,0,1
pacs.010.001.06,/Document/FIDrctDbt/CdtInstr/DrctDbtTxInf/Dbtr/BrnchId,BrnchId,BranchData5,0,1
pacs.010.001.06,/Document/FIDrctDbt/CdtInstr/DrctDbtTxInf/Dbtr/BrnchId/Id,Id,Max35Text,0,1
pacs.010.001.06,/Document/FIDrctDbt/CdtInstr/DrctDbtTxInf/Dbtr/BrnchId/LEI,LEI,LEIIdentifier,0,1
pacs.010.001.06,/Document/FIDrctDbt/CdtInstr/DrctDbtTxInf/Dbtr/BrnchId/Nm,Nm,Max140Text,0,1
pacs.010.001.06,/Document/FIDrctDbt/CdtInstr/DrctDbtTxInf/Dbtr/BrnchId/PstlAdr,PstlAdr,PostalAddress27,0,1
pacs.010.001.06,/Document/FIDrctDbt/CdtInstr/DrctDbtTxInf/Dbtr/BrnchId/PstlAdr/AdrTp,AdrTp,AddressType3Choice,0,1
pacs.010.001.06,/Document/FIDrctDbt/CdtInstr/DrctDbtTxInf/Dbtr/BrnchId/PstlAdr/AdrTp/Cd,Cd,AddressType2Code,1,1
pacs.010.001.06,/Document/FIDrctDbt/CdtInstr/DrctDbtTxInf/Dbtr/BrnchId/PstlAdr/AdrTp/Prtry,Prtry,GenericIdentification30,1,1
pacs.010.001.06,/Document/FIDrctDbt/CdtInstr/DrctDbtTxInf/Dbtr/BrnchId/PstlAdr/AdrTp/Prtry/Id,Id,Exact4AlphaNumericText,1,1
pacs.010.001.06,/Document/FIDrctDbt/CdtInstr/DrctDbtTxInf/Dbtr/BrnchId/PstlAdr/AdrTp/Prtry/Issr,Issr,Max35Text,1,1
pacs.010.001.06,/Document/FIDrctDbt/CdtInstr/DrctDbtTxInf/Dbtr/BrnchId/PstlAdr/AdrTp/Prtry/SchmeNm,SchmeNm,Max35Text,0,1
pacs.010.001.06,/Document/FIDrctDbt/CdtInstr/DrctDbtTxInf/Dbtr/BrnchId/PstlAdr/CareOf,CareOf,Max140Text,0,1
pacs.010.001.06,/Document/FIDrctDbt/CdtInstr/DrctDbtTxInf/Dbtr/BrnchId/PstlAdr/Dept,Dept,Max70Text,0,1
pacs.010.001.06,/Document/FIDrctDbt/CdtInstr/DrctDbtTxInf/Dbtr/BrnchId/PstlAdr/SubDept,SubDept,Max70Text,0,1
pacs.010.001.06,/Document/FIDrctDbt/CdtInstr/DrctDbtTxInf/Dbtr/BrnchId/PstlAdr/StrtNm,StrtNm,Max140Text,0,1
pacs.010.001.06,/Document/FIDrctDbt/CdtInstr/DrctDbtTxInf/Dbtr/BrnchId/PstlAdr/BldgNb,BldgNb,Max16Text,0,1
pacs.010.001.06,/Document/FIDrctDbt/CdtInstr/DrctDbtTxInf/Dbtr/BrnchId/PstlAdr/BldgNm,BldgNm,Max140Text,0,1
pacs.010.001.06,/Document/FIDrctDbt/CdtInstr/DrctDbtTxInf/Dbtr/BrnchId/PstlAdr/Flr,Flr,Max70Text,0,1
pacs.010.001.06,/Document/FIDrctDbt/CdtInstr/DrctDbtTxInf/Dbtr/BrnchId/PstlAdr/UnitNb,UnitNb,Max16Text,0,1
pacs.010.001.06,/Document/FIDrctDbt/CdtInstr/DrctDbtTxInf/Dbtr/BrnchId/PstlAdr/PstBx,PstBx,Max16Text,0,1
pacs.010.001.06,/Document/FIDrctDbt/CdtInstr/DrctDbtTxInf/Dbtr/BrnchId/PstlAdr/Room,Room,Max70Text,0,1
pacs.010.001.06,/Document/FIDrctDbt/CdtInstr/DrctDbtTxInf/Dbtr/BrnchId/PstlAdr/PstCd,PstCd,Max16Text,0,1
pacs.010.001.06,/Document/FIDrctDbt/CdtInstr/DrctDbtTxInf/Dbtr/BrnchId/PstlAdr/TwnNm,TwnNm,Max140Text,0,1
pacs.010.001.06,/Document/FIDrctDbt/CdtInstr/DrctDbtTxInf/Dbtr/BrnchId/PstlAdr/TwnLctnNm,TwnLctnNm,Max140Text,0,1
pacs.010.001.06,/Document/FIDrctDbt/CdtInstr/DrctDbtTxInf/Dbtr/BrnchId/PstlAdr/DstrctNm,DstrctNm,Max140Text,0,1
pacs.010.001.06,/Document/FIDrctDbt/CdtInstr/DrctDbtTxInf/Dbtr/BrnchId/PstlAdr/CtrySubDvsn,CtrySubDvsn,Max35Text,0,1
pacs.010.001.06,/Document/FIDrctDbt/CdtInstr/DrctDbtTxInf/Dbtr/BrnchId/PstlAdr/Ctry,Ctry,CountryCode,0,1
pacs.010.001.06,/Document/FIDrctDbt/CdtInstr/DrctDbtTxInf/Dbtr/BrnchId/PstlAdr/AdrLine,AdrLine,Max70Text,0,7
pacs.010.001.06,/Document/FIDrctDbt/CdtInstr/DrctDbtTxInf/DbtrAcct,DbtrAcct,CashAccount40,0,1
pacs.010.001.06,/Document/FIDrctDbt/CdtInstr/DrctDbtTxInf/DbtrAcct/Id,Id,AccountIdentification4Choice,0,1
pacs.010.001.06,/Document/FIDrctDbt/CdtInstr/DrctDbtTxInf/DbtrAcct/Id/IBAN,IBAN,IBAN2007Identifier,1,1
pacs.010.001.06,/Document/FIDrctDbt/CdtInstr/DrctDbtTxInf/DbtrAcct/Id/Othr,Othr,GenericAccountIdentification1,1,1
pacs.010.001.06,/Document/FIDrctDbt/CdtInstr/DrctDbtTxInf/DbtrAcct/Id/Othr/Id,Id,Max34Text,1,1
pacs.010.001.06,/Document/FIDrctDbt/CdtInstr/DrctDbtTxInf/DbtrAcct/Id/Othr/SchmeNm,SchmeNm,AccountSchemeName1Choice,0,1
pacs.010.001.06,/Document/FIDrctDbt/CdtInstr/DrctDbtTxInf/DbtrAcct/Id/Othr/SchmeNm/Cd,Cd,ExternalAccountIdentification1Code,1,1
pacs.010.001.06,/Document/FIDrctDbt/CdtInstr/DrctDbtTxInf/DbtrAcct/Id/Othr/SchmeNm/Prtry,Prtry,Max35Text,1,1
pacs.010.001.06,/Document/FIDrctDbt/CdtInstr/DrctDbtTxInf/DbtrAcct/Id/Othr/Issr,Issr,Max35Text,0,1
pacs.010.001.06,/Document/FIDrctDbt/CdtInstr/DrctDbtTxInf/DbtrAcct/Tp,Tp,CashAccountType2Choice,0,1
pacs.010.001.06,/Document/FIDrctDbt/CdtInstr/DrctDbtTxInf/DbtrAcct/Tp/Cd,Cd,ExternalCashAccountType1Code,1,1
pacs.010.001.06,/Document/FIDrctDbt/CdtInstr/DrctDbtTxInf/DbtrAcct/Tp/Prtry,Prtry,Max35Text,1,1
pacs.010.001.06,/Document/FIDrctDbt/CdtInstr/DrctDbtTxInf/DbtrAcct/Ccy,Ccy,ActiveOrHistoricCurrencyCode,0,1
pacs.010.001.06,/Document/FIDrctDbt/CdtInstr/DrctDbtTxInf/DbtrAcct/Nm,Nm,Max70Text,0,1
pacs.010.001.06,/Document/FIDrctDbt/CdtInstr/DrctDbtTxInf/DbtrAcct/Prxy,Prxy,ProxyAccountIdentification1,0,1
pacs.010.001.06,/Document/FIDrctDbt/CdtInstr/DrctDbtTxInf/DbtrAcct/Prxy/Tp,Tp,ProxyAccountType1Choice,0,1
pacs.010.001.06,/Document/FIDrctDbt/CdtInstr/DrctDbtTxInf/DbtrAcct/Prxy/Tp/Cd,Cd,ExternalProxyAccountType1Code,1,1
pacs.010.001.06,/Document/FIDrctDbt/CdtInstr/DrctDbtTxInf/DbtrAcct/Prxy/Tp/Prtry,Prtry,Max35Text,1,1
pacs.010.001.06,/Document/FIDrctDbt/CdtInstr/DrctDbtTxInf/DbtrAcct/Prxy/Id,Id,Max2048Text,1,1
pacs.010.001.06,/Document/FIDrctDbt/CdtInstr/DrctDbtTxInf/DbtrAgt,DbtrAgt,BranchAndFinancialInstitutionIdentification8,0,1
pacs.010.001.06,/Document/FIDrctDbt/CdtInstr/DrctDbtTxInf/DbtrAgt/FinInstnId,FinInstnId,FinancialInstitutionIdentification23,1,1
pacs.010.001.06,/Document/FIDrctDbt/CdtInstr/DrctDbtTxInf/DbtrAgt/FinInstnId/BICFI,BICFI,BICFIDec2014Identifier,0,1
pacs.010.001.06,/Document/FIDrctDbt/CdtInstr/DrctDbtTxInf/DbtrAgt/FinInstnId/ClrSysMmbId,ClrSysMmbId,ClearingSystemMemberIdentification2,0,1
pacs.010.001.06,/Document/FIDrctDbt/CdtInstr/DrctDbtTxInf/DbtrAgt/FinInstnId/ClrSysMmbId/ClrSysId,ClrSysId,ClearingSystemIdentification2Choice,0,1
pacs.010.001.06,/Document/FIDrctDbt/CdtInstr/DrctDbtTxInf/DbtrAgt/FinInstnId/ClrSysMmbId/ClrSysId/Cd,Cd,ExternalClearingSystemIdentification1Code,1,1
pacs.010.001.06,/Document/FIDrctDbt/CdtInstr/DrctDbtTxInf/DbtrAgt/FinInstnId/ClrSysMmbId/ClrSysId/Prtry,Prtry,Max35Text,1,1
pacs.010.001.06,/Document/FIDrctDbt/CdtInstr/DrctDbtTxInf/DbtrAgt/FinInstnId/ClrSysMmbId/MmbId,MmbId,Max35Text,1,1
pacs.010.001.06,/Document/FIDrctDbt/CdtInstr/DrctDbtTxInf/DbtrAgt/FinInstnId/LEI,LEI,LEIIdentifier,0,1
pacs.010.001.06,/Document/FIDrctDbt/CdtInstr/DrctDbtTxInf/DbtrAgt/FinInstnId/Nm,Nm,Max140Text,0,1
pacs.010.001.06,/Document/FIDrctDbt/CdtInstr/DrctDbtTxInf/DbtrAgt/FinInstnId/PstlAdr,PstlAdr,PostalAddress27,0,1
pacs.010.001.06,/Document/FIDrctDbt/CdtInstr/DrctDbtTxInf/DbtrAgt/FinInstnId/PstlAdr/AdrTp,AdrTp,AddressType3Choice,0,1
pacs.010.001.06,/Document/FIDrctDbt/CdtInstr/DrctDbtTxInf/DbtrAgt/FinInstnId/PstlAdr/AdrTp/Cd,Cd,AddressType2Code,1,1
pacs.010.001.06,/Document/FIDrctDbt/CdtInstr/DrctDbtTxInf/DbtrAgt/FinInstnId/PstlAdr/AdrTp/Prtry,Prtry,GenericIdentification30,1,1
pacs.010.001.06,/Document/FIDrctDbt/CdtInstr/DrctDbtTxInf/DbtrAgt/FinInstnId/PstlAdr/AdrTp/Prtry/Id,Id,Exact4AlphaNumericText,1,1
pacs.010.001.06,/Document/FIDrctDbt/CdtInstr/DrctDbtTxInf/DbtrAgt/FinInstnId/PstlAdr/AdrTp/Prtry/Issr,Issr,Max35Text,1,1
pacs.010.001.06,/Document/FIDrctDbt/CdtInstr/DrctDbtTxInf/DbtrAgt/FinInstnId/PstlAdr/AdrTp/Prtry/SchmeNm,SchmeNm,Max35Text,0,1
pacs.010.001.06,/Document/FIDrctDbt/CdtInstr/DrctDbtTxInf/DbtrAgt/FinInstnId/PstlAdr/CareOf,CareOf,Max140Text,0,1
pacs.010.001.06,/Document/FIDrctDbt/CdtInstr/DrctDbtTxInf/DbtrAgt/FinInstnId/PstlAdr/Dept,Dept,Max70Text,0,1
pacs.010.001.06,/Document/FIDrctDbt/CdtInstr/DrctDbtTxInf/DbtrAgt/FinInstnId/PstlAdr/SubDept,SubDept,Max70Text,0,1
pacs.010.001.06,/Document/FIDrctDbt/CdtInstr/DrctDbtTxInf/DbtrAgt/FinInstnId/PstlAdr/StrtNm,StrtNm,Max140Text,0,1
pacs.010.001.06,/Document/FIDrctDbt/CdtInstr/DrctDbtTxInf/DbtrAgt/FinInstnId/PstlAdr/BldgNb,BldgNb,Max16Text,0,1
pacs.010.001.06,/Document/FIDrctDbt/CdtInstr/DrctDbtTxInf/DbtrAgt/FinInstnId/PstlAdr/BldgNm,BldgNm,Max140Text,0,1
pacs.010.001.06,/Document/FIDrctDbt/CdtInstr/DrctDbtTxInf/DbtrAgt/FinInstnId/PstlAdr/Flr,Flr,Max70Text,0,1
pacs.010.001.06,/Document/FIDrctDbt/CdtInstr/DrctDbtTxInf/DbtrAgt/FinInstnId/PstlAdr/UnitNb,UnitNb,Max16Text,0,1
pacs.010.001.06,/Document/FIDrctDbt/CdtInstr/DrctDbtTxInf/DbtrAgt/FinInstnId/PstlAdr/PstBx,PstBx,Max16Text,0,1
pacs.010.001.06,/Document/FIDrctDbt/CdtInstr/DrctDbtTxInf/DbtrAgt/FinInstnId/PstlAdr/Room,Room,Max70Text,0,1
pacs.010.001.06,/Document/FIDrctDbt/CdtInstr/DrctDbtTxInf/DbtrAgt/FinInstnId/PstlAdr/PstCd,PstCd,Max16Text,0,1
pacs.010.001.06,/Document/FIDrctDbt/CdtInstr/DrctDbtTxInf/DbtrAgt/FinInstnId/PstlAdr/TwnNm,TwnNm,Max140Text,0,1
pacs.010.001.06,/Document/FIDrctDbt/CdtInstr/DrctDbtTxInf/DbtrAgt/FinInstnId/PstlAdr/TwnLctnNm,TwnLctnNm,Max140Text,0,1
pacs.010.001.06,/Document/FIDrctDbt/CdtInstr/DrctDbtTxInf/DbtrAgt/FinInstnId/PstlAdr/DstrctNm,DstrctNm,Max140Text,0,1
pacs.010.001.06,/Document/FIDrctDbt/CdtInstr/DrctDbtTxInf/DbtrAgt/FinInstnId/PstlAdr/CtrySubDvsn,CtrySubDvsn,Max35Text,0,1
pacs.010.001.06,/Document/FIDrctDbt/CdtInstr/DrctDbtTxInf/DbtrAgt/FinInstnId/PstlAdr/Ctry,Ctry,CountryCode,0,1
pacs.010.001.06,/Document/FIDrctDbt/CdtInstr/DrctDbtTxInf/DbtrAgt/FinInstnId/PstlAdr/AdrLine,AdrLine,Max70Text,0,7
pacs.010.001.06,/Document/FIDrctDbt/CdtInstr/DrctDbtTxInf/DbtrAgt/FinInstnId/Othr,Othr,GenericFinancialIdentification1,0,1
pacs.010.001.06,/Document/FIDrctDbt/CdtInstr/DrctDbtTxInf/DbtrAgt/FinInstnId/Othr/Id,Id,Max35Text,1,1
pacs.010.001.06,/Document/FIDrctDbt/CdtInstr/DrctDbtTxInf/DbtrAgt/FinInstnId/Othr/SchmeNm,SchmeNm,FinancialIdentificationSchemeName1Choice,0,1
pacs.010.001.06,/Document/FIDrctDbt/CdtInstr/DrctDbtTxInf/DbtrAgt/FinInstnId/Othr/SchmeNm/Cd,Cd,ExternalFinancialInstitutionIdentification1Code,1,1
pacs.010.001.06,/Document/FIDrctDbt/CdtInstr/DrctDbtTxInf/DbtrAgt/FinInstnId/Othr/SchmeNm/Prtry,Prtry,Max35Text,1,1
pacs.010.001.06,/Document/FIDrctDbt/CdtInstr/DrctDbtTxInf/DbtrAgt/FinInstnId/Othr/Issr,Issr,Max35Text,0,1
pacs.010.001.06,/Document/FIDrctDbt/CdtInstr/DrctDbtTxInf/DbtrAgt/BrnchId,BrnchId,BranchData5,0,1
pacs.010.001.06,/Document/FIDrctDbt/CdtInstr/DrctDbtTxInf/DbtrAgt/BrnchId/Id,Id,Max35Text,0,1
pacs.010.001.06,/Document/FIDrctDbt/CdtInstr/DrctDbtTxInf/DbtrAgt/BrnchId/LEI,LEI,LEIIdentifier,0,1
pacs.010.001.06,/Document/FIDrctDbt/CdtInstr/DrctDbtTxInf/DbtrAgt/BrnchId/Nm,Nm,Max140Text,0,1
pacs.010.001.06,/Document/FIDrctDbt/CdtInstr/DrctDbtTxInf/DbtrAgt/BrnchId/PstlAdr,PstlAdr,PostalAddress27,0,1
pacs.010.001.06,/Document/FIDrctDbt/CdtInstr/DrctDbtTxInf/DbtrAgt/BrnchId/PstlAdr/AdrTp,AdrTp,AddressType3Choice,0,1
pacs.010.001.06,/Document/FIDrctDbt/CdtInstr/DrctDbtTxInf/DbtrAgt/BrnchId/PstlAdr/AdrTp/Cd,Cd,AddressType2Code,1,1
pacs.010.001.06,/Document/FIDrctDbt/CdtInstr/DrctDbtTxInf/DbtrAgt/BrnchId/PstlAdr/AdrTp/Prtry,Prtry,GenericIdentification30,1,1
pacs.010.001.06,/Document/FIDrctDbt/CdtInstr/DrctDbtTxInf/DbtrAgt/BrnchId/PstlAdr/AdrTp/Prtry/Id,Id,Exact4AlphaNumericText,1,1
pacs.010.001.06,/Document/FIDrctDbt/CdtInstr/DrctDbtTxInf/DbtrAgt/BrnchId/PstlAdr/AdrTp/Prtry/Issr,Issr,Max35Text,1,1
pacs.010.001.06,/Document/FIDrctDbt/CdtInstr/DrctDbtTxInf/DbtrAgt/BrnchId/PstlAdr/AdrTp/Prtry/SchmeNm,SchmeNm,Max35Text,0,1
pacs.010.001.06,/Document/FIDrctDbt/CdtInstr/DrctDbtTxInf/DbtrAgt/BrnchId/PstlAdr/CareOf,CareOf,Max140Text,0,1
pacs.010.001.06,/Document/FIDrctDbt/CdtInstr/DrctDbtTxInf/DbtrAgt/BrnchId/PstlAdr/Dept,Dept,Max70Text,0,1
pacs.010.001.06,/Document/FIDrctDbt/CdtInstr/DrctDbtTxInf/DbtrAgt/BrnchId/PstlAdr/SubDept,SubDept,Max70Text,0,1
pacs.010.001.06,/Document/FIDrctDbt/CdtInstr/DrctDbtTxInf/DbtrAgt/BrnchId/PstlAdr/StrtNm,StrtNm,Max140Text,0,1
pacs.010.001.06,/Document/FIDrctDbt/CdtInstr/DrctDbtTxInf/DbtrAgt/BrnchId/PstlAdr/BldgNb,BldgNb,Max16Text,0,1
pacs.010.001.06,/Document/FIDrctDbt/CdtInstr/DrctDbtTxInf/DbtrAgt/BrnchId/PstlAdr/BldgNm,BldgNm,Max140Text,0,1
pacs.010.001.06,/Document/FIDrctDbt/CdtInstr/DrctDbtTxInf/DbtrAgt/BrnchId/PstlAdr/Flr,Flr,Max70Text,0,1
pacs.010.001.06,/Document/FIDrctDbt/CdtInstr/DrctDbtTxInf/DbtrAgt/BrnchId/PstlAdr/UnitNb,UnitNb,Max16Text,0,1
pacs.010.001.06,/Document/FIDrctDbt/CdtInstr/DrctDbtTxInf/DbtrAgt/BrnchId/PstlAdr/PstBx,PstBx,Max16Text,0,1
pacs.010.001.06,/Document/FIDrctDbt/CdtInstr/DrctDbtTxInf/DbtrAgt/BrnchId/PstlAdr/Room,Room,Max70Text,0,1
pacs.010.001.06,/Document/FIDrctDbt/CdtInstr/DrctDbtTxInf/DbtrAgt/BrnchId/PstlAdr/PstCd,PstCd,Max16Text,0,1
pacs.010.001.06,/Document/FIDrctDbt/CdtInstr/DrctDbtTxInf/DbtrAgt/BrnchId/PstlAdr/TwnNm,TwnNm,Max140Text,0,1
pacs.010.001.06,/Document/FIDrctDbt/CdtInstr/DrctDbtTxInf/DbtrAgt/BrnchId/PstlAdr/TwnLctnNm,TwnLctnNm,Max140Text,0,1
pacs.010.001.06,/Document/FIDrctDbt/CdtInstr/DrctDbtTxInf/DbtrAgt/BrnchId/PstlAdr/DstrctNm,DstrctNm,Max140Text,0,1
pacs.010.001.06,/Document/FIDrctDbt/CdtInstr/DrctDbtTxInf/DbtrAgt/BrnchId/PstlAdr/CtrySubDvsn,CtrySubDvsn,Max35Text,0,1
pacs.010.001.06,/Document/FIDrctDbt/CdtInstr/DrctDbtTxInf/DbtrAgt/BrnchId/PstlAdr/Ctry,Ctry,CountryCode,0,1
pacs.010.001.06,/Document/FIDrctDbt/CdtInstr/DrctDbtTxInf/DbtrAgt/BrnchId/PstlAdr/AdrLine,AdrLine,Max70Text,0,7
pacs.010.001.06,/Document/FIDrctDbt/CdtInstr/DrctDbtTxInf/DbtrAgtAcct,DbtrAgtAcct,CashAccount40,0,1
pacs.010.001.06,/Document/FIDrctDbt/CdtInstr/DrctDbtTxInf/DbtrAgtAcct/Id,Id,AccountIdentification4Choice,0,1
pacs.010.001.06,/Document/FIDrctDbt/CdtInstr/DrctDbtTxInf/DbtrAgtAcct/Id/IBAN,IBAN,IBAN2007Identifier,1,1
pacs.010.001.06,/Document/FIDrctDbt/CdtInstr/DrctDbtTxInf/DbtrAgtAcct/Id/Othr,Othr,GenericAccountIdentification1,1,1
pacs.010.001.06,/Document/FIDrctDbt/CdtInstr/DrctDbtTxInf/DbtrAgtAcct/Id/Othr/Id,Id,Max34Text,1,1
pacs.010.001.06,/Document/FIDrctDbt/CdtInstr/DrctDbtTxInf/DbtrAgtAcct/Id/Othr/SchmeNm,SchmeNm,AccountSchemeName1Choice,0,1
pacs.010.001.06,/Document/FIDrctDbt/CdtInstr/DrctDbtTxInf/DbtrAgtAcct/Id/Othr/SchmeNm/Cd,Cd,ExternalAccountIdentification1Code,1,1
pacs.010.001.06,/Document/FIDrctDbt/CdtInstr/DrctDbtTxInf/DbtrAgtAcct/Id/Othr/SchmeNm/Prtry,Prtry,Max35Text,1,1
pacs.010.001.06,/Document/FIDrctDbt/CdtInstr/DrctDbtTxInf/DbtrAgtAcct/Id/Othr/Issr,Issr,Max35Text,0,1
pacs.010.001.06,/Document/FIDrctDbt/CdtInstr/DrctDbtTxInf/DbtrAgtAcct/Tp,Tp,CashAccountType2Choice,0,1
pacs.010.001.06,/Document/FIDrctDbt/CdtInstr/DrctDbtTxInf/DbtrAgtAcct/Tp/Cd,Cd,ExternalCashAccountType1Code,1,1
pacs.010.001.06,/Document/FIDrctDbt/CdtInstr/DrctDbtTxInf/DbtrAgtAcct/Tp/Prtry,Prtry,Max35Text,1,1
pacs.010.001.06,/Document/FIDrctDbt/CdtInstr/DrctDbtTxInf/DbtrAgtAcct/Ccy,Ccy,ActiveOrHistoricCurrencyCode,0,1
pacs.010.001.06,/Document/FIDrctDbt/CdtInstr/DrctDbtTxInf/DbtrAgtAcct/Nm,Nm,Max70Text,0,1
pacs.010.001.06,/Document/FIDrctDbt/CdtInstr/DrctDbtTxInf/DbtrAgtAcct/Prxy,Prxy,ProxyAccountIdentification1,0,1
pacs.010.001.06,/Document/FIDrctDbt/CdtInstr/DrctDbtTxInf/DbtrAgtAcct/Prxy/Tp,Tp,ProxyAccountType1Choice,0,1
pacs.010.001.06,/Document/FIDrctDbt/CdtInstr/DrctDbtTxInf/DbtrAgtAcct/Prxy/Tp/Cd,Cd,ExternalProxyAccountType1Code,1,1
pacs.010.001.06,/Document/FIDrctDbt/CdtInstr/DrctDbtTxInf/DbtrAgtAcct/Prxy/Tp/Prtry,Prtry,Max35Text,1,1
pacs.010.001.06,/Document/FIDrctDbt/CdtInstr/DrctDbtTxInf/DbtrAgtAcct/Prxy/Id,Id,Max2048Text,1,1
pacs.010.001.06,/Document/FIDrctDbt/CdtInstr/DrctDbtTxInf/InstrForDbtrAgt,InstrForDbtrAgt,Max210Text,0,1
pacs.010.001.06,/Document/FIDrctDbt/CdtInstr/DrctDbtTxInf/Purp,Purp,Purpose2Choice,0,1
pacs.010.001.06,/Document/FIDrctDbt/CdtInstr/DrctDbtTxInf/Purp/Cd,Cd,ExternalPurpose1Code,1,1
pacs.010.001.06,/Document/FIDrctDbt/CdtInstr/DrctDbtTxInf/Purp/Prtry,Prtry,Max35Text,1,1
pacs.010.001.06,/Document/FIDrctDbt/CdtInstr/DrctDbtTxInf/RmtInf,RmtInf,RemittanceInformation2,0,1
pacs.010.001.06,/Document/FIDrctDbt/CdtInstr/DrctDbtTxInf/RmtInf/Ustrd,Ustrd,Max140Text,0,
pacs.010.001.06,/Document/FIDrctDbt/CdtInstr/SplmtryData,SplmtryData,SupplementaryData1,0,
pacs.010.001.06,/Document/FIDrctDbt/CdtInstr/SplmtryData/PlcAndNm,PlcAndNm,Max350Text,0,1
pacs.010.001.06,/Document/FIDrctDbt/CdtInstr/SplmtryData/Envlp,Envlp,SupplementaryDataEnvelope1,1,1
pacs.010.001.06,/Document/FIDrctDbt/SplmtryData,SplmtryData,SupplementaryData1,0,
pacs.010.001.06,/Document/FIDrctDbt/SplmtryData/PlcAndNm,PlcAndNm,Max350Text,0,1
pacs.010.001.06,/Document/FIDrctDbt/SplmtryData/Envlp,Envlp,SupplementaryDataEnvelope1,1,1
